[2025-07-01T01:07:15.979+0000] {processor.py:186} INFO - Started process (PID=117) to work on /home/airflow/.local/lib/python3.12/site-packages/airflow/example_dags/example_dynamic_task_mapping.py
[2025-07-01T01:07:15.982+0000] {processor.py:914} INFO - Processing file /home/airflow/.local/lib/python3.12/site-packages/airflow/example_dags/example_dynamic_task_mapping.py for tasks to queue
[2025-07-01T01:07:15.988+0000] {logging_mixin.py:190} INFO - [2025-07-01T01:07:15.987+0000] {dagbag.py:588} INFO - Filling up the DagBag from /home/airflow/.local/lib/python3.12/site-packages/airflow/example_dags/example_dynamic_task_mapping.py
[2025-07-01T01:07:16.008+0000] {processor.py:925} INFO - DAG(s) 'example_dynamic_task_mapping' retrieved from /home/airflow/.local/lib/python3.12/site-packages/airflow/example_dags/example_dynamic_task_mapping.py
[2025-07-01T01:07:16.202+0000] {logging_mixin.py:190} INFO - [2025-07-01T01:07:16.200+0000] {override.py:1900} INFO - Created Permission View: can delete on DAG:example_dynamic_task_mapping
[2025-07-01T01:07:16.226+0000] {logging_mixin.py:190} INFO - [2025-07-01T01:07:16.225+0000] {override.py:1900} INFO - Created Permission View: can edit on DAG:example_dynamic_task_mapping
[2025-07-01T01:07:16.242+0000] {logging_mixin.py:190} INFO - [2025-07-01T01:07:16.241+0000] {override.py:1900} INFO - Created Permission View: can read on DAG:example_dynamic_task_mapping
[2025-07-01T01:07:16.255+0000] {logging_mixin.py:190} INFO - [2025-07-01T01:07:16.255+0000] {override.py:1900} INFO - Created Permission View: can delete on DAG Run:example_dynamic_task_mapping
[2025-07-01T01:07:16.266+0000] {logging_mixin.py:190} INFO - [2025-07-01T01:07:16.266+0000] {override.py:1900} INFO - Created Permission View: menu access on DAG Run:example_dynamic_task_mapping
[2025-07-01T01:07:16.281+0000] {logging_mixin.py:190} INFO - [2025-07-01T01:07:16.280+0000] {override.py:1900} INFO - Created Permission View: can create on DAG Run:example_dynamic_task_mapping
[2025-07-01T01:07:16.294+0000] {logging_mixin.py:190} INFO - [2025-07-01T01:07:16.293+0000] {override.py:1900} INFO - Created Permission View: can read on DAG Run:example_dynamic_task_mapping
[2025-07-01T01:07:16.296+0000] {logging_mixin.py:190} INFO - [2025-07-01T01:07:16.295+0000] {dag.py:3239} INFO - Sync 1 DAGs
[2025-07-01T01:07:16.335+0000] {logging_mixin.py:190} INFO - [2025-07-01T01:07:16.335+0000] {dag.py:3262} INFO - Creating ORM DAG for example_dynamic_task_mapping
[2025-07-01T01:07:16.337+0000] {logging_mixin.py:190} INFO - [2025-07-01T01:07:16.337+0000] {dag.py:4180} INFO - Setting next_dagrun for example_dynamic_task_mapping to None, run_after=None
[2025-07-01T01:07:16.363+0000] {processor.py:208} INFO - Processing /home/airflow/.local/lib/python3.12/site-packages/airflow/example_dags/example_dynamic_task_mapping.py took 0.399 seconds
[2025-07-01T01:07:46.465+0000] {processor.py:186} INFO - Started process (PID=182) to work on /home/airflow/.local/lib/python3.12/site-packages/airflow/example_dags/example_dynamic_task_mapping.py
[2025-07-01T01:07:46.467+0000] {processor.py:914} INFO - Processing file /home/airflow/.local/lib/python3.12/site-packages/airflow/example_dags/example_dynamic_task_mapping.py for tasks to queue
[2025-07-01T01:07:46.471+0000] {logging_mixin.py:190} INFO - [2025-07-01T01:07:46.471+0000] {dagbag.py:588} INFO - Filling up the DagBag from /home/airflow/.local/lib/python3.12/site-packages/airflow/example_dags/example_dynamic_task_mapping.py
[2025-07-01T01:07:46.487+0000] {processor.py:925} INFO - DAG(s) 'example_dynamic_task_mapping' retrieved from /home/airflow/.local/lib/python3.12/site-packages/airflow/example_dags/example_dynamic_task_mapping.py
[2025-07-01T01:07:46.523+0000] {logging_mixin.py:190} INFO - [2025-07-01T01:07:46.522+0000] {dag.py:3239} INFO - Sync 1 DAGs
[2025-07-01T01:07:46.554+0000] {logging_mixin.py:190} INFO - [2025-07-01T01:07:46.553+0000] {dag.py:4180} INFO - Setting next_dagrun for example_dynamic_task_mapping to None, run_after=None
[2025-07-01T01:07:46.588+0000] {processor.py:208} INFO - Processing /home/airflow/.local/lib/python3.12/site-packages/airflow/example_dags/example_dynamic_task_mapping.py took 0.135 seconds
[2025-07-01T01:08:17.369+0000] {processor.py:186} INFO - Started process (PID=242) to work on /home/airflow/.local/lib/python3.12/site-packages/airflow/example_dags/example_dynamic_task_mapping.py
[2025-07-01T01:08:17.371+0000] {processor.py:914} INFO - Processing file /home/airflow/.local/lib/python3.12/site-packages/airflow/example_dags/example_dynamic_task_mapping.py for tasks to queue
[2025-07-01T01:08:17.374+0000] {logging_mixin.py:190} INFO - [2025-07-01T01:08:17.374+0000] {dagbag.py:588} INFO - Filling up the DagBag from /home/airflow/.local/lib/python3.12/site-packages/airflow/example_dags/example_dynamic_task_mapping.py
[2025-07-01T01:08:17.387+0000] {processor.py:925} INFO - DAG(s) 'example_dynamic_task_mapping' retrieved from /home/airflow/.local/lib/python3.12/site-packages/airflow/example_dags/example_dynamic_task_mapping.py
[2025-07-01T01:08:17.412+0000] {logging_mixin.py:190} INFO - [2025-07-01T01:08:17.411+0000] {dag.py:3239} INFO - Sync 1 DAGs
[2025-07-01T01:08:17.430+0000] {logging_mixin.py:190} INFO - [2025-07-01T01:08:17.430+0000] {dag.py:4180} INFO - Setting next_dagrun for example_dynamic_task_mapping to None, run_after=None
[2025-07-01T01:08:17.456+0000] {processor.py:208} INFO - Processing /home/airflow/.local/lib/python3.12/site-packages/airflow/example_dags/example_dynamic_task_mapping.py took 0.094 seconds
[2025-07-01T01:08:48.021+0000] {processor.py:186} INFO - Started process (PID=304) to work on /home/airflow/.local/lib/python3.12/site-packages/airflow/example_dags/example_dynamic_task_mapping.py
[2025-07-01T01:08:48.023+0000] {processor.py:914} INFO - Processing file /home/airflow/.local/lib/python3.12/site-packages/airflow/example_dags/example_dynamic_task_mapping.py for tasks to queue
[2025-07-01T01:08:48.026+0000] {logging_mixin.py:190} INFO - [2025-07-01T01:08:48.026+0000] {dagbag.py:588} INFO - Filling up the DagBag from /home/airflow/.local/lib/python3.12/site-packages/airflow/example_dags/example_dynamic_task_mapping.py
[2025-07-01T01:08:48.037+0000] {processor.py:925} INFO - DAG(s) 'example_dynamic_task_mapping' retrieved from /home/airflow/.local/lib/python3.12/site-packages/airflow/example_dags/example_dynamic_task_mapping.py
[2025-07-01T01:08:48.059+0000] {logging_mixin.py:190} INFO - [2025-07-01T01:08:48.058+0000] {dag.py:3239} INFO - Sync 1 DAGs
[2025-07-01T01:08:48.075+0000] {logging_mixin.py:190} INFO - [2025-07-01T01:08:48.075+0000] {dag.py:4180} INFO - Setting next_dagrun for example_dynamic_task_mapping to None, run_after=None
[2025-07-01T01:08:48.095+0000] {processor.py:208} INFO - Processing /home/airflow/.local/lib/python3.12/site-packages/airflow/example_dags/example_dynamic_task_mapping.py took 0.080 seconds
[2025-07-01T01:09:18.586+0000] {processor.py:186} INFO - Started process (PID=366) to work on /home/airflow/.local/lib/python3.12/site-packages/airflow/example_dags/example_dynamic_task_mapping.py
[2025-07-01T01:09:18.588+0000] {processor.py:914} INFO - Processing file /home/airflow/.local/lib/python3.12/site-packages/airflow/example_dags/example_dynamic_task_mapping.py for tasks to queue
[2025-07-01T01:09:18.591+0000] {logging_mixin.py:190} INFO - [2025-07-01T01:09:18.591+0000] {dagbag.py:588} INFO - Filling up the DagBag from /home/airflow/.local/lib/python3.12/site-packages/airflow/example_dags/example_dynamic_task_mapping.py
[2025-07-01T01:09:18.603+0000] {processor.py:925} INFO - DAG(s) 'example_dynamic_task_mapping' retrieved from /home/airflow/.local/lib/python3.12/site-packages/airflow/example_dags/example_dynamic_task_mapping.py
[2025-07-01T01:09:18.625+0000] {logging_mixin.py:190} INFO - [2025-07-01T01:09:18.625+0000] {dag.py:3239} INFO - Sync 1 DAGs
[2025-07-01T01:09:18.642+0000] {logging_mixin.py:190} INFO - [2025-07-01T01:09:18.641+0000] {dag.py:4180} INFO - Setting next_dagrun for example_dynamic_task_mapping to None, run_after=None
[2025-07-01T01:09:18.665+0000] {processor.py:208} INFO - Processing /home/airflow/.local/lib/python3.12/site-packages/airflow/example_dags/example_dynamic_task_mapping.py took 0.087 seconds
[2025-07-01T01:09:49.124+0000] {processor.py:186} INFO - Started process (PID=428) to work on /home/airflow/.local/lib/python3.12/site-packages/airflow/example_dags/example_dynamic_task_mapping.py
[2025-07-01T01:09:49.125+0000] {processor.py:914} INFO - Processing file /home/airflow/.local/lib/python3.12/site-packages/airflow/example_dags/example_dynamic_task_mapping.py for tasks to queue
[2025-07-01T01:09:49.128+0000] {logging_mixin.py:190} INFO - [2025-07-01T01:09:49.128+0000] {dagbag.py:588} INFO - Filling up the DagBag from /home/airflow/.local/lib/python3.12/site-packages/airflow/example_dags/example_dynamic_task_mapping.py
[2025-07-01T01:09:49.139+0000] {processor.py:925} INFO - DAG(s) 'example_dynamic_task_mapping' retrieved from /home/airflow/.local/lib/python3.12/site-packages/airflow/example_dags/example_dynamic_task_mapping.py
[2025-07-01T01:09:49.163+0000] {logging_mixin.py:190} INFO - [2025-07-01T01:09:49.163+0000] {dag.py:3239} INFO - Sync 1 DAGs
[2025-07-01T01:09:49.180+0000] {logging_mixin.py:190} INFO - [2025-07-01T01:09:49.180+0000] {dag.py:4180} INFO - Setting next_dagrun for example_dynamic_task_mapping to None, run_after=None
[2025-07-01T01:09:49.204+0000] {processor.py:208} INFO - Processing /home/airflow/.local/lib/python3.12/site-packages/airflow/example_dags/example_dynamic_task_mapping.py took 0.088 seconds
[2025-07-01T01:10:19.625+0000] {processor.py:186} INFO - Started process (PID=490) to work on /home/airflow/.local/lib/python3.12/site-packages/airflow/example_dags/example_dynamic_task_mapping.py
[2025-07-01T01:10:19.626+0000] {processor.py:914} INFO - Processing file /home/airflow/.local/lib/python3.12/site-packages/airflow/example_dags/example_dynamic_task_mapping.py for tasks to queue
[2025-07-01T01:10:19.629+0000] {logging_mixin.py:190} INFO - [2025-07-01T01:10:19.629+0000] {dagbag.py:588} INFO - Filling up the DagBag from /home/airflow/.local/lib/python3.12/site-packages/airflow/example_dags/example_dynamic_task_mapping.py
[2025-07-01T01:10:19.639+0000] {processor.py:925} INFO - DAG(s) 'example_dynamic_task_mapping' retrieved from /home/airflow/.local/lib/python3.12/site-packages/airflow/example_dags/example_dynamic_task_mapping.py
[2025-07-01T01:10:19.662+0000] {logging_mixin.py:190} INFO - [2025-07-01T01:10:19.662+0000] {dag.py:3239} INFO - Sync 1 DAGs
[2025-07-01T01:10:19.678+0000] {logging_mixin.py:190} INFO - [2025-07-01T01:10:19.677+0000] {dag.py:4180} INFO - Setting next_dagrun for example_dynamic_task_mapping to None, run_after=None
[2025-07-01T01:10:19.699+0000] {processor.py:208} INFO - Processing /home/airflow/.local/lib/python3.12/site-packages/airflow/example_dags/example_dynamic_task_mapping.py took 0.081 seconds
[2025-07-01T01:10:50.017+0000] {processor.py:186} INFO - Started process (PID=552) to work on /home/airflow/.local/lib/python3.12/site-packages/airflow/example_dags/example_dynamic_task_mapping.py
[2025-07-01T01:10:50.018+0000] {processor.py:914} INFO - Processing file /home/airflow/.local/lib/python3.12/site-packages/airflow/example_dags/example_dynamic_task_mapping.py for tasks to queue
[2025-07-01T01:10:50.021+0000] {logging_mixin.py:190} INFO - [2025-07-01T01:10:50.021+0000] {dagbag.py:588} INFO - Filling up the DagBag from /home/airflow/.local/lib/python3.12/site-packages/airflow/example_dags/example_dynamic_task_mapping.py
[2025-07-01T01:10:50.033+0000] {processor.py:925} INFO - DAG(s) 'example_dynamic_task_mapping' retrieved from /home/airflow/.local/lib/python3.12/site-packages/airflow/example_dags/example_dynamic_task_mapping.py
[2025-07-01T01:10:50.057+0000] {logging_mixin.py:190} INFO - [2025-07-01T01:10:50.056+0000] {dag.py:3239} INFO - Sync 1 DAGs
[2025-07-01T01:10:50.075+0000] {logging_mixin.py:190} INFO - [2025-07-01T01:10:50.074+0000] {dag.py:4180} INFO - Setting next_dagrun for example_dynamic_task_mapping to None, run_after=None
[2025-07-01T01:10:50.097+0000] {processor.py:208} INFO - Processing /home/airflow/.local/lib/python3.12/site-packages/airflow/example_dags/example_dynamic_task_mapping.py took 0.088 seconds
[2025-07-01T01:11:20.870+0000] {processor.py:186} INFO - Started process (PID=614) to work on /home/airflow/.local/lib/python3.12/site-packages/airflow/example_dags/example_dynamic_task_mapping.py
[2025-07-01T01:11:20.871+0000] {processor.py:914} INFO - Processing file /home/airflow/.local/lib/python3.12/site-packages/airflow/example_dags/example_dynamic_task_mapping.py for tasks to queue
[2025-07-01T01:11:20.875+0000] {logging_mixin.py:190} INFO - [2025-07-01T01:11:20.874+0000] {dagbag.py:588} INFO - Filling up the DagBag from /home/airflow/.local/lib/python3.12/site-packages/airflow/example_dags/example_dynamic_task_mapping.py
[2025-07-01T01:11:20.886+0000] {processor.py:925} INFO - DAG(s) 'example_dynamic_task_mapping' retrieved from /home/airflow/.local/lib/python3.12/site-packages/airflow/example_dags/example_dynamic_task_mapping.py
[2025-07-01T01:11:20.915+0000] {logging_mixin.py:190} INFO - [2025-07-01T01:11:20.914+0000] {dag.py:3239} INFO - Sync 1 DAGs
[2025-07-01T01:11:20.941+0000] {logging_mixin.py:190} INFO - [2025-07-01T01:11:20.940+0000] {dag.py:4180} INFO - Setting next_dagrun for example_dynamic_task_mapping to None, run_after=None
[2025-07-01T01:11:20.964+0000] {processor.py:208} INFO - Processing /home/airflow/.local/lib/python3.12/site-packages/airflow/example_dags/example_dynamic_task_mapping.py took 0.102 seconds
[2025-07-01T01:11:51.239+0000] {processor.py:186} INFO - Started process (PID=676) to work on /home/airflow/.local/lib/python3.12/site-packages/airflow/example_dags/example_dynamic_task_mapping.py
[2025-07-01T01:11:51.241+0000] {processor.py:914} INFO - Processing file /home/airflow/.local/lib/python3.12/site-packages/airflow/example_dags/example_dynamic_task_mapping.py for tasks to queue
[2025-07-01T01:11:51.243+0000] {logging_mixin.py:190} INFO - [2025-07-01T01:11:51.243+0000] {dagbag.py:588} INFO - Filling up the DagBag from /home/airflow/.local/lib/python3.12/site-packages/airflow/example_dags/example_dynamic_task_mapping.py
[2025-07-01T01:11:51.254+0000] {processor.py:925} INFO - DAG(s) 'example_dynamic_task_mapping' retrieved from /home/airflow/.local/lib/python3.12/site-packages/airflow/example_dags/example_dynamic_task_mapping.py
[2025-07-01T01:11:51.277+0000] {logging_mixin.py:190} INFO - [2025-07-01T01:11:51.277+0000] {dag.py:3239} INFO - Sync 1 DAGs
[2025-07-01T01:11:51.294+0000] {logging_mixin.py:190} INFO - [2025-07-01T01:11:51.294+0000] {dag.py:4180} INFO - Setting next_dagrun for example_dynamic_task_mapping to None, run_after=None
[2025-07-01T01:11:51.316+0000] {processor.py:208} INFO - Processing /home/airflow/.local/lib/python3.12/site-packages/airflow/example_dags/example_dynamic_task_mapping.py took 0.084 seconds
[2025-07-01T01:12:21.651+0000] {processor.py:186} INFO - Started process (PID=739) to work on /home/airflow/.local/lib/python3.12/site-packages/airflow/example_dags/example_dynamic_task_mapping.py
[2025-07-01T01:12:21.653+0000] {processor.py:914} INFO - Processing file /home/airflow/.local/lib/python3.12/site-packages/airflow/example_dags/example_dynamic_task_mapping.py for tasks to queue
[2025-07-01T01:12:21.656+0000] {logging_mixin.py:190} INFO - [2025-07-01T01:12:21.656+0000] {dagbag.py:588} INFO - Filling up the DagBag from /home/airflow/.local/lib/python3.12/site-packages/airflow/example_dags/example_dynamic_task_mapping.py
[2025-07-01T01:12:21.667+0000] {processor.py:925} INFO - DAG(s) 'example_dynamic_task_mapping' retrieved from /home/airflow/.local/lib/python3.12/site-packages/airflow/example_dags/example_dynamic_task_mapping.py
[2025-07-01T01:12:21.695+0000] {logging_mixin.py:190} INFO - [2025-07-01T01:12:21.694+0000] {dag.py:3239} INFO - Sync 1 DAGs
[2025-07-01T01:12:21.714+0000] {logging_mixin.py:190} INFO - [2025-07-01T01:12:21.714+0000] {dag.py:4180} INFO - Setting next_dagrun for example_dynamic_task_mapping to None, run_after=None
[2025-07-01T01:12:21.737+0000] {processor.py:208} INFO - Processing /home/airflow/.local/lib/python3.12/site-packages/airflow/example_dags/example_dynamic_task_mapping.py took 0.093 seconds
[2025-07-01T01:12:52.428+0000] {processor.py:186} INFO - Started process (PID=807) to work on /home/airflow/.local/lib/python3.12/site-packages/airflow/example_dags/example_dynamic_task_mapping.py
[2025-07-01T01:12:52.429+0000] {processor.py:914} INFO - Processing file /home/airflow/.local/lib/python3.12/site-packages/airflow/example_dags/example_dynamic_task_mapping.py for tasks to queue
[2025-07-01T01:12:52.433+0000] {logging_mixin.py:190} INFO - [2025-07-01T01:12:52.432+0000] {dagbag.py:588} INFO - Filling up the DagBag from /home/airflow/.local/lib/python3.12/site-packages/airflow/example_dags/example_dynamic_task_mapping.py
[2025-07-01T01:12:52.446+0000] {processor.py:925} INFO - DAG(s) 'example_dynamic_task_mapping' retrieved from /home/airflow/.local/lib/python3.12/site-packages/airflow/example_dags/example_dynamic_task_mapping.py
[2025-07-01T01:12:52.479+0000] {logging_mixin.py:190} INFO - [2025-07-01T01:12:52.479+0000] {dag.py:3239} INFO - Sync 1 DAGs
[2025-07-01T01:12:52.497+0000] {logging_mixin.py:190} INFO - [2025-07-01T01:12:52.497+0000] {dag.py:4180} INFO - Setting next_dagrun for example_dynamic_task_mapping to None, run_after=None
[2025-07-01T01:12:52.527+0000] {processor.py:208} INFO - Processing /home/airflow/.local/lib/python3.12/site-packages/airflow/example_dags/example_dynamic_task_mapping.py took 0.110 seconds
[2025-07-01T01:13:22.629+0000] {processor.py:186} INFO - Started process (PID=870) to work on /home/airflow/.local/lib/python3.12/site-packages/airflow/example_dags/example_dynamic_task_mapping.py
[2025-07-01T01:13:22.630+0000] {processor.py:914} INFO - Processing file /home/airflow/.local/lib/python3.12/site-packages/airflow/example_dags/example_dynamic_task_mapping.py for tasks to queue
[2025-07-01T01:13:22.634+0000] {logging_mixin.py:190} INFO - [2025-07-01T01:13:22.633+0000] {dagbag.py:588} INFO - Filling up the DagBag from /home/airflow/.local/lib/python3.12/site-packages/airflow/example_dags/example_dynamic_task_mapping.py
[2025-07-01T01:13:22.647+0000] {processor.py:925} INFO - DAG(s) 'example_dynamic_task_mapping' retrieved from /home/airflow/.local/lib/python3.12/site-packages/airflow/example_dags/example_dynamic_task_mapping.py
[2025-07-01T01:13:22.679+0000] {logging_mixin.py:190} INFO - [2025-07-01T01:13:22.678+0000] {dag.py:3239} INFO - Sync 1 DAGs
[2025-07-01T01:13:22.697+0000] {logging_mixin.py:190} INFO - [2025-07-01T01:13:22.697+0000] {dag.py:4180} INFO - Setting next_dagrun for example_dynamic_task_mapping to None, run_after=None
[2025-07-01T01:13:22.720+0000] {processor.py:208} INFO - Processing /home/airflow/.local/lib/python3.12/site-packages/airflow/example_dags/example_dynamic_task_mapping.py took 0.098 seconds
[2025-07-01T01:13:53.136+0000] {processor.py:186} INFO - Started process (PID=932) to work on /home/airflow/.local/lib/python3.12/site-packages/airflow/example_dags/example_dynamic_task_mapping.py
[2025-07-01T01:13:53.138+0000] {processor.py:914} INFO - Processing file /home/airflow/.local/lib/python3.12/site-packages/airflow/example_dags/example_dynamic_task_mapping.py for tasks to queue
[2025-07-01T01:13:53.141+0000] {logging_mixin.py:190} INFO - [2025-07-01T01:13:53.140+0000] {dagbag.py:588} INFO - Filling up the DagBag from /home/airflow/.local/lib/python3.12/site-packages/airflow/example_dags/example_dynamic_task_mapping.py
[2025-07-01T01:13:53.151+0000] {processor.py:925} INFO - DAG(s) 'example_dynamic_task_mapping' retrieved from /home/airflow/.local/lib/python3.12/site-packages/airflow/example_dags/example_dynamic_task_mapping.py
[2025-07-01T01:13:53.174+0000] {logging_mixin.py:190} INFO - [2025-07-01T01:13:53.173+0000] {dag.py:3239} INFO - Sync 1 DAGs
[2025-07-01T01:13:53.189+0000] {logging_mixin.py:190} INFO - [2025-07-01T01:13:53.189+0000] {dag.py:4180} INFO - Setting next_dagrun for example_dynamic_task_mapping to None, run_after=None
[2025-07-01T01:13:53.209+0000] {processor.py:208} INFO - Processing /home/airflow/.local/lib/python3.12/site-packages/airflow/example_dags/example_dynamic_task_mapping.py took 0.080 seconds
[2025-07-01T01:14:23.572+0000] {processor.py:186} INFO - Started process (PID=994) to work on /home/airflow/.local/lib/python3.12/site-packages/airflow/example_dags/example_dynamic_task_mapping.py
[2025-07-01T01:14:23.574+0000] {processor.py:914} INFO - Processing file /home/airflow/.local/lib/python3.12/site-packages/airflow/example_dags/example_dynamic_task_mapping.py for tasks to queue
[2025-07-01T01:14:23.577+0000] {logging_mixin.py:190} INFO - [2025-07-01T01:14:23.577+0000] {dagbag.py:588} INFO - Filling up the DagBag from /home/airflow/.local/lib/python3.12/site-packages/airflow/example_dags/example_dynamic_task_mapping.py
[2025-07-01T01:14:23.588+0000] {processor.py:925} INFO - DAG(s) 'example_dynamic_task_mapping' retrieved from /home/airflow/.local/lib/python3.12/site-packages/airflow/example_dags/example_dynamic_task_mapping.py
[2025-07-01T01:14:23.612+0000] {logging_mixin.py:190} INFO - [2025-07-01T01:14:23.611+0000] {dag.py:3239} INFO - Sync 1 DAGs
[2025-07-01T01:14:23.628+0000] {logging_mixin.py:190} INFO - [2025-07-01T01:14:23.628+0000] {dag.py:4180} INFO - Setting next_dagrun for example_dynamic_task_mapping to None, run_after=None
[2025-07-01T01:14:23.649+0000] {processor.py:208} INFO - Processing /home/airflow/.local/lib/python3.12/site-packages/airflow/example_dags/example_dynamic_task_mapping.py took 0.084 seconds
[2025-07-01T01:14:53.993+0000] {processor.py:186} INFO - Started process (PID=1056) to work on /home/airflow/.local/lib/python3.12/site-packages/airflow/example_dags/example_dynamic_task_mapping.py
[2025-07-01T01:14:53.994+0000] {processor.py:914} INFO - Processing file /home/airflow/.local/lib/python3.12/site-packages/airflow/example_dags/example_dynamic_task_mapping.py for tasks to queue
[2025-07-01T01:14:53.997+0000] {logging_mixin.py:190} INFO - [2025-07-01T01:14:53.996+0000] {dagbag.py:588} INFO - Filling up the DagBag from /home/airflow/.local/lib/python3.12/site-packages/airflow/example_dags/example_dynamic_task_mapping.py
[2025-07-01T01:14:54.009+0000] {processor.py:925} INFO - DAG(s) 'example_dynamic_task_mapping' retrieved from /home/airflow/.local/lib/python3.12/site-packages/airflow/example_dags/example_dynamic_task_mapping.py
[2025-07-01T01:14:54.035+0000] {logging_mixin.py:190} INFO - [2025-07-01T01:14:54.034+0000] {dag.py:3239} INFO - Sync 1 DAGs
[2025-07-01T01:14:54.055+0000] {logging_mixin.py:190} INFO - [2025-07-01T01:14:54.054+0000] {dag.py:4180} INFO - Setting next_dagrun for example_dynamic_task_mapping to None, run_after=None
[2025-07-01T01:14:54.078+0000] {processor.py:208} INFO - Processing /home/airflow/.local/lib/python3.12/site-packages/airflow/example_dags/example_dynamic_task_mapping.py took 0.093 seconds
[2025-07-01T01:15:24.386+0000] {processor.py:186} INFO - Started process (PID=1118) to work on /home/airflow/.local/lib/python3.12/site-packages/airflow/example_dags/example_dynamic_task_mapping.py
[2025-07-01T01:15:24.388+0000] {processor.py:914} INFO - Processing file /home/airflow/.local/lib/python3.12/site-packages/airflow/example_dags/example_dynamic_task_mapping.py for tasks to queue
[2025-07-01T01:15:24.392+0000] {logging_mixin.py:190} INFO - [2025-07-01T01:15:24.391+0000] {dagbag.py:588} INFO - Filling up the DagBag from /home/airflow/.local/lib/python3.12/site-packages/airflow/example_dags/example_dynamic_task_mapping.py
[2025-07-01T01:15:24.414+0000] {processor.py:925} INFO - DAG(s) 'example_dynamic_task_mapping' retrieved from /home/airflow/.local/lib/python3.12/site-packages/airflow/example_dags/example_dynamic_task_mapping.py
[2025-07-01T01:15:24.440+0000] {logging_mixin.py:190} INFO - [2025-07-01T01:15:24.440+0000] {dag.py:3239} INFO - Sync 1 DAGs
[2025-07-01T01:15:24.457+0000] {logging_mixin.py:190} INFO - [2025-07-01T01:15:24.457+0000] {dag.py:4180} INFO - Setting next_dagrun for example_dynamic_task_mapping to None, run_after=None
[2025-07-01T01:15:24.477+0000] {processor.py:208} INFO - Processing /home/airflow/.local/lib/python3.12/site-packages/airflow/example_dags/example_dynamic_task_mapping.py took 0.099 seconds
[2025-07-01T01:15:54.595+0000] {processor.py:186} INFO - Started process (PID=1180) to work on /home/airflow/.local/lib/python3.12/site-packages/airflow/example_dags/example_dynamic_task_mapping.py
[2025-07-01T01:15:54.596+0000] {processor.py:914} INFO - Processing file /home/airflow/.local/lib/python3.12/site-packages/airflow/example_dags/example_dynamic_task_mapping.py for tasks to queue
[2025-07-01T01:15:54.599+0000] {logging_mixin.py:190} INFO - [2025-07-01T01:15:54.598+0000] {dagbag.py:588} INFO - Filling up the DagBag from /home/airflow/.local/lib/python3.12/site-packages/airflow/example_dags/example_dynamic_task_mapping.py
[2025-07-01T01:15:54.609+0000] {processor.py:925} INFO - DAG(s) 'example_dynamic_task_mapping' retrieved from /home/airflow/.local/lib/python3.12/site-packages/airflow/example_dags/example_dynamic_task_mapping.py
[2025-07-01T01:15:54.631+0000] {logging_mixin.py:190} INFO - [2025-07-01T01:15:54.631+0000] {dag.py:3239} INFO - Sync 1 DAGs
[2025-07-01T01:15:54.646+0000] {logging_mixin.py:190} INFO - [2025-07-01T01:15:54.646+0000] {dag.py:4180} INFO - Setting next_dagrun for example_dynamic_task_mapping to None, run_after=None
[2025-07-01T01:15:54.665+0000] {processor.py:208} INFO - Processing /home/airflow/.local/lib/python3.12/site-packages/airflow/example_dags/example_dynamic_task_mapping.py took 0.077 seconds
[2025-07-01T01:16:24.766+0000] {processor.py:186} INFO - Started process (PID=1242) to work on /home/airflow/.local/lib/python3.12/site-packages/airflow/example_dags/example_dynamic_task_mapping.py
[2025-07-01T01:16:24.767+0000] {processor.py:914} INFO - Processing file /home/airflow/.local/lib/python3.12/site-packages/airflow/example_dags/example_dynamic_task_mapping.py for tasks to queue
[2025-07-01T01:16:24.770+0000] {logging_mixin.py:190} INFO - [2025-07-01T01:16:24.770+0000] {dagbag.py:588} INFO - Filling up the DagBag from /home/airflow/.local/lib/python3.12/site-packages/airflow/example_dags/example_dynamic_task_mapping.py
[2025-07-01T01:16:24.780+0000] {processor.py:925} INFO - DAG(s) 'example_dynamic_task_mapping' retrieved from /home/airflow/.local/lib/python3.12/site-packages/airflow/example_dags/example_dynamic_task_mapping.py
[2025-07-01T01:16:24.802+0000] {logging_mixin.py:190} INFO - [2025-07-01T01:16:24.802+0000] {dag.py:3239} INFO - Sync 1 DAGs
[2025-07-01T01:16:24.817+0000] {logging_mixin.py:190} INFO - [2025-07-01T01:16:24.817+0000] {dag.py:4180} INFO - Setting next_dagrun for example_dynamic_task_mapping to None, run_after=None
[2025-07-01T01:16:24.835+0000] {processor.py:208} INFO - Processing /home/airflow/.local/lib/python3.12/site-packages/airflow/example_dags/example_dynamic_task_mapping.py took 0.076 seconds
[2025-07-01T01:16:55.263+0000] {processor.py:186} INFO - Started process (PID=1304) to work on /home/airflow/.local/lib/python3.12/site-packages/airflow/example_dags/example_dynamic_task_mapping.py
[2025-07-01T01:16:55.264+0000] {processor.py:914} INFO - Processing file /home/airflow/.local/lib/python3.12/site-packages/airflow/example_dags/example_dynamic_task_mapping.py for tasks to queue
[2025-07-01T01:16:55.267+0000] {logging_mixin.py:190} INFO - [2025-07-01T01:16:55.267+0000] {dagbag.py:588} INFO - Filling up the DagBag from /home/airflow/.local/lib/python3.12/site-packages/airflow/example_dags/example_dynamic_task_mapping.py
[2025-07-01T01:16:55.278+0000] {processor.py:925} INFO - DAG(s) 'example_dynamic_task_mapping' retrieved from /home/airflow/.local/lib/python3.12/site-packages/airflow/example_dags/example_dynamic_task_mapping.py
[2025-07-01T01:16:55.300+0000] {logging_mixin.py:190} INFO - [2025-07-01T01:16:55.300+0000] {dag.py:3239} INFO - Sync 1 DAGs
[2025-07-01T01:16:55.316+0000] {logging_mixin.py:190} INFO - [2025-07-01T01:16:55.316+0000] {dag.py:4180} INFO - Setting next_dagrun for example_dynamic_task_mapping to None, run_after=None
[2025-07-01T01:16:55.337+0000] {processor.py:208} INFO - Processing /home/airflow/.local/lib/python3.12/site-packages/airflow/example_dags/example_dynamic_task_mapping.py took 0.081 seconds
[2025-07-01T01:17:25.902+0000] {processor.py:186} INFO - Started process (PID=1366) to work on /home/airflow/.local/lib/python3.12/site-packages/airflow/example_dags/example_dynamic_task_mapping.py
[2025-07-01T01:17:25.904+0000] {processor.py:914} INFO - Processing file /home/airflow/.local/lib/python3.12/site-packages/airflow/example_dags/example_dynamic_task_mapping.py for tasks to queue
[2025-07-01T01:17:25.907+0000] {logging_mixin.py:190} INFO - [2025-07-01T01:17:25.906+0000] {dagbag.py:588} INFO - Filling up the DagBag from /home/airflow/.local/lib/python3.12/site-packages/airflow/example_dags/example_dynamic_task_mapping.py
[2025-07-01T01:17:25.918+0000] {processor.py:925} INFO - DAG(s) 'example_dynamic_task_mapping' retrieved from /home/airflow/.local/lib/python3.12/site-packages/airflow/example_dags/example_dynamic_task_mapping.py
[2025-07-01T01:17:25.945+0000] {logging_mixin.py:190} INFO - [2025-07-01T01:17:25.944+0000] {dag.py:3239} INFO - Sync 1 DAGs
[2025-07-01T01:17:25.962+0000] {logging_mixin.py:190} INFO - [2025-07-01T01:17:25.961+0000] {dag.py:4180} INFO - Setting next_dagrun for example_dynamic_task_mapping to None, run_after=None
[2025-07-01T01:17:25.983+0000] {processor.py:208} INFO - Processing /home/airflow/.local/lib/python3.12/site-packages/airflow/example_dags/example_dynamic_task_mapping.py took 0.088 seconds
[2025-07-01T01:17:56.264+0000] {processor.py:186} INFO - Started process (PID=1428) to work on /home/airflow/.local/lib/python3.12/site-packages/airflow/example_dags/example_dynamic_task_mapping.py
[2025-07-01T01:17:56.265+0000] {processor.py:914} INFO - Processing file /home/airflow/.local/lib/python3.12/site-packages/airflow/example_dags/example_dynamic_task_mapping.py for tasks to queue
[2025-07-01T01:17:56.269+0000] {logging_mixin.py:190} INFO - [2025-07-01T01:17:56.268+0000] {dagbag.py:588} INFO - Filling up the DagBag from /home/airflow/.local/lib/python3.12/site-packages/airflow/example_dags/example_dynamic_task_mapping.py
[2025-07-01T01:17:56.278+0000] {processor.py:925} INFO - DAG(s) 'example_dynamic_task_mapping' retrieved from /home/airflow/.local/lib/python3.12/site-packages/airflow/example_dags/example_dynamic_task_mapping.py
[2025-07-01T01:17:56.300+0000] {logging_mixin.py:190} INFO - [2025-07-01T01:17:56.300+0000] {dag.py:3239} INFO - Sync 1 DAGs
[2025-07-01T01:17:56.316+0000] {logging_mixin.py:190} INFO - [2025-07-01T01:17:56.316+0000] {dag.py:4180} INFO - Setting next_dagrun for example_dynamic_task_mapping to None, run_after=None
[2025-07-01T01:17:56.337+0000] {processor.py:208} INFO - Processing /home/airflow/.local/lib/python3.12/site-packages/airflow/example_dags/example_dynamic_task_mapping.py took 0.080 seconds
[2025-07-01T01:18:26.685+0000] {processor.py:186} INFO - Started process (PID=1490) to work on /home/airflow/.local/lib/python3.12/site-packages/airflow/example_dags/example_dynamic_task_mapping.py
[2025-07-01T01:18:26.686+0000] {processor.py:914} INFO - Processing file /home/airflow/.local/lib/python3.12/site-packages/airflow/example_dags/example_dynamic_task_mapping.py for tasks to queue
[2025-07-01T01:18:26.689+0000] {logging_mixin.py:190} INFO - [2025-07-01T01:18:26.689+0000] {dagbag.py:588} INFO - Filling up the DagBag from /home/airflow/.local/lib/python3.12/site-packages/airflow/example_dags/example_dynamic_task_mapping.py
[2025-07-01T01:18:26.699+0000] {processor.py:925} INFO - DAG(s) 'example_dynamic_task_mapping' retrieved from /home/airflow/.local/lib/python3.12/site-packages/airflow/example_dags/example_dynamic_task_mapping.py
[2025-07-01T01:18:26.725+0000] {logging_mixin.py:190} INFO - [2025-07-01T01:18:26.725+0000] {dag.py:3239} INFO - Sync 1 DAGs
[2025-07-01T01:18:26.740+0000] {logging_mixin.py:190} INFO - [2025-07-01T01:18:26.740+0000] {dag.py:4180} INFO - Setting next_dagrun for example_dynamic_task_mapping to None, run_after=None
[2025-07-01T01:18:26.760+0000] {processor.py:208} INFO - Processing /home/airflow/.local/lib/python3.12/site-packages/airflow/example_dags/example_dynamic_task_mapping.py took 0.082 seconds
[2025-07-01T01:18:57.003+0000] {processor.py:186} INFO - Started process (PID=1552) to work on /home/airflow/.local/lib/python3.12/site-packages/airflow/example_dags/example_dynamic_task_mapping.py
[2025-07-01T01:18:57.004+0000] {processor.py:914} INFO - Processing file /home/airflow/.local/lib/python3.12/site-packages/airflow/example_dags/example_dynamic_task_mapping.py for tasks to queue
[2025-07-01T01:18:57.007+0000] {logging_mixin.py:190} INFO - [2025-07-01T01:18:57.007+0000] {dagbag.py:588} INFO - Filling up the DagBag from /home/airflow/.local/lib/python3.12/site-packages/airflow/example_dags/example_dynamic_task_mapping.py
[2025-07-01T01:18:57.018+0000] {processor.py:925} INFO - DAG(s) 'example_dynamic_task_mapping' retrieved from /home/airflow/.local/lib/python3.12/site-packages/airflow/example_dags/example_dynamic_task_mapping.py
[2025-07-01T01:18:57.042+0000] {logging_mixin.py:190} INFO - [2025-07-01T01:18:57.042+0000] {dag.py:3239} INFO - Sync 1 DAGs
[2025-07-01T01:18:57.062+0000] {logging_mixin.py:190} INFO - [2025-07-01T01:18:57.061+0000] {dag.py:4180} INFO - Setting next_dagrun for example_dynamic_task_mapping to None, run_after=None
[2025-07-01T01:18:57.090+0000] {processor.py:208} INFO - Processing /home/airflow/.local/lib/python3.12/site-packages/airflow/example_dags/example_dynamic_task_mapping.py took 0.096 seconds
[2025-07-01T01:19:27.273+0000] {processor.py:186} INFO - Started process (PID=1614) to work on /home/airflow/.local/lib/python3.12/site-packages/airflow/example_dags/example_dynamic_task_mapping.py
[2025-07-01T01:19:27.274+0000] {processor.py:914} INFO - Processing file /home/airflow/.local/lib/python3.12/site-packages/airflow/example_dags/example_dynamic_task_mapping.py for tasks to queue
[2025-07-01T01:19:27.277+0000] {logging_mixin.py:190} INFO - [2025-07-01T01:19:27.277+0000] {dagbag.py:588} INFO - Filling up the DagBag from /home/airflow/.local/lib/python3.12/site-packages/airflow/example_dags/example_dynamic_task_mapping.py
[2025-07-01T01:19:27.291+0000] {processor.py:925} INFO - DAG(s) 'example_dynamic_task_mapping' retrieved from /home/airflow/.local/lib/python3.12/site-packages/airflow/example_dags/example_dynamic_task_mapping.py
[2025-07-01T01:19:27.325+0000] {logging_mixin.py:190} INFO - [2025-07-01T01:19:27.325+0000] {dag.py:3239} INFO - Sync 1 DAGs
[2025-07-01T01:19:27.350+0000] {logging_mixin.py:190} INFO - [2025-07-01T01:19:27.350+0000] {dag.py:4180} INFO - Setting next_dagrun for example_dynamic_task_mapping to None, run_after=None
[2025-07-01T01:19:27.379+0000] {processor.py:208} INFO - Processing /home/airflow/.local/lib/python3.12/site-packages/airflow/example_dags/example_dynamic_task_mapping.py took 0.116 seconds
[2025-07-01T01:19:57.607+0000] {processor.py:186} INFO - Started process (PID=1676) to work on /home/airflow/.local/lib/python3.12/site-packages/airflow/example_dags/example_dynamic_task_mapping.py
[2025-07-01T01:19:57.608+0000] {processor.py:914} INFO - Processing file /home/airflow/.local/lib/python3.12/site-packages/airflow/example_dags/example_dynamic_task_mapping.py for tasks to queue
[2025-07-01T01:19:57.612+0000] {logging_mixin.py:190} INFO - [2025-07-01T01:19:57.611+0000] {dagbag.py:588} INFO - Filling up the DagBag from /home/airflow/.local/lib/python3.12/site-packages/airflow/example_dags/example_dynamic_task_mapping.py
[2025-07-01T01:19:57.628+0000] {processor.py:925} INFO - DAG(s) 'example_dynamic_task_mapping' retrieved from /home/airflow/.local/lib/python3.12/site-packages/airflow/example_dags/example_dynamic_task_mapping.py
[2025-07-01T01:19:57.655+0000] {logging_mixin.py:190} INFO - [2025-07-01T01:19:57.655+0000] {dag.py:3239} INFO - Sync 1 DAGs
[2025-07-01T01:19:57.675+0000] {logging_mixin.py:190} INFO - [2025-07-01T01:19:57.675+0000] {dag.py:4180} INFO - Setting next_dagrun for example_dynamic_task_mapping to None, run_after=None
[2025-07-01T01:19:57.700+0000] {processor.py:208} INFO - Processing /home/airflow/.local/lib/python3.12/site-packages/airflow/example_dags/example_dynamic_task_mapping.py took 0.100 seconds
[2025-07-01T01:20:28.207+0000] {processor.py:186} INFO - Started process (PID=1738) to work on /home/airflow/.local/lib/python3.12/site-packages/airflow/example_dags/example_dynamic_task_mapping.py
[2025-07-01T01:20:28.209+0000] {processor.py:914} INFO - Processing file /home/airflow/.local/lib/python3.12/site-packages/airflow/example_dags/example_dynamic_task_mapping.py for tasks to queue
[2025-07-01T01:20:28.211+0000] {logging_mixin.py:190} INFO - [2025-07-01T01:20:28.211+0000] {dagbag.py:588} INFO - Filling up the DagBag from /home/airflow/.local/lib/python3.12/site-packages/airflow/example_dags/example_dynamic_task_mapping.py
[2025-07-01T01:20:28.223+0000] {processor.py:925} INFO - DAG(s) 'example_dynamic_task_mapping' retrieved from /home/airflow/.local/lib/python3.12/site-packages/airflow/example_dags/example_dynamic_task_mapping.py
[2025-07-01T01:20:28.243+0000] {logging_mixin.py:190} INFO - [2025-07-01T01:20:28.243+0000] {dag.py:3239} INFO - Sync 1 DAGs
[2025-07-01T01:20:28.258+0000] {logging_mixin.py:190} INFO - [2025-07-01T01:20:28.258+0000] {dag.py:4180} INFO - Setting next_dagrun for example_dynamic_task_mapping to None, run_after=None
[2025-07-01T01:20:28.275+0000] {processor.py:208} INFO - Processing /home/airflow/.local/lib/python3.12/site-packages/airflow/example_dags/example_dynamic_task_mapping.py took 0.074 seconds
[2025-07-01T01:20:58.407+0000] {processor.py:186} INFO - Started process (PID=1801) to work on /home/airflow/.local/lib/python3.12/site-packages/airflow/example_dags/example_dynamic_task_mapping.py
[2025-07-01T01:20:58.408+0000] {processor.py:914} INFO - Processing file /home/airflow/.local/lib/python3.12/site-packages/airflow/example_dags/example_dynamic_task_mapping.py for tasks to queue
[2025-07-01T01:20:58.410+0000] {logging_mixin.py:190} INFO - [2025-07-01T01:20:58.410+0000] {dagbag.py:588} INFO - Filling up the DagBag from /home/airflow/.local/lib/python3.12/site-packages/airflow/example_dags/example_dynamic_task_mapping.py
[2025-07-01T01:20:58.419+0000] {processor.py:925} INFO - DAG(s) 'example_dynamic_task_mapping' retrieved from /home/airflow/.local/lib/python3.12/site-packages/airflow/example_dags/example_dynamic_task_mapping.py
[2025-07-01T01:20:58.439+0000] {logging_mixin.py:190} INFO - [2025-07-01T01:20:58.439+0000] {dag.py:3239} INFO - Sync 1 DAGs
[2025-07-01T01:20:58.453+0000] {logging_mixin.py:190} INFO - [2025-07-01T01:20:58.453+0000] {dag.py:4180} INFO - Setting next_dagrun for example_dynamic_task_mapping to None, run_after=None
[2025-07-01T01:20:58.470+0000] {processor.py:208} INFO - Processing /home/airflow/.local/lib/python3.12/site-packages/airflow/example_dags/example_dynamic_task_mapping.py took 0.069 seconds
[2025-07-01T01:21:28.650+0000] {processor.py:186} INFO - Started process (PID=1862) to work on /home/airflow/.local/lib/python3.12/site-packages/airflow/example_dags/example_dynamic_task_mapping.py
[2025-07-01T01:21:28.652+0000] {processor.py:914} INFO - Processing file /home/airflow/.local/lib/python3.12/site-packages/airflow/example_dags/example_dynamic_task_mapping.py for tasks to queue
[2025-07-01T01:21:28.654+0000] {logging_mixin.py:190} INFO - [2025-07-01T01:21:28.654+0000] {dagbag.py:588} INFO - Filling up the DagBag from /home/airflow/.local/lib/python3.12/site-packages/airflow/example_dags/example_dynamic_task_mapping.py
[2025-07-01T01:21:28.663+0000] {processor.py:925} INFO - DAG(s) 'example_dynamic_task_mapping' retrieved from /home/airflow/.local/lib/python3.12/site-packages/airflow/example_dags/example_dynamic_task_mapping.py
[2025-07-01T01:21:28.682+0000] {logging_mixin.py:190} INFO - [2025-07-01T01:21:28.682+0000] {dag.py:3239} INFO - Sync 1 DAGs
[2025-07-01T01:21:28.696+0000] {logging_mixin.py:190} INFO - [2025-07-01T01:21:28.696+0000] {dag.py:4180} INFO - Setting next_dagrun for example_dynamic_task_mapping to None, run_after=None
[2025-07-01T01:21:28.713+0000] {processor.py:208} INFO - Processing /home/airflow/.local/lib/python3.12/site-packages/airflow/example_dags/example_dynamic_task_mapping.py took 0.068 seconds
[2025-07-01T01:21:59.451+0000] {processor.py:186} INFO - Started process (PID=1924) to work on /home/airflow/.local/lib/python3.12/site-packages/airflow/example_dags/example_dynamic_task_mapping.py
[2025-07-01T01:21:59.453+0000] {processor.py:914} INFO - Processing file /home/airflow/.local/lib/python3.12/site-packages/airflow/example_dags/example_dynamic_task_mapping.py for tasks to queue
[2025-07-01T01:21:59.455+0000] {logging_mixin.py:190} INFO - [2025-07-01T01:21:59.455+0000] {dagbag.py:588} INFO - Filling up the DagBag from /home/airflow/.local/lib/python3.12/site-packages/airflow/example_dags/example_dynamic_task_mapping.py
[2025-07-01T01:21:59.465+0000] {processor.py:925} INFO - DAG(s) 'example_dynamic_task_mapping' retrieved from /home/airflow/.local/lib/python3.12/site-packages/airflow/example_dags/example_dynamic_task_mapping.py
[2025-07-01T01:21:59.489+0000] {logging_mixin.py:190} INFO - [2025-07-01T01:21:59.489+0000] {dag.py:3239} INFO - Sync 1 DAGs
[2025-07-01T01:21:59.505+0000] {logging_mixin.py:190} INFO - [2025-07-01T01:21:59.505+0000] {dag.py:4180} INFO - Setting next_dagrun for example_dynamic_task_mapping to None, run_after=None
[2025-07-01T01:21:59.523+0000] {processor.py:208} INFO - Processing /home/airflow/.local/lib/python3.12/site-packages/airflow/example_dags/example_dynamic_task_mapping.py took 0.078 seconds
[2025-07-01T01:22:29.716+0000] {processor.py:186} INFO - Started process (PID=1987) to work on /home/airflow/.local/lib/python3.12/site-packages/airflow/example_dags/example_dynamic_task_mapping.py
[2025-07-01T01:22:29.717+0000] {processor.py:914} INFO - Processing file /home/airflow/.local/lib/python3.12/site-packages/airflow/example_dags/example_dynamic_task_mapping.py for tasks to queue
[2025-07-01T01:22:29.719+0000] {logging_mixin.py:190} INFO - [2025-07-01T01:22:29.719+0000] {dagbag.py:588} INFO - Filling up the DagBag from /home/airflow/.local/lib/python3.12/site-packages/airflow/example_dags/example_dynamic_task_mapping.py
[2025-07-01T01:22:29.729+0000] {processor.py:925} INFO - DAG(s) 'example_dynamic_task_mapping' retrieved from /home/airflow/.local/lib/python3.12/site-packages/airflow/example_dags/example_dynamic_task_mapping.py
[2025-07-01T01:22:29.750+0000] {logging_mixin.py:190} INFO - [2025-07-01T01:22:29.750+0000] {dag.py:3239} INFO - Sync 1 DAGs
[2025-07-01T01:22:29.766+0000] {logging_mixin.py:190} INFO - [2025-07-01T01:22:29.765+0000] {dag.py:4180} INFO - Setting next_dagrun for example_dynamic_task_mapping to None, run_after=None
[2025-07-01T01:22:29.785+0000] {processor.py:208} INFO - Processing /home/airflow/.local/lib/python3.12/site-packages/airflow/example_dags/example_dynamic_task_mapping.py took 0.075 seconds
[2025-07-01T01:23:00.008+0000] {processor.py:186} INFO - Started process (PID=2048) to work on /home/airflow/.local/lib/python3.12/site-packages/airflow/example_dags/example_dynamic_task_mapping.py
[2025-07-01T01:23:00.009+0000] {processor.py:914} INFO - Processing file /home/airflow/.local/lib/python3.12/site-packages/airflow/example_dags/example_dynamic_task_mapping.py for tasks to queue
[2025-07-01T01:23:00.013+0000] {logging_mixin.py:190} INFO - [2025-07-01T01:23:00.012+0000] {dagbag.py:588} INFO - Filling up the DagBag from /home/airflow/.local/lib/python3.12/site-packages/airflow/example_dags/example_dynamic_task_mapping.py
[2025-07-01T01:23:00.024+0000] {processor.py:925} INFO - DAG(s) 'example_dynamic_task_mapping' retrieved from /home/airflow/.local/lib/python3.12/site-packages/airflow/example_dags/example_dynamic_task_mapping.py
[2025-07-01T01:23:00.046+0000] {logging_mixin.py:190} INFO - [2025-07-01T01:23:00.046+0000] {dag.py:3239} INFO - Sync 1 DAGs
[2025-07-01T01:23:00.065+0000] {logging_mixin.py:190} INFO - [2025-07-01T01:23:00.065+0000] {dag.py:4180} INFO - Setting next_dagrun for example_dynamic_task_mapping to None, run_after=None
[2025-07-01T01:23:00.092+0000] {processor.py:208} INFO - Processing /home/airflow/.local/lib/python3.12/site-packages/airflow/example_dags/example_dynamic_task_mapping.py took 0.092 seconds
[2025-07-01T01:23:30.521+0000] {processor.py:186} INFO - Started process (PID=2110) to work on /home/airflow/.local/lib/python3.12/site-packages/airflow/example_dags/example_dynamic_task_mapping.py
[2025-07-01T01:23:30.522+0000] {processor.py:914} INFO - Processing file /home/airflow/.local/lib/python3.12/site-packages/airflow/example_dags/example_dynamic_task_mapping.py for tasks to queue
[2025-07-01T01:23:30.524+0000] {logging_mixin.py:190} INFO - [2025-07-01T01:23:30.524+0000] {dagbag.py:588} INFO - Filling up the DagBag from /home/airflow/.local/lib/python3.12/site-packages/airflow/example_dags/example_dynamic_task_mapping.py
[2025-07-01T01:23:30.533+0000] {processor.py:925} INFO - DAG(s) 'example_dynamic_task_mapping' retrieved from /home/airflow/.local/lib/python3.12/site-packages/airflow/example_dags/example_dynamic_task_mapping.py
[2025-07-01T01:23:30.552+0000] {logging_mixin.py:190} INFO - [2025-07-01T01:23:30.552+0000] {dag.py:3239} INFO - Sync 1 DAGs
[2025-07-01T01:23:30.566+0000] {logging_mixin.py:190} INFO - [2025-07-01T01:23:30.566+0000] {dag.py:4180} INFO - Setting next_dagrun for example_dynamic_task_mapping to None, run_after=None
[2025-07-01T01:23:30.583+0000] {processor.py:208} INFO - Processing /home/airflow/.local/lib/python3.12/site-packages/airflow/example_dags/example_dynamic_task_mapping.py took 0.068 seconds
[2025-07-01T01:24:01.490+0000] {processor.py:186} INFO - Started process (PID=2172) to work on /home/airflow/.local/lib/python3.12/site-packages/airflow/example_dags/example_dynamic_task_mapping.py
[2025-07-01T01:24:01.491+0000] {processor.py:914} INFO - Processing file /home/airflow/.local/lib/python3.12/site-packages/airflow/example_dags/example_dynamic_task_mapping.py for tasks to queue
[2025-07-01T01:24:01.495+0000] {logging_mixin.py:190} INFO - [2025-07-01T01:24:01.495+0000] {dagbag.py:588} INFO - Filling up the DagBag from /home/airflow/.local/lib/python3.12/site-packages/airflow/example_dags/example_dynamic_task_mapping.py
[2025-07-01T01:24:01.507+0000] {processor.py:925} INFO - DAG(s) 'example_dynamic_task_mapping' retrieved from /home/airflow/.local/lib/python3.12/site-packages/airflow/example_dags/example_dynamic_task_mapping.py
[2025-07-01T01:24:01.532+0000] {logging_mixin.py:190} INFO - [2025-07-01T01:24:01.531+0000] {dag.py:3239} INFO - Sync 1 DAGs
[2025-07-01T01:24:01.548+0000] {logging_mixin.py:190} INFO - [2025-07-01T01:24:01.548+0000] {dag.py:4180} INFO - Setting next_dagrun for example_dynamic_task_mapping to None, run_after=None
[2025-07-01T01:24:01.567+0000] {processor.py:208} INFO - Processing /home/airflow/.local/lib/python3.12/site-packages/airflow/example_dags/example_dynamic_task_mapping.py took 0.084 seconds
[2025-07-01T01:24:32.218+0000] {processor.py:186} INFO - Started process (PID=2234) to work on /home/airflow/.local/lib/python3.12/site-packages/airflow/example_dags/example_dynamic_task_mapping.py
[2025-07-01T01:24:32.219+0000] {processor.py:914} INFO - Processing file /home/airflow/.local/lib/python3.12/site-packages/airflow/example_dags/example_dynamic_task_mapping.py for tasks to queue
[2025-07-01T01:24:32.222+0000] {logging_mixin.py:190} INFO - [2025-07-01T01:24:32.222+0000] {dagbag.py:588} INFO - Filling up the DagBag from /home/airflow/.local/lib/python3.12/site-packages/airflow/example_dags/example_dynamic_task_mapping.py
[2025-07-01T01:24:32.233+0000] {processor.py:925} INFO - DAG(s) 'example_dynamic_task_mapping' retrieved from /home/airflow/.local/lib/python3.12/site-packages/airflow/example_dags/example_dynamic_task_mapping.py
[2025-07-01T01:24:32.257+0000] {logging_mixin.py:190} INFO - [2025-07-01T01:24:32.257+0000] {dag.py:3239} INFO - Sync 1 DAGs
[2025-07-01T01:24:32.274+0000] {logging_mixin.py:190} INFO - [2025-07-01T01:24:32.274+0000] {dag.py:4180} INFO - Setting next_dagrun for example_dynamic_task_mapping to None, run_after=None
[2025-07-01T01:24:32.295+0000] {processor.py:208} INFO - Processing /home/airflow/.local/lib/python3.12/site-packages/airflow/example_dags/example_dynamic_task_mapping.py took 0.084 seconds
[2025-07-01T01:25:03.069+0000] {processor.py:186} INFO - Started process (PID=2296) to work on /home/airflow/.local/lib/python3.12/site-packages/airflow/example_dags/example_dynamic_task_mapping.py
[2025-07-01T01:25:03.070+0000] {processor.py:914} INFO - Processing file /home/airflow/.local/lib/python3.12/site-packages/airflow/example_dags/example_dynamic_task_mapping.py for tasks to queue
[2025-07-01T01:25:03.074+0000] {logging_mixin.py:190} INFO - [2025-07-01T01:25:03.073+0000] {dagbag.py:588} INFO - Filling up the DagBag from /home/airflow/.local/lib/python3.12/site-packages/airflow/example_dags/example_dynamic_task_mapping.py
[2025-07-01T01:25:03.092+0000] {processor.py:925} INFO - DAG(s) 'example_dynamic_task_mapping' retrieved from /home/airflow/.local/lib/python3.12/site-packages/airflow/example_dags/example_dynamic_task_mapping.py
[2025-07-01T01:25:03.114+0000] {logging_mixin.py:190} INFO - [2025-07-01T01:25:03.114+0000] {dag.py:3239} INFO - Sync 1 DAGs
[2025-07-01T01:25:03.131+0000] {logging_mixin.py:190} INFO - [2025-07-01T01:25:03.131+0000] {dag.py:4180} INFO - Setting next_dagrun for example_dynamic_task_mapping to None, run_after=None
[2025-07-01T01:25:03.149+0000] {processor.py:208} INFO - Processing /home/airflow/.local/lib/python3.12/site-packages/airflow/example_dags/example_dynamic_task_mapping.py took 0.086 seconds
[2025-07-01T01:25:33.397+0000] {processor.py:186} INFO - Started process (PID=2357) to work on /home/airflow/.local/lib/python3.12/site-packages/airflow/example_dags/example_dynamic_task_mapping.py
[2025-07-01T01:25:33.398+0000] {processor.py:914} INFO - Processing file /home/airflow/.local/lib/python3.12/site-packages/airflow/example_dags/example_dynamic_task_mapping.py for tasks to queue
[2025-07-01T01:25:33.400+0000] {logging_mixin.py:190} INFO - [2025-07-01T01:25:33.400+0000] {dagbag.py:588} INFO - Filling up the DagBag from /home/airflow/.local/lib/python3.12/site-packages/airflow/example_dags/example_dynamic_task_mapping.py
[2025-07-01T01:25:33.411+0000] {processor.py:925} INFO - DAG(s) 'example_dynamic_task_mapping' retrieved from /home/airflow/.local/lib/python3.12/site-packages/airflow/example_dags/example_dynamic_task_mapping.py
[2025-07-01T01:25:33.432+0000] {logging_mixin.py:190} INFO - [2025-07-01T01:25:33.432+0000] {dag.py:3239} INFO - Sync 1 DAGs
[2025-07-01T01:25:33.448+0000] {logging_mixin.py:190} INFO - [2025-07-01T01:25:33.447+0000] {dag.py:4180} INFO - Setting next_dagrun for example_dynamic_task_mapping to None, run_after=None
[2025-07-01T01:25:33.466+0000] {processor.py:208} INFO - Processing /home/airflow/.local/lib/python3.12/site-packages/airflow/example_dags/example_dynamic_task_mapping.py took 0.076 seconds
[2025-07-01T01:26:03.572+0000] {processor.py:186} INFO - Started process (PID=2420) to work on /home/airflow/.local/lib/python3.12/site-packages/airflow/example_dags/example_dynamic_task_mapping.py
[2025-07-01T01:26:03.574+0000] {processor.py:914} INFO - Processing file /home/airflow/.local/lib/python3.12/site-packages/airflow/example_dags/example_dynamic_task_mapping.py for tasks to queue
[2025-07-01T01:26:03.579+0000] {logging_mixin.py:190} INFO - [2025-07-01T01:26:03.578+0000] {dagbag.py:588} INFO - Filling up the DagBag from /home/airflow/.local/lib/python3.12/site-packages/airflow/example_dags/example_dynamic_task_mapping.py
[2025-07-01T01:26:03.594+0000] {processor.py:925} INFO - DAG(s) 'example_dynamic_task_mapping' retrieved from /home/airflow/.local/lib/python3.12/site-packages/airflow/example_dags/example_dynamic_task_mapping.py
[2025-07-01T01:26:03.629+0000] {logging_mixin.py:190} INFO - [2025-07-01T01:26:03.628+0000] {dag.py:3239} INFO - Sync 1 DAGs
[2025-07-01T01:26:03.657+0000] {logging_mixin.py:190} INFO - [2025-07-01T01:26:03.657+0000] {dag.py:4180} INFO - Setting next_dagrun for example_dynamic_task_mapping to None, run_after=None
[2025-07-01T01:26:03.689+0000] {processor.py:208} INFO - Processing /home/airflow/.local/lib/python3.12/site-packages/airflow/example_dags/example_dynamic_task_mapping.py took 0.126 seconds
[2025-07-01T01:26:34.074+0000] {processor.py:186} INFO - Started process (PID=2482) to work on /home/airflow/.local/lib/python3.12/site-packages/airflow/example_dags/example_dynamic_task_mapping.py
[2025-07-01T01:26:34.075+0000] {processor.py:914} INFO - Processing file /home/airflow/.local/lib/python3.12/site-packages/airflow/example_dags/example_dynamic_task_mapping.py for tasks to queue
[2025-07-01T01:26:34.077+0000] {logging_mixin.py:190} INFO - [2025-07-01T01:26:34.077+0000] {dagbag.py:588} INFO - Filling up the DagBag from /home/airflow/.local/lib/python3.12/site-packages/airflow/example_dags/example_dynamic_task_mapping.py
[2025-07-01T01:26:34.087+0000] {processor.py:925} INFO - DAG(s) 'example_dynamic_task_mapping' retrieved from /home/airflow/.local/lib/python3.12/site-packages/airflow/example_dags/example_dynamic_task_mapping.py
[2025-07-01T01:26:34.106+0000] {logging_mixin.py:190} INFO - [2025-07-01T01:26:34.106+0000] {dag.py:3239} INFO - Sync 1 DAGs
[2025-07-01T01:26:34.121+0000] {logging_mixin.py:190} INFO - [2025-07-01T01:26:34.121+0000] {dag.py:4180} INFO - Setting next_dagrun for example_dynamic_task_mapping to None, run_after=None
[2025-07-01T01:26:34.146+0000] {processor.py:208} INFO - Processing /home/airflow/.local/lib/python3.12/site-packages/airflow/example_dags/example_dynamic_task_mapping.py took 0.078 seconds
[2025-07-01T01:27:04.754+0000] {processor.py:186} INFO - Started process (PID=2544) to work on /home/airflow/.local/lib/python3.12/site-packages/airflow/example_dags/example_dynamic_task_mapping.py
[2025-07-01T01:27:04.755+0000] {processor.py:914} INFO - Processing file /home/airflow/.local/lib/python3.12/site-packages/airflow/example_dags/example_dynamic_task_mapping.py for tasks to queue
[2025-07-01T01:27:04.758+0000] {logging_mixin.py:190} INFO - [2025-07-01T01:27:04.757+0000] {dagbag.py:588} INFO - Filling up the DagBag from /home/airflow/.local/lib/python3.12/site-packages/airflow/example_dags/example_dynamic_task_mapping.py
[2025-07-01T01:27:04.767+0000] {processor.py:925} INFO - DAG(s) 'example_dynamic_task_mapping' retrieved from /home/airflow/.local/lib/python3.12/site-packages/airflow/example_dags/example_dynamic_task_mapping.py
[2025-07-01T01:27:04.787+0000] {logging_mixin.py:190} INFO - [2025-07-01T01:27:04.787+0000] {dag.py:3239} INFO - Sync 1 DAGs
[2025-07-01T01:27:04.804+0000] {logging_mixin.py:190} INFO - [2025-07-01T01:27:04.803+0000] {dag.py:4180} INFO - Setting next_dagrun for example_dynamic_task_mapping to None, run_after=None
[2025-07-01T01:27:04.823+0000] {processor.py:208} INFO - Processing /home/airflow/.local/lib/python3.12/site-packages/airflow/example_dags/example_dynamic_task_mapping.py took 0.075 seconds
[2025-07-01T01:27:35.643+0000] {processor.py:186} INFO - Started process (PID=2606) to work on /home/airflow/.local/lib/python3.12/site-packages/airflow/example_dags/example_dynamic_task_mapping.py
[2025-07-01T01:27:35.646+0000] {processor.py:914} INFO - Processing file /home/airflow/.local/lib/python3.12/site-packages/airflow/example_dags/example_dynamic_task_mapping.py for tasks to queue
[2025-07-01T01:27:35.651+0000] {logging_mixin.py:190} INFO - [2025-07-01T01:27:35.650+0000] {dagbag.py:588} INFO - Filling up the DagBag from /home/airflow/.local/lib/python3.12/site-packages/airflow/example_dags/example_dynamic_task_mapping.py
[2025-07-01T01:27:35.662+0000] {processor.py:925} INFO - DAG(s) 'example_dynamic_task_mapping' retrieved from /home/airflow/.local/lib/python3.12/site-packages/airflow/example_dags/example_dynamic_task_mapping.py
[2025-07-01T01:27:35.685+0000] {logging_mixin.py:190} INFO - [2025-07-01T01:27:35.685+0000] {dag.py:3239} INFO - Sync 1 DAGs
[2025-07-01T01:27:35.701+0000] {logging_mixin.py:190} INFO - [2025-07-01T01:27:35.701+0000] {dag.py:4180} INFO - Setting next_dagrun for example_dynamic_task_mapping to None, run_after=None
[2025-07-01T01:27:35.724+0000] {processor.py:208} INFO - Processing /home/airflow/.local/lib/python3.12/site-packages/airflow/example_dags/example_dynamic_task_mapping.py took 0.091 seconds
[2025-07-01T01:28:05.976+0000] {processor.py:186} INFO - Started process (PID=2668) to work on /home/airflow/.local/lib/python3.12/site-packages/airflow/example_dags/example_dynamic_task_mapping.py
[2025-07-01T01:28:05.977+0000] {processor.py:914} INFO - Processing file /home/airflow/.local/lib/python3.12/site-packages/airflow/example_dags/example_dynamic_task_mapping.py for tasks to queue
[2025-07-01T01:28:05.980+0000] {logging_mixin.py:190} INFO - [2025-07-01T01:28:05.980+0000] {dagbag.py:588} INFO - Filling up the DagBag from /home/airflow/.local/lib/python3.12/site-packages/airflow/example_dags/example_dynamic_task_mapping.py
[2025-07-01T01:28:05.988+0000] {processor.py:925} INFO - DAG(s) 'example_dynamic_task_mapping' retrieved from /home/airflow/.local/lib/python3.12/site-packages/airflow/example_dags/example_dynamic_task_mapping.py
[2025-07-01T01:28:06.008+0000] {logging_mixin.py:190} INFO - [2025-07-01T01:28:06.008+0000] {dag.py:3239} INFO - Sync 1 DAGs
[2025-07-01T01:28:06.022+0000] {logging_mixin.py:190} INFO - [2025-07-01T01:28:06.022+0000] {dag.py:4180} INFO - Setting next_dagrun for example_dynamic_task_mapping to None, run_after=None
[2025-07-01T01:28:06.039+0000] {processor.py:208} INFO - Processing /home/airflow/.local/lib/python3.12/site-packages/airflow/example_dags/example_dynamic_task_mapping.py took 0.069 seconds
[2025-07-01T01:28:37.439+0000] {processor.py:186} INFO - Started process (PID=2730) to work on /home/airflow/.local/lib/python3.12/site-packages/airflow/example_dags/example_dynamic_task_mapping.py
[2025-07-01T01:28:37.440+0000] {processor.py:914} INFO - Processing file /home/airflow/.local/lib/python3.12/site-packages/airflow/example_dags/example_dynamic_task_mapping.py for tasks to queue
[2025-07-01T01:28:37.442+0000] {logging_mixin.py:190} INFO - [2025-07-01T01:28:37.442+0000] {dagbag.py:588} INFO - Filling up the DagBag from /home/airflow/.local/lib/python3.12/site-packages/airflow/example_dags/example_dynamic_task_mapping.py
[2025-07-01T01:28:37.450+0000] {processor.py:925} INFO - DAG(s) 'example_dynamic_task_mapping' retrieved from /home/airflow/.local/lib/python3.12/site-packages/airflow/example_dags/example_dynamic_task_mapping.py
[2025-07-01T01:28:37.469+0000] {logging_mixin.py:190} INFO - [2025-07-01T01:28:37.469+0000] {dag.py:3239} INFO - Sync 1 DAGs
[2025-07-01T01:28:37.483+0000] {logging_mixin.py:190} INFO - [2025-07-01T01:28:37.483+0000] {dag.py:4180} INFO - Setting next_dagrun for example_dynamic_task_mapping to None, run_after=None
[2025-07-01T01:28:37.503+0000] {processor.py:208} INFO - Processing /home/airflow/.local/lib/python3.12/site-packages/airflow/example_dags/example_dynamic_task_mapping.py took 0.070 seconds
[2025-07-01T01:29:08.297+0000] {processor.py:186} INFO - Started process (PID=2792) to work on /home/airflow/.local/lib/python3.12/site-packages/airflow/example_dags/example_dynamic_task_mapping.py
[2025-07-01T01:29:08.298+0000] {processor.py:914} INFO - Processing file /home/airflow/.local/lib/python3.12/site-packages/airflow/example_dags/example_dynamic_task_mapping.py for tasks to queue
[2025-07-01T01:29:08.301+0000] {logging_mixin.py:190} INFO - [2025-07-01T01:29:08.300+0000] {dagbag.py:588} INFO - Filling up the DagBag from /home/airflow/.local/lib/python3.12/site-packages/airflow/example_dags/example_dynamic_task_mapping.py
[2025-07-01T01:29:08.311+0000] {processor.py:925} INFO - DAG(s) 'example_dynamic_task_mapping' retrieved from /home/airflow/.local/lib/python3.12/site-packages/airflow/example_dags/example_dynamic_task_mapping.py
[2025-07-01T01:29:08.331+0000] {logging_mixin.py:190} INFO - [2025-07-01T01:29:08.331+0000] {dag.py:3239} INFO - Sync 1 DAGs
[2025-07-01T01:29:08.347+0000] {logging_mixin.py:190} INFO - [2025-07-01T01:29:08.347+0000] {dag.py:4180} INFO - Setting next_dagrun for example_dynamic_task_mapping to None, run_after=None
[2025-07-01T01:29:08.367+0000] {processor.py:208} INFO - Processing /home/airflow/.local/lib/python3.12/site-packages/airflow/example_dags/example_dynamic_task_mapping.py took 0.076 seconds
[2025-07-01T01:29:38.591+0000] {processor.py:186} INFO - Started process (PID=2854) to work on /home/airflow/.local/lib/python3.12/site-packages/airflow/example_dags/example_dynamic_task_mapping.py
[2025-07-01T01:29:38.592+0000] {processor.py:914} INFO - Processing file /home/airflow/.local/lib/python3.12/site-packages/airflow/example_dags/example_dynamic_task_mapping.py for tasks to queue
[2025-07-01T01:29:38.595+0000] {logging_mixin.py:190} INFO - [2025-07-01T01:29:38.595+0000] {dagbag.py:588} INFO - Filling up the DagBag from /home/airflow/.local/lib/python3.12/site-packages/airflow/example_dags/example_dynamic_task_mapping.py
[2025-07-01T01:29:38.606+0000] {processor.py:925} INFO - DAG(s) 'example_dynamic_task_mapping' retrieved from /home/airflow/.local/lib/python3.12/site-packages/airflow/example_dags/example_dynamic_task_mapping.py
[2025-07-01T01:29:38.625+0000] {logging_mixin.py:190} INFO - [2025-07-01T01:29:38.625+0000] {dag.py:3239} INFO - Sync 1 DAGs
[2025-07-01T01:29:38.639+0000] {logging_mixin.py:190} INFO - [2025-07-01T01:29:38.638+0000] {dag.py:4180} INFO - Setting next_dagrun for example_dynamic_task_mapping to None, run_after=None
[2025-07-01T01:29:38.657+0000] {processor.py:208} INFO - Processing /home/airflow/.local/lib/python3.12/site-packages/airflow/example_dags/example_dynamic_task_mapping.py took 0.072 seconds
[2025-07-01T01:30:09.989+0000] {processor.py:186} INFO - Started process (PID=2916) to work on /home/airflow/.local/lib/python3.12/site-packages/airflow/example_dags/example_dynamic_task_mapping.py
[2025-07-01T01:30:09.990+0000] {processor.py:914} INFO - Processing file /home/airflow/.local/lib/python3.12/site-packages/airflow/example_dags/example_dynamic_task_mapping.py for tasks to queue
[2025-07-01T01:30:09.993+0000] {logging_mixin.py:190} INFO - [2025-07-01T01:30:09.992+0000] {dagbag.py:588} INFO - Filling up the DagBag from /home/airflow/.local/lib/python3.12/site-packages/airflow/example_dags/example_dynamic_task_mapping.py
[2025-07-01T01:30:10.002+0000] {processor.py:925} INFO - DAG(s) 'example_dynamic_task_mapping' retrieved from /home/airflow/.local/lib/python3.12/site-packages/airflow/example_dags/example_dynamic_task_mapping.py
[2025-07-01T01:30:10.021+0000] {logging_mixin.py:190} INFO - [2025-07-01T01:30:10.021+0000] {dag.py:3239} INFO - Sync 1 DAGs
[2025-07-01T01:30:10.036+0000] {logging_mixin.py:190} INFO - [2025-07-01T01:30:10.036+0000] {dag.py:4180} INFO - Setting next_dagrun for example_dynamic_task_mapping to None, run_after=None
[2025-07-01T01:30:10.053+0000] {processor.py:208} INFO - Processing /home/airflow/.local/lib/python3.12/site-packages/airflow/example_dags/example_dynamic_task_mapping.py took 0.070 seconds
[2025-07-01T01:30:40.289+0000] {processor.py:186} INFO - Started process (PID=2978) to work on /home/airflow/.local/lib/python3.12/site-packages/airflow/example_dags/example_dynamic_task_mapping.py
[2025-07-01T01:30:40.290+0000] {processor.py:914} INFO - Processing file /home/airflow/.local/lib/python3.12/site-packages/airflow/example_dags/example_dynamic_task_mapping.py for tasks to queue
[2025-07-01T01:30:40.292+0000] {logging_mixin.py:190} INFO - [2025-07-01T01:30:40.292+0000] {dagbag.py:588} INFO - Filling up the DagBag from /home/airflow/.local/lib/python3.12/site-packages/airflow/example_dags/example_dynamic_task_mapping.py
[2025-07-01T01:30:40.301+0000] {processor.py:925} INFO - DAG(s) 'example_dynamic_task_mapping' retrieved from /home/airflow/.local/lib/python3.12/site-packages/airflow/example_dags/example_dynamic_task_mapping.py
[2025-07-01T01:30:40.322+0000] {logging_mixin.py:190} INFO - [2025-07-01T01:30:40.322+0000] {dag.py:3239} INFO - Sync 1 DAGs
[2025-07-01T01:30:40.337+0000] {logging_mixin.py:190} INFO - [2025-07-01T01:30:40.337+0000] {dag.py:4180} INFO - Setting next_dagrun for example_dynamic_task_mapping to None, run_after=None
[2025-07-01T01:30:40.357+0000] {processor.py:208} INFO - Processing /home/airflow/.local/lib/python3.12/site-packages/airflow/example_dags/example_dynamic_task_mapping.py took 0.074 seconds
[2025-07-01T01:31:11.214+0000] {processor.py:186} INFO - Started process (PID=3040) to work on /home/airflow/.local/lib/python3.12/site-packages/airflow/example_dags/example_dynamic_task_mapping.py
[2025-07-01T01:31:11.215+0000] {processor.py:914} INFO - Processing file /home/airflow/.local/lib/python3.12/site-packages/airflow/example_dags/example_dynamic_task_mapping.py for tasks to queue
[2025-07-01T01:31:11.220+0000] {logging_mixin.py:190} INFO - [2025-07-01T01:31:11.219+0000] {dagbag.py:588} INFO - Filling up the DagBag from /home/airflow/.local/lib/python3.12/site-packages/airflow/example_dags/example_dynamic_task_mapping.py
[2025-07-01T01:31:11.232+0000] {processor.py:925} INFO - DAG(s) 'example_dynamic_task_mapping' retrieved from /home/airflow/.local/lib/python3.12/site-packages/airflow/example_dags/example_dynamic_task_mapping.py
[2025-07-01T01:31:11.254+0000] {logging_mixin.py:190} INFO - [2025-07-01T01:31:11.253+0000] {dag.py:3239} INFO - Sync 1 DAGs
[2025-07-01T01:31:11.270+0000] {logging_mixin.py:190} INFO - [2025-07-01T01:31:11.270+0000] {dag.py:4180} INFO - Setting next_dagrun for example_dynamic_task_mapping to None, run_after=None
[2025-07-01T01:31:11.292+0000] {processor.py:208} INFO - Processing /home/airflow/.local/lib/python3.12/site-packages/airflow/example_dags/example_dynamic_task_mapping.py took 0.087 seconds
[2025-07-01T01:31:42.226+0000] {processor.py:186} INFO - Started process (PID=3102) to work on /home/airflow/.local/lib/python3.12/site-packages/airflow/example_dags/example_dynamic_task_mapping.py
[2025-07-01T01:31:42.227+0000] {processor.py:914} INFO - Processing file /home/airflow/.local/lib/python3.12/site-packages/airflow/example_dags/example_dynamic_task_mapping.py for tasks to queue
[2025-07-01T01:31:42.230+0000] {logging_mixin.py:190} INFO - [2025-07-01T01:31:42.229+0000] {dagbag.py:588} INFO - Filling up the DagBag from /home/airflow/.local/lib/python3.12/site-packages/airflow/example_dags/example_dynamic_task_mapping.py
[2025-07-01T01:31:42.238+0000] {processor.py:925} INFO - DAG(s) 'example_dynamic_task_mapping' retrieved from /home/airflow/.local/lib/python3.12/site-packages/airflow/example_dags/example_dynamic_task_mapping.py
[2025-07-01T01:31:42.258+0000] {logging_mixin.py:190} INFO - [2025-07-01T01:31:42.258+0000] {dag.py:3239} INFO - Sync 1 DAGs
[2025-07-01T01:31:42.272+0000] {logging_mixin.py:190} INFO - [2025-07-01T01:31:42.272+0000] {dag.py:4180} INFO - Setting next_dagrun for example_dynamic_task_mapping to None, run_after=None
[2025-07-01T01:31:42.291+0000] {processor.py:208} INFO - Processing /home/airflow/.local/lib/python3.12/site-packages/airflow/example_dags/example_dynamic_task_mapping.py took 0.071 seconds
[2025-07-01T01:32:12.605+0000] {processor.py:186} INFO - Started process (PID=3164) to work on /home/airflow/.local/lib/python3.12/site-packages/airflow/example_dags/example_dynamic_task_mapping.py
[2025-07-01T01:32:12.606+0000] {processor.py:914} INFO - Processing file /home/airflow/.local/lib/python3.12/site-packages/airflow/example_dags/example_dynamic_task_mapping.py for tasks to queue
[2025-07-01T01:32:12.608+0000] {logging_mixin.py:190} INFO - [2025-07-01T01:32:12.608+0000] {dagbag.py:588} INFO - Filling up the DagBag from /home/airflow/.local/lib/python3.12/site-packages/airflow/example_dags/example_dynamic_task_mapping.py
[2025-07-01T01:32:12.617+0000] {processor.py:925} INFO - DAG(s) 'example_dynamic_task_mapping' retrieved from /home/airflow/.local/lib/python3.12/site-packages/airflow/example_dags/example_dynamic_task_mapping.py
[2025-07-01T01:32:12.637+0000] {logging_mixin.py:190} INFO - [2025-07-01T01:32:12.637+0000] {dag.py:3239} INFO - Sync 1 DAGs
[2025-07-01T01:32:12.652+0000] {logging_mixin.py:190} INFO - [2025-07-01T01:32:12.651+0000] {dag.py:4180} INFO - Setting next_dagrun for example_dynamic_task_mapping to None, run_after=None
[2025-07-01T01:32:12.669+0000] {processor.py:208} INFO - Processing /home/airflow/.local/lib/python3.12/site-packages/airflow/example_dags/example_dynamic_task_mapping.py took 0.071 seconds
[2025-07-01T01:32:44.291+0000] {processor.py:186} INFO - Started process (PID=3226) to work on /home/airflow/.local/lib/python3.12/site-packages/airflow/example_dags/example_dynamic_task_mapping.py
[2025-07-01T01:32:44.292+0000] {processor.py:914} INFO - Processing file /home/airflow/.local/lib/python3.12/site-packages/airflow/example_dags/example_dynamic_task_mapping.py for tasks to queue
[2025-07-01T01:32:44.295+0000] {logging_mixin.py:190} INFO - [2025-07-01T01:32:44.294+0000] {dagbag.py:588} INFO - Filling up the DagBag from /home/airflow/.local/lib/python3.12/site-packages/airflow/example_dags/example_dynamic_task_mapping.py
[2025-07-01T01:32:44.305+0000] {processor.py:925} INFO - DAG(s) 'example_dynamic_task_mapping' retrieved from /home/airflow/.local/lib/python3.12/site-packages/airflow/example_dags/example_dynamic_task_mapping.py
[2025-07-01T01:32:44.326+0000] {logging_mixin.py:190} INFO - [2025-07-01T01:32:44.326+0000] {dag.py:3239} INFO - Sync 1 DAGs
[2025-07-01T01:32:44.341+0000] {logging_mixin.py:190} INFO - [2025-07-01T01:32:44.341+0000] {dag.py:4180} INFO - Setting next_dagrun for example_dynamic_task_mapping to None, run_after=None
[2025-07-01T01:32:44.360+0000] {processor.py:208} INFO - Processing /home/airflow/.local/lib/python3.12/site-packages/airflow/example_dags/example_dynamic_task_mapping.py took 0.078 seconds
[2025-07-01T01:33:16.582+0000] {processor.py:186} INFO - Started process (PID=3288) to work on /home/airflow/.local/lib/python3.12/site-packages/airflow/example_dags/example_dynamic_task_mapping.py
[2025-07-01T01:33:16.583+0000] {processor.py:914} INFO - Processing file /home/airflow/.local/lib/python3.12/site-packages/airflow/example_dags/example_dynamic_task_mapping.py for tasks to queue
[2025-07-01T01:33:16.586+0000] {logging_mixin.py:190} INFO - [2025-07-01T01:33:16.585+0000] {dagbag.py:588} INFO - Filling up the DagBag from /home/airflow/.local/lib/python3.12/site-packages/airflow/example_dags/example_dynamic_task_mapping.py
[2025-07-01T01:33:16.595+0000] {processor.py:925} INFO - DAG(s) 'example_dynamic_task_mapping' retrieved from /home/airflow/.local/lib/python3.12/site-packages/airflow/example_dags/example_dynamic_task_mapping.py
[2025-07-01T01:33:16.620+0000] {logging_mixin.py:190} INFO - [2025-07-01T01:33:16.620+0000] {dag.py:3239} INFO - Sync 1 DAGs
[2025-07-01T01:33:16.637+0000] {logging_mixin.py:190} INFO - [2025-07-01T01:33:16.637+0000] {dag.py:4180} INFO - Setting next_dagrun for example_dynamic_task_mapping to None, run_after=None
[2025-07-01T01:33:16.659+0000] {processor.py:208} INFO - Processing /home/airflow/.local/lib/python3.12/site-packages/airflow/example_dags/example_dynamic_task_mapping.py took 0.083 seconds
[2025-07-01T01:33:47.619+0000] {processor.py:186} INFO - Started process (PID=3350) to work on /home/airflow/.local/lib/python3.12/site-packages/airflow/example_dags/example_dynamic_task_mapping.py
[2025-07-01T01:33:47.620+0000] {processor.py:914} INFO - Processing file /home/airflow/.local/lib/python3.12/site-packages/airflow/example_dags/example_dynamic_task_mapping.py for tasks to queue
[2025-07-01T01:33:47.623+0000] {logging_mixin.py:190} INFO - [2025-07-01T01:33:47.622+0000] {dagbag.py:588} INFO - Filling up the DagBag from /home/airflow/.local/lib/python3.12/site-packages/airflow/example_dags/example_dynamic_task_mapping.py
[2025-07-01T01:33:47.632+0000] {processor.py:925} INFO - DAG(s) 'example_dynamic_task_mapping' retrieved from /home/airflow/.local/lib/python3.12/site-packages/airflow/example_dags/example_dynamic_task_mapping.py
[2025-07-01T01:33:47.654+0000] {logging_mixin.py:190} INFO - [2025-07-01T01:33:47.654+0000] {dag.py:3239} INFO - Sync 1 DAGs
[2025-07-01T01:33:47.871+0000] {logging_mixin.py:190} INFO - [2025-07-01T01:33:47.871+0000] {dag.py:4180} INFO - Setting next_dagrun for example_dynamic_task_mapping to None, run_after=None
[2025-07-01T01:33:47.890+0000] {processor.py:208} INFO - Processing /home/airflow/.local/lib/python3.12/site-packages/airflow/example_dags/example_dynamic_task_mapping.py took 0.277 seconds
[2025-07-01T01:34:18.157+0000] {processor.py:186} INFO - Started process (PID=3412) to work on /home/airflow/.local/lib/python3.12/site-packages/airflow/example_dags/example_dynamic_task_mapping.py
[2025-07-01T01:34:18.158+0000] {processor.py:914} INFO - Processing file /home/airflow/.local/lib/python3.12/site-packages/airflow/example_dags/example_dynamic_task_mapping.py for tasks to queue
[2025-07-01T01:34:18.162+0000] {logging_mixin.py:190} INFO - [2025-07-01T01:34:18.161+0000] {dagbag.py:588} INFO - Filling up the DagBag from /home/airflow/.local/lib/python3.12/site-packages/airflow/example_dags/example_dynamic_task_mapping.py
[2025-07-01T01:34:18.171+0000] {processor.py:925} INFO - DAG(s) 'example_dynamic_task_mapping' retrieved from /home/airflow/.local/lib/python3.12/site-packages/airflow/example_dags/example_dynamic_task_mapping.py
[2025-07-01T01:34:18.195+0000] {logging_mixin.py:190} INFO - [2025-07-01T01:34:18.194+0000] {dag.py:3239} INFO - Sync 1 DAGs
[2025-07-01T01:34:18.212+0000] {logging_mixin.py:190} INFO - [2025-07-01T01:34:18.211+0000] {dag.py:4180} INFO - Setting next_dagrun for example_dynamic_task_mapping to None, run_after=None
[2025-07-01T01:34:18.233+0000] {processor.py:208} INFO - Processing /home/airflow/.local/lib/python3.12/site-packages/airflow/example_dags/example_dynamic_task_mapping.py took 0.085 seconds
[2025-07-01T01:34:48.431+0000] {processor.py:186} INFO - Started process (PID=3474) to work on /home/airflow/.local/lib/python3.12/site-packages/airflow/example_dags/example_dynamic_task_mapping.py
[2025-07-01T01:34:48.433+0000] {processor.py:914} INFO - Processing file /home/airflow/.local/lib/python3.12/site-packages/airflow/example_dags/example_dynamic_task_mapping.py for tasks to queue
[2025-07-01T01:34:48.435+0000] {logging_mixin.py:190} INFO - [2025-07-01T01:34:48.435+0000] {dagbag.py:588} INFO - Filling up the DagBag from /home/airflow/.local/lib/python3.12/site-packages/airflow/example_dags/example_dynamic_task_mapping.py
[2025-07-01T01:34:48.445+0000] {processor.py:925} INFO - DAG(s) 'example_dynamic_task_mapping' retrieved from /home/airflow/.local/lib/python3.12/site-packages/airflow/example_dags/example_dynamic_task_mapping.py
[2025-07-01T01:34:48.464+0000] {logging_mixin.py:190} INFO - [2025-07-01T01:34:48.464+0000] {dag.py:3239} INFO - Sync 1 DAGs
[2025-07-01T01:34:48.479+0000] {logging_mixin.py:190} INFO - [2025-07-01T01:34:48.479+0000] {dag.py:4180} INFO - Setting next_dagrun for example_dynamic_task_mapping to None, run_after=None
[2025-07-01T01:34:48.497+0000] {processor.py:208} INFO - Processing /home/airflow/.local/lib/python3.12/site-packages/airflow/example_dags/example_dynamic_task_mapping.py took 0.072 seconds
[2025-07-01T01:35:20.301+0000] {processor.py:186} INFO - Started process (PID=3536) to work on /home/airflow/.local/lib/python3.12/site-packages/airflow/example_dags/example_dynamic_task_mapping.py
[2025-07-01T01:35:20.302+0000] {processor.py:914} INFO - Processing file /home/airflow/.local/lib/python3.12/site-packages/airflow/example_dags/example_dynamic_task_mapping.py for tasks to queue
[2025-07-01T01:35:20.304+0000] {logging_mixin.py:190} INFO - [2025-07-01T01:35:20.304+0000] {dagbag.py:588} INFO - Filling up the DagBag from /home/airflow/.local/lib/python3.12/site-packages/airflow/example_dags/example_dynamic_task_mapping.py
[2025-07-01T01:35:20.484+0000] {processor.py:925} INFO - DAG(s) 'example_dynamic_task_mapping' retrieved from /home/airflow/.local/lib/python3.12/site-packages/airflow/example_dags/example_dynamic_task_mapping.py
[2025-07-01T01:35:20.503+0000] {logging_mixin.py:190} INFO - [2025-07-01T01:35:20.503+0000] {dag.py:3239} INFO - Sync 1 DAGs
[2025-07-01T01:35:20.516+0000] {logging_mixin.py:190} INFO - [2025-07-01T01:35:20.516+0000] {dag.py:4180} INFO - Setting next_dagrun for example_dynamic_task_mapping to None, run_after=None
[2025-07-01T01:35:20.534+0000] {processor.py:208} INFO - Processing /home/airflow/.local/lib/python3.12/site-packages/airflow/example_dags/example_dynamic_task_mapping.py took 0.239 seconds
[2025-07-01T01:35:51.479+0000] {processor.py:186} INFO - Started process (PID=3598) to work on /home/airflow/.local/lib/python3.12/site-packages/airflow/example_dags/example_dynamic_task_mapping.py
[2025-07-01T01:35:51.481+0000] {processor.py:914} INFO - Processing file /home/airflow/.local/lib/python3.12/site-packages/airflow/example_dags/example_dynamic_task_mapping.py for tasks to queue
[2025-07-01T01:35:51.485+0000] {logging_mixin.py:190} INFO - [2025-07-01T01:35:51.485+0000] {dagbag.py:588} INFO - Filling up the DagBag from /home/airflow/.local/lib/python3.12/site-packages/airflow/example_dags/example_dynamic_task_mapping.py
[2025-07-01T01:35:51.498+0000] {processor.py:925} INFO - DAG(s) 'example_dynamic_task_mapping' retrieved from /home/airflow/.local/lib/python3.12/site-packages/airflow/example_dags/example_dynamic_task_mapping.py
[2025-07-01T01:35:51.530+0000] {logging_mixin.py:190} INFO - [2025-07-01T01:35:51.530+0000] {dag.py:3239} INFO - Sync 1 DAGs
[2025-07-01T01:35:51.553+0000] {logging_mixin.py:190} INFO - [2025-07-01T01:35:51.553+0000] {dag.py:4180} INFO - Setting next_dagrun for example_dynamic_task_mapping to None, run_after=None
[2025-07-01T01:35:51.583+0000] {processor.py:208} INFO - Processing /home/airflow/.local/lib/python3.12/site-packages/airflow/example_dags/example_dynamic_task_mapping.py took 0.112 seconds
[2025-07-01T01:36:21.686+0000] {processor.py:186} INFO - Started process (PID=3660) to work on /home/airflow/.local/lib/python3.12/site-packages/airflow/example_dags/example_dynamic_task_mapping.py
[2025-07-01T01:36:21.688+0000] {processor.py:914} INFO - Processing file /home/airflow/.local/lib/python3.12/site-packages/airflow/example_dags/example_dynamic_task_mapping.py for tasks to queue
[2025-07-01T01:36:21.690+0000] {logging_mixin.py:190} INFO - [2025-07-01T01:36:21.690+0000] {dagbag.py:588} INFO - Filling up the DagBag from /home/airflow/.local/lib/python3.12/site-packages/airflow/example_dags/example_dynamic_task_mapping.py
[2025-07-01T01:36:21.699+0000] {processor.py:925} INFO - DAG(s) 'example_dynamic_task_mapping' retrieved from /home/airflow/.local/lib/python3.12/site-packages/airflow/example_dags/example_dynamic_task_mapping.py
[2025-07-01T01:36:21.719+0000] {logging_mixin.py:190} INFO - [2025-07-01T01:36:21.719+0000] {dag.py:3239} INFO - Sync 1 DAGs
[2025-07-01T01:36:21.734+0000] {logging_mixin.py:190} INFO - [2025-07-01T01:36:21.734+0000] {dag.py:4180} INFO - Setting next_dagrun for example_dynamic_task_mapping to None, run_after=None
[2025-07-01T01:36:21.764+0000] {processor.py:208} INFO - Processing /home/airflow/.local/lib/python3.12/site-packages/airflow/example_dags/example_dynamic_task_mapping.py took 0.083 seconds
[2025-07-01T01:36:52.586+0000] {processor.py:186} INFO - Started process (PID=3722) to work on /home/airflow/.local/lib/python3.12/site-packages/airflow/example_dags/example_dynamic_task_mapping.py
[2025-07-01T01:36:52.587+0000] {processor.py:914} INFO - Processing file /home/airflow/.local/lib/python3.12/site-packages/airflow/example_dags/example_dynamic_task_mapping.py for tasks to queue
[2025-07-01T01:36:52.590+0000] {logging_mixin.py:190} INFO - [2025-07-01T01:36:52.590+0000] {dagbag.py:588} INFO - Filling up the DagBag from /home/airflow/.local/lib/python3.12/site-packages/airflow/example_dags/example_dynamic_task_mapping.py
[2025-07-01T01:36:52.600+0000] {processor.py:925} INFO - DAG(s) 'example_dynamic_task_mapping' retrieved from /home/airflow/.local/lib/python3.12/site-packages/airflow/example_dags/example_dynamic_task_mapping.py
[2025-07-01T01:36:52.624+0000] {logging_mixin.py:190} INFO - [2025-07-01T01:36:52.623+0000] {dag.py:3239} INFO - Sync 1 DAGs
[2025-07-01T01:36:52.638+0000] {logging_mixin.py:190} INFO - [2025-07-01T01:36:52.638+0000] {dag.py:4180} INFO - Setting next_dagrun for example_dynamic_task_mapping to None, run_after=None
[2025-07-01T01:36:52.658+0000] {processor.py:208} INFO - Processing /home/airflow/.local/lib/python3.12/site-packages/airflow/example_dags/example_dynamic_task_mapping.py took 0.079 seconds
[2025-07-01T01:37:22.752+0000] {processor.py:186} INFO - Started process (PID=3784) to work on /home/airflow/.local/lib/python3.12/site-packages/airflow/example_dags/example_dynamic_task_mapping.py
[2025-07-01T01:37:22.754+0000] {processor.py:914} INFO - Processing file /home/airflow/.local/lib/python3.12/site-packages/airflow/example_dags/example_dynamic_task_mapping.py for tasks to queue
[2025-07-01T01:37:22.756+0000] {logging_mixin.py:190} INFO - [2025-07-01T01:37:22.756+0000] {dagbag.py:588} INFO - Filling up the DagBag from /home/airflow/.local/lib/python3.12/site-packages/airflow/example_dags/example_dynamic_task_mapping.py
[2025-07-01T01:37:22.765+0000] {processor.py:925} INFO - DAG(s) 'example_dynamic_task_mapping' retrieved from /home/airflow/.local/lib/python3.12/site-packages/airflow/example_dags/example_dynamic_task_mapping.py
[2025-07-01T01:37:22.786+0000] {logging_mixin.py:190} INFO - [2025-07-01T01:37:22.786+0000] {dag.py:3239} INFO - Sync 1 DAGs
[2025-07-01T01:37:22.800+0000] {logging_mixin.py:190} INFO - [2025-07-01T01:37:22.800+0000] {dag.py:4180} INFO - Setting next_dagrun for example_dynamic_task_mapping to None, run_after=None
[2025-07-01T01:37:22.818+0000] {processor.py:208} INFO - Processing /home/airflow/.local/lib/python3.12/site-packages/airflow/example_dags/example_dynamic_task_mapping.py took 0.071 seconds
[2025-07-01T01:37:52.886+0000] {processor.py:186} INFO - Started process (PID=3846) to work on /home/airflow/.local/lib/python3.12/site-packages/airflow/example_dags/example_dynamic_task_mapping.py
[2025-07-01T01:37:52.887+0000] {processor.py:914} INFO - Processing file /home/airflow/.local/lib/python3.12/site-packages/airflow/example_dags/example_dynamic_task_mapping.py for tasks to queue
[2025-07-01T01:37:52.890+0000] {logging_mixin.py:190} INFO - [2025-07-01T01:37:52.889+0000] {dagbag.py:588} INFO - Filling up the DagBag from /home/airflow/.local/lib/python3.12/site-packages/airflow/example_dags/example_dynamic_task_mapping.py
[2025-07-01T01:37:52.898+0000] {processor.py:925} INFO - DAG(s) 'example_dynamic_task_mapping' retrieved from /home/airflow/.local/lib/python3.12/site-packages/airflow/example_dags/example_dynamic_task_mapping.py
[2025-07-01T01:37:52.917+0000] {logging_mixin.py:190} INFO - [2025-07-01T01:37:52.917+0000] {dag.py:3239} INFO - Sync 1 DAGs
[2025-07-01T01:37:52.931+0000] {logging_mixin.py:190} INFO - [2025-07-01T01:37:52.931+0000] {dag.py:4180} INFO - Setting next_dagrun for example_dynamic_task_mapping to None, run_after=None
[2025-07-01T01:37:52.949+0000] {processor.py:208} INFO - Processing /home/airflow/.local/lib/python3.12/site-packages/airflow/example_dags/example_dynamic_task_mapping.py took 0.068 seconds
[2025-07-01T01:38:23.759+0000] {processor.py:186} INFO - Started process (PID=3908) to work on /home/airflow/.local/lib/python3.12/site-packages/airflow/example_dags/example_dynamic_task_mapping.py
[2025-07-01T01:38:23.761+0000] {processor.py:914} INFO - Processing file /home/airflow/.local/lib/python3.12/site-packages/airflow/example_dags/example_dynamic_task_mapping.py for tasks to queue
[2025-07-01T01:38:23.765+0000] {logging_mixin.py:190} INFO - [2025-07-01T01:38:23.764+0000] {dagbag.py:588} INFO - Filling up the DagBag from /home/airflow/.local/lib/python3.12/site-packages/airflow/example_dags/example_dynamic_task_mapping.py
[2025-07-01T01:38:23.776+0000] {processor.py:925} INFO - DAG(s) 'example_dynamic_task_mapping' retrieved from /home/airflow/.local/lib/python3.12/site-packages/airflow/example_dags/example_dynamic_task_mapping.py
[2025-07-01T01:38:23.795+0000] {logging_mixin.py:190} INFO - [2025-07-01T01:38:23.795+0000] {dag.py:3239} INFO - Sync 1 DAGs
[2025-07-01T01:38:23.809+0000] {logging_mixin.py:190} INFO - [2025-07-01T01:38:23.809+0000] {dag.py:4180} INFO - Setting next_dagrun for example_dynamic_task_mapping to None, run_after=None
[2025-07-01T01:38:23.825+0000] {processor.py:208} INFO - Processing /home/airflow/.local/lib/python3.12/site-packages/airflow/example_dags/example_dynamic_task_mapping.py took 0.082 seconds
[2025-07-01T01:38:54.585+0000] {processor.py:186} INFO - Started process (PID=3970) to work on /home/airflow/.local/lib/python3.12/site-packages/airflow/example_dags/example_dynamic_task_mapping.py
[2025-07-01T01:38:54.586+0000] {processor.py:914} INFO - Processing file /home/airflow/.local/lib/python3.12/site-packages/airflow/example_dags/example_dynamic_task_mapping.py for tasks to queue
[2025-07-01T01:38:54.588+0000] {logging_mixin.py:190} INFO - [2025-07-01T01:38:54.588+0000] {dagbag.py:588} INFO - Filling up the DagBag from /home/airflow/.local/lib/python3.12/site-packages/airflow/example_dags/example_dynamic_task_mapping.py
[2025-07-01T01:38:54.596+0000] {processor.py:925} INFO - DAG(s) 'example_dynamic_task_mapping' retrieved from /home/airflow/.local/lib/python3.12/site-packages/airflow/example_dags/example_dynamic_task_mapping.py
[2025-07-01T01:38:54.615+0000] {logging_mixin.py:190} INFO - [2025-07-01T01:38:54.615+0000] {dag.py:3239} INFO - Sync 1 DAGs
[2025-07-01T01:38:54.631+0000] {logging_mixin.py:190} INFO - [2025-07-01T01:38:54.631+0000] {dag.py:4180} INFO - Setting next_dagrun for example_dynamic_task_mapping to None, run_after=None
[2025-07-01T01:38:54.649+0000] {processor.py:208} INFO - Processing /home/airflow/.local/lib/python3.12/site-packages/airflow/example_dags/example_dynamic_task_mapping.py took 0.069 seconds
[2025-07-01T01:39:25.164+0000] {processor.py:186} INFO - Started process (PID=4032) to work on /home/airflow/.local/lib/python3.12/site-packages/airflow/example_dags/example_dynamic_task_mapping.py
[2025-07-01T01:39:25.165+0000] {processor.py:914} INFO - Processing file /home/airflow/.local/lib/python3.12/site-packages/airflow/example_dags/example_dynamic_task_mapping.py for tasks to queue
[2025-07-01T01:39:25.168+0000] {logging_mixin.py:190} INFO - [2025-07-01T01:39:25.167+0000] {dagbag.py:588} INFO - Filling up the DagBag from /home/airflow/.local/lib/python3.12/site-packages/airflow/example_dags/example_dynamic_task_mapping.py
[2025-07-01T01:39:25.176+0000] {processor.py:925} INFO - DAG(s) 'example_dynamic_task_mapping' retrieved from /home/airflow/.local/lib/python3.12/site-packages/airflow/example_dags/example_dynamic_task_mapping.py
[2025-07-01T01:39:25.196+0000] {logging_mixin.py:190} INFO - [2025-07-01T01:39:25.196+0000] {dag.py:3239} INFO - Sync 1 DAGs
[2025-07-01T01:39:25.209+0000] {logging_mixin.py:190} INFO - [2025-07-01T01:39:25.209+0000] {dag.py:4180} INFO - Setting next_dagrun for example_dynamic_task_mapping to None, run_after=None
[2025-07-01T01:39:25.226+0000] {processor.py:208} INFO - Processing /home/airflow/.local/lib/python3.12/site-packages/airflow/example_dags/example_dynamic_task_mapping.py took 0.069 seconds
[2025-07-01T01:39:55.770+0000] {processor.py:186} INFO - Started process (PID=4094) to work on /home/airflow/.local/lib/python3.12/site-packages/airflow/example_dags/example_dynamic_task_mapping.py
[2025-07-01T01:39:55.771+0000] {processor.py:914} INFO - Processing file /home/airflow/.local/lib/python3.12/site-packages/airflow/example_dags/example_dynamic_task_mapping.py for tasks to queue
[2025-07-01T01:39:55.774+0000] {logging_mixin.py:190} INFO - [2025-07-01T01:39:55.773+0000] {dagbag.py:588} INFO - Filling up the DagBag from /home/airflow/.local/lib/python3.12/site-packages/airflow/example_dags/example_dynamic_task_mapping.py
[2025-07-01T01:39:55.782+0000] {processor.py:925} INFO - DAG(s) 'example_dynamic_task_mapping' retrieved from /home/airflow/.local/lib/python3.12/site-packages/airflow/example_dags/example_dynamic_task_mapping.py
[2025-07-01T01:39:55.800+0000] {logging_mixin.py:190} INFO - [2025-07-01T01:39:55.800+0000] {dag.py:3239} INFO - Sync 1 DAGs
[2025-07-01T01:39:55.814+0000] {logging_mixin.py:190} INFO - [2025-07-01T01:39:55.814+0000] {dag.py:4180} INFO - Setting next_dagrun for example_dynamic_task_mapping to None, run_after=None
[2025-07-01T01:39:55.831+0000] {processor.py:208} INFO - Processing /home/airflow/.local/lib/python3.12/site-packages/airflow/example_dags/example_dynamic_task_mapping.py took 0.067 seconds
[2025-07-01T01:40:26.311+0000] {processor.py:186} INFO - Started process (PID=4156) to work on /home/airflow/.local/lib/python3.12/site-packages/airflow/example_dags/example_dynamic_task_mapping.py
[2025-07-01T01:40:26.312+0000] {processor.py:914} INFO - Processing file /home/airflow/.local/lib/python3.12/site-packages/airflow/example_dags/example_dynamic_task_mapping.py for tasks to queue
[2025-07-01T01:40:26.315+0000] {logging_mixin.py:190} INFO - [2025-07-01T01:40:26.314+0000] {dagbag.py:588} INFO - Filling up the DagBag from /home/airflow/.local/lib/python3.12/site-packages/airflow/example_dags/example_dynamic_task_mapping.py
[2025-07-01T01:40:26.323+0000] {processor.py:925} INFO - DAG(s) 'example_dynamic_task_mapping' retrieved from /home/airflow/.local/lib/python3.12/site-packages/airflow/example_dags/example_dynamic_task_mapping.py
[2025-07-01T01:40:26.342+0000] {logging_mixin.py:190} INFO - [2025-07-01T01:40:26.342+0000] {dag.py:3239} INFO - Sync 1 DAGs
[2025-07-01T01:40:26.356+0000] {logging_mixin.py:190} INFO - [2025-07-01T01:40:26.356+0000] {dag.py:4180} INFO - Setting next_dagrun for example_dynamic_task_mapping to None, run_after=None
[2025-07-01T01:40:26.374+0000] {processor.py:208} INFO - Processing /home/airflow/.local/lib/python3.12/site-packages/airflow/example_dags/example_dynamic_task_mapping.py took 0.069 seconds
[2025-07-01T01:40:57.033+0000] {processor.py:186} INFO - Started process (PID=4225) to work on /home/airflow/.local/lib/python3.12/site-packages/airflow/example_dags/example_dynamic_task_mapping.py
[2025-07-01T01:40:57.034+0000] {processor.py:914} INFO - Processing file /home/airflow/.local/lib/python3.12/site-packages/airflow/example_dags/example_dynamic_task_mapping.py for tasks to queue
[2025-07-01T01:40:57.036+0000] {logging_mixin.py:190} INFO - [2025-07-01T01:40:57.036+0000] {dagbag.py:588} INFO - Filling up the DagBag from /home/airflow/.local/lib/python3.12/site-packages/airflow/example_dags/example_dynamic_task_mapping.py
[2025-07-01T01:40:57.044+0000] {processor.py:925} INFO - DAG(s) 'example_dynamic_task_mapping' retrieved from /home/airflow/.local/lib/python3.12/site-packages/airflow/example_dags/example_dynamic_task_mapping.py
[2025-07-01T01:40:57.066+0000] {logging_mixin.py:190} INFO - [2025-07-01T01:40:57.066+0000] {dag.py:3239} INFO - Sync 1 DAGs
[2025-07-01T01:40:57.080+0000] {logging_mixin.py:190} INFO - [2025-07-01T01:40:57.079+0000] {dag.py:4180} INFO - Setting next_dagrun for example_dynamic_task_mapping to None, run_after=None
[2025-07-01T01:40:57.098+0000] {processor.py:208} INFO - Processing /home/airflow/.local/lib/python3.12/site-packages/airflow/example_dags/example_dynamic_task_mapping.py took 0.072 seconds
[2025-07-01T01:41:27.362+0000] {processor.py:186} INFO - Started process (PID=4287) to work on /home/airflow/.local/lib/python3.12/site-packages/airflow/example_dags/example_dynamic_task_mapping.py
[2025-07-01T01:41:27.363+0000] {processor.py:914} INFO - Processing file /home/airflow/.local/lib/python3.12/site-packages/airflow/example_dags/example_dynamic_task_mapping.py for tasks to queue
[2025-07-01T01:41:27.366+0000] {logging_mixin.py:190} INFO - [2025-07-01T01:41:27.366+0000] {dagbag.py:588} INFO - Filling up the DagBag from /home/airflow/.local/lib/python3.12/site-packages/airflow/example_dags/example_dynamic_task_mapping.py
[2025-07-01T01:41:27.375+0000] {processor.py:925} INFO - DAG(s) 'example_dynamic_task_mapping' retrieved from /home/airflow/.local/lib/python3.12/site-packages/airflow/example_dags/example_dynamic_task_mapping.py
[2025-07-01T01:41:27.399+0000] {logging_mixin.py:190} INFO - [2025-07-01T01:41:27.399+0000] {dag.py:3239} INFO - Sync 1 DAGs
[2025-07-01T01:41:27.417+0000] {logging_mixin.py:190} INFO - [2025-07-01T01:41:27.417+0000] {dag.py:4180} INFO - Setting next_dagrun for example_dynamic_task_mapping to None, run_after=None
[2025-07-01T01:41:27.447+0000] {processor.py:208} INFO - Processing /home/airflow/.local/lib/python3.12/site-packages/airflow/example_dags/example_dynamic_task_mapping.py took 0.092 seconds
[2025-07-01T01:41:58.029+0000] {processor.py:186} INFO - Started process (PID=4348) to work on /home/airflow/.local/lib/python3.12/site-packages/airflow/example_dags/example_dynamic_task_mapping.py
[2025-07-01T01:41:58.031+0000] {processor.py:914} INFO - Processing file /home/airflow/.local/lib/python3.12/site-packages/airflow/example_dags/example_dynamic_task_mapping.py for tasks to queue
[2025-07-01T01:41:58.038+0000] {logging_mixin.py:190} INFO - [2025-07-01T01:41:58.037+0000] {dagbag.py:588} INFO - Filling up the DagBag from /home/airflow/.local/lib/python3.12/site-packages/airflow/example_dags/example_dynamic_task_mapping.py
[2025-07-01T01:41:58.054+0000] {processor.py:925} INFO - DAG(s) 'example_dynamic_task_mapping' retrieved from /home/airflow/.local/lib/python3.12/site-packages/airflow/example_dags/example_dynamic_task_mapping.py
[2025-07-01T01:41:58.079+0000] {logging_mixin.py:190} INFO - [2025-07-01T01:41:58.079+0000] {dag.py:3239} INFO - Sync 1 DAGs
[2025-07-01T01:41:58.103+0000] {logging_mixin.py:190} INFO - [2025-07-01T01:41:58.102+0000] {dag.py:4180} INFO - Setting next_dagrun for example_dynamic_task_mapping to None, run_after=None
[2025-07-01T01:41:58.134+0000] {processor.py:208} INFO - Processing /home/airflow/.local/lib/python3.12/site-packages/airflow/example_dags/example_dynamic_task_mapping.py took 0.116 seconds
[2025-07-01T01:42:28.816+0000] {processor.py:186} INFO - Started process (PID=4410) to work on /home/airflow/.local/lib/python3.12/site-packages/airflow/example_dags/example_dynamic_task_mapping.py
[2025-07-01T01:42:28.817+0000] {processor.py:914} INFO - Processing file /home/airflow/.local/lib/python3.12/site-packages/airflow/example_dags/example_dynamic_task_mapping.py for tasks to queue
[2025-07-01T01:42:28.820+0000] {logging_mixin.py:190} INFO - [2025-07-01T01:42:28.820+0000] {dagbag.py:588} INFO - Filling up the DagBag from /home/airflow/.local/lib/python3.12/site-packages/airflow/example_dags/example_dynamic_task_mapping.py
[2025-07-01T01:42:28.831+0000] {processor.py:925} INFO - DAG(s) 'example_dynamic_task_mapping' retrieved from /home/airflow/.local/lib/python3.12/site-packages/airflow/example_dags/example_dynamic_task_mapping.py
[2025-07-01T01:42:28.853+0000] {logging_mixin.py:190} INFO - [2025-07-01T01:42:28.853+0000] {dag.py:3239} INFO - Sync 1 DAGs
[2025-07-01T01:42:28.869+0000] {logging_mixin.py:190} INFO - [2025-07-01T01:42:28.868+0000] {dag.py:4180} INFO - Setting next_dagrun for example_dynamic_task_mapping to None, run_after=None
[2025-07-01T01:42:28.890+0000] {processor.py:208} INFO - Processing /home/airflow/.local/lib/python3.12/site-packages/airflow/example_dags/example_dynamic_task_mapping.py took 0.080 seconds
[2025-07-01T01:42:59.416+0000] {processor.py:186} INFO - Started process (PID=4472) to work on /home/airflow/.local/lib/python3.12/site-packages/airflow/example_dags/example_dynamic_task_mapping.py
[2025-07-01T01:42:59.417+0000] {processor.py:914} INFO - Processing file /home/airflow/.local/lib/python3.12/site-packages/airflow/example_dags/example_dynamic_task_mapping.py for tasks to queue
[2025-07-01T01:42:59.420+0000] {logging_mixin.py:190} INFO - [2025-07-01T01:42:59.419+0000] {dagbag.py:588} INFO - Filling up the DagBag from /home/airflow/.local/lib/python3.12/site-packages/airflow/example_dags/example_dynamic_task_mapping.py
[2025-07-01T01:42:59.428+0000] {processor.py:925} INFO - DAG(s) 'example_dynamic_task_mapping' retrieved from /home/airflow/.local/lib/python3.12/site-packages/airflow/example_dags/example_dynamic_task_mapping.py
[2025-07-01T01:42:59.449+0000] {logging_mixin.py:190} INFO - [2025-07-01T01:42:59.449+0000] {dag.py:3239} INFO - Sync 1 DAGs
[2025-07-01T01:42:59.463+0000] {logging_mixin.py:190} INFO - [2025-07-01T01:42:59.462+0000] {dag.py:4180} INFO - Setting next_dagrun for example_dynamic_task_mapping to None, run_after=None
[2025-07-01T01:42:59.479+0000] {processor.py:208} INFO - Processing /home/airflow/.local/lib/python3.12/site-packages/airflow/example_dags/example_dynamic_task_mapping.py took 0.069 seconds
[2025-07-01T01:43:30.061+0000] {processor.py:186} INFO - Started process (PID=4534) to work on /home/airflow/.local/lib/python3.12/site-packages/airflow/example_dags/example_dynamic_task_mapping.py
[2025-07-01T01:43:30.062+0000] {processor.py:914} INFO - Processing file /home/airflow/.local/lib/python3.12/site-packages/airflow/example_dags/example_dynamic_task_mapping.py for tasks to queue
[2025-07-01T01:43:30.065+0000] {logging_mixin.py:190} INFO - [2025-07-01T01:43:30.065+0000] {dagbag.py:588} INFO - Filling up the DagBag from /home/airflow/.local/lib/python3.12/site-packages/airflow/example_dags/example_dynamic_task_mapping.py
[2025-07-01T01:43:30.073+0000] {processor.py:925} INFO - DAG(s) 'example_dynamic_task_mapping' retrieved from /home/airflow/.local/lib/python3.12/site-packages/airflow/example_dags/example_dynamic_task_mapping.py
[2025-07-01T01:43:30.095+0000] {logging_mixin.py:190} INFO - [2025-07-01T01:43:30.094+0000] {dag.py:3239} INFO - Sync 1 DAGs
[2025-07-01T01:43:30.111+0000] {logging_mixin.py:190} INFO - [2025-07-01T01:43:30.110+0000] {dag.py:4180} INFO - Setting next_dagrun for example_dynamic_task_mapping to None, run_after=None
[2025-07-01T01:43:30.128+0000] {processor.py:208} INFO - Processing /home/airflow/.local/lib/python3.12/site-packages/airflow/example_dags/example_dynamic_task_mapping.py took 0.073 seconds
[2025-07-01T01:44:00.696+0000] {processor.py:186} INFO - Started process (PID=4596) to work on /home/airflow/.local/lib/python3.12/site-packages/airflow/example_dags/example_dynamic_task_mapping.py
[2025-07-01T01:44:00.697+0000] {processor.py:914} INFO - Processing file /home/airflow/.local/lib/python3.12/site-packages/airflow/example_dags/example_dynamic_task_mapping.py for tasks to queue
[2025-07-01T01:44:00.699+0000] {logging_mixin.py:190} INFO - [2025-07-01T01:44:00.699+0000] {dagbag.py:588} INFO - Filling up the DagBag from /home/airflow/.local/lib/python3.12/site-packages/airflow/example_dags/example_dynamic_task_mapping.py
[2025-07-01T01:44:00.709+0000] {processor.py:925} INFO - DAG(s) 'example_dynamic_task_mapping' retrieved from /home/airflow/.local/lib/python3.12/site-packages/airflow/example_dags/example_dynamic_task_mapping.py
[2025-07-01T01:44:00.729+0000] {logging_mixin.py:190} INFO - [2025-07-01T01:44:00.729+0000] {dag.py:3239} INFO - Sync 1 DAGs
[2025-07-01T01:44:00.743+0000] {logging_mixin.py:190} INFO - [2025-07-01T01:44:00.743+0000] {dag.py:4180} INFO - Setting next_dagrun for example_dynamic_task_mapping to None, run_after=None
[2025-07-01T01:44:00.759+0000] {processor.py:208} INFO - Processing /home/airflow/.local/lib/python3.12/site-packages/airflow/example_dags/example_dynamic_task_mapping.py took 0.069 seconds
[2025-07-01T01:44:31.528+0000] {processor.py:186} INFO - Started process (PID=4658) to work on /home/airflow/.local/lib/python3.12/site-packages/airflow/example_dags/example_dynamic_task_mapping.py
[2025-07-01T01:44:31.529+0000] {processor.py:914} INFO - Processing file /home/airflow/.local/lib/python3.12/site-packages/airflow/example_dags/example_dynamic_task_mapping.py for tasks to queue
[2025-07-01T01:44:31.532+0000] {logging_mixin.py:190} INFO - [2025-07-01T01:44:31.532+0000] {dagbag.py:588} INFO - Filling up the DagBag from /home/airflow/.local/lib/python3.12/site-packages/airflow/example_dags/example_dynamic_task_mapping.py
[2025-07-01T01:44:31.540+0000] {processor.py:925} INFO - DAG(s) 'example_dynamic_task_mapping' retrieved from /home/airflow/.local/lib/python3.12/site-packages/airflow/example_dags/example_dynamic_task_mapping.py
[2025-07-01T01:44:31.560+0000] {logging_mixin.py:190} INFO - [2025-07-01T01:44:31.560+0000] {dag.py:3239} INFO - Sync 1 DAGs
[2025-07-01T01:44:31.575+0000] {logging_mixin.py:190} INFO - [2025-07-01T01:44:31.574+0000] {dag.py:4180} INFO - Setting next_dagrun for example_dynamic_task_mapping to None, run_after=None
[2025-07-01T01:44:31.591+0000] {processor.py:208} INFO - Processing /home/airflow/.local/lib/python3.12/site-packages/airflow/example_dags/example_dynamic_task_mapping.py took 0.069 seconds
[2025-07-01T01:45:02.133+0000] {processor.py:186} INFO - Started process (PID=4720) to work on /home/airflow/.local/lib/python3.12/site-packages/airflow/example_dags/example_dynamic_task_mapping.py
[2025-07-01T01:45:02.135+0000] {processor.py:914} INFO - Processing file /home/airflow/.local/lib/python3.12/site-packages/airflow/example_dags/example_dynamic_task_mapping.py for tasks to queue
[2025-07-01T01:45:02.137+0000] {logging_mixin.py:190} INFO - [2025-07-01T01:45:02.137+0000] {dagbag.py:588} INFO - Filling up the DagBag from /home/airflow/.local/lib/python3.12/site-packages/airflow/example_dags/example_dynamic_task_mapping.py
[2025-07-01T01:45:02.146+0000] {processor.py:925} INFO - DAG(s) 'example_dynamic_task_mapping' retrieved from /home/airflow/.local/lib/python3.12/site-packages/airflow/example_dags/example_dynamic_task_mapping.py
[2025-07-01T01:45:02.166+0000] {logging_mixin.py:190} INFO - [2025-07-01T01:45:02.166+0000] {dag.py:3239} INFO - Sync 1 DAGs
[2025-07-01T01:45:02.182+0000] {logging_mixin.py:190} INFO - [2025-07-01T01:45:02.182+0000] {dag.py:4180} INFO - Setting next_dagrun for example_dynamic_task_mapping to None, run_after=None
[2025-07-01T01:45:02.202+0000] {processor.py:208} INFO - Processing /home/airflow/.local/lib/python3.12/site-packages/airflow/example_dags/example_dynamic_task_mapping.py took 0.075 seconds
[2025-07-01T01:45:33.051+0000] {processor.py:186} INFO - Started process (PID=4782) to work on /home/airflow/.local/lib/python3.12/site-packages/airflow/example_dags/example_dynamic_task_mapping.py
[2025-07-01T01:45:33.052+0000] {processor.py:914} INFO - Processing file /home/airflow/.local/lib/python3.12/site-packages/airflow/example_dags/example_dynamic_task_mapping.py for tasks to queue
[2025-07-01T01:45:33.054+0000] {logging_mixin.py:190} INFO - [2025-07-01T01:45:33.054+0000] {dagbag.py:588} INFO - Filling up the DagBag from /home/airflow/.local/lib/python3.12/site-packages/airflow/example_dags/example_dynamic_task_mapping.py
[2025-07-01T01:45:33.063+0000] {processor.py:925} INFO - DAG(s) 'example_dynamic_task_mapping' retrieved from /home/airflow/.local/lib/python3.12/site-packages/airflow/example_dags/example_dynamic_task_mapping.py
[2025-07-01T01:45:33.083+0000] {logging_mixin.py:190} INFO - [2025-07-01T01:45:33.083+0000] {dag.py:3239} INFO - Sync 1 DAGs
[2025-07-01T01:45:33.097+0000] {logging_mixin.py:190} INFO - [2025-07-01T01:45:33.097+0000] {dag.py:4180} INFO - Setting next_dagrun for example_dynamic_task_mapping to None, run_after=None
[2025-07-01T01:45:33.114+0000] {processor.py:208} INFO - Processing /home/airflow/.local/lib/python3.12/site-packages/airflow/example_dags/example_dynamic_task_mapping.py took 0.070 seconds
[2025-07-01T01:46:03.594+0000] {processor.py:186} INFO - Started process (PID=4844) to work on /home/airflow/.local/lib/python3.12/site-packages/airflow/example_dags/example_dynamic_task_mapping.py
[2025-07-01T01:46:03.595+0000] {processor.py:914} INFO - Processing file /home/airflow/.local/lib/python3.12/site-packages/airflow/example_dags/example_dynamic_task_mapping.py for tasks to queue
[2025-07-01T01:46:03.599+0000] {logging_mixin.py:190} INFO - [2025-07-01T01:46:03.598+0000] {dagbag.py:588} INFO - Filling up the DagBag from /home/airflow/.local/lib/python3.12/site-packages/airflow/example_dags/example_dynamic_task_mapping.py
[2025-07-01T01:46:03.611+0000] {processor.py:925} INFO - DAG(s) 'example_dynamic_task_mapping' retrieved from /home/airflow/.local/lib/python3.12/site-packages/airflow/example_dags/example_dynamic_task_mapping.py
[2025-07-01T01:46:03.642+0000] {logging_mixin.py:190} INFO - [2025-07-01T01:46:03.641+0000] {dag.py:3239} INFO - Sync 1 DAGs
[2025-07-01T01:46:03.659+0000] {logging_mixin.py:190} INFO - [2025-07-01T01:46:03.659+0000] {dag.py:4180} INFO - Setting next_dagrun for example_dynamic_task_mapping to None, run_after=None
[2025-07-01T01:46:03.680+0000] {processor.py:208} INFO - Processing /home/airflow/.local/lib/python3.12/site-packages/airflow/example_dags/example_dynamic_task_mapping.py took 0.095 seconds
[2025-07-01T01:46:34.121+0000] {processor.py:186} INFO - Started process (PID=4906) to work on /home/airflow/.local/lib/python3.12/site-packages/airflow/example_dags/example_dynamic_task_mapping.py
[2025-07-01T01:46:34.122+0000] {processor.py:914} INFO - Processing file /home/airflow/.local/lib/python3.12/site-packages/airflow/example_dags/example_dynamic_task_mapping.py for tasks to queue
[2025-07-01T01:46:34.125+0000] {logging_mixin.py:190} INFO - [2025-07-01T01:46:34.125+0000] {dagbag.py:588} INFO - Filling up the DagBag from /home/airflow/.local/lib/python3.12/site-packages/airflow/example_dags/example_dynamic_task_mapping.py
[2025-07-01T01:46:34.136+0000] {processor.py:925} INFO - DAG(s) 'example_dynamic_task_mapping' retrieved from /home/airflow/.local/lib/python3.12/site-packages/airflow/example_dags/example_dynamic_task_mapping.py
[2025-07-01T01:46:34.159+0000] {logging_mixin.py:190} INFO - [2025-07-01T01:46:34.158+0000] {dag.py:3239} INFO - Sync 1 DAGs
[2025-07-01T01:46:34.174+0000] {logging_mixin.py:190} INFO - [2025-07-01T01:46:34.174+0000] {dag.py:4180} INFO - Setting next_dagrun for example_dynamic_task_mapping to None, run_after=None
[2025-07-01T01:46:34.193+0000] {processor.py:208} INFO - Processing /home/airflow/.local/lib/python3.12/site-packages/airflow/example_dags/example_dynamic_task_mapping.py took 0.080 seconds
[2025-07-01T01:47:04.628+0000] {processor.py:186} INFO - Started process (PID=4968) to work on /home/airflow/.local/lib/python3.12/site-packages/airflow/example_dags/example_dynamic_task_mapping.py
[2025-07-01T01:47:04.629+0000] {processor.py:914} INFO - Processing file /home/airflow/.local/lib/python3.12/site-packages/airflow/example_dags/example_dynamic_task_mapping.py for tasks to queue
[2025-07-01T01:47:04.632+0000] {logging_mixin.py:190} INFO - [2025-07-01T01:47:04.632+0000] {dagbag.py:588} INFO - Filling up the DagBag from /home/airflow/.local/lib/python3.12/site-packages/airflow/example_dags/example_dynamic_task_mapping.py
[2025-07-01T01:47:04.641+0000] {processor.py:925} INFO - DAG(s) 'example_dynamic_task_mapping' retrieved from /home/airflow/.local/lib/python3.12/site-packages/airflow/example_dags/example_dynamic_task_mapping.py
[2025-07-01T01:47:04.663+0000] {logging_mixin.py:190} INFO - [2025-07-01T01:47:04.663+0000] {dag.py:3239} INFO - Sync 1 DAGs
[2025-07-01T01:47:04.681+0000] {logging_mixin.py:190} INFO - [2025-07-01T01:47:04.681+0000] {dag.py:4180} INFO - Setting next_dagrun for example_dynamic_task_mapping to None, run_after=None
[2025-07-01T01:47:04.699+0000] {processor.py:208} INFO - Processing /home/airflow/.local/lib/python3.12/site-packages/airflow/example_dags/example_dynamic_task_mapping.py took 0.076 seconds
[2025-07-01T01:47:35.351+0000] {processor.py:186} INFO - Started process (PID=5030) to work on /home/airflow/.local/lib/python3.12/site-packages/airflow/example_dags/example_dynamic_task_mapping.py
[2025-07-01T01:47:35.353+0000] {processor.py:914} INFO - Processing file /home/airflow/.local/lib/python3.12/site-packages/airflow/example_dags/example_dynamic_task_mapping.py for tasks to queue
[2025-07-01T01:47:35.355+0000] {logging_mixin.py:190} INFO - [2025-07-01T01:47:35.355+0000] {dagbag.py:588} INFO - Filling up the DagBag from /home/airflow/.local/lib/python3.12/site-packages/airflow/example_dags/example_dynamic_task_mapping.py
[2025-07-01T01:47:35.366+0000] {processor.py:925} INFO - DAG(s) 'example_dynamic_task_mapping' retrieved from /home/airflow/.local/lib/python3.12/site-packages/airflow/example_dags/example_dynamic_task_mapping.py
[2025-07-01T01:47:35.387+0000] {logging_mixin.py:190} INFO - [2025-07-01T01:47:35.386+0000] {dag.py:3239} INFO - Sync 1 DAGs
[2025-07-01T01:47:35.401+0000] {logging_mixin.py:190} INFO - [2025-07-01T01:47:35.401+0000] {dag.py:4180} INFO - Setting next_dagrun for example_dynamic_task_mapping to None, run_after=None
[2025-07-01T01:47:35.418+0000] {processor.py:208} INFO - Processing /home/airflow/.local/lib/python3.12/site-packages/airflow/example_dags/example_dynamic_task_mapping.py took 0.073 seconds
[2025-07-01T01:48:06.265+0000] {processor.py:186} INFO - Started process (PID=5092) to work on /home/airflow/.local/lib/python3.12/site-packages/airflow/example_dags/example_dynamic_task_mapping.py
[2025-07-01T01:48:06.266+0000] {processor.py:914} INFO - Processing file /home/airflow/.local/lib/python3.12/site-packages/airflow/example_dags/example_dynamic_task_mapping.py for tasks to queue
[2025-07-01T01:48:06.270+0000] {logging_mixin.py:190} INFO - [2025-07-01T01:48:06.269+0000] {dagbag.py:588} INFO - Filling up the DagBag from /home/airflow/.local/lib/python3.12/site-packages/airflow/example_dags/example_dynamic_task_mapping.py
[2025-07-01T01:48:06.280+0000] {processor.py:925} INFO - DAG(s) 'example_dynamic_task_mapping' retrieved from /home/airflow/.local/lib/python3.12/site-packages/airflow/example_dags/example_dynamic_task_mapping.py
[2025-07-01T01:48:06.309+0000] {logging_mixin.py:190} INFO - [2025-07-01T01:48:06.309+0000] {dag.py:3239} INFO - Sync 1 DAGs
[2025-07-01T01:48:06.342+0000] {logging_mixin.py:190} INFO - [2025-07-01T01:48:06.342+0000] {dag.py:4180} INFO - Setting next_dagrun for example_dynamic_task_mapping to None, run_after=None
[2025-07-01T01:48:06.362+0000] {processor.py:208} INFO - Processing /home/airflow/.local/lib/python3.12/site-packages/airflow/example_dags/example_dynamic_task_mapping.py took 0.103 seconds
[2025-07-01T01:48:36.628+0000] {processor.py:186} INFO - Started process (PID=5154) to work on /home/airflow/.local/lib/python3.12/site-packages/airflow/example_dags/example_dynamic_task_mapping.py
[2025-07-01T01:48:36.629+0000] {processor.py:914} INFO - Processing file /home/airflow/.local/lib/python3.12/site-packages/airflow/example_dags/example_dynamic_task_mapping.py for tasks to queue
[2025-07-01T01:48:36.633+0000] {logging_mixin.py:190} INFO - [2025-07-01T01:48:36.632+0000] {dagbag.py:588} INFO - Filling up the DagBag from /home/airflow/.local/lib/python3.12/site-packages/airflow/example_dags/example_dynamic_task_mapping.py
[2025-07-01T01:48:36.644+0000] {processor.py:925} INFO - DAG(s) 'example_dynamic_task_mapping' retrieved from /home/airflow/.local/lib/python3.12/site-packages/airflow/example_dags/example_dynamic_task_mapping.py
[2025-07-01T01:48:36.668+0000] {logging_mixin.py:190} INFO - [2025-07-01T01:48:36.668+0000] {dag.py:3239} INFO - Sync 1 DAGs
[2025-07-01T01:48:36.685+0000] {logging_mixin.py:190} INFO - [2025-07-01T01:48:36.685+0000] {dag.py:4180} INFO - Setting next_dagrun for example_dynamic_task_mapping to None, run_after=None
[2025-07-01T01:48:36.709+0000] {processor.py:208} INFO - Processing /home/airflow/.local/lib/python3.12/site-packages/airflow/example_dags/example_dynamic_task_mapping.py took 0.090 seconds
[2025-07-01T01:49:07.636+0000] {processor.py:186} INFO - Started process (PID=5217) to work on /home/airflow/.local/lib/python3.12/site-packages/airflow/example_dags/example_dynamic_task_mapping.py
[2025-07-01T01:49:07.638+0000] {processor.py:914} INFO - Processing file /home/airflow/.local/lib/python3.12/site-packages/airflow/example_dags/example_dynamic_task_mapping.py for tasks to queue
[2025-07-01T01:49:07.642+0000] {logging_mixin.py:190} INFO - [2025-07-01T01:49:07.641+0000] {dagbag.py:588} INFO - Filling up the DagBag from /home/airflow/.local/lib/python3.12/site-packages/airflow/example_dags/example_dynamic_task_mapping.py
[2025-07-01T01:49:07.653+0000] {processor.py:925} INFO - DAG(s) 'example_dynamic_task_mapping' retrieved from /home/airflow/.local/lib/python3.12/site-packages/airflow/example_dags/example_dynamic_task_mapping.py
[2025-07-01T01:49:07.679+0000] {logging_mixin.py:190} INFO - [2025-07-01T01:49:07.679+0000] {dag.py:3239} INFO - Sync 1 DAGs
[2025-07-01T01:49:07.698+0000] {logging_mixin.py:190} INFO - [2025-07-01T01:49:07.698+0000] {dag.py:4180} INFO - Setting next_dagrun for example_dynamic_task_mapping to None, run_after=None
[2025-07-01T01:49:07.717+0000] {processor.py:208} INFO - Processing /home/airflow/.local/lib/python3.12/site-packages/airflow/example_dags/example_dynamic_task_mapping.py took 0.090 seconds
[2025-07-01T01:49:38.283+0000] {processor.py:186} INFO - Started process (PID=5279) to work on /home/airflow/.local/lib/python3.12/site-packages/airflow/example_dags/example_dynamic_task_mapping.py
[2025-07-01T01:49:38.284+0000] {processor.py:914} INFO - Processing file /home/airflow/.local/lib/python3.12/site-packages/airflow/example_dags/example_dynamic_task_mapping.py for tasks to queue
[2025-07-01T01:49:38.288+0000] {logging_mixin.py:190} INFO - [2025-07-01T01:49:38.287+0000] {dagbag.py:588} INFO - Filling up the DagBag from /home/airflow/.local/lib/python3.12/site-packages/airflow/example_dags/example_dynamic_task_mapping.py
[2025-07-01T01:49:38.299+0000] {processor.py:925} INFO - DAG(s) 'example_dynamic_task_mapping' retrieved from /home/airflow/.local/lib/python3.12/site-packages/airflow/example_dags/example_dynamic_task_mapping.py
[2025-07-01T01:49:38.324+0000] {logging_mixin.py:190} INFO - [2025-07-01T01:49:38.324+0000] {dag.py:3239} INFO - Sync 1 DAGs
[2025-07-01T01:49:38.340+0000] {logging_mixin.py:190} INFO - [2025-07-01T01:49:38.339+0000] {dag.py:4180} INFO - Setting next_dagrun for example_dynamic_task_mapping to None, run_after=None
[2025-07-01T01:49:38.356+0000] {processor.py:208} INFO - Processing /home/airflow/.local/lib/python3.12/site-packages/airflow/example_dags/example_dynamic_task_mapping.py took 0.081 seconds
[2025-07-01T01:50:09.798+0000] {processor.py:186} INFO - Started process (PID=5341) to work on /home/airflow/.local/lib/python3.12/site-packages/airflow/example_dags/example_dynamic_task_mapping.py
[2025-07-01T01:50:09.799+0000] {processor.py:914} INFO - Processing file /home/airflow/.local/lib/python3.12/site-packages/airflow/example_dags/example_dynamic_task_mapping.py for tasks to queue
[2025-07-01T01:50:09.802+0000] {logging_mixin.py:190} INFO - [2025-07-01T01:50:09.802+0000] {dagbag.py:588} INFO - Filling up the DagBag from /home/airflow/.local/lib/python3.12/site-packages/airflow/example_dags/example_dynamic_task_mapping.py
[2025-07-01T01:50:09.814+0000] {processor.py:925} INFO - DAG(s) 'example_dynamic_task_mapping' retrieved from /home/airflow/.local/lib/python3.12/site-packages/airflow/example_dags/example_dynamic_task_mapping.py
[2025-07-01T01:50:09.837+0000] {logging_mixin.py:190} INFO - [2025-07-01T01:50:09.837+0000] {dag.py:3239} INFO - Sync 1 DAGs
[2025-07-01T01:50:09.852+0000] {logging_mixin.py:190} INFO - [2025-07-01T01:50:09.852+0000] {dag.py:4180} INFO - Setting next_dagrun for example_dynamic_task_mapping to None, run_after=None
[2025-07-01T01:50:09.870+0000] {processor.py:208} INFO - Processing /home/airflow/.local/lib/python3.12/site-packages/airflow/example_dags/example_dynamic_task_mapping.py took 0.080 seconds
[2025-07-01T01:50:40.903+0000] {processor.py:186} INFO - Started process (PID=5403) to work on /home/airflow/.local/lib/python3.12/site-packages/airflow/example_dags/example_dynamic_task_mapping.py
[2025-07-01T01:50:40.906+0000] {processor.py:914} INFO - Processing file /home/airflow/.local/lib/python3.12/site-packages/airflow/example_dags/example_dynamic_task_mapping.py for tasks to queue
[2025-07-01T01:50:40.909+0000] {logging_mixin.py:190} INFO - [2025-07-01T01:50:40.909+0000] {dagbag.py:588} INFO - Filling up the DagBag from /home/airflow/.local/lib/python3.12/site-packages/airflow/example_dags/example_dynamic_task_mapping.py
[2025-07-01T01:50:40.919+0000] {processor.py:925} INFO - DAG(s) 'example_dynamic_task_mapping' retrieved from /home/airflow/.local/lib/python3.12/site-packages/airflow/example_dags/example_dynamic_task_mapping.py
[2025-07-01T01:50:40.942+0000] {logging_mixin.py:190} INFO - [2025-07-01T01:50:40.941+0000] {dag.py:3239} INFO - Sync 1 DAGs
[2025-07-01T01:50:40.958+0000] {logging_mixin.py:190} INFO - [2025-07-01T01:50:40.957+0000] {dag.py:4180} INFO - Setting next_dagrun for example_dynamic_task_mapping to None, run_after=None
[2025-07-01T01:50:40.978+0000] {processor.py:208} INFO - Processing /home/airflow/.local/lib/python3.12/site-packages/airflow/example_dags/example_dynamic_task_mapping.py took 0.081 seconds
[2025-07-01T01:51:11.502+0000] {processor.py:186} INFO - Started process (PID=5465) to work on /home/airflow/.local/lib/python3.12/site-packages/airflow/example_dags/example_dynamic_task_mapping.py
[2025-07-01T01:51:11.503+0000] {processor.py:914} INFO - Processing file /home/airflow/.local/lib/python3.12/site-packages/airflow/example_dags/example_dynamic_task_mapping.py for tasks to queue
[2025-07-01T01:51:11.506+0000] {logging_mixin.py:190} INFO - [2025-07-01T01:51:11.505+0000] {dagbag.py:588} INFO - Filling up the DagBag from /home/airflow/.local/lib/python3.12/site-packages/airflow/example_dags/example_dynamic_task_mapping.py
[2025-07-01T01:51:11.515+0000] {processor.py:925} INFO - DAG(s) 'example_dynamic_task_mapping' retrieved from /home/airflow/.local/lib/python3.12/site-packages/airflow/example_dags/example_dynamic_task_mapping.py
[2025-07-01T01:51:11.534+0000] {logging_mixin.py:190} INFO - [2025-07-01T01:51:11.534+0000] {dag.py:3239} INFO - Sync 1 DAGs
[2025-07-01T01:51:11.548+0000] {logging_mixin.py:190} INFO - [2025-07-01T01:51:11.548+0000] {dag.py:4180} INFO - Setting next_dagrun for example_dynamic_task_mapping to None, run_after=None
[2025-07-01T01:51:11.565+0000] {processor.py:208} INFO - Processing /home/airflow/.local/lib/python3.12/site-packages/airflow/example_dags/example_dynamic_task_mapping.py took 0.069 seconds
[2025-07-01T01:51:42.224+0000] {processor.py:186} INFO - Started process (PID=5527) to work on /home/airflow/.local/lib/python3.12/site-packages/airflow/example_dags/example_dynamic_task_mapping.py
[2025-07-01T01:51:42.225+0000] {processor.py:914} INFO - Processing file /home/airflow/.local/lib/python3.12/site-packages/airflow/example_dags/example_dynamic_task_mapping.py for tasks to queue
[2025-07-01T01:51:42.227+0000] {logging_mixin.py:190} INFO - [2025-07-01T01:51:42.227+0000] {dagbag.py:588} INFO - Filling up the DagBag from /home/airflow/.local/lib/python3.12/site-packages/airflow/example_dags/example_dynamic_task_mapping.py
[2025-07-01T01:51:42.236+0000] {processor.py:925} INFO - DAG(s) 'example_dynamic_task_mapping' retrieved from /home/airflow/.local/lib/python3.12/site-packages/airflow/example_dags/example_dynamic_task_mapping.py
[2025-07-01T01:51:42.257+0000] {logging_mixin.py:190} INFO - [2025-07-01T01:51:42.257+0000] {dag.py:3239} INFO - Sync 1 DAGs
[2025-07-01T01:51:42.271+0000] {logging_mixin.py:190} INFO - [2025-07-01T01:51:42.270+0000] {dag.py:4180} INFO - Setting next_dagrun for example_dynamic_task_mapping to None, run_after=None
[2025-07-01T01:51:42.288+0000] {processor.py:208} INFO - Processing /home/airflow/.local/lib/python3.12/site-packages/airflow/example_dags/example_dynamic_task_mapping.py took 0.070 seconds
[2025-07-01T01:52:13.352+0000] {processor.py:186} INFO - Started process (PID=5589) to work on /home/airflow/.local/lib/python3.12/site-packages/airflow/example_dags/example_dynamic_task_mapping.py
[2025-07-01T01:52:13.353+0000] {processor.py:914} INFO - Processing file /home/airflow/.local/lib/python3.12/site-packages/airflow/example_dags/example_dynamic_task_mapping.py for tasks to queue
[2025-07-01T01:52:13.356+0000] {logging_mixin.py:190} INFO - [2025-07-01T01:52:13.355+0000] {dagbag.py:588} INFO - Filling up the DagBag from /home/airflow/.local/lib/python3.12/site-packages/airflow/example_dags/example_dynamic_task_mapping.py
[2025-07-01T01:52:13.365+0000] {processor.py:925} INFO - DAG(s) 'example_dynamic_task_mapping' retrieved from /home/airflow/.local/lib/python3.12/site-packages/airflow/example_dags/example_dynamic_task_mapping.py
[2025-07-01T01:52:13.385+0000] {logging_mixin.py:190} INFO - [2025-07-01T01:52:13.385+0000] {dag.py:3239} INFO - Sync 1 DAGs
[2025-07-01T01:52:13.401+0000] {logging_mixin.py:190} INFO - [2025-07-01T01:52:13.400+0000] {dag.py:4180} INFO - Setting next_dagrun for example_dynamic_task_mapping to None, run_after=None
[2025-07-01T01:52:13.417+0000] {processor.py:208} INFO - Processing /home/airflow/.local/lib/python3.12/site-packages/airflow/example_dags/example_dynamic_task_mapping.py took 0.072 seconds
[2025-07-01T01:52:43.589+0000] {processor.py:186} INFO - Started process (PID=5651) to work on /home/airflow/.local/lib/python3.12/site-packages/airflow/example_dags/example_dynamic_task_mapping.py
[2025-07-01T01:52:43.590+0000] {processor.py:914} INFO - Processing file /home/airflow/.local/lib/python3.12/site-packages/airflow/example_dags/example_dynamic_task_mapping.py for tasks to queue
[2025-07-01T01:52:43.593+0000] {logging_mixin.py:190} INFO - [2025-07-01T01:52:43.592+0000] {dagbag.py:588} INFO - Filling up the DagBag from /home/airflow/.local/lib/python3.12/site-packages/airflow/example_dags/example_dynamic_task_mapping.py
[2025-07-01T01:52:43.601+0000] {processor.py:925} INFO - DAG(s) 'example_dynamic_task_mapping' retrieved from /home/airflow/.local/lib/python3.12/site-packages/airflow/example_dags/example_dynamic_task_mapping.py
[2025-07-01T01:52:43.621+0000] {logging_mixin.py:190} INFO - [2025-07-01T01:52:43.621+0000] {dag.py:3239} INFO - Sync 1 DAGs
[2025-07-01T01:52:43.636+0000] {logging_mixin.py:190} INFO - [2025-07-01T01:52:43.635+0000] {dag.py:4180} INFO - Setting next_dagrun for example_dynamic_task_mapping to None, run_after=None
[2025-07-01T01:52:43.655+0000] {processor.py:208} INFO - Processing /home/airflow/.local/lib/python3.12/site-packages/airflow/example_dags/example_dynamic_task_mapping.py took 0.072 seconds
[2025-07-01T01:53:13.856+0000] {processor.py:186} INFO - Started process (PID=5713) to work on /home/airflow/.local/lib/python3.12/site-packages/airflow/example_dags/example_dynamic_task_mapping.py
[2025-07-01T01:53:13.858+0000] {processor.py:914} INFO - Processing file /home/airflow/.local/lib/python3.12/site-packages/airflow/example_dags/example_dynamic_task_mapping.py for tasks to queue
[2025-07-01T01:53:13.861+0000] {logging_mixin.py:190} INFO - [2025-07-01T01:53:13.861+0000] {dagbag.py:588} INFO - Filling up the DagBag from /home/airflow/.local/lib/python3.12/site-packages/airflow/example_dags/example_dynamic_task_mapping.py
[2025-07-01T01:53:13.872+0000] {processor.py:925} INFO - DAG(s) 'example_dynamic_task_mapping' retrieved from /home/airflow/.local/lib/python3.12/site-packages/airflow/example_dags/example_dynamic_task_mapping.py
[2025-07-01T01:53:13.898+0000] {logging_mixin.py:190} INFO - [2025-07-01T01:53:13.897+0000] {dag.py:3239} INFO - Sync 1 DAGs
[2025-07-01T01:53:13.912+0000] {logging_mixin.py:190} INFO - [2025-07-01T01:53:13.912+0000] {dag.py:4180} INFO - Setting next_dagrun for example_dynamic_task_mapping to None, run_after=None
[2025-07-01T01:53:13.936+0000] {processor.py:208} INFO - Processing /home/airflow/.local/lib/python3.12/site-packages/airflow/example_dags/example_dynamic_task_mapping.py took 0.088 seconds
[2025-07-01T01:53:44.390+0000] {processor.py:186} INFO - Started process (PID=5775) to work on /home/airflow/.local/lib/python3.12/site-packages/airflow/example_dags/example_dynamic_task_mapping.py
[2025-07-01T01:53:44.391+0000] {processor.py:914} INFO - Processing file /home/airflow/.local/lib/python3.12/site-packages/airflow/example_dags/example_dynamic_task_mapping.py for tasks to queue
[2025-07-01T01:53:44.394+0000] {logging_mixin.py:190} INFO - [2025-07-01T01:53:44.394+0000] {dagbag.py:588} INFO - Filling up the DagBag from /home/airflow/.local/lib/python3.12/site-packages/airflow/example_dags/example_dynamic_task_mapping.py
[2025-07-01T01:53:44.402+0000] {processor.py:925} INFO - DAG(s) 'example_dynamic_task_mapping' retrieved from /home/airflow/.local/lib/python3.12/site-packages/airflow/example_dags/example_dynamic_task_mapping.py
[2025-07-01T01:53:44.422+0000] {logging_mixin.py:190} INFO - [2025-07-01T01:53:44.422+0000] {dag.py:3239} INFO - Sync 1 DAGs
[2025-07-01T01:53:44.436+0000] {logging_mixin.py:190} INFO - [2025-07-01T01:53:44.436+0000] {dag.py:4180} INFO - Setting next_dagrun for example_dynamic_task_mapping to None, run_after=None
[2025-07-01T01:53:44.453+0000] {processor.py:208} INFO - Processing /home/airflow/.local/lib/python3.12/site-packages/airflow/example_dags/example_dynamic_task_mapping.py took 0.069 seconds
[2025-07-01T01:54:14.591+0000] {processor.py:186} INFO - Started process (PID=5837) to work on /home/airflow/.local/lib/python3.12/site-packages/airflow/example_dags/example_dynamic_task_mapping.py
[2025-07-01T01:54:14.592+0000] {processor.py:914} INFO - Processing file /home/airflow/.local/lib/python3.12/site-packages/airflow/example_dags/example_dynamic_task_mapping.py for tasks to queue
[2025-07-01T01:54:14.595+0000] {logging_mixin.py:190} INFO - [2025-07-01T01:54:14.595+0000] {dagbag.py:588} INFO - Filling up the DagBag from /home/airflow/.local/lib/python3.12/site-packages/airflow/example_dags/example_dynamic_task_mapping.py
[2025-07-01T01:54:14.604+0000] {processor.py:925} INFO - DAG(s) 'example_dynamic_task_mapping' retrieved from /home/airflow/.local/lib/python3.12/site-packages/airflow/example_dags/example_dynamic_task_mapping.py
[2025-07-01T01:54:14.625+0000] {logging_mixin.py:190} INFO - [2025-07-01T01:54:14.625+0000] {dag.py:3239} INFO - Sync 1 DAGs
[2025-07-01T01:54:14.640+0000] {logging_mixin.py:190} INFO - [2025-07-01T01:54:14.640+0000] {dag.py:4180} INFO - Setting next_dagrun for example_dynamic_task_mapping to None, run_after=None
[2025-07-01T01:54:14.660+0000] {processor.py:208} INFO - Processing /home/airflow/.local/lib/python3.12/site-packages/airflow/example_dags/example_dynamic_task_mapping.py took 0.076 seconds
[2025-07-01T01:54:45.633+0000] {processor.py:186} INFO - Started process (PID=5899) to work on /home/airflow/.local/lib/python3.12/site-packages/airflow/example_dags/example_dynamic_task_mapping.py
[2025-07-01T01:54:45.634+0000] {processor.py:914} INFO - Processing file /home/airflow/.local/lib/python3.12/site-packages/airflow/example_dags/example_dynamic_task_mapping.py for tasks to queue
[2025-07-01T01:54:45.636+0000] {logging_mixin.py:190} INFO - [2025-07-01T01:54:45.636+0000] {dagbag.py:588} INFO - Filling up the DagBag from /home/airflow/.local/lib/python3.12/site-packages/airflow/example_dags/example_dynamic_task_mapping.py
[2025-07-01T01:54:45.645+0000] {processor.py:925} INFO - DAG(s) 'example_dynamic_task_mapping' retrieved from /home/airflow/.local/lib/python3.12/site-packages/airflow/example_dags/example_dynamic_task_mapping.py
[2025-07-01T01:54:45.664+0000] {logging_mixin.py:190} INFO - [2025-07-01T01:54:45.664+0000] {dag.py:3239} INFO - Sync 1 DAGs
[2025-07-01T01:54:45.678+0000] {logging_mixin.py:190} INFO - [2025-07-01T01:54:45.678+0000] {dag.py:4180} INFO - Setting next_dagrun for example_dynamic_task_mapping to None, run_after=None
[2025-07-01T01:54:45.695+0000] {processor.py:208} INFO - Processing /home/airflow/.local/lib/python3.12/site-packages/airflow/example_dags/example_dynamic_task_mapping.py took 0.069 seconds
[2025-07-01T01:55:16.707+0000] {processor.py:186} INFO - Started process (PID=5961) to work on /home/airflow/.local/lib/python3.12/site-packages/airflow/example_dags/example_dynamic_task_mapping.py
[2025-07-01T01:55:16.708+0000] {processor.py:914} INFO - Processing file /home/airflow/.local/lib/python3.12/site-packages/airflow/example_dags/example_dynamic_task_mapping.py for tasks to queue
[2025-07-01T01:55:16.710+0000] {logging_mixin.py:190} INFO - [2025-07-01T01:55:16.710+0000] {dagbag.py:588} INFO - Filling up the DagBag from /home/airflow/.local/lib/python3.12/site-packages/airflow/example_dags/example_dynamic_task_mapping.py
[2025-07-01T01:55:16.719+0000] {processor.py:925} INFO - DAG(s) 'example_dynamic_task_mapping' retrieved from /home/airflow/.local/lib/python3.12/site-packages/airflow/example_dags/example_dynamic_task_mapping.py
[2025-07-01T01:55:16.737+0000] {logging_mixin.py:190} INFO - [2025-07-01T01:55:16.737+0000] {dag.py:3239} INFO - Sync 1 DAGs
[2025-07-01T01:55:16.751+0000] {logging_mixin.py:190} INFO - [2025-07-01T01:55:16.751+0000] {dag.py:4180} INFO - Setting next_dagrun for example_dynamic_task_mapping to None, run_after=None
[2025-07-01T01:55:16.772+0000] {processor.py:208} INFO - Processing /home/airflow/.local/lib/python3.12/site-packages/airflow/example_dags/example_dynamic_task_mapping.py took 0.071 seconds
[2025-07-01T01:55:47.556+0000] {processor.py:186} INFO - Started process (PID=6023) to work on /home/airflow/.local/lib/python3.12/site-packages/airflow/example_dags/example_dynamic_task_mapping.py
[2025-07-01T01:55:47.557+0000] {processor.py:914} INFO - Processing file /home/airflow/.local/lib/python3.12/site-packages/airflow/example_dags/example_dynamic_task_mapping.py for tasks to queue
[2025-07-01T01:55:47.561+0000] {logging_mixin.py:190} INFO - [2025-07-01T01:55:47.560+0000] {dagbag.py:588} INFO - Filling up the DagBag from /home/airflow/.local/lib/python3.12/site-packages/airflow/example_dags/example_dynamic_task_mapping.py
[2025-07-01T01:55:47.571+0000] {processor.py:925} INFO - DAG(s) 'example_dynamic_task_mapping' retrieved from /home/airflow/.local/lib/python3.12/site-packages/airflow/example_dags/example_dynamic_task_mapping.py
[2025-07-01T01:55:47.594+0000] {logging_mixin.py:190} INFO - [2025-07-01T01:55:47.594+0000] {dag.py:3239} INFO - Sync 1 DAGs
[2025-07-01T01:55:47.613+0000] {logging_mixin.py:190} INFO - [2025-07-01T01:55:47.612+0000] {dag.py:4180} INFO - Setting next_dagrun for example_dynamic_task_mapping to None, run_after=None
[2025-07-01T01:55:47.636+0000] {processor.py:208} INFO - Processing /home/airflow/.local/lib/python3.12/site-packages/airflow/example_dags/example_dynamic_task_mapping.py took 0.089 seconds
[2025-07-01T01:56:18.466+0000] {processor.py:186} INFO - Started process (PID=6085) to work on /home/airflow/.local/lib/python3.12/site-packages/airflow/example_dags/example_dynamic_task_mapping.py
[2025-07-01T01:56:18.467+0000] {processor.py:914} INFO - Processing file /home/airflow/.local/lib/python3.12/site-packages/airflow/example_dags/example_dynamic_task_mapping.py for tasks to queue
[2025-07-01T01:56:18.470+0000] {logging_mixin.py:190} INFO - [2025-07-01T01:56:18.469+0000] {dagbag.py:588} INFO - Filling up the DagBag from /home/airflow/.local/lib/python3.12/site-packages/airflow/example_dags/example_dynamic_task_mapping.py
[2025-07-01T01:56:18.479+0000] {processor.py:925} INFO - DAG(s) 'example_dynamic_task_mapping' retrieved from /home/airflow/.local/lib/python3.12/site-packages/airflow/example_dags/example_dynamic_task_mapping.py
[2025-07-01T01:56:18.500+0000] {logging_mixin.py:190} INFO - [2025-07-01T01:56:18.500+0000] {dag.py:3239} INFO - Sync 1 DAGs
[2025-07-01T01:56:18.514+0000] {logging_mixin.py:190} INFO - [2025-07-01T01:56:18.514+0000] {dag.py:4180} INFO - Setting next_dagrun for example_dynamic_task_mapping to None, run_after=None
[2025-07-01T01:56:18.532+0000] {processor.py:208} INFO - Processing /home/airflow/.local/lib/python3.12/site-packages/airflow/example_dags/example_dynamic_task_mapping.py took 0.074 seconds
[2025-07-01T01:56:49.574+0000] {processor.py:186} INFO - Started process (PID=6147) to work on /home/airflow/.local/lib/python3.12/site-packages/airflow/example_dags/example_dynamic_task_mapping.py
[2025-07-01T01:56:49.575+0000] {processor.py:914} INFO - Processing file /home/airflow/.local/lib/python3.12/site-packages/airflow/example_dags/example_dynamic_task_mapping.py for tasks to queue
[2025-07-01T01:56:49.578+0000] {logging_mixin.py:190} INFO - [2025-07-01T01:56:49.578+0000] {dagbag.py:588} INFO - Filling up the DagBag from /home/airflow/.local/lib/python3.12/site-packages/airflow/example_dags/example_dynamic_task_mapping.py
[2025-07-01T01:56:49.588+0000] {processor.py:925} INFO - DAG(s) 'example_dynamic_task_mapping' retrieved from /home/airflow/.local/lib/python3.12/site-packages/airflow/example_dags/example_dynamic_task_mapping.py
[2025-07-01T01:56:49.610+0000] {logging_mixin.py:190} INFO - [2025-07-01T01:56:49.609+0000] {dag.py:3239} INFO - Sync 1 DAGs
[2025-07-01T01:56:49.623+0000] {logging_mixin.py:190} INFO - [2025-07-01T01:56:49.623+0000] {dag.py:4180} INFO - Setting next_dagrun for example_dynamic_task_mapping to None, run_after=None
[2025-07-01T01:56:49.640+0000] {processor.py:208} INFO - Processing /home/airflow/.local/lib/python3.12/site-packages/airflow/example_dags/example_dynamic_task_mapping.py took 0.073 seconds
[2025-07-01T01:57:19.719+0000] {processor.py:186} INFO - Started process (PID=6209) to work on /home/airflow/.local/lib/python3.12/site-packages/airflow/example_dags/example_dynamic_task_mapping.py
[2025-07-01T01:57:19.720+0000] {processor.py:914} INFO - Processing file /home/airflow/.local/lib/python3.12/site-packages/airflow/example_dags/example_dynamic_task_mapping.py for tasks to queue
[2025-07-01T01:57:19.723+0000] {logging_mixin.py:190} INFO - [2025-07-01T01:57:19.723+0000] {dagbag.py:588} INFO - Filling up the DagBag from /home/airflow/.local/lib/python3.12/site-packages/airflow/example_dags/example_dynamic_task_mapping.py
[2025-07-01T01:57:19.735+0000] {processor.py:925} INFO - DAG(s) 'example_dynamic_task_mapping' retrieved from /home/airflow/.local/lib/python3.12/site-packages/airflow/example_dags/example_dynamic_task_mapping.py
[2025-07-01T01:57:19.757+0000] {logging_mixin.py:190} INFO - [2025-07-01T01:57:19.757+0000] {dag.py:3239} INFO - Sync 1 DAGs
[2025-07-01T01:57:19.775+0000] {logging_mixin.py:190} INFO - [2025-07-01T01:57:19.775+0000] {dag.py:4180} INFO - Setting next_dagrun for example_dynamic_task_mapping to None, run_after=None
[2025-07-01T01:57:19.792+0000] {processor.py:208} INFO - Processing /home/airflow/.local/lib/python3.12/site-packages/airflow/example_dags/example_dynamic_task_mapping.py took 0.083 seconds
[2025-07-01T01:57:50.996+0000] {processor.py:186} INFO - Started process (PID=6273) to work on /home/airflow/.local/lib/python3.12/site-packages/airflow/example_dags/example_dynamic_task_mapping.py
[2025-07-01T01:57:50.997+0000] {processor.py:914} INFO - Processing file /home/airflow/.local/lib/python3.12/site-packages/airflow/example_dags/example_dynamic_task_mapping.py for tasks to queue
[2025-07-01T01:57:51.000+0000] {logging_mixin.py:190} INFO - [2025-07-01T01:57:51.000+0000] {dagbag.py:588} INFO - Filling up the DagBag from /home/airflow/.local/lib/python3.12/site-packages/airflow/example_dags/example_dynamic_task_mapping.py
[2025-07-01T01:57:51.010+0000] {processor.py:925} INFO - DAG(s) 'example_dynamic_task_mapping' retrieved from /home/airflow/.local/lib/python3.12/site-packages/airflow/example_dags/example_dynamic_task_mapping.py
[2025-07-01T01:57:51.029+0000] {logging_mixin.py:190} INFO - [2025-07-01T01:57:51.029+0000] {dag.py:3239} INFO - Sync 1 DAGs
[2025-07-01T01:57:51.045+0000] {logging_mixin.py:190} INFO - [2025-07-01T01:57:51.044+0000] {dag.py:4180} INFO - Setting next_dagrun for example_dynamic_task_mapping to None, run_after=None
[2025-07-01T01:57:51.062+0000] {processor.py:208} INFO - Processing /home/airflow/.local/lib/python3.12/site-packages/airflow/example_dags/example_dynamic_task_mapping.py took 0.071 seconds
[2025-07-01T01:58:21.808+0000] {processor.py:186} INFO - Started process (PID=6335) to work on /home/airflow/.local/lib/python3.12/site-packages/airflow/example_dags/example_dynamic_task_mapping.py
[2025-07-01T01:58:21.809+0000] {processor.py:914} INFO - Processing file /home/airflow/.local/lib/python3.12/site-packages/airflow/example_dags/example_dynamic_task_mapping.py for tasks to queue
[2025-07-01T01:58:21.812+0000] {logging_mixin.py:190} INFO - [2025-07-01T01:58:21.811+0000] {dagbag.py:588} INFO - Filling up the DagBag from /home/airflow/.local/lib/python3.12/site-packages/airflow/example_dags/example_dynamic_task_mapping.py
[2025-07-01T01:58:21.820+0000] {processor.py:925} INFO - DAG(s) 'example_dynamic_task_mapping' retrieved from /home/airflow/.local/lib/python3.12/site-packages/airflow/example_dags/example_dynamic_task_mapping.py
[2025-07-01T01:58:21.840+0000] {logging_mixin.py:190} INFO - [2025-07-01T01:58:21.839+0000] {dag.py:3239} INFO - Sync 1 DAGs
[2025-07-01T01:58:21.854+0000] {logging_mixin.py:190} INFO - [2025-07-01T01:58:21.853+0000] {dag.py:4180} INFO - Setting next_dagrun for example_dynamic_task_mapping to None, run_after=None
[2025-07-01T01:58:21.872+0000] {processor.py:208} INFO - Processing /home/airflow/.local/lib/python3.12/site-packages/airflow/example_dags/example_dynamic_task_mapping.py took 0.070 seconds
[2025-07-01T01:58:52.548+0000] {processor.py:186} INFO - Started process (PID=6400) to work on /home/airflow/.local/lib/python3.12/site-packages/airflow/example_dags/example_dynamic_task_mapping.py
[2025-07-01T01:58:52.555+0000] {processor.py:914} INFO - Processing file /home/airflow/.local/lib/python3.12/site-packages/airflow/example_dags/example_dynamic_task_mapping.py for tasks to queue
[2025-07-01T01:58:52.557+0000] {logging_mixin.py:190} INFO - [2025-07-01T01:58:52.557+0000] {dagbag.py:588} INFO - Filling up the DagBag from /home/airflow/.local/lib/python3.12/site-packages/airflow/example_dags/example_dynamic_task_mapping.py
[2025-07-01T01:58:52.565+0000] {processor.py:925} INFO - DAG(s) 'example_dynamic_task_mapping' retrieved from /home/airflow/.local/lib/python3.12/site-packages/airflow/example_dags/example_dynamic_task_mapping.py
[2025-07-01T01:58:52.585+0000] {logging_mixin.py:190} INFO - [2025-07-01T01:58:52.584+0000] {dag.py:3239} INFO - Sync 1 DAGs
[2025-07-01T01:58:52.600+0000] {logging_mixin.py:190} INFO - [2025-07-01T01:58:52.600+0000] {dag.py:4180} INFO - Setting next_dagrun for example_dynamic_task_mapping to None, run_after=None
[2025-07-01T01:58:52.618+0000] {processor.py:208} INFO - Processing /home/airflow/.local/lib/python3.12/site-packages/airflow/example_dags/example_dynamic_task_mapping.py took 0.077 seconds
[2025-07-01T01:59:23.319+0000] {processor.py:186} INFO - Started process (PID=6462) to work on /home/airflow/.local/lib/python3.12/site-packages/airflow/example_dags/example_dynamic_task_mapping.py
[2025-07-01T01:59:23.320+0000] {processor.py:914} INFO - Processing file /home/airflow/.local/lib/python3.12/site-packages/airflow/example_dags/example_dynamic_task_mapping.py for tasks to queue
[2025-07-01T01:59:23.322+0000] {logging_mixin.py:190} INFO - [2025-07-01T01:59:23.322+0000] {dagbag.py:588} INFO - Filling up the DagBag from /home/airflow/.local/lib/python3.12/site-packages/airflow/example_dags/example_dynamic_task_mapping.py
[2025-07-01T01:59:23.331+0000] {processor.py:925} INFO - DAG(s) 'example_dynamic_task_mapping' retrieved from /home/airflow/.local/lib/python3.12/site-packages/airflow/example_dags/example_dynamic_task_mapping.py
[2025-07-01T01:59:23.353+0000] {logging_mixin.py:190} INFO - [2025-07-01T01:59:23.353+0000] {dag.py:3239} INFO - Sync 1 DAGs
[2025-07-01T01:59:23.370+0000] {logging_mixin.py:190} INFO - [2025-07-01T01:59:23.370+0000] {dag.py:4180} INFO - Setting next_dagrun for example_dynamic_task_mapping to None, run_after=None
[2025-07-01T01:59:23.389+0000] {processor.py:208} INFO - Processing /home/airflow/.local/lib/python3.12/site-packages/airflow/example_dags/example_dynamic_task_mapping.py took 0.076 seconds
[2025-07-01T01:59:54.465+0000] {processor.py:186} INFO - Started process (PID=6524) to work on /home/airflow/.local/lib/python3.12/site-packages/airflow/example_dags/example_dynamic_task_mapping.py
[2025-07-01T01:59:54.466+0000] {processor.py:914} INFO - Processing file /home/airflow/.local/lib/python3.12/site-packages/airflow/example_dags/example_dynamic_task_mapping.py for tasks to queue
[2025-07-01T01:59:54.470+0000] {logging_mixin.py:190} INFO - [2025-07-01T01:59:54.469+0000] {dagbag.py:588} INFO - Filling up the DagBag from /home/airflow/.local/lib/python3.12/site-packages/airflow/example_dags/example_dynamic_task_mapping.py
[2025-07-01T01:59:54.483+0000] {processor.py:925} INFO - DAG(s) 'example_dynamic_task_mapping' retrieved from /home/airflow/.local/lib/python3.12/site-packages/airflow/example_dags/example_dynamic_task_mapping.py
[2025-07-01T01:59:54.503+0000] {logging_mixin.py:190} INFO - [2025-07-01T01:59:54.503+0000] {dag.py:3239} INFO - Sync 1 DAGs
[2025-07-01T01:59:54.520+0000] {logging_mixin.py:190} INFO - [2025-07-01T01:59:54.519+0000] {dag.py:4180} INFO - Setting next_dagrun for example_dynamic_task_mapping to None, run_after=None
[2025-07-01T01:59:54.539+0000] {processor.py:208} INFO - Processing /home/airflow/.local/lib/python3.12/site-packages/airflow/example_dags/example_dynamic_task_mapping.py took 0.079 seconds
[2025-07-01T02:00:24.652+0000] {processor.py:186} INFO - Started process (PID=6586) to work on /home/airflow/.local/lib/python3.12/site-packages/airflow/example_dags/example_dynamic_task_mapping.py
[2025-07-01T02:00:24.653+0000] {processor.py:914} INFO - Processing file /home/airflow/.local/lib/python3.12/site-packages/airflow/example_dags/example_dynamic_task_mapping.py for tasks to queue
[2025-07-01T02:00:24.655+0000] {logging_mixin.py:190} INFO - [2025-07-01T02:00:24.655+0000] {dagbag.py:588} INFO - Filling up the DagBag from /home/airflow/.local/lib/python3.12/site-packages/airflow/example_dags/example_dynamic_task_mapping.py
[2025-07-01T02:00:24.664+0000] {processor.py:925} INFO - DAG(s) 'example_dynamic_task_mapping' retrieved from /home/airflow/.local/lib/python3.12/site-packages/airflow/example_dags/example_dynamic_task_mapping.py
[2025-07-01T02:00:24.684+0000] {logging_mixin.py:190} INFO - [2025-07-01T02:00:24.684+0000] {dag.py:3239} INFO - Sync 1 DAGs
[2025-07-01T02:00:24.698+0000] {logging_mixin.py:190} INFO - [2025-07-01T02:00:24.698+0000] {dag.py:4180} INFO - Setting next_dagrun for example_dynamic_task_mapping to None, run_after=None
[2025-07-01T02:00:24.713+0000] {processor.py:208} INFO - Processing /home/airflow/.local/lib/python3.12/site-packages/airflow/example_dags/example_dynamic_task_mapping.py took 0.067 seconds
[2025-07-01T02:00:55.790+0000] {processor.py:186} INFO - Started process (PID=6648) to work on /home/airflow/.local/lib/python3.12/site-packages/airflow/example_dags/example_dynamic_task_mapping.py
[2025-07-01T02:00:55.792+0000] {processor.py:914} INFO - Processing file /home/airflow/.local/lib/python3.12/site-packages/airflow/example_dags/example_dynamic_task_mapping.py for tasks to queue
[2025-07-01T02:00:55.794+0000] {logging_mixin.py:190} INFO - [2025-07-01T02:00:55.794+0000] {dagbag.py:588} INFO - Filling up the DagBag from /home/airflow/.local/lib/python3.12/site-packages/airflow/example_dags/example_dynamic_task_mapping.py
[2025-07-01T02:00:55.807+0000] {processor.py:925} INFO - DAG(s) 'example_dynamic_task_mapping' retrieved from /home/airflow/.local/lib/python3.12/site-packages/airflow/example_dags/example_dynamic_task_mapping.py
[2025-07-01T02:00:55.828+0000] {logging_mixin.py:190} INFO - [2025-07-01T02:00:55.828+0000] {dag.py:3239} INFO - Sync 1 DAGs
[2025-07-01T02:00:55.844+0000] {logging_mixin.py:190} INFO - [2025-07-01T02:00:55.843+0000] {dag.py:4180} INFO - Setting next_dagrun for example_dynamic_task_mapping to None, run_after=None
[2025-07-01T02:00:55.863+0000] {processor.py:208} INFO - Processing /home/airflow/.local/lib/python3.12/site-packages/airflow/example_dags/example_dynamic_task_mapping.py took 0.079 seconds
[2025-07-01T02:01:26.022+0000] {processor.py:186} INFO - Started process (PID=6710) to work on /home/airflow/.local/lib/python3.12/site-packages/airflow/example_dags/example_dynamic_task_mapping.py
[2025-07-01T02:01:26.024+0000] {processor.py:914} INFO - Processing file /home/airflow/.local/lib/python3.12/site-packages/airflow/example_dags/example_dynamic_task_mapping.py for tasks to queue
[2025-07-01T02:01:26.027+0000] {logging_mixin.py:190} INFO - [2025-07-01T02:01:26.026+0000] {dagbag.py:588} INFO - Filling up the DagBag from /home/airflow/.local/lib/python3.12/site-packages/airflow/example_dags/example_dynamic_task_mapping.py
[2025-07-01T02:01:26.038+0000] {processor.py:925} INFO - DAG(s) 'example_dynamic_task_mapping' retrieved from /home/airflow/.local/lib/python3.12/site-packages/airflow/example_dags/example_dynamic_task_mapping.py
[2025-07-01T02:01:26.060+0000] {logging_mixin.py:190} INFO - [2025-07-01T02:01:26.060+0000] {dag.py:3239} INFO - Sync 1 DAGs
[2025-07-01T02:01:26.075+0000] {logging_mixin.py:190} INFO - [2025-07-01T02:01:26.074+0000] {dag.py:4180} INFO - Setting next_dagrun for example_dynamic_task_mapping to None, run_after=None
[2025-07-01T02:01:26.092+0000] {processor.py:208} INFO - Processing /home/airflow/.local/lib/python3.12/site-packages/airflow/example_dags/example_dynamic_task_mapping.py took 0.077 seconds
[2025-07-01T02:01:56.626+0000] {processor.py:186} INFO - Started process (PID=6772) to work on /home/airflow/.local/lib/python3.12/site-packages/airflow/example_dags/example_dynamic_task_mapping.py
[2025-07-01T02:01:56.627+0000] {processor.py:914} INFO - Processing file /home/airflow/.local/lib/python3.12/site-packages/airflow/example_dags/example_dynamic_task_mapping.py for tasks to queue
[2025-07-01T02:01:56.632+0000] {logging_mixin.py:190} INFO - [2025-07-01T02:01:56.631+0000] {dagbag.py:588} INFO - Filling up the DagBag from /home/airflow/.local/lib/python3.12/site-packages/airflow/example_dags/example_dynamic_task_mapping.py
[2025-07-01T02:01:56.642+0000] {processor.py:925} INFO - DAG(s) 'example_dynamic_task_mapping' retrieved from /home/airflow/.local/lib/python3.12/site-packages/airflow/example_dags/example_dynamic_task_mapping.py
[2025-07-01T02:01:56.671+0000] {logging_mixin.py:190} INFO - [2025-07-01T02:01:56.671+0000] {dag.py:3239} INFO - Sync 1 DAGs
[2025-07-01T02:01:56.694+0000] {logging_mixin.py:190} INFO - [2025-07-01T02:01:56.694+0000] {dag.py:4180} INFO - Setting next_dagrun for example_dynamic_task_mapping to None, run_after=None
[2025-07-01T02:01:56.720+0000] {processor.py:208} INFO - Processing /home/airflow/.local/lib/python3.12/site-packages/airflow/example_dags/example_dynamic_task_mapping.py took 0.101 seconds
[2025-07-01T02:02:27.445+0000] {processor.py:186} INFO - Started process (PID=6834) to work on /home/airflow/.local/lib/python3.12/site-packages/airflow/example_dags/example_dynamic_task_mapping.py
[2025-07-01T02:02:27.446+0000] {processor.py:914} INFO - Processing file /home/airflow/.local/lib/python3.12/site-packages/airflow/example_dags/example_dynamic_task_mapping.py for tasks to queue
[2025-07-01T02:02:27.448+0000] {logging_mixin.py:190} INFO - [2025-07-01T02:02:27.448+0000] {dagbag.py:588} INFO - Filling up the DagBag from /home/airflow/.local/lib/python3.12/site-packages/airflow/example_dags/example_dynamic_task_mapping.py
[2025-07-01T02:02:27.458+0000] {processor.py:925} INFO - DAG(s) 'example_dynamic_task_mapping' retrieved from /home/airflow/.local/lib/python3.12/site-packages/airflow/example_dags/example_dynamic_task_mapping.py
[2025-07-01T02:02:27.480+0000] {logging_mixin.py:190} INFO - [2025-07-01T02:02:27.480+0000] {dag.py:3239} INFO - Sync 1 DAGs
[2025-07-01T02:02:27.497+0000] {logging_mixin.py:190} INFO - [2025-07-01T02:02:27.497+0000] {dag.py:4180} INFO - Setting next_dagrun for example_dynamic_task_mapping to None, run_after=None
[2025-07-01T02:02:27.517+0000] {processor.py:208} INFO - Processing /home/airflow/.local/lib/python3.12/site-packages/airflow/example_dags/example_dynamic_task_mapping.py took 0.079 seconds
[2025-07-01T02:02:57.685+0000] {processor.py:186} INFO - Started process (PID=6896) to work on /home/airflow/.local/lib/python3.12/site-packages/airflow/example_dags/example_dynamic_task_mapping.py
[2025-07-01T02:02:57.687+0000] {processor.py:914} INFO - Processing file /home/airflow/.local/lib/python3.12/site-packages/airflow/example_dags/example_dynamic_task_mapping.py for tasks to queue
[2025-07-01T02:02:57.689+0000] {logging_mixin.py:190} INFO - [2025-07-01T02:02:57.689+0000] {dagbag.py:588} INFO - Filling up the DagBag from /home/airflow/.local/lib/python3.12/site-packages/airflow/example_dags/example_dynamic_task_mapping.py
[2025-07-01T02:02:57.697+0000] {processor.py:925} INFO - DAG(s) 'example_dynamic_task_mapping' retrieved from /home/airflow/.local/lib/python3.12/site-packages/airflow/example_dags/example_dynamic_task_mapping.py
[2025-07-01T02:02:57.715+0000] {logging_mixin.py:190} INFO - [2025-07-01T02:02:57.715+0000] {dag.py:3239} INFO - Sync 1 DAGs
[2025-07-01T02:02:57.729+0000] {logging_mixin.py:190} INFO - [2025-07-01T02:02:57.729+0000] {dag.py:4180} INFO - Setting next_dagrun for example_dynamic_task_mapping to None, run_after=None
[2025-07-01T02:02:57.746+0000] {processor.py:208} INFO - Processing /home/airflow/.local/lib/python3.12/site-packages/airflow/example_dags/example_dynamic_task_mapping.py took 0.067 seconds
[2025-07-01T02:03:28.565+0000] {processor.py:186} INFO - Started process (PID=6958) to work on /home/airflow/.local/lib/python3.12/site-packages/airflow/example_dags/example_dynamic_task_mapping.py
[2025-07-01T02:03:28.566+0000] {processor.py:914} INFO - Processing file /home/airflow/.local/lib/python3.12/site-packages/airflow/example_dags/example_dynamic_task_mapping.py for tasks to queue
[2025-07-01T02:03:28.568+0000] {logging_mixin.py:190} INFO - [2025-07-01T02:03:28.568+0000] {dagbag.py:588} INFO - Filling up the DagBag from /home/airflow/.local/lib/python3.12/site-packages/airflow/example_dags/example_dynamic_task_mapping.py
[2025-07-01T02:03:28.577+0000] {processor.py:925} INFO - DAG(s) 'example_dynamic_task_mapping' retrieved from /home/airflow/.local/lib/python3.12/site-packages/airflow/example_dags/example_dynamic_task_mapping.py
[2025-07-01T02:03:28.596+0000] {logging_mixin.py:190} INFO - [2025-07-01T02:03:28.596+0000] {dag.py:3239} INFO - Sync 1 DAGs
[2025-07-01T02:03:28.610+0000] {logging_mixin.py:190} INFO - [2025-07-01T02:03:28.610+0000] {dag.py:4180} INFO - Setting next_dagrun for example_dynamic_task_mapping to None, run_after=None
[2025-07-01T02:03:28.628+0000] {processor.py:208} INFO - Processing /home/airflow/.local/lib/python3.12/site-packages/airflow/example_dags/example_dynamic_task_mapping.py took 0.069 seconds
[2025-07-01T02:03:59.096+0000] {processor.py:186} INFO - Started process (PID=7020) to work on /home/airflow/.local/lib/python3.12/site-packages/airflow/example_dags/example_dynamic_task_mapping.py
[2025-07-01T02:03:59.098+0000] {processor.py:914} INFO - Processing file /home/airflow/.local/lib/python3.12/site-packages/airflow/example_dags/example_dynamic_task_mapping.py for tasks to queue
[2025-07-01T02:03:59.100+0000] {logging_mixin.py:190} INFO - [2025-07-01T02:03:59.100+0000] {dagbag.py:588} INFO - Filling up the DagBag from /home/airflow/.local/lib/python3.12/site-packages/airflow/example_dags/example_dynamic_task_mapping.py
[2025-07-01T02:03:59.109+0000] {processor.py:925} INFO - DAG(s) 'example_dynamic_task_mapping' retrieved from /home/airflow/.local/lib/python3.12/site-packages/airflow/example_dags/example_dynamic_task_mapping.py
[2025-07-01T02:03:59.127+0000] {logging_mixin.py:190} INFO - [2025-07-01T02:03:59.127+0000] {dag.py:3239} INFO - Sync 1 DAGs
[2025-07-01T02:03:59.141+0000] {logging_mixin.py:190} INFO - [2025-07-01T02:03:59.141+0000] {dag.py:4180} INFO - Setting next_dagrun for example_dynamic_task_mapping to None, run_after=None
[2025-07-01T02:03:59.158+0000] {processor.py:208} INFO - Processing /home/airflow/.local/lib/python3.12/site-packages/airflow/example_dags/example_dynamic_task_mapping.py took 0.068 seconds
[2025-07-01T02:04:29.609+0000] {processor.py:186} INFO - Started process (PID=7082) to work on /home/airflow/.local/lib/python3.12/site-packages/airflow/example_dags/example_dynamic_task_mapping.py
[2025-07-01T02:04:29.610+0000] {processor.py:914} INFO - Processing file /home/airflow/.local/lib/python3.12/site-packages/airflow/example_dags/example_dynamic_task_mapping.py for tasks to queue
[2025-07-01T02:04:29.612+0000] {logging_mixin.py:190} INFO - [2025-07-01T02:04:29.612+0000] {dagbag.py:588} INFO - Filling up the DagBag from /home/airflow/.local/lib/python3.12/site-packages/airflow/example_dags/example_dynamic_task_mapping.py
[2025-07-01T02:04:29.620+0000] {processor.py:925} INFO - DAG(s) 'example_dynamic_task_mapping' retrieved from /home/airflow/.local/lib/python3.12/site-packages/airflow/example_dags/example_dynamic_task_mapping.py
[2025-07-01T02:04:29.639+0000] {logging_mixin.py:190} INFO - [2025-07-01T02:04:29.638+0000] {dag.py:3239} INFO - Sync 1 DAGs
[2025-07-01T02:04:29.653+0000] {logging_mixin.py:190} INFO - [2025-07-01T02:04:29.653+0000] {dag.py:4180} INFO - Setting next_dagrun for example_dynamic_task_mapping to None, run_after=None
[2025-07-01T02:04:29.674+0000] {processor.py:208} INFO - Processing /home/airflow/.local/lib/python3.12/site-packages/airflow/example_dags/example_dynamic_task_mapping.py took 0.071 seconds
[2025-07-01T02:05:00.135+0000] {processor.py:186} INFO - Started process (PID=7151) to work on /home/airflow/.local/lib/python3.12/site-packages/airflow/example_dags/example_dynamic_task_mapping.py
[2025-07-01T02:05:00.136+0000] {processor.py:914} INFO - Processing file /home/airflow/.local/lib/python3.12/site-packages/airflow/example_dags/example_dynamic_task_mapping.py for tasks to queue
[2025-07-01T02:05:00.139+0000] {logging_mixin.py:190} INFO - [2025-07-01T02:05:00.139+0000] {dagbag.py:588} INFO - Filling up the DagBag from /home/airflow/.local/lib/python3.12/site-packages/airflow/example_dags/example_dynamic_task_mapping.py
[2025-07-01T02:05:00.154+0000] {processor.py:925} INFO - DAG(s) 'example_dynamic_task_mapping' retrieved from /home/airflow/.local/lib/python3.12/site-packages/airflow/example_dags/example_dynamic_task_mapping.py
[2025-07-01T02:05:00.177+0000] {logging_mixin.py:190} INFO - [2025-07-01T02:05:00.176+0000] {dag.py:3239} INFO - Sync 1 DAGs
[2025-07-01T02:05:00.196+0000] {logging_mixin.py:190} INFO - [2025-07-01T02:05:00.196+0000] {dag.py:4180} INFO - Setting next_dagrun for example_dynamic_task_mapping to None, run_after=None
[2025-07-01T02:05:00.224+0000] {processor.py:208} INFO - Processing /home/airflow/.local/lib/python3.12/site-packages/airflow/example_dags/example_dynamic_task_mapping.py took 0.098 seconds
[2025-07-01T02:05:30.989+0000] {processor.py:186} INFO - Started process (PID=7212) to work on /home/airflow/.local/lib/python3.12/site-packages/airflow/example_dags/example_dynamic_task_mapping.py
[2025-07-01T02:05:30.990+0000] {processor.py:914} INFO - Processing file /home/airflow/.local/lib/python3.12/site-packages/airflow/example_dags/example_dynamic_task_mapping.py for tasks to queue
[2025-07-01T02:05:30.994+0000] {logging_mixin.py:190} INFO - [2025-07-01T02:05:30.993+0000] {dagbag.py:588} INFO - Filling up the DagBag from /home/airflow/.local/lib/python3.12/site-packages/airflow/example_dags/example_dynamic_task_mapping.py
[2025-07-01T02:05:31.008+0000] {processor.py:925} INFO - DAG(s) 'example_dynamic_task_mapping' retrieved from /home/airflow/.local/lib/python3.12/site-packages/airflow/example_dags/example_dynamic_task_mapping.py
[2025-07-01T02:05:31.036+0000] {logging_mixin.py:190} INFO - [2025-07-01T02:05:31.035+0000] {dag.py:3239} INFO - Sync 1 DAGs
[2025-07-01T02:05:31.058+0000] {logging_mixin.py:190} INFO - [2025-07-01T02:05:31.058+0000] {dag.py:4180} INFO - Setting next_dagrun for example_dynamic_task_mapping to None, run_after=None
[2025-07-01T02:05:31.084+0000] {processor.py:208} INFO - Processing /home/airflow/.local/lib/python3.12/site-packages/airflow/example_dags/example_dynamic_task_mapping.py took 0.105 seconds
[2025-07-01T02:06:01.368+0000] {processor.py:186} INFO - Started process (PID=7274) to work on /home/airflow/.local/lib/python3.12/site-packages/airflow/example_dags/example_dynamic_task_mapping.py
[2025-07-01T02:06:01.371+0000] {processor.py:914} INFO - Processing file /home/airflow/.local/lib/python3.12/site-packages/airflow/example_dags/example_dynamic_task_mapping.py for tasks to queue
[2025-07-01T02:06:01.376+0000] {logging_mixin.py:190} INFO - [2025-07-01T02:06:01.375+0000] {dagbag.py:588} INFO - Filling up the DagBag from /home/airflow/.local/lib/python3.12/site-packages/airflow/example_dags/example_dynamic_task_mapping.py
[2025-07-01T02:06:01.389+0000] {processor.py:925} INFO - DAG(s) 'example_dynamic_task_mapping' retrieved from /home/airflow/.local/lib/python3.12/site-packages/airflow/example_dags/example_dynamic_task_mapping.py
[2025-07-01T02:06:01.418+0000] {logging_mixin.py:190} INFO - [2025-07-01T02:06:01.418+0000] {dag.py:3239} INFO - Sync 1 DAGs
[2025-07-01T02:06:01.448+0000] {logging_mixin.py:190} INFO - [2025-07-01T02:06:01.447+0000] {dag.py:4180} INFO - Setting next_dagrun for example_dynamic_task_mapping to None, run_after=None
[2025-07-01T02:06:01.474+0000] {processor.py:208} INFO - Processing /home/airflow/.local/lib/python3.12/site-packages/airflow/example_dags/example_dynamic_task_mapping.py took 0.118 seconds
[2025-07-01T02:06:31.846+0000] {processor.py:186} INFO - Started process (PID=7335) to work on /home/airflow/.local/lib/python3.12/site-packages/airflow/example_dags/example_dynamic_task_mapping.py
[2025-07-01T02:06:31.847+0000] {processor.py:914} INFO - Processing file /home/airflow/.local/lib/python3.12/site-packages/airflow/example_dags/example_dynamic_task_mapping.py for tasks to queue
[2025-07-01T02:06:31.850+0000] {logging_mixin.py:190} INFO - [2025-07-01T02:06:31.849+0000] {dagbag.py:588} INFO - Filling up the DagBag from /home/airflow/.local/lib/python3.12/site-packages/airflow/example_dags/example_dynamic_task_mapping.py
[2025-07-01T02:06:31.859+0000] {processor.py:925} INFO - DAG(s) 'example_dynamic_task_mapping' retrieved from /home/airflow/.local/lib/python3.12/site-packages/airflow/example_dags/example_dynamic_task_mapping.py
[2025-07-01T02:06:31.882+0000] {logging_mixin.py:190} INFO - [2025-07-01T02:06:31.881+0000] {dag.py:3239} INFO - Sync 1 DAGs
[2025-07-01T02:06:31.895+0000] {logging_mixin.py:190} INFO - [2025-07-01T02:06:31.895+0000] {dag.py:4180} INFO - Setting next_dagrun for example_dynamic_task_mapping to None, run_after=None
[2025-07-01T02:06:31.917+0000] {processor.py:208} INFO - Processing /home/airflow/.local/lib/python3.12/site-packages/airflow/example_dags/example_dynamic_task_mapping.py took 0.077 seconds
[2025-07-01T02:07:02.767+0000] {processor.py:186} INFO - Started process (PID=7398) to work on /home/airflow/.local/lib/python3.12/site-packages/airflow/example_dags/example_dynamic_task_mapping.py
[2025-07-01T02:07:02.768+0000] {processor.py:914} INFO - Processing file /home/airflow/.local/lib/python3.12/site-packages/airflow/example_dags/example_dynamic_task_mapping.py for tasks to queue
[2025-07-01T02:07:02.773+0000] {logging_mixin.py:190} INFO - [2025-07-01T02:07:02.773+0000] {dagbag.py:588} INFO - Filling up the DagBag from /home/airflow/.local/lib/python3.12/site-packages/airflow/example_dags/example_dynamic_task_mapping.py
[2025-07-01T02:07:02.785+0000] {processor.py:925} INFO - DAG(s) 'example_dynamic_task_mapping' retrieved from /home/airflow/.local/lib/python3.12/site-packages/airflow/example_dags/example_dynamic_task_mapping.py
[2025-07-01T02:07:02.814+0000] {logging_mixin.py:190} INFO - [2025-07-01T02:07:02.814+0000] {dag.py:3239} INFO - Sync 1 DAGs
[2025-07-01T02:07:02.841+0000] {logging_mixin.py:190} INFO - [2025-07-01T02:07:02.840+0000] {dag.py:4180} INFO - Setting next_dagrun for example_dynamic_task_mapping to None, run_after=None
[2025-07-01T02:07:02.869+0000] {processor.py:208} INFO - Processing /home/airflow/.local/lib/python3.12/site-packages/airflow/example_dags/example_dynamic_task_mapping.py took 0.112 seconds
[2025-07-01T02:07:33.642+0000] {processor.py:186} INFO - Started process (PID=7460) to work on /home/airflow/.local/lib/python3.12/site-packages/airflow/example_dags/example_dynamic_task_mapping.py
[2025-07-01T02:07:33.644+0000] {processor.py:914} INFO - Processing file /home/airflow/.local/lib/python3.12/site-packages/airflow/example_dags/example_dynamic_task_mapping.py for tasks to queue
[2025-07-01T02:07:33.647+0000] {logging_mixin.py:190} INFO - [2025-07-01T02:07:33.647+0000] {dagbag.py:588} INFO - Filling up the DagBag from /home/airflow/.local/lib/python3.12/site-packages/airflow/example_dags/example_dynamic_task_mapping.py
[2025-07-01T02:07:33.658+0000] {processor.py:925} INFO - DAG(s) 'example_dynamic_task_mapping' retrieved from /home/airflow/.local/lib/python3.12/site-packages/airflow/example_dags/example_dynamic_task_mapping.py
[2025-07-01T02:07:33.682+0000] {logging_mixin.py:190} INFO - [2025-07-01T02:07:33.682+0000] {dag.py:3239} INFO - Sync 1 DAGs
[2025-07-01T02:07:33.703+0000] {logging_mixin.py:190} INFO - [2025-07-01T02:07:33.703+0000] {dag.py:4180} INFO - Setting next_dagrun for example_dynamic_task_mapping to None, run_after=None
[2025-07-01T02:07:33.723+0000] {processor.py:208} INFO - Processing /home/airflow/.local/lib/python3.12/site-packages/airflow/example_dags/example_dynamic_task_mapping.py took 0.088 seconds
[2025-07-01T02:08:04.192+0000] {processor.py:186} INFO - Started process (PID=7522) to work on /home/airflow/.local/lib/python3.12/site-packages/airflow/example_dags/example_dynamic_task_mapping.py
[2025-07-01T02:08:04.193+0000] {processor.py:914} INFO - Processing file /home/airflow/.local/lib/python3.12/site-packages/airflow/example_dags/example_dynamic_task_mapping.py for tasks to queue
[2025-07-01T02:08:04.197+0000] {logging_mixin.py:190} INFO - [2025-07-01T02:08:04.196+0000] {dagbag.py:588} INFO - Filling up the DagBag from /home/airflow/.local/lib/python3.12/site-packages/airflow/example_dags/example_dynamic_task_mapping.py
[2025-07-01T02:08:04.207+0000] {processor.py:925} INFO - DAG(s) 'example_dynamic_task_mapping' retrieved from /home/airflow/.local/lib/python3.12/site-packages/airflow/example_dags/example_dynamic_task_mapping.py
[2025-07-01T02:08:04.228+0000] {logging_mixin.py:190} INFO - [2025-07-01T02:08:04.228+0000] {dag.py:3239} INFO - Sync 1 DAGs
[2025-07-01T02:08:04.245+0000] {logging_mixin.py:190} INFO - [2025-07-01T02:08:04.245+0000] {dag.py:4180} INFO - Setting next_dagrun for example_dynamic_task_mapping to None, run_after=None
[2025-07-01T02:08:04.266+0000] {processor.py:208} INFO - Processing /home/airflow/.local/lib/python3.12/site-packages/airflow/example_dags/example_dynamic_task_mapping.py took 0.082 seconds
[2025-07-01T02:08:35.241+0000] {processor.py:186} INFO - Started process (PID=7584) to work on /home/airflow/.local/lib/python3.12/site-packages/airflow/example_dags/example_dynamic_task_mapping.py
[2025-07-01T02:08:35.242+0000] {processor.py:914} INFO - Processing file /home/airflow/.local/lib/python3.12/site-packages/airflow/example_dags/example_dynamic_task_mapping.py for tasks to queue
[2025-07-01T02:08:35.244+0000] {logging_mixin.py:190} INFO - [2025-07-01T02:08:35.244+0000] {dagbag.py:588} INFO - Filling up the DagBag from /home/airflow/.local/lib/python3.12/site-packages/airflow/example_dags/example_dynamic_task_mapping.py
[2025-07-01T02:08:35.253+0000] {processor.py:925} INFO - DAG(s) 'example_dynamic_task_mapping' retrieved from /home/airflow/.local/lib/python3.12/site-packages/airflow/example_dags/example_dynamic_task_mapping.py
[2025-07-01T02:08:35.272+0000] {logging_mixin.py:190} INFO - [2025-07-01T02:08:35.272+0000] {dag.py:3239} INFO - Sync 1 DAGs
[2025-07-01T02:08:35.287+0000] {logging_mixin.py:190} INFO - [2025-07-01T02:08:35.287+0000] {dag.py:4180} INFO - Setting next_dagrun for example_dynamic_task_mapping to None, run_after=None
[2025-07-01T02:08:35.305+0000] {processor.py:208} INFO - Processing /home/airflow/.local/lib/python3.12/site-packages/airflow/example_dags/example_dynamic_task_mapping.py took 0.070 seconds
[2025-07-01T02:09:05.609+0000] {processor.py:186} INFO - Started process (PID=7646) to work on /home/airflow/.local/lib/python3.12/site-packages/airflow/example_dags/example_dynamic_task_mapping.py
[2025-07-01T02:09:05.610+0000] {processor.py:914} INFO - Processing file /home/airflow/.local/lib/python3.12/site-packages/airflow/example_dags/example_dynamic_task_mapping.py for tasks to queue
[2025-07-01T02:09:05.613+0000] {logging_mixin.py:190} INFO - [2025-07-01T02:09:05.613+0000] {dagbag.py:588} INFO - Filling up the DagBag from /home/airflow/.local/lib/python3.12/site-packages/airflow/example_dags/example_dynamic_task_mapping.py
[2025-07-01T02:09:05.624+0000] {processor.py:925} INFO - DAG(s) 'example_dynamic_task_mapping' retrieved from /home/airflow/.local/lib/python3.12/site-packages/airflow/example_dags/example_dynamic_task_mapping.py
[2025-07-01T02:09:05.649+0000] {logging_mixin.py:190} INFO - [2025-07-01T02:09:05.649+0000] {dag.py:3239} INFO - Sync 1 DAGs
[2025-07-01T02:09:05.666+0000] {logging_mixin.py:190} INFO - [2025-07-01T02:09:05.666+0000] {dag.py:4180} INFO - Setting next_dagrun for example_dynamic_task_mapping to None, run_after=None
[2025-07-01T02:09:05.685+0000] {processor.py:208} INFO - Processing /home/airflow/.local/lib/python3.12/site-packages/airflow/example_dags/example_dynamic_task_mapping.py took 0.082 seconds
[2025-07-01T02:09:35.920+0000] {processor.py:186} INFO - Started process (PID=7709) to work on /home/airflow/.local/lib/python3.12/site-packages/airflow/example_dags/example_dynamic_task_mapping.py
[2025-07-01T02:09:35.921+0000] {processor.py:914} INFO - Processing file /home/airflow/.local/lib/python3.12/site-packages/airflow/example_dags/example_dynamic_task_mapping.py for tasks to queue
[2025-07-01T02:09:35.924+0000] {logging_mixin.py:190} INFO - [2025-07-01T02:09:35.923+0000] {dagbag.py:588} INFO - Filling up the DagBag from /home/airflow/.local/lib/python3.12/site-packages/airflow/example_dags/example_dynamic_task_mapping.py
[2025-07-01T02:09:35.933+0000] {processor.py:925} INFO - DAG(s) 'example_dynamic_task_mapping' retrieved from /home/airflow/.local/lib/python3.12/site-packages/airflow/example_dags/example_dynamic_task_mapping.py
[2025-07-01T02:09:35.953+0000] {logging_mixin.py:190} INFO - [2025-07-01T02:09:35.952+0000] {dag.py:3239} INFO - Sync 1 DAGs
[2025-07-01T02:09:35.968+0000] {logging_mixin.py:190} INFO - [2025-07-01T02:09:35.967+0000] {dag.py:4180} INFO - Setting next_dagrun for example_dynamic_task_mapping to None, run_after=None
[2025-07-01T02:09:35.988+0000] {processor.py:208} INFO - Processing /home/airflow/.local/lib/python3.12/site-packages/airflow/example_dags/example_dynamic_task_mapping.py took 0.074 seconds
[2025-07-01T02:10:06.599+0000] {processor.py:186} INFO - Started process (PID=7771) to work on /home/airflow/.local/lib/python3.12/site-packages/airflow/example_dags/example_dynamic_task_mapping.py
[2025-07-01T02:10:06.600+0000] {processor.py:914} INFO - Processing file /home/airflow/.local/lib/python3.12/site-packages/airflow/example_dags/example_dynamic_task_mapping.py for tasks to queue
[2025-07-01T02:10:06.602+0000] {logging_mixin.py:190} INFO - [2025-07-01T02:10:06.602+0000] {dagbag.py:588} INFO - Filling up the DagBag from /home/airflow/.local/lib/python3.12/site-packages/airflow/example_dags/example_dynamic_task_mapping.py
[2025-07-01T02:10:06.611+0000] {processor.py:925} INFO - DAG(s) 'example_dynamic_task_mapping' retrieved from /home/airflow/.local/lib/python3.12/site-packages/airflow/example_dags/example_dynamic_task_mapping.py
[2025-07-01T02:10:06.630+0000] {logging_mixin.py:190} INFO - [2025-07-01T02:10:06.630+0000] {dag.py:3239} INFO - Sync 1 DAGs
[2025-07-01T02:10:06.644+0000] {logging_mixin.py:190} INFO - [2025-07-01T02:10:06.644+0000] {dag.py:4180} INFO - Setting next_dagrun for example_dynamic_task_mapping to None, run_after=None
[2025-07-01T02:10:06.666+0000] {processor.py:208} INFO - Processing /home/airflow/.local/lib/python3.12/site-packages/airflow/example_dags/example_dynamic_task_mapping.py took 0.073 seconds
[2025-07-01T02:10:37.289+0000] {processor.py:186} INFO - Started process (PID=7833) to work on /home/airflow/.local/lib/python3.12/site-packages/airflow/example_dags/example_dynamic_task_mapping.py
[2025-07-01T02:10:37.290+0000] {processor.py:914} INFO - Processing file /home/airflow/.local/lib/python3.12/site-packages/airflow/example_dags/example_dynamic_task_mapping.py for tasks to queue
[2025-07-01T02:10:37.293+0000] {logging_mixin.py:190} INFO - [2025-07-01T02:10:37.293+0000] {dagbag.py:588} INFO - Filling up the DagBag from /home/airflow/.local/lib/python3.12/site-packages/airflow/example_dags/example_dynamic_task_mapping.py
[2025-07-01T02:10:37.305+0000] {processor.py:925} INFO - DAG(s) 'example_dynamic_task_mapping' retrieved from /home/airflow/.local/lib/python3.12/site-packages/airflow/example_dags/example_dynamic_task_mapping.py
[2025-07-01T02:10:37.329+0000] {logging_mixin.py:190} INFO - [2025-07-01T02:10:37.329+0000] {dag.py:3239} INFO - Sync 1 DAGs
[2025-07-01T02:10:37.344+0000] {logging_mixin.py:190} INFO - [2025-07-01T02:10:37.344+0000] {dag.py:4180} INFO - Setting next_dagrun for example_dynamic_task_mapping to None, run_after=None
[2025-07-01T02:10:37.362+0000] {processor.py:208} INFO - Processing /home/airflow/.local/lib/python3.12/site-packages/airflow/example_dags/example_dynamic_task_mapping.py took 0.080 seconds
[2025-07-01T02:11:08.158+0000] {processor.py:186} INFO - Started process (PID=7895) to work on /home/airflow/.local/lib/python3.12/site-packages/airflow/example_dags/example_dynamic_task_mapping.py
[2025-07-01T02:11:08.159+0000] {processor.py:914} INFO - Processing file /home/airflow/.local/lib/python3.12/site-packages/airflow/example_dags/example_dynamic_task_mapping.py for tasks to queue
[2025-07-01T02:11:08.163+0000] {logging_mixin.py:190} INFO - [2025-07-01T02:11:08.162+0000] {dagbag.py:588} INFO - Filling up the DagBag from /home/airflow/.local/lib/python3.12/site-packages/airflow/example_dags/example_dynamic_task_mapping.py
[2025-07-01T02:11:08.171+0000] {processor.py:925} INFO - DAG(s) 'example_dynamic_task_mapping' retrieved from /home/airflow/.local/lib/python3.12/site-packages/airflow/example_dags/example_dynamic_task_mapping.py
[2025-07-01T02:11:08.190+0000] {logging_mixin.py:190} INFO - [2025-07-01T02:11:08.190+0000] {dag.py:3239} INFO - Sync 1 DAGs
[2025-07-01T02:11:08.204+0000] {logging_mixin.py:190} INFO - [2025-07-01T02:11:08.203+0000] {dag.py:4180} INFO - Setting next_dagrun for example_dynamic_task_mapping to None, run_after=None
[2025-07-01T02:11:08.220+0000] {processor.py:208} INFO - Processing /home/airflow/.local/lib/python3.12/site-packages/airflow/example_dags/example_dynamic_task_mapping.py took 0.068 seconds
[2025-07-01T02:11:38.969+0000] {processor.py:186} INFO - Started process (PID=7957) to work on /home/airflow/.local/lib/python3.12/site-packages/airflow/example_dags/example_dynamic_task_mapping.py
[2025-07-01T02:11:38.970+0000] {processor.py:914} INFO - Processing file /home/airflow/.local/lib/python3.12/site-packages/airflow/example_dags/example_dynamic_task_mapping.py for tasks to queue
[2025-07-01T02:11:38.972+0000] {logging_mixin.py:190} INFO - [2025-07-01T02:11:38.972+0000] {dagbag.py:588} INFO - Filling up the DagBag from /home/airflow/.local/lib/python3.12/site-packages/airflow/example_dags/example_dynamic_task_mapping.py
[2025-07-01T02:11:38.980+0000] {processor.py:925} INFO - DAG(s) 'example_dynamic_task_mapping' retrieved from /home/airflow/.local/lib/python3.12/site-packages/airflow/example_dags/example_dynamic_task_mapping.py
[2025-07-01T02:11:39.001+0000] {logging_mixin.py:190} INFO - [2025-07-01T02:11:39.001+0000] {dag.py:3239} INFO - Sync 1 DAGs
[2025-07-01T02:11:39.014+0000] {logging_mixin.py:190} INFO - [2025-07-01T02:11:39.014+0000] {dag.py:4180} INFO - Setting next_dagrun for example_dynamic_task_mapping to None, run_after=None
[2025-07-01T02:11:39.030+0000] {processor.py:208} INFO - Processing /home/airflow/.local/lib/python3.12/site-packages/airflow/example_dags/example_dynamic_task_mapping.py took 0.067 seconds
[2025-07-01T02:12:09.795+0000] {processor.py:186} INFO - Started process (PID=8019) to work on /home/airflow/.local/lib/python3.12/site-packages/airflow/example_dags/example_dynamic_task_mapping.py
[2025-07-01T02:12:09.796+0000] {processor.py:914} INFO - Processing file /home/airflow/.local/lib/python3.12/site-packages/airflow/example_dags/example_dynamic_task_mapping.py for tasks to queue
[2025-07-01T02:12:09.799+0000] {logging_mixin.py:190} INFO - [2025-07-01T02:12:09.799+0000] {dagbag.py:588} INFO - Filling up the DagBag from /home/airflow/.local/lib/python3.12/site-packages/airflow/example_dags/example_dynamic_task_mapping.py
[2025-07-01T02:12:09.809+0000] {processor.py:925} INFO - DAG(s) 'example_dynamic_task_mapping' retrieved from /home/airflow/.local/lib/python3.12/site-packages/airflow/example_dags/example_dynamic_task_mapping.py
[2025-07-01T02:12:09.829+0000] {logging_mixin.py:190} INFO - [2025-07-01T02:12:09.829+0000] {dag.py:3239} INFO - Sync 1 DAGs
[2025-07-01T02:12:09.842+0000] {logging_mixin.py:190} INFO - [2025-07-01T02:12:09.842+0000] {dag.py:4180} INFO - Setting next_dagrun for example_dynamic_task_mapping to None, run_after=None
[2025-07-01T02:12:09.858+0000] {processor.py:208} INFO - Processing /home/airflow/.local/lib/python3.12/site-packages/airflow/example_dags/example_dynamic_task_mapping.py took 0.069 seconds
[2025-07-01T02:12:43.862+0000] {processor.py:186} INFO - Started process (PID=8081) to work on /home/airflow/.local/lib/python3.12/site-packages/airflow/example_dags/example_dynamic_task_mapping.py
[2025-07-01T02:12:43.863+0000] {processor.py:914} INFO - Processing file /home/airflow/.local/lib/python3.12/site-packages/airflow/example_dags/example_dynamic_task_mapping.py for tasks to queue
[2025-07-01T02:12:43.866+0000] {logging_mixin.py:190} INFO - [2025-07-01T02:12:43.866+0000] {dagbag.py:588} INFO - Filling up the DagBag from /home/airflow/.local/lib/python3.12/site-packages/airflow/example_dags/example_dynamic_task_mapping.py
[2025-07-01T02:12:43.877+0000] {processor.py:925} INFO - DAG(s) 'example_dynamic_task_mapping' retrieved from /home/airflow/.local/lib/python3.12/site-packages/airflow/example_dags/example_dynamic_task_mapping.py
[2025-07-01T02:12:43.901+0000] {logging_mixin.py:190} INFO - [2025-07-01T02:12:43.900+0000] {dag.py:3239} INFO - Sync 1 DAGs
[2025-07-01T02:12:43.917+0000] {logging_mixin.py:190} INFO - [2025-07-01T02:12:43.917+0000] {dag.py:4180} INFO - Setting next_dagrun for example_dynamic_task_mapping to None, run_after=None
[2025-07-01T02:12:43.938+0000] {processor.py:208} INFO - Processing /home/airflow/.local/lib/python3.12/site-packages/airflow/example_dags/example_dynamic_task_mapping.py took 0.083 seconds
[2025-07-01T02:13:14.237+0000] {processor.py:186} INFO - Started process (PID=8143) to work on /home/airflow/.local/lib/python3.12/site-packages/airflow/example_dags/example_dynamic_task_mapping.py
[2025-07-01T02:13:14.238+0000] {processor.py:914} INFO - Processing file /home/airflow/.local/lib/python3.12/site-packages/airflow/example_dags/example_dynamic_task_mapping.py for tasks to queue
[2025-07-01T02:13:14.240+0000] {logging_mixin.py:190} INFO - [2025-07-01T02:13:14.240+0000] {dagbag.py:588} INFO - Filling up the DagBag from /home/airflow/.local/lib/python3.12/site-packages/airflow/example_dags/example_dynamic_task_mapping.py
[2025-07-01T02:13:14.249+0000] {processor.py:925} INFO - DAG(s) 'example_dynamic_task_mapping' retrieved from /home/airflow/.local/lib/python3.12/site-packages/airflow/example_dags/example_dynamic_task_mapping.py
[2025-07-01T02:13:14.268+0000] {logging_mixin.py:190} INFO - [2025-07-01T02:13:14.268+0000] {dag.py:3239} INFO - Sync 1 DAGs
[2025-07-01T02:13:14.281+0000] {logging_mixin.py:190} INFO - [2025-07-01T02:13:14.281+0000] {dag.py:4180} INFO - Setting next_dagrun for example_dynamic_task_mapping to None, run_after=None
[2025-07-01T02:13:14.297+0000] {processor.py:208} INFO - Processing /home/airflow/.local/lib/python3.12/site-packages/airflow/example_dags/example_dynamic_task_mapping.py took 0.066 seconds
[2025-07-01T02:13:44.742+0000] {processor.py:186} INFO - Started process (PID=8207) to work on /home/airflow/.local/lib/python3.12/site-packages/airflow/example_dags/example_dynamic_task_mapping.py
[2025-07-01T02:13:44.743+0000] {processor.py:914} INFO - Processing file /home/airflow/.local/lib/python3.12/site-packages/airflow/example_dags/example_dynamic_task_mapping.py for tasks to queue
[2025-07-01T02:13:44.747+0000] {logging_mixin.py:190} INFO - [2025-07-01T02:13:44.746+0000] {dagbag.py:588} INFO - Filling up the DagBag from /home/airflow/.local/lib/python3.12/site-packages/airflow/example_dags/example_dynamic_task_mapping.py
[2025-07-01T02:13:44.758+0000] {processor.py:925} INFO - DAG(s) 'example_dynamic_task_mapping' retrieved from /home/airflow/.local/lib/python3.12/site-packages/airflow/example_dags/example_dynamic_task_mapping.py
[2025-07-01T02:13:44.779+0000] {logging_mixin.py:190} INFO - [2025-07-01T02:13:44.778+0000] {dag.py:3239} INFO - Sync 1 DAGs
[2025-07-01T02:13:44.794+0000] {logging_mixin.py:190} INFO - [2025-07-01T02:13:44.794+0000] {dag.py:4180} INFO - Setting next_dagrun for example_dynamic_task_mapping to None, run_after=None
[2025-07-01T02:13:44.814+0000] {processor.py:208} INFO - Processing /home/airflow/.local/lib/python3.12/site-packages/airflow/example_dags/example_dynamic_task_mapping.py took 0.079 seconds
[2025-07-01T02:14:15.376+0000] {processor.py:186} INFO - Started process (PID=8271) to work on /home/airflow/.local/lib/python3.12/site-packages/airflow/example_dags/example_dynamic_task_mapping.py
[2025-07-01T02:14:15.377+0000] {processor.py:914} INFO - Processing file /home/airflow/.local/lib/python3.12/site-packages/airflow/example_dags/example_dynamic_task_mapping.py for tasks to queue
[2025-07-01T02:14:15.380+0000] {logging_mixin.py:190} INFO - [2025-07-01T02:14:15.380+0000] {dagbag.py:588} INFO - Filling up the DagBag from /home/airflow/.local/lib/python3.12/site-packages/airflow/example_dags/example_dynamic_task_mapping.py
[2025-07-01T02:14:15.388+0000] {processor.py:925} INFO - DAG(s) 'example_dynamic_task_mapping' retrieved from /home/airflow/.local/lib/python3.12/site-packages/airflow/example_dags/example_dynamic_task_mapping.py
[2025-07-01T02:14:15.408+0000] {logging_mixin.py:190} INFO - [2025-07-01T02:14:15.408+0000] {dag.py:3239} INFO - Sync 1 DAGs
[2025-07-01T02:14:15.424+0000] {logging_mixin.py:190} INFO - [2025-07-01T02:14:15.424+0000] {dag.py:4180} INFO - Setting next_dagrun for example_dynamic_task_mapping to None, run_after=None
[2025-07-01T02:14:15.445+0000] {processor.py:208} INFO - Processing /home/airflow/.local/lib/python3.12/site-packages/airflow/example_dags/example_dynamic_task_mapping.py took 0.075 seconds
[2025-07-01T02:14:45.722+0000] {processor.py:186} INFO - Started process (PID=8333) to work on /home/airflow/.local/lib/python3.12/site-packages/airflow/example_dags/example_dynamic_task_mapping.py
[2025-07-01T02:14:45.723+0000] {processor.py:914} INFO - Processing file /home/airflow/.local/lib/python3.12/site-packages/airflow/example_dags/example_dynamic_task_mapping.py for tasks to queue
[2025-07-01T02:14:45.725+0000] {logging_mixin.py:190} INFO - [2025-07-01T02:14:45.725+0000] {dagbag.py:588} INFO - Filling up the DagBag from /home/airflow/.local/lib/python3.12/site-packages/airflow/example_dags/example_dynamic_task_mapping.py
[2025-07-01T02:14:45.733+0000] {processor.py:925} INFO - DAG(s) 'example_dynamic_task_mapping' retrieved from /home/airflow/.local/lib/python3.12/site-packages/airflow/example_dags/example_dynamic_task_mapping.py
[2025-07-01T02:14:45.753+0000] {logging_mixin.py:190} INFO - [2025-07-01T02:14:45.753+0000] {dag.py:3239} INFO - Sync 1 DAGs
[2025-07-01T02:14:45.767+0000] {logging_mixin.py:190} INFO - [2025-07-01T02:14:45.767+0000] {dag.py:4180} INFO - Setting next_dagrun for example_dynamic_task_mapping to None, run_after=None
[2025-07-01T02:14:45.785+0000] {processor.py:208} INFO - Processing /home/airflow/.local/lib/python3.12/site-packages/airflow/example_dags/example_dynamic_task_mapping.py took 0.070 seconds
[2025-07-01T02:15:16.420+0000] {processor.py:186} INFO - Started process (PID=8397) to work on /home/airflow/.local/lib/python3.12/site-packages/airflow/example_dags/example_dynamic_task_mapping.py
[2025-07-01T02:15:16.421+0000] {processor.py:914} INFO - Processing file /home/airflow/.local/lib/python3.12/site-packages/airflow/example_dags/example_dynamic_task_mapping.py for tasks to queue
[2025-07-01T02:15:16.424+0000] {logging_mixin.py:190} INFO - [2025-07-01T02:15:16.424+0000] {dagbag.py:588} INFO - Filling up the DagBag from /home/airflow/.local/lib/python3.12/site-packages/airflow/example_dags/example_dynamic_task_mapping.py
[2025-07-01T02:15:16.435+0000] {processor.py:925} INFO - DAG(s) 'example_dynamic_task_mapping' retrieved from /home/airflow/.local/lib/python3.12/site-packages/airflow/example_dags/example_dynamic_task_mapping.py
[2025-07-01T02:15:16.455+0000] {logging_mixin.py:190} INFO - [2025-07-01T02:15:16.455+0000] {dag.py:3239} INFO - Sync 1 DAGs
[2025-07-01T02:15:16.470+0000] {logging_mixin.py:190} INFO - [2025-07-01T02:15:16.470+0000] {dag.py:4180} INFO - Setting next_dagrun for example_dynamic_task_mapping to None, run_after=None
[2025-07-01T02:15:16.488+0000] {processor.py:208} INFO - Processing /home/airflow/.local/lib/python3.12/site-packages/airflow/example_dags/example_dynamic_task_mapping.py took 0.078 seconds
[2025-07-01T02:15:48.554+0000] {processor.py:186} INFO - Started process (PID=8466) to work on /home/airflow/.local/lib/python3.12/site-packages/airflow/example_dags/example_dynamic_task_mapping.py
[2025-07-01T02:15:48.555+0000] {processor.py:914} INFO - Processing file /home/airflow/.local/lib/python3.12/site-packages/airflow/example_dags/example_dynamic_task_mapping.py for tasks to queue
[2025-07-01T02:15:48.558+0000] {logging_mixin.py:190} INFO - [2025-07-01T02:15:48.558+0000] {dagbag.py:588} INFO - Filling up the DagBag from /home/airflow/.local/lib/python3.12/site-packages/airflow/example_dags/example_dynamic_task_mapping.py
[2025-07-01T02:15:48.567+0000] {processor.py:925} INFO - DAG(s) 'example_dynamic_task_mapping' retrieved from /home/airflow/.local/lib/python3.12/site-packages/airflow/example_dags/example_dynamic_task_mapping.py
[2025-07-01T02:15:48.607+0000] {logging_mixin.py:190} INFO - [2025-07-01T02:15:48.606+0000] {dag.py:3239} INFO - Sync 1 DAGs
[2025-07-01T02:15:48.626+0000] {logging_mixin.py:190} INFO - [2025-07-01T02:15:48.625+0000] {dag.py:4180} INFO - Setting next_dagrun for example_dynamic_task_mapping to None, run_after=None
[2025-07-01T02:15:48.646+0000] {processor.py:208} INFO - Processing /home/airflow/.local/lib/python3.12/site-packages/airflow/example_dags/example_dynamic_task_mapping.py took 0.098 seconds
[2025-07-01T02:16:19.604+0000] {processor.py:186} INFO - Started process (PID=8528) to work on /home/airflow/.local/lib/python3.12/site-packages/airflow/example_dags/example_dynamic_task_mapping.py
[2025-07-01T02:16:19.605+0000] {processor.py:914} INFO - Processing file /home/airflow/.local/lib/python3.12/site-packages/airflow/example_dags/example_dynamic_task_mapping.py for tasks to queue
[2025-07-01T02:16:19.608+0000] {logging_mixin.py:190} INFO - [2025-07-01T02:16:19.608+0000] {dagbag.py:588} INFO - Filling up the DagBag from /home/airflow/.local/lib/python3.12/site-packages/airflow/example_dags/example_dynamic_task_mapping.py
[2025-07-01T02:16:19.618+0000] {processor.py:925} INFO - DAG(s) 'example_dynamic_task_mapping' retrieved from /home/airflow/.local/lib/python3.12/site-packages/airflow/example_dags/example_dynamic_task_mapping.py
[2025-07-01T02:16:19.639+0000] {logging_mixin.py:190} INFO - [2025-07-01T02:16:19.638+0000] {dag.py:3239} INFO - Sync 1 DAGs
[2025-07-01T02:16:19.654+0000] {logging_mixin.py:190} INFO - [2025-07-01T02:16:19.654+0000] {dag.py:4180} INFO - Setting next_dagrun for example_dynamic_task_mapping to None, run_after=None
[2025-07-01T02:16:19.674+0000] {processor.py:208} INFO - Processing /home/airflow/.local/lib/python3.12/site-packages/airflow/example_dags/example_dynamic_task_mapping.py took 0.079 seconds
[2025-07-01T02:16:50.051+0000] {processor.py:186} INFO - Started process (PID=8590) to work on /home/airflow/.local/lib/python3.12/site-packages/airflow/example_dags/example_dynamic_task_mapping.py
[2025-07-01T02:16:50.052+0000] {processor.py:914} INFO - Processing file /home/airflow/.local/lib/python3.12/site-packages/airflow/example_dags/example_dynamic_task_mapping.py for tasks to queue
[2025-07-01T02:16:50.055+0000] {logging_mixin.py:190} INFO - [2025-07-01T02:16:50.055+0000] {dagbag.py:588} INFO - Filling up the DagBag from /home/airflow/.local/lib/python3.12/site-packages/airflow/example_dags/example_dynamic_task_mapping.py
[2025-07-01T02:16:50.064+0000] {processor.py:925} INFO - DAG(s) 'example_dynamic_task_mapping' retrieved from /home/airflow/.local/lib/python3.12/site-packages/airflow/example_dags/example_dynamic_task_mapping.py
[2025-07-01T02:16:50.084+0000] {logging_mixin.py:190} INFO - [2025-07-01T02:16:50.083+0000] {dag.py:3239} INFO - Sync 1 DAGs
[2025-07-01T02:16:50.097+0000] {logging_mixin.py:190} INFO - [2025-07-01T02:16:50.097+0000] {dag.py:4180} INFO - Setting next_dagrun for example_dynamic_task_mapping to None, run_after=None
[2025-07-01T02:16:50.114+0000] {processor.py:208} INFO - Processing /home/airflow/.local/lib/python3.12/site-packages/airflow/example_dags/example_dynamic_task_mapping.py took 0.069 seconds
[2025-07-01T02:17:20.586+0000] {processor.py:186} INFO - Started process (PID=8652) to work on /home/airflow/.local/lib/python3.12/site-packages/airflow/example_dags/example_dynamic_task_mapping.py
[2025-07-01T02:17:20.587+0000] {processor.py:914} INFO - Processing file /home/airflow/.local/lib/python3.12/site-packages/airflow/example_dags/example_dynamic_task_mapping.py for tasks to queue
[2025-07-01T02:17:20.589+0000] {logging_mixin.py:190} INFO - [2025-07-01T02:17:20.589+0000] {dagbag.py:588} INFO - Filling up the DagBag from /home/airflow/.local/lib/python3.12/site-packages/airflow/example_dags/example_dynamic_task_mapping.py
[2025-07-01T02:17:20.597+0000] {processor.py:925} INFO - DAG(s) 'example_dynamic_task_mapping' retrieved from /home/airflow/.local/lib/python3.12/site-packages/airflow/example_dags/example_dynamic_task_mapping.py
[2025-07-01T02:17:20.618+0000] {logging_mixin.py:190} INFO - [2025-07-01T02:17:20.618+0000] {dag.py:3239} INFO - Sync 1 DAGs
[2025-07-01T02:17:20.633+0000] {logging_mixin.py:190} INFO - [2025-07-01T02:17:20.633+0000] {dag.py:4180} INFO - Setting next_dagrun for example_dynamic_task_mapping to None, run_after=None
[2025-07-01T02:17:20.651+0000] {processor.py:208} INFO - Processing /home/airflow/.local/lib/python3.12/site-packages/airflow/example_dags/example_dynamic_task_mapping.py took 0.071 seconds
[2025-07-01T02:17:51.608+0000] {processor.py:186} INFO - Started process (PID=8714) to work on /home/airflow/.local/lib/python3.12/site-packages/airflow/example_dags/example_dynamic_task_mapping.py
[2025-07-01T02:17:51.610+0000] {processor.py:914} INFO - Processing file /home/airflow/.local/lib/python3.12/site-packages/airflow/example_dags/example_dynamic_task_mapping.py for tasks to queue
[2025-07-01T02:17:51.613+0000] {logging_mixin.py:190} INFO - [2025-07-01T02:17:51.613+0000] {dagbag.py:588} INFO - Filling up the DagBag from /home/airflow/.local/lib/python3.12/site-packages/airflow/example_dags/example_dynamic_task_mapping.py
[2025-07-01T02:17:51.621+0000] {processor.py:925} INFO - DAG(s) 'example_dynamic_task_mapping' retrieved from /home/airflow/.local/lib/python3.12/site-packages/airflow/example_dags/example_dynamic_task_mapping.py
[2025-07-01T02:17:51.643+0000] {logging_mixin.py:190} INFO - [2025-07-01T02:17:51.643+0000] {dag.py:3239} INFO - Sync 1 DAGs
[2025-07-01T02:17:51.656+0000] {logging_mixin.py:190} INFO - [2025-07-01T02:17:51.656+0000] {dag.py:4180} INFO - Setting next_dagrun for example_dynamic_task_mapping to None, run_after=None
[2025-07-01T02:17:51.674+0000] {processor.py:208} INFO - Processing /home/airflow/.local/lib/python3.12/site-packages/airflow/example_dags/example_dynamic_task_mapping.py took 0.072 seconds
[2025-07-01T02:18:21.902+0000] {processor.py:186} INFO - Started process (PID=8776) to work on /home/airflow/.local/lib/python3.12/site-packages/airflow/example_dags/example_dynamic_task_mapping.py
[2025-07-01T02:18:21.903+0000] {processor.py:914} INFO - Processing file /home/airflow/.local/lib/python3.12/site-packages/airflow/example_dags/example_dynamic_task_mapping.py for tasks to queue
[2025-07-01T02:18:21.906+0000] {logging_mixin.py:190} INFO - [2025-07-01T02:18:21.905+0000] {dagbag.py:588} INFO - Filling up the DagBag from /home/airflow/.local/lib/python3.12/site-packages/airflow/example_dags/example_dynamic_task_mapping.py
[2025-07-01T02:18:21.915+0000] {processor.py:925} INFO - DAG(s) 'example_dynamic_task_mapping' retrieved from /home/airflow/.local/lib/python3.12/site-packages/airflow/example_dags/example_dynamic_task_mapping.py
[2025-07-01T02:18:21.934+0000] {logging_mixin.py:190} INFO - [2025-07-01T02:18:21.934+0000] {dag.py:3239} INFO - Sync 1 DAGs
[2025-07-01T02:18:21.949+0000] {logging_mixin.py:190} INFO - [2025-07-01T02:18:21.949+0000] {dag.py:4180} INFO - Setting next_dagrun for example_dynamic_task_mapping to None, run_after=None
[2025-07-01T02:18:21.968+0000] {processor.py:208} INFO - Processing /home/airflow/.local/lib/python3.12/site-packages/airflow/example_dags/example_dynamic_task_mapping.py took 0.072 seconds
[2025-07-01T02:18:53.136+0000] {processor.py:186} INFO - Started process (PID=8838) to work on /home/airflow/.local/lib/python3.12/site-packages/airflow/example_dags/example_dynamic_task_mapping.py
[2025-07-01T02:18:53.138+0000] {processor.py:914} INFO - Processing file /home/airflow/.local/lib/python3.12/site-packages/airflow/example_dags/example_dynamic_task_mapping.py for tasks to queue
[2025-07-01T02:18:53.141+0000] {logging_mixin.py:190} INFO - [2025-07-01T02:18:53.141+0000] {dagbag.py:588} INFO - Filling up the DagBag from /home/airflow/.local/lib/python3.12/site-packages/airflow/example_dags/example_dynamic_task_mapping.py
[2025-07-01T02:18:53.151+0000] {processor.py:925} INFO - DAG(s) 'example_dynamic_task_mapping' retrieved from /home/airflow/.local/lib/python3.12/site-packages/airflow/example_dags/example_dynamic_task_mapping.py
[2025-07-01T02:18:53.171+0000] {logging_mixin.py:190} INFO - [2025-07-01T02:18:53.171+0000] {dag.py:3239} INFO - Sync 1 DAGs
[2025-07-01T02:18:53.187+0000] {logging_mixin.py:190} INFO - [2025-07-01T02:18:53.187+0000] {dag.py:4180} INFO - Setting next_dagrun for example_dynamic_task_mapping to None, run_after=None
[2025-07-01T02:18:53.206+0000] {processor.py:208} INFO - Processing /home/airflow/.local/lib/python3.12/site-packages/airflow/example_dags/example_dynamic_task_mapping.py took 0.078 seconds
[2025-07-01T02:26:39.605+0000] {processor.py:186} INFO - Started process (PID=8907) to work on /home/airflow/.local/lib/python3.12/site-packages/airflow/example_dags/example_dynamic_task_mapping.py
[2025-07-01T02:26:39.607+0000] {processor.py:914} INFO - Processing file /home/airflow/.local/lib/python3.12/site-packages/airflow/example_dags/example_dynamic_task_mapping.py for tasks to queue
[2025-07-01T02:26:39.612+0000] {logging_mixin.py:190} INFO - [2025-07-01T02:26:39.611+0000] {dagbag.py:588} INFO - Filling up the DagBag from /home/airflow/.local/lib/python3.12/site-packages/airflow/example_dags/example_dynamic_task_mapping.py
[2025-07-01T02:26:39.634+0000] {processor.py:925} INFO - DAG(s) 'example_dynamic_task_mapping' retrieved from /home/airflow/.local/lib/python3.12/site-packages/airflow/example_dags/example_dynamic_task_mapping.py
[2025-07-01T02:26:39.688+0000] {logging_mixin.py:190} INFO - [2025-07-01T02:26:39.688+0000] {dag.py:3239} INFO - Sync 1 DAGs
[2025-07-01T02:26:39.720+0000] {logging_mixin.py:190} INFO - [2025-07-01T02:26:39.720+0000] {dag.py:4180} INFO - Setting next_dagrun for example_dynamic_task_mapping to None, run_after=None
[2025-07-01T02:26:39.752+0000] {processor.py:208} INFO - Processing /home/airflow/.local/lib/python3.12/site-packages/airflow/example_dags/example_dynamic_task_mapping.py took 0.155 seconds
[2025-07-01T02:27:10.598+0000] {processor.py:186} INFO - Started process (PID=8969) to work on /home/airflow/.local/lib/python3.12/site-packages/airflow/example_dags/example_dynamic_task_mapping.py
[2025-07-01T02:27:10.600+0000] {processor.py:914} INFO - Processing file /home/airflow/.local/lib/python3.12/site-packages/airflow/example_dags/example_dynamic_task_mapping.py for tasks to queue
[2025-07-01T02:27:10.603+0000] {logging_mixin.py:190} INFO - [2025-07-01T02:27:10.602+0000] {dagbag.py:588} INFO - Filling up the DagBag from /home/airflow/.local/lib/python3.12/site-packages/airflow/example_dags/example_dynamic_task_mapping.py
[2025-07-01T02:27:10.616+0000] {processor.py:925} INFO - DAG(s) 'example_dynamic_task_mapping' retrieved from /home/airflow/.local/lib/python3.12/site-packages/airflow/example_dags/example_dynamic_task_mapping.py
[2025-07-01T02:27:10.641+0000] {logging_mixin.py:190} INFO - [2025-07-01T02:27:10.641+0000] {dag.py:3239} INFO - Sync 1 DAGs
[2025-07-01T02:27:10.660+0000] {logging_mixin.py:190} INFO - [2025-07-01T02:27:10.660+0000] {dag.py:4180} INFO - Setting next_dagrun for example_dynamic_task_mapping to None, run_after=None
[2025-07-01T02:27:10.683+0000] {processor.py:208} INFO - Processing /home/airflow/.local/lib/python3.12/site-packages/airflow/example_dags/example_dynamic_task_mapping.py took 0.093 seconds
[2025-07-01T02:27:40.990+0000] {processor.py:186} INFO - Started process (PID=9032) to work on /home/airflow/.local/lib/python3.12/site-packages/airflow/example_dags/example_dynamic_task_mapping.py
[2025-07-01T02:27:40.992+0000] {processor.py:914} INFO - Processing file /home/airflow/.local/lib/python3.12/site-packages/airflow/example_dags/example_dynamic_task_mapping.py for tasks to queue
[2025-07-01T02:27:40.996+0000] {logging_mixin.py:190} INFO - [2025-07-01T02:27:40.995+0000] {dagbag.py:588} INFO - Filling up the DagBag from /home/airflow/.local/lib/python3.12/site-packages/airflow/example_dags/example_dynamic_task_mapping.py
[2025-07-01T02:27:41.007+0000] {processor.py:925} INFO - DAG(s) 'example_dynamic_task_mapping' retrieved from /home/airflow/.local/lib/python3.12/site-packages/airflow/example_dags/example_dynamic_task_mapping.py
[2025-07-01T02:27:41.031+0000] {logging_mixin.py:190} INFO - [2025-07-01T02:27:41.031+0000] {dag.py:3239} INFO - Sync 1 DAGs
[2025-07-01T02:27:41.051+0000] {logging_mixin.py:190} INFO - [2025-07-01T02:27:41.050+0000] {dag.py:4180} INFO - Setting next_dagrun for example_dynamic_task_mapping to None, run_after=None
[2025-07-01T02:27:41.072+0000] {processor.py:208} INFO - Processing /home/airflow/.local/lib/python3.12/site-packages/airflow/example_dags/example_dynamic_task_mapping.py took 0.092 seconds
[2025-07-01T02:28:11.457+0000] {processor.py:186} INFO - Started process (PID=9094) to work on /home/airflow/.local/lib/python3.12/site-packages/airflow/example_dags/example_dynamic_task_mapping.py
[2025-07-01T02:28:11.458+0000] {processor.py:914} INFO - Processing file /home/airflow/.local/lib/python3.12/site-packages/airflow/example_dags/example_dynamic_task_mapping.py for tasks to queue
[2025-07-01T02:28:11.461+0000] {logging_mixin.py:190} INFO - [2025-07-01T02:28:11.461+0000] {dagbag.py:588} INFO - Filling up the DagBag from /home/airflow/.local/lib/python3.12/site-packages/airflow/example_dags/example_dynamic_task_mapping.py
[2025-07-01T02:28:11.469+0000] {processor.py:925} INFO - DAG(s) 'example_dynamic_task_mapping' retrieved from /home/airflow/.local/lib/python3.12/site-packages/airflow/example_dags/example_dynamic_task_mapping.py
[2025-07-01T02:28:11.489+0000] {logging_mixin.py:190} INFO - [2025-07-01T02:28:11.489+0000] {dag.py:3239} INFO - Sync 1 DAGs
[2025-07-01T02:28:11.503+0000] {logging_mixin.py:190} INFO - [2025-07-01T02:28:11.503+0000] {dag.py:4180} INFO - Setting next_dagrun for example_dynamic_task_mapping to None, run_after=None
[2025-07-01T02:28:11.522+0000] {processor.py:208} INFO - Processing /home/airflow/.local/lib/python3.12/site-packages/airflow/example_dags/example_dynamic_task_mapping.py took 0.070 seconds
[2025-07-01T02:28:41.860+0000] {processor.py:186} INFO - Started process (PID=9155) to work on /home/airflow/.local/lib/python3.12/site-packages/airflow/example_dags/example_dynamic_task_mapping.py
[2025-07-01T02:28:41.861+0000] {processor.py:914} INFO - Processing file /home/airflow/.local/lib/python3.12/site-packages/airflow/example_dags/example_dynamic_task_mapping.py for tasks to queue
[2025-07-01T02:28:41.863+0000] {logging_mixin.py:190} INFO - [2025-07-01T02:28:41.863+0000] {dagbag.py:588} INFO - Filling up the DagBag from /home/airflow/.local/lib/python3.12/site-packages/airflow/example_dags/example_dynamic_task_mapping.py
[2025-07-01T02:28:41.871+0000] {processor.py:925} INFO - DAG(s) 'example_dynamic_task_mapping' retrieved from /home/airflow/.local/lib/python3.12/site-packages/airflow/example_dags/example_dynamic_task_mapping.py
[2025-07-01T02:28:41.892+0000] {logging_mixin.py:190} INFO - [2025-07-01T02:28:41.891+0000] {dag.py:3239} INFO - Sync 1 DAGs
[2025-07-01T02:28:41.905+0000] {logging_mixin.py:190} INFO - [2025-07-01T02:28:41.905+0000] {dag.py:4180} INFO - Setting next_dagrun for example_dynamic_task_mapping to None, run_after=None
[2025-07-01T02:28:41.922+0000] {processor.py:208} INFO - Processing /home/airflow/.local/lib/python3.12/site-packages/airflow/example_dags/example_dynamic_task_mapping.py took 0.067 seconds
[2025-07-01T02:29:13.020+0000] {processor.py:186} INFO - Started process (PID=9218) to work on /home/airflow/.local/lib/python3.12/site-packages/airflow/example_dags/example_dynamic_task_mapping.py
[2025-07-01T02:29:13.021+0000] {processor.py:914} INFO - Processing file /home/airflow/.local/lib/python3.12/site-packages/airflow/example_dags/example_dynamic_task_mapping.py for tasks to queue
[2025-07-01T02:29:13.024+0000] {logging_mixin.py:190} INFO - [2025-07-01T02:29:13.024+0000] {dagbag.py:588} INFO - Filling up the DagBag from /home/airflow/.local/lib/python3.12/site-packages/airflow/example_dags/example_dynamic_task_mapping.py
[2025-07-01T02:29:13.033+0000] {processor.py:925} INFO - DAG(s) 'example_dynamic_task_mapping' retrieved from /home/airflow/.local/lib/python3.12/site-packages/airflow/example_dags/example_dynamic_task_mapping.py
[2025-07-01T02:29:13.066+0000] {logging_mixin.py:190} INFO - [2025-07-01T02:29:13.065+0000] {dag.py:3239} INFO - Sync 1 DAGs
[2025-07-01T02:29:13.082+0000] {logging_mixin.py:190} INFO - [2025-07-01T02:29:13.081+0000] {dag.py:4180} INFO - Setting next_dagrun for example_dynamic_task_mapping to None, run_after=None
[2025-07-01T02:29:13.100+0000] {processor.py:208} INFO - Processing /home/airflow/.local/lib/python3.12/site-packages/airflow/example_dags/example_dynamic_task_mapping.py took 0.086 seconds
[2025-07-01T02:29:43.699+0000] {processor.py:186} INFO - Started process (PID=9280) to work on /home/airflow/.local/lib/python3.12/site-packages/airflow/example_dags/example_dynamic_task_mapping.py
[2025-07-01T02:29:43.700+0000] {processor.py:914} INFO - Processing file /home/airflow/.local/lib/python3.12/site-packages/airflow/example_dags/example_dynamic_task_mapping.py for tasks to queue
[2025-07-01T02:29:43.703+0000] {logging_mixin.py:190} INFO - [2025-07-01T02:29:43.702+0000] {dagbag.py:588} INFO - Filling up the DagBag from /home/airflow/.local/lib/python3.12/site-packages/airflow/example_dags/example_dynamic_task_mapping.py
[2025-07-01T02:29:43.712+0000] {processor.py:925} INFO - DAG(s) 'example_dynamic_task_mapping' retrieved from /home/airflow/.local/lib/python3.12/site-packages/airflow/example_dags/example_dynamic_task_mapping.py
[2025-07-01T02:29:43.732+0000] {logging_mixin.py:190} INFO - [2025-07-01T02:29:43.731+0000] {dag.py:3239} INFO - Sync 1 DAGs
[2025-07-01T02:29:43.747+0000] {logging_mixin.py:190} INFO - [2025-07-01T02:29:43.747+0000] {dag.py:4180} INFO - Setting next_dagrun for example_dynamic_task_mapping to None, run_after=None
[2025-07-01T02:29:43.764+0000] {processor.py:208} INFO - Processing /home/airflow/.local/lib/python3.12/site-packages/airflow/example_dags/example_dynamic_task_mapping.py took 0.071 seconds
[2025-07-01T02:30:14.332+0000] {processor.py:186} INFO - Started process (PID=9343) to work on /home/airflow/.local/lib/python3.12/site-packages/airflow/example_dags/example_dynamic_task_mapping.py
[2025-07-01T02:30:14.333+0000] {processor.py:914} INFO - Processing file /home/airflow/.local/lib/python3.12/site-packages/airflow/example_dags/example_dynamic_task_mapping.py for tasks to queue
[2025-07-01T02:30:14.335+0000] {logging_mixin.py:190} INFO - [2025-07-01T02:30:14.335+0000] {dagbag.py:588} INFO - Filling up the DagBag from /home/airflow/.local/lib/python3.12/site-packages/airflow/example_dags/example_dynamic_task_mapping.py
[2025-07-01T02:30:14.344+0000] {processor.py:925} INFO - DAG(s) 'example_dynamic_task_mapping' retrieved from /home/airflow/.local/lib/python3.12/site-packages/airflow/example_dags/example_dynamic_task_mapping.py
[2025-07-01T02:30:14.364+0000] {logging_mixin.py:190} INFO - [2025-07-01T02:30:14.364+0000] {dag.py:3239} INFO - Sync 1 DAGs
[2025-07-01T02:30:14.378+0000] {logging_mixin.py:190} INFO - [2025-07-01T02:30:14.378+0000] {dag.py:4180} INFO - Setting next_dagrun for example_dynamic_task_mapping to None, run_after=None
[2025-07-01T02:30:14.395+0000] {processor.py:208} INFO - Processing /home/airflow/.local/lib/python3.12/site-packages/airflow/example_dags/example_dynamic_task_mapping.py took 0.069 seconds
[2025-07-01T02:30:45.140+0000] {processor.py:186} INFO - Started process (PID=9405) to work on /home/airflow/.local/lib/python3.12/site-packages/airflow/example_dags/example_dynamic_task_mapping.py
[2025-07-01T02:30:45.141+0000] {processor.py:914} INFO - Processing file /home/airflow/.local/lib/python3.12/site-packages/airflow/example_dags/example_dynamic_task_mapping.py for tasks to queue
[2025-07-01T02:30:45.143+0000] {logging_mixin.py:190} INFO - [2025-07-01T02:30:45.143+0000] {dagbag.py:588} INFO - Filling up the DagBag from /home/airflow/.local/lib/python3.12/site-packages/airflow/example_dags/example_dynamic_task_mapping.py
[2025-07-01T02:30:45.152+0000] {processor.py:925} INFO - DAG(s) 'example_dynamic_task_mapping' retrieved from /home/airflow/.local/lib/python3.12/site-packages/airflow/example_dags/example_dynamic_task_mapping.py
[2025-07-01T02:30:45.173+0000] {logging_mixin.py:190} INFO - [2025-07-01T02:30:45.172+0000] {dag.py:3239} INFO - Sync 1 DAGs
[2025-07-01T02:30:45.188+0000] {logging_mixin.py:190} INFO - [2025-07-01T02:30:45.187+0000] {dag.py:4180} INFO - Setting next_dagrun for example_dynamic_task_mapping to None, run_after=None
[2025-07-01T02:30:45.206+0000] {processor.py:208} INFO - Processing /home/airflow/.local/lib/python3.12/site-packages/airflow/example_dags/example_dynamic_task_mapping.py took 0.072 seconds
[2025-07-01T02:31:15.717+0000] {processor.py:186} INFO - Started process (PID=9467) to work on /home/airflow/.local/lib/python3.12/site-packages/airflow/example_dags/example_dynamic_task_mapping.py
[2025-07-01T02:31:15.718+0000] {processor.py:914} INFO - Processing file /home/airflow/.local/lib/python3.12/site-packages/airflow/example_dags/example_dynamic_task_mapping.py for tasks to queue
[2025-07-01T02:31:15.721+0000] {logging_mixin.py:190} INFO - [2025-07-01T02:31:15.720+0000] {dagbag.py:588} INFO - Filling up the DagBag from /home/airflow/.local/lib/python3.12/site-packages/airflow/example_dags/example_dynamic_task_mapping.py
[2025-07-01T02:31:15.730+0000] {processor.py:925} INFO - DAG(s) 'example_dynamic_task_mapping' retrieved from /home/airflow/.local/lib/python3.12/site-packages/airflow/example_dags/example_dynamic_task_mapping.py
[2025-07-01T02:31:15.750+0000] {logging_mixin.py:190} INFO - [2025-07-01T02:31:15.750+0000] {dag.py:3239} INFO - Sync 1 DAGs
[2025-07-01T02:31:15.766+0000] {logging_mixin.py:190} INFO - [2025-07-01T02:31:15.765+0000] {dag.py:4180} INFO - Setting next_dagrun for example_dynamic_task_mapping to None, run_after=None
[2025-07-01T02:31:15.782+0000] {processor.py:208} INFO - Processing /home/airflow/.local/lib/python3.12/site-packages/airflow/example_dags/example_dynamic_task_mapping.py took 0.071 seconds
[2025-07-01T02:31:45.944+0000] {processor.py:186} INFO - Started process (PID=9529) to work on /home/airflow/.local/lib/python3.12/site-packages/airflow/example_dags/example_dynamic_task_mapping.py
[2025-07-01T02:31:45.945+0000] {processor.py:914} INFO - Processing file /home/airflow/.local/lib/python3.12/site-packages/airflow/example_dags/example_dynamic_task_mapping.py for tasks to queue
[2025-07-01T02:31:45.948+0000] {logging_mixin.py:190} INFO - [2025-07-01T02:31:45.947+0000] {dagbag.py:588} INFO - Filling up the DagBag from /home/airflow/.local/lib/python3.12/site-packages/airflow/example_dags/example_dynamic_task_mapping.py
[2025-07-01T02:31:45.956+0000] {processor.py:925} INFO - DAG(s) 'example_dynamic_task_mapping' retrieved from /home/airflow/.local/lib/python3.12/site-packages/airflow/example_dags/example_dynamic_task_mapping.py
[2025-07-01T02:31:45.975+0000] {logging_mixin.py:190} INFO - [2025-07-01T02:31:45.975+0000] {dag.py:3239} INFO - Sync 1 DAGs
[2025-07-01T02:31:45.989+0000] {logging_mixin.py:190} INFO - [2025-07-01T02:31:45.988+0000] {dag.py:4180} INFO - Setting next_dagrun for example_dynamic_task_mapping to None, run_after=None
[2025-07-01T02:31:46.007+0000] {processor.py:208} INFO - Processing /home/airflow/.local/lib/python3.12/site-packages/airflow/example_dags/example_dynamic_task_mapping.py took 0.070 seconds
[2025-07-01T02:32:16.120+0000] {processor.py:186} INFO - Started process (PID=9591) to work on /home/airflow/.local/lib/python3.12/site-packages/airflow/example_dags/example_dynamic_task_mapping.py
[2025-07-01T02:32:16.121+0000] {processor.py:914} INFO - Processing file /home/airflow/.local/lib/python3.12/site-packages/airflow/example_dags/example_dynamic_task_mapping.py for tasks to queue
[2025-07-01T02:32:16.123+0000] {logging_mixin.py:190} INFO - [2025-07-01T02:32:16.123+0000] {dagbag.py:588} INFO - Filling up the DagBag from /home/airflow/.local/lib/python3.12/site-packages/airflow/example_dags/example_dynamic_task_mapping.py
[2025-07-01T02:32:16.133+0000] {processor.py:925} INFO - DAG(s) 'example_dynamic_task_mapping' retrieved from /home/airflow/.local/lib/python3.12/site-packages/airflow/example_dags/example_dynamic_task_mapping.py
[2025-07-01T02:32:16.153+0000] {logging_mixin.py:190} INFO - [2025-07-01T02:32:16.153+0000] {dag.py:3239} INFO - Sync 1 DAGs
[2025-07-01T02:32:16.167+0000] {logging_mixin.py:190} INFO - [2025-07-01T02:32:16.167+0000] {dag.py:4180} INFO - Setting next_dagrun for example_dynamic_task_mapping to None, run_after=None
[2025-07-01T02:32:16.185+0000] {processor.py:208} INFO - Processing /home/airflow/.local/lib/python3.12/site-packages/airflow/example_dags/example_dynamic_task_mapping.py took 0.071 seconds
[2025-07-01T02:32:47.049+0000] {processor.py:186} INFO - Started process (PID=9653) to work on /home/airflow/.local/lib/python3.12/site-packages/airflow/example_dags/example_dynamic_task_mapping.py
[2025-07-01T02:32:47.051+0000] {processor.py:914} INFO - Processing file /home/airflow/.local/lib/python3.12/site-packages/airflow/example_dags/example_dynamic_task_mapping.py for tasks to queue
[2025-07-01T02:32:47.054+0000] {logging_mixin.py:190} INFO - [2025-07-01T02:32:47.053+0000] {dagbag.py:588} INFO - Filling up the DagBag from /home/airflow/.local/lib/python3.12/site-packages/airflow/example_dags/example_dynamic_task_mapping.py
[2025-07-01T02:32:47.064+0000] {processor.py:925} INFO - DAG(s) 'example_dynamic_task_mapping' retrieved from /home/airflow/.local/lib/python3.12/site-packages/airflow/example_dags/example_dynamic_task_mapping.py
[2025-07-01T02:32:47.086+0000] {logging_mixin.py:190} INFO - [2025-07-01T02:32:47.085+0000] {dag.py:3239} INFO - Sync 1 DAGs
[2025-07-01T02:32:47.106+0000] {logging_mixin.py:190} INFO - [2025-07-01T02:32:47.106+0000] {dag.py:4180} INFO - Setting next_dagrun for example_dynamic_task_mapping to None, run_after=None
[2025-07-01T02:32:47.126+0000] {processor.py:208} INFO - Processing /home/airflow/.local/lib/python3.12/site-packages/airflow/example_dags/example_dynamic_task_mapping.py took 0.086 seconds
[2025-07-01T02:33:18.057+0000] {processor.py:186} INFO - Started process (PID=9715) to work on /home/airflow/.local/lib/python3.12/site-packages/airflow/example_dags/example_dynamic_task_mapping.py
[2025-07-01T02:33:18.058+0000] {processor.py:914} INFO - Processing file /home/airflow/.local/lib/python3.12/site-packages/airflow/example_dags/example_dynamic_task_mapping.py for tasks to queue
[2025-07-01T02:33:18.061+0000] {logging_mixin.py:190} INFO - [2025-07-01T02:33:18.061+0000] {dagbag.py:588} INFO - Filling up the DagBag from /home/airflow/.local/lib/python3.12/site-packages/airflow/example_dags/example_dynamic_task_mapping.py
[2025-07-01T02:33:18.070+0000] {processor.py:925} INFO - DAG(s) 'example_dynamic_task_mapping' retrieved from /home/airflow/.local/lib/python3.12/site-packages/airflow/example_dags/example_dynamic_task_mapping.py
[2025-07-01T02:33:18.091+0000] {logging_mixin.py:190} INFO - [2025-07-01T02:33:18.091+0000] {dag.py:3239} INFO - Sync 1 DAGs
[2025-07-01T02:33:18.108+0000] {logging_mixin.py:190} INFO - [2025-07-01T02:33:18.108+0000] {dag.py:4180} INFO - Setting next_dagrun for example_dynamic_task_mapping to None, run_after=None
[2025-07-01T02:33:18.134+0000] {processor.py:208} INFO - Processing /home/airflow/.local/lib/python3.12/site-packages/airflow/example_dags/example_dynamic_task_mapping.py took 0.083 seconds
[2025-07-01T02:33:52.092+0000] {processor.py:186} INFO - Started process (PID=9777) to work on /home/airflow/.local/lib/python3.12/site-packages/airflow/example_dags/example_dynamic_task_mapping.py
[2025-07-01T02:33:52.093+0000] {processor.py:914} INFO - Processing file /home/airflow/.local/lib/python3.12/site-packages/airflow/example_dags/example_dynamic_task_mapping.py for tasks to queue
[2025-07-01T02:33:52.096+0000] {logging_mixin.py:190} INFO - [2025-07-01T02:33:52.096+0000] {dagbag.py:588} INFO - Filling up the DagBag from /home/airflow/.local/lib/python3.12/site-packages/airflow/example_dags/example_dynamic_task_mapping.py
[2025-07-01T02:33:52.107+0000] {processor.py:925} INFO - DAG(s) 'example_dynamic_task_mapping' retrieved from /home/airflow/.local/lib/python3.12/site-packages/airflow/example_dags/example_dynamic_task_mapping.py
[2025-07-01T02:33:52.128+0000] {logging_mixin.py:190} INFO - [2025-07-01T02:33:52.128+0000] {dag.py:3239} INFO - Sync 1 DAGs
[2025-07-01T02:33:52.142+0000] {logging_mixin.py:190} INFO - [2025-07-01T02:33:52.142+0000] {dag.py:4180} INFO - Setting next_dagrun for example_dynamic_task_mapping to None, run_after=None
[2025-07-01T02:33:52.161+0000] {processor.py:208} INFO - Processing /home/airflow/.local/lib/python3.12/site-packages/airflow/example_dags/example_dynamic_task_mapping.py took 0.077 seconds
[2025-07-01T02:34:22.977+0000] {processor.py:186} INFO - Started process (PID=9839) to work on /home/airflow/.local/lib/python3.12/site-packages/airflow/example_dags/example_dynamic_task_mapping.py
[2025-07-01T02:34:22.979+0000] {processor.py:914} INFO - Processing file /home/airflow/.local/lib/python3.12/site-packages/airflow/example_dags/example_dynamic_task_mapping.py for tasks to queue
[2025-07-01T02:34:22.981+0000] {logging_mixin.py:190} INFO - [2025-07-01T02:34:22.981+0000] {dagbag.py:588} INFO - Filling up the DagBag from /home/airflow/.local/lib/python3.12/site-packages/airflow/example_dags/example_dynamic_task_mapping.py
[2025-07-01T02:34:22.992+0000] {processor.py:925} INFO - DAG(s) 'example_dynamic_task_mapping' retrieved from /home/airflow/.local/lib/python3.12/site-packages/airflow/example_dags/example_dynamic_task_mapping.py
[2025-07-01T02:34:23.013+0000] {logging_mixin.py:190} INFO - [2025-07-01T02:34:23.013+0000] {dag.py:3239} INFO - Sync 1 DAGs
[2025-07-01T02:34:23.211+0000] {logging_mixin.py:190} INFO - [2025-07-01T02:34:23.211+0000] {dag.py:4180} INFO - Setting next_dagrun for example_dynamic_task_mapping to None, run_after=None
[2025-07-01T02:34:23.229+0000] {processor.py:208} INFO - Processing /home/airflow/.local/lib/python3.12/site-packages/airflow/example_dags/example_dynamic_task_mapping.py took 0.257 seconds
[2025-07-01T02:34:54.214+0000] {processor.py:186} INFO - Started process (PID=9901) to work on /home/airflow/.local/lib/python3.12/site-packages/airflow/example_dags/example_dynamic_task_mapping.py
[2025-07-01T02:34:54.215+0000] {processor.py:914} INFO - Processing file /home/airflow/.local/lib/python3.12/site-packages/airflow/example_dags/example_dynamic_task_mapping.py for tasks to queue
[2025-07-01T02:34:54.219+0000] {logging_mixin.py:190} INFO - [2025-07-01T02:34:54.218+0000] {dagbag.py:588} INFO - Filling up the DagBag from /home/airflow/.local/lib/python3.12/site-packages/airflow/example_dags/example_dynamic_task_mapping.py
[2025-07-01T02:34:54.232+0000] {processor.py:925} INFO - DAG(s) 'example_dynamic_task_mapping' retrieved from /home/airflow/.local/lib/python3.12/site-packages/airflow/example_dags/example_dynamic_task_mapping.py
[2025-07-01T02:34:54.260+0000] {logging_mixin.py:190} INFO - [2025-07-01T02:34:54.260+0000] {dag.py:3239} INFO - Sync 1 DAGs
[2025-07-01T02:34:54.282+0000] {logging_mixin.py:190} INFO - [2025-07-01T02:34:54.282+0000] {dag.py:4180} INFO - Setting next_dagrun for example_dynamic_task_mapping to None, run_after=None
[2025-07-01T02:34:54.301+0000] {processor.py:208} INFO - Processing /home/airflow/.local/lib/python3.12/site-packages/airflow/example_dags/example_dynamic_task_mapping.py took 0.094 seconds
[2025-07-01T02:35:24.475+0000] {processor.py:186} INFO - Started process (PID=9962) to work on /home/airflow/.local/lib/python3.12/site-packages/airflow/example_dags/example_dynamic_task_mapping.py
[2025-07-01T02:35:24.476+0000] {processor.py:914} INFO - Processing file /home/airflow/.local/lib/python3.12/site-packages/airflow/example_dags/example_dynamic_task_mapping.py for tasks to queue
[2025-07-01T02:35:24.480+0000] {logging_mixin.py:190} INFO - [2025-07-01T02:35:24.479+0000] {dagbag.py:588} INFO - Filling up the DagBag from /home/airflow/.local/lib/python3.12/site-packages/airflow/example_dags/example_dynamic_task_mapping.py
[2025-07-01T02:35:24.490+0000] {processor.py:925} INFO - DAG(s) 'example_dynamic_task_mapping' retrieved from /home/airflow/.local/lib/python3.12/site-packages/airflow/example_dags/example_dynamic_task_mapping.py
[2025-07-01T02:35:24.515+0000] {logging_mixin.py:190} INFO - [2025-07-01T02:35:24.514+0000] {dag.py:3239} INFO - Sync 1 DAGs
[2025-07-01T02:35:24.530+0000] {logging_mixin.py:190} INFO - [2025-07-01T02:35:24.530+0000] {dag.py:4180} INFO - Setting next_dagrun for example_dynamic_task_mapping to None, run_after=None
[2025-07-01T02:35:24.550+0000] {processor.py:208} INFO - Processing /home/airflow/.local/lib/python3.12/site-packages/airflow/example_dags/example_dynamic_task_mapping.py took 0.082 seconds
[2025-07-01T02:35:55.284+0000] {processor.py:186} INFO - Started process (PID=10031) to work on /home/airflow/.local/lib/python3.12/site-packages/airflow/example_dags/example_dynamic_task_mapping.py
[2025-07-01T02:35:55.285+0000] {processor.py:914} INFO - Processing file /home/airflow/.local/lib/python3.12/site-packages/airflow/example_dags/example_dynamic_task_mapping.py for tasks to queue
[2025-07-01T02:35:55.288+0000] {logging_mixin.py:190} INFO - [2025-07-01T02:35:55.288+0000] {dagbag.py:588} INFO - Filling up the DagBag from /home/airflow/.local/lib/python3.12/site-packages/airflow/example_dags/example_dynamic_task_mapping.py
[2025-07-01T02:35:55.297+0000] {processor.py:925} INFO - DAG(s) 'example_dynamic_task_mapping' retrieved from /home/airflow/.local/lib/python3.12/site-packages/airflow/example_dags/example_dynamic_task_mapping.py
[2025-07-01T02:35:55.317+0000] {logging_mixin.py:190} INFO - [2025-07-01T02:35:55.317+0000] {dag.py:3239} INFO - Sync 1 DAGs
[2025-07-01T02:35:55.331+0000] {logging_mixin.py:190} INFO - [2025-07-01T02:35:55.331+0000] {dag.py:4180} INFO - Setting next_dagrun for example_dynamic_task_mapping to None, run_after=None
[2025-07-01T02:35:55.348+0000] {processor.py:208} INFO - Processing /home/airflow/.local/lib/python3.12/site-packages/airflow/example_dags/example_dynamic_task_mapping.py took 0.070 seconds
[2025-07-01T02:36:26.168+0000] {processor.py:186} INFO - Started process (PID=10093) to work on /home/airflow/.local/lib/python3.12/site-packages/airflow/example_dags/example_dynamic_task_mapping.py
[2025-07-01T02:36:26.169+0000] {processor.py:914} INFO - Processing file /home/airflow/.local/lib/python3.12/site-packages/airflow/example_dags/example_dynamic_task_mapping.py for tasks to queue
[2025-07-01T02:36:26.173+0000] {logging_mixin.py:190} INFO - [2025-07-01T02:36:26.172+0000] {dagbag.py:588} INFO - Filling up the DagBag from /home/airflow/.local/lib/python3.12/site-packages/airflow/example_dags/example_dynamic_task_mapping.py
[2025-07-01T02:36:26.184+0000] {processor.py:925} INFO - DAG(s) 'example_dynamic_task_mapping' retrieved from /home/airflow/.local/lib/python3.12/site-packages/airflow/example_dags/example_dynamic_task_mapping.py
[2025-07-01T02:36:26.204+0000] {logging_mixin.py:190} INFO - [2025-07-01T02:36:26.204+0000] {dag.py:3239} INFO - Sync 1 DAGs
[2025-07-01T02:36:26.220+0000] {logging_mixin.py:190} INFO - [2025-07-01T02:36:26.220+0000] {dag.py:4180} INFO - Setting next_dagrun for example_dynamic_task_mapping to None, run_after=None
[2025-07-01T02:36:26.244+0000] {processor.py:208} INFO - Processing /home/airflow/.local/lib/python3.12/site-packages/airflow/example_dags/example_dynamic_task_mapping.py took 0.083 seconds
[2025-07-01T02:36:56.578+0000] {processor.py:186} INFO - Started process (PID=10155) to work on /home/airflow/.local/lib/python3.12/site-packages/airflow/example_dags/example_dynamic_task_mapping.py
[2025-07-01T02:36:56.580+0000] {processor.py:914} INFO - Processing file /home/airflow/.local/lib/python3.12/site-packages/airflow/example_dags/example_dynamic_task_mapping.py for tasks to queue
[2025-07-01T02:36:56.582+0000] {logging_mixin.py:190} INFO - [2025-07-01T02:36:56.582+0000] {dagbag.py:588} INFO - Filling up the DagBag from /home/airflow/.local/lib/python3.12/site-packages/airflow/example_dags/example_dynamic_task_mapping.py
[2025-07-01T02:36:56.590+0000] {processor.py:925} INFO - DAG(s) 'example_dynamic_task_mapping' retrieved from /home/airflow/.local/lib/python3.12/site-packages/airflow/example_dags/example_dynamic_task_mapping.py
[2025-07-01T02:36:56.611+0000] {logging_mixin.py:190} INFO - [2025-07-01T02:36:56.611+0000] {dag.py:3239} INFO - Sync 1 DAGs
[2025-07-01T02:36:56.624+0000] {logging_mixin.py:190} INFO - [2025-07-01T02:36:56.624+0000] {dag.py:4180} INFO - Setting next_dagrun for example_dynamic_task_mapping to None, run_after=None
[2025-07-01T02:36:56.641+0000] {processor.py:208} INFO - Processing /home/airflow/.local/lib/python3.12/site-packages/airflow/example_dags/example_dynamic_task_mapping.py took 0.069 seconds
[2025-07-01T02:37:26.726+0000] {processor.py:186} INFO - Started process (PID=10217) to work on /home/airflow/.local/lib/python3.12/site-packages/airflow/example_dags/example_dynamic_task_mapping.py
[2025-07-01T02:37:26.727+0000] {processor.py:914} INFO - Processing file /home/airflow/.local/lib/python3.12/site-packages/airflow/example_dags/example_dynamic_task_mapping.py for tasks to queue
[2025-07-01T02:37:26.729+0000] {logging_mixin.py:190} INFO - [2025-07-01T02:37:26.729+0000] {dagbag.py:588} INFO - Filling up the DagBag from /home/airflow/.local/lib/python3.12/site-packages/airflow/example_dags/example_dynamic_task_mapping.py
[2025-07-01T02:37:26.738+0000] {processor.py:925} INFO - DAG(s) 'example_dynamic_task_mapping' retrieved from /home/airflow/.local/lib/python3.12/site-packages/airflow/example_dags/example_dynamic_task_mapping.py
[2025-07-01T02:37:26.758+0000] {logging_mixin.py:190} INFO - [2025-07-01T02:37:26.758+0000] {dag.py:3239} INFO - Sync 1 DAGs
[2025-07-01T02:37:26.774+0000] {logging_mixin.py:190} INFO - [2025-07-01T02:37:26.774+0000] {dag.py:4180} INFO - Setting next_dagrun for example_dynamic_task_mapping to None, run_after=None
[2025-07-01T02:37:26.793+0000] {processor.py:208} INFO - Processing /home/airflow/.local/lib/python3.12/site-packages/airflow/example_dags/example_dynamic_task_mapping.py took 0.073 seconds
[2025-07-01T02:37:57.010+0000] {processor.py:186} INFO - Started process (PID=10279) to work on /home/airflow/.local/lib/python3.12/site-packages/airflow/example_dags/example_dynamic_task_mapping.py
[2025-07-01T02:37:57.011+0000] {processor.py:914} INFO - Processing file /home/airflow/.local/lib/python3.12/site-packages/airflow/example_dags/example_dynamic_task_mapping.py for tasks to queue
[2025-07-01T02:37:57.013+0000] {logging_mixin.py:190} INFO - [2025-07-01T02:37:57.013+0000] {dagbag.py:588} INFO - Filling up the DagBag from /home/airflow/.local/lib/python3.12/site-packages/airflow/example_dags/example_dynamic_task_mapping.py
[2025-07-01T02:37:57.022+0000] {processor.py:925} INFO - DAG(s) 'example_dynamic_task_mapping' retrieved from /home/airflow/.local/lib/python3.12/site-packages/airflow/example_dags/example_dynamic_task_mapping.py
[2025-07-01T02:37:57.042+0000] {logging_mixin.py:190} INFO - [2025-07-01T02:37:57.041+0000] {dag.py:3239} INFO - Sync 1 DAGs
[2025-07-01T02:37:57.055+0000] {logging_mixin.py:190} INFO - [2025-07-01T02:37:57.055+0000] {dag.py:4180} INFO - Setting next_dagrun for example_dynamic_task_mapping to None, run_after=None
[2025-07-01T02:37:57.079+0000] {processor.py:208} INFO - Processing /home/airflow/.local/lib/python3.12/site-packages/airflow/example_dags/example_dynamic_task_mapping.py took 0.075 seconds
[2025-07-01T02:38:27.809+0000] {processor.py:186} INFO - Started process (PID=10342) to work on /home/airflow/.local/lib/python3.12/site-packages/airflow/example_dags/example_dynamic_task_mapping.py
[2025-07-01T02:38:27.810+0000] {processor.py:914} INFO - Processing file /home/airflow/.local/lib/python3.12/site-packages/airflow/example_dags/example_dynamic_task_mapping.py for tasks to queue
[2025-07-01T02:38:27.812+0000] {logging_mixin.py:190} INFO - [2025-07-01T02:38:27.812+0000] {dagbag.py:588} INFO - Filling up the DagBag from /home/airflow/.local/lib/python3.12/site-packages/airflow/example_dags/example_dynamic_task_mapping.py
[2025-07-01T02:38:27.821+0000] {processor.py:925} INFO - DAG(s) 'example_dynamic_task_mapping' retrieved from /home/airflow/.local/lib/python3.12/site-packages/airflow/example_dags/example_dynamic_task_mapping.py
[2025-07-01T02:38:27.841+0000] {logging_mixin.py:190} INFO - [2025-07-01T02:38:27.840+0000] {dag.py:3239} INFO - Sync 1 DAGs
[2025-07-01T02:38:27.855+0000] {logging_mixin.py:190} INFO - [2025-07-01T02:38:27.855+0000] {dag.py:4180} INFO - Setting next_dagrun for example_dynamic_task_mapping to None, run_after=None
[2025-07-01T02:38:27.872+0000] {processor.py:208} INFO - Processing /home/airflow/.local/lib/python3.12/site-packages/airflow/example_dags/example_dynamic_task_mapping.py took 0.069 seconds
[2025-07-01T02:38:58.607+0000] {processor.py:186} INFO - Started process (PID=10404) to work on /home/airflow/.local/lib/python3.12/site-packages/airflow/example_dags/example_dynamic_task_mapping.py
[2025-07-01T02:38:58.608+0000] {processor.py:914} INFO - Processing file /home/airflow/.local/lib/python3.12/site-packages/airflow/example_dags/example_dynamic_task_mapping.py for tasks to queue
[2025-07-01T02:38:58.611+0000] {logging_mixin.py:190} INFO - [2025-07-01T02:38:58.611+0000] {dagbag.py:588} INFO - Filling up the DagBag from /home/airflow/.local/lib/python3.12/site-packages/airflow/example_dags/example_dynamic_task_mapping.py
[2025-07-01T02:38:58.619+0000] {processor.py:925} INFO - DAG(s) 'example_dynamic_task_mapping' retrieved from /home/airflow/.local/lib/python3.12/site-packages/airflow/example_dags/example_dynamic_task_mapping.py
[2025-07-01T02:38:58.640+0000] {logging_mixin.py:190} INFO - [2025-07-01T02:38:58.639+0000] {dag.py:3239} INFO - Sync 1 DAGs
[2025-07-01T02:38:58.653+0000] {logging_mixin.py:190} INFO - [2025-07-01T02:38:58.653+0000] {dag.py:4180} INFO - Setting next_dagrun for example_dynamic_task_mapping to None, run_after=None
[2025-07-01T02:38:58.670+0000] {processor.py:208} INFO - Processing /home/airflow/.local/lib/python3.12/site-packages/airflow/example_dags/example_dynamic_task_mapping.py took 0.068 seconds
[2025-07-01T02:39:29.480+0000] {processor.py:186} INFO - Started process (PID=10466) to work on /home/airflow/.local/lib/python3.12/site-packages/airflow/example_dags/example_dynamic_task_mapping.py
[2025-07-01T02:39:29.481+0000] {processor.py:914} INFO - Processing file /home/airflow/.local/lib/python3.12/site-packages/airflow/example_dags/example_dynamic_task_mapping.py for tasks to queue
[2025-07-01T02:39:29.484+0000] {logging_mixin.py:190} INFO - [2025-07-01T02:39:29.484+0000] {dagbag.py:588} INFO - Filling up the DagBag from /home/airflow/.local/lib/python3.12/site-packages/airflow/example_dags/example_dynamic_task_mapping.py
[2025-07-01T02:39:29.492+0000] {processor.py:925} INFO - DAG(s) 'example_dynamic_task_mapping' retrieved from /home/airflow/.local/lib/python3.12/site-packages/airflow/example_dags/example_dynamic_task_mapping.py
[2025-07-01T02:39:29.512+0000] {logging_mixin.py:190} INFO - [2025-07-01T02:39:29.511+0000] {dag.py:3239} INFO - Sync 1 DAGs
[2025-07-01T02:39:29.525+0000] {logging_mixin.py:190} INFO - [2025-07-01T02:39:29.525+0000] {dag.py:4180} INFO - Setting next_dagrun for example_dynamic_task_mapping to None, run_after=None
[2025-07-01T02:39:29.542+0000] {processor.py:208} INFO - Processing /home/airflow/.local/lib/python3.12/site-packages/airflow/example_dags/example_dynamic_task_mapping.py took 0.067 seconds
[2025-07-01T02:40:00.476+0000] {processor.py:186} INFO - Started process (PID=10528) to work on /home/airflow/.local/lib/python3.12/site-packages/airflow/example_dags/example_dynamic_task_mapping.py
[2025-07-01T02:40:00.477+0000] {processor.py:914} INFO - Processing file /home/airflow/.local/lib/python3.12/site-packages/airflow/example_dags/example_dynamic_task_mapping.py for tasks to queue
[2025-07-01T02:40:00.479+0000] {logging_mixin.py:190} INFO - [2025-07-01T02:40:00.479+0000] {dagbag.py:588} INFO - Filling up the DagBag from /home/airflow/.local/lib/python3.12/site-packages/airflow/example_dags/example_dynamic_task_mapping.py
[2025-07-01T02:40:00.488+0000] {processor.py:925} INFO - DAG(s) 'example_dynamic_task_mapping' retrieved from /home/airflow/.local/lib/python3.12/site-packages/airflow/example_dags/example_dynamic_task_mapping.py
[2025-07-01T02:40:00.508+0000] {logging_mixin.py:190} INFO - [2025-07-01T02:40:00.508+0000] {dag.py:3239} INFO - Sync 1 DAGs
[2025-07-01T02:40:00.522+0000] {logging_mixin.py:190} INFO - [2025-07-01T02:40:00.522+0000] {dag.py:4180} INFO - Setting next_dagrun for example_dynamic_task_mapping to None, run_after=None
[2025-07-01T02:40:00.540+0000] {processor.py:208} INFO - Processing /home/airflow/.local/lib/python3.12/site-packages/airflow/example_dags/example_dynamic_task_mapping.py took 0.070 seconds
[2025-07-01T02:40:31.268+0000] {processor.py:186} INFO - Started process (PID=10590) to work on /home/airflow/.local/lib/python3.12/site-packages/airflow/example_dags/example_dynamic_task_mapping.py
[2025-07-01T02:40:31.269+0000] {processor.py:914} INFO - Processing file /home/airflow/.local/lib/python3.12/site-packages/airflow/example_dags/example_dynamic_task_mapping.py for tasks to queue
[2025-07-01T02:40:31.271+0000] {logging_mixin.py:190} INFO - [2025-07-01T02:40:31.271+0000] {dagbag.py:588} INFO - Filling up the DagBag from /home/airflow/.local/lib/python3.12/site-packages/airflow/example_dags/example_dynamic_task_mapping.py
[2025-07-01T02:40:31.280+0000] {processor.py:925} INFO - DAG(s) 'example_dynamic_task_mapping' retrieved from /home/airflow/.local/lib/python3.12/site-packages/airflow/example_dags/example_dynamic_task_mapping.py
[2025-07-01T02:40:31.302+0000] {logging_mixin.py:190} INFO - [2025-07-01T02:40:31.302+0000] {dag.py:3239} INFO - Sync 1 DAGs
[2025-07-01T02:40:31.316+0000] {logging_mixin.py:190} INFO - [2025-07-01T02:40:31.315+0000] {dag.py:4180} INFO - Setting next_dagrun for example_dynamic_task_mapping to None, run_after=None
[2025-07-01T02:40:31.332+0000] {processor.py:208} INFO - Processing /home/airflow/.local/lib/python3.12/site-packages/airflow/example_dags/example_dynamic_task_mapping.py took 0.070 seconds
[2025-07-01T02:41:02.118+0000] {processor.py:186} INFO - Started process (PID=10652) to work on /home/airflow/.local/lib/python3.12/site-packages/airflow/example_dags/example_dynamic_task_mapping.py
[2025-07-01T02:41:02.120+0000] {processor.py:914} INFO - Processing file /home/airflow/.local/lib/python3.12/site-packages/airflow/example_dags/example_dynamic_task_mapping.py for tasks to queue
[2025-07-01T02:41:02.123+0000] {logging_mixin.py:190} INFO - [2025-07-01T02:41:02.122+0000] {dagbag.py:588} INFO - Filling up the DagBag from /home/airflow/.local/lib/python3.12/site-packages/airflow/example_dags/example_dynamic_task_mapping.py
[2025-07-01T02:41:02.134+0000] {processor.py:925} INFO - DAG(s) 'example_dynamic_task_mapping' retrieved from /home/airflow/.local/lib/python3.12/site-packages/airflow/example_dags/example_dynamic_task_mapping.py
[2025-07-01T02:41:02.162+0000] {logging_mixin.py:190} INFO - [2025-07-01T02:41:02.162+0000] {dag.py:3239} INFO - Sync 1 DAGs
[2025-07-01T02:41:02.185+0000] {logging_mixin.py:190} INFO - [2025-07-01T02:41:02.185+0000] {dag.py:4180} INFO - Setting next_dagrun for example_dynamic_task_mapping to None, run_after=None
[2025-07-01T02:41:02.208+0000] {processor.py:208} INFO - Processing /home/airflow/.local/lib/python3.12/site-packages/airflow/example_dags/example_dynamic_task_mapping.py took 0.096 seconds
[2025-07-01T02:48:48.052+0000] {processor.py:186} INFO - Started process (PID=10736) to work on /home/airflow/.local/lib/python3.12/site-packages/airflow/example_dags/example_dynamic_task_mapping.py
[2025-07-01T02:48:48.053+0000] {processor.py:914} INFO - Processing file /home/airflow/.local/lib/python3.12/site-packages/airflow/example_dags/example_dynamic_task_mapping.py for tasks to queue
[2025-07-01T02:48:48.057+0000] {logging_mixin.py:190} INFO - [2025-07-01T02:48:48.056+0000] {dagbag.py:588} INFO - Filling up the DagBag from /home/airflow/.local/lib/python3.12/site-packages/airflow/example_dags/example_dynamic_task_mapping.py
[2025-07-01T02:48:48.082+0000] {processor.py:925} INFO - DAG(s) 'example_dynamic_task_mapping' retrieved from /home/airflow/.local/lib/python3.12/site-packages/airflow/example_dags/example_dynamic_task_mapping.py
[2025-07-01T02:48:48.115+0000] {logging_mixin.py:190} INFO - [2025-07-01T02:48:48.115+0000] {dag.py:3239} INFO - Sync 1 DAGs
[2025-07-01T02:48:48.146+0000] {logging_mixin.py:190} INFO - [2025-07-01T02:48:48.146+0000] {dag.py:4180} INFO - Setting next_dagrun for example_dynamic_task_mapping to None, run_after=None
[2025-07-01T02:48:48.177+0000] {processor.py:208} INFO - Processing /home/airflow/.local/lib/python3.12/site-packages/airflow/example_dags/example_dynamic_task_mapping.py took 0.133 seconds
[2025-07-01T02:49:18.550+0000] {processor.py:186} INFO - Started process (PID=10798) to work on /home/airflow/.local/lib/python3.12/site-packages/airflow/example_dags/example_dynamic_task_mapping.py
[2025-07-01T02:49:18.551+0000] {processor.py:914} INFO - Processing file /home/airflow/.local/lib/python3.12/site-packages/airflow/example_dags/example_dynamic_task_mapping.py for tasks to queue
[2025-07-01T02:49:18.554+0000] {logging_mixin.py:190} INFO - [2025-07-01T02:49:18.553+0000] {dagbag.py:588} INFO - Filling up the DagBag from /home/airflow/.local/lib/python3.12/site-packages/airflow/example_dags/example_dynamic_task_mapping.py
[2025-07-01T02:49:18.564+0000] {processor.py:925} INFO - DAG(s) 'example_dynamic_task_mapping' retrieved from /home/airflow/.local/lib/python3.12/site-packages/airflow/example_dags/example_dynamic_task_mapping.py
[2025-07-01T02:49:18.587+0000] {logging_mixin.py:190} INFO - [2025-07-01T02:49:18.587+0000] {dag.py:3239} INFO - Sync 1 DAGs
[2025-07-01T02:49:18.604+0000] {logging_mixin.py:190} INFO - [2025-07-01T02:49:18.603+0000] {dag.py:4180} INFO - Setting next_dagrun for example_dynamic_task_mapping to None, run_after=None
[2025-07-01T02:49:18.622+0000] {processor.py:208} INFO - Processing /home/airflow/.local/lib/python3.12/site-packages/airflow/example_dags/example_dynamic_task_mapping.py took 0.080 seconds
[2025-07-01T02:49:48.786+0000] {processor.py:186} INFO - Started process (PID=10860) to work on /home/airflow/.local/lib/python3.12/site-packages/airflow/example_dags/example_dynamic_task_mapping.py
[2025-07-01T02:49:48.787+0000] {processor.py:914} INFO - Processing file /home/airflow/.local/lib/python3.12/site-packages/airflow/example_dags/example_dynamic_task_mapping.py for tasks to queue
[2025-07-01T02:49:48.790+0000] {logging_mixin.py:190} INFO - [2025-07-01T02:49:48.790+0000] {dagbag.py:588} INFO - Filling up the DagBag from /home/airflow/.local/lib/python3.12/site-packages/airflow/example_dags/example_dynamic_task_mapping.py
[2025-07-01T02:49:48.802+0000] {processor.py:925} INFO - DAG(s) 'example_dynamic_task_mapping' retrieved from /home/airflow/.local/lib/python3.12/site-packages/airflow/example_dags/example_dynamic_task_mapping.py
[2025-07-01T02:49:48.830+0000] {logging_mixin.py:190} INFO - [2025-07-01T02:49:48.829+0000] {dag.py:3239} INFO - Sync 1 DAGs
[2025-07-01T02:49:48.848+0000] {logging_mixin.py:190} INFO - [2025-07-01T02:49:48.848+0000] {dag.py:4180} INFO - Setting next_dagrun for example_dynamic_task_mapping to None, run_after=None
[2025-07-01T02:49:48.868+0000] {processor.py:208} INFO - Processing /home/airflow/.local/lib/python3.12/site-packages/airflow/example_dags/example_dynamic_task_mapping.py took 0.091 seconds
[2025-07-01T02:50:19.580+0000] {processor.py:186} INFO - Started process (PID=10922) to work on /home/airflow/.local/lib/python3.12/site-packages/airflow/example_dags/example_dynamic_task_mapping.py
[2025-07-01T02:50:19.581+0000] {processor.py:914} INFO - Processing file /home/airflow/.local/lib/python3.12/site-packages/airflow/example_dags/example_dynamic_task_mapping.py for tasks to queue
[2025-07-01T02:50:19.584+0000] {logging_mixin.py:190} INFO - [2025-07-01T02:50:19.584+0000] {dagbag.py:588} INFO - Filling up the DagBag from /home/airflow/.local/lib/python3.12/site-packages/airflow/example_dags/example_dynamic_task_mapping.py
[2025-07-01T02:50:19.593+0000] {processor.py:925} INFO - DAG(s) 'example_dynamic_task_mapping' retrieved from /home/airflow/.local/lib/python3.12/site-packages/airflow/example_dags/example_dynamic_task_mapping.py
[2025-07-01T02:50:19.613+0000] {logging_mixin.py:190} INFO - [2025-07-01T02:50:19.613+0000] {dag.py:3239} INFO - Sync 1 DAGs
[2025-07-01T02:50:19.626+0000] {logging_mixin.py:190} INFO - [2025-07-01T02:50:19.626+0000] {dag.py:4180} INFO - Setting next_dagrun for example_dynamic_task_mapping to None, run_after=None
[2025-07-01T02:50:19.642+0000] {processor.py:208} INFO - Processing /home/airflow/.local/lib/python3.12/site-packages/airflow/example_dags/example_dynamic_task_mapping.py took 0.068 seconds
[2025-07-01T02:50:50.738+0000] {processor.py:186} INFO - Started process (PID=10984) to work on /home/airflow/.local/lib/python3.12/site-packages/airflow/example_dags/example_dynamic_task_mapping.py
[2025-07-01T02:50:50.739+0000] {processor.py:914} INFO - Processing file /home/airflow/.local/lib/python3.12/site-packages/airflow/example_dags/example_dynamic_task_mapping.py for tasks to queue
[2025-07-01T02:50:50.741+0000] {logging_mixin.py:190} INFO - [2025-07-01T02:50:50.741+0000] {dagbag.py:588} INFO - Filling up the DagBag from /home/airflow/.local/lib/python3.12/site-packages/airflow/example_dags/example_dynamic_task_mapping.py
[2025-07-01T02:50:50.750+0000] {processor.py:925} INFO - DAG(s) 'example_dynamic_task_mapping' retrieved from /home/airflow/.local/lib/python3.12/site-packages/airflow/example_dags/example_dynamic_task_mapping.py
[2025-07-01T02:50:50.769+0000] {logging_mixin.py:190} INFO - [2025-07-01T02:50:50.769+0000] {dag.py:3239} INFO - Sync 1 DAGs
[2025-07-01T02:50:50.782+0000] {logging_mixin.py:190} INFO - [2025-07-01T02:50:50.782+0000] {dag.py:4180} INFO - Setting next_dagrun for example_dynamic_task_mapping to None, run_after=None
[2025-07-01T02:50:50.809+0000] {processor.py:208} INFO - Processing /home/airflow/.local/lib/python3.12/site-packages/airflow/example_dags/example_dynamic_task_mapping.py took 0.076 seconds
[2025-07-01T02:51:20.987+0000] {processor.py:186} INFO - Started process (PID=11047) to work on /home/airflow/.local/lib/python3.12/site-packages/airflow/example_dags/example_dynamic_task_mapping.py
[2025-07-01T02:51:20.988+0000] {processor.py:914} INFO - Processing file /home/airflow/.local/lib/python3.12/site-packages/airflow/example_dags/example_dynamic_task_mapping.py for tasks to queue
[2025-07-01T02:51:20.990+0000] {logging_mixin.py:190} INFO - [2025-07-01T02:51:20.990+0000] {dagbag.py:588} INFO - Filling up the DagBag from /home/airflow/.local/lib/python3.12/site-packages/airflow/example_dags/example_dynamic_task_mapping.py
[2025-07-01T02:51:20.999+0000] {processor.py:925} INFO - DAG(s) 'example_dynamic_task_mapping' retrieved from /home/airflow/.local/lib/python3.12/site-packages/airflow/example_dags/example_dynamic_task_mapping.py
[2025-07-01T02:51:21.020+0000] {logging_mixin.py:190} INFO - [2025-07-01T02:51:21.019+0000] {dag.py:3239} INFO - Sync 1 DAGs
[2025-07-01T02:51:21.034+0000] {logging_mixin.py:190} INFO - [2025-07-01T02:51:21.034+0000] {dag.py:4180} INFO - Setting next_dagrun for example_dynamic_task_mapping to None, run_after=None
[2025-07-01T02:51:21.050+0000] {processor.py:208} INFO - Processing /home/airflow/.local/lib/python3.12/site-packages/airflow/example_dags/example_dynamic_task_mapping.py took 0.069 seconds
[2025-07-01T02:51:51.385+0000] {processor.py:186} INFO - Started process (PID=11109) to work on /home/airflow/.local/lib/python3.12/site-packages/airflow/example_dags/example_dynamic_task_mapping.py
[2025-07-01T02:51:51.386+0000] {processor.py:914} INFO - Processing file /home/airflow/.local/lib/python3.12/site-packages/airflow/example_dags/example_dynamic_task_mapping.py for tasks to queue
[2025-07-01T02:51:51.389+0000] {logging_mixin.py:190} INFO - [2025-07-01T02:51:51.389+0000] {dagbag.py:588} INFO - Filling up the DagBag from /home/airflow/.local/lib/python3.12/site-packages/airflow/example_dags/example_dynamic_task_mapping.py
[2025-07-01T02:51:51.398+0000] {processor.py:925} INFO - DAG(s) 'example_dynamic_task_mapping' retrieved from /home/airflow/.local/lib/python3.12/site-packages/airflow/example_dags/example_dynamic_task_mapping.py
[2025-07-01T02:51:51.417+0000] {logging_mixin.py:190} INFO - [2025-07-01T02:51:51.417+0000] {dag.py:3239} INFO - Sync 1 DAGs
[2025-07-01T02:51:51.430+0000] {logging_mixin.py:190} INFO - [2025-07-01T02:51:51.430+0000] {dag.py:4180} INFO - Setting next_dagrun for example_dynamic_task_mapping to None, run_after=None
[2025-07-01T02:51:51.446+0000] {processor.py:208} INFO - Processing /home/airflow/.local/lib/python3.12/site-packages/airflow/example_dags/example_dynamic_task_mapping.py took 0.066 seconds
[2025-07-01T02:52:21.756+0000] {processor.py:186} INFO - Started process (PID=11171) to work on /home/airflow/.local/lib/python3.12/site-packages/airflow/example_dags/example_dynamic_task_mapping.py
[2025-07-01T02:52:21.757+0000] {processor.py:914} INFO - Processing file /home/airflow/.local/lib/python3.12/site-packages/airflow/example_dags/example_dynamic_task_mapping.py for tasks to queue
[2025-07-01T02:52:21.760+0000] {logging_mixin.py:190} INFO - [2025-07-01T02:52:21.760+0000] {dagbag.py:588} INFO - Filling up the DagBag from /home/airflow/.local/lib/python3.12/site-packages/airflow/example_dags/example_dynamic_task_mapping.py
[2025-07-01T02:52:21.768+0000] {processor.py:925} INFO - DAG(s) 'example_dynamic_task_mapping' retrieved from /home/airflow/.local/lib/python3.12/site-packages/airflow/example_dags/example_dynamic_task_mapping.py
[2025-07-01T02:52:21.788+0000] {logging_mixin.py:190} INFO - [2025-07-01T02:52:21.787+0000] {dag.py:3239} INFO - Sync 1 DAGs
[2025-07-01T02:52:21.801+0000] {logging_mixin.py:190} INFO - [2025-07-01T02:52:21.800+0000] {dag.py:4180} INFO - Setting next_dagrun for example_dynamic_task_mapping to None, run_after=None
[2025-07-01T02:52:21.817+0000] {processor.py:208} INFO - Processing /home/airflow/.local/lib/python3.12/site-packages/airflow/example_dags/example_dynamic_task_mapping.py took 0.066 seconds
[2025-07-01T02:52:51.972+0000] {processor.py:186} INFO - Started process (PID=11233) to work on /home/airflow/.local/lib/python3.12/site-packages/airflow/example_dags/example_dynamic_task_mapping.py
[2025-07-01T02:52:51.973+0000] {processor.py:914} INFO - Processing file /home/airflow/.local/lib/python3.12/site-packages/airflow/example_dags/example_dynamic_task_mapping.py for tasks to queue
[2025-07-01T02:52:51.975+0000] {logging_mixin.py:190} INFO - [2025-07-01T02:52:51.975+0000] {dagbag.py:588} INFO - Filling up the DagBag from /home/airflow/.local/lib/python3.12/site-packages/airflow/example_dags/example_dynamic_task_mapping.py
[2025-07-01T02:52:51.983+0000] {processor.py:925} INFO - DAG(s) 'example_dynamic_task_mapping' retrieved from /home/airflow/.local/lib/python3.12/site-packages/airflow/example_dags/example_dynamic_task_mapping.py
[2025-07-01T02:52:52.005+0000] {logging_mixin.py:190} INFO - [2025-07-01T02:52:52.004+0000] {dag.py:3239} INFO - Sync 1 DAGs
[2025-07-01T02:52:52.019+0000] {logging_mixin.py:190} INFO - [2025-07-01T02:52:52.019+0000] {dag.py:4180} INFO - Setting next_dagrun for example_dynamic_task_mapping to None, run_after=None
[2025-07-01T02:52:52.038+0000] {processor.py:208} INFO - Processing /home/airflow/.local/lib/python3.12/site-packages/airflow/example_dags/example_dynamic_task_mapping.py took 0.072 seconds
[2025-07-01T02:53:22.143+0000] {processor.py:186} INFO - Started process (PID=11295) to work on /home/airflow/.local/lib/python3.12/site-packages/airflow/example_dags/example_dynamic_task_mapping.py
[2025-07-01T02:53:22.144+0000] {processor.py:914} INFO - Processing file /home/airflow/.local/lib/python3.12/site-packages/airflow/example_dags/example_dynamic_task_mapping.py for tasks to queue
[2025-07-01T02:53:22.147+0000] {logging_mixin.py:190} INFO - [2025-07-01T02:53:22.147+0000] {dagbag.py:588} INFO - Filling up the DagBag from /home/airflow/.local/lib/python3.12/site-packages/airflow/example_dags/example_dynamic_task_mapping.py
[2025-07-01T02:53:22.156+0000] {processor.py:925} INFO - DAG(s) 'example_dynamic_task_mapping' retrieved from /home/airflow/.local/lib/python3.12/site-packages/airflow/example_dags/example_dynamic_task_mapping.py
[2025-07-01T02:53:22.175+0000] {logging_mixin.py:190} INFO - [2025-07-01T02:53:22.175+0000] {dag.py:3239} INFO - Sync 1 DAGs
[2025-07-01T02:53:22.188+0000] {logging_mixin.py:190} INFO - [2025-07-01T02:53:22.188+0000] {dag.py:4180} INFO - Setting next_dagrun for example_dynamic_task_mapping to None, run_after=None
[2025-07-01T02:53:22.205+0000] {processor.py:208} INFO - Processing /home/airflow/.local/lib/python3.12/site-packages/airflow/example_dags/example_dynamic_task_mapping.py took 0.067 seconds
[2025-07-01T02:53:52.278+0000] {processor.py:186} INFO - Started process (PID=11356) to work on /home/airflow/.local/lib/python3.12/site-packages/airflow/example_dags/example_dynamic_task_mapping.py
[2025-07-01T02:53:52.279+0000] {processor.py:914} INFO - Processing file /home/airflow/.local/lib/python3.12/site-packages/airflow/example_dags/example_dynamic_task_mapping.py for tasks to queue
[2025-07-01T02:53:52.282+0000] {logging_mixin.py:190} INFO - [2025-07-01T02:53:52.281+0000] {dagbag.py:588} INFO - Filling up the DagBag from /home/airflow/.local/lib/python3.12/site-packages/airflow/example_dags/example_dynamic_task_mapping.py
[2025-07-01T02:53:52.290+0000] {processor.py:925} INFO - DAG(s) 'example_dynamic_task_mapping' retrieved from /home/airflow/.local/lib/python3.12/site-packages/airflow/example_dags/example_dynamic_task_mapping.py
[2025-07-01T02:53:52.309+0000] {logging_mixin.py:190} INFO - [2025-07-01T02:53:52.309+0000] {dag.py:3239} INFO - Sync 1 DAGs
[2025-07-01T02:53:52.322+0000] {logging_mixin.py:190} INFO - [2025-07-01T02:53:52.322+0000] {dag.py:4180} INFO - Setting next_dagrun for example_dynamic_task_mapping to None, run_after=None
[2025-07-01T02:53:52.348+0000] {processor.py:208} INFO - Processing /home/airflow/.local/lib/python3.12/site-packages/airflow/example_dags/example_dynamic_task_mapping.py took 0.075 seconds
[2025-07-01T02:54:23.273+0000] {processor.py:186} INFO - Started process (PID=11419) to work on /home/airflow/.local/lib/python3.12/site-packages/airflow/example_dags/example_dynamic_task_mapping.py
[2025-07-01T02:54:23.275+0000] {processor.py:914} INFO - Processing file /home/airflow/.local/lib/python3.12/site-packages/airflow/example_dags/example_dynamic_task_mapping.py for tasks to queue
[2025-07-01T02:54:23.277+0000] {logging_mixin.py:190} INFO - [2025-07-01T02:54:23.277+0000] {dagbag.py:588} INFO - Filling up the DagBag from /home/airflow/.local/lib/python3.12/site-packages/airflow/example_dags/example_dynamic_task_mapping.py
[2025-07-01T02:54:23.286+0000] {processor.py:925} INFO - DAG(s) 'example_dynamic_task_mapping' retrieved from /home/airflow/.local/lib/python3.12/site-packages/airflow/example_dags/example_dynamic_task_mapping.py
[2025-07-01T02:54:23.305+0000] {logging_mixin.py:190} INFO - [2025-07-01T02:54:23.305+0000] {dag.py:3239} INFO - Sync 1 DAGs
[2025-07-01T02:54:23.319+0000] {logging_mixin.py:190} INFO - [2025-07-01T02:54:23.319+0000] {dag.py:4180} INFO - Setting next_dagrun for example_dynamic_task_mapping to None, run_after=None
[2025-07-01T02:54:23.335+0000] {processor.py:208} INFO - Processing /home/airflow/.local/lib/python3.12/site-packages/airflow/example_dags/example_dynamic_task_mapping.py took 0.068 seconds
[2025-07-01T02:54:54.140+0000] {processor.py:186} INFO - Started process (PID=11481) to work on /home/airflow/.local/lib/python3.12/site-packages/airflow/example_dags/example_dynamic_task_mapping.py
[2025-07-01T02:54:54.141+0000] {processor.py:914} INFO - Processing file /home/airflow/.local/lib/python3.12/site-packages/airflow/example_dags/example_dynamic_task_mapping.py for tasks to queue
[2025-07-01T02:54:54.143+0000] {logging_mixin.py:190} INFO - [2025-07-01T02:54:54.143+0000] {dagbag.py:588} INFO - Filling up the DagBag from /home/airflow/.local/lib/python3.12/site-packages/airflow/example_dags/example_dynamic_task_mapping.py
[2025-07-01T02:54:54.152+0000] {processor.py:925} INFO - DAG(s) 'example_dynamic_task_mapping' retrieved from /home/airflow/.local/lib/python3.12/site-packages/airflow/example_dags/example_dynamic_task_mapping.py
[2025-07-01T02:54:54.172+0000] {logging_mixin.py:190} INFO - [2025-07-01T02:54:54.172+0000] {dag.py:3239} INFO - Sync 1 DAGs
[2025-07-01T02:54:54.186+0000] {logging_mixin.py:190} INFO - [2025-07-01T02:54:54.186+0000] {dag.py:4180} INFO - Setting next_dagrun for example_dynamic_task_mapping to None, run_after=None
[2025-07-01T02:54:54.202+0000] {processor.py:208} INFO - Processing /home/airflow/.local/lib/python3.12/site-packages/airflow/example_dags/example_dynamic_task_mapping.py took 0.068 seconds
[2025-07-01T02:55:24.562+0000] {processor.py:186} INFO - Started process (PID=11543) to work on /home/airflow/.local/lib/python3.12/site-packages/airflow/example_dags/example_dynamic_task_mapping.py
[2025-07-01T02:55:24.563+0000] {processor.py:914} INFO - Processing file /home/airflow/.local/lib/python3.12/site-packages/airflow/example_dags/example_dynamic_task_mapping.py for tasks to queue
[2025-07-01T02:55:24.566+0000] {logging_mixin.py:190} INFO - [2025-07-01T02:55:24.565+0000] {dagbag.py:588} INFO - Filling up the DagBag from /home/airflow/.local/lib/python3.12/site-packages/airflow/example_dags/example_dynamic_task_mapping.py
[2025-07-01T02:55:24.574+0000] {processor.py:925} INFO - DAG(s) 'example_dynamic_task_mapping' retrieved from /home/airflow/.local/lib/python3.12/site-packages/airflow/example_dags/example_dynamic_task_mapping.py
[2025-07-01T02:55:24.593+0000] {logging_mixin.py:190} INFO - [2025-07-01T02:55:24.593+0000] {dag.py:3239} INFO - Sync 1 DAGs
[2025-07-01T02:55:24.606+0000] {logging_mixin.py:190} INFO - [2025-07-01T02:55:24.606+0000] {dag.py:4180} INFO - Setting next_dagrun for example_dynamic_task_mapping to None, run_after=None
[2025-07-01T02:55:24.621+0000] {processor.py:208} INFO - Processing /home/airflow/.local/lib/python3.12/site-packages/airflow/example_dags/example_dynamic_task_mapping.py took 0.065 seconds
[2025-07-01T02:55:55.137+0000] {processor.py:186} INFO - Started process (PID=11605) to work on /home/airflow/.local/lib/python3.12/site-packages/airflow/example_dags/example_dynamic_task_mapping.py
[2025-07-01T02:55:55.138+0000] {processor.py:914} INFO - Processing file /home/airflow/.local/lib/python3.12/site-packages/airflow/example_dags/example_dynamic_task_mapping.py for tasks to queue
[2025-07-01T02:55:55.140+0000] {logging_mixin.py:190} INFO - [2025-07-01T02:55:55.140+0000] {dagbag.py:588} INFO - Filling up the DagBag from /home/airflow/.local/lib/python3.12/site-packages/airflow/example_dags/example_dynamic_task_mapping.py
[2025-07-01T02:55:55.149+0000] {processor.py:925} INFO - DAG(s) 'example_dynamic_task_mapping' retrieved from /home/airflow/.local/lib/python3.12/site-packages/airflow/example_dags/example_dynamic_task_mapping.py
[2025-07-01T02:55:55.170+0000] {logging_mixin.py:190} INFO - [2025-07-01T02:55:55.169+0000] {dag.py:3239} INFO - Sync 1 DAGs
[2025-07-01T02:55:55.184+0000] {logging_mixin.py:190} INFO - [2025-07-01T02:55:55.183+0000] {dag.py:4180} INFO - Setting next_dagrun for example_dynamic_task_mapping to None, run_after=None
[2025-07-01T02:55:55.201+0000] {processor.py:208} INFO - Processing /home/airflow/.local/lib/python3.12/site-packages/airflow/example_dags/example_dynamic_task_mapping.py took 0.070 seconds
[2025-07-01T02:56:25.533+0000] {processor.py:186} INFO - Started process (PID=11667) to work on /home/airflow/.local/lib/python3.12/site-packages/airflow/example_dags/example_dynamic_task_mapping.py
[2025-07-01T02:56:25.534+0000] {processor.py:914} INFO - Processing file /home/airflow/.local/lib/python3.12/site-packages/airflow/example_dags/example_dynamic_task_mapping.py for tasks to queue
[2025-07-01T02:56:25.538+0000] {logging_mixin.py:190} INFO - [2025-07-01T02:56:25.537+0000] {dagbag.py:588} INFO - Filling up the DagBag from /home/airflow/.local/lib/python3.12/site-packages/airflow/example_dags/example_dynamic_task_mapping.py
[2025-07-01T02:56:25.548+0000] {processor.py:925} INFO - DAG(s) 'example_dynamic_task_mapping' retrieved from /home/airflow/.local/lib/python3.12/site-packages/airflow/example_dags/example_dynamic_task_mapping.py
[2025-07-01T02:56:25.572+0000] {logging_mixin.py:190} INFO - [2025-07-01T02:56:25.572+0000] {dag.py:3239} INFO - Sync 1 DAGs
[2025-07-01T02:56:25.588+0000] {logging_mixin.py:190} INFO - [2025-07-01T02:56:25.588+0000] {dag.py:4180} INFO - Setting next_dagrun for example_dynamic_task_mapping to None, run_after=None
[2025-07-01T02:56:25.607+0000] {processor.py:208} INFO - Processing /home/airflow/.local/lib/python3.12/site-packages/airflow/example_dags/example_dynamic_task_mapping.py took 0.081 seconds
[2025-07-01T02:56:55.955+0000] {processor.py:186} INFO - Started process (PID=11729) to work on /home/airflow/.local/lib/python3.12/site-packages/airflow/example_dags/example_dynamic_task_mapping.py
[2025-07-01T02:56:55.956+0000] {processor.py:914} INFO - Processing file /home/airflow/.local/lib/python3.12/site-packages/airflow/example_dags/example_dynamic_task_mapping.py for tasks to queue
[2025-07-01T02:56:55.959+0000] {logging_mixin.py:190} INFO - [2025-07-01T02:56:55.958+0000] {dagbag.py:588} INFO - Filling up the DagBag from /home/airflow/.local/lib/python3.12/site-packages/airflow/example_dags/example_dynamic_task_mapping.py
[2025-07-01T02:56:55.969+0000] {processor.py:925} INFO - DAG(s) 'example_dynamic_task_mapping' retrieved from /home/airflow/.local/lib/python3.12/site-packages/airflow/example_dags/example_dynamic_task_mapping.py
[2025-07-01T02:56:55.993+0000] {logging_mixin.py:190} INFO - [2025-07-01T02:56:55.992+0000] {dag.py:3239} INFO - Sync 1 DAGs
[2025-07-01T02:56:56.010+0000] {logging_mixin.py:190} INFO - [2025-07-01T02:56:56.009+0000] {dag.py:4180} INFO - Setting next_dagrun for example_dynamic_task_mapping to None, run_after=None
[2025-07-01T02:56:56.027+0000] {processor.py:208} INFO - Processing /home/airflow/.local/lib/python3.12/site-packages/airflow/example_dags/example_dynamic_task_mapping.py took 0.079 seconds
[2025-07-01T02:57:26.194+0000] {processor.py:186} INFO - Started process (PID=11791) to work on /home/airflow/.local/lib/python3.12/site-packages/airflow/example_dags/example_dynamic_task_mapping.py
[2025-07-01T02:57:26.195+0000] {processor.py:914} INFO - Processing file /home/airflow/.local/lib/python3.12/site-packages/airflow/example_dags/example_dynamic_task_mapping.py for tasks to queue
[2025-07-01T02:57:26.198+0000] {logging_mixin.py:190} INFO - [2025-07-01T02:57:26.197+0000] {dagbag.py:588} INFO - Filling up the DagBag from /home/airflow/.local/lib/python3.12/site-packages/airflow/example_dags/example_dynamic_task_mapping.py
[2025-07-01T02:57:26.206+0000] {processor.py:925} INFO - DAG(s) 'example_dynamic_task_mapping' retrieved from /home/airflow/.local/lib/python3.12/site-packages/airflow/example_dags/example_dynamic_task_mapping.py
[2025-07-01T02:57:26.226+0000] {logging_mixin.py:190} INFO - [2025-07-01T02:57:26.226+0000] {dag.py:3239} INFO - Sync 1 DAGs
[2025-07-01T02:57:26.250+0000] {logging_mixin.py:190} INFO - [2025-07-01T02:57:26.250+0000] {dag.py:4180} INFO - Setting next_dagrun for example_dynamic_task_mapping to None, run_after=None
[2025-07-01T02:57:26.268+0000] {processor.py:208} INFO - Processing /home/airflow/.local/lib/python3.12/site-packages/airflow/example_dags/example_dynamic_task_mapping.py took 0.080 seconds
[2025-07-01T02:57:56.877+0000] {processor.py:186} INFO - Started process (PID=11853) to work on /home/airflow/.local/lib/python3.12/site-packages/airflow/example_dags/example_dynamic_task_mapping.py
[2025-07-01T02:57:56.878+0000] {processor.py:914} INFO - Processing file /home/airflow/.local/lib/python3.12/site-packages/airflow/example_dags/example_dynamic_task_mapping.py for tasks to queue
[2025-07-01T02:57:56.881+0000] {logging_mixin.py:190} INFO - [2025-07-01T02:57:56.881+0000] {dagbag.py:588} INFO - Filling up the DagBag from /home/airflow/.local/lib/python3.12/site-packages/airflow/example_dags/example_dynamic_task_mapping.py
[2025-07-01T02:57:56.893+0000] {processor.py:925} INFO - DAG(s) 'example_dynamic_task_mapping' retrieved from /home/airflow/.local/lib/python3.12/site-packages/airflow/example_dags/example_dynamic_task_mapping.py
[2025-07-01T02:57:56.917+0000] {logging_mixin.py:190} INFO - [2025-07-01T02:57:56.916+0000] {dag.py:3239} INFO - Sync 1 DAGs
[2025-07-01T02:57:56.933+0000] {logging_mixin.py:190} INFO - [2025-07-01T02:57:56.933+0000] {dag.py:4180} INFO - Setting next_dagrun for example_dynamic_task_mapping to None, run_after=None
[2025-07-01T02:57:56.953+0000] {processor.py:208} INFO - Processing /home/airflow/.local/lib/python3.12/site-packages/airflow/example_dags/example_dynamic_task_mapping.py took 0.083 seconds
[2025-07-01T02:58:27.812+0000] {processor.py:186} INFO - Started process (PID=11915) to work on /home/airflow/.local/lib/python3.12/site-packages/airflow/example_dags/example_dynamic_task_mapping.py
[2025-07-01T02:58:27.813+0000] {processor.py:914} INFO - Processing file /home/airflow/.local/lib/python3.12/site-packages/airflow/example_dags/example_dynamic_task_mapping.py for tasks to queue
[2025-07-01T02:58:27.815+0000] {logging_mixin.py:190} INFO - [2025-07-01T02:58:27.815+0000] {dagbag.py:588} INFO - Filling up the DagBag from /home/airflow/.local/lib/python3.12/site-packages/airflow/example_dags/example_dynamic_task_mapping.py
[2025-07-01T02:58:27.823+0000] {processor.py:925} INFO - DAG(s) 'example_dynamic_task_mapping' retrieved from /home/airflow/.local/lib/python3.12/site-packages/airflow/example_dags/example_dynamic_task_mapping.py
[2025-07-01T02:58:27.843+0000] {logging_mixin.py:190} INFO - [2025-07-01T02:58:27.842+0000] {dag.py:3239} INFO - Sync 1 DAGs
[2025-07-01T02:58:27.856+0000] {logging_mixin.py:190} INFO - [2025-07-01T02:58:27.856+0000] {dag.py:4180} INFO - Setting next_dagrun for example_dynamic_task_mapping to None, run_after=None
[2025-07-01T02:58:27.872+0000] {processor.py:208} INFO - Processing /home/airflow/.local/lib/python3.12/site-packages/airflow/example_dags/example_dynamic_task_mapping.py took 0.066 seconds
[2025-07-01T02:58:58.872+0000] {processor.py:186} INFO - Started process (PID=11977) to work on /home/airflow/.local/lib/python3.12/site-packages/airflow/example_dags/example_dynamic_task_mapping.py
[2025-07-01T02:58:58.873+0000] {processor.py:914} INFO - Processing file /home/airflow/.local/lib/python3.12/site-packages/airflow/example_dags/example_dynamic_task_mapping.py for tasks to queue
[2025-07-01T02:58:58.875+0000] {logging_mixin.py:190} INFO - [2025-07-01T02:58:58.875+0000] {dagbag.py:588} INFO - Filling up the DagBag from /home/airflow/.local/lib/python3.12/site-packages/airflow/example_dags/example_dynamic_task_mapping.py
[2025-07-01T02:58:58.884+0000] {processor.py:925} INFO - DAG(s) 'example_dynamic_task_mapping' retrieved from /home/airflow/.local/lib/python3.12/site-packages/airflow/example_dags/example_dynamic_task_mapping.py
[2025-07-01T02:58:58.903+0000] {logging_mixin.py:190} INFO - [2025-07-01T02:58:58.902+0000] {dag.py:3239} INFO - Sync 1 DAGs
[2025-07-01T02:58:58.916+0000] {logging_mixin.py:190} INFO - [2025-07-01T02:58:58.915+0000] {dag.py:4180} INFO - Setting next_dagrun for example_dynamic_task_mapping to None, run_after=None
[2025-07-01T02:58:58.932+0000] {processor.py:208} INFO - Processing /home/airflow/.local/lib/python3.12/site-packages/airflow/example_dags/example_dynamic_task_mapping.py took 0.066 seconds
[2025-07-01T02:59:29.759+0000] {processor.py:186} INFO - Started process (PID=12039) to work on /home/airflow/.local/lib/python3.12/site-packages/airflow/example_dags/example_dynamic_task_mapping.py
[2025-07-01T02:59:29.760+0000] {processor.py:914} INFO - Processing file /home/airflow/.local/lib/python3.12/site-packages/airflow/example_dags/example_dynamic_task_mapping.py for tasks to queue
[2025-07-01T02:59:29.763+0000] {logging_mixin.py:190} INFO - [2025-07-01T02:59:29.762+0000] {dagbag.py:588} INFO - Filling up the DagBag from /home/airflow/.local/lib/python3.12/site-packages/airflow/example_dags/example_dynamic_task_mapping.py
[2025-07-01T02:59:29.771+0000] {processor.py:925} INFO - DAG(s) 'example_dynamic_task_mapping' retrieved from /home/airflow/.local/lib/python3.12/site-packages/airflow/example_dags/example_dynamic_task_mapping.py
[2025-07-01T02:59:29.791+0000] {logging_mixin.py:190} INFO - [2025-07-01T02:59:29.790+0000] {dag.py:3239} INFO - Sync 1 DAGs
[2025-07-01T02:59:29.804+0000] {logging_mixin.py:190} INFO - [2025-07-01T02:59:29.803+0000] {dag.py:4180} INFO - Setting next_dagrun for example_dynamic_task_mapping to None, run_after=None
[2025-07-01T02:59:29.820+0000] {processor.py:208} INFO - Processing /home/airflow/.local/lib/python3.12/site-packages/airflow/example_dags/example_dynamic_task_mapping.py took 0.067 seconds
[2025-07-01T03:00:00.850+0000] {processor.py:186} INFO - Started process (PID=12101) to work on /home/airflow/.local/lib/python3.12/site-packages/airflow/example_dags/example_dynamic_task_mapping.py
[2025-07-01T03:00:00.851+0000] {processor.py:914} INFO - Processing file /home/airflow/.local/lib/python3.12/site-packages/airflow/example_dags/example_dynamic_task_mapping.py for tasks to queue
[2025-07-01T03:00:00.854+0000] {logging_mixin.py:190} INFO - [2025-07-01T03:00:00.853+0000] {dagbag.py:588} INFO - Filling up the DagBag from /home/airflow/.local/lib/python3.12/site-packages/airflow/example_dags/example_dynamic_task_mapping.py
[2025-07-01T03:00:00.862+0000] {processor.py:925} INFO - DAG(s) 'example_dynamic_task_mapping' retrieved from /home/airflow/.local/lib/python3.12/site-packages/airflow/example_dags/example_dynamic_task_mapping.py
[2025-07-01T03:00:00.884+0000] {logging_mixin.py:190} INFO - [2025-07-01T03:00:00.884+0000] {dag.py:3239} INFO - Sync 1 DAGs
[2025-07-01T03:00:00.899+0000] {logging_mixin.py:190} INFO - [2025-07-01T03:00:00.898+0000] {dag.py:4180} INFO - Setting next_dagrun for example_dynamic_task_mapping to None, run_after=None
[2025-07-01T03:00:00.918+0000] {processor.py:208} INFO - Processing /home/airflow/.local/lib/python3.12/site-packages/airflow/example_dags/example_dynamic_task_mapping.py took 0.074 seconds
[2025-07-01T03:00:31.003+0000] {processor.py:186} INFO - Started process (PID=12163) to work on /home/airflow/.local/lib/python3.12/site-packages/airflow/example_dags/example_dynamic_task_mapping.py
[2025-07-01T03:00:31.004+0000] {processor.py:914} INFO - Processing file /home/airflow/.local/lib/python3.12/site-packages/airflow/example_dags/example_dynamic_task_mapping.py for tasks to queue
[2025-07-01T03:00:31.006+0000] {logging_mixin.py:190} INFO - [2025-07-01T03:00:31.006+0000] {dagbag.py:588} INFO - Filling up the DagBag from /home/airflow/.local/lib/python3.12/site-packages/airflow/example_dags/example_dynamic_task_mapping.py
[2025-07-01T03:00:31.015+0000] {processor.py:925} INFO - DAG(s) 'example_dynamic_task_mapping' retrieved from /home/airflow/.local/lib/python3.12/site-packages/airflow/example_dags/example_dynamic_task_mapping.py
[2025-07-01T03:00:31.034+0000] {logging_mixin.py:190} INFO - [2025-07-01T03:00:31.034+0000] {dag.py:3239} INFO - Sync 1 DAGs
[2025-07-01T03:00:31.050+0000] {logging_mixin.py:190} INFO - [2025-07-01T03:00:31.050+0000] {dag.py:4180} INFO - Setting next_dagrun for example_dynamic_task_mapping to None, run_after=None
[2025-07-01T03:00:31.068+0000] {processor.py:208} INFO - Processing /home/airflow/.local/lib/python3.12/site-packages/airflow/example_dags/example_dynamic_task_mapping.py took 0.072 seconds
[2025-07-01T03:01:01.221+0000] {processor.py:186} INFO - Started process (PID=12225) to work on /home/airflow/.local/lib/python3.12/site-packages/airflow/example_dags/example_dynamic_task_mapping.py
[2025-07-01T03:01:01.222+0000] {processor.py:914} INFO - Processing file /home/airflow/.local/lib/python3.12/site-packages/airflow/example_dags/example_dynamic_task_mapping.py for tasks to queue
[2025-07-01T03:01:01.224+0000] {logging_mixin.py:190} INFO - [2025-07-01T03:01:01.224+0000] {dagbag.py:588} INFO - Filling up the DagBag from /home/airflow/.local/lib/python3.12/site-packages/airflow/example_dags/example_dynamic_task_mapping.py
[2025-07-01T03:01:01.233+0000] {processor.py:925} INFO - DAG(s) 'example_dynamic_task_mapping' retrieved from /home/airflow/.local/lib/python3.12/site-packages/airflow/example_dags/example_dynamic_task_mapping.py
[2025-07-01T03:01:01.253+0000] {logging_mixin.py:190} INFO - [2025-07-01T03:01:01.253+0000] {dag.py:3239} INFO - Sync 1 DAGs
[2025-07-01T03:01:01.268+0000] {logging_mixin.py:190} INFO - [2025-07-01T03:01:01.268+0000] {dag.py:4180} INFO - Setting next_dagrun for example_dynamic_task_mapping to None, run_after=None
[2025-07-01T03:01:01.286+0000] {processor.py:208} INFO - Processing /home/airflow/.local/lib/python3.12/site-packages/airflow/example_dags/example_dynamic_task_mapping.py took 0.073 seconds
[2025-07-01T03:01:31.454+0000] {processor.py:186} INFO - Started process (PID=12286) to work on /home/airflow/.local/lib/python3.12/site-packages/airflow/example_dags/example_dynamic_task_mapping.py
[2025-07-01T03:01:31.455+0000] {processor.py:914} INFO - Processing file /home/airflow/.local/lib/python3.12/site-packages/airflow/example_dags/example_dynamic_task_mapping.py for tasks to queue
[2025-07-01T03:01:31.458+0000] {logging_mixin.py:190} INFO - [2025-07-01T03:01:31.458+0000] {dagbag.py:588} INFO - Filling up the DagBag from /home/airflow/.local/lib/python3.12/site-packages/airflow/example_dags/example_dynamic_task_mapping.py
[2025-07-01T03:01:31.468+0000] {processor.py:925} INFO - DAG(s) 'example_dynamic_task_mapping' retrieved from /home/airflow/.local/lib/python3.12/site-packages/airflow/example_dags/example_dynamic_task_mapping.py
[2025-07-01T03:01:31.487+0000] {logging_mixin.py:190} INFO - [2025-07-01T03:01:31.487+0000] {dag.py:3239} INFO - Sync 1 DAGs
[2025-07-01T03:01:31.501+0000] {logging_mixin.py:190} INFO - [2025-07-01T03:01:31.501+0000] {dag.py:4180} INFO - Setting next_dagrun for example_dynamic_task_mapping to None, run_after=None
[2025-07-01T03:01:31.518+0000] {processor.py:208} INFO - Processing /home/airflow/.local/lib/python3.12/site-packages/airflow/example_dags/example_dynamic_task_mapping.py took 0.070 seconds
[2025-07-01T03:02:01.568+0000] {processor.py:186} INFO - Started process (PID=12348) to work on /home/airflow/.local/lib/python3.12/site-packages/airflow/example_dags/example_dynamic_task_mapping.py
[2025-07-01T03:02:01.568+0000] {processor.py:914} INFO - Processing file /home/airflow/.local/lib/python3.12/site-packages/airflow/example_dags/example_dynamic_task_mapping.py for tasks to queue
[2025-07-01T03:02:01.571+0000] {logging_mixin.py:190} INFO - [2025-07-01T03:02:01.571+0000] {dagbag.py:588} INFO - Filling up the DagBag from /home/airflow/.local/lib/python3.12/site-packages/airflow/example_dags/example_dynamic_task_mapping.py
[2025-07-01T03:02:01.579+0000] {processor.py:925} INFO - DAG(s) 'example_dynamic_task_mapping' retrieved from /home/airflow/.local/lib/python3.12/site-packages/airflow/example_dags/example_dynamic_task_mapping.py
[2025-07-01T03:02:01.598+0000] {logging_mixin.py:190} INFO - [2025-07-01T03:02:01.598+0000] {dag.py:3239} INFO - Sync 1 DAGs
[2025-07-01T03:02:01.611+0000] {logging_mixin.py:190} INFO - [2025-07-01T03:02:01.611+0000] {dag.py:4180} INFO - Setting next_dagrun for example_dynamic_task_mapping to None, run_after=None
[2025-07-01T03:02:01.630+0000] {processor.py:208} INFO - Processing /home/airflow/.local/lib/python3.12/site-packages/airflow/example_dags/example_dynamic_task_mapping.py took 0.069 seconds
[2025-07-01T03:02:32.691+0000] {processor.py:186} INFO - Started process (PID=12410) to work on /home/airflow/.local/lib/python3.12/site-packages/airflow/example_dags/example_dynamic_task_mapping.py
[2025-07-01T03:02:32.693+0000] {processor.py:914} INFO - Processing file /home/airflow/.local/lib/python3.12/site-packages/airflow/example_dags/example_dynamic_task_mapping.py for tasks to queue
[2025-07-01T03:02:32.696+0000] {logging_mixin.py:190} INFO - [2025-07-01T03:02:32.695+0000] {dagbag.py:588} INFO - Filling up the DagBag from /home/airflow/.local/lib/python3.12/site-packages/airflow/example_dags/example_dynamic_task_mapping.py
[2025-07-01T03:02:32.706+0000] {processor.py:925} INFO - DAG(s) 'example_dynamic_task_mapping' retrieved from /home/airflow/.local/lib/python3.12/site-packages/airflow/example_dags/example_dynamic_task_mapping.py
[2025-07-01T03:02:32.726+0000] {logging_mixin.py:190} INFO - [2025-07-01T03:02:32.726+0000] {dag.py:3239} INFO - Sync 1 DAGs
[2025-07-01T03:02:32.740+0000] {logging_mixin.py:190} INFO - [2025-07-01T03:02:32.740+0000] {dag.py:4180} INFO - Setting next_dagrun for example_dynamic_task_mapping to None, run_after=None
[2025-07-01T03:02:32.758+0000] {processor.py:208} INFO - Processing /home/airflow/.local/lib/python3.12/site-packages/airflow/example_dags/example_dynamic_task_mapping.py took 0.074 seconds
[2025-07-01T03:03:03.636+0000] {processor.py:186} INFO - Started process (PID=12473) to work on /home/airflow/.local/lib/python3.12/site-packages/airflow/example_dags/example_dynamic_task_mapping.py
[2025-07-01T03:03:03.638+0000] {processor.py:914} INFO - Processing file /home/airflow/.local/lib/python3.12/site-packages/airflow/example_dags/example_dynamic_task_mapping.py for tasks to queue
[2025-07-01T03:03:03.641+0000] {logging_mixin.py:190} INFO - [2025-07-01T03:03:03.640+0000] {dagbag.py:588} INFO - Filling up the DagBag from /home/airflow/.local/lib/python3.12/site-packages/airflow/example_dags/example_dynamic_task_mapping.py
[2025-07-01T03:03:03.650+0000] {processor.py:925} INFO - DAG(s) 'example_dynamic_task_mapping' retrieved from /home/airflow/.local/lib/python3.12/site-packages/airflow/example_dags/example_dynamic_task_mapping.py
[2025-07-01T03:03:03.673+0000] {logging_mixin.py:190} INFO - [2025-07-01T03:03:03.672+0000] {dag.py:3239} INFO - Sync 1 DAGs
[2025-07-01T03:03:03.693+0000] {logging_mixin.py:190} INFO - [2025-07-01T03:03:03.692+0000] {dag.py:4180} INFO - Setting next_dagrun for example_dynamic_task_mapping to None, run_after=None
[2025-07-01T03:03:03.718+0000] {processor.py:208} INFO - Processing /home/airflow/.local/lib/python3.12/site-packages/airflow/example_dags/example_dynamic_task_mapping.py took 0.089 seconds
[2025-07-01T03:03:33.781+0000] {processor.py:186} INFO - Started process (PID=12535) to work on /home/airflow/.local/lib/python3.12/site-packages/airflow/example_dags/example_dynamic_task_mapping.py
[2025-07-01T03:03:33.783+0000] {processor.py:914} INFO - Processing file /home/airflow/.local/lib/python3.12/site-packages/airflow/example_dags/example_dynamic_task_mapping.py for tasks to queue
[2025-07-01T03:03:33.785+0000] {logging_mixin.py:190} INFO - [2025-07-01T03:03:33.785+0000] {dagbag.py:588} INFO - Filling up the DagBag from /home/airflow/.local/lib/python3.12/site-packages/airflow/example_dags/example_dynamic_task_mapping.py
[2025-07-01T03:03:33.796+0000] {processor.py:925} INFO - DAG(s) 'example_dynamic_task_mapping' retrieved from /home/airflow/.local/lib/python3.12/site-packages/airflow/example_dags/example_dynamic_task_mapping.py
[2025-07-01T03:03:33.819+0000] {logging_mixin.py:190} INFO - [2025-07-01T03:03:33.819+0000] {dag.py:3239} INFO - Sync 1 DAGs
[2025-07-01T03:03:33.834+0000] {logging_mixin.py:190} INFO - [2025-07-01T03:03:33.834+0000] {dag.py:4180} INFO - Setting next_dagrun for example_dynamic_task_mapping to None, run_after=None
[2025-07-01T03:03:33.854+0000] {processor.py:208} INFO - Processing /home/airflow/.local/lib/python3.12/site-packages/airflow/example_dags/example_dynamic_task_mapping.py took 0.080 seconds
[2025-07-01T03:04:04.097+0000] {processor.py:186} INFO - Started process (PID=12597) to work on /home/airflow/.local/lib/python3.12/site-packages/airflow/example_dags/example_dynamic_task_mapping.py
[2025-07-01T03:04:04.098+0000] {processor.py:914} INFO - Processing file /home/airflow/.local/lib/python3.12/site-packages/airflow/example_dags/example_dynamic_task_mapping.py for tasks to queue
[2025-07-01T03:04:04.100+0000] {logging_mixin.py:190} INFO - [2025-07-01T03:04:04.100+0000] {dagbag.py:588} INFO - Filling up the DagBag from /home/airflow/.local/lib/python3.12/site-packages/airflow/example_dags/example_dynamic_task_mapping.py
[2025-07-01T03:04:04.109+0000] {processor.py:925} INFO - DAG(s) 'example_dynamic_task_mapping' retrieved from /home/airflow/.local/lib/python3.12/site-packages/airflow/example_dags/example_dynamic_task_mapping.py
[2025-07-01T03:04:04.130+0000] {logging_mixin.py:190} INFO - [2025-07-01T03:04:04.130+0000] {dag.py:3239} INFO - Sync 1 DAGs
[2025-07-01T03:04:04.145+0000] {logging_mixin.py:190} INFO - [2025-07-01T03:04:04.145+0000] {dag.py:4180} INFO - Setting next_dagrun for example_dynamic_task_mapping to None, run_after=None
[2025-07-01T03:04:04.165+0000] {processor.py:208} INFO - Processing /home/airflow/.local/lib/python3.12/site-packages/airflow/example_dags/example_dynamic_task_mapping.py took 0.074 seconds
[2025-07-01T03:04:34.788+0000] {processor.py:186} INFO - Started process (PID=12659) to work on /home/airflow/.local/lib/python3.12/site-packages/airflow/example_dags/example_dynamic_task_mapping.py
[2025-07-01T03:04:34.789+0000] {processor.py:914} INFO - Processing file /home/airflow/.local/lib/python3.12/site-packages/airflow/example_dags/example_dynamic_task_mapping.py for tasks to queue
[2025-07-01T03:04:34.791+0000] {logging_mixin.py:190} INFO - [2025-07-01T03:04:34.791+0000] {dagbag.py:588} INFO - Filling up the DagBag from /home/airflow/.local/lib/python3.12/site-packages/airflow/example_dags/example_dynamic_task_mapping.py
[2025-07-01T03:04:34.800+0000] {processor.py:925} INFO - DAG(s) 'example_dynamic_task_mapping' retrieved from /home/airflow/.local/lib/python3.12/site-packages/airflow/example_dags/example_dynamic_task_mapping.py
[2025-07-01T03:04:34.820+0000] {logging_mixin.py:190} INFO - [2025-07-01T03:04:34.820+0000] {dag.py:3239} INFO - Sync 1 DAGs
[2025-07-01T03:04:34.848+0000] {logging_mixin.py:190} INFO - [2025-07-01T03:04:34.848+0000] {dag.py:4180} INFO - Setting next_dagrun for example_dynamic_task_mapping to None, run_after=None
[2025-07-01T03:04:34.878+0000] {processor.py:208} INFO - Processing /home/airflow/.local/lib/python3.12/site-packages/airflow/example_dags/example_dynamic_task_mapping.py took 0.096 seconds
[2025-07-01T03:05:05.681+0000] {processor.py:186} INFO - Started process (PID=12721) to work on /home/airflow/.local/lib/python3.12/site-packages/airflow/example_dags/example_dynamic_task_mapping.py
[2025-07-01T03:05:05.683+0000] {processor.py:914} INFO - Processing file /home/airflow/.local/lib/python3.12/site-packages/airflow/example_dags/example_dynamic_task_mapping.py for tasks to queue
[2025-07-01T03:05:05.687+0000] {logging_mixin.py:190} INFO - [2025-07-01T03:05:05.686+0000] {dagbag.py:588} INFO - Filling up the DagBag from /home/airflow/.local/lib/python3.12/site-packages/airflow/example_dags/example_dynamic_task_mapping.py
[2025-07-01T03:05:05.701+0000] {processor.py:925} INFO - DAG(s) 'example_dynamic_task_mapping' retrieved from /home/airflow/.local/lib/python3.12/site-packages/airflow/example_dags/example_dynamic_task_mapping.py
[2025-07-01T03:05:05.732+0000] {logging_mixin.py:190} INFO - [2025-07-01T03:05:05.732+0000] {dag.py:3239} INFO - Sync 1 DAGs
[2025-07-01T03:05:05.751+0000] {logging_mixin.py:190} INFO - [2025-07-01T03:05:05.750+0000] {dag.py:4180} INFO - Setting next_dagrun for example_dynamic_task_mapping to None, run_after=None
[2025-07-01T03:05:05.774+0000] {processor.py:208} INFO - Processing /home/airflow/.local/lib/python3.12/site-packages/airflow/example_dags/example_dynamic_task_mapping.py took 0.099 seconds
[2025-07-01T03:05:35.817+0000] {processor.py:186} INFO - Started process (PID=12782) to work on /home/airflow/.local/lib/python3.12/site-packages/airflow/example_dags/example_dynamic_task_mapping.py
[2025-07-01T03:05:35.818+0000] {processor.py:914} INFO - Processing file /home/airflow/.local/lib/python3.12/site-packages/airflow/example_dags/example_dynamic_task_mapping.py for tasks to queue
[2025-07-01T03:05:35.821+0000] {logging_mixin.py:190} INFO - [2025-07-01T03:05:35.820+0000] {dagbag.py:588} INFO - Filling up the DagBag from /home/airflow/.local/lib/python3.12/site-packages/airflow/example_dags/example_dynamic_task_mapping.py
[2025-07-01T03:05:35.829+0000] {processor.py:925} INFO - DAG(s) 'example_dynamic_task_mapping' retrieved from /home/airflow/.local/lib/python3.12/site-packages/airflow/example_dags/example_dynamic_task_mapping.py
[2025-07-01T03:05:35.848+0000] {logging_mixin.py:190} INFO - [2025-07-01T03:05:35.848+0000] {dag.py:3239} INFO - Sync 1 DAGs
[2025-07-01T03:05:35.861+0000] {logging_mixin.py:190} INFO - [2025-07-01T03:05:35.861+0000] {dag.py:4180} INFO - Setting next_dagrun for example_dynamic_task_mapping to None, run_after=None
[2025-07-01T03:05:35.877+0000] {processor.py:208} INFO - Processing /home/airflow/.local/lib/python3.12/site-packages/airflow/example_dags/example_dynamic_task_mapping.py took 0.066 seconds
[2025-07-01T03:06:06.020+0000] {processor.py:186} INFO - Started process (PID=12844) to work on /home/airflow/.local/lib/python3.12/site-packages/airflow/example_dags/example_dynamic_task_mapping.py
[2025-07-01T03:06:06.022+0000] {processor.py:914} INFO - Processing file /home/airflow/.local/lib/python3.12/site-packages/airflow/example_dags/example_dynamic_task_mapping.py for tasks to queue
[2025-07-01T03:06:06.025+0000] {logging_mixin.py:190} INFO - [2025-07-01T03:06:06.024+0000] {dagbag.py:588} INFO - Filling up the DagBag from /home/airflow/.local/lib/python3.12/site-packages/airflow/example_dags/example_dynamic_task_mapping.py
[2025-07-01T03:06:06.035+0000] {processor.py:925} INFO - DAG(s) 'example_dynamic_task_mapping' retrieved from /home/airflow/.local/lib/python3.12/site-packages/airflow/example_dags/example_dynamic_task_mapping.py
[2025-07-01T03:06:06.053+0000] {logging_mixin.py:190} INFO - [2025-07-01T03:06:06.053+0000] {dag.py:3239} INFO - Sync 1 DAGs
[2025-07-01T03:06:06.067+0000] {logging_mixin.py:190} INFO - [2025-07-01T03:06:06.067+0000] {dag.py:4180} INFO - Setting next_dagrun for example_dynamic_task_mapping to None, run_after=None
[2025-07-01T03:06:06.084+0000] {processor.py:208} INFO - Processing /home/airflow/.local/lib/python3.12/site-packages/airflow/example_dags/example_dynamic_task_mapping.py took 0.070 seconds
[2025-07-01T03:06:36.954+0000] {processor.py:186} INFO - Started process (PID=12906) to work on /home/airflow/.local/lib/python3.12/site-packages/airflow/example_dags/example_dynamic_task_mapping.py
[2025-07-01T03:06:36.955+0000] {processor.py:914} INFO - Processing file /home/airflow/.local/lib/python3.12/site-packages/airflow/example_dags/example_dynamic_task_mapping.py for tasks to queue
[2025-07-01T03:06:36.957+0000] {logging_mixin.py:190} INFO - [2025-07-01T03:06:36.957+0000] {dagbag.py:588} INFO - Filling up the DagBag from /home/airflow/.local/lib/python3.12/site-packages/airflow/example_dags/example_dynamic_task_mapping.py
[2025-07-01T03:06:36.966+0000] {processor.py:925} INFO - DAG(s) 'example_dynamic_task_mapping' retrieved from /home/airflow/.local/lib/python3.12/site-packages/airflow/example_dags/example_dynamic_task_mapping.py
[2025-07-01T03:06:36.986+0000] {logging_mixin.py:190} INFO - [2025-07-01T03:06:36.985+0000] {dag.py:3239} INFO - Sync 1 DAGs
[2025-07-01T03:06:36.999+0000] {logging_mixin.py:190} INFO - [2025-07-01T03:06:36.999+0000] {dag.py:4180} INFO - Setting next_dagrun for example_dynamic_task_mapping to None, run_after=None
[2025-07-01T03:06:37.016+0000] {processor.py:208} INFO - Processing /home/airflow/.local/lib/python3.12/site-packages/airflow/example_dags/example_dynamic_task_mapping.py took 0.069 seconds
[2025-07-01T03:07:07.988+0000] {processor.py:186} INFO - Started process (PID=12969) to work on /home/airflow/.local/lib/python3.12/site-packages/airflow/example_dags/example_dynamic_task_mapping.py
[2025-07-01T03:07:07.989+0000] {processor.py:914} INFO - Processing file /home/airflow/.local/lib/python3.12/site-packages/airflow/example_dags/example_dynamic_task_mapping.py for tasks to queue
[2025-07-01T03:07:07.992+0000] {logging_mixin.py:190} INFO - [2025-07-01T03:07:07.991+0000] {dagbag.py:588} INFO - Filling up the DagBag from /home/airflow/.local/lib/python3.12/site-packages/airflow/example_dags/example_dynamic_task_mapping.py
[2025-07-01T03:07:08.000+0000] {processor.py:925} INFO - DAG(s) 'example_dynamic_task_mapping' retrieved from /home/airflow/.local/lib/python3.12/site-packages/airflow/example_dags/example_dynamic_task_mapping.py
[2025-07-01T03:07:08.019+0000] {logging_mixin.py:190} INFO - [2025-07-01T03:07:08.019+0000] {dag.py:3239} INFO - Sync 1 DAGs
[2025-07-01T03:07:08.037+0000] {logging_mixin.py:190} INFO - [2025-07-01T03:07:08.037+0000] {dag.py:4180} INFO - Setting next_dagrun for example_dynamic_task_mapping to None, run_after=None
[2025-07-01T03:07:08.055+0000] {processor.py:208} INFO - Processing /home/airflow/.local/lib/python3.12/site-packages/airflow/example_dags/example_dynamic_task_mapping.py took 0.073 seconds
[2025-07-01T03:07:38.450+0000] {processor.py:186} INFO - Started process (PID=13031) to work on /home/airflow/.local/lib/python3.12/site-packages/airflow/example_dags/example_dynamic_task_mapping.py
[2025-07-01T03:07:38.452+0000] {processor.py:914} INFO - Processing file /home/airflow/.local/lib/python3.12/site-packages/airflow/example_dags/example_dynamic_task_mapping.py for tasks to queue
[2025-07-01T03:07:38.455+0000] {logging_mixin.py:190} INFO - [2025-07-01T03:07:38.454+0000] {dagbag.py:588} INFO - Filling up the DagBag from /home/airflow/.local/lib/python3.12/site-packages/airflow/example_dags/example_dynamic_task_mapping.py
[2025-07-01T03:07:38.464+0000] {processor.py:925} INFO - DAG(s) 'example_dynamic_task_mapping' retrieved from /home/airflow/.local/lib/python3.12/site-packages/airflow/example_dags/example_dynamic_task_mapping.py
[2025-07-01T03:07:38.485+0000] {logging_mixin.py:190} INFO - [2025-07-01T03:07:38.484+0000] {dag.py:3239} INFO - Sync 1 DAGs
[2025-07-01T03:07:38.499+0000] {logging_mixin.py:190} INFO - [2025-07-01T03:07:38.498+0000] {dag.py:4180} INFO - Setting next_dagrun for example_dynamic_task_mapping to None, run_after=None
[2025-07-01T03:07:38.517+0000] {processor.py:208} INFO - Processing /home/airflow/.local/lib/python3.12/site-packages/airflow/example_dags/example_dynamic_task_mapping.py took 0.074 seconds
[2025-07-01T03:08:08.680+0000] {processor.py:186} INFO - Started process (PID=13093) to work on /home/airflow/.local/lib/python3.12/site-packages/airflow/example_dags/example_dynamic_task_mapping.py
[2025-07-01T03:08:08.681+0000] {processor.py:914} INFO - Processing file /home/airflow/.local/lib/python3.12/site-packages/airflow/example_dags/example_dynamic_task_mapping.py for tasks to queue
[2025-07-01T03:08:08.683+0000] {logging_mixin.py:190} INFO - [2025-07-01T03:08:08.683+0000] {dagbag.py:588} INFO - Filling up the DagBag from /home/airflow/.local/lib/python3.12/site-packages/airflow/example_dags/example_dynamic_task_mapping.py
[2025-07-01T03:08:08.692+0000] {processor.py:925} INFO - DAG(s) 'example_dynamic_task_mapping' retrieved from /home/airflow/.local/lib/python3.12/site-packages/airflow/example_dags/example_dynamic_task_mapping.py
[2025-07-01T03:08:08.714+0000] {logging_mixin.py:190} INFO - [2025-07-01T03:08:08.713+0000] {dag.py:3239} INFO - Sync 1 DAGs
[2025-07-01T03:08:08.729+0000] {logging_mixin.py:190} INFO - [2025-07-01T03:08:08.729+0000] {dag.py:4180} INFO - Setting next_dagrun for example_dynamic_task_mapping to None, run_after=None
[2025-07-01T03:08:08.748+0000] {processor.py:208} INFO - Processing /home/airflow/.local/lib/python3.12/site-packages/airflow/example_dags/example_dynamic_task_mapping.py took 0.076 seconds
[2025-07-01T03:30:21.138+0000] {processor.py:186} INFO - Started process (PID=13172) to work on /home/airflow/.local/lib/python3.12/site-packages/airflow/example_dags/example_dynamic_task_mapping.py
[2025-07-01T03:30:21.140+0000] {processor.py:914} INFO - Processing file /home/airflow/.local/lib/python3.12/site-packages/airflow/example_dags/example_dynamic_task_mapping.py for tasks to queue
[2025-07-01T03:30:21.145+0000] {logging_mixin.py:190} INFO - [2025-07-01T03:30:21.144+0000] {dagbag.py:588} INFO - Filling up the DagBag from /home/airflow/.local/lib/python3.12/site-packages/airflow/example_dags/example_dynamic_task_mapping.py
[2025-07-01T03:30:21.163+0000] {processor.py:925} INFO - DAG(s) 'example_dynamic_task_mapping' retrieved from /home/airflow/.local/lib/python3.12/site-packages/airflow/example_dags/example_dynamic_task_mapping.py
[2025-07-01T03:30:21.192+0000] {logging_mixin.py:190} INFO - [2025-07-01T03:30:21.192+0000] {dag.py:3239} INFO - Sync 1 DAGs
[2025-07-01T03:30:21.219+0000] {logging_mixin.py:190} INFO - [2025-07-01T03:30:21.218+0000] {dag.py:4180} INFO - Setting next_dagrun for example_dynamic_task_mapping to None, run_after=None
[2025-07-01T03:30:21.249+0000] {processor.py:208} INFO - Processing /home/airflow/.local/lib/python3.12/site-packages/airflow/example_dags/example_dynamic_task_mapping.py took 0.125 seconds
[2025-07-01T03:30:51.437+0000] {processor.py:186} INFO - Started process (PID=13235) to work on /home/airflow/.local/lib/python3.12/site-packages/airflow/example_dags/example_dynamic_task_mapping.py
[2025-07-01T03:30:51.439+0000] {processor.py:914} INFO - Processing file /home/airflow/.local/lib/python3.12/site-packages/airflow/example_dags/example_dynamic_task_mapping.py for tasks to queue
[2025-07-01T03:30:51.442+0000] {logging_mixin.py:190} INFO - [2025-07-01T03:30:51.442+0000] {dagbag.py:588} INFO - Filling up the DagBag from /home/airflow/.local/lib/python3.12/site-packages/airflow/example_dags/example_dynamic_task_mapping.py
[2025-07-01T03:30:51.455+0000] {processor.py:925} INFO - DAG(s) 'example_dynamic_task_mapping' retrieved from /home/airflow/.local/lib/python3.12/site-packages/airflow/example_dags/example_dynamic_task_mapping.py
[2025-07-01T03:30:51.483+0000] {logging_mixin.py:190} INFO - [2025-07-01T03:30:51.482+0000] {dag.py:3239} INFO - Sync 1 DAGs
[2025-07-01T03:30:51.503+0000] {logging_mixin.py:190} INFO - [2025-07-01T03:30:51.503+0000] {dag.py:4180} INFO - Setting next_dagrun for example_dynamic_task_mapping to None, run_after=None
[2025-07-01T03:30:51.529+0000] {processor.py:208} INFO - Processing /home/airflow/.local/lib/python3.12/site-packages/airflow/example_dags/example_dynamic_task_mapping.py took 0.104 seconds
[2025-07-01T03:31:22.131+0000] {processor.py:186} INFO - Started process (PID=13296) to work on /home/airflow/.local/lib/python3.12/site-packages/airflow/example_dags/example_dynamic_task_mapping.py
[2025-07-01T03:31:22.132+0000] {processor.py:914} INFO - Processing file /home/airflow/.local/lib/python3.12/site-packages/airflow/example_dags/example_dynamic_task_mapping.py for tasks to queue
[2025-07-01T03:31:22.135+0000] {logging_mixin.py:190} INFO - [2025-07-01T03:31:22.135+0000] {dagbag.py:588} INFO - Filling up the DagBag from /home/airflow/.local/lib/python3.12/site-packages/airflow/example_dags/example_dynamic_task_mapping.py
[2025-07-01T03:31:22.146+0000] {processor.py:925} INFO - DAG(s) 'example_dynamic_task_mapping' retrieved from /home/airflow/.local/lib/python3.12/site-packages/airflow/example_dags/example_dynamic_task_mapping.py
[2025-07-01T03:31:22.176+0000] {logging_mixin.py:190} INFO - [2025-07-01T03:31:22.175+0000] {dag.py:3239} INFO - Sync 1 DAGs
[2025-07-01T03:31:22.195+0000] {logging_mixin.py:190} INFO - [2025-07-01T03:31:22.195+0000] {dag.py:4180} INFO - Setting next_dagrun for example_dynamic_task_mapping to None, run_after=None
[2025-07-01T03:31:22.220+0000] {processor.py:208} INFO - Processing /home/airflow/.local/lib/python3.12/site-packages/airflow/example_dags/example_dynamic_task_mapping.py took 0.097 seconds
[2025-07-01T03:31:52.471+0000] {processor.py:186} INFO - Started process (PID=13358) to work on /home/airflow/.local/lib/python3.12/site-packages/airflow/example_dags/example_dynamic_task_mapping.py
[2025-07-01T03:31:52.472+0000] {processor.py:914} INFO - Processing file /home/airflow/.local/lib/python3.12/site-packages/airflow/example_dags/example_dynamic_task_mapping.py for tasks to queue
[2025-07-01T03:31:52.475+0000] {logging_mixin.py:190} INFO - [2025-07-01T03:31:52.474+0000] {dagbag.py:588} INFO - Filling up the DagBag from /home/airflow/.local/lib/python3.12/site-packages/airflow/example_dags/example_dynamic_task_mapping.py
[2025-07-01T03:31:52.485+0000] {processor.py:925} INFO - DAG(s) 'example_dynamic_task_mapping' retrieved from /home/airflow/.local/lib/python3.12/site-packages/airflow/example_dags/example_dynamic_task_mapping.py
[2025-07-01T03:31:52.508+0000] {logging_mixin.py:190} INFO - [2025-07-01T03:31:52.508+0000] {dag.py:3239} INFO - Sync 1 DAGs
[2025-07-01T03:31:52.522+0000] {logging_mixin.py:190} INFO - [2025-07-01T03:31:52.521+0000] {dag.py:4180} INFO - Setting next_dagrun for example_dynamic_task_mapping to None, run_after=None
[2025-07-01T03:31:52.538+0000] {processor.py:208} INFO - Processing /home/airflow/.local/lib/python3.12/site-packages/airflow/example_dags/example_dynamic_task_mapping.py took 0.075 seconds
[2025-07-01T03:32:23.136+0000] {processor.py:186} INFO - Started process (PID=13420) to work on /home/airflow/.local/lib/python3.12/site-packages/airflow/example_dags/example_dynamic_task_mapping.py
[2025-07-01T03:32:23.137+0000] {processor.py:914} INFO - Processing file /home/airflow/.local/lib/python3.12/site-packages/airflow/example_dags/example_dynamic_task_mapping.py for tasks to queue
[2025-07-01T03:32:23.140+0000] {logging_mixin.py:190} INFO - [2025-07-01T03:32:23.139+0000] {dagbag.py:588} INFO - Filling up the DagBag from /home/airflow/.local/lib/python3.12/site-packages/airflow/example_dags/example_dynamic_task_mapping.py
[2025-07-01T03:32:23.151+0000] {processor.py:925} INFO - DAG(s) 'example_dynamic_task_mapping' retrieved from /home/airflow/.local/lib/python3.12/site-packages/airflow/example_dags/example_dynamic_task_mapping.py
[2025-07-01T03:32:23.175+0000] {logging_mixin.py:190} INFO - [2025-07-01T03:32:23.175+0000] {dag.py:3239} INFO - Sync 1 DAGs
[2025-07-01T03:32:23.190+0000] {logging_mixin.py:190} INFO - [2025-07-01T03:32:23.190+0000] {dag.py:4180} INFO - Setting next_dagrun for example_dynamic_task_mapping to None, run_after=None
[2025-07-01T03:32:23.209+0000] {processor.py:208} INFO - Processing /home/airflow/.local/lib/python3.12/site-packages/airflow/example_dags/example_dynamic_task_mapping.py took 0.080 seconds
[2025-07-01T03:32:53.585+0000] {processor.py:186} INFO - Started process (PID=13482) to work on /home/airflow/.local/lib/python3.12/site-packages/airflow/example_dags/example_dynamic_task_mapping.py
[2025-07-01T03:32:53.586+0000] {processor.py:914} INFO - Processing file /home/airflow/.local/lib/python3.12/site-packages/airflow/example_dags/example_dynamic_task_mapping.py for tasks to queue
[2025-07-01T03:32:53.589+0000] {logging_mixin.py:190} INFO - [2025-07-01T03:32:53.589+0000] {dagbag.py:588} INFO - Filling up the DagBag from /home/airflow/.local/lib/python3.12/site-packages/airflow/example_dags/example_dynamic_task_mapping.py
[2025-07-01T03:32:53.598+0000] {processor.py:925} INFO - DAG(s) 'example_dynamic_task_mapping' retrieved from /home/airflow/.local/lib/python3.12/site-packages/airflow/example_dags/example_dynamic_task_mapping.py
[2025-07-01T03:32:53.620+0000] {logging_mixin.py:190} INFO - [2025-07-01T03:32:53.619+0000] {dag.py:3239} INFO - Sync 1 DAGs
[2025-07-01T03:32:53.634+0000] {logging_mixin.py:190} INFO - [2025-07-01T03:32:53.634+0000] {dag.py:4180} INFO - Setting next_dagrun for example_dynamic_task_mapping to None, run_after=None
[2025-07-01T03:32:53.655+0000] {processor.py:208} INFO - Processing /home/airflow/.local/lib/python3.12/site-packages/airflow/example_dags/example_dynamic_task_mapping.py took 0.075 seconds
[2025-07-01T03:33:24.020+0000] {processor.py:186} INFO - Started process (PID=13545) to work on /home/airflow/.local/lib/python3.12/site-packages/airflow/example_dags/example_dynamic_task_mapping.py
[2025-07-01T03:33:24.021+0000] {processor.py:914} INFO - Processing file /home/airflow/.local/lib/python3.12/site-packages/airflow/example_dags/example_dynamic_task_mapping.py for tasks to queue
[2025-07-01T03:33:24.024+0000] {logging_mixin.py:190} INFO - [2025-07-01T03:33:24.024+0000] {dagbag.py:588} INFO - Filling up the DagBag from /home/airflow/.local/lib/python3.12/site-packages/airflow/example_dags/example_dynamic_task_mapping.py
[2025-07-01T03:33:24.033+0000] {processor.py:925} INFO - DAG(s) 'example_dynamic_task_mapping' retrieved from /home/airflow/.local/lib/python3.12/site-packages/airflow/example_dags/example_dynamic_task_mapping.py
[2025-07-01T03:33:24.054+0000] {logging_mixin.py:190} INFO - [2025-07-01T03:33:24.054+0000] {dag.py:3239} INFO - Sync 1 DAGs
[2025-07-01T03:33:24.068+0000] {logging_mixin.py:190} INFO - [2025-07-01T03:33:24.068+0000] {dag.py:4180} INFO - Setting next_dagrun for example_dynamic_task_mapping to None, run_after=None
[2025-07-01T03:33:24.087+0000] {processor.py:208} INFO - Processing /home/airflow/.local/lib/python3.12/site-packages/airflow/example_dags/example_dynamic_task_mapping.py took 0.074 seconds
[2025-07-01T03:33:54.590+0000] {processor.py:186} INFO - Started process (PID=13607) to work on /home/airflow/.local/lib/python3.12/site-packages/airflow/example_dags/example_dynamic_task_mapping.py
[2025-07-01T03:33:54.592+0000] {processor.py:914} INFO - Processing file /home/airflow/.local/lib/python3.12/site-packages/airflow/example_dags/example_dynamic_task_mapping.py for tasks to queue
[2025-07-01T03:33:54.597+0000] {logging_mixin.py:190} INFO - [2025-07-01T03:33:54.596+0000] {dagbag.py:588} INFO - Filling up the DagBag from /home/airflow/.local/lib/python3.12/site-packages/airflow/example_dags/example_dynamic_task_mapping.py
[2025-07-01T03:33:54.615+0000] {processor.py:925} INFO - DAG(s) 'example_dynamic_task_mapping' retrieved from /home/airflow/.local/lib/python3.12/site-packages/airflow/example_dags/example_dynamic_task_mapping.py
[2025-07-01T03:33:54.648+0000] {logging_mixin.py:190} INFO - [2025-07-01T03:33:54.647+0000] {dag.py:3239} INFO - Sync 1 DAGs
[2025-07-01T03:33:54.675+0000] {logging_mixin.py:190} INFO - [2025-07-01T03:33:54.675+0000] {dag.py:4180} INFO - Setting next_dagrun for example_dynamic_task_mapping to None, run_after=None
[2025-07-01T03:33:54.704+0000] {processor.py:208} INFO - Processing /home/airflow/.local/lib/python3.12/site-packages/airflow/example_dags/example_dynamic_task_mapping.py took 0.131 seconds
[2025-07-01T03:34:25.149+0000] {processor.py:186} INFO - Started process (PID=13669) to work on /home/airflow/.local/lib/python3.12/site-packages/airflow/example_dags/example_dynamic_task_mapping.py
[2025-07-01T03:34:25.150+0000] {processor.py:914} INFO - Processing file /home/airflow/.local/lib/python3.12/site-packages/airflow/example_dags/example_dynamic_task_mapping.py for tasks to queue
[2025-07-01T03:34:25.154+0000] {logging_mixin.py:190} INFO - [2025-07-01T03:34:25.154+0000] {dagbag.py:588} INFO - Filling up the DagBag from /home/airflow/.local/lib/python3.12/site-packages/airflow/example_dags/example_dynamic_task_mapping.py
[2025-07-01T03:34:25.169+0000] {processor.py:925} INFO - DAG(s) 'example_dynamic_task_mapping' retrieved from /home/airflow/.local/lib/python3.12/site-packages/airflow/example_dags/example_dynamic_task_mapping.py
[2025-07-01T03:34:25.206+0000] {logging_mixin.py:190} INFO - [2025-07-01T03:34:25.206+0000] {dag.py:3239} INFO - Sync 1 DAGs
[2025-07-01T03:34:25.223+0000] {logging_mixin.py:190} INFO - [2025-07-01T03:34:25.222+0000] {dag.py:4180} INFO - Setting next_dagrun for example_dynamic_task_mapping to None, run_after=None
[2025-07-01T03:34:25.248+0000] {processor.py:208} INFO - Processing /home/airflow/.local/lib/python3.12/site-packages/airflow/example_dags/example_dynamic_task_mapping.py took 0.108 seconds
[2025-07-01T03:34:55.555+0000] {processor.py:186} INFO - Started process (PID=13731) to work on /home/airflow/.local/lib/python3.12/site-packages/airflow/example_dags/example_dynamic_task_mapping.py
[2025-07-01T03:34:55.556+0000] {processor.py:914} INFO - Processing file /home/airflow/.local/lib/python3.12/site-packages/airflow/example_dags/example_dynamic_task_mapping.py for tasks to queue
[2025-07-01T03:34:55.559+0000] {logging_mixin.py:190} INFO - [2025-07-01T03:34:55.558+0000] {dagbag.py:588} INFO - Filling up the DagBag from /home/airflow/.local/lib/python3.12/site-packages/airflow/example_dags/example_dynamic_task_mapping.py
[2025-07-01T03:34:55.569+0000] {processor.py:925} INFO - DAG(s) 'example_dynamic_task_mapping' retrieved from /home/airflow/.local/lib/python3.12/site-packages/airflow/example_dags/example_dynamic_task_mapping.py
[2025-07-01T03:34:55.590+0000] {logging_mixin.py:190} INFO - [2025-07-01T03:34:55.590+0000] {dag.py:3239} INFO - Sync 1 DAGs
[2025-07-01T03:34:55.605+0000] {logging_mixin.py:190} INFO - [2025-07-01T03:34:55.605+0000] {dag.py:4180} INFO - Setting next_dagrun for example_dynamic_task_mapping to None, run_after=None
[2025-07-01T03:34:55.624+0000] {processor.py:208} INFO - Processing /home/airflow/.local/lib/python3.12/site-packages/airflow/example_dags/example_dynamic_task_mapping.py took 0.075 seconds
[2025-07-01T03:35:25.835+0000] {processor.py:186} INFO - Started process (PID=13793) to work on /home/airflow/.local/lib/python3.12/site-packages/airflow/example_dags/example_dynamic_task_mapping.py
[2025-07-01T03:35:25.836+0000] {processor.py:914} INFO - Processing file /home/airflow/.local/lib/python3.12/site-packages/airflow/example_dags/example_dynamic_task_mapping.py for tasks to queue
[2025-07-01T03:35:25.840+0000] {logging_mixin.py:190} INFO - [2025-07-01T03:35:25.839+0000] {dagbag.py:588} INFO - Filling up the DagBag from /home/airflow/.local/lib/python3.12/site-packages/airflow/example_dags/example_dynamic_task_mapping.py
[2025-07-01T03:35:25.858+0000] {processor.py:925} INFO - DAG(s) 'example_dynamic_task_mapping' retrieved from /home/airflow/.local/lib/python3.12/site-packages/airflow/example_dags/example_dynamic_task_mapping.py
[2025-07-01T03:35:25.883+0000] {logging_mixin.py:190} INFO - [2025-07-01T03:35:25.882+0000] {dag.py:3239} INFO - Sync 1 DAGs
[2025-07-01T03:35:25.901+0000] {logging_mixin.py:190} INFO - [2025-07-01T03:35:25.900+0000] {dag.py:4180} INFO - Setting next_dagrun for example_dynamic_task_mapping to None, run_after=None
[2025-07-01T03:35:25.920+0000] {processor.py:208} INFO - Processing /home/airflow/.local/lib/python3.12/site-packages/airflow/example_dags/example_dynamic_task_mapping.py took 0.093 seconds
[2025-07-01T03:35:56.300+0000] {processor.py:186} INFO - Started process (PID=13855) to work on /home/airflow/.local/lib/python3.12/site-packages/airflow/example_dags/example_dynamic_task_mapping.py
[2025-07-01T03:35:56.301+0000] {processor.py:914} INFO - Processing file /home/airflow/.local/lib/python3.12/site-packages/airflow/example_dags/example_dynamic_task_mapping.py for tasks to queue
[2025-07-01T03:35:56.307+0000] {logging_mixin.py:190} INFO - [2025-07-01T03:35:56.307+0000] {dagbag.py:588} INFO - Filling up the DagBag from /home/airflow/.local/lib/python3.12/site-packages/airflow/example_dags/example_dynamic_task_mapping.py
[2025-07-01T03:35:56.320+0000] {processor.py:925} INFO - DAG(s) 'example_dynamic_task_mapping' retrieved from /home/airflow/.local/lib/python3.12/site-packages/airflow/example_dags/example_dynamic_task_mapping.py
[2025-07-01T03:35:56.341+0000] {logging_mixin.py:190} INFO - [2025-07-01T03:35:56.341+0000] {dag.py:3239} INFO - Sync 1 DAGs
[2025-07-01T03:35:56.355+0000] {logging_mixin.py:190} INFO - [2025-07-01T03:35:56.355+0000] {dag.py:4180} INFO - Setting next_dagrun for example_dynamic_task_mapping to None, run_after=None
[2025-07-01T03:35:56.375+0000] {processor.py:208} INFO - Processing /home/airflow/.local/lib/python3.12/site-packages/airflow/example_dags/example_dynamic_task_mapping.py took 0.082 seconds
[2025-07-01T03:36:27.316+0000] {processor.py:186} INFO - Started process (PID=13917) to work on /home/airflow/.local/lib/python3.12/site-packages/airflow/example_dags/example_dynamic_task_mapping.py
[2025-07-01T03:36:27.317+0000] {processor.py:914} INFO - Processing file /home/airflow/.local/lib/python3.12/site-packages/airflow/example_dags/example_dynamic_task_mapping.py for tasks to queue
[2025-07-01T03:36:27.320+0000] {logging_mixin.py:190} INFO - [2025-07-01T03:36:27.320+0000] {dagbag.py:588} INFO - Filling up the DagBag from /home/airflow/.local/lib/python3.12/site-packages/airflow/example_dags/example_dynamic_task_mapping.py
[2025-07-01T03:36:27.332+0000] {processor.py:925} INFO - DAG(s) 'example_dynamic_task_mapping' retrieved from /home/airflow/.local/lib/python3.12/site-packages/airflow/example_dags/example_dynamic_task_mapping.py
[2025-07-01T03:36:27.354+0000] {logging_mixin.py:190} INFO - [2025-07-01T03:36:27.354+0000] {dag.py:3239} INFO - Sync 1 DAGs
[2025-07-01T03:36:27.370+0000] {logging_mixin.py:190} INFO - [2025-07-01T03:36:27.369+0000] {dag.py:4180} INFO - Setting next_dagrun for example_dynamic_task_mapping to None, run_after=None
[2025-07-01T03:36:27.389+0000] {processor.py:208} INFO - Processing /home/airflow/.local/lib/python3.12/site-packages/airflow/example_dags/example_dynamic_task_mapping.py took 0.079 seconds
[2025-07-01T03:36:57.902+0000] {processor.py:186} INFO - Started process (PID=13979) to work on /home/airflow/.local/lib/python3.12/site-packages/airflow/example_dags/example_dynamic_task_mapping.py
[2025-07-01T03:36:57.903+0000] {processor.py:914} INFO - Processing file /home/airflow/.local/lib/python3.12/site-packages/airflow/example_dags/example_dynamic_task_mapping.py for tasks to queue
[2025-07-01T03:36:57.905+0000] {logging_mixin.py:190} INFO - [2025-07-01T03:36:57.905+0000] {dagbag.py:588} INFO - Filling up the DagBag from /home/airflow/.local/lib/python3.12/site-packages/airflow/example_dags/example_dynamic_task_mapping.py
[2025-07-01T03:36:57.913+0000] {processor.py:925} INFO - DAG(s) 'example_dynamic_task_mapping' retrieved from /home/airflow/.local/lib/python3.12/site-packages/airflow/example_dags/example_dynamic_task_mapping.py
[2025-07-01T03:36:57.932+0000] {logging_mixin.py:190} INFO - [2025-07-01T03:36:57.932+0000] {dag.py:3239} INFO - Sync 1 DAGs
[2025-07-01T03:36:57.951+0000] {logging_mixin.py:190} INFO - [2025-07-01T03:36:57.951+0000] {dag.py:4180} INFO - Setting next_dagrun for example_dynamic_task_mapping to None, run_after=None
[2025-07-01T03:36:57.968+0000] {processor.py:208} INFO - Processing /home/airflow/.local/lib/python3.12/site-packages/airflow/example_dags/example_dynamic_task_mapping.py took 0.072 seconds
[2025-07-01T03:37:28.223+0000] {processor.py:186} INFO - Started process (PID=14041) to work on /home/airflow/.local/lib/python3.12/site-packages/airflow/example_dags/example_dynamic_task_mapping.py
[2025-07-01T03:37:28.224+0000] {processor.py:914} INFO - Processing file /home/airflow/.local/lib/python3.12/site-packages/airflow/example_dags/example_dynamic_task_mapping.py for tasks to queue
[2025-07-01T03:37:28.227+0000] {logging_mixin.py:190} INFO - [2025-07-01T03:37:28.227+0000] {dagbag.py:588} INFO - Filling up the DagBag from /home/airflow/.local/lib/python3.12/site-packages/airflow/example_dags/example_dynamic_task_mapping.py
[2025-07-01T03:37:28.238+0000] {processor.py:925} INFO - DAG(s) 'example_dynamic_task_mapping' retrieved from /home/airflow/.local/lib/python3.12/site-packages/airflow/example_dags/example_dynamic_task_mapping.py
[2025-07-01T03:37:28.262+0000] {logging_mixin.py:190} INFO - [2025-07-01T03:37:28.262+0000] {dag.py:3239} INFO - Sync 1 DAGs
[2025-07-01T03:37:28.280+0000] {logging_mixin.py:190} INFO - [2025-07-01T03:37:28.279+0000] {dag.py:4180} INFO - Setting next_dagrun for example_dynamic_task_mapping to None, run_after=None
[2025-07-01T03:37:28.301+0000] {processor.py:208} INFO - Processing /home/airflow/.local/lib/python3.12/site-packages/airflow/example_dags/example_dynamic_task_mapping.py took 0.085 seconds
[2025-07-01T03:37:59.305+0000] {processor.py:186} INFO - Started process (PID=14103) to work on /home/airflow/.local/lib/python3.12/site-packages/airflow/example_dags/example_dynamic_task_mapping.py
[2025-07-01T03:37:59.306+0000] {processor.py:914} INFO - Processing file /home/airflow/.local/lib/python3.12/site-packages/airflow/example_dags/example_dynamic_task_mapping.py for tasks to queue
[2025-07-01T03:37:59.308+0000] {logging_mixin.py:190} INFO - [2025-07-01T03:37:59.308+0000] {dagbag.py:588} INFO - Filling up the DagBag from /home/airflow/.local/lib/python3.12/site-packages/airflow/example_dags/example_dynamic_task_mapping.py
[2025-07-01T03:37:59.317+0000] {processor.py:925} INFO - DAG(s) 'example_dynamic_task_mapping' retrieved from /home/airflow/.local/lib/python3.12/site-packages/airflow/example_dags/example_dynamic_task_mapping.py
[2025-07-01T03:37:59.337+0000] {logging_mixin.py:190} INFO - [2025-07-01T03:37:59.336+0000] {dag.py:3239} INFO - Sync 1 DAGs
[2025-07-01T03:37:59.351+0000] {logging_mixin.py:190} INFO - [2025-07-01T03:37:59.351+0000] {dag.py:4180} INFO - Setting next_dagrun for example_dynamic_task_mapping to None, run_after=None
[2025-07-01T03:37:59.368+0000] {processor.py:208} INFO - Processing /home/airflow/.local/lib/python3.12/site-packages/airflow/example_dags/example_dynamic_task_mapping.py took 0.069 seconds
[2025-07-01T03:38:30.070+0000] {processor.py:186} INFO - Started process (PID=14165) to work on /home/airflow/.local/lib/python3.12/site-packages/airflow/example_dags/example_dynamic_task_mapping.py
[2025-07-01T03:38:30.071+0000] {processor.py:914} INFO - Processing file /home/airflow/.local/lib/python3.12/site-packages/airflow/example_dags/example_dynamic_task_mapping.py for tasks to queue
[2025-07-01T03:38:30.074+0000] {logging_mixin.py:190} INFO - [2025-07-01T03:38:30.074+0000] {dagbag.py:588} INFO - Filling up the DagBag from /home/airflow/.local/lib/python3.12/site-packages/airflow/example_dags/example_dynamic_task_mapping.py
[2025-07-01T03:38:30.085+0000] {processor.py:925} INFO - DAG(s) 'example_dynamic_task_mapping' retrieved from /home/airflow/.local/lib/python3.12/site-packages/airflow/example_dags/example_dynamic_task_mapping.py
[2025-07-01T03:38:30.110+0000] {logging_mixin.py:190} INFO - [2025-07-01T03:38:30.109+0000] {dag.py:3239} INFO - Sync 1 DAGs
[2025-07-01T03:38:30.128+0000] {logging_mixin.py:190} INFO - [2025-07-01T03:38:30.128+0000] {dag.py:4180} INFO - Setting next_dagrun for example_dynamic_task_mapping to None, run_after=None
[2025-07-01T03:38:30.147+0000] {processor.py:208} INFO - Processing /home/airflow/.local/lib/python3.12/site-packages/airflow/example_dags/example_dynamic_task_mapping.py took 0.085 seconds
[2025-07-01T03:39:00.806+0000] {processor.py:186} INFO - Started process (PID=14227) to work on /home/airflow/.local/lib/python3.12/site-packages/airflow/example_dags/example_dynamic_task_mapping.py
[2025-07-01T03:39:00.808+0000] {processor.py:914} INFO - Processing file /home/airflow/.local/lib/python3.12/site-packages/airflow/example_dags/example_dynamic_task_mapping.py for tasks to queue
[2025-07-01T03:39:00.811+0000] {logging_mixin.py:190} INFO - [2025-07-01T03:39:00.810+0000] {dagbag.py:588} INFO - Filling up the DagBag from /home/airflow/.local/lib/python3.12/site-packages/airflow/example_dags/example_dynamic_task_mapping.py
[2025-07-01T03:39:00.819+0000] {processor.py:925} INFO - DAG(s) 'example_dynamic_task_mapping' retrieved from /home/airflow/.local/lib/python3.12/site-packages/airflow/example_dags/example_dynamic_task_mapping.py
[2025-07-01T03:39:00.841+0000] {logging_mixin.py:190} INFO - [2025-07-01T03:39:00.841+0000] {dag.py:3239} INFO - Sync 1 DAGs
[2025-07-01T03:39:00.856+0000] {logging_mixin.py:190} INFO - [2025-07-01T03:39:00.855+0000] {dag.py:4180} INFO - Setting next_dagrun for example_dynamic_task_mapping to None, run_after=None
[2025-07-01T03:39:00.874+0000] {processor.py:208} INFO - Processing /home/airflow/.local/lib/python3.12/site-packages/airflow/example_dags/example_dynamic_task_mapping.py took 0.074 seconds
[2025-07-01T03:39:31.672+0000] {processor.py:186} INFO - Started process (PID=14289) to work on /home/airflow/.local/lib/python3.12/site-packages/airflow/example_dags/example_dynamic_task_mapping.py
[2025-07-01T03:39:31.674+0000] {processor.py:914} INFO - Processing file /home/airflow/.local/lib/python3.12/site-packages/airflow/example_dags/example_dynamic_task_mapping.py for tasks to queue
[2025-07-01T03:39:31.678+0000] {logging_mixin.py:190} INFO - [2025-07-01T03:39:31.677+0000] {dagbag.py:588} INFO - Filling up the DagBag from /home/airflow/.local/lib/python3.12/site-packages/airflow/example_dags/example_dynamic_task_mapping.py
[2025-07-01T03:39:31.689+0000] {processor.py:925} INFO - DAG(s) 'example_dynamic_task_mapping' retrieved from /home/airflow/.local/lib/python3.12/site-packages/airflow/example_dags/example_dynamic_task_mapping.py
[2025-07-01T03:39:31.712+0000] {logging_mixin.py:190} INFO - [2025-07-01T03:39:31.711+0000] {dag.py:3239} INFO - Sync 1 DAGs
[2025-07-01T03:39:31.730+0000] {logging_mixin.py:190} INFO - [2025-07-01T03:39:31.730+0000] {dag.py:4180} INFO - Setting next_dagrun for example_dynamic_task_mapping to None, run_after=None
[2025-07-01T03:39:31.752+0000] {processor.py:208} INFO - Processing /home/airflow/.local/lib/python3.12/site-packages/airflow/example_dags/example_dynamic_task_mapping.py took 0.088 seconds
[2025-07-01T03:40:02.296+0000] {processor.py:186} INFO - Started process (PID=14351) to work on /home/airflow/.local/lib/python3.12/site-packages/airflow/example_dags/example_dynamic_task_mapping.py
[2025-07-01T03:40:02.297+0000] {processor.py:914} INFO - Processing file /home/airflow/.local/lib/python3.12/site-packages/airflow/example_dags/example_dynamic_task_mapping.py for tasks to queue
[2025-07-01T03:40:02.299+0000] {logging_mixin.py:190} INFO - [2025-07-01T03:40:02.299+0000] {dagbag.py:588} INFO - Filling up the DagBag from /home/airflow/.local/lib/python3.12/site-packages/airflow/example_dags/example_dynamic_task_mapping.py
[2025-07-01T03:40:02.309+0000] {processor.py:925} INFO - DAG(s) 'example_dynamic_task_mapping' retrieved from /home/airflow/.local/lib/python3.12/site-packages/airflow/example_dags/example_dynamic_task_mapping.py
[2025-07-01T03:40:02.328+0000] {logging_mixin.py:190} INFO - [2025-07-01T03:40:02.328+0000] {dag.py:3239} INFO - Sync 1 DAGs
[2025-07-01T03:40:02.342+0000] {logging_mixin.py:190} INFO - [2025-07-01T03:40:02.342+0000] {dag.py:4180} INFO - Setting next_dagrun for example_dynamic_task_mapping to None, run_after=None
[2025-07-01T03:40:02.359+0000] {processor.py:208} INFO - Processing /home/airflow/.local/lib/python3.12/site-packages/airflow/example_dags/example_dynamic_task_mapping.py took 0.070 seconds
[2025-07-01T03:40:33.132+0000] {processor.py:186} INFO - Started process (PID=14413) to work on /home/airflow/.local/lib/python3.12/site-packages/airflow/example_dags/example_dynamic_task_mapping.py
[2025-07-01T03:40:33.134+0000] {processor.py:914} INFO - Processing file /home/airflow/.local/lib/python3.12/site-packages/airflow/example_dags/example_dynamic_task_mapping.py for tasks to queue
[2025-07-01T03:40:33.137+0000] {logging_mixin.py:190} INFO - [2025-07-01T03:40:33.137+0000] {dagbag.py:588} INFO - Filling up the DagBag from /home/airflow/.local/lib/python3.12/site-packages/airflow/example_dags/example_dynamic_task_mapping.py
[2025-07-01T03:40:33.151+0000] {processor.py:925} INFO - DAG(s) 'example_dynamic_task_mapping' retrieved from /home/airflow/.local/lib/python3.12/site-packages/airflow/example_dags/example_dynamic_task_mapping.py
[2025-07-01T03:40:33.189+0000] {logging_mixin.py:190} INFO - [2025-07-01T03:40:33.189+0000] {dag.py:3239} INFO - Sync 1 DAGs
[2025-07-01T03:40:33.221+0000] {logging_mixin.py:190} INFO - [2025-07-01T03:40:33.221+0000] {dag.py:4180} INFO - Setting next_dagrun for example_dynamic_task_mapping to None, run_after=None
[2025-07-01T03:40:33.250+0000] {processor.py:208} INFO - Processing /home/airflow/.local/lib/python3.12/site-packages/airflow/example_dags/example_dynamic_task_mapping.py took 0.125 seconds
[2025-07-01T03:41:04.057+0000] {processor.py:186} INFO - Started process (PID=14475) to work on /home/airflow/.local/lib/python3.12/site-packages/airflow/example_dags/example_dynamic_task_mapping.py
[2025-07-01T03:41:04.058+0000] {processor.py:914} INFO - Processing file /home/airflow/.local/lib/python3.12/site-packages/airflow/example_dags/example_dynamic_task_mapping.py for tasks to queue
[2025-07-01T03:41:04.061+0000] {logging_mixin.py:190} INFO - [2025-07-01T03:41:04.060+0000] {dagbag.py:588} INFO - Filling up the DagBag from /home/airflow/.local/lib/python3.12/site-packages/airflow/example_dags/example_dynamic_task_mapping.py
[2025-07-01T03:41:04.070+0000] {processor.py:925} INFO - DAG(s) 'example_dynamic_task_mapping' retrieved from /home/airflow/.local/lib/python3.12/site-packages/airflow/example_dags/example_dynamic_task_mapping.py
[2025-07-01T03:41:04.090+0000] {logging_mixin.py:190} INFO - [2025-07-01T03:41:04.090+0000] {dag.py:3239} INFO - Sync 1 DAGs
[2025-07-01T03:41:04.106+0000] {logging_mixin.py:190} INFO - [2025-07-01T03:41:04.106+0000] {dag.py:4180} INFO - Setting next_dagrun for example_dynamic_task_mapping to None, run_after=None
[2025-07-01T03:41:04.123+0000] {processor.py:208} INFO - Processing /home/airflow/.local/lib/python3.12/site-packages/airflow/example_dags/example_dynamic_task_mapping.py took 0.072 seconds
[2025-07-01T03:41:34.241+0000] {processor.py:186} INFO - Started process (PID=14537) to work on /home/airflow/.local/lib/python3.12/site-packages/airflow/example_dags/example_dynamic_task_mapping.py
[2025-07-01T03:41:34.242+0000] {processor.py:914} INFO - Processing file /home/airflow/.local/lib/python3.12/site-packages/airflow/example_dags/example_dynamic_task_mapping.py for tasks to queue
[2025-07-01T03:41:34.245+0000] {logging_mixin.py:190} INFO - [2025-07-01T03:41:34.245+0000] {dagbag.py:588} INFO - Filling up the DagBag from /home/airflow/.local/lib/python3.12/site-packages/airflow/example_dags/example_dynamic_task_mapping.py
[2025-07-01T03:41:34.254+0000] {processor.py:925} INFO - DAG(s) 'example_dynamic_task_mapping' retrieved from /home/airflow/.local/lib/python3.12/site-packages/airflow/example_dags/example_dynamic_task_mapping.py
[2025-07-01T03:41:34.274+0000] {logging_mixin.py:190} INFO - [2025-07-01T03:41:34.274+0000] {dag.py:3239} INFO - Sync 1 DAGs
[2025-07-01T03:41:34.288+0000] {logging_mixin.py:190} INFO - [2025-07-01T03:41:34.288+0000] {dag.py:4180} INFO - Setting next_dagrun for example_dynamic_task_mapping to None, run_after=None
[2025-07-01T03:41:34.307+0000] {processor.py:208} INFO - Processing /home/airflow/.local/lib/python3.12/site-packages/airflow/example_dags/example_dynamic_task_mapping.py took 0.073 seconds
[2025-07-01T03:42:04.896+0000] {processor.py:186} INFO - Started process (PID=14599) to work on /home/airflow/.local/lib/python3.12/site-packages/airflow/example_dags/example_dynamic_task_mapping.py
[2025-07-01T03:42:04.897+0000] {processor.py:914} INFO - Processing file /home/airflow/.local/lib/python3.12/site-packages/airflow/example_dags/example_dynamic_task_mapping.py for tasks to queue
[2025-07-01T03:42:04.900+0000] {logging_mixin.py:190} INFO - [2025-07-01T03:42:04.899+0000] {dagbag.py:588} INFO - Filling up the DagBag from /home/airflow/.local/lib/python3.12/site-packages/airflow/example_dags/example_dynamic_task_mapping.py
[2025-07-01T03:42:04.910+0000] {processor.py:925} INFO - DAG(s) 'example_dynamic_task_mapping' retrieved from /home/airflow/.local/lib/python3.12/site-packages/airflow/example_dags/example_dynamic_task_mapping.py
[2025-07-01T03:42:04.934+0000] {logging_mixin.py:190} INFO - [2025-07-01T03:42:04.934+0000] {dag.py:3239} INFO - Sync 1 DAGs
[2025-07-01T03:42:04.952+0000] {logging_mixin.py:190} INFO - [2025-07-01T03:42:04.952+0000] {dag.py:4180} INFO - Setting next_dagrun for example_dynamic_task_mapping to None, run_after=None
[2025-07-01T03:42:04.974+0000] {processor.py:208} INFO - Processing /home/airflow/.local/lib/python3.12/site-packages/airflow/example_dags/example_dynamic_task_mapping.py took 0.086 seconds
[2025-07-01T03:42:35.681+0000] {processor.py:186} INFO - Started process (PID=14661) to work on /home/airflow/.local/lib/python3.12/site-packages/airflow/example_dags/example_dynamic_task_mapping.py
[2025-07-01T03:42:35.682+0000] {processor.py:914} INFO - Processing file /home/airflow/.local/lib/python3.12/site-packages/airflow/example_dags/example_dynamic_task_mapping.py for tasks to queue
[2025-07-01T03:42:35.684+0000] {logging_mixin.py:190} INFO - [2025-07-01T03:42:35.684+0000] {dagbag.py:588} INFO - Filling up the DagBag from /home/airflow/.local/lib/python3.12/site-packages/airflow/example_dags/example_dynamic_task_mapping.py
[2025-07-01T03:42:35.692+0000] {processor.py:925} INFO - DAG(s) 'example_dynamic_task_mapping' retrieved from /home/airflow/.local/lib/python3.12/site-packages/airflow/example_dags/example_dynamic_task_mapping.py
[2025-07-01T03:42:35.712+0000] {logging_mixin.py:190} INFO - [2025-07-01T03:42:35.711+0000] {dag.py:3239} INFO - Sync 1 DAGs
[2025-07-01T03:42:35.725+0000] {logging_mixin.py:190} INFO - [2025-07-01T03:42:35.725+0000] {dag.py:4180} INFO - Setting next_dagrun for example_dynamic_task_mapping to None, run_after=None
[2025-07-01T03:42:35.748+0000] {processor.py:208} INFO - Processing /home/airflow/.local/lib/python3.12/site-packages/airflow/example_dags/example_dynamic_task_mapping.py took 0.073 seconds
[2025-07-01T03:43:06.799+0000] {processor.py:186} INFO - Started process (PID=14723) to work on /home/airflow/.local/lib/python3.12/site-packages/airflow/example_dags/example_dynamic_task_mapping.py
[2025-07-01T03:43:06.801+0000] {processor.py:914} INFO - Processing file /home/airflow/.local/lib/python3.12/site-packages/airflow/example_dags/example_dynamic_task_mapping.py for tasks to queue
[2025-07-01T03:43:06.803+0000] {logging_mixin.py:190} INFO - [2025-07-01T03:43:06.803+0000] {dagbag.py:588} INFO - Filling up the DagBag from /home/airflow/.local/lib/python3.12/site-packages/airflow/example_dags/example_dynamic_task_mapping.py
[2025-07-01T03:43:06.818+0000] {processor.py:925} INFO - DAG(s) 'example_dynamic_task_mapping' retrieved from /home/airflow/.local/lib/python3.12/site-packages/airflow/example_dags/example_dynamic_task_mapping.py
[2025-07-01T03:43:06.850+0000] {logging_mixin.py:190} INFO - [2025-07-01T03:43:06.850+0000] {dag.py:3239} INFO - Sync 1 DAGs
[2025-07-01T03:43:06.873+0000] {logging_mixin.py:190} INFO - [2025-07-01T03:43:06.873+0000] {dag.py:4180} INFO - Setting next_dagrun for example_dynamic_task_mapping to None, run_after=None
[2025-07-01T03:43:06.899+0000] {processor.py:208} INFO - Processing /home/airflow/.local/lib/python3.12/site-packages/airflow/example_dags/example_dynamic_task_mapping.py took 0.106 seconds
[2025-07-01T03:43:37.953+0000] {processor.py:186} INFO - Started process (PID=14785) to work on /home/airflow/.local/lib/python3.12/site-packages/airflow/example_dags/example_dynamic_task_mapping.py
[2025-07-01T03:43:37.955+0000] {processor.py:914} INFO - Processing file /home/airflow/.local/lib/python3.12/site-packages/airflow/example_dags/example_dynamic_task_mapping.py for tasks to queue
[2025-07-01T03:43:37.958+0000] {logging_mixin.py:190} INFO - [2025-07-01T03:43:37.958+0000] {dagbag.py:588} INFO - Filling up the DagBag from /home/airflow/.local/lib/python3.12/site-packages/airflow/example_dags/example_dynamic_task_mapping.py
[2025-07-01T03:43:37.969+0000] {processor.py:925} INFO - DAG(s) 'example_dynamic_task_mapping' retrieved from /home/airflow/.local/lib/python3.12/site-packages/airflow/example_dags/example_dynamic_task_mapping.py
[2025-07-01T03:43:37.997+0000] {logging_mixin.py:190} INFO - [2025-07-01T03:43:37.997+0000] {dag.py:3239} INFO - Sync 1 DAGs
[2025-07-01T03:43:38.017+0000] {logging_mixin.py:190} INFO - [2025-07-01T03:43:38.016+0000] {dag.py:4180} INFO - Setting next_dagrun for example_dynamic_task_mapping to None, run_after=None
[2025-07-01T03:43:38.042+0000] {processor.py:208} INFO - Processing /home/airflow/.local/lib/python3.12/site-packages/airflow/example_dags/example_dynamic_task_mapping.py took 0.096 seconds
[2025-07-01T03:44:08.979+0000] {processor.py:186} INFO - Started process (PID=14847) to work on /home/airflow/.local/lib/python3.12/site-packages/airflow/example_dags/example_dynamic_task_mapping.py
[2025-07-01T03:44:08.980+0000] {processor.py:914} INFO - Processing file /home/airflow/.local/lib/python3.12/site-packages/airflow/example_dags/example_dynamic_task_mapping.py for tasks to queue
[2025-07-01T03:44:08.983+0000] {logging_mixin.py:190} INFO - [2025-07-01T03:44:08.982+0000] {dagbag.py:588} INFO - Filling up the DagBag from /home/airflow/.local/lib/python3.12/site-packages/airflow/example_dags/example_dynamic_task_mapping.py
[2025-07-01T03:44:08.991+0000] {processor.py:925} INFO - DAG(s) 'example_dynamic_task_mapping' retrieved from /home/airflow/.local/lib/python3.12/site-packages/airflow/example_dags/example_dynamic_task_mapping.py
[2025-07-01T03:44:09.011+0000] {logging_mixin.py:190} INFO - [2025-07-01T03:44:09.011+0000] {dag.py:3239} INFO - Sync 1 DAGs
[2025-07-01T03:44:09.025+0000] {logging_mixin.py:190} INFO - [2025-07-01T03:44:09.025+0000] {dag.py:4180} INFO - Setting next_dagrun for example_dynamic_task_mapping to None, run_after=None
[2025-07-01T03:44:09.043+0000] {processor.py:208} INFO - Processing /home/airflow/.local/lib/python3.12/site-packages/airflow/example_dags/example_dynamic_task_mapping.py took 0.070 seconds
[2025-07-01T03:44:39.586+0000] {processor.py:186} INFO - Started process (PID=14909) to work on /home/airflow/.local/lib/python3.12/site-packages/airflow/example_dags/example_dynamic_task_mapping.py
[2025-07-01T03:44:39.587+0000] {processor.py:914} INFO - Processing file /home/airflow/.local/lib/python3.12/site-packages/airflow/example_dags/example_dynamic_task_mapping.py for tasks to queue
[2025-07-01T03:44:39.590+0000] {logging_mixin.py:190} INFO - [2025-07-01T03:44:39.590+0000] {dagbag.py:588} INFO - Filling up the DagBag from /home/airflow/.local/lib/python3.12/site-packages/airflow/example_dags/example_dynamic_task_mapping.py
[2025-07-01T03:44:39.600+0000] {processor.py:925} INFO - DAG(s) 'example_dynamic_task_mapping' retrieved from /home/airflow/.local/lib/python3.12/site-packages/airflow/example_dags/example_dynamic_task_mapping.py
[2025-07-01T03:44:39.623+0000] {logging_mixin.py:190} INFO - [2025-07-01T03:44:39.622+0000] {dag.py:3239} INFO - Sync 1 DAGs
[2025-07-01T03:44:39.638+0000] {logging_mixin.py:190} INFO - [2025-07-01T03:44:39.637+0000] {dag.py:4180} INFO - Setting next_dagrun for example_dynamic_task_mapping to None, run_after=None
[2025-07-01T03:44:39.656+0000] {processor.py:208} INFO - Processing /home/airflow/.local/lib/python3.12/site-packages/airflow/example_dags/example_dynamic_task_mapping.py took 0.077 seconds
[2025-07-01T03:45:09.896+0000] {processor.py:186} INFO - Started process (PID=14970) to work on /home/airflow/.local/lib/python3.12/site-packages/airflow/example_dags/example_dynamic_task_mapping.py
[2025-07-01T03:45:09.897+0000] {processor.py:914} INFO - Processing file /home/airflow/.local/lib/python3.12/site-packages/airflow/example_dags/example_dynamic_task_mapping.py for tasks to queue
[2025-07-01T03:45:09.900+0000] {logging_mixin.py:190} INFO - [2025-07-01T03:45:09.899+0000] {dagbag.py:588} INFO - Filling up the DagBag from /home/airflow/.local/lib/python3.12/site-packages/airflow/example_dags/example_dynamic_task_mapping.py
[2025-07-01T03:45:09.908+0000] {processor.py:925} INFO - DAG(s) 'example_dynamic_task_mapping' retrieved from /home/airflow/.local/lib/python3.12/site-packages/airflow/example_dags/example_dynamic_task_mapping.py
[2025-07-01T03:45:09.927+0000] {logging_mixin.py:190} INFO - [2025-07-01T03:45:09.927+0000] {dag.py:3239} INFO - Sync 1 DAGs
[2025-07-01T03:45:09.940+0000] {logging_mixin.py:190} INFO - [2025-07-01T03:45:09.940+0000] {dag.py:4180} INFO - Setting next_dagrun for example_dynamic_task_mapping to None, run_after=None
[2025-07-01T03:45:09.958+0000] {processor.py:208} INFO - Processing /home/airflow/.local/lib/python3.12/site-packages/airflow/example_dags/example_dynamic_task_mapping.py took 0.068 seconds
[2025-07-01T03:45:40.787+0000] {processor.py:186} INFO - Started process (PID=15032) to work on /home/airflow/.local/lib/python3.12/site-packages/airflow/example_dags/example_dynamic_task_mapping.py
[2025-07-01T03:45:40.788+0000] {processor.py:914} INFO - Processing file /home/airflow/.local/lib/python3.12/site-packages/airflow/example_dags/example_dynamic_task_mapping.py for tasks to queue
[2025-07-01T03:45:40.790+0000] {logging_mixin.py:190} INFO - [2025-07-01T03:45:40.790+0000] {dagbag.py:588} INFO - Filling up the DagBag from /home/airflow/.local/lib/python3.12/site-packages/airflow/example_dags/example_dynamic_task_mapping.py
[2025-07-01T03:45:40.798+0000] {processor.py:925} INFO - DAG(s) 'example_dynamic_task_mapping' retrieved from /home/airflow/.local/lib/python3.12/site-packages/airflow/example_dags/example_dynamic_task_mapping.py
[2025-07-01T03:45:40.817+0000] {logging_mixin.py:190} INFO - [2025-07-01T03:45:40.816+0000] {dag.py:3239} INFO - Sync 1 DAGs
[2025-07-01T03:45:40.831+0000] {logging_mixin.py:190} INFO - [2025-07-01T03:45:40.830+0000] {dag.py:4180} INFO - Setting next_dagrun for example_dynamic_task_mapping to None, run_after=None
[2025-07-01T03:45:40.847+0000] {processor.py:208} INFO - Processing /home/airflow/.local/lib/python3.12/site-packages/airflow/example_dags/example_dynamic_task_mapping.py took 0.066 seconds
[2025-07-01T03:46:11.782+0000] {processor.py:186} INFO - Started process (PID=15094) to work on /home/airflow/.local/lib/python3.12/site-packages/airflow/example_dags/example_dynamic_task_mapping.py
[2025-07-01T03:46:11.783+0000] {processor.py:914} INFO - Processing file /home/airflow/.local/lib/python3.12/site-packages/airflow/example_dags/example_dynamic_task_mapping.py for tasks to queue
[2025-07-01T03:46:11.786+0000] {logging_mixin.py:190} INFO - [2025-07-01T03:46:11.785+0000] {dagbag.py:588} INFO - Filling up the DagBag from /home/airflow/.local/lib/python3.12/site-packages/airflow/example_dags/example_dynamic_task_mapping.py
[2025-07-01T03:46:11.794+0000] {processor.py:925} INFO - DAG(s) 'example_dynamic_task_mapping' retrieved from /home/airflow/.local/lib/python3.12/site-packages/airflow/example_dags/example_dynamic_task_mapping.py
[2025-07-01T03:46:11.813+0000] {logging_mixin.py:190} INFO - [2025-07-01T03:46:11.813+0000] {dag.py:3239} INFO - Sync 1 DAGs
[2025-07-01T03:46:11.828+0000] {logging_mixin.py:190} INFO - [2025-07-01T03:46:11.827+0000] {dag.py:4180} INFO - Setting next_dagrun for example_dynamic_task_mapping to None, run_after=None
[2025-07-01T03:46:11.847+0000] {processor.py:208} INFO - Processing /home/airflow/.local/lib/python3.12/site-packages/airflow/example_dags/example_dynamic_task_mapping.py took 0.071 seconds
[2025-07-01T03:46:42.301+0000] {processor.py:186} INFO - Started process (PID=15156) to work on /home/airflow/.local/lib/python3.12/site-packages/airflow/example_dags/example_dynamic_task_mapping.py
[2025-07-01T03:46:42.302+0000] {processor.py:914} INFO - Processing file /home/airflow/.local/lib/python3.12/site-packages/airflow/example_dags/example_dynamic_task_mapping.py for tasks to queue
[2025-07-01T03:46:42.304+0000] {logging_mixin.py:190} INFO - [2025-07-01T03:46:42.304+0000] {dagbag.py:588} INFO - Filling up the DagBag from /home/airflow/.local/lib/python3.12/site-packages/airflow/example_dags/example_dynamic_task_mapping.py
[2025-07-01T03:46:42.313+0000] {processor.py:925} INFO - DAG(s) 'example_dynamic_task_mapping' retrieved from /home/airflow/.local/lib/python3.12/site-packages/airflow/example_dags/example_dynamic_task_mapping.py
[2025-07-01T03:46:42.331+0000] {logging_mixin.py:190} INFO - [2025-07-01T03:46:42.331+0000] {dag.py:3239} INFO - Sync 1 DAGs
[2025-07-01T03:46:42.345+0000] {logging_mixin.py:190} INFO - [2025-07-01T03:46:42.345+0000] {dag.py:4180} INFO - Setting next_dagrun for example_dynamic_task_mapping to None, run_after=None
[2025-07-01T03:46:42.362+0000] {processor.py:208} INFO - Processing /home/airflow/.local/lib/python3.12/site-packages/airflow/example_dags/example_dynamic_task_mapping.py took 0.067 seconds
[2025-07-01T03:47:13.437+0000] {processor.py:186} INFO - Started process (PID=15218) to work on /home/airflow/.local/lib/python3.12/site-packages/airflow/example_dags/example_dynamic_task_mapping.py
[2025-07-01T03:47:13.438+0000] {processor.py:914} INFO - Processing file /home/airflow/.local/lib/python3.12/site-packages/airflow/example_dags/example_dynamic_task_mapping.py for tasks to queue
[2025-07-01T03:47:13.441+0000] {logging_mixin.py:190} INFO - [2025-07-01T03:47:13.440+0000] {dagbag.py:588} INFO - Filling up the DagBag from /home/airflow/.local/lib/python3.12/site-packages/airflow/example_dags/example_dynamic_task_mapping.py
[2025-07-01T03:47:13.450+0000] {processor.py:925} INFO - DAG(s) 'example_dynamic_task_mapping' retrieved from /home/airflow/.local/lib/python3.12/site-packages/airflow/example_dags/example_dynamic_task_mapping.py
[2025-07-01T03:47:13.478+0000] {logging_mixin.py:190} INFO - [2025-07-01T03:47:13.478+0000] {dag.py:3239} INFO - Sync 1 DAGs
[2025-07-01T03:47:13.501+0000] {logging_mixin.py:190} INFO - [2025-07-01T03:47:13.501+0000] {dag.py:4180} INFO - Setting next_dagrun for example_dynamic_task_mapping to None, run_after=None
[2025-07-01T03:47:13.529+0000] {processor.py:208} INFO - Processing /home/airflow/.local/lib/python3.12/site-packages/airflow/example_dags/example_dynamic_task_mapping.py took 0.100 seconds
[2025-07-01T03:47:45.322+0000] {processor.py:186} INFO - Started process (PID=15281) to work on /home/airflow/.local/lib/python3.12/site-packages/airflow/example_dags/example_dynamic_task_mapping.py
[2025-07-01T03:47:45.323+0000] {processor.py:914} INFO - Processing file /home/airflow/.local/lib/python3.12/site-packages/airflow/example_dags/example_dynamic_task_mapping.py for tasks to queue
[2025-07-01T03:47:45.325+0000] {logging_mixin.py:190} INFO - [2025-07-01T03:47:45.325+0000] {dagbag.py:588} INFO - Filling up the DagBag from /home/airflow/.local/lib/python3.12/site-packages/airflow/example_dags/example_dynamic_task_mapping.py
[2025-07-01T03:47:45.334+0000] {processor.py:925} INFO - DAG(s) 'example_dynamic_task_mapping' retrieved from /home/airflow/.local/lib/python3.12/site-packages/airflow/example_dags/example_dynamic_task_mapping.py
[2025-07-01T03:47:45.353+0000] {logging_mixin.py:190} INFO - [2025-07-01T03:47:45.353+0000] {dag.py:3239} INFO - Sync 1 DAGs
[2025-07-01T03:47:45.368+0000] {logging_mixin.py:190} INFO - [2025-07-01T03:47:45.368+0000] {dag.py:4180} INFO - Setting next_dagrun for example_dynamic_task_mapping to None, run_after=None
[2025-07-01T03:47:45.387+0000] {processor.py:208} INFO - Processing /home/airflow/.local/lib/python3.12/site-packages/airflow/example_dags/example_dynamic_task_mapping.py took 0.072 seconds
[2025-07-01T03:48:15.600+0000] {processor.py:186} INFO - Started process (PID=15343) to work on /home/airflow/.local/lib/python3.12/site-packages/airflow/example_dags/example_dynamic_task_mapping.py
[2025-07-01T03:48:15.601+0000] {processor.py:914} INFO - Processing file /home/airflow/.local/lib/python3.12/site-packages/airflow/example_dags/example_dynamic_task_mapping.py for tasks to queue
[2025-07-01T03:48:15.604+0000] {logging_mixin.py:190} INFO - [2025-07-01T03:48:15.603+0000] {dagbag.py:588} INFO - Filling up the DagBag from /home/airflow/.local/lib/python3.12/site-packages/airflow/example_dags/example_dynamic_task_mapping.py
[2025-07-01T03:48:15.614+0000] {processor.py:925} INFO - DAG(s) 'example_dynamic_task_mapping' retrieved from /home/airflow/.local/lib/python3.12/site-packages/airflow/example_dags/example_dynamic_task_mapping.py
[2025-07-01T03:48:15.647+0000] {logging_mixin.py:190} INFO - [2025-07-01T03:48:15.646+0000] {dag.py:3239} INFO - Sync 1 DAGs
[2025-07-01T03:48:15.665+0000] {logging_mixin.py:190} INFO - [2025-07-01T03:48:15.665+0000] {dag.py:4180} INFO - Setting next_dagrun for example_dynamic_task_mapping to None, run_after=None
[2025-07-01T03:48:15.690+0000] {processor.py:208} INFO - Processing /home/airflow/.local/lib/python3.12/site-packages/airflow/example_dags/example_dynamic_task_mapping.py took 0.095 seconds
[2025-07-01T03:48:47.175+0000] {processor.py:186} INFO - Started process (PID=15405) to work on /home/airflow/.local/lib/python3.12/site-packages/airflow/example_dags/example_dynamic_task_mapping.py
[2025-07-01T03:48:47.176+0000] {processor.py:914} INFO - Processing file /home/airflow/.local/lib/python3.12/site-packages/airflow/example_dags/example_dynamic_task_mapping.py for tasks to queue
[2025-07-01T03:48:47.179+0000] {logging_mixin.py:190} INFO - [2025-07-01T03:48:47.178+0000] {dagbag.py:588} INFO - Filling up the DagBag from /home/airflow/.local/lib/python3.12/site-packages/airflow/example_dags/example_dynamic_task_mapping.py
[2025-07-01T03:48:47.188+0000] {processor.py:925} INFO - DAG(s) 'example_dynamic_task_mapping' retrieved from /home/airflow/.local/lib/python3.12/site-packages/airflow/example_dags/example_dynamic_task_mapping.py
[2025-07-01T03:48:47.209+0000] {logging_mixin.py:190} INFO - [2025-07-01T03:48:47.209+0000] {dag.py:3239} INFO - Sync 1 DAGs
[2025-07-01T03:48:47.224+0000] {logging_mixin.py:190} INFO - [2025-07-01T03:48:47.223+0000] {dag.py:4180} INFO - Setting next_dagrun for example_dynamic_task_mapping to None, run_after=None
[2025-07-01T03:48:47.241+0000] {processor.py:208} INFO - Processing /home/airflow/.local/lib/python3.12/site-packages/airflow/example_dags/example_dynamic_task_mapping.py took 0.073 seconds
[2025-07-01T03:49:17.787+0000] {processor.py:186} INFO - Started process (PID=15467) to work on /home/airflow/.local/lib/python3.12/site-packages/airflow/example_dags/example_dynamic_task_mapping.py
[2025-07-01T03:49:17.788+0000] {processor.py:914} INFO - Processing file /home/airflow/.local/lib/python3.12/site-packages/airflow/example_dags/example_dynamic_task_mapping.py for tasks to queue
[2025-07-01T03:49:17.791+0000] {logging_mixin.py:190} INFO - [2025-07-01T03:49:17.790+0000] {dagbag.py:588} INFO - Filling up the DagBag from /home/airflow/.local/lib/python3.12/site-packages/airflow/example_dags/example_dynamic_task_mapping.py
[2025-07-01T03:49:17.800+0000] {processor.py:925} INFO - DAG(s) 'example_dynamic_task_mapping' retrieved from /home/airflow/.local/lib/python3.12/site-packages/airflow/example_dags/example_dynamic_task_mapping.py
[2025-07-01T03:49:17.818+0000] {logging_mixin.py:190} INFO - [2025-07-01T03:49:17.818+0000] {dag.py:3239} INFO - Sync 1 DAGs
[2025-07-01T03:49:17.832+0000] {logging_mixin.py:190} INFO - [2025-07-01T03:49:17.831+0000] {dag.py:4180} INFO - Setting next_dagrun for example_dynamic_task_mapping to None, run_after=None
[2025-07-01T03:49:17.847+0000] {processor.py:208} INFO - Processing /home/airflow/.local/lib/python3.12/site-packages/airflow/example_dags/example_dynamic_task_mapping.py took 0.067 seconds
[2025-07-01T03:49:48.466+0000] {processor.py:186} INFO - Started process (PID=15535) to work on /home/airflow/.local/lib/python3.12/site-packages/airflow/example_dags/example_dynamic_task_mapping.py
[2025-07-01T03:49:48.468+0000] {processor.py:914} INFO - Processing file /home/airflow/.local/lib/python3.12/site-packages/airflow/example_dags/example_dynamic_task_mapping.py for tasks to queue
[2025-07-01T03:49:48.471+0000] {logging_mixin.py:190} INFO - [2025-07-01T03:49:48.470+0000] {dagbag.py:588} INFO - Filling up the DagBag from /home/airflow/.local/lib/python3.12/site-packages/airflow/example_dags/example_dynamic_task_mapping.py
[2025-07-01T03:49:48.481+0000] {processor.py:925} INFO - DAG(s) 'example_dynamic_task_mapping' retrieved from /home/airflow/.local/lib/python3.12/site-packages/airflow/example_dags/example_dynamic_task_mapping.py
[2025-07-01T03:49:48.504+0000] {logging_mixin.py:190} INFO - [2025-07-01T03:49:48.503+0000] {dag.py:3239} INFO - Sync 1 DAGs
[2025-07-01T03:49:48.521+0000] {logging_mixin.py:190} INFO - [2025-07-01T03:49:48.521+0000] {dag.py:4180} INFO - Setting next_dagrun for example_dynamic_task_mapping to None, run_after=None
[2025-07-01T03:49:48.544+0000] {processor.py:208} INFO - Processing /home/airflow/.local/lib/python3.12/site-packages/airflow/example_dags/example_dynamic_task_mapping.py took 0.086 seconds
[2025-07-01T03:50:18.913+0000] {processor.py:186} INFO - Started process (PID=15597) to work on /home/airflow/.local/lib/python3.12/site-packages/airflow/example_dags/example_dynamic_task_mapping.py
[2025-07-01T03:50:18.914+0000] {processor.py:914} INFO - Processing file /home/airflow/.local/lib/python3.12/site-packages/airflow/example_dags/example_dynamic_task_mapping.py for tasks to queue
[2025-07-01T03:50:18.917+0000] {logging_mixin.py:190} INFO - [2025-07-01T03:50:18.916+0000] {dagbag.py:588} INFO - Filling up the DagBag from /home/airflow/.local/lib/python3.12/site-packages/airflow/example_dags/example_dynamic_task_mapping.py
[2025-07-01T03:50:18.926+0000] {processor.py:925} INFO - DAG(s) 'example_dynamic_task_mapping' retrieved from /home/airflow/.local/lib/python3.12/site-packages/airflow/example_dags/example_dynamic_task_mapping.py
[2025-07-01T03:50:18.944+0000] {logging_mixin.py:190} INFO - [2025-07-01T03:50:18.944+0000] {dag.py:3239} INFO - Sync 1 DAGs
[2025-07-01T03:50:18.958+0000] {logging_mixin.py:190} INFO - [2025-07-01T03:50:18.957+0000] {dag.py:4180} INFO - Setting next_dagrun for example_dynamic_task_mapping to None, run_after=None
[2025-07-01T03:50:18.975+0000] {processor.py:208} INFO - Processing /home/airflow/.local/lib/python3.12/site-packages/airflow/example_dags/example_dynamic_task_mapping.py took 0.067 seconds
[2025-07-01T03:50:49.339+0000] {processor.py:186} INFO - Started process (PID=15659) to work on /home/airflow/.local/lib/python3.12/site-packages/airflow/example_dags/example_dynamic_task_mapping.py
[2025-07-01T03:50:49.340+0000] {processor.py:914} INFO - Processing file /home/airflow/.local/lib/python3.12/site-packages/airflow/example_dags/example_dynamic_task_mapping.py for tasks to queue
[2025-07-01T03:50:49.343+0000] {logging_mixin.py:190} INFO - [2025-07-01T03:50:49.343+0000] {dagbag.py:588} INFO - Filling up the DagBag from /home/airflow/.local/lib/python3.12/site-packages/airflow/example_dags/example_dynamic_task_mapping.py
[2025-07-01T03:50:49.351+0000] {processor.py:925} INFO - DAG(s) 'example_dynamic_task_mapping' retrieved from /home/airflow/.local/lib/python3.12/site-packages/airflow/example_dags/example_dynamic_task_mapping.py
[2025-07-01T03:50:49.371+0000] {logging_mixin.py:190} INFO - [2025-07-01T03:50:49.370+0000] {dag.py:3239} INFO - Sync 1 DAGs
[2025-07-01T03:50:49.384+0000] {logging_mixin.py:190} INFO - [2025-07-01T03:50:49.383+0000] {dag.py:4180} INFO - Setting next_dagrun for example_dynamic_task_mapping to None, run_after=None
[2025-07-01T03:50:49.400+0000] {processor.py:208} INFO - Processing /home/airflow/.local/lib/python3.12/site-packages/airflow/example_dags/example_dynamic_task_mapping.py took 0.066 seconds
[2025-07-01T03:51:20.185+0000] {processor.py:186} INFO - Started process (PID=15721) to work on /home/airflow/.local/lib/python3.12/site-packages/airflow/example_dags/example_dynamic_task_mapping.py
[2025-07-01T03:51:20.186+0000] {processor.py:914} INFO - Processing file /home/airflow/.local/lib/python3.12/site-packages/airflow/example_dags/example_dynamic_task_mapping.py for tasks to queue
[2025-07-01T03:51:20.189+0000] {logging_mixin.py:190} INFO - [2025-07-01T03:51:20.189+0000] {dagbag.py:588} INFO - Filling up the DagBag from /home/airflow/.local/lib/python3.12/site-packages/airflow/example_dags/example_dynamic_task_mapping.py
[2025-07-01T03:51:20.200+0000] {processor.py:925} INFO - DAG(s) 'example_dynamic_task_mapping' retrieved from /home/airflow/.local/lib/python3.12/site-packages/airflow/example_dags/example_dynamic_task_mapping.py
[2025-07-01T03:51:20.223+0000] {logging_mixin.py:190} INFO - [2025-07-01T03:51:20.222+0000] {dag.py:3239} INFO - Sync 1 DAGs
[2025-07-01T03:51:20.239+0000] {logging_mixin.py:190} INFO - [2025-07-01T03:51:20.238+0000] {dag.py:4180} INFO - Setting next_dagrun for example_dynamic_task_mapping to None, run_after=None
[2025-07-01T03:51:20.258+0000] {processor.py:208} INFO - Processing /home/airflow/.local/lib/python3.12/site-packages/airflow/example_dags/example_dynamic_task_mapping.py took 0.080 seconds
[2025-07-01T03:51:50.927+0000] {processor.py:186} INFO - Started process (PID=15783) to work on /home/airflow/.local/lib/python3.12/site-packages/airflow/example_dags/example_dynamic_task_mapping.py
[2025-07-01T03:51:50.928+0000] {processor.py:914} INFO - Processing file /home/airflow/.local/lib/python3.12/site-packages/airflow/example_dags/example_dynamic_task_mapping.py for tasks to queue
[2025-07-01T03:51:50.931+0000] {logging_mixin.py:190} INFO - [2025-07-01T03:51:50.931+0000] {dagbag.py:588} INFO - Filling up the DagBag from /home/airflow/.local/lib/python3.12/site-packages/airflow/example_dags/example_dynamic_task_mapping.py
[2025-07-01T03:51:50.941+0000] {processor.py:925} INFO - DAG(s) 'example_dynamic_task_mapping' retrieved from /home/airflow/.local/lib/python3.12/site-packages/airflow/example_dags/example_dynamic_task_mapping.py
[2025-07-01T03:51:50.962+0000] {logging_mixin.py:190} INFO - [2025-07-01T03:51:50.961+0000] {dag.py:3239} INFO - Sync 1 DAGs
[2025-07-01T03:51:50.978+0000] {logging_mixin.py:190} INFO - [2025-07-01T03:51:50.978+0000] {dag.py:4180} INFO - Setting next_dagrun for example_dynamic_task_mapping to None, run_after=None
[2025-07-01T03:51:51.000+0000] {processor.py:208} INFO - Processing /home/airflow/.local/lib/python3.12/site-packages/airflow/example_dags/example_dynamic_task_mapping.py took 0.080 seconds
[2025-07-01T03:52:22.163+0000] {processor.py:186} INFO - Started process (PID=15845) to work on /home/airflow/.local/lib/python3.12/site-packages/airflow/example_dags/example_dynamic_task_mapping.py
[2025-07-01T03:52:22.164+0000] {processor.py:914} INFO - Processing file /home/airflow/.local/lib/python3.12/site-packages/airflow/example_dags/example_dynamic_task_mapping.py for tasks to queue
[2025-07-01T03:52:22.167+0000] {logging_mixin.py:190} INFO - [2025-07-01T03:52:22.166+0000] {dagbag.py:588} INFO - Filling up the DagBag from /home/airflow/.local/lib/python3.12/site-packages/airflow/example_dags/example_dynamic_task_mapping.py
[2025-07-01T03:52:22.175+0000] {processor.py:925} INFO - DAG(s) 'example_dynamic_task_mapping' retrieved from /home/airflow/.local/lib/python3.12/site-packages/airflow/example_dags/example_dynamic_task_mapping.py
[2025-07-01T03:52:22.198+0000] {logging_mixin.py:190} INFO - [2025-07-01T03:52:22.198+0000] {dag.py:3239} INFO - Sync 1 DAGs
[2025-07-01T03:52:22.214+0000] {logging_mixin.py:190} INFO - [2025-07-01T03:52:22.214+0000] {dag.py:4180} INFO - Setting next_dagrun for example_dynamic_task_mapping to None, run_after=None
[2025-07-01T03:52:22.235+0000] {processor.py:208} INFO - Processing /home/airflow/.local/lib/python3.12/site-packages/airflow/example_dags/example_dynamic_task_mapping.py took 0.078 seconds
[2025-07-01T03:52:52.828+0000] {processor.py:186} INFO - Started process (PID=15907) to work on /home/airflow/.local/lib/python3.12/site-packages/airflow/example_dags/example_dynamic_task_mapping.py
[2025-07-01T03:52:52.829+0000] {processor.py:914} INFO - Processing file /home/airflow/.local/lib/python3.12/site-packages/airflow/example_dags/example_dynamic_task_mapping.py for tasks to queue
[2025-07-01T03:52:52.833+0000] {logging_mixin.py:190} INFO - [2025-07-01T03:52:52.833+0000] {dagbag.py:588} INFO - Filling up the DagBag from /home/airflow/.local/lib/python3.12/site-packages/airflow/example_dags/example_dynamic_task_mapping.py
[2025-07-01T03:52:52.844+0000] {processor.py:925} INFO - DAG(s) 'example_dynamic_task_mapping' retrieved from /home/airflow/.local/lib/python3.12/site-packages/airflow/example_dags/example_dynamic_task_mapping.py
[2025-07-01T03:52:52.868+0000] {logging_mixin.py:190} INFO - [2025-07-01T03:52:52.868+0000] {dag.py:3239} INFO - Sync 1 DAGs
[2025-07-01T03:52:52.887+0000] {logging_mixin.py:190} INFO - [2025-07-01T03:52:52.886+0000] {dag.py:4180} INFO - Setting next_dagrun for example_dynamic_task_mapping to None, run_after=None
[2025-07-01T03:52:52.912+0000] {processor.py:208} INFO - Processing /home/airflow/.local/lib/python3.12/site-packages/airflow/example_dags/example_dynamic_task_mapping.py took 0.093 seconds
[2025-07-01T03:53:23.350+0000] {processor.py:186} INFO - Started process (PID=15969) to work on /home/airflow/.local/lib/python3.12/site-packages/airflow/example_dags/example_dynamic_task_mapping.py
[2025-07-01T03:53:23.351+0000] {processor.py:914} INFO - Processing file /home/airflow/.local/lib/python3.12/site-packages/airflow/example_dags/example_dynamic_task_mapping.py for tasks to queue
[2025-07-01T03:53:23.360+0000] {logging_mixin.py:190} INFO - [2025-07-01T03:53:23.360+0000] {dagbag.py:588} INFO - Filling up the DagBag from /home/airflow/.local/lib/python3.12/site-packages/airflow/example_dags/example_dynamic_task_mapping.py
[2025-07-01T03:53:23.371+0000] {processor.py:925} INFO - DAG(s) 'example_dynamic_task_mapping' retrieved from /home/airflow/.local/lib/python3.12/site-packages/airflow/example_dags/example_dynamic_task_mapping.py
[2025-07-01T03:53:23.394+0000] {logging_mixin.py:190} INFO - [2025-07-01T03:53:23.394+0000] {dag.py:3239} INFO - Sync 1 DAGs
[2025-07-01T03:53:23.410+0000] {logging_mixin.py:190} INFO - [2025-07-01T03:53:23.410+0000] {dag.py:4180} INFO - Setting next_dagrun for example_dynamic_task_mapping to None, run_after=None
[2025-07-01T03:53:23.431+0000] {processor.py:208} INFO - Processing /home/airflow/.local/lib/python3.12/site-packages/airflow/example_dags/example_dynamic_task_mapping.py took 0.090 seconds
[2025-07-01T03:53:56.462+0000] {processor.py:186} INFO - Started process (PID=16031) to work on /home/airflow/.local/lib/python3.12/site-packages/airflow/example_dags/example_dynamic_task_mapping.py
[2025-07-01T03:53:56.463+0000] {processor.py:914} INFO - Processing file /home/airflow/.local/lib/python3.12/site-packages/airflow/example_dags/example_dynamic_task_mapping.py for tasks to queue
[2025-07-01T03:53:56.467+0000] {logging_mixin.py:190} INFO - [2025-07-01T03:53:56.466+0000] {dagbag.py:588} INFO - Filling up the DagBag from /home/airflow/.local/lib/python3.12/site-packages/airflow/example_dags/example_dynamic_task_mapping.py
[2025-07-01T03:53:56.477+0000] {processor.py:925} INFO - DAG(s) 'example_dynamic_task_mapping' retrieved from /home/airflow/.local/lib/python3.12/site-packages/airflow/example_dags/example_dynamic_task_mapping.py
[2025-07-01T03:53:56.661+0000] {logging_mixin.py:190} INFO - [2025-07-01T03:53:56.660+0000] {dag.py:3239} INFO - Sync 1 DAGs
[2025-07-01T03:53:56.674+0000] {logging_mixin.py:190} INFO - [2025-07-01T03:53:56.674+0000] {dag.py:4180} INFO - Setting next_dagrun for example_dynamic_task_mapping to None, run_after=None
[2025-07-01T03:53:56.692+0000] {processor.py:208} INFO - Processing /home/airflow/.local/lib/python3.12/site-packages/airflow/example_dags/example_dynamic_task_mapping.py took 0.237 seconds
[2025-07-01T03:54:27.293+0000] {processor.py:186} INFO - Started process (PID=16093) to work on /home/airflow/.local/lib/python3.12/site-packages/airflow/example_dags/example_dynamic_task_mapping.py
[2025-07-01T03:54:27.294+0000] {processor.py:914} INFO - Processing file /home/airflow/.local/lib/python3.12/site-packages/airflow/example_dags/example_dynamic_task_mapping.py for tasks to queue
[2025-07-01T03:54:27.297+0000] {logging_mixin.py:190} INFO - [2025-07-01T03:54:27.296+0000] {dagbag.py:588} INFO - Filling up the DagBag from /home/airflow/.local/lib/python3.12/site-packages/airflow/example_dags/example_dynamic_task_mapping.py
[2025-07-01T03:54:27.305+0000] {processor.py:925} INFO - DAG(s) 'example_dynamic_task_mapping' retrieved from /home/airflow/.local/lib/python3.12/site-packages/airflow/example_dags/example_dynamic_task_mapping.py
[2025-07-01T03:54:27.325+0000] {logging_mixin.py:190} INFO - [2025-07-01T03:54:27.325+0000] {dag.py:3239} INFO - Sync 1 DAGs
[2025-07-01T03:54:27.494+0000] {logging_mixin.py:190} INFO - [2025-07-01T03:54:27.494+0000] {dag.py:4180} INFO - Setting next_dagrun for example_dynamic_task_mapping to None, run_after=None
[2025-07-01T03:54:27.511+0000] {processor.py:208} INFO - Processing /home/airflow/.local/lib/python3.12/site-packages/airflow/example_dags/example_dynamic_task_mapping.py took 0.224 seconds
[2025-07-01T03:54:58.509+0000] {processor.py:186} INFO - Started process (PID=16158) to work on /home/airflow/.local/lib/python3.12/site-packages/airflow/example_dags/example_dynamic_task_mapping.py
[2025-07-01T03:54:58.510+0000] {processor.py:914} INFO - Processing file /home/airflow/.local/lib/python3.12/site-packages/airflow/example_dags/example_dynamic_task_mapping.py for tasks to queue
[2025-07-01T03:54:58.512+0000] {logging_mixin.py:190} INFO - [2025-07-01T03:54:58.512+0000] {dagbag.py:588} INFO - Filling up the DagBag from /home/airflow/.local/lib/python3.12/site-packages/airflow/example_dags/example_dynamic_task_mapping.py
[2025-07-01T03:54:58.521+0000] {processor.py:925} INFO - DAG(s) 'example_dynamic_task_mapping' retrieved from /home/airflow/.local/lib/python3.12/site-packages/airflow/example_dags/example_dynamic_task_mapping.py
[2025-07-01T03:54:58.539+0000] {logging_mixin.py:190} INFO - [2025-07-01T03:54:58.539+0000] {dag.py:3239} INFO - Sync 1 DAGs
[2025-07-01T03:54:58.553+0000] {logging_mixin.py:190} INFO - [2025-07-01T03:54:58.553+0000] {dag.py:4180} INFO - Setting next_dagrun for example_dynamic_task_mapping to None, run_after=None
[2025-07-01T03:54:58.571+0000] {processor.py:208} INFO - Processing /home/airflow/.local/lib/python3.12/site-packages/airflow/example_dags/example_dynamic_task_mapping.py took 0.067 seconds
[2025-07-01T03:55:28.941+0000] {processor.py:186} INFO - Started process (PID=16221) to work on /home/airflow/.local/lib/python3.12/site-packages/airflow/example_dags/example_dynamic_task_mapping.py
[2025-07-01T03:55:28.943+0000] {processor.py:914} INFO - Processing file /home/airflow/.local/lib/python3.12/site-packages/airflow/example_dags/example_dynamic_task_mapping.py for tasks to queue
[2025-07-01T03:55:28.946+0000] {logging_mixin.py:190} INFO - [2025-07-01T03:55:28.945+0000] {dagbag.py:588} INFO - Filling up the DagBag from /home/airflow/.local/lib/python3.12/site-packages/airflow/example_dags/example_dynamic_task_mapping.py
[2025-07-01T03:55:28.954+0000] {processor.py:925} INFO - DAG(s) 'example_dynamic_task_mapping' retrieved from /home/airflow/.local/lib/python3.12/site-packages/airflow/example_dags/example_dynamic_task_mapping.py
[2025-07-01T03:55:28.975+0000] {logging_mixin.py:190} INFO - [2025-07-01T03:55:28.974+0000] {dag.py:3239} INFO - Sync 1 DAGs
[2025-07-01T03:55:28.990+0000] {logging_mixin.py:190} INFO - [2025-07-01T03:55:28.989+0000] {dag.py:4180} INFO - Setting next_dagrun for example_dynamic_task_mapping to None, run_after=None
[2025-07-01T03:55:29.008+0000] {processor.py:208} INFO - Processing /home/airflow/.local/lib/python3.12/site-packages/airflow/example_dags/example_dynamic_task_mapping.py took 0.073 seconds
[2025-07-01T03:55:59.312+0000] {processor.py:186} INFO - Started process (PID=16282) to work on /home/airflow/.local/lib/python3.12/site-packages/airflow/example_dags/example_dynamic_task_mapping.py
[2025-07-01T03:55:59.314+0000] {processor.py:914} INFO - Processing file /home/airflow/.local/lib/python3.12/site-packages/airflow/example_dags/example_dynamic_task_mapping.py for tasks to queue
[2025-07-01T03:55:59.317+0000] {logging_mixin.py:190} INFO - [2025-07-01T03:55:59.316+0000] {dagbag.py:588} INFO - Filling up the DagBag from /home/airflow/.local/lib/python3.12/site-packages/airflow/example_dags/example_dynamic_task_mapping.py
[2025-07-01T03:55:59.326+0000] {processor.py:925} INFO - DAG(s) 'example_dynamic_task_mapping' retrieved from /home/airflow/.local/lib/python3.12/site-packages/airflow/example_dags/example_dynamic_task_mapping.py
[2025-07-01T03:55:59.348+0000] {logging_mixin.py:190} INFO - [2025-07-01T03:55:59.348+0000] {dag.py:3239} INFO - Sync 1 DAGs
[2025-07-01T03:55:59.366+0000] {logging_mixin.py:190} INFO - [2025-07-01T03:55:59.365+0000] {dag.py:4180} INFO - Setting next_dagrun for example_dynamic_task_mapping to None, run_after=None
[2025-07-01T03:55:59.385+0000] {processor.py:208} INFO - Processing /home/airflow/.local/lib/python3.12/site-packages/airflow/example_dags/example_dynamic_task_mapping.py took 0.081 seconds
[2025-07-01T03:56:29.606+0000] {processor.py:186} INFO - Started process (PID=16345) to work on /home/airflow/.local/lib/python3.12/site-packages/airflow/example_dags/example_dynamic_task_mapping.py
[2025-07-01T03:56:29.607+0000] {processor.py:914} INFO - Processing file /home/airflow/.local/lib/python3.12/site-packages/airflow/example_dags/example_dynamic_task_mapping.py for tasks to queue
[2025-07-01T03:56:29.609+0000] {logging_mixin.py:190} INFO - [2025-07-01T03:56:29.609+0000] {dagbag.py:588} INFO - Filling up the DagBag from /home/airflow/.local/lib/python3.12/site-packages/airflow/example_dags/example_dynamic_task_mapping.py
[2025-07-01T03:56:29.618+0000] {processor.py:925} INFO - DAG(s) 'example_dynamic_task_mapping' retrieved from /home/airflow/.local/lib/python3.12/site-packages/airflow/example_dags/example_dynamic_task_mapping.py
[2025-07-01T03:56:29.636+0000] {logging_mixin.py:190} INFO - [2025-07-01T03:56:29.636+0000] {dag.py:3239} INFO - Sync 1 DAGs
[2025-07-01T03:56:29.650+0000] {logging_mixin.py:190} INFO - [2025-07-01T03:56:29.650+0000] {dag.py:4180} INFO - Setting next_dagrun for example_dynamic_task_mapping to None, run_after=None
[2025-07-01T03:56:29.668+0000] {processor.py:208} INFO - Processing /home/airflow/.local/lib/python3.12/site-packages/airflow/example_dags/example_dynamic_task_mapping.py took 0.068 seconds
[2025-07-01T03:57:00.188+0000] {processor.py:186} INFO - Started process (PID=16403) to work on /home/airflow/.local/lib/python3.12/site-packages/airflow/example_dags/example_dynamic_task_mapping.py
[2025-07-01T03:57:00.189+0000] {processor.py:914} INFO - Processing file /home/airflow/.local/lib/python3.12/site-packages/airflow/example_dags/example_dynamic_task_mapping.py for tasks to queue
[2025-07-01T03:57:00.193+0000] {logging_mixin.py:190} INFO - [2025-07-01T03:57:00.192+0000] {dagbag.py:588} INFO - Filling up the DagBag from /home/airflow/.local/lib/python3.12/site-packages/airflow/example_dags/example_dynamic_task_mapping.py
[2025-07-01T03:57:00.203+0000] {processor.py:925} INFO - DAG(s) 'example_dynamic_task_mapping' retrieved from /home/airflow/.local/lib/python3.12/site-packages/airflow/example_dags/example_dynamic_task_mapping.py
[2025-07-01T03:57:00.230+0000] {logging_mixin.py:190} INFO - [2025-07-01T03:57:00.229+0000] {dag.py:3239} INFO - Sync 1 DAGs
[2025-07-01T03:57:00.247+0000] {logging_mixin.py:190} INFO - [2025-07-01T03:57:00.246+0000] {dag.py:4180} INFO - Setting next_dagrun for example_dynamic_task_mapping to None, run_after=None
[2025-07-01T03:57:00.267+0000] {processor.py:208} INFO - Processing /home/airflow/.local/lib/python3.12/site-packages/airflow/example_dags/example_dynamic_task_mapping.py took 0.087 seconds
[2025-07-01T03:57:31.012+0000] {processor.py:186} INFO - Started process (PID=16465) to work on /home/airflow/.local/lib/python3.12/site-packages/airflow/example_dags/example_dynamic_task_mapping.py
[2025-07-01T03:57:31.013+0000] {processor.py:914} INFO - Processing file /home/airflow/.local/lib/python3.12/site-packages/airflow/example_dags/example_dynamic_task_mapping.py for tasks to queue
[2025-07-01T03:57:31.016+0000] {logging_mixin.py:190} INFO - [2025-07-01T03:57:31.015+0000] {dagbag.py:588} INFO - Filling up the DagBag from /home/airflow/.local/lib/python3.12/site-packages/airflow/example_dags/example_dynamic_task_mapping.py
[2025-07-01T03:57:31.024+0000] {processor.py:925} INFO - DAG(s) 'example_dynamic_task_mapping' retrieved from /home/airflow/.local/lib/python3.12/site-packages/airflow/example_dags/example_dynamic_task_mapping.py
[2025-07-01T03:57:31.044+0000] {logging_mixin.py:190} INFO - [2025-07-01T03:57:31.043+0000] {dag.py:3239} INFO - Sync 1 DAGs
[2025-07-01T03:57:31.058+0000] {logging_mixin.py:190} INFO - [2025-07-01T03:57:31.057+0000] {dag.py:4180} INFO - Setting next_dagrun for example_dynamic_task_mapping to None, run_after=None
[2025-07-01T03:57:31.075+0000] {processor.py:208} INFO - Processing /home/airflow/.local/lib/python3.12/site-packages/airflow/example_dags/example_dynamic_task_mapping.py took 0.069 seconds
[2025-07-01T03:58:02.228+0000] {processor.py:186} INFO - Started process (PID=16527) to work on /home/airflow/.local/lib/python3.12/site-packages/airflow/example_dags/example_dynamic_task_mapping.py
[2025-07-01T03:58:02.229+0000] {processor.py:914} INFO - Processing file /home/airflow/.local/lib/python3.12/site-packages/airflow/example_dags/example_dynamic_task_mapping.py for tasks to queue
[2025-07-01T03:58:02.233+0000] {logging_mixin.py:190} INFO - [2025-07-01T03:58:02.232+0000] {dagbag.py:588} INFO - Filling up the DagBag from /home/airflow/.local/lib/python3.12/site-packages/airflow/example_dags/example_dynamic_task_mapping.py
[2025-07-01T03:58:02.244+0000] {processor.py:925} INFO - DAG(s) 'example_dynamic_task_mapping' retrieved from /home/airflow/.local/lib/python3.12/site-packages/airflow/example_dags/example_dynamic_task_mapping.py
[2025-07-01T03:58:02.265+0000] {logging_mixin.py:190} INFO - [2025-07-01T03:58:02.265+0000] {dag.py:3239} INFO - Sync 1 DAGs
[2025-07-01T03:58:02.281+0000] {logging_mixin.py:190} INFO - [2025-07-01T03:58:02.281+0000] {dag.py:4180} INFO - Setting next_dagrun for example_dynamic_task_mapping to None, run_after=None
[2025-07-01T03:58:02.303+0000] {processor.py:208} INFO - Processing /home/airflow/.local/lib/python3.12/site-packages/airflow/example_dags/example_dynamic_task_mapping.py took 0.082 seconds
[2025-07-01T03:58:32.654+0000] {processor.py:186} INFO - Started process (PID=16589) to work on /home/airflow/.local/lib/python3.12/site-packages/airflow/example_dags/example_dynamic_task_mapping.py
[2025-07-01T03:58:32.655+0000] {processor.py:914} INFO - Processing file /home/airflow/.local/lib/python3.12/site-packages/airflow/example_dags/example_dynamic_task_mapping.py for tasks to queue
[2025-07-01T03:58:32.657+0000] {logging_mixin.py:190} INFO - [2025-07-01T03:58:32.657+0000] {dagbag.py:588} INFO - Filling up the DagBag from /home/airflow/.local/lib/python3.12/site-packages/airflow/example_dags/example_dynamic_task_mapping.py
[2025-07-01T03:58:32.665+0000] {processor.py:925} INFO - DAG(s) 'example_dynamic_task_mapping' retrieved from /home/airflow/.local/lib/python3.12/site-packages/airflow/example_dags/example_dynamic_task_mapping.py
[2025-07-01T03:58:32.686+0000] {logging_mixin.py:190} INFO - [2025-07-01T03:58:32.686+0000] {dag.py:3239} INFO - Sync 1 DAGs
[2025-07-01T03:58:32.700+0000] {logging_mixin.py:190} INFO - [2025-07-01T03:58:32.700+0000] {dag.py:4180} INFO - Setting next_dagrun for example_dynamic_task_mapping to None, run_after=None
[2025-07-01T03:58:32.719+0000] {processor.py:208} INFO - Processing /home/airflow/.local/lib/python3.12/site-packages/airflow/example_dags/example_dynamic_task_mapping.py took 0.072 seconds
[2025-07-01T03:59:03.692+0000] {processor.py:186} INFO - Started process (PID=16651) to work on /home/airflow/.local/lib/python3.12/site-packages/airflow/example_dags/example_dynamic_task_mapping.py
[2025-07-01T03:59:03.693+0000] {processor.py:914} INFO - Processing file /home/airflow/.local/lib/python3.12/site-packages/airflow/example_dags/example_dynamic_task_mapping.py for tasks to queue
[2025-07-01T03:59:03.697+0000] {logging_mixin.py:190} INFO - [2025-07-01T03:59:03.696+0000] {dagbag.py:588} INFO - Filling up the DagBag from /home/airflow/.local/lib/python3.12/site-packages/airflow/example_dags/example_dynamic_task_mapping.py
[2025-07-01T03:59:03.709+0000] {processor.py:925} INFO - DAG(s) 'example_dynamic_task_mapping' retrieved from /home/airflow/.local/lib/python3.12/site-packages/airflow/example_dags/example_dynamic_task_mapping.py
[2025-07-01T03:59:03.729+0000] {logging_mixin.py:190} INFO - [2025-07-01T03:59:03.729+0000] {dag.py:3239} INFO - Sync 1 DAGs
[2025-07-01T03:59:03.746+0000] {logging_mixin.py:190} INFO - [2025-07-01T03:59:03.746+0000] {dag.py:4180} INFO - Setting next_dagrun for example_dynamic_task_mapping to None, run_after=None
[2025-07-01T03:59:03.767+0000] {processor.py:208} INFO - Processing /home/airflow/.local/lib/python3.12/site-packages/airflow/example_dags/example_dynamic_task_mapping.py took 0.084 seconds
[2025-07-01T03:59:34.529+0000] {processor.py:186} INFO - Started process (PID=16713) to work on /home/airflow/.local/lib/python3.12/site-packages/airflow/example_dags/example_dynamic_task_mapping.py
[2025-07-01T03:59:34.530+0000] {processor.py:914} INFO - Processing file /home/airflow/.local/lib/python3.12/site-packages/airflow/example_dags/example_dynamic_task_mapping.py for tasks to queue
[2025-07-01T03:59:34.533+0000] {logging_mixin.py:190} INFO - [2025-07-01T03:59:34.532+0000] {dagbag.py:588} INFO - Filling up the DagBag from /home/airflow/.local/lib/python3.12/site-packages/airflow/example_dags/example_dynamic_task_mapping.py
[2025-07-01T03:59:34.541+0000] {processor.py:925} INFO - DAG(s) 'example_dynamic_task_mapping' retrieved from /home/airflow/.local/lib/python3.12/site-packages/airflow/example_dags/example_dynamic_task_mapping.py
[2025-07-01T03:59:34.560+0000] {logging_mixin.py:190} INFO - [2025-07-01T03:59:34.560+0000] {dag.py:3239} INFO - Sync 1 DAGs
[2025-07-01T03:59:34.574+0000] {logging_mixin.py:190} INFO - [2025-07-01T03:59:34.573+0000] {dag.py:4180} INFO - Setting next_dagrun for example_dynamic_task_mapping to None, run_after=None
[2025-07-01T03:59:34.591+0000] {processor.py:208} INFO - Processing /home/airflow/.local/lib/python3.12/site-packages/airflow/example_dags/example_dynamic_task_mapping.py took 0.069 seconds
[2025-07-01T04:00:05.268+0000] {processor.py:186} INFO - Started process (PID=16775) to work on /home/airflow/.local/lib/python3.12/site-packages/airflow/example_dags/example_dynamic_task_mapping.py
[2025-07-01T04:00:05.269+0000] {processor.py:914} INFO - Processing file /home/airflow/.local/lib/python3.12/site-packages/airflow/example_dags/example_dynamic_task_mapping.py for tasks to queue
[2025-07-01T04:00:05.273+0000] {logging_mixin.py:190} INFO - [2025-07-01T04:00:05.272+0000] {dagbag.py:588} INFO - Filling up the DagBag from /home/airflow/.local/lib/python3.12/site-packages/airflow/example_dags/example_dynamic_task_mapping.py
[2025-07-01T04:00:05.284+0000] {processor.py:925} INFO - DAG(s) 'example_dynamic_task_mapping' retrieved from /home/airflow/.local/lib/python3.12/site-packages/airflow/example_dags/example_dynamic_task_mapping.py
[2025-07-01T04:00:05.305+0000] {logging_mixin.py:190} INFO - [2025-07-01T04:00:05.305+0000] {dag.py:3239} INFO - Sync 1 DAGs
[2025-07-01T04:00:05.321+0000] {logging_mixin.py:190} INFO - [2025-07-01T04:00:05.321+0000] {dag.py:4180} INFO - Setting next_dagrun for example_dynamic_task_mapping to None, run_after=None
[2025-07-01T04:00:05.339+0000] {processor.py:208} INFO - Processing /home/airflow/.local/lib/python3.12/site-packages/airflow/example_dags/example_dynamic_task_mapping.py took 0.080 seconds
[2025-07-01T04:00:36.282+0000] {processor.py:186} INFO - Started process (PID=16837) to work on /home/airflow/.local/lib/python3.12/site-packages/airflow/example_dags/example_dynamic_task_mapping.py
[2025-07-01T04:00:36.284+0000] {processor.py:914} INFO - Processing file /home/airflow/.local/lib/python3.12/site-packages/airflow/example_dags/example_dynamic_task_mapping.py for tasks to queue
[2025-07-01T04:00:36.287+0000] {logging_mixin.py:190} INFO - [2025-07-01T04:00:36.286+0000] {dagbag.py:588} INFO - Filling up the DagBag from /home/airflow/.local/lib/python3.12/site-packages/airflow/example_dags/example_dynamic_task_mapping.py
[2025-07-01T04:00:36.302+0000] {processor.py:925} INFO - DAG(s) 'example_dynamic_task_mapping' retrieved from /home/airflow/.local/lib/python3.12/site-packages/airflow/example_dags/example_dynamic_task_mapping.py
[2025-07-01T04:00:36.327+0000] {logging_mixin.py:190} INFO - [2025-07-01T04:00:36.326+0000] {dag.py:3239} INFO - Sync 1 DAGs
[2025-07-01T04:00:36.342+0000] {logging_mixin.py:190} INFO - [2025-07-01T04:00:36.342+0000] {dag.py:4180} INFO - Setting next_dagrun for example_dynamic_task_mapping to None, run_after=None
[2025-07-01T04:00:36.361+0000] {processor.py:208} INFO - Processing /home/airflow/.local/lib/python3.12/site-packages/airflow/example_dags/example_dynamic_task_mapping.py took 0.088 seconds
[2025-07-01T04:01:07.099+0000] {processor.py:186} INFO - Started process (PID=16899) to work on /home/airflow/.local/lib/python3.12/site-packages/airflow/example_dags/example_dynamic_task_mapping.py
[2025-07-01T04:01:07.100+0000] {processor.py:914} INFO - Processing file /home/airflow/.local/lib/python3.12/site-packages/airflow/example_dags/example_dynamic_task_mapping.py for tasks to queue
[2025-07-01T04:01:07.103+0000] {logging_mixin.py:190} INFO - [2025-07-01T04:01:07.103+0000] {dagbag.py:588} INFO - Filling up the DagBag from /home/airflow/.local/lib/python3.12/site-packages/airflow/example_dags/example_dynamic_task_mapping.py
[2025-07-01T04:01:07.113+0000] {processor.py:925} INFO - DAG(s) 'example_dynamic_task_mapping' retrieved from /home/airflow/.local/lib/python3.12/site-packages/airflow/example_dags/example_dynamic_task_mapping.py
[2025-07-01T04:01:07.135+0000] {logging_mixin.py:190} INFO - [2025-07-01T04:01:07.135+0000] {dag.py:3239} INFO - Sync 1 DAGs
[2025-07-01T04:01:07.153+0000] {logging_mixin.py:190} INFO - [2025-07-01T04:01:07.153+0000] {dag.py:4180} INFO - Setting next_dagrun for example_dynamic_task_mapping to None, run_after=None
[2025-07-01T04:01:07.174+0000] {processor.py:208} INFO - Processing /home/airflow/.local/lib/python3.12/site-packages/airflow/example_dags/example_dynamic_task_mapping.py took 0.082 seconds
[2025-07-01T04:01:37.982+0000] {processor.py:186} INFO - Started process (PID=16961) to work on /home/airflow/.local/lib/python3.12/site-packages/airflow/example_dags/example_dynamic_task_mapping.py
[2025-07-01T04:01:37.983+0000] {processor.py:914} INFO - Processing file /home/airflow/.local/lib/python3.12/site-packages/airflow/example_dags/example_dynamic_task_mapping.py for tasks to queue
[2025-07-01T04:01:37.986+0000] {logging_mixin.py:190} INFO - [2025-07-01T04:01:37.986+0000] {dagbag.py:588} INFO - Filling up the DagBag from /home/airflow/.local/lib/python3.12/site-packages/airflow/example_dags/example_dynamic_task_mapping.py
[2025-07-01T04:01:37.994+0000] {processor.py:925} INFO - DAG(s) 'example_dynamic_task_mapping' retrieved from /home/airflow/.local/lib/python3.12/site-packages/airflow/example_dags/example_dynamic_task_mapping.py
[2025-07-01T04:01:38.014+0000] {logging_mixin.py:190} INFO - [2025-07-01T04:01:38.014+0000] {dag.py:3239} INFO - Sync 1 DAGs
[2025-07-01T04:01:38.028+0000] {logging_mixin.py:190} INFO - [2025-07-01T04:01:38.028+0000] {dag.py:4180} INFO - Setting next_dagrun for example_dynamic_task_mapping to None, run_after=None
[2025-07-01T04:01:38.045+0000] {processor.py:208} INFO - Processing /home/airflow/.local/lib/python3.12/site-packages/airflow/example_dags/example_dynamic_task_mapping.py took 0.069 seconds
[2025-07-01T04:02:08.760+0000] {processor.py:186} INFO - Started process (PID=17023) to work on /home/airflow/.local/lib/python3.12/site-packages/airflow/example_dags/example_dynamic_task_mapping.py
[2025-07-01T04:02:08.761+0000] {processor.py:914} INFO - Processing file /home/airflow/.local/lib/python3.12/site-packages/airflow/example_dags/example_dynamic_task_mapping.py for tasks to queue
[2025-07-01T04:02:08.764+0000] {logging_mixin.py:190} INFO - [2025-07-01T04:02:08.764+0000] {dagbag.py:588} INFO - Filling up the DagBag from /home/airflow/.local/lib/python3.12/site-packages/airflow/example_dags/example_dynamic_task_mapping.py
[2025-07-01T04:02:08.773+0000] {processor.py:925} INFO - DAG(s) 'example_dynamic_task_mapping' retrieved from /home/airflow/.local/lib/python3.12/site-packages/airflow/example_dags/example_dynamic_task_mapping.py
[2025-07-01T04:02:08.794+0000] {logging_mixin.py:190} INFO - [2025-07-01T04:02:08.794+0000] {dag.py:3239} INFO - Sync 1 DAGs
[2025-07-01T04:02:08.812+0000] {logging_mixin.py:190} INFO - [2025-07-01T04:02:08.811+0000] {dag.py:4180} INFO - Setting next_dagrun for example_dynamic_task_mapping to None, run_after=None
[2025-07-01T04:02:08.831+0000] {processor.py:208} INFO - Processing /home/airflow/.local/lib/python3.12/site-packages/airflow/example_dags/example_dynamic_task_mapping.py took 0.078 seconds
[2025-07-01T04:02:38.969+0000] {processor.py:186} INFO - Started process (PID=17085) to work on /home/airflow/.local/lib/python3.12/site-packages/airflow/example_dags/example_dynamic_task_mapping.py
[2025-07-01T04:02:38.970+0000] {processor.py:914} INFO - Processing file /home/airflow/.local/lib/python3.12/site-packages/airflow/example_dags/example_dynamic_task_mapping.py for tasks to queue
[2025-07-01T04:02:38.973+0000] {logging_mixin.py:190} INFO - [2025-07-01T04:02:38.973+0000] {dagbag.py:588} INFO - Filling up the DagBag from /home/airflow/.local/lib/python3.12/site-packages/airflow/example_dags/example_dynamic_task_mapping.py
[2025-07-01T04:02:38.984+0000] {processor.py:925} INFO - DAG(s) 'example_dynamic_task_mapping' retrieved from /home/airflow/.local/lib/python3.12/site-packages/airflow/example_dags/example_dynamic_task_mapping.py
[2025-07-01T04:02:39.004+0000] {logging_mixin.py:190} INFO - [2025-07-01T04:02:39.004+0000] {dag.py:3239} INFO - Sync 1 DAGs
[2025-07-01T04:02:39.019+0000] {logging_mixin.py:190} INFO - [2025-07-01T04:02:39.018+0000] {dag.py:4180} INFO - Setting next_dagrun for example_dynamic_task_mapping to None, run_after=None
[2025-07-01T04:02:39.034+0000] {processor.py:208} INFO - Processing /home/airflow/.local/lib/python3.12/site-packages/airflow/example_dags/example_dynamic_task_mapping.py took 0.073 seconds
[2025-07-01T04:03:10.039+0000] {processor.py:186} INFO - Started process (PID=17147) to work on /home/airflow/.local/lib/python3.12/site-packages/airflow/example_dags/example_dynamic_task_mapping.py
[2025-07-01T04:03:10.040+0000] {processor.py:914} INFO - Processing file /home/airflow/.local/lib/python3.12/site-packages/airflow/example_dags/example_dynamic_task_mapping.py for tasks to queue
[2025-07-01T04:03:10.043+0000] {logging_mixin.py:190} INFO - [2025-07-01T04:03:10.042+0000] {dagbag.py:588} INFO - Filling up the DagBag from /home/airflow/.local/lib/python3.12/site-packages/airflow/example_dags/example_dynamic_task_mapping.py
[2025-07-01T04:03:10.053+0000] {processor.py:925} INFO - DAG(s) 'example_dynamic_task_mapping' retrieved from /home/airflow/.local/lib/python3.12/site-packages/airflow/example_dags/example_dynamic_task_mapping.py
[2025-07-01T04:03:10.079+0000] {logging_mixin.py:190} INFO - [2025-07-01T04:03:10.079+0000] {dag.py:3239} INFO - Sync 1 DAGs
[2025-07-01T04:03:10.098+0000] {logging_mixin.py:190} INFO - [2025-07-01T04:03:10.098+0000] {dag.py:4180} INFO - Setting next_dagrun for example_dynamic_task_mapping to None, run_after=None
[2025-07-01T04:03:10.123+0000] {processor.py:208} INFO - Processing /home/airflow/.local/lib/python3.12/site-packages/airflow/example_dags/example_dynamic_task_mapping.py took 0.092 seconds
[2025-07-01T04:03:40.358+0000] {processor.py:186} INFO - Started process (PID=17209) to work on /home/airflow/.local/lib/python3.12/site-packages/airflow/example_dags/example_dynamic_task_mapping.py
[2025-07-01T04:03:40.359+0000] {processor.py:914} INFO - Processing file /home/airflow/.local/lib/python3.12/site-packages/airflow/example_dags/example_dynamic_task_mapping.py for tasks to queue
[2025-07-01T04:03:40.362+0000] {logging_mixin.py:190} INFO - [2025-07-01T04:03:40.362+0000] {dagbag.py:588} INFO - Filling up the DagBag from /home/airflow/.local/lib/python3.12/site-packages/airflow/example_dags/example_dynamic_task_mapping.py
[2025-07-01T04:03:40.370+0000] {processor.py:925} INFO - DAG(s) 'example_dynamic_task_mapping' retrieved from /home/airflow/.local/lib/python3.12/site-packages/airflow/example_dags/example_dynamic_task_mapping.py
[2025-07-01T04:03:40.389+0000] {logging_mixin.py:190} INFO - [2025-07-01T04:03:40.389+0000] {dag.py:3239} INFO - Sync 1 DAGs
[2025-07-01T04:03:40.403+0000] {logging_mixin.py:190} INFO - [2025-07-01T04:03:40.403+0000] {dag.py:4180} INFO - Setting next_dagrun for example_dynamic_task_mapping to None, run_after=None
[2025-07-01T04:03:40.421+0000] {processor.py:208} INFO - Processing /home/airflow/.local/lib/python3.12/site-packages/airflow/example_dags/example_dynamic_task_mapping.py took 0.069 seconds
[2025-07-01T04:04:11.373+0000] {processor.py:186} INFO - Started process (PID=17271) to work on /home/airflow/.local/lib/python3.12/site-packages/airflow/example_dags/example_dynamic_task_mapping.py
[2025-07-01T04:04:11.374+0000] {processor.py:914} INFO - Processing file /home/airflow/.local/lib/python3.12/site-packages/airflow/example_dags/example_dynamic_task_mapping.py for tasks to queue
[2025-07-01T04:04:11.378+0000] {logging_mixin.py:190} INFO - [2025-07-01T04:04:11.377+0000] {dagbag.py:588} INFO - Filling up the DagBag from /home/airflow/.local/lib/python3.12/site-packages/airflow/example_dags/example_dynamic_task_mapping.py
[2025-07-01T04:04:11.388+0000] {processor.py:925} INFO - DAG(s) 'example_dynamic_task_mapping' retrieved from /home/airflow/.local/lib/python3.12/site-packages/airflow/example_dags/example_dynamic_task_mapping.py
[2025-07-01T04:04:11.417+0000] {logging_mixin.py:190} INFO - [2025-07-01T04:04:11.416+0000] {dag.py:3239} INFO - Sync 1 DAGs
[2025-07-01T04:04:11.436+0000] {logging_mixin.py:190} INFO - [2025-07-01T04:04:11.436+0000] {dag.py:4180} INFO - Setting next_dagrun for example_dynamic_task_mapping to None, run_after=None
[2025-07-01T04:04:11.458+0000] {processor.py:208} INFO - Processing /home/airflow/.local/lib/python3.12/site-packages/airflow/example_dags/example_dynamic_task_mapping.py took 0.092 seconds
[2025-07-01T04:04:41.748+0000] {processor.py:186} INFO - Started process (PID=17333) to work on /home/airflow/.local/lib/python3.12/site-packages/airflow/example_dags/example_dynamic_task_mapping.py
[2025-07-01T04:04:41.749+0000] {processor.py:914} INFO - Processing file /home/airflow/.local/lib/python3.12/site-packages/airflow/example_dags/example_dynamic_task_mapping.py for tasks to queue
[2025-07-01T04:04:41.751+0000] {logging_mixin.py:190} INFO - [2025-07-01T04:04:41.751+0000] {dagbag.py:588} INFO - Filling up the DagBag from /home/airflow/.local/lib/python3.12/site-packages/airflow/example_dags/example_dynamic_task_mapping.py
[2025-07-01T04:04:41.759+0000] {processor.py:925} INFO - DAG(s) 'example_dynamic_task_mapping' retrieved from /home/airflow/.local/lib/python3.12/site-packages/airflow/example_dags/example_dynamic_task_mapping.py
[2025-07-01T04:04:41.778+0000] {logging_mixin.py:190} INFO - [2025-07-01T04:04:41.777+0000] {dag.py:3239} INFO - Sync 1 DAGs
[2025-07-01T04:04:41.791+0000] {logging_mixin.py:190} INFO - [2025-07-01T04:04:41.791+0000] {dag.py:4180} INFO - Setting next_dagrun for example_dynamic_task_mapping to None, run_after=None
[2025-07-01T04:04:41.806+0000] {processor.py:208} INFO - Processing /home/airflow/.local/lib/python3.12/site-packages/airflow/example_dags/example_dynamic_task_mapping.py took 0.064 seconds
[2025-07-01T04:05:12.856+0000] {processor.py:186} INFO - Started process (PID=17395) to work on /home/airflow/.local/lib/python3.12/site-packages/airflow/example_dags/example_dynamic_task_mapping.py
[2025-07-01T04:05:12.857+0000] {processor.py:914} INFO - Processing file /home/airflow/.local/lib/python3.12/site-packages/airflow/example_dags/example_dynamic_task_mapping.py for tasks to queue
[2025-07-01T04:05:12.860+0000] {logging_mixin.py:190} INFO - [2025-07-01T04:05:12.859+0000] {dagbag.py:588} INFO - Filling up the DagBag from /home/airflow/.local/lib/python3.12/site-packages/airflow/example_dags/example_dynamic_task_mapping.py
[2025-07-01T04:05:12.868+0000] {processor.py:925} INFO - DAG(s) 'example_dynamic_task_mapping' retrieved from /home/airflow/.local/lib/python3.12/site-packages/airflow/example_dags/example_dynamic_task_mapping.py
[2025-07-01T04:05:12.887+0000] {logging_mixin.py:190} INFO - [2025-07-01T04:05:12.887+0000] {dag.py:3239} INFO - Sync 1 DAGs
[2025-07-01T04:05:12.901+0000] {logging_mixin.py:190} INFO - [2025-07-01T04:05:12.901+0000] {dag.py:4180} INFO - Setting next_dagrun for example_dynamic_task_mapping to None, run_after=None
[2025-07-01T04:05:12.919+0000] {processor.py:208} INFO - Processing /home/airflow/.local/lib/python3.12/site-packages/airflow/example_dags/example_dynamic_task_mapping.py took 0.068 seconds
[2025-07-01T04:05:43.122+0000] {processor.py:186} INFO - Started process (PID=17457) to work on /home/airflow/.local/lib/python3.12/site-packages/airflow/example_dags/example_dynamic_task_mapping.py
[2025-07-01T04:05:43.123+0000] {processor.py:914} INFO - Processing file /home/airflow/.local/lib/python3.12/site-packages/airflow/example_dags/example_dynamic_task_mapping.py for tasks to queue
[2025-07-01T04:05:43.126+0000] {logging_mixin.py:190} INFO - [2025-07-01T04:05:43.126+0000] {dagbag.py:588} INFO - Filling up the DagBag from /home/airflow/.local/lib/python3.12/site-packages/airflow/example_dags/example_dynamic_task_mapping.py
[2025-07-01T04:05:43.135+0000] {processor.py:925} INFO - DAG(s) 'example_dynamic_task_mapping' retrieved from /home/airflow/.local/lib/python3.12/site-packages/airflow/example_dags/example_dynamic_task_mapping.py
[2025-07-01T04:05:43.153+0000] {logging_mixin.py:190} INFO - [2025-07-01T04:05:43.153+0000] {dag.py:3239} INFO - Sync 1 DAGs
[2025-07-01T04:05:43.166+0000] {logging_mixin.py:190} INFO - [2025-07-01T04:05:43.165+0000] {dag.py:4180} INFO - Setting next_dagrun for example_dynamic_task_mapping to None, run_after=None
[2025-07-01T04:05:43.182+0000] {processor.py:208} INFO - Processing /home/airflow/.local/lib/python3.12/site-packages/airflow/example_dags/example_dynamic_task_mapping.py took 0.066 seconds
[2025-07-01T04:06:13.546+0000] {processor.py:186} INFO - Started process (PID=17519) to work on /home/airflow/.local/lib/python3.12/site-packages/airflow/example_dags/example_dynamic_task_mapping.py
[2025-07-01T04:06:13.547+0000] {processor.py:914} INFO - Processing file /home/airflow/.local/lib/python3.12/site-packages/airflow/example_dags/example_dynamic_task_mapping.py for tasks to queue
[2025-07-01T04:06:13.550+0000] {logging_mixin.py:190} INFO - [2025-07-01T04:06:13.549+0000] {dagbag.py:588} INFO - Filling up the DagBag from /home/airflow/.local/lib/python3.12/site-packages/airflow/example_dags/example_dynamic_task_mapping.py
[2025-07-01T04:06:13.559+0000] {processor.py:925} INFO - DAG(s) 'example_dynamic_task_mapping' retrieved from /home/airflow/.local/lib/python3.12/site-packages/airflow/example_dags/example_dynamic_task_mapping.py
[2025-07-01T04:06:13.580+0000] {logging_mixin.py:190} INFO - [2025-07-01T04:06:13.579+0000] {dag.py:3239} INFO - Sync 1 DAGs
[2025-07-01T04:06:13.603+0000] {logging_mixin.py:190} INFO - [2025-07-01T04:06:13.603+0000] {dag.py:4180} INFO - Setting next_dagrun for example_dynamic_task_mapping to None, run_after=None
[2025-07-01T04:06:13.620+0000] {processor.py:208} INFO - Processing /home/airflow/.local/lib/python3.12/site-packages/airflow/example_dags/example_dynamic_task_mapping.py took 0.079 seconds
[2025-07-01T04:06:44.656+0000] {processor.py:186} INFO - Started process (PID=17581) to work on /home/airflow/.local/lib/python3.12/site-packages/airflow/example_dags/example_dynamic_task_mapping.py
[2025-07-01T04:06:44.657+0000] {processor.py:914} INFO - Processing file /home/airflow/.local/lib/python3.12/site-packages/airflow/example_dags/example_dynamic_task_mapping.py for tasks to queue
[2025-07-01T04:06:44.659+0000] {logging_mixin.py:190} INFO - [2025-07-01T04:06:44.659+0000] {dagbag.py:588} INFO - Filling up the DagBag from /home/airflow/.local/lib/python3.12/site-packages/airflow/example_dags/example_dynamic_task_mapping.py
[2025-07-01T04:06:44.667+0000] {processor.py:925} INFO - DAG(s) 'example_dynamic_task_mapping' retrieved from /home/airflow/.local/lib/python3.12/site-packages/airflow/example_dags/example_dynamic_task_mapping.py
[2025-07-01T04:06:44.685+0000] {logging_mixin.py:190} INFO - [2025-07-01T04:06:44.685+0000] {dag.py:3239} INFO - Sync 1 DAGs
[2025-07-01T04:06:44.700+0000] {logging_mixin.py:190} INFO - [2025-07-01T04:06:44.699+0000] {dag.py:4180} INFO - Setting next_dagrun for example_dynamic_task_mapping to None, run_after=None
[2025-07-01T04:06:44.717+0000] {processor.py:208} INFO - Processing /home/airflow/.local/lib/python3.12/site-packages/airflow/example_dags/example_dynamic_task_mapping.py took 0.066 seconds
[2025-07-01T04:07:15.574+0000] {processor.py:186} INFO - Started process (PID=17643) to work on /home/airflow/.local/lib/python3.12/site-packages/airflow/example_dags/example_dynamic_task_mapping.py
[2025-07-01T04:07:15.575+0000] {processor.py:914} INFO - Processing file /home/airflow/.local/lib/python3.12/site-packages/airflow/example_dags/example_dynamic_task_mapping.py for tasks to queue
[2025-07-01T04:07:15.578+0000] {logging_mixin.py:190} INFO - [2025-07-01T04:07:15.578+0000] {dagbag.py:588} INFO - Filling up the DagBag from /home/airflow/.local/lib/python3.12/site-packages/airflow/example_dags/example_dynamic_task_mapping.py
[2025-07-01T04:07:15.587+0000] {processor.py:925} INFO - DAG(s) 'example_dynamic_task_mapping' retrieved from /home/airflow/.local/lib/python3.12/site-packages/airflow/example_dags/example_dynamic_task_mapping.py
[2025-07-01T04:07:15.607+0000] {logging_mixin.py:190} INFO - [2025-07-01T04:07:15.606+0000] {dag.py:3239} INFO - Sync 1 DAGs
[2025-07-01T04:07:15.622+0000] {logging_mixin.py:190} INFO - [2025-07-01T04:07:15.622+0000] {dag.py:4180} INFO - Setting next_dagrun for example_dynamic_task_mapping to None, run_after=None
[2025-07-01T04:07:15.639+0000] {processor.py:208} INFO - Processing /home/airflow/.local/lib/python3.12/site-packages/airflow/example_dags/example_dynamic_task_mapping.py took 0.070 seconds
[2025-07-01T04:07:46.384+0000] {processor.py:186} INFO - Started process (PID=17705) to work on /home/airflow/.local/lib/python3.12/site-packages/airflow/example_dags/example_dynamic_task_mapping.py
[2025-07-01T04:07:46.385+0000] {processor.py:914} INFO - Processing file /home/airflow/.local/lib/python3.12/site-packages/airflow/example_dags/example_dynamic_task_mapping.py for tasks to queue
[2025-07-01T04:07:46.387+0000] {logging_mixin.py:190} INFO - [2025-07-01T04:07:46.387+0000] {dagbag.py:588} INFO - Filling up the DagBag from /home/airflow/.local/lib/python3.12/site-packages/airflow/example_dags/example_dynamic_task_mapping.py
[2025-07-01T04:07:46.395+0000] {processor.py:925} INFO - DAG(s) 'example_dynamic_task_mapping' retrieved from /home/airflow/.local/lib/python3.12/site-packages/airflow/example_dags/example_dynamic_task_mapping.py
[2025-07-01T04:07:46.416+0000] {logging_mixin.py:190} INFO - [2025-07-01T04:07:46.416+0000] {dag.py:3239} INFO - Sync 1 DAGs
[2025-07-01T04:07:46.429+0000] {logging_mixin.py:190} INFO - [2025-07-01T04:07:46.428+0000] {dag.py:4180} INFO - Setting next_dagrun for example_dynamic_task_mapping to None, run_after=None
[2025-07-01T04:07:46.445+0000] {processor.py:208} INFO - Processing /home/airflow/.local/lib/python3.12/site-packages/airflow/example_dags/example_dynamic_task_mapping.py took 0.067 seconds
[2025-07-01T04:08:17.125+0000] {processor.py:186} INFO - Started process (PID=17767) to work on /home/airflow/.local/lib/python3.12/site-packages/airflow/example_dags/example_dynamic_task_mapping.py
[2025-07-01T04:08:17.126+0000] {processor.py:914} INFO - Processing file /home/airflow/.local/lib/python3.12/site-packages/airflow/example_dags/example_dynamic_task_mapping.py for tasks to queue
[2025-07-01T04:08:17.128+0000] {logging_mixin.py:190} INFO - [2025-07-01T04:08:17.127+0000] {dagbag.py:588} INFO - Filling up the DagBag from /home/airflow/.local/lib/python3.12/site-packages/airflow/example_dags/example_dynamic_task_mapping.py
[2025-07-01T04:08:17.136+0000] {processor.py:925} INFO - DAG(s) 'example_dynamic_task_mapping' retrieved from /home/airflow/.local/lib/python3.12/site-packages/airflow/example_dags/example_dynamic_task_mapping.py
[2025-07-01T04:08:17.157+0000] {logging_mixin.py:190} INFO - [2025-07-01T04:08:17.157+0000] {dag.py:3239} INFO - Sync 1 DAGs
[2025-07-01T04:08:17.172+0000] {logging_mixin.py:190} INFO - [2025-07-01T04:08:17.172+0000] {dag.py:4180} INFO - Setting next_dagrun for example_dynamic_task_mapping to None, run_after=None
[2025-07-01T04:08:17.193+0000] {processor.py:208} INFO - Processing /home/airflow/.local/lib/python3.12/site-packages/airflow/example_dags/example_dynamic_task_mapping.py took 0.074 seconds
[2025-07-01T04:08:47.813+0000] {processor.py:186} INFO - Started process (PID=17829) to work on /home/airflow/.local/lib/python3.12/site-packages/airflow/example_dags/example_dynamic_task_mapping.py
[2025-07-01T04:08:47.814+0000] {processor.py:914} INFO - Processing file /home/airflow/.local/lib/python3.12/site-packages/airflow/example_dags/example_dynamic_task_mapping.py for tasks to queue
[2025-07-01T04:08:47.817+0000] {logging_mixin.py:190} INFO - [2025-07-01T04:08:47.816+0000] {dagbag.py:588} INFO - Filling up the DagBag from /home/airflow/.local/lib/python3.12/site-packages/airflow/example_dags/example_dynamic_task_mapping.py
[2025-07-01T04:08:47.825+0000] {processor.py:925} INFO - DAG(s) 'example_dynamic_task_mapping' retrieved from /home/airflow/.local/lib/python3.12/site-packages/airflow/example_dags/example_dynamic_task_mapping.py
[2025-07-01T04:08:47.844+0000] {logging_mixin.py:190} INFO - [2025-07-01T04:08:47.844+0000] {dag.py:3239} INFO - Sync 1 DAGs
[2025-07-01T04:08:47.857+0000] {logging_mixin.py:190} INFO - [2025-07-01T04:08:47.857+0000] {dag.py:4180} INFO - Setting next_dagrun for example_dynamic_task_mapping to None, run_after=None
[2025-07-01T04:08:47.872+0000] {processor.py:208} INFO - Processing /home/airflow/.local/lib/python3.12/site-packages/airflow/example_dags/example_dynamic_task_mapping.py took 0.065 seconds
[2025-07-01T04:09:18.522+0000] {processor.py:186} INFO - Started process (PID=17891) to work on /home/airflow/.local/lib/python3.12/site-packages/airflow/example_dags/example_dynamic_task_mapping.py
[2025-07-01T04:09:18.523+0000] {processor.py:914} INFO - Processing file /home/airflow/.local/lib/python3.12/site-packages/airflow/example_dags/example_dynamic_task_mapping.py for tasks to queue
[2025-07-01T04:09:18.525+0000] {logging_mixin.py:190} INFO - [2025-07-01T04:09:18.525+0000] {dagbag.py:588} INFO - Filling up the DagBag from /home/airflow/.local/lib/python3.12/site-packages/airflow/example_dags/example_dynamic_task_mapping.py
[2025-07-01T04:09:18.533+0000] {processor.py:925} INFO - DAG(s) 'example_dynamic_task_mapping' retrieved from /home/airflow/.local/lib/python3.12/site-packages/airflow/example_dags/example_dynamic_task_mapping.py
[2025-07-01T04:09:18.553+0000] {logging_mixin.py:190} INFO - [2025-07-01T04:09:18.553+0000] {dag.py:3239} INFO - Sync 1 DAGs
[2025-07-01T04:09:18.566+0000] {logging_mixin.py:190} INFO - [2025-07-01T04:09:18.566+0000] {dag.py:4180} INFO - Setting next_dagrun for example_dynamic_task_mapping to None, run_after=None
[2025-07-01T04:09:18.582+0000] {processor.py:208} INFO - Processing /home/airflow/.local/lib/python3.12/site-packages/airflow/example_dags/example_dynamic_task_mapping.py took 0.066 seconds
[2025-07-01T04:09:49.182+0000] {processor.py:186} INFO - Started process (PID=17953) to work on /home/airflow/.local/lib/python3.12/site-packages/airflow/example_dags/example_dynamic_task_mapping.py
[2025-07-01T04:09:49.183+0000] {processor.py:914} INFO - Processing file /home/airflow/.local/lib/python3.12/site-packages/airflow/example_dags/example_dynamic_task_mapping.py for tasks to queue
[2025-07-01T04:09:49.187+0000] {logging_mixin.py:190} INFO - [2025-07-01T04:09:49.187+0000] {dagbag.py:588} INFO - Filling up the DagBag from /home/airflow/.local/lib/python3.12/site-packages/airflow/example_dags/example_dynamic_task_mapping.py
[2025-07-01T04:09:49.202+0000] {processor.py:925} INFO - DAG(s) 'example_dynamic_task_mapping' retrieved from /home/airflow/.local/lib/python3.12/site-packages/airflow/example_dags/example_dynamic_task_mapping.py
[2025-07-01T04:09:49.228+0000] {logging_mixin.py:190} INFO - [2025-07-01T04:09:49.227+0000] {dag.py:3239} INFO - Sync 1 DAGs
[2025-07-01T04:09:49.244+0000] {logging_mixin.py:190} INFO - [2025-07-01T04:09:49.244+0000] {dag.py:4180} INFO - Setting next_dagrun for example_dynamic_task_mapping to None, run_after=None
[2025-07-01T04:09:49.263+0000] {processor.py:208} INFO - Processing /home/airflow/.local/lib/python3.12/site-packages/airflow/example_dags/example_dynamic_task_mapping.py took 0.090 seconds
[2025-07-01T04:10:19.829+0000] {processor.py:186} INFO - Started process (PID=18015) to work on /home/airflow/.local/lib/python3.12/site-packages/airflow/example_dags/example_dynamic_task_mapping.py
[2025-07-01T04:10:19.830+0000] {processor.py:914} INFO - Processing file /home/airflow/.local/lib/python3.12/site-packages/airflow/example_dags/example_dynamic_task_mapping.py for tasks to queue
[2025-07-01T04:10:19.833+0000] {logging_mixin.py:190} INFO - [2025-07-01T04:10:19.832+0000] {dagbag.py:588} INFO - Filling up the DagBag from /home/airflow/.local/lib/python3.12/site-packages/airflow/example_dags/example_dynamic_task_mapping.py
[2025-07-01T04:10:19.841+0000] {processor.py:925} INFO - DAG(s) 'example_dynamic_task_mapping' retrieved from /home/airflow/.local/lib/python3.12/site-packages/airflow/example_dags/example_dynamic_task_mapping.py
[2025-07-01T04:10:19.860+0000] {logging_mixin.py:190} INFO - [2025-07-01T04:10:19.860+0000] {dag.py:3239} INFO - Sync 1 DAGs
[2025-07-01T04:10:19.874+0000] {logging_mixin.py:190} INFO - [2025-07-01T04:10:19.874+0000] {dag.py:4180} INFO - Setting next_dagrun for example_dynamic_task_mapping to None, run_after=None
[2025-07-01T04:10:19.890+0000] {processor.py:208} INFO - Processing /home/airflow/.local/lib/python3.12/site-packages/airflow/example_dags/example_dynamic_task_mapping.py took 0.067 seconds
[2025-07-01T04:10:50.387+0000] {processor.py:186} INFO - Started process (PID=18077) to work on /home/airflow/.local/lib/python3.12/site-packages/airflow/example_dags/example_dynamic_task_mapping.py
[2025-07-01T04:10:50.388+0000] {processor.py:914} INFO - Processing file /home/airflow/.local/lib/python3.12/site-packages/airflow/example_dags/example_dynamic_task_mapping.py for tasks to queue
[2025-07-01T04:10:50.391+0000] {logging_mixin.py:190} INFO - [2025-07-01T04:10:50.390+0000] {dagbag.py:588} INFO - Filling up the DagBag from /home/airflow/.local/lib/python3.12/site-packages/airflow/example_dags/example_dynamic_task_mapping.py
[2025-07-01T04:10:50.399+0000] {processor.py:925} INFO - DAG(s) 'example_dynamic_task_mapping' retrieved from /home/airflow/.local/lib/python3.12/site-packages/airflow/example_dags/example_dynamic_task_mapping.py
[2025-07-01T04:10:50.420+0000] {logging_mixin.py:190} INFO - [2025-07-01T04:10:50.420+0000] {dag.py:3239} INFO - Sync 1 DAGs
[2025-07-01T04:10:50.433+0000] {logging_mixin.py:190} INFO - [2025-07-01T04:10:50.433+0000] {dag.py:4180} INFO - Setting next_dagrun for example_dynamic_task_mapping to None, run_after=None
[2025-07-01T04:10:50.449+0000] {processor.py:208} INFO - Processing /home/airflow/.local/lib/python3.12/site-packages/airflow/example_dags/example_dynamic_task_mapping.py took 0.068 seconds
[2025-07-01T04:11:21.224+0000] {processor.py:186} INFO - Started process (PID=18145) to work on /home/airflow/.local/lib/python3.12/site-packages/airflow/example_dags/example_dynamic_task_mapping.py
[2025-07-01T04:11:21.225+0000] {processor.py:914} INFO - Processing file /home/airflow/.local/lib/python3.12/site-packages/airflow/example_dags/example_dynamic_task_mapping.py for tasks to queue
[2025-07-01T04:11:21.228+0000] {logging_mixin.py:190} INFO - [2025-07-01T04:11:21.228+0000] {dagbag.py:588} INFO - Filling up the DagBag from /home/airflow/.local/lib/python3.12/site-packages/airflow/example_dags/example_dynamic_task_mapping.py
[2025-07-01T04:11:21.236+0000] {processor.py:925} INFO - DAG(s) 'example_dynamic_task_mapping' retrieved from /home/airflow/.local/lib/python3.12/site-packages/airflow/example_dags/example_dynamic_task_mapping.py
[2025-07-01T04:11:21.256+0000] {logging_mixin.py:190} INFO - [2025-07-01T04:11:21.256+0000] {dag.py:3239} INFO - Sync 1 DAGs
[2025-07-01T04:11:21.271+0000] {logging_mixin.py:190} INFO - [2025-07-01T04:11:21.271+0000] {dag.py:4180} INFO - Setting next_dagrun for example_dynamic_task_mapping to None, run_after=None
[2025-07-01T04:11:21.287+0000] {processor.py:208} INFO - Processing /home/airflow/.local/lib/python3.12/site-packages/airflow/example_dags/example_dynamic_task_mapping.py took 0.069 seconds
[2025-07-01T04:11:51.928+0000] {processor.py:186} INFO - Started process (PID=18207) to work on /home/airflow/.local/lib/python3.12/site-packages/airflow/example_dags/example_dynamic_task_mapping.py
[2025-07-01T04:11:51.929+0000] {processor.py:914} INFO - Processing file /home/airflow/.local/lib/python3.12/site-packages/airflow/example_dags/example_dynamic_task_mapping.py for tasks to queue
[2025-07-01T04:11:51.932+0000] {logging_mixin.py:190} INFO - [2025-07-01T04:11:51.931+0000] {dagbag.py:588} INFO - Filling up the DagBag from /home/airflow/.local/lib/python3.12/site-packages/airflow/example_dags/example_dynamic_task_mapping.py
[2025-07-01T04:11:51.940+0000] {processor.py:925} INFO - DAG(s) 'example_dynamic_task_mapping' retrieved from /home/airflow/.local/lib/python3.12/site-packages/airflow/example_dags/example_dynamic_task_mapping.py
[2025-07-01T04:11:51.959+0000] {logging_mixin.py:190} INFO - [2025-07-01T04:11:51.959+0000] {dag.py:3239} INFO - Sync 1 DAGs
[2025-07-01T04:11:51.973+0000] {logging_mixin.py:190} INFO - [2025-07-01T04:11:51.973+0000] {dag.py:4180} INFO - Setting next_dagrun for example_dynamic_task_mapping to None, run_after=None
[2025-07-01T04:11:51.990+0000] {processor.py:208} INFO - Processing /home/airflow/.local/lib/python3.12/site-packages/airflow/example_dags/example_dynamic_task_mapping.py took 0.067 seconds
[2025-07-01T04:12:22.511+0000] {processor.py:186} INFO - Started process (PID=18269) to work on /home/airflow/.local/lib/python3.12/site-packages/airflow/example_dags/example_dynamic_task_mapping.py
[2025-07-01T04:12:22.512+0000] {processor.py:914} INFO - Processing file /home/airflow/.local/lib/python3.12/site-packages/airflow/example_dags/example_dynamic_task_mapping.py for tasks to queue
[2025-07-01T04:12:22.515+0000] {logging_mixin.py:190} INFO - [2025-07-01T04:12:22.514+0000] {dagbag.py:588} INFO - Filling up the DagBag from /home/airflow/.local/lib/python3.12/site-packages/airflow/example_dags/example_dynamic_task_mapping.py
[2025-07-01T04:12:22.523+0000] {processor.py:925} INFO - DAG(s) 'example_dynamic_task_mapping' retrieved from /home/airflow/.local/lib/python3.12/site-packages/airflow/example_dags/example_dynamic_task_mapping.py
[2025-07-01T04:12:22.543+0000] {logging_mixin.py:190} INFO - [2025-07-01T04:12:22.543+0000] {dag.py:3239} INFO - Sync 1 DAGs
[2025-07-01T04:12:22.557+0000] {logging_mixin.py:190} INFO - [2025-07-01T04:12:22.556+0000] {dag.py:4180} INFO - Setting next_dagrun for example_dynamic_task_mapping to None, run_after=None
[2025-07-01T04:12:22.574+0000] {processor.py:208} INFO - Processing /home/airflow/.local/lib/python3.12/site-packages/airflow/example_dags/example_dynamic_task_mapping.py took 0.070 seconds
[2025-07-01T04:12:53.078+0000] {processor.py:186} INFO - Started process (PID=18331) to work on /home/airflow/.local/lib/python3.12/site-packages/airflow/example_dags/example_dynamic_task_mapping.py
[2025-07-01T04:12:53.079+0000] {processor.py:914} INFO - Processing file /home/airflow/.local/lib/python3.12/site-packages/airflow/example_dags/example_dynamic_task_mapping.py for tasks to queue
[2025-07-01T04:12:53.082+0000] {logging_mixin.py:190} INFO - [2025-07-01T04:12:53.081+0000] {dagbag.py:588} INFO - Filling up the DagBag from /home/airflow/.local/lib/python3.12/site-packages/airflow/example_dags/example_dynamic_task_mapping.py
[2025-07-01T04:12:53.090+0000] {processor.py:925} INFO - DAG(s) 'example_dynamic_task_mapping' retrieved from /home/airflow/.local/lib/python3.12/site-packages/airflow/example_dags/example_dynamic_task_mapping.py
[2025-07-01T04:12:53.108+0000] {logging_mixin.py:190} INFO - [2025-07-01T04:12:53.108+0000] {dag.py:3239} INFO - Sync 1 DAGs
[2025-07-01T04:12:53.121+0000] {logging_mixin.py:190} INFO - [2025-07-01T04:12:53.121+0000] {dag.py:4180} INFO - Setting next_dagrun for example_dynamic_task_mapping to None, run_after=None
[2025-07-01T04:12:53.137+0000] {processor.py:208} INFO - Processing /home/airflow/.local/lib/python3.12/site-packages/airflow/example_dags/example_dynamic_task_mapping.py took 0.065 seconds
[2025-07-01T04:13:23.662+0000] {processor.py:186} INFO - Started process (PID=18393) to work on /home/airflow/.local/lib/python3.12/site-packages/airflow/example_dags/example_dynamic_task_mapping.py
[2025-07-01T04:13:23.663+0000] {processor.py:914} INFO - Processing file /home/airflow/.local/lib/python3.12/site-packages/airflow/example_dags/example_dynamic_task_mapping.py for tasks to queue
[2025-07-01T04:13:23.665+0000] {logging_mixin.py:190} INFO - [2025-07-01T04:13:23.665+0000] {dagbag.py:588} INFO - Filling up the DagBag from /home/airflow/.local/lib/python3.12/site-packages/airflow/example_dags/example_dynamic_task_mapping.py
[2025-07-01T04:13:23.673+0000] {processor.py:925} INFO - DAG(s) 'example_dynamic_task_mapping' retrieved from /home/airflow/.local/lib/python3.12/site-packages/airflow/example_dags/example_dynamic_task_mapping.py
[2025-07-01T04:13:23.692+0000] {logging_mixin.py:190} INFO - [2025-07-01T04:13:23.692+0000] {dag.py:3239} INFO - Sync 1 DAGs
[2025-07-01T04:13:23.706+0000] {logging_mixin.py:190} INFO - [2025-07-01T04:13:23.705+0000] {dag.py:4180} INFO - Setting next_dagrun for example_dynamic_task_mapping to None, run_after=None
[2025-07-01T04:13:23.721+0000] {processor.py:208} INFO - Processing /home/airflow/.local/lib/python3.12/site-packages/airflow/example_dags/example_dynamic_task_mapping.py took 0.065 seconds
[2025-07-01T04:13:54.245+0000] {processor.py:186} INFO - Started process (PID=18455) to work on /home/airflow/.local/lib/python3.12/site-packages/airflow/example_dags/example_dynamic_task_mapping.py
[2025-07-01T04:13:54.246+0000] {processor.py:914} INFO - Processing file /home/airflow/.local/lib/python3.12/site-packages/airflow/example_dags/example_dynamic_task_mapping.py for tasks to queue
[2025-07-01T04:13:54.249+0000] {logging_mixin.py:190} INFO - [2025-07-01T04:13:54.248+0000] {dagbag.py:588} INFO - Filling up the DagBag from /home/airflow/.local/lib/python3.12/site-packages/airflow/example_dags/example_dynamic_task_mapping.py
[2025-07-01T04:13:54.260+0000] {processor.py:925} INFO - DAG(s) 'example_dynamic_task_mapping' retrieved from /home/airflow/.local/lib/python3.12/site-packages/airflow/example_dags/example_dynamic_task_mapping.py
[2025-07-01T04:13:54.283+0000] {logging_mixin.py:190} INFO - [2025-07-01T04:13:54.283+0000] {dag.py:3239} INFO - Sync 1 DAGs
[2025-07-01T04:13:54.300+0000] {logging_mixin.py:190} INFO - [2025-07-01T04:13:54.300+0000] {dag.py:4180} INFO - Setting next_dagrun for example_dynamic_task_mapping to None, run_after=None
[2025-07-01T04:13:54.319+0000] {processor.py:208} INFO - Processing /home/airflow/.local/lib/python3.12/site-packages/airflow/example_dags/example_dynamic_task_mapping.py took 0.082 seconds
[2025-07-01T04:14:24.858+0000] {processor.py:186} INFO - Started process (PID=18517) to work on /home/airflow/.local/lib/python3.12/site-packages/airflow/example_dags/example_dynamic_task_mapping.py
[2025-07-01T04:14:24.859+0000] {processor.py:914} INFO - Processing file /home/airflow/.local/lib/python3.12/site-packages/airflow/example_dags/example_dynamic_task_mapping.py for tasks to queue
[2025-07-01T04:14:24.863+0000] {logging_mixin.py:190} INFO - [2025-07-01T04:14:24.862+0000] {dagbag.py:588} INFO - Filling up the DagBag from /home/airflow/.local/lib/python3.12/site-packages/airflow/example_dags/example_dynamic_task_mapping.py
[2025-07-01T04:14:24.874+0000] {processor.py:925} INFO - DAG(s) 'example_dynamic_task_mapping' retrieved from /home/airflow/.local/lib/python3.12/site-packages/airflow/example_dags/example_dynamic_task_mapping.py
[2025-07-01T04:14:24.900+0000] {logging_mixin.py:190} INFO - [2025-07-01T04:14:24.900+0000] {dag.py:3239} INFO - Sync 1 DAGs
[2025-07-01T04:14:24.921+0000] {logging_mixin.py:190} INFO - [2025-07-01T04:14:24.920+0000] {dag.py:4180} INFO - Setting next_dagrun for example_dynamic_task_mapping to None, run_after=None
[2025-07-01T04:14:24.939+0000] {processor.py:208} INFO - Processing /home/airflow/.local/lib/python3.12/site-packages/airflow/example_dags/example_dynamic_task_mapping.py took 0.093 seconds
[2025-07-01T04:14:55.500+0000] {processor.py:186} INFO - Started process (PID=18579) to work on /home/airflow/.local/lib/python3.12/site-packages/airflow/example_dags/example_dynamic_task_mapping.py
[2025-07-01T04:14:55.501+0000] {processor.py:914} INFO - Processing file /home/airflow/.local/lib/python3.12/site-packages/airflow/example_dags/example_dynamic_task_mapping.py for tasks to queue
[2025-07-01T04:14:55.504+0000] {logging_mixin.py:190} INFO - [2025-07-01T04:14:55.504+0000] {dagbag.py:588} INFO - Filling up the DagBag from /home/airflow/.local/lib/python3.12/site-packages/airflow/example_dags/example_dynamic_task_mapping.py
[2025-07-01T04:14:55.516+0000] {processor.py:925} INFO - DAG(s) 'example_dynamic_task_mapping' retrieved from /home/airflow/.local/lib/python3.12/site-packages/airflow/example_dags/example_dynamic_task_mapping.py
[2025-07-01T04:14:55.536+0000] {logging_mixin.py:190} INFO - [2025-07-01T04:14:55.535+0000] {dag.py:3239} INFO - Sync 1 DAGs
[2025-07-01T04:14:55.549+0000] {logging_mixin.py:190} INFO - [2025-07-01T04:14:55.549+0000] {dag.py:4180} INFO - Setting next_dagrun for example_dynamic_task_mapping to None, run_after=None
[2025-07-01T04:14:55.565+0000] {processor.py:208} INFO - Processing /home/airflow/.local/lib/python3.12/site-packages/airflow/example_dags/example_dynamic_task_mapping.py took 0.072 seconds
[2025-07-01T04:15:26.107+0000] {processor.py:186} INFO - Started process (PID=18641) to work on /home/airflow/.local/lib/python3.12/site-packages/airflow/example_dags/example_dynamic_task_mapping.py
[2025-07-01T04:15:26.108+0000] {processor.py:914} INFO - Processing file /home/airflow/.local/lib/python3.12/site-packages/airflow/example_dags/example_dynamic_task_mapping.py for tasks to queue
[2025-07-01T04:15:26.110+0000] {logging_mixin.py:190} INFO - [2025-07-01T04:15:26.110+0000] {dagbag.py:588} INFO - Filling up the DagBag from /home/airflow/.local/lib/python3.12/site-packages/airflow/example_dags/example_dynamic_task_mapping.py
[2025-07-01T04:15:26.118+0000] {processor.py:925} INFO - DAG(s) 'example_dynamic_task_mapping' retrieved from /home/airflow/.local/lib/python3.12/site-packages/airflow/example_dags/example_dynamic_task_mapping.py
[2025-07-01T04:15:26.138+0000] {logging_mixin.py:190} INFO - [2025-07-01T04:15:26.138+0000] {dag.py:3239} INFO - Sync 1 DAGs
[2025-07-01T04:15:26.152+0000] {logging_mixin.py:190} INFO - [2025-07-01T04:15:26.151+0000] {dag.py:4180} INFO - Setting next_dagrun for example_dynamic_task_mapping to None, run_after=None
[2025-07-01T04:15:26.167+0000] {processor.py:208} INFO - Processing /home/airflow/.local/lib/python3.12/site-packages/airflow/example_dags/example_dynamic_task_mapping.py took 0.066 seconds
[2025-07-01T04:15:56.602+0000] {processor.py:186} INFO - Started process (PID=18703) to work on /home/airflow/.local/lib/python3.12/site-packages/airflow/example_dags/example_dynamic_task_mapping.py
[2025-07-01T04:15:56.603+0000] {processor.py:914} INFO - Processing file /home/airflow/.local/lib/python3.12/site-packages/airflow/example_dags/example_dynamic_task_mapping.py for tasks to queue
[2025-07-01T04:15:56.606+0000] {logging_mixin.py:190} INFO - [2025-07-01T04:15:56.605+0000] {dagbag.py:588} INFO - Filling up the DagBag from /home/airflow/.local/lib/python3.12/site-packages/airflow/example_dags/example_dynamic_task_mapping.py
[2025-07-01T04:15:56.614+0000] {processor.py:925} INFO - DAG(s) 'example_dynamic_task_mapping' retrieved from /home/airflow/.local/lib/python3.12/site-packages/airflow/example_dags/example_dynamic_task_mapping.py
[2025-07-01T04:15:56.633+0000] {logging_mixin.py:190} INFO - [2025-07-01T04:15:56.633+0000] {dag.py:3239} INFO - Sync 1 DAGs
[2025-07-01T04:15:56.647+0000] {logging_mixin.py:190} INFO - [2025-07-01T04:15:56.646+0000] {dag.py:4180} INFO - Setting next_dagrun for example_dynamic_task_mapping to None, run_after=None
[2025-07-01T04:15:56.663+0000] {processor.py:208} INFO - Processing /home/airflow/.local/lib/python3.12/site-packages/airflow/example_dags/example_dynamic_task_mapping.py took 0.067 seconds
[2025-07-01T04:16:27.256+0000] {processor.py:186} INFO - Started process (PID=18765) to work on /home/airflow/.local/lib/python3.12/site-packages/airflow/example_dags/example_dynamic_task_mapping.py
[2025-07-01T04:16:27.257+0000] {processor.py:914} INFO - Processing file /home/airflow/.local/lib/python3.12/site-packages/airflow/example_dags/example_dynamic_task_mapping.py for tasks to queue
[2025-07-01T04:16:27.259+0000] {logging_mixin.py:190} INFO - [2025-07-01T04:16:27.259+0000] {dagbag.py:588} INFO - Filling up the DagBag from /home/airflow/.local/lib/python3.12/site-packages/airflow/example_dags/example_dynamic_task_mapping.py
[2025-07-01T04:16:27.267+0000] {processor.py:925} INFO - DAG(s) 'example_dynamic_task_mapping' retrieved from /home/airflow/.local/lib/python3.12/site-packages/airflow/example_dags/example_dynamic_task_mapping.py
[2025-07-01T04:16:27.285+0000] {logging_mixin.py:190} INFO - [2025-07-01T04:16:27.285+0000] {dag.py:3239} INFO - Sync 1 DAGs
[2025-07-01T04:16:27.298+0000] {logging_mixin.py:190} INFO - [2025-07-01T04:16:27.298+0000] {dag.py:4180} INFO - Setting next_dagrun for example_dynamic_task_mapping to None, run_after=None
[2025-07-01T04:16:27.314+0000] {processor.py:208} INFO - Processing /home/airflow/.local/lib/python3.12/site-packages/airflow/example_dags/example_dynamic_task_mapping.py took 0.064 seconds
[2025-07-01T04:16:58.103+0000] {processor.py:186} INFO - Started process (PID=18827) to work on /home/airflow/.local/lib/python3.12/site-packages/airflow/example_dags/example_dynamic_task_mapping.py
[2025-07-01T04:16:58.104+0000] {processor.py:914} INFO - Processing file /home/airflow/.local/lib/python3.12/site-packages/airflow/example_dags/example_dynamic_task_mapping.py for tasks to queue
[2025-07-01T04:16:58.107+0000] {logging_mixin.py:190} INFO - [2025-07-01T04:16:58.106+0000] {dagbag.py:588} INFO - Filling up the DagBag from /home/airflow/.local/lib/python3.12/site-packages/airflow/example_dags/example_dynamic_task_mapping.py
[2025-07-01T04:16:58.115+0000] {processor.py:925} INFO - DAG(s) 'example_dynamic_task_mapping' retrieved from /home/airflow/.local/lib/python3.12/site-packages/airflow/example_dags/example_dynamic_task_mapping.py
[2025-07-01T04:16:58.135+0000] {logging_mixin.py:190} INFO - [2025-07-01T04:16:58.134+0000] {dag.py:3239} INFO - Sync 1 DAGs
[2025-07-01T04:16:58.148+0000] {logging_mixin.py:190} INFO - [2025-07-01T04:16:58.147+0000] {dag.py:4180} INFO - Setting next_dagrun for example_dynamic_task_mapping to None, run_after=None
[2025-07-01T04:16:58.164+0000] {processor.py:208} INFO - Processing /home/airflow/.local/lib/python3.12/site-packages/airflow/example_dags/example_dynamic_task_mapping.py took 0.066 seconds
[2025-07-01T04:17:29.083+0000] {processor.py:186} INFO - Started process (PID=18889) to work on /home/airflow/.local/lib/python3.12/site-packages/airflow/example_dags/example_dynamic_task_mapping.py
[2025-07-01T04:17:29.084+0000] {processor.py:914} INFO - Processing file /home/airflow/.local/lib/python3.12/site-packages/airflow/example_dags/example_dynamic_task_mapping.py for tasks to queue
[2025-07-01T04:17:29.087+0000] {logging_mixin.py:190} INFO - [2025-07-01T04:17:29.086+0000] {dagbag.py:588} INFO - Filling up the DagBag from /home/airflow/.local/lib/python3.12/site-packages/airflow/example_dags/example_dynamic_task_mapping.py
[2025-07-01T04:17:29.095+0000] {processor.py:925} INFO - DAG(s) 'example_dynamic_task_mapping' retrieved from /home/airflow/.local/lib/python3.12/site-packages/airflow/example_dags/example_dynamic_task_mapping.py
[2025-07-01T04:17:29.114+0000] {logging_mixin.py:190} INFO - [2025-07-01T04:17:29.113+0000] {dag.py:3239} INFO - Sync 1 DAGs
[2025-07-01T04:17:29.127+0000] {logging_mixin.py:190} INFO - [2025-07-01T04:17:29.126+0000] {dag.py:4180} INFO - Setting next_dagrun for example_dynamic_task_mapping to None, run_after=None
[2025-07-01T04:17:29.142+0000] {processor.py:208} INFO - Processing /home/airflow/.local/lib/python3.12/site-packages/airflow/example_dags/example_dynamic_task_mapping.py took 0.065 seconds
[2025-07-01T04:17:59.773+0000] {processor.py:186} INFO - Started process (PID=18951) to work on /home/airflow/.local/lib/python3.12/site-packages/airflow/example_dags/example_dynamic_task_mapping.py
[2025-07-01T04:17:59.774+0000] {processor.py:914} INFO - Processing file /home/airflow/.local/lib/python3.12/site-packages/airflow/example_dags/example_dynamic_task_mapping.py for tasks to queue
[2025-07-01T04:17:59.777+0000] {logging_mixin.py:190} INFO - [2025-07-01T04:17:59.776+0000] {dagbag.py:588} INFO - Filling up the DagBag from /home/airflow/.local/lib/python3.12/site-packages/airflow/example_dags/example_dynamic_task_mapping.py
[2025-07-01T04:17:59.785+0000] {processor.py:925} INFO - DAG(s) 'example_dynamic_task_mapping' retrieved from /home/airflow/.local/lib/python3.12/site-packages/airflow/example_dags/example_dynamic_task_mapping.py
[2025-07-01T04:17:59.804+0000] {logging_mixin.py:190} INFO - [2025-07-01T04:17:59.804+0000] {dag.py:3239} INFO - Sync 1 DAGs
[2025-07-01T04:17:59.825+0000] {logging_mixin.py:190} INFO - [2025-07-01T04:17:59.825+0000] {dag.py:4180} INFO - Setting next_dagrun for example_dynamic_task_mapping to None, run_after=None
[2025-07-01T04:17:59.842+0000] {processor.py:208} INFO - Processing /home/airflow/.local/lib/python3.12/site-packages/airflow/example_dags/example_dynamic_task_mapping.py took 0.075 seconds
[2025-07-01T04:18:30.674+0000] {processor.py:186} INFO - Started process (PID=19013) to work on /home/airflow/.local/lib/python3.12/site-packages/airflow/example_dags/example_dynamic_task_mapping.py
[2025-07-01T04:18:30.675+0000] {processor.py:914} INFO - Processing file /home/airflow/.local/lib/python3.12/site-packages/airflow/example_dags/example_dynamic_task_mapping.py for tasks to queue
[2025-07-01T04:18:30.678+0000] {logging_mixin.py:190} INFO - [2025-07-01T04:18:30.678+0000] {dagbag.py:588} INFO - Filling up the DagBag from /home/airflow/.local/lib/python3.12/site-packages/airflow/example_dags/example_dynamic_task_mapping.py
[2025-07-01T04:18:30.687+0000] {processor.py:925} INFO - DAG(s) 'example_dynamic_task_mapping' retrieved from /home/airflow/.local/lib/python3.12/site-packages/airflow/example_dags/example_dynamic_task_mapping.py
[2025-07-01T04:18:30.707+0000] {logging_mixin.py:190} INFO - [2025-07-01T04:18:30.706+0000] {dag.py:3239} INFO - Sync 1 DAGs
[2025-07-01T04:18:30.720+0000] {logging_mixin.py:190} INFO - [2025-07-01T04:18:30.720+0000] {dag.py:4180} INFO - Setting next_dagrun for example_dynamic_task_mapping to None, run_after=None
[2025-07-01T04:18:30.738+0000] {processor.py:208} INFO - Processing /home/airflow/.local/lib/python3.12/site-packages/airflow/example_dags/example_dynamic_task_mapping.py took 0.069 seconds
[2025-07-01T04:19:01.201+0000] {processor.py:186} INFO - Started process (PID=19075) to work on /home/airflow/.local/lib/python3.12/site-packages/airflow/example_dags/example_dynamic_task_mapping.py
[2025-07-01T04:19:01.202+0000] {processor.py:914} INFO - Processing file /home/airflow/.local/lib/python3.12/site-packages/airflow/example_dags/example_dynamic_task_mapping.py for tasks to queue
[2025-07-01T04:19:01.204+0000] {logging_mixin.py:190} INFO - [2025-07-01T04:19:01.204+0000] {dagbag.py:588} INFO - Filling up the DagBag from /home/airflow/.local/lib/python3.12/site-packages/airflow/example_dags/example_dynamic_task_mapping.py
[2025-07-01T04:19:01.212+0000] {processor.py:925} INFO - DAG(s) 'example_dynamic_task_mapping' retrieved from /home/airflow/.local/lib/python3.12/site-packages/airflow/example_dags/example_dynamic_task_mapping.py
[2025-07-01T04:19:01.232+0000] {logging_mixin.py:190} INFO - [2025-07-01T04:19:01.231+0000] {dag.py:3239} INFO - Sync 1 DAGs
[2025-07-01T04:19:01.246+0000] {logging_mixin.py:190} INFO - [2025-07-01T04:19:01.246+0000] {dag.py:4180} INFO - Setting next_dagrun for example_dynamic_task_mapping to None, run_after=None
[2025-07-01T04:19:01.262+0000] {processor.py:208} INFO - Processing /home/airflow/.local/lib/python3.12/site-packages/airflow/example_dags/example_dynamic_task_mapping.py took 0.067 seconds
[2025-07-01T04:19:31.949+0000] {processor.py:186} INFO - Started process (PID=19137) to work on /home/airflow/.local/lib/python3.12/site-packages/airflow/example_dags/example_dynamic_task_mapping.py
[2025-07-01T04:19:31.950+0000] {processor.py:914} INFO - Processing file /home/airflow/.local/lib/python3.12/site-packages/airflow/example_dags/example_dynamic_task_mapping.py for tasks to queue
[2025-07-01T04:19:31.953+0000] {logging_mixin.py:190} INFO - [2025-07-01T04:19:31.953+0000] {dagbag.py:588} INFO - Filling up the DagBag from /home/airflow/.local/lib/python3.12/site-packages/airflow/example_dags/example_dynamic_task_mapping.py
[2025-07-01T04:19:31.963+0000] {processor.py:925} INFO - DAG(s) 'example_dynamic_task_mapping' retrieved from /home/airflow/.local/lib/python3.12/site-packages/airflow/example_dags/example_dynamic_task_mapping.py
[2025-07-01T04:19:31.983+0000] {logging_mixin.py:190} INFO - [2025-07-01T04:19:31.983+0000] {dag.py:3239} INFO - Sync 1 DAGs
[2025-07-01T04:19:31.996+0000] {logging_mixin.py:190} INFO - [2025-07-01T04:19:31.996+0000] {dag.py:4180} INFO - Setting next_dagrun for example_dynamic_task_mapping to None, run_after=None
[2025-07-01T04:19:32.012+0000] {processor.py:208} INFO - Processing /home/airflow/.local/lib/python3.12/site-packages/airflow/example_dags/example_dynamic_task_mapping.py took 0.069 seconds
[2025-07-01T04:20:02.460+0000] {processor.py:186} INFO - Started process (PID=19199) to work on /home/airflow/.local/lib/python3.12/site-packages/airflow/example_dags/example_dynamic_task_mapping.py
[2025-07-01T04:20:02.461+0000] {processor.py:914} INFO - Processing file /home/airflow/.local/lib/python3.12/site-packages/airflow/example_dags/example_dynamic_task_mapping.py for tasks to queue
[2025-07-01T04:20:02.463+0000] {logging_mixin.py:190} INFO - [2025-07-01T04:20:02.463+0000] {dagbag.py:588} INFO - Filling up the DagBag from /home/airflow/.local/lib/python3.12/site-packages/airflow/example_dags/example_dynamic_task_mapping.py
[2025-07-01T04:20:02.472+0000] {processor.py:925} INFO - DAG(s) 'example_dynamic_task_mapping' retrieved from /home/airflow/.local/lib/python3.12/site-packages/airflow/example_dags/example_dynamic_task_mapping.py
[2025-07-01T04:20:02.493+0000] {logging_mixin.py:190} INFO - [2025-07-01T04:20:02.493+0000] {dag.py:3239} INFO - Sync 1 DAGs
[2025-07-01T04:20:02.507+0000] {logging_mixin.py:190} INFO - [2025-07-01T04:20:02.506+0000] {dag.py:4180} INFO - Setting next_dagrun for example_dynamic_task_mapping to None, run_after=None
[2025-07-01T04:20:02.523+0000] {processor.py:208} INFO - Processing /home/airflow/.local/lib/python3.12/site-packages/airflow/example_dags/example_dynamic_task_mapping.py took 0.068 seconds
[2025-07-01T04:20:33.189+0000] {processor.py:186} INFO - Started process (PID=19261) to work on /home/airflow/.local/lib/python3.12/site-packages/airflow/example_dags/example_dynamic_task_mapping.py
[2025-07-01T04:20:33.190+0000] {processor.py:914} INFO - Processing file /home/airflow/.local/lib/python3.12/site-packages/airflow/example_dags/example_dynamic_task_mapping.py for tasks to queue
[2025-07-01T04:20:33.193+0000] {logging_mixin.py:190} INFO - [2025-07-01T04:20:33.192+0000] {dagbag.py:588} INFO - Filling up the DagBag from /home/airflow/.local/lib/python3.12/site-packages/airflow/example_dags/example_dynamic_task_mapping.py
[2025-07-01T04:20:33.204+0000] {processor.py:925} INFO - DAG(s) 'example_dynamic_task_mapping' retrieved from /home/airflow/.local/lib/python3.12/site-packages/airflow/example_dags/example_dynamic_task_mapping.py
[2025-07-01T04:20:33.222+0000] {logging_mixin.py:190} INFO - [2025-07-01T04:20:33.222+0000] {dag.py:3239} INFO - Sync 1 DAGs
[2025-07-01T04:20:33.236+0000] {logging_mixin.py:190} INFO - [2025-07-01T04:20:33.236+0000] {dag.py:4180} INFO - Setting next_dagrun for example_dynamic_task_mapping to None, run_after=None
[2025-07-01T04:20:33.252+0000] {processor.py:208} INFO - Processing /home/airflow/.local/lib/python3.12/site-packages/airflow/example_dags/example_dynamic_task_mapping.py took 0.069 seconds
[2025-07-01T04:21:03.962+0000] {processor.py:186} INFO - Started process (PID=19323) to work on /home/airflow/.local/lib/python3.12/site-packages/airflow/example_dags/example_dynamic_task_mapping.py
[2025-07-01T04:21:03.963+0000] {processor.py:914} INFO - Processing file /home/airflow/.local/lib/python3.12/site-packages/airflow/example_dags/example_dynamic_task_mapping.py for tasks to queue
[2025-07-01T04:21:03.966+0000] {logging_mixin.py:190} INFO - [2025-07-01T04:21:03.966+0000] {dagbag.py:588} INFO - Filling up the DagBag from /home/airflow/.local/lib/python3.12/site-packages/airflow/example_dags/example_dynamic_task_mapping.py
[2025-07-01T04:21:03.974+0000] {processor.py:925} INFO - DAG(s) 'example_dynamic_task_mapping' retrieved from /home/airflow/.local/lib/python3.12/site-packages/airflow/example_dags/example_dynamic_task_mapping.py
[2025-07-01T04:21:03.994+0000] {logging_mixin.py:190} INFO - [2025-07-01T04:21:03.994+0000] {dag.py:3239} INFO - Sync 1 DAGs
[2025-07-01T04:21:04.007+0000] {logging_mixin.py:190} INFO - [2025-07-01T04:21:04.007+0000] {dag.py:4180} INFO - Setting next_dagrun for example_dynamic_task_mapping to None, run_after=None
[2025-07-01T04:21:04.024+0000] {processor.py:208} INFO - Processing /home/airflow/.local/lib/python3.12/site-packages/airflow/example_dags/example_dynamic_task_mapping.py took 0.067 seconds
[2025-07-01T04:21:34.789+0000] {processor.py:186} INFO - Started process (PID=19385) to work on /home/airflow/.local/lib/python3.12/site-packages/airflow/example_dags/example_dynamic_task_mapping.py
[2025-07-01T04:21:34.791+0000] {processor.py:914} INFO - Processing file /home/airflow/.local/lib/python3.12/site-packages/airflow/example_dags/example_dynamic_task_mapping.py for tasks to queue
[2025-07-01T04:21:34.793+0000] {logging_mixin.py:190} INFO - [2025-07-01T04:21:34.793+0000] {dagbag.py:588} INFO - Filling up the DagBag from /home/airflow/.local/lib/python3.12/site-packages/airflow/example_dags/example_dynamic_task_mapping.py
[2025-07-01T04:21:34.801+0000] {processor.py:925} INFO - DAG(s) 'example_dynamic_task_mapping' retrieved from /home/airflow/.local/lib/python3.12/site-packages/airflow/example_dags/example_dynamic_task_mapping.py
[2025-07-01T04:21:34.820+0000] {logging_mixin.py:190} INFO - [2025-07-01T04:21:34.820+0000] {dag.py:3239} INFO - Sync 1 DAGs
[2025-07-01T04:21:34.834+0000] {logging_mixin.py:190} INFO - [2025-07-01T04:21:34.833+0000] {dag.py:4180} INFO - Setting next_dagrun for example_dynamic_task_mapping to None, run_after=None
[2025-07-01T04:21:34.850+0000] {processor.py:208} INFO - Processing /home/airflow/.local/lib/python3.12/site-packages/airflow/example_dags/example_dynamic_task_mapping.py took 0.067 seconds
[2025-07-01T04:22:05.472+0000] {processor.py:186} INFO - Started process (PID=19447) to work on /home/airflow/.local/lib/python3.12/site-packages/airflow/example_dags/example_dynamic_task_mapping.py
[2025-07-01T04:22:05.473+0000] {processor.py:914} INFO - Processing file /home/airflow/.local/lib/python3.12/site-packages/airflow/example_dags/example_dynamic_task_mapping.py for tasks to queue
[2025-07-01T04:22:05.475+0000] {logging_mixin.py:190} INFO - [2025-07-01T04:22:05.475+0000] {dagbag.py:588} INFO - Filling up the DagBag from /home/airflow/.local/lib/python3.12/site-packages/airflow/example_dags/example_dynamic_task_mapping.py
[2025-07-01T04:22:05.484+0000] {processor.py:925} INFO - DAG(s) 'example_dynamic_task_mapping' retrieved from /home/airflow/.local/lib/python3.12/site-packages/airflow/example_dags/example_dynamic_task_mapping.py
[2025-07-01T04:22:05.502+0000] {logging_mixin.py:190} INFO - [2025-07-01T04:22:05.501+0000] {dag.py:3239} INFO - Sync 1 DAGs
[2025-07-01T04:22:05.515+0000] {logging_mixin.py:190} INFO - [2025-07-01T04:22:05.514+0000] {dag.py:4180} INFO - Setting next_dagrun for example_dynamic_task_mapping to None, run_after=None
[2025-07-01T04:22:05.532+0000] {processor.py:208} INFO - Processing /home/airflow/.local/lib/python3.12/site-packages/airflow/example_dags/example_dynamic_task_mapping.py took 0.067 seconds
[2025-07-01T04:22:36.084+0000] {processor.py:186} INFO - Started process (PID=19509) to work on /home/airflow/.local/lib/python3.12/site-packages/airflow/example_dags/example_dynamic_task_mapping.py
[2025-07-01T04:22:36.085+0000] {processor.py:914} INFO - Processing file /home/airflow/.local/lib/python3.12/site-packages/airflow/example_dags/example_dynamic_task_mapping.py for tasks to queue
[2025-07-01T04:22:36.088+0000] {logging_mixin.py:190} INFO - [2025-07-01T04:22:36.087+0000] {dagbag.py:588} INFO - Filling up the DagBag from /home/airflow/.local/lib/python3.12/site-packages/airflow/example_dags/example_dynamic_task_mapping.py
[2025-07-01T04:22:36.096+0000] {processor.py:925} INFO - DAG(s) 'example_dynamic_task_mapping' retrieved from /home/airflow/.local/lib/python3.12/site-packages/airflow/example_dags/example_dynamic_task_mapping.py
[2025-07-01T04:22:36.114+0000] {logging_mixin.py:190} INFO - [2025-07-01T04:22:36.114+0000] {dag.py:3239} INFO - Sync 1 DAGs
[2025-07-01T04:22:36.128+0000] {logging_mixin.py:190} INFO - [2025-07-01T04:22:36.127+0000] {dag.py:4180} INFO - Setting next_dagrun for example_dynamic_task_mapping to None, run_after=None
[2025-07-01T04:22:36.143+0000] {processor.py:208} INFO - Processing /home/airflow/.local/lib/python3.12/site-packages/airflow/example_dags/example_dynamic_task_mapping.py took 0.065 seconds
[2025-07-01T04:23:06.642+0000] {processor.py:186} INFO - Started process (PID=19571) to work on /home/airflow/.local/lib/python3.12/site-packages/airflow/example_dags/example_dynamic_task_mapping.py
[2025-07-01T04:23:06.643+0000] {processor.py:914} INFO - Processing file /home/airflow/.local/lib/python3.12/site-packages/airflow/example_dags/example_dynamic_task_mapping.py for tasks to queue
[2025-07-01T04:23:06.646+0000] {logging_mixin.py:190} INFO - [2025-07-01T04:23:06.646+0000] {dagbag.py:588} INFO - Filling up the DagBag from /home/airflow/.local/lib/python3.12/site-packages/airflow/example_dags/example_dynamic_task_mapping.py
[2025-07-01T04:23:06.655+0000] {processor.py:925} INFO - DAG(s) 'example_dynamic_task_mapping' retrieved from /home/airflow/.local/lib/python3.12/site-packages/airflow/example_dags/example_dynamic_task_mapping.py
[2025-07-01T04:23:06.674+0000] {logging_mixin.py:190} INFO - [2025-07-01T04:23:06.674+0000] {dag.py:3239} INFO - Sync 1 DAGs
[2025-07-01T04:23:06.687+0000] {logging_mixin.py:190} INFO - [2025-07-01T04:23:06.687+0000] {dag.py:4180} INFO - Setting next_dagrun for example_dynamic_task_mapping to None, run_after=None
[2025-07-01T04:23:06.704+0000] {processor.py:208} INFO - Processing /home/airflow/.local/lib/python3.12/site-packages/airflow/example_dags/example_dynamic_task_mapping.py took 0.067 seconds
[2025-07-01T04:23:37.592+0000] {processor.py:186} INFO - Started process (PID=19633) to work on /home/airflow/.local/lib/python3.12/site-packages/airflow/example_dags/example_dynamic_task_mapping.py
[2025-07-01T04:23:37.593+0000] {processor.py:914} INFO - Processing file /home/airflow/.local/lib/python3.12/site-packages/airflow/example_dags/example_dynamic_task_mapping.py for tasks to queue
[2025-07-01T04:23:37.595+0000] {logging_mixin.py:190} INFO - [2025-07-01T04:23:37.595+0000] {dagbag.py:588} INFO - Filling up the DagBag from /home/airflow/.local/lib/python3.12/site-packages/airflow/example_dags/example_dynamic_task_mapping.py
[2025-07-01T04:23:37.603+0000] {processor.py:925} INFO - DAG(s) 'example_dynamic_task_mapping' retrieved from /home/airflow/.local/lib/python3.12/site-packages/airflow/example_dags/example_dynamic_task_mapping.py
[2025-07-01T04:23:37.621+0000] {logging_mixin.py:190} INFO - [2025-07-01T04:23:37.621+0000] {dag.py:3239} INFO - Sync 1 DAGs
[2025-07-01T04:23:37.634+0000] {logging_mixin.py:190} INFO - [2025-07-01T04:23:37.634+0000] {dag.py:4180} INFO - Setting next_dagrun for example_dynamic_task_mapping to None, run_after=None
[2025-07-01T04:23:37.648+0000] {processor.py:208} INFO - Processing /home/airflow/.local/lib/python3.12/site-packages/airflow/example_dags/example_dynamic_task_mapping.py took 0.063 seconds
[2025-07-01T04:24:08.144+0000] {processor.py:186} INFO - Started process (PID=19695) to work on /home/airflow/.local/lib/python3.12/site-packages/airflow/example_dags/example_dynamic_task_mapping.py
[2025-07-01T04:24:08.145+0000] {processor.py:914} INFO - Processing file /home/airflow/.local/lib/python3.12/site-packages/airflow/example_dags/example_dynamic_task_mapping.py for tasks to queue
[2025-07-01T04:24:08.147+0000] {logging_mixin.py:190} INFO - [2025-07-01T04:24:08.147+0000] {dagbag.py:588} INFO - Filling up the DagBag from /home/airflow/.local/lib/python3.12/site-packages/airflow/example_dags/example_dynamic_task_mapping.py
[2025-07-01T04:24:08.155+0000] {processor.py:925} INFO - DAG(s) 'example_dynamic_task_mapping' retrieved from /home/airflow/.local/lib/python3.12/site-packages/airflow/example_dags/example_dynamic_task_mapping.py
[2025-07-01T04:24:08.175+0000] {logging_mixin.py:190} INFO - [2025-07-01T04:24:08.174+0000] {dag.py:3239} INFO - Sync 1 DAGs
[2025-07-01T04:24:08.187+0000] {logging_mixin.py:190} INFO - [2025-07-01T04:24:08.187+0000] {dag.py:4180} INFO - Setting next_dagrun for example_dynamic_task_mapping to None, run_after=None
[2025-07-01T04:24:08.203+0000] {processor.py:208} INFO - Processing /home/airflow/.local/lib/python3.12/site-packages/airflow/example_dags/example_dynamic_task_mapping.py took 0.065 seconds
[2025-07-01T04:24:38.867+0000] {processor.py:186} INFO - Started process (PID=19757) to work on /home/airflow/.local/lib/python3.12/site-packages/airflow/example_dags/example_dynamic_task_mapping.py
[2025-07-01T04:24:38.868+0000] {processor.py:914} INFO - Processing file /home/airflow/.local/lib/python3.12/site-packages/airflow/example_dags/example_dynamic_task_mapping.py for tasks to queue
[2025-07-01T04:24:38.871+0000] {logging_mixin.py:190} INFO - [2025-07-01T04:24:38.870+0000] {dagbag.py:588} INFO - Filling up the DagBag from /home/airflow/.local/lib/python3.12/site-packages/airflow/example_dags/example_dynamic_task_mapping.py
[2025-07-01T04:24:38.879+0000] {processor.py:925} INFO - DAG(s) 'example_dynamic_task_mapping' retrieved from /home/airflow/.local/lib/python3.12/site-packages/airflow/example_dags/example_dynamic_task_mapping.py
[2025-07-01T04:24:38.898+0000] {logging_mixin.py:190} INFO - [2025-07-01T04:24:38.898+0000] {dag.py:3239} INFO - Sync 1 DAGs
[2025-07-01T04:24:38.912+0000] {logging_mixin.py:190} INFO - [2025-07-01T04:24:38.911+0000] {dag.py:4180} INFO - Setting next_dagrun for example_dynamic_task_mapping to None, run_after=None
[2025-07-01T04:24:38.927+0000] {processor.py:208} INFO - Processing /home/airflow/.local/lib/python3.12/site-packages/airflow/example_dags/example_dynamic_task_mapping.py took 0.065 seconds
[2025-07-01T04:25:09.431+0000] {processor.py:186} INFO - Started process (PID=19820) to work on /home/airflow/.local/lib/python3.12/site-packages/airflow/example_dags/example_dynamic_task_mapping.py
[2025-07-01T04:25:09.432+0000] {processor.py:914} INFO - Processing file /home/airflow/.local/lib/python3.12/site-packages/airflow/example_dags/example_dynamic_task_mapping.py for tasks to queue
[2025-07-01T04:25:09.435+0000] {logging_mixin.py:190} INFO - [2025-07-01T04:25:09.434+0000] {dagbag.py:588} INFO - Filling up the DagBag from /home/airflow/.local/lib/python3.12/site-packages/airflow/example_dags/example_dynamic_task_mapping.py
[2025-07-01T04:25:09.443+0000] {processor.py:925} INFO - DAG(s) 'example_dynamic_task_mapping' retrieved from /home/airflow/.local/lib/python3.12/site-packages/airflow/example_dags/example_dynamic_task_mapping.py
[2025-07-01T04:25:09.462+0000] {logging_mixin.py:190} INFO - [2025-07-01T04:25:09.462+0000] {dag.py:3239} INFO - Sync 1 DAGs
[2025-07-01T04:25:09.476+0000] {logging_mixin.py:190} INFO - [2025-07-01T04:25:09.476+0000] {dag.py:4180} INFO - Setting next_dagrun for example_dynamic_task_mapping to None, run_after=None
[2025-07-01T04:25:09.492+0000] {processor.py:208} INFO - Processing /home/airflow/.local/lib/python3.12/site-packages/airflow/example_dags/example_dynamic_task_mapping.py took 0.067 seconds
[2025-07-01T04:25:40.389+0000] {processor.py:186} INFO - Started process (PID=19882) to work on /home/airflow/.local/lib/python3.12/site-packages/airflow/example_dags/example_dynamic_task_mapping.py
[2025-07-01T04:25:40.390+0000] {processor.py:914} INFO - Processing file /home/airflow/.local/lib/python3.12/site-packages/airflow/example_dags/example_dynamic_task_mapping.py for tasks to queue
[2025-07-01T04:25:40.393+0000] {logging_mixin.py:190} INFO - [2025-07-01T04:25:40.393+0000] {dagbag.py:588} INFO - Filling up the DagBag from /home/airflow/.local/lib/python3.12/site-packages/airflow/example_dags/example_dynamic_task_mapping.py
[2025-07-01T04:25:40.403+0000] {processor.py:925} INFO - DAG(s) 'example_dynamic_task_mapping' retrieved from /home/airflow/.local/lib/python3.12/site-packages/airflow/example_dags/example_dynamic_task_mapping.py
[2025-07-01T04:25:40.421+0000] {logging_mixin.py:190} INFO - [2025-07-01T04:25:40.420+0000] {dag.py:3239} INFO - Sync 1 DAGs
[2025-07-01T04:25:40.434+0000] {logging_mixin.py:190} INFO - [2025-07-01T04:25:40.434+0000] {dag.py:4180} INFO - Setting next_dagrun for example_dynamic_task_mapping to None, run_after=None
[2025-07-01T04:25:40.449+0000] {processor.py:208} INFO - Processing /home/airflow/.local/lib/python3.12/site-packages/airflow/example_dags/example_dynamic_task_mapping.py took 0.067 seconds
[2025-07-01T04:26:11.272+0000] {processor.py:186} INFO - Started process (PID=19944) to work on /home/airflow/.local/lib/python3.12/site-packages/airflow/example_dags/example_dynamic_task_mapping.py
[2025-07-01T04:26:11.273+0000] {processor.py:914} INFO - Processing file /home/airflow/.local/lib/python3.12/site-packages/airflow/example_dags/example_dynamic_task_mapping.py for tasks to queue
[2025-07-01T04:26:11.275+0000] {logging_mixin.py:190} INFO - [2025-07-01T04:26:11.275+0000] {dagbag.py:588} INFO - Filling up the DagBag from /home/airflow/.local/lib/python3.12/site-packages/airflow/example_dags/example_dynamic_task_mapping.py
[2025-07-01T04:26:11.283+0000] {processor.py:925} INFO - DAG(s) 'example_dynamic_task_mapping' retrieved from /home/airflow/.local/lib/python3.12/site-packages/airflow/example_dags/example_dynamic_task_mapping.py
[2025-07-01T04:26:11.302+0000] {logging_mixin.py:190} INFO - [2025-07-01T04:26:11.302+0000] {dag.py:3239} INFO - Sync 1 DAGs
[2025-07-01T04:26:11.316+0000] {logging_mixin.py:190} INFO - [2025-07-01T04:26:11.315+0000] {dag.py:4180} INFO - Setting next_dagrun for example_dynamic_task_mapping to None, run_after=None
[2025-07-01T04:26:11.331+0000] {processor.py:208} INFO - Processing /home/airflow/.local/lib/python3.12/site-packages/airflow/example_dags/example_dynamic_task_mapping.py took 0.065 seconds
[2025-07-01T04:26:41.998+0000] {processor.py:186} INFO - Started process (PID=20006) to work on /home/airflow/.local/lib/python3.12/site-packages/airflow/example_dags/example_dynamic_task_mapping.py
[2025-07-01T04:26:41.999+0000] {processor.py:914} INFO - Processing file /home/airflow/.local/lib/python3.12/site-packages/airflow/example_dags/example_dynamic_task_mapping.py for tasks to queue
[2025-07-01T04:26:42.002+0000] {logging_mixin.py:190} INFO - [2025-07-01T04:26:42.001+0000] {dagbag.py:588} INFO - Filling up the DagBag from /home/airflow/.local/lib/python3.12/site-packages/airflow/example_dags/example_dynamic_task_mapping.py
[2025-07-01T04:26:42.010+0000] {processor.py:925} INFO - DAG(s) 'example_dynamic_task_mapping' retrieved from /home/airflow/.local/lib/python3.12/site-packages/airflow/example_dags/example_dynamic_task_mapping.py
[2025-07-01T04:26:42.028+0000] {logging_mixin.py:190} INFO - [2025-07-01T04:26:42.028+0000] {dag.py:3239} INFO - Sync 1 DAGs
[2025-07-01T04:26:42.042+0000] {logging_mixin.py:190} INFO - [2025-07-01T04:26:42.042+0000] {dag.py:4180} INFO - Setting next_dagrun for example_dynamic_task_mapping to None, run_after=None
[2025-07-01T04:26:42.059+0000] {processor.py:208} INFO - Processing /home/airflow/.local/lib/python3.12/site-packages/airflow/example_dags/example_dynamic_task_mapping.py took 0.066 seconds
[2025-07-01T04:27:12.811+0000] {processor.py:186} INFO - Started process (PID=20068) to work on /home/airflow/.local/lib/python3.12/site-packages/airflow/example_dags/example_dynamic_task_mapping.py
[2025-07-01T04:27:12.813+0000] {processor.py:914} INFO - Processing file /home/airflow/.local/lib/python3.12/site-packages/airflow/example_dags/example_dynamic_task_mapping.py for tasks to queue
[2025-07-01T04:27:12.815+0000] {logging_mixin.py:190} INFO - [2025-07-01T04:27:12.815+0000] {dagbag.py:588} INFO - Filling up the DagBag from /home/airflow/.local/lib/python3.12/site-packages/airflow/example_dags/example_dynamic_task_mapping.py
[2025-07-01T04:27:12.824+0000] {processor.py:925} INFO - DAG(s) 'example_dynamic_task_mapping' retrieved from /home/airflow/.local/lib/python3.12/site-packages/airflow/example_dags/example_dynamic_task_mapping.py
[2025-07-01T04:27:12.845+0000] {logging_mixin.py:190} INFO - [2025-07-01T04:27:12.844+0000] {dag.py:3239} INFO - Sync 1 DAGs
[2025-07-01T04:27:12.858+0000] {logging_mixin.py:190} INFO - [2025-07-01T04:27:12.858+0000] {dag.py:4180} INFO - Setting next_dagrun for example_dynamic_task_mapping to None, run_after=None
[2025-07-01T04:27:12.876+0000] {processor.py:208} INFO - Processing /home/airflow/.local/lib/python3.12/site-packages/airflow/example_dags/example_dynamic_task_mapping.py took 0.071 seconds
[2025-07-01T04:27:43.431+0000] {processor.py:186} INFO - Started process (PID=20130) to work on /home/airflow/.local/lib/python3.12/site-packages/airflow/example_dags/example_dynamic_task_mapping.py
[2025-07-01T04:27:43.432+0000] {processor.py:914} INFO - Processing file /home/airflow/.local/lib/python3.12/site-packages/airflow/example_dags/example_dynamic_task_mapping.py for tasks to queue
[2025-07-01T04:27:43.435+0000] {logging_mixin.py:190} INFO - [2025-07-01T04:27:43.434+0000] {dagbag.py:588} INFO - Filling up the DagBag from /home/airflow/.local/lib/python3.12/site-packages/airflow/example_dags/example_dynamic_task_mapping.py
[2025-07-01T04:27:43.443+0000] {processor.py:925} INFO - DAG(s) 'example_dynamic_task_mapping' retrieved from /home/airflow/.local/lib/python3.12/site-packages/airflow/example_dags/example_dynamic_task_mapping.py
[2025-07-01T04:27:43.461+0000] {logging_mixin.py:190} INFO - [2025-07-01T04:27:43.461+0000] {dag.py:3239} INFO - Sync 1 DAGs
[2025-07-01T04:27:43.474+0000] {logging_mixin.py:190} INFO - [2025-07-01T04:27:43.474+0000] {dag.py:4180} INFO - Setting next_dagrun for example_dynamic_task_mapping to None, run_after=None
[2025-07-01T04:27:43.489+0000] {processor.py:208} INFO - Processing /home/airflow/.local/lib/python3.12/site-packages/airflow/example_dags/example_dynamic_task_mapping.py took 0.064 seconds
[2025-07-01T04:28:13.960+0000] {processor.py:186} INFO - Started process (PID=20192) to work on /home/airflow/.local/lib/python3.12/site-packages/airflow/example_dags/example_dynamic_task_mapping.py
[2025-07-01T04:28:13.961+0000] {processor.py:914} INFO - Processing file /home/airflow/.local/lib/python3.12/site-packages/airflow/example_dags/example_dynamic_task_mapping.py for tasks to queue
[2025-07-01T04:28:13.963+0000] {logging_mixin.py:190} INFO - [2025-07-01T04:28:13.963+0000] {dagbag.py:588} INFO - Filling up the DagBag from /home/airflow/.local/lib/python3.12/site-packages/airflow/example_dags/example_dynamic_task_mapping.py
[2025-07-01T04:28:13.971+0000] {processor.py:925} INFO - DAG(s) 'example_dynamic_task_mapping' retrieved from /home/airflow/.local/lib/python3.12/site-packages/airflow/example_dags/example_dynamic_task_mapping.py
[2025-07-01T04:28:13.989+0000] {logging_mixin.py:190} INFO - [2025-07-01T04:28:13.989+0000] {dag.py:3239} INFO - Sync 1 DAGs
[2025-07-01T04:28:14.003+0000] {logging_mixin.py:190} INFO - [2025-07-01T04:28:14.003+0000] {dag.py:4180} INFO - Setting next_dagrun for example_dynamic_task_mapping to None, run_after=None
[2025-07-01T04:28:14.019+0000] {processor.py:208} INFO - Processing /home/airflow/.local/lib/python3.12/site-packages/airflow/example_dags/example_dynamic_task_mapping.py took 0.065 seconds
[2025-07-01T04:28:44.760+0000] {processor.py:186} INFO - Started process (PID=20254) to work on /home/airflow/.local/lib/python3.12/site-packages/airflow/example_dags/example_dynamic_task_mapping.py
[2025-07-01T04:28:44.760+0000] {processor.py:914} INFO - Processing file /home/airflow/.local/lib/python3.12/site-packages/airflow/example_dags/example_dynamic_task_mapping.py for tasks to queue
[2025-07-01T04:28:44.763+0000] {logging_mixin.py:190} INFO - [2025-07-01T04:28:44.762+0000] {dagbag.py:588} INFO - Filling up the DagBag from /home/airflow/.local/lib/python3.12/site-packages/airflow/example_dags/example_dynamic_task_mapping.py
[2025-07-01T04:28:44.771+0000] {processor.py:925} INFO - DAG(s) 'example_dynamic_task_mapping' retrieved from /home/airflow/.local/lib/python3.12/site-packages/airflow/example_dags/example_dynamic_task_mapping.py
[2025-07-01T04:28:44.790+0000] {logging_mixin.py:190} INFO - [2025-07-01T04:28:44.790+0000] {dag.py:3239} INFO - Sync 1 DAGs
[2025-07-01T04:28:44.803+0000] {logging_mixin.py:190} INFO - [2025-07-01T04:28:44.803+0000] {dag.py:4180} INFO - Setting next_dagrun for example_dynamic_task_mapping to None, run_after=None
[2025-07-01T04:28:44.819+0000] {processor.py:208} INFO - Processing /home/airflow/.local/lib/python3.12/site-packages/airflow/example_dags/example_dynamic_task_mapping.py took 0.065 seconds
[2025-07-01T04:29:15.422+0000] {processor.py:186} INFO - Started process (PID=20316) to work on /home/airflow/.local/lib/python3.12/site-packages/airflow/example_dags/example_dynamic_task_mapping.py
[2025-07-01T04:29:15.423+0000] {processor.py:914} INFO - Processing file /home/airflow/.local/lib/python3.12/site-packages/airflow/example_dags/example_dynamic_task_mapping.py for tasks to queue
[2025-07-01T04:29:15.425+0000] {logging_mixin.py:190} INFO - [2025-07-01T04:29:15.425+0000] {dagbag.py:588} INFO - Filling up the DagBag from /home/airflow/.local/lib/python3.12/site-packages/airflow/example_dags/example_dynamic_task_mapping.py
[2025-07-01T04:29:15.433+0000] {processor.py:925} INFO - DAG(s) 'example_dynamic_task_mapping' retrieved from /home/airflow/.local/lib/python3.12/site-packages/airflow/example_dags/example_dynamic_task_mapping.py
[2025-07-01T04:29:15.454+0000] {logging_mixin.py:190} INFO - [2025-07-01T04:29:15.453+0000] {dag.py:3239} INFO - Sync 1 DAGs
[2025-07-01T04:29:15.470+0000] {logging_mixin.py:190} INFO - [2025-07-01T04:29:15.470+0000] {dag.py:4180} INFO - Setting next_dagrun for example_dynamic_task_mapping to None, run_after=None
[2025-07-01T04:29:15.491+0000] {processor.py:208} INFO - Processing /home/airflow/.local/lib/python3.12/site-packages/airflow/example_dags/example_dynamic_task_mapping.py took 0.075 seconds
[2025-07-01T04:29:46.255+0000] {processor.py:186} INFO - Started process (PID=20378) to work on /home/airflow/.local/lib/python3.12/site-packages/airflow/example_dags/example_dynamic_task_mapping.py
[2025-07-01T04:29:46.256+0000] {processor.py:914} INFO - Processing file /home/airflow/.local/lib/python3.12/site-packages/airflow/example_dags/example_dynamic_task_mapping.py for tasks to queue
[2025-07-01T04:29:46.259+0000] {logging_mixin.py:190} INFO - [2025-07-01T04:29:46.259+0000] {dagbag.py:588} INFO - Filling up the DagBag from /home/airflow/.local/lib/python3.12/site-packages/airflow/example_dags/example_dynamic_task_mapping.py
[2025-07-01T04:29:46.268+0000] {processor.py:925} INFO - DAG(s) 'example_dynamic_task_mapping' retrieved from /home/airflow/.local/lib/python3.12/site-packages/airflow/example_dags/example_dynamic_task_mapping.py
[2025-07-01T04:29:46.289+0000] {logging_mixin.py:190} INFO - [2025-07-01T04:29:46.289+0000] {dag.py:3239} INFO - Sync 1 DAGs
[2025-07-01T04:29:46.304+0000] {logging_mixin.py:190} INFO - [2025-07-01T04:29:46.304+0000] {dag.py:4180} INFO - Setting next_dagrun for example_dynamic_task_mapping to None, run_after=None
[2025-07-01T04:29:46.320+0000] {processor.py:208} INFO - Processing /home/airflow/.local/lib/python3.12/site-packages/airflow/example_dags/example_dynamic_task_mapping.py took 0.073 seconds
[2025-07-01T04:30:17.167+0000] {processor.py:186} INFO - Started process (PID=20440) to work on /home/airflow/.local/lib/python3.12/site-packages/airflow/example_dags/example_dynamic_task_mapping.py
[2025-07-01T04:30:17.168+0000] {processor.py:914} INFO - Processing file /home/airflow/.local/lib/python3.12/site-packages/airflow/example_dags/example_dynamic_task_mapping.py for tasks to queue
[2025-07-01T04:30:17.170+0000] {logging_mixin.py:190} INFO - [2025-07-01T04:30:17.170+0000] {dagbag.py:588} INFO - Filling up the DagBag from /home/airflow/.local/lib/python3.12/site-packages/airflow/example_dags/example_dynamic_task_mapping.py
[2025-07-01T04:30:17.179+0000] {processor.py:925} INFO - DAG(s) 'example_dynamic_task_mapping' retrieved from /home/airflow/.local/lib/python3.12/site-packages/airflow/example_dags/example_dynamic_task_mapping.py
[2025-07-01T04:30:17.203+0000] {logging_mixin.py:190} INFO - [2025-07-01T04:30:17.203+0000] {dag.py:3239} INFO - Sync 1 DAGs
[2025-07-01T04:30:17.221+0000] {logging_mixin.py:190} INFO - [2025-07-01T04:30:17.221+0000] {dag.py:4180} INFO - Setting next_dagrun for example_dynamic_task_mapping to None, run_after=None
[2025-07-01T04:30:17.238+0000] {processor.py:208} INFO - Processing /home/airflow/.local/lib/python3.12/site-packages/airflow/example_dags/example_dynamic_task_mapping.py took 0.076 seconds
[2025-07-01T04:30:48.221+0000] {processor.py:186} INFO - Started process (PID=20502) to work on /home/airflow/.local/lib/python3.12/site-packages/airflow/example_dags/example_dynamic_task_mapping.py
[2025-07-01T04:30:48.222+0000] {processor.py:914} INFO - Processing file /home/airflow/.local/lib/python3.12/site-packages/airflow/example_dags/example_dynamic_task_mapping.py for tasks to queue
[2025-07-01T04:30:48.225+0000] {logging_mixin.py:190} INFO - [2025-07-01T04:30:48.224+0000] {dagbag.py:588} INFO - Filling up the DagBag from /home/airflow/.local/lib/python3.12/site-packages/airflow/example_dags/example_dynamic_task_mapping.py
[2025-07-01T04:30:48.233+0000] {processor.py:925} INFO - DAG(s) 'example_dynamic_task_mapping' retrieved from /home/airflow/.local/lib/python3.12/site-packages/airflow/example_dags/example_dynamic_task_mapping.py
[2025-07-01T04:30:48.252+0000] {logging_mixin.py:190} INFO - [2025-07-01T04:30:48.252+0000] {dag.py:3239} INFO - Sync 1 DAGs
[2025-07-01T04:30:48.266+0000] {logging_mixin.py:190} INFO - [2025-07-01T04:30:48.266+0000] {dag.py:4180} INFO - Setting next_dagrun for example_dynamic_task_mapping to None, run_after=None
[2025-07-01T04:30:48.282+0000] {processor.py:208} INFO - Processing /home/airflow/.local/lib/python3.12/site-packages/airflow/example_dags/example_dynamic_task_mapping.py took 0.067 seconds
[2025-07-01T04:31:18.920+0000] {processor.py:186} INFO - Started process (PID=20564) to work on /home/airflow/.local/lib/python3.12/site-packages/airflow/example_dags/example_dynamic_task_mapping.py
[2025-07-01T04:31:18.921+0000] {processor.py:914} INFO - Processing file /home/airflow/.local/lib/python3.12/site-packages/airflow/example_dags/example_dynamic_task_mapping.py for tasks to queue
[2025-07-01T04:31:18.923+0000] {logging_mixin.py:190} INFO - [2025-07-01T04:31:18.923+0000] {dagbag.py:588} INFO - Filling up the DagBag from /home/airflow/.local/lib/python3.12/site-packages/airflow/example_dags/example_dynamic_task_mapping.py
[2025-07-01T04:31:18.931+0000] {processor.py:925} INFO - DAG(s) 'example_dynamic_task_mapping' retrieved from /home/airflow/.local/lib/python3.12/site-packages/airflow/example_dags/example_dynamic_task_mapping.py
[2025-07-01T04:31:18.950+0000] {logging_mixin.py:190} INFO - [2025-07-01T04:31:18.950+0000] {dag.py:3239} INFO - Sync 1 DAGs
[2025-07-01T04:31:18.966+0000] {logging_mixin.py:190} INFO - [2025-07-01T04:31:18.966+0000] {dag.py:4180} INFO - Setting next_dagrun for example_dynamic_task_mapping to None, run_after=None
[2025-07-01T04:31:18.982+0000] {processor.py:208} INFO - Processing /home/airflow/.local/lib/python3.12/site-packages/airflow/example_dags/example_dynamic_task_mapping.py took 0.068 seconds
[2025-07-01T04:31:49.580+0000] {processor.py:186} INFO - Started process (PID=20626) to work on /home/airflow/.local/lib/python3.12/site-packages/airflow/example_dags/example_dynamic_task_mapping.py
[2025-07-01T04:31:49.581+0000] {processor.py:914} INFO - Processing file /home/airflow/.local/lib/python3.12/site-packages/airflow/example_dags/example_dynamic_task_mapping.py for tasks to queue
[2025-07-01T04:31:49.584+0000] {logging_mixin.py:190} INFO - [2025-07-01T04:31:49.584+0000] {dagbag.py:588} INFO - Filling up the DagBag from /home/airflow/.local/lib/python3.12/site-packages/airflow/example_dags/example_dynamic_task_mapping.py
[2025-07-01T04:31:49.593+0000] {processor.py:925} INFO - DAG(s) 'example_dynamic_task_mapping' retrieved from /home/airflow/.local/lib/python3.12/site-packages/airflow/example_dags/example_dynamic_task_mapping.py
[2025-07-01T04:31:49.611+0000] {logging_mixin.py:190} INFO - [2025-07-01T04:31:49.611+0000] {dag.py:3239} INFO - Sync 1 DAGs
[2025-07-01T04:31:49.625+0000] {logging_mixin.py:190} INFO - [2025-07-01T04:31:49.625+0000] {dag.py:4180} INFO - Setting next_dagrun for example_dynamic_task_mapping to None, run_after=None
[2025-07-01T04:31:49.642+0000] {processor.py:208} INFO - Processing /home/airflow/.local/lib/python3.12/site-packages/airflow/example_dags/example_dynamic_task_mapping.py took 0.068 seconds
[2025-07-01T04:32:20.210+0000] {processor.py:186} INFO - Started process (PID=20688) to work on /home/airflow/.local/lib/python3.12/site-packages/airflow/example_dags/example_dynamic_task_mapping.py
[2025-07-01T04:32:20.211+0000] {processor.py:914} INFO - Processing file /home/airflow/.local/lib/python3.12/site-packages/airflow/example_dags/example_dynamic_task_mapping.py for tasks to queue
[2025-07-01T04:32:20.213+0000] {logging_mixin.py:190} INFO - [2025-07-01T04:32:20.213+0000] {dagbag.py:588} INFO - Filling up the DagBag from /home/airflow/.local/lib/python3.12/site-packages/airflow/example_dags/example_dynamic_task_mapping.py
[2025-07-01T04:32:20.221+0000] {processor.py:925} INFO - DAG(s) 'example_dynamic_task_mapping' retrieved from /home/airflow/.local/lib/python3.12/site-packages/airflow/example_dags/example_dynamic_task_mapping.py
[2025-07-01T04:32:20.242+0000] {logging_mixin.py:190} INFO - [2025-07-01T04:32:20.242+0000] {dag.py:3239} INFO - Sync 1 DAGs
[2025-07-01T04:32:20.255+0000] {logging_mixin.py:190} INFO - [2025-07-01T04:32:20.255+0000] {dag.py:4180} INFO - Setting next_dagrun for example_dynamic_task_mapping to None, run_after=None
[2025-07-01T04:32:20.272+0000] {processor.py:208} INFO - Processing /home/airflow/.local/lib/python3.12/site-packages/airflow/example_dags/example_dynamic_task_mapping.py took 0.067 seconds
[2025-07-01T04:32:51.036+0000] {processor.py:186} INFO - Started process (PID=20750) to work on /home/airflow/.local/lib/python3.12/site-packages/airflow/example_dags/example_dynamic_task_mapping.py
[2025-07-01T04:32:51.037+0000] {processor.py:914} INFO - Processing file /home/airflow/.local/lib/python3.12/site-packages/airflow/example_dags/example_dynamic_task_mapping.py for tasks to queue
[2025-07-01T04:32:51.039+0000] {logging_mixin.py:190} INFO - [2025-07-01T04:32:51.039+0000] {dagbag.py:588} INFO - Filling up the DagBag from /home/airflow/.local/lib/python3.12/site-packages/airflow/example_dags/example_dynamic_task_mapping.py
[2025-07-01T04:32:51.047+0000] {processor.py:925} INFO - DAG(s) 'example_dynamic_task_mapping' retrieved from /home/airflow/.local/lib/python3.12/site-packages/airflow/example_dags/example_dynamic_task_mapping.py
[2025-07-01T04:32:51.066+0000] {logging_mixin.py:190} INFO - [2025-07-01T04:32:51.066+0000] {dag.py:3239} INFO - Sync 1 DAGs
[2025-07-01T04:32:51.080+0000] {logging_mixin.py:190} INFO - [2025-07-01T04:32:51.079+0000] {dag.py:4180} INFO - Setting next_dagrun for example_dynamic_task_mapping to None, run_after=None
[2025-07-01T04:32:51.096+0000] {processor.py:208} INFO - Processing /home/airflow/.local/lib/python3.12/site-packages/airflow/example_dags/example_dynamic_task_mapping.py took 0.067 seconds
[2025-07-01T04:33:21.651+0000] {processor.py:186} INFO - Started process (PID=20812) to work on /home/airflow/.local/lib/python3.12/site-packages/airflow/example_dags/example_dynamic_task_mapping.py
[2025-07-01T04:33:21.652+0000] {processor.py:914} INFO - Processing file /home/airflow/.local/lib/python3.12/site-packages/airflow/example_dags/example_dynamic_task_mapping.py for tasks to queue
[2025-07-01T04:33:21.655+0000] {logging_mixin.py:190} INFO - [2025-07-01T04:33:21.655+0000] {dagbag.py:588} INFO - Filling up the DagBag from /home/airflow/.local/lib/python3.12/site-packages/airflow/example_dags/example_dynamic_task_mapping.py
[2025-07-01T04:33:21.663+0000] {processor.py:925} INFO - DAG(s) 'example_dynamic_task_mapping' retrieved from /home/airflow/.local/lib/python3.12/site-packages/airflow/example_dags/example_dynamic_task_mapping.py
[2025-07-01T04:33:21.682+0000] {logging_mixin.py:190} INFO - [2025-07-01T04:33:21.682+0000] {dag.py:3239} INFO - Sync 1 DAGs
[2025-07-01T04:33:21.695+0000] {logging_mixin.py:190} INFO - [2025-07-01T04:33:21.695+0000] {dag.py:4180} INFO - Setting next_dagrun for example_dynamic_task_mapping to None, run_after=None
[2025-07-01T04:33:21.713+0000] {processor.py:208} INFO - Processing /home/airflow/.local/lib/python3.12/site-packages/airflow/example_dags/example_dynamic_task_mapping.py took 0.067 seconds
[2025-07-01T04:33:52.246+0000] {processor.py:186} INFO - Started process (PID=20874) to work on /home/airflow/.local/lib/python3.12/site-packages/airflow/example_dags/example_dynamic_task_mapping.py
[2025-07-01T04:33:52.247+0000] {processor.py:914} INFO - Processing file /home/airflow/.local/lib/python3.12/site-packages/airflow/example_dags/example_dynamic_task_mapping.py for tasks to queue
[2025-07-01T04:33:52.250+0000] {logging_mixin.py:190} INFO - [2025-07-01T04:33:52.250+0000] {dagbag.py:588} INFO - Filling up the DagBag from /home/airflow/.local/lib/python3.12/site-packages/airflow/example_dags/example_dynamic_task_mapping.py
[2025-07-01T04:33:52.259+0000] {processor.py:925} INFO - DAG(s) 'example_dynamic_task_mapping' retrieved from /home/airflow/.local/lib/python3.12/site-packages/airflow/example_dags/example_dynamic_task_mapping.py
[2025-07-01T04:33:52.282+0000] {logging_mixin.py:190} INFO - [2025-07-01T04:33:52.282+0000] {dag.py:3239} INFO - Sync 1 DAGs
[2025-07-01T04:33:52.299+0000] {logging_mixin.py:190} INFO - [2025-07-01T04:33:52.299+0000] {dag.py:4180} INFO - Setting next_dagrun for example_dynamic_task_mapping to None, run_after=None
[2025-07-01T04:33:52.317+0000] {processor.py:208} INFO - Processing /home/airflow/.local/lib/python3.12/site-packages/airflow/example_dags/example_dynamic_task_mapping.py took 0.077 seconds
[2025-07-01T04:34:23.026+0000] {processor.py:186} INFO - Started process (PID=20936) to work on /home/airflow/.local/lib/python3.12/site-packages/airflow/example_dags/example_dynamic_task_mapping.py
[2025-07-01T04:34:23.027+0000] {processor.py:914} INFO - Processing file /home/airflow/.local/lib/python3.12/site-packages/airflow/example_dags/example_dynamic_task_mapping.py for tasks to queue
[2025-07-01T04:34:23.029+0000] {logging_mixin.py:190} INFO - [2025-07-01T04:34:23.029+0000] {dagbag.py:588} INFO - Filling up the DagBag from /home/airflow/.local/lib/python3.12/site-packages/airflow/example_dags/example_dynamic_task_mapping.py
[2025-07-01T04:34:23.037+0000] {processor.py:925} INFO - DAG(s) 'example_dynamic_task_mapping' retrieved from /home/airflow/.local/lib/python3.12/site-packages/airflow/example_dags/example_dynamic_task_mapping.py
[2025-07-01T04:34:23.056+0000] {logging_mixin.py:190} INFO - [2025-07-01T04:34:23.056+0000] {dag.py:3239} INFO - Sync 1 DAGs
[2025-07-01T04:34:23.069+0000] {logging_mixin.py:190} INFO - [2025-07-01T04:34:23.069+0000] {dag.py:4180} INFO - Setting next_dagrun for example_dynamic_task_mapping to None, run_after=None
[2025-07-01T04:34:23.086+0000] {processor.py:208} INFO - Processing /home/airflow/.local/lib/python3.12/site-packages/airflow/example_dags/example_dynamic_task_mapping.py took 0.066 seconds
[2025-07-01T04:34:53.836+0000] {processor.py:186} INFO - Started process (PID=20998) to work on /home/airflow/.local/lib/python3.12/site-packages/airflow/example_dags/example_dynamic_task_mapping.py
[2025-07-01T04:34:53.837+0000] {processor.py:914} INFO - Processing file /home/airflow/.local/lib/python3.12/site-packages/airflow/example_dags/example_dynamic_task_mapping.py for tasks to queue
[2025-07-01T04:34:53.840+0000] {logging_mixin.py:190} INFO - [2025-07-01T04:34:53.840+0000] {dagbag.py:588} INFO - Filling up the DagBag from /home/airflow/.local/lib/python3.12/site-packages/airflow/example_dags/example_dynamic_task_mapping.py
[2025-07-01T04:34:53.848+0000] {processor.py:925} INFO - DAG(s) 'example_dynamic_task_mapping' retrieved from /home/airflow/.local/lib/python3.12/site-packages/airflow/example_dags/example_dynamic_task_mapping.py
[2025-07-01T04:34:53.868+0000] {logging_mixin.py:190} INFO - [2025-07-01T04:34:53.867+0000] {dag.py:3239} INFO - Sync 1 DAGs
[2025-07-01T04:34:53.881+0000] {logging_mixin.py:190} INFO - [2025-07-01T04:34:53.881+0000] {dag.py:4180} INFO - Setting next_dagrun for example_dynamic_task_mapping to None, run_after=None
[2025-07-01T04:34:53.897+0000] {processor.py:208} INFO - Processing /home/airflow/.local/lib/python3.12/site-packages/airflow/example_dags/example_dynamic_task_mapping.py took 0.066 seconds
[2025-07-01T04:35:24.230+0000] {processor.py:186} INFO - Started process (PID=21060) to work on /home/airflow/.local/lib/python3.12/site-packages/airflow/example_dags/example_dynamic_task_mapping.py
[2025-07-01T04:35:24.232+0000] {processor.py:914} INFO - Processing file /home/airflow/.local/lib/python3.12/site-packages/airflow/example_dags/example_dynamic_task_mapping.py for tasks to queue
[2025-07-01T04:35:24.236+0000] {logging_mixin.py:190} INFO - [2025-07-01T04:35:24.235+0000] {dagbag.py:588} INFO - Filling up the DagBag from /home/airflow/.local/lib/python3.12/site-packages/airflow/example_dags/example_dynamic_task_mapping.py
[2025-07-01T04:35:24.251+0000] {processor.py:925} INFO - DAG(s) 'example_dynamic_task_mapping' retrieved from /home/airflow/.local/lib/python3.12/site-packages/airflow/example_dags/example_dynamic_task_mapping.py
[2025-07-01T04:35:24.276+0000] {logging_mixin.py:190} INFO - [2025-07-01T04:35:24.275+0000] {dag.py:3239} INFO - Sync 1 DAGs
[2025-07-01T04:35:24.293+0000] {logging_mixin.py:190} INFO - [2025-07-01T04:35:24.293+0000] {dag.py:4180} INFO - Setting next_dagrun for example_dynamic_task_mapping to None, run_after=None
[2025-07-01T04:35:24.316+0000] {processor.py:208} INFO - Processing /home/airflow/.local/lib/python3.12/site-packages/airflow/example_dags/example_dynamic_task_mapping.py took 0.094 seconds
[2025-07-01T04:35:54.551+0000] {processor.py:186} INFO - Started process (PID=21127) to work on /home/airflow/.local/lib/python3.12/site-packages/airflow/example_dags/example_dynamic_task_mapping.py
[2025-07-01T04:35:54.552+0000] {processor.py:914} INFO - Processing file /home/airflow/.local/lib/python3.12/site-packages/airflow/example_dags/example_dynamic_task_mapping.py for tasks to queue
[2025-07-01T04:35:54.555+0000] {logging_mixin.py:190} INFO - [2025-07-01T04:35:54.554+0000] {dagbag.py:588} INFO - Filling up the DagBag from /home/airflow/.local/lib/python3.12/site-packages/airflow/example_dags/example_dynamic_task_mapping.py
[2025-07-01T04:35:54.563+0000] {processor.py:925} INFO - DAG(s) 'example_dynamic_task_mapping' retrieved from /home/airflow/.local/lib/python3.12/site-packages/airflow/example_dags/example_dynamic_task_mapping.py
[2025-07-01T04:35:54.583+0000] {logging_mixin.py:190} INFO - [2025-07-01T04:35:54.583+0000] {dag.py:3239} INFO - Sync 1 DAGs
[2025-07-01T04:35:54.597+0000] {logging_mixin.py:190} INFO - [2025-07-01T04:35:54.596+0000] {dag.py:4180} INFO - Setting next_dagrun for example_dynamic_task_mapping to None, run_after=None
[2025-07-01T04:35:54.613+0000] {processor.py:208} INFO - Processing /home/airflow/.local/lib/python3.12/site-packages/airflow/example_dags/example_dynamic_task_mapping.py took 0.068 seconds
[2025-07-01T04:36:25.487+0000] {processor.py:186} INFO - Started process (PID=21190) to work on /home/airflow/.local/lib/python3.12/site-packages/airflow/example_dags/example_dynamic_task_mapping.py
[2025-07-01T04:36:25.488+0000] {processor.py:914} INFO - Processing file /home/airflow/.local/lib/python3.12/site-packages/airflow/example_dags/example_dynamic_task_mapping.py for tasks to queue
[2025-07-01T04:36:25.490+0000] {logging_mixin.py:190} INFO - [2025-07-01T04:36:25.490+0000] {dagbag.py:588} INFO - Filling up the DagBag from /home/airflow/.local/lib/python3.12/site-packages/airflow/example_dags/example_dynamic_task_mapping.py
[2025-07-01T04:36:25.500+0000] {processor.py:925} INFO - DAG(s) 'example_dynamic_task_mapping' retrieved from /home/airflow/.local/lib/python3.12/site-packages/airflow/example_dags/example_dynamic_task_mapping.py
[2025-07-01T04:36:25.521+0000] {logging_mixin.py:190} INFO - [2025-07-01T04:36:25.521+0000] {dag.py:3239} INFO - Sync 1 DAGs
[2025-07-01T04:36:25.535+0000] {logging_mixin.py:190} INFO - [2025-07-01T04:36:25.534+0000] {dag.py:4180} INFO - Setting next_dagrun for example_dynamic_task_mapping to None, run_after=None
[2025-07-01T04:36:25.550+0000] {processor.py:208} INFO - Processing /home/airflow/.local/lib/python3.12/site-packages/airflow/example_dags/example_dynamic_task_mapping.py took 0.071 seconds
[2025-07-01T04:36:56.493+0000] {processor.py:186} INFO - Started process (PID=21252) to work on /home/airflow/.local/lib/python3.12/site-packages/airflow/example_dags/example_dynamic_task_mapping.py
[2025-07-01T04:36:56.494+0000] {processor.py:914} INFO - Processing file /home/airflow/.local/lib/python3.12/site-packages/airflow/example_dags/example_dynamic_task_mapping.py for tasks to queue
[2025-07-01T04:36:56.496+0000] {logging_mixin.py:190} INFO - [2025-07-01T04:36:56.496+0000] {dagbag.py:588} INFO - Filling up the DagBag from /home/airflow/.local/lib/python3.12/site-packages/airflow/example_dags/example_dynamic_task_mapping.py
[2025-07-01T04:36:56.504+0000] {processor.py:925} INFO - DAG(s) 'example_dynamic_task_mapping' retrieved from /home/airflow/.local/lib/python3.12/site-packages/airflow/example_dags/example_dynamic_task_mapping.py
[2025-07-01T04:36:56.524+0000] {logging_mixin.py:190} INFO - [2025-07-01T04:36:56.523+0000] {dag.py:3239} INFO - Sync 1 DAGs
[2025-07-01T04:36:56.538+0000] {logging_mixin.py:190} INFO - [2025-07-01T04:36:56.538+0000] {dag.py:4180} INFO - Setting next_dagrun for example_dynamic_task_mapping to None, run_after=None
[2025-07-01T04:36:56.552+0000] {processor.py:208} INFO - Processing /home/airflow/.local/lib/python3.12/site-packages/airflow/example_dags/example_dynamic_task_mapping.py took 0.065 seconds
[2025-07-01T04:37:27.199+0000] {processor.py:186} INFO - Started process (PID=21314) to work on /home/airflow/.local/lib/python3.12/site-packages/airflow/example_dags/example_dynamic_task_mapping.py
[2025-07-01T04:37:27.200+0000] {processor.py:914} INFO - Processing file /home/airflow/.local/lib/python3.12/site-packages/airflow/example_dags/example_dynamic_task_mapping.py for tasks to queue
[2025-07-01T04:37:27.204+0000] {logging_mixin.py:190} INFO - [2025-07-01T04:37:27.203+0000] {dagbag.py:588} INFO - Filling up the DagBag from /home/airflow/.local/lib/python3.12/site-packages/airflow/example_dags/example_dynamic_task_mapping.py
[2025-07-01T04:37:27.215+0000] {processor.py:925} INFO - DAG(s) 'example_dynamic_task_mapping' retrieved from /home/airflow/.local/lib/python3.12/site-packages/airflow/example_dags/example_dynamic_task_mapping.py
[2025-07-01T04:37:27.239+0000] {logging_mixin.py:190} INFO - [2025-07-01T04:37:27.239+0000] {dag.py:3239} INFO - Sync 1 DAGs
[2025-07-01T04:37:27.257+0000] {logging_mixin.py:190} INFO - [2025-07-01T04:37:27.257+0000] {dag.py:4180} INFO - Setting next_dagrun for example_dynamic_task_mapping to None, run_after=None
[2025-07-01T04:37:27.279+0000] {processor.py:208} INFO - Processing /home/airflow/.local/lib/python3.12/site-packages/airflow/example_dags/example_dynamic_task_mapping.py took 0.086 seconds
[2025-07-01T04:37:57.371+0000] {processor.py:186} INFO - Started process (PID=21375) to work on /home/airflow/.local/lib/python3.12/site-packages/airflow/example_dags/example_dynamic_task_mapping.py
[2025-07-01T04:37:57.372+0000] {processor.py:914} INFO - Processing file /home/airflow/.local/lib/python3.12/site-packages/airflow/example_dags/example_dynamic_task_mapping.py for tasks to queue
[2025-07-01T04:37:57.374+0000] {logging_mixin.py:190} INFO - [2025-07-01T04:37:57.374+0000] {dagbag.py:588} INFO - Filling up the DagBag from /home/airflow/.local/lib/python3.12/site-packages/airflow/example_dags/example_dynamic_task_mapping.py
[2025-07-01T04:37:57.383+0000] {processor.py:925} INFO - DAG(s) 'example_dynamic_task_mapping' retrieved from /home/airflow/.local/lib/python3.12/site-packages/airflow/example_dags/example_dynamic_task_mapping.py
[2025-07-01T04:37:57.402+0000] {logging_mixin.py:190} INFO - [2025-07-01T04:37:57.402+0000] {dag.py:3239} INFO - Sync 1 DAGs
[2025-07-01T04:37:57.415+0000] {logging_mixin.py:190} INFO - [2025-07-01T04:37:57.415+0000] {dag.py:4180} INFO - Setting next_dagrun for example_dynamic_task_mapping to None, run_after=None
[2025-07-01T04:37:57.431+0000] {processor.py:208} INFO - Processing /home/airflow/.local/lib/python3.12/site-packages/airflow/example_dags/example_dynamic_task_mapping.py took 0.066 seconds
[2025-07-01T04:38:27.957+0000] {processor.py:186} INFO - Started process (PID=21437) to work on /home/airflow/.local/lib/python3.12/site-packages/airflow/example_dags/example_dynamic_task_mapping.py
[2025-07-01T04:38:27.958+0000] {processor.py:914} INFO - Processing file /home/airflow/.local/lib/python3.12/site-packages/airflow/example_dags/example_dynamic_task_mapping.py for tasks to queue
[2025-07-01T04:38:27.961+0000] {logging_mixin.py:190} INFO - [2025-07-01T04:38:27.961+0000] {dagbag.py:588} INFO - Filling up the DagBag from /home/airflow/.local/lib/python3.12/site-packages/airflow/example_dags/example_dynamic_task_mapping.py
[2025-07-01T04:38:27.970+0000] {processor.py:925} INFO - DAG(s) 'example_dynamic_task_mapping' retrieved from /home/airflow/.local/lib/python3.12/site-packages/airflow/example_dags/example_dynamic_task_mapping.py
[2025-07-01T04:38:27.989+0000] {logging_mixin.py:190} INFO - [2025-07-01T04:38:27.989+0000] {dag.py:3239} INFO - Sync 1 DAGs
[2025-07-01T04:38:28.003+0000] {logging_mixin.py:190} INFO - [2025-07-01T04:38:28.003+0000] {dag.py:4180} INFO - Setting next_dagrun for example_dynamic_task_mapping to None, run_after=None
[2025-07-01T04:38:28.020+0000] {processor.py:208} INFO - Processing /home/airflow/.local/lib/python3.12/site-packages/airflow/example_dags/example_dynamic_task_mapping.py took 0.071 seconds
[2025-07-01T04:38:58.534+0000] {processor.py:186} INFO - Started process (PID=21499) to work on /home/airflow/.local/lib/python3.12/site-packages/airflow/example_dags/example_dynamic_task_mapping.py
[2025-07-01T04:38:58.536+0000] {processor.py:914} INFO - Processing file /home/airflow/.local/lib/python3.12/site-packages/airflow/example_dags/example_dynamic_task_mapping.py for tasks to queue
[2025-07-01T04:38:58.538+0000] {logging_mixin.py:190} INFO - [2025-07-01T04:38:58.538+0000] {dagbag.py:588} INFO - Filling up the DagBag from /home/airflow/.local/lib/python3.12/site-packages/airflow/example_dags/example_dynamic_task_mapping.py
[2025-07-01T04:38:58.547+0000] {processor.py:925} INFO - DAG(s) 'example_dynamic_task_mapping' retrieved from /home/airflow/.local/lib/python3.12/site-packages/airflow/example_dags/example_dynamic_task_mapping.py
[2025-07-01T04:38:58.566+0000] {logging_mixin.py:190} INFO - [2025-07-01T04:38:58.566+0000] {dag.py:3239} INFO - Sync 1 DAGs
[2025-07-01T04:38:58.580+0000] {logging_mixin.py:190} INFO - [2025-07-01T04:38:58.580+0000] {dag.py:4180} INFO - Setting next_dagrun for example_dynamic_task_mapping to None, run_after=None
[2025-07-01T04:38:58.600+0000] {processor.py:208} INFO - Processing /home/airflow/.local/lib/python3.12/site-packages/airflow/example_dags/example_dynamic_task_mapping.py took 0.072 seconds
[2025-07-01T04:39:28.662+0000] {processor.py:186} INFO - Started process (PID=21561) to work on /home/airflow/.local/lib/python3.12/site-packages/airflow/example_dags/example_dynamic_task_mapping.py
[2025-07-01T04:39:28.663+0000] {processor.py:914} INFO - Processing file /home/airflow/.local/lib/python3.12/site-packages/airflow/example_dags/example_dynamic_task_mapping.py for tasks to queue
[2025-07-01T04:39:28.666+0000] {logging_mixin.py:190} INFO - [2025-07-01T04:39:28.665+0000] {dagbag.py:588} INFO - Filling up the DagBag from /home/airflow/.local/lib/python3.12/site-packages/airflow/example_dags/example_dynamic_task_mapping.py
[2025-07-01T04:39:28.674+0000] {processor.py:925} INFO - DAG(s) 'example_dynamic_task_mapping' retrieved from /home/airflow/.local/lib/python3.12/site-packages/airflow/example_dags/example_dynamic_task_mapping.py
[2025-07-01T04:39:28.694+0000] {logging_mixin.py:190} INFO - [2025-07-01T04:39:28.693+0000] {dag.py:3239} INFO - Sync 1 DAGs
[2025-07-01T04:39:28.707+0000] {logging_mixin.py:190} INFO - [2025-07-01T04:39:28.707+0000] {dag.py:4180} INFO - Setting next_dagrun for example_dynamic_task_mapping to None, run_after=None
[2025-07-01T04:39:28.724+0000] {processor.py:208} INFO - Processing /home/airflow/.local/lib/python3.12/site-packages/airflow/example_dags/example_dynamic_task_mapping.py took 0.069 seconds
[2025-07-01T04:39:59.148+0000] {processor.py:186} INFO - Started process (PID=21623) to work on /home/airflow/.local/lib/python3.12/site-packages/airflow/example_dags/example_dynamic_task_mapping.py
[2025-07-01T04:39:59.149+0000] {processor.py:914} INFO - Processing file /home/airflow/.local/lib/python3.12/site-packages/airflow/example_dags/example_dynamic_task_mapping.py for tasks to queue
[2025-07-01T04:39:59.153+0000] {logging_mixin.py:190} INFO - [2025-07-01T04:39:59.152+0000] {dagbag.py:588} INFO - Filling up the DagBag from /home/airflow/.local/lib/python3.12/site-packages/airflow/example_dags/example_dynamic_task_mapping.py
[2025-07-01T04:39:59.161+0000] {processor.py:925} INFO - DAG(s) 'example_dynamic_task_mapping' retrieved from /home/airflow/.local/lib/python3.12/site-packages/airflow/example_dags/example_dynamic_task_mapping.py
[2025-07-01T04:39:59.184+0000] {logging_mixin.py:190} INFO - [2025-07-01T04:39:59.183+0000] {dag.py:3239} INFO - Sync 1 DAGs
[2025-07-01T04:39:59.198+0000] {logging_mixin.py:190} INFO - [2025-07-01T04:39:59.198+0000] {dag.py:4180} INFO - Setting next_dagrun for example_dynamic_task_mapping to None, run_after=None
[2025-07-01T04:39:59.217+0000] {processor.py:208} INFO - Processing /home/airflow/.local/lib/python3.12/site-packages/airflow/example_dags/example_dynamic_task_mapping.py took 0.075 seconds
[2025-07-01T04:40:29.660+0000] {processor.py:186} INFO - Started process (PID=21685) to work on /home/airflow/.local/lib/python3.12/site-packages/airflow/example_dags/example_dynamic_task_mapping.py
[2025-07-01T04:40:29.661+0000] {processor.py:914} INFO - Processing file /home/airflow/.local/lib/python3.12/site-packages/airflow/example_dags/example_dynamic_task_mapping.py for tasks to queue
[2025-07-01T04:40:29.664+0000] {logging_mixin.py:190} INFO - [2025-07-01T04:40:29.663+0000] {dagbag.py:588} INFO - Filling up the DagBag from /home/airflow/.local/lib/python3.12/site-packages/airflow/example_dags/example_dynamic_task_mapping.py
[2025-07-01T04:40:29.672+0000] {processor.py:925} INFO - DAG(s) 'example_dynamic_task_mapping' retrieved from /home/airflow/.local/lib/python3.12/site-packages/airflow/example_dags/example_dynamic_task_mapping.py
[2025-07-01T04:40:29.692+0000] {logging_mixin.py:190} INFO - [2025-07-01T04:40:29.691+0000] {dag.py:3239} INFO - Sync 1 DAGs
[2025-07-01T04:40:29.705+0000] {logging_mixin.py:190} INFO - [2025-07-01T04:40:29.705+0000] {dag.py:4180} INFO - Setting next_dagrun for example_dynamic_task_mapping to None, run_after=None
[2025-07-01T04:40:29.722+0000] {processor.py:208} INFO - Processing /home/airflow/.local/lib/python3.12/site-packages/airflow/example_dags/example_dynamic_task_mapping.py took 0.068 seconds
[2025-07-01T04:41:00.735+0000] {processor.py:186} INFO - Started process (PID=21747) to work on /home/airflow/.local/lib/python3.12/site-packages/airflow/example_dags/example_dynamic_task_mapping.py
[2025-07-01T04:41:00.736+0000] {processor.py:914} INFO - Processing file /home/airflow/.local/lib/python3.12/site-packages/airflow/example_dags/example_dynamic_task_mapping.py for tasks to queue
[2025-07-01T04:41:00.739+0000] {logging_mixin.py:190} INFO - [2025-07-01T04:41:00.738+0000] {dagbag.py:588} INFO - Filling up the DagBag from /home/airflow/.local/lib/python3.12/site-packages/airflow/example_dags/example_dynamic_task_mapping.py
[2025-07-01T04:41:00.747+0000] {processor.py:925} INFO - DAG(s) 'example_dynamic_task_mapping' retrieved from /home/airflow/.local/lib/python3.12/site-packages/airflow/example_dags/example_dynamic_task_mapping.py
[2025-07-01T04:41:00.767+0000] {logging_mixin.py:190} INFO - [2025-07-01T04:41:00.767+0000] {dag.py:3239} INFO - Sync 1 DAGs
[2025-07-01T04:41:00.782+0000] {logging_mixin.py:190} INFO - [2025-07-01T04:41:00.782+0000] {dag.py:4180} INFO - Setting next_dagrun for example_dynamic_task_mapping to None, run_after=None
[2025-07-01T04:41:00.799+0000] {processor.py:208} INFO - Processing /home/airflow/.local/lib/python3.12/site-packages/airflow/example_dags/example_dynamic_task_mapping.py took 0.070 seconds
[2025-07-01T04:41:31.446+0000] {processor.py:186} INFO - Started process (PID=21809) to work on /home/airflow/.local/lib/python3.12/site-packages/airflow/example_dags/example_dynamic_task_mapping.py
[2025-07-01T04:41:31.447+0000] {processor.py:914} INFO - Processing file /home/airflow/.local/lib/python3.12/site-packages/airflow/example_dags/example_dynamic_task_mapping.py for tasks to queue
[2025-07-01T04:41:31.450+0000] {logging_mixin.py:190} INFO - [2025-07-01T04:41:31.450+0000] {dagbag.py:588} INFO - Filling up the DagBag from /home/airflow/.local/lib/python3.12/site-packages/airflow/example_dags/example_dynamic_task_mapping.py
[2025-07-01T04:41:31.461+0000] {processor.py:925} INFO - DAG(s) 'example_dynamic_task_mapping' retrieved from /home/airflow/.local/lib/python3.12/site-packages/airflow/example_dags/example_dynamic_task_mapping.py
[2025-07-01T04:41:31.488+0000] {logging_mixin.py:190} INFO - [2025-07-01T04:41:31.487+0000] {dag.py:3239} INFO - Sync 1 DAGs
[2025-07-01T04:41:31.504+0000] {logging_mixin.py:190} INFO - [2025-07-01T04:41:31.503+0000] {dag.py:4180} INFO - Setting next_dagrun for example_dynamic_task_mapping to None, run_after=None
[2025-07-01T04:41:31.520+0000] {processor.py:208} INFO - Processing /home/airflow/.local/lib/python3.12/site-packages/airflow/example_dags/example_dynamic_task_mapping.py took 0.084 seconds
[2025-07-01T04:42:01.871+0000] {processor.py:186} INFO - Started process (PID=21871) to work on /home/airflow/.local/lib/python3.12/site-packages/airflow/example_dags/example_dynamic_task_mapping.py
[2025-07-01T04:42:01.872+0000] {processor.py:914} INFO - Processing file /home/airflow/.local/lib/python3.12/site-packages/airflow/example_dags/example_dynamic_task_mapping.py for tasks to queue
[2025-07-01T04:42:01.875+0000] {logging_mixin.py:190} INFO - [2025-07-01T04:42:01.874+0000] {dagbag.py:588} INFO - Filling up the DagBag from /home/airflow/.local/lib/python3.12/site-packages/airflow/example_dags/example_dynamic_task_mapping.py
[2025-07-01T04:42:01.884+0000] {processor.py:925} INFO - DAG(s) 'example_dynamic_task_mapping' retrieved from /home/airflow/.local/lib/python3.12/site-packages/airflow/example_dags/example_dynamic_task_mapping.py
[2025-07-01T04:42:01.903+0000] {logging_mixin.py:190} INFO - [2025-07-01T04:42:01.902+0000] {dag.py:3239} INFO - Sync 1 DAGs
[2025-07-01T04:42:01.918+0000] {logging_mixin.py:190} INFO - [2025-07-01T04:42:01.918+0000] {dag.py:4180} INFO - Setting next_dagrun for example_dynamic_task_mapping to None, run_after=None
[2025-07-01T04:42:01.936+0000] {processor.py:208} INFO - Processing /home/airflow/.local/lib/python3.12/site-packages/airflow/example_dags/example_dynamic_task_mapping.py took 0.071 seconds
[2025-07-01T04:42:32.060+0000] {processor.py:186} INFO - Started process (PID=21933) to work on /home/airflow/.local/lib/python3.12/site-packages/airflow/example_dags/example_dynamic_task_mapping.py
[2025-07-01T04:42:32.061+0000] {processor.py:914} INFO - Processing file /home/airflow/.local/lib/python3.12/site-packages/airflow/example_dags/example_dynamic_task_mapping.py for tasks to queue
[2025-07-01T04:42:32.064+0000] {logging_mixin.py:190} INFO - [2025-07-01T04:42:32.063+0000] {dagbag.py:588} INFO - Filling up the DagBag from /home/airflow/.local/lib/python3.12/site-packages/airflow/example_dags/example_dynamic_task_mapping.py
[2025-07-01T04:42:32.073+0000] {processor.py:925} INFO - DAG(s) 'example_dynamic_task_mapping' retrieved from /home/airflow/.local/lib/python3.12/site-packages/airflow/example_dags/example_dynamic_task_mapping.py
[2025-07-01T04:42:32.093+0000] {logging_mixin.py:190} INFO - [2025-07-01T04:42:32.093+0000] {dag.py:3239} INFO - Sync 1 DAGs
[2025-07-01T04:42:32.107+0000] {logging_mixin.py:190} INFO - [2025-07-01T04:42:32.106+0000] {dag.py:4180} INFO - Setting next_dagrun for example_dynamic_task_mapping to None, run_after=None
[2025-07-01T04:42:32.124+0000] {processor.py:208} INFO - Processing /home/airflow/.local/lib/python3.12/site-packages/airflow/example_dags/example_dynamic_task_mapping.py took 0.070 seconds
[2025-07-01T04:43:02.718+0000] {processor.py:186} INFO - Started process (PID=21995) to work on /home/airflow/.local/lib/python3.12/site-packages/airflow/example_dags/example_dynamic_task_mapping.py
[2025-07-01T04:43:02.719+0000] {processor.py:914} INFO - Processing file /home/airflow/.local/lib/python3.12/site-packages/airflow/example_dags/example_dynamic_task_mapping.py for tasks to queue
[2025-07-01T04:43:02.721+0000] {logging_mixin.py:190} INFO - [2025-07-01T04:43:02.721+0000] {dagbag.py:588} INFO - Filling up the DagBag from /home/airflow/.local/lib/python3.12/site-packages/airflow/example_dags/example_dynamic_task_mapping.py
[2025-07-01T04:43:02.730+0000] {processor.py:925} INFO - DAG(s) 'example_dynamic_task_mapping' retrieved from /home/airflow/.local/lib/python3.12/site-packages/airflow/example_dags/example_dynamic_task_mapping.py
[2025-07-01T04:43:02.750+0000] {logging_mixin.py:190} INFO - [2025-07-01T04:43:02.750+0000] {dag.py:3239} INFO - Sync 1 DAGs
[2025-07-01T04:43:02.764+0000] {logging_mixin.py:190} INFO - [2025-07-01T04:43:02.764+0000] {dag.py:4180} INFO - Setting next_dagrun for example_dynamic_task_mapping to None, run_after=None
[2025-07-01T04:43:02.781+0000] {processor.py:208} INFO - Processing /home/airflow/.local/lib/python3.12/site-packages/airflow/example_dags/example_dynamic_task_mapping.py took 0.069 seconds
[2025-07-01T04:43:33.559+0000] {processor.py:186} INFO - Started process (PID=22057) to work on /home/airflow/.local/lib/python3.12/site-packages/airflow/example_dags/example_dynamic_task_mapping.py
[2025-07-01T04:43:33.560+0000] {processor.py:914} INFO - Processing file /home/airflow/.local/lib/python3.12/site-packages/airflow/example_dags/example_dynamic_task_mapping.py for tasks to queue
[2025-07-01T04:43:33.563+0000] {logging_mixin.py:190} INFO - [2025-07-01T04:43:33.562+0000] {dagbag.py:588} INFO - Filling up the DagBag from /home/airflow/.local/lib/python3.12/site-packages/airflow/example_dags/example_dynamic_task_mapping.py
[2025-07-01T04:43:33.572+0000] {processor.py:925} INFO - DAG(s) 'example_dynamic_task_mapping' retrieved from /home/airflow/.local/lib/python3.12/site-packages/airflow/example_dags/example_dynamic_task_mapping.py
[2025-07-01T04:43:33.591+0000] {logging_mixin.py:190} INFO - [2025-07-01T04:43:33.591+0000] {dag.py:3239} INFO - Sync 1 DAGs
[2025-07-01T04:43:33.608+0000] {logging_mixin.py:190} INFO - [2025-07-01T04:43:33.608+0000] {dag.py:4180} INFO - Setting next_dagrun for example_dynamic_task_mapping to None, run_after=None
[2025-07-01T04:43:33.625+0000] {processor.py:208} INFO - Processing /home/airflow/.local/lib/python3.12/site-packages/airflow/example_dags/example_dynamic_task_mapping.py took 0.072 seconds
[2025-07-01T04:44:04.308+0000] {processor.py:186} INFO - Started process (PID=22119) to work on /home/airflow/.local/lib/python3.12/site-packages/airflow/example_dags/example_dynamic_task_mapping.py
[2025-07-01T04:44:04.309+0000] {processor.py:914} INFO - Processing file /home/airflow/.local/lib/python3.12/site-packages/airflow/example_dags/example_dynamic_task_mapping.py for tasks to queue
[2025-07-01T04:44:04.311+0000] {logging_mixin.py:190} INFO - [2025-07-01T04:44:04.311+0000] {dagbag.py:588} INFO - Filling up the DagBag from /home/airflow/.local/lib/python3.12/site-packages/airflow/example_dags/example_dynamic_task_mapping.py
[2025-07-01T04:44:04.320+0000] {processor.py:925} INFO - DAG(s) 'example_dynamic_task_mapping' retrieved from /home/airflow/.local/lib/python3.12/site-packages/airflow/example_dags/example_dynamic_task_mapping.py
[2025-07-01T04:44:04.340+0000] {logging_mixin.py:190} INFO - [2025-07-01T04:44:04.339+0000] {dag.py:3239} INFO - Sync 1 DAGs
[2025-07-01T04:44:04.355+0000] {logging_mixin.py:190} INFO - [2025-07-01T04:44:04.354+0000] {dag.py:4180} INFO - Setting next_dagrun for example_dynamic_task_mapping to None, run_after=None
[2025-07-01T04:44:04.372+0000] {processor.py:208} INFO - Processing /home/airflow/.local/lib/python3.12/site-packages/airflow/example_dags/example_dynamic_task_mapping.py took 0.070 seconds
[2025-07-01T04:44:34.871+0000] {processor.py:186} INFO - Started process (PID=22181) to work on /home/airflow/.local/lib/python3.12/site-packages/airflow/example_dags/example_dynamic_task_mapping.py
[2025-07-01T04:44:34.872+0000] {processor.py:914} INFO - Processing file /home/airflow/.local/lib/python3.12/site-packages/airflow/example_dags/example_dynamic_task_mapping.py for tasks to queue
[2025-07-01T04:44:34.875+0000] {logging_mixin.py:190} INFO - [2025-07-01T04:44:34.875+0000] {dagbag.py:588} INFO - Filling up the DagBag from /home/airflow/.local/lib/python3.12/site-packages/airflow/example_dags/example_dynamic_task_mapping.py
[2025-07-01T04:44:34.883+0000] {processor.py:925} INFO - DAG(s) 'example_dynamic_task_mapping' retrieved from /home/airflow/.local/lib/python3.12/site-packages/airflow/example_dags/example_dynamic_task_mapping.py
[2025-07-01T04:44:34.905+0000] {logging_mixin.py:190} INFO - [2025-07-01T04:44:34.905+0000] {dag.py:3239} INFO - Sync 1 DAGs
[2025-07-01T04:44:34.919+0000] {logging_mixin.py:190} INFO - [2025-07-01T04:44:34.919+0000] {dag.py:4180} INFO - Setting next_dagrun for example_dynamic_task_mapping to None, run_after=None
[2025-07-01T04:44:34.941+0000] {processor.py:208} INFO - Processing /home/airflow/.local/lib/python3.12/site-packages/airflow/example_dags/example_dynamic_task_mapping.py took 0.075 seconds
[2025-07-01T04:45:05.478+0000] {processor.py:186} INFO - Started process (PID=22243) to work on /home/airflow/.local/lib/python3.12/site-packages/airflow/example_dags/example_dynamic_task_mapping.py
[2025-07-01T04:45:05.480+0000] {processor.py:914} INFO - Processing file /home/airflow/.local/lib/python3.12/site-packages/airflow/example_dags/example_dynamic_task_mapping.py for tasks to queue
[2025-07-01T04:45:05.483+0000] {logging_mixin.py:190} INFO - [2025-07-01T04:45:05.482+0000] {dagbag.py:588} INFO - Filling up the DagBag from /home/airflow/.local/lib/python3.12/site-packages/airflow/example_dags/example_dynamic_task_mapping.py
[2025-07-01T04:45:05.493+0000] {processor.py:925} INFO - DAG(s) 'example_dynamic_task_mapping' retrieved from /home/airflow/.local/lib/python3.12/site-packages/airflow/example_dags/example_dynamic_task_mapping.py
[2025-07-01T04:45:05.513+0000] {logging_mixin.py:190} INFO - [2025-07-01T04:45:05.513+0000] {dag.py:3239} INFO - Sync 1 DAGs
[2025-07-01T04:45:05.528+0000] {logging_mixin.py:190} INFO - [2025-07-01T04:45:05.528+0000] {dag.py:4180} INFO - Setting next_dagrun for example_dynamic_task_mapping to None, run_after=None
[2025-07-01T04:45:05.544+0000] {processor.py:208} INFO - Processing /home/airflow/.local/lib/python3.12/site-packages/airflow/example_dags/example_dynamic_task_mapping.py took 0.073 seconds
[2025-07-01T04:45:36.190+0000] {processor.py:186} INFO - Started process (PID=22305) to work on /home/airflow/.local/lib/python3.12/site-packages/airflow/example_dags/example_dynamic_task_mapping.py
[2025-07-01T04:45:36.191+0000] {processor.py:914} INFO - Processing file /home/airflow/.local/lib/python3.12/site-packages/airflow/example_dags/example_dynamic_task_mapping.py for tasks to queue
[2025-07-01T04:45:36.194+0000] {logging_mixin.py:190} INFO - [2025-07-01T04:45:36.194+0000] {dagbag.py:588} INFO - Filling up the DagBag from /home/airflow/.local/lib/python3.12/site-packages/airflow/example_dags/example_dynamic_task_mapping.py
[2025-07-01T04:45:36.204+0000] {processor.py:925} INFO - DAG(s) 'example_dynamic_task_mapping' retrieved from /home/airflow/.local/lib/python3.12/site-packages/airflow/example_dags/example_dynamic_task_mapping.py
[2025-07-01T04:45:36.228+0000] {logging_mixin.py:190} INFO - [2025-07-01T04:45:36.228+0000] {dag.py:3239} INFO - Sync 1 DAGs
[2025-07-01T04:45:36.459+0000] {logging_mixin.py:190} INFO - [2025-07-01T04:45:36.459+0000] {dag.py:4180} INFO - Setting next_dagrun for example_dynamic_task_mapping to None, run_after=None
[2025-07-01T04:45:36.480+0000] {processor.py:208} INFO - Processing /home/airflow/.local/lib/python3.12/site-packages/airflow/example_dags/example_dynamic_task_mapping.py took 0.297 seconds
[2025-07-01T04:46:06.961+0000] {processor.py:186} INFO - Started process (PID=22367) to work on /home/airflow/.local/lib/python3.12/site-packages/airflow/example_dags/example_dynamic_task_mapping.py
[2025-07-01T04:46:06.962+0000] {processor.py:914} INFO - Processing file /home/airflow/.local/lib/python3.12/site-packages/airflow/example_dags/example_dynamic_task_mapping.py for tasks to queue
[2025-07-01T04:46:06.965+0000] {logging_mixin.py:190} INFO - [2025-07-01T04:46:06.965+0000] {dagbag.py:588} INFO - Filling up the DagBag from /home/airflow/.local/lib/python3.12/site-packages/airflow/example_dags/example_dynamic_task_mapping.py
[2025-07-01T04:46:06.975+0000] {processor.py:925} INFO - DAG(s) 'example_dynamic_task_mapping' retrieved from /home/airflow/.local/lib/python3.12/site-packages/airflow/example_dags/example_dynamic_task_mapping.py
[2025-07-01T04:46:06.997+0000] {logging_mixin.py:190} INFO - [2025-07-01T04:46:06.997+0000] {dag.py:3239} INFO - Sync 1 DAGs
[2025-07-01T04:46:07.012+0000] {logging_mixin.py:190} INFO - [2025-07-01T04:46:07.012+0000] {dag.py:4180} INFO - Setting next_dagrun for example_dynamic_task_mapping to None, run_after=None
[2025-07-01T04:46:07.178+0000] {processor.py:208} INFO - Processing /home/airflow/.local/lib/python3.12/site-packages/airflow/example_dags/example_dynamic_task_mapping.py took 0.225 seconds
[2025-07-01T04:46:37.215+0000] {processor.py:186} INFO - Started process (PID=22431) to work on /home/airflow/.local/lib/python3.12/site-packages/airflow/example_dags/example_dynamic_task_mapping.py
[2025-07-01T04:46:37.217+0000] {processor.py:914} INFO - Processing file /home/airflow/.local/lib/python3.12/site-packages/airflow/example_dags/example_dynamic_task_mapping.py for tasks to queue
[2025-07-01T04:46:37.220+0000] {logging_mixin.py:190} INFO - [2025-07-01T04:46:37.219+0000] {dagbag.py:588} INFO - Filling up the DagBag from /home/airflow/.local/lib/python3.12/site-packages/airflow/example_dags/example_dynamic_task_mapping.py
[2025-07-01T04:46:37.230+0000] {processor.py:925} INFO - DAG(s) 'example_dynamic_task_mapping' retrieved from /home/airflow/.local/lib/python3.12/site-packages/airflow/example_dags/example_dynamic_task_mapping.py
[2025-07-01T04:46:37.249+0000] {logging_mixin.py:190} INFO - [2025-07-01T04:46:37.249+0000] {dag.py:3239} INFO - Sync 1 DAGs
[2025-07-01T04:46:37.264+0000] {logging_mixin.py:190} INFO - [2025-07-01T04:46:37.264+0000] {dag.py:4180} INFO - Setting next_dagrun for example_dynamic_task_mapping to None, run_after=None
[2025-07-01T04:46:37.282+0000] {processor.py:208} INFO - Processing /home/airflow/.local/lib/python3.12/site-packages/airflow/example_dags/example_dynamic_task_mapping.py took 0.073 seconds
[2025-07-01T04:47:09.058+0000] {processor.py:186} INFO - Started process (PID=22491) to work on /home/airflow/.local/lib/python3.12/site-packages/airflow/example_dags/example_dynamic_task_mapping.py
[2025-07-01T04:47:09.059+0000] {processor.py:914} INFO - Processing file /home/airflow/.local/lib/python3.12/site-packages/airflow/example_dags/example_dynamic_task_mapping.py for tasks to queue
[2025-07-01T04:47:09.062+0000] {logging_mixin.py:190} INFO - [2025-07-01T04:47:09.062+0000] {dagbag.py:588} INFO - Filling up the DagBag from /home/airflow/.local/lib/python3.12/site-packages/airflow/example_dags/example_dynamic_task_mapping.py
[2025-07-01T04:47:09.071+0000] {processor.py:925} INFO - DAG(s) 'example_dynamic_task_mapping' retrieved from /home/airflow/.local/lib/python3.12/site-packages/airflow/example_dags/example_dynamic_task_mapping.py
[2025-07-01T04:47:09.091+0000] {logging_mixin.py:190} INFO - [2025-07-01T04:47:09.091+0000] {dag.py:3239} INFO - Sync 1 DAGs
[2025-07-01T04:47:09.109+0000] {logging_mixin.py:190} INFO - [2025-07-01T04:47:09.108+0000] {dag.py:4180} INFO - Setting next_dagrun for example_dynamic_task_mapping to None, run_after=None
[2025-07-01T04:47:09.130+0000] {processor.py:208} INFO - Processing /home/airflow/.local/lib/python3.12/site-packages/airflow/example_dags/example_dynamic_task_mapping.py took 0.078 seconds
[2025-07-01T04:47:39.255+0000] {processor.py:186} INFO - Started process (PID=22553) to work on /home/airflow/.local/lib/python3.12/site-packages/airflow/example_dags/example_dynamic_task_mapping.py
[2025-07-01T04:47:39.256+0000] {processor.py:914} INFO - Processing file /home/airflow/.local/lib/python3.12/site-packages/airflow/example_dags/example_dynamic_task_mapping.py for tasks to queue
[2025-07-01T04:47:39.259+0000] {logging_mixin.py:190} INFO - [2025-07-01T04:47:39.259+0000] {dagbag.py:588} INFO - Filling up the DagBag from /home/airflow/.local/lib/python3.12/site-packages/airflow/example_dags/example_dynamic_task_mapping.py
[2025-07-01T04:47:39.268+0000] {processor.py:925} INFO - DAG(s) 'example_dynamic_task_mapping' retrieved from /home/airflow/.local/lib/python3.12/site-packages/airflow/example_dags/example_dynamic_task_mapping.py
[2025-07-01T04:47:39.287+0000] {logging_mixin.py:190} INFO - [2025-07-01T04:47:39.286+0000] {dag.py:3239} INFO - Sync 1 DAGs
[2025-07-01T04:47:39.300+0000] {logging_mixin.py:190} INFO - [2025-07-01T04:47:39.300+0000] {dag.py:4180} INFO - Setting next_dagrun for example_dynamic_task_mapping to None, run_after=None
[2025-07-01T04:47:39.318+0000] {processor.py:208} INFO - Processing /home/airflow/.local/lib/python3.12/site-packages/airflow/example_dags/example_dynamic_task_mapping.py took 0.071 seconds
[2025-07-01T04:48:10.074+0000] {processor.py:186} INFO - Started process (PID=22615) to work on /home/airflow/.local/lib/python3.12/site-packages/airflow/example_dags/example_dynamic_task_mapping.py
[2025-07-01T04:48:10.075+0000] {processor.py:914} INFO - Processing file /home/airflow/.local/lib/python3.12/site-packages/airflow/example_dags/example_dynamic_task_mapping.py for tasks to queue
[2025-07-01T04:48:10.077+0000] {logging_mixin.py:190} INFO - [2025-07-01T04:48:10.077+0000] {dagbag.py:588} INFO - Filling up the DagBag from /home/airflow/.local/lib/python3.12/site-packages/airflow/example_dags/example_dynamic_task_mapping.py
[2025-07-01T04:48:10.085+0000] {processor.py:925} INFO - DAG(s) 'example_dynamic_task_mapping' retrieved from /home/airflow/.local/lib/python3.12/site-packages/airflow/example_dags/example_dynamic_task_mapping.py
[2025-07-01T04:48:10.105+0000] {logging_mixin.py:190} INFO - [2025-07-01T04:48:10.104+0000] {dag.py:3239} INFO - Sync 1 DAGs
[2025-07-01T04:48:10.118+0000] {logging_mixin.py:190} INFO - [2025-07-01T04:48:10.117+0000] {dag.py:4180} INFO - Setting next_dagrun for example_dynamic_task_mapping to None, run_after=None
[2025-07-01T04:48:10.134+0000] {processor.py:208} INFO - Processing /home/airflow/.local/lib/python3.12/site-packages/airflow/example_dags/example_dynamic_task_mapping.py took 0.066 seconds
[2025-07-01T04:48:40.763+0000] {processor.py:186} INFO - Started process (PID=22677) to work on /home/airflow/.local/lib/python3.12/site-packages/airflow/example_dags/example_dynamic_task_mapping.py
[2025-07-01T04:48:40.764+0000] {processor.py:914} INFO - Processing file /home/airflow/.local/lib/python3.12/site-packages/airflow/example_dags/example_dynamic_task_mapping.py for tasks to queue
[2025-07-01T04:48:40.767+0000] {logging_mixin.py:190} INFO - [2025-07-01T04:48:40.766+0000] {dagbag.py:588} INFO - Filling up the DagBag from /home/airflow/.local/lib/python3.12/site-packages/airflow/example_dags/example_dynamic_task_mapping.py
[2025-07-01T04:48:40.778+0000] {processor.py:925} INFO - DAG(s) 'example_dynamic_task_mapping' retrieved from /home/airflow/.local/lib/python3.12/site-packages/airflow/example_dags/example_dynamic_task_mapping.py
[2025-07-01T04:48:40.802+0000] {logging_mixin.py:190} INFO - [2025-07-01T04:48:40.802+0000] {dag.py:3239} INFO - Sync 1 DAGs
[2025-07-01T04:48:40.821+0000] {logging_mixin.py:190} INFO - [2025-07-01T04:48:40.820+0000] {dag.py:4180} INFO - Setting next_dagrun for example_dynamic_task_mapping to None, run_after=None
[2025-07-01T04:48:40.843+0000] {processor.py:208} INFO - Processing /home/airflow/.local/lib/python3.12/site-packages/airflow/example_dags/example_dynamic_task_mapping.py took 0.087 seconds
[2025-07-01T04:49:11.601+0000] {processor.py:186} INFO - Started process (PID=22739) to work on /home/airflow/.local/lib/python3.12/site-packages/airflow/example_dags/example_dynamic_task_mapping.py
[2025-07-01T04:49:11.602+0000] {processor.py:914} INFO - Processing file /home/airflow/.local/lib/python3.12/site-packages/airflow/example_dags/example_dynamic_task_mapping.py for tasks to queue
[2025-07-01T04:49:11.605+0000] {logging_mixin.py:190} INFO - [2025-07-01T04:49:11.605+0000] {dagbag.py:588} INFO - Filling up the DagBag from /home/airflow/.local/lib/python3.12/site-packages/airflow/example_dags/example_dynamic_task_mapping.py
[2025-07-01T04:49:11.614+0000] {processor.py:925} INFO - DAG(s) 'example_dynamic_task_mapping' retrieved from /home/airflow/.local/lib/python3.12/site-packages/airflow/example_dags/example_dynamic_task_mapping.py
[2025-07-01T04:49:11.637+0000] {logging_mixin.py:190} INFO - [2025-07-01T04:49:11.636+0000] {dag.py:3239} INFO - Sync 1 DAGs
[2025-07-01T04:49:11.652+0000] {logging_mixin.py:190} INFO - [2025-07-01T04:49:11.651+0000] {dag.py:4180} INFO - Setting next_dagrun for example_dynamic_task_mapping to None, run_after=None
[2025-07-01T04:49:11.669+0000] {processor.py:208} INFO - Processing /home/airflow/.local/lib/python3.12/site-packages/airflow/example_dags/example_dynamic_task_mapping.py took 0.074 seconds
[2025-07-01T04:49:42.245+0000] {processor.py:186} INFO - Started process (PID=22801) to work on /home/airflow/.local/lib/python3.12/site-packages/airflow/example_dags/example_dynamic_task_mapping.py
[2025-07-01T04:49:42.246+0000] {processor.py:914} INFO - Processing file /home/airflow/.local/lib/python3.12/site-packages/airflow/example_dags/example_dynamic_task_mapping.py for tasks to queue
[2025-07-01T04:49:42.248+0000] {logging_mixin.py:190} INFO - [2025-07-01T04:49:42.248+0000] {dagbag.py:588} INFO - Filling up the DagBag from /home/airflow/.local/lib/python3.12/site-packages/airflow/example_dags/example_dynamic_task_mapping.py
[2025-07-01T04:49:42.256+0000] {processor.py:925} INFO - DAG(s) 'example_dynamic_task_mapping' retrieved from /home/airflow/.local/lib/python3.12/site-packages/airflow/example_dags/example_dynamic_task_mapping.py
[2025-07-01T04:49:42.276+0000] {logging_mixin.py:190} INFO - [2025-07-01T04:49:42.276+0000] {dag.py:3239} INFO - Sync 1 DAGs
[2025-07-01T04:49:42.290+0000] {logging_mixin.py:190} INFO - [2025-07-01T04:49:42.290+0000] {dag.py:4180} INFO - Setting next_dagrun for example_dynamic_task_mapping to None, run_after=None
[2025-07-01T04:49:42.305+0000] {processor.py:208} INFO - Processing /home/airflow/.local/lib/python3.12/site-packages/airflow/example_dags/example_dynamic_task_mapping.py took 0.066 seconds
[2025-07-01T04:50:12.965+0000] {processor.py:186} INFO - Started process (PID=22863) to work on /home/airflow/.local/lib/python3.12/site-packages/airflow/example_dags/example_dynamic_task_mapping.py
[2025-07-01T04:50:12.966+0000] {processor.py:914} INFO - Processing file /home/airflow/.local/lib/python3.12/site-packages/airflow/example_dags/example_dynamic_task_mapping.py for tasks to queue
[2025-07-01T04:50:12.969+0000] {logging_mixin.py:190} INFO - [2025-07-01T04:50:12.969+0000] {dagbag.py:588} INFO - Filling up the DagBag from /home/airflow/.local/lib/python3.12/site-packages/airflow/example_dags/example_dynamic_task_mapping.py
[2025-07-01T04:50:12.977+0000] {processor.py:925} INFO - DAG(s) 'example_dynamic_task_mapping' retrieved from /home/airflow/.local/lib/python3.12/site-packages/airflow/example_dags/example_dynamic_task_mapping.py
[2025-07-01T04:50:12.997+0000] {logging_mixin.py:190} INFO - [2025-07-01T04:50:12.996+0000] {dag.py:3239} INFO - Sync 1 DAGs
[2025-07-01T04:50:13.010+0000] {logging_mixin.py:190} INFO - [2025-07-01T04:50:13.009+0000] {dag.py:4180} INFO - Setting next_dagrun for example_dynamic_task_mapping to None, run_after=None
[2025-07-01T04:50:13.027+0000] {processor.py:208} INFO - Processing /home/airflow/.local/lib/python3.12/site-packages/airflow/example_dags/example_dynamic_task_mapping.py took 0.067 seconds
[2025-07-01T04:50:43.701+0000] {processor.py:186} INFO - Started process (PID=22925) to work on /home/airflow/.local/lib/python3.12/site-packages/airflow/example_dags/example_dynamic_task_mapping.py
[2025-07-01T04:50:43.702+0000] {processor.py:914} INFO - Processing file /home/airflow/.local/lib/python3.12/site-packages/airflow/example_dags/example_dynamic_task_mapping.py for tasks to queue
[2025-07-01T04:50:43.704+0000] {logging_mixin.py:190} INFO - [2025-07-01T04:50:43.704+0000] {dagbag.py:588} INFO - Filling up the DagBag from /home/airflow/.local/lib/python3.12/site-packages/airflow/example_dags/example_dynamic_task_mapping.py
[2025-07-01T04:50:43.713+0000] {processor.py:925} INFO - DAG(s) 'example_dynamic_task_mapping' retrieved from /home/airflow/.local/lib/python3.12/site-packages/airflow/example_dags/example_dynamic_task_mapping.py
[2025-07-01T04:50:43.732+0000] {logging_mixin.py:190} INFO - [2025-07-01T04:50:43.732+0000] {dag.py:3239} INFO - Sync 1 DAGs
[2025-07-01T04:50:43.745+0000] {logging_mixin.py:190} INFO - [2025-07-01T04:50:43.745+0000] {dag.py:4180} INFO - Setting next_dagrun for example_dynamic_task_mapping to None, run_after=None
[2025-07-01T04:50:43.762+0000] {processor.py:208} INFO - Processing /home/airflow/.local/lib/python3.12/site-packages/airflow/example_dags/example_dynamic_task_mapping.py took 0.067 seconds
[2025-07-01T04:51:14.579+0000] {processor.py:186} INFO - Started process (PID=22987) to work on /home/airflow/.local/lib/python3.12/site-packages/airflow/example_dags/example_dynamic_task_mapping.py
[2025-07-01T04:51:14.580+0000] {processor.py:914} INFO - Processing file /home/airflow/.local/lib/python3.12/site-packages/airflow/example_dags/example_dynamic_task_mapping.py for tasks to queue
[2025-07-01T04:51:14.582+0000] {logging_mixin.py:190} INFO - [2025-07-01T04:51:14.582+0000] {dagbag.py:588} INFO - Filling up the DagBag from /home/airflow/.local/lib/python3.12/site-packages/airflow/example_dags/example_dynamic_task_mapping.py
[2025-07-01T04:51:14.591+0000] {processor.py:925} INFO - DAG(s) 'example_dynamic_task_mapping' retrieved from /home/airflow/.local/lib/python3.12/site-packages/airflow/example_dags/example_dynamic_task_mapping.py
[2025-07-01T04:51:14.612+0000] {logging_mixin.py:190} INFO - [2025-07-01T04:51:14.611+0000] {dag.py:3239} INFO - Sync 1 DAGs
[2025-07-01T04:51:14.626+0000] {logging_mixin.py:190} INFO - [2025-07-01T04:51:14.626+0000] {dag.py:4180} INFO - Setting next_dagrun for example_dynamic_task_mapping to None, run_after=None
[2025-07-01T04:51:14.644+0000] {processor.py:208} INFO - Processing /home/airflow/.local/lib/python3.12/site-packages/airflow/example_dags/example_dynamic_task_mapping.py took 0.072 seconds
[2025-07-01T04:51:45.288+0000] {processor.py:186} INFO - Started process (PID=23049) to work on /home/airflow/.local/lib/python3.12/site-packages/airflow/example_dags/example_dynamic_task_mapping.py
[2025-07-01T04:51:45.291+0000] {processor.py:914} INFO - Processing file /home/airflow/.local/lib/python3.12/site-packages/airflow/example_dags/example_dynamic_task_mapping.py for tasks to queue
[2025-07-01T04:51:45.294+0000] {logging_mixin.py:190} INFO - [2025-07-01T04:51:45.293+0000] {dagbag.py:588} INFO - Filling up the DagBag from /home/airflow/.local/lib/python3.12/site-packages/airflow/example_dags/example_dynamic_task_mapping.py
[2025-07-01T04:51:45.302+0000] {processor.py:925} INFO - DAG(s) 'example_dynamic_task_mapping' retrieved from /home/airflow/.local/lib/python3.12/site-packages/airflow/example_dags/example_dynamic_task_mapping.py
[2025-07-01T04:51:45.320+0000] {logging_mixin.py:190} INFO - [2025-07-01T04:51:45.320+0000] {dag.py:3239} INFO - Sync 1 DAGs
[2025-07-01T04:51:45.334+0000] {logging_mixin.py:190} INFO - [2025-07-01T04:51:45.334+0000] {dag.py:4180} INFO - Setting next_dagrun for example_dynamic_task_mapping to None, run_after=None
[2025-07-01T04:51:45.351+0000] {processor.py:208} INFO - Processing /home/airflow/.local/lib/python3.12/site-packages/airflow/example_dags/example_dynamic_task_mapping.py took 0.069 seconds
[2025-07-01T04:52:16.218+0000] {processor.py:186} INFO - Started process (PID=23111) to work on /home/airflow/.local/lib/python3.12/site-packages/airflow/example_dags/example_dynamic_task_mapping.py
[2025-07-01T04:52:16.219+0000] {processor.py:914} INFO - Processing file /home/airflow/.local/lib/python3.12/site-packages/airflow/example_dags/example_dynamic_task_mapping.py for tasks to queue
[2025-07-01T04:52:16.222+0000] {logging_mixin.py:190} INFO - [2025-07-01T04:52:16.222+0000] {dagbag.py:588} INFO - Filling up the DagBag from /home/airflow/.local/lib/python3.12/site-packages/airflow/example_dags/example_dynamic_task_mapping.py
[2025-07-01T04:52:16.232+0000] {processor.py:925} INFO - DAG(s) 'example_dynamic_task_mapping' retrieved from /home/airflow/.local/lib/python3.12/site-packages/airflow/example_dags/example_dynamic_task_mapping.py
[2025-07-01T04:52:16.250+0000] {logging_mixin.py:190} INFO - [2025-07-01T04:52:16.250+0000] {dag.py:3239} INFO - Sync 1 DAGs
[2025-07-01T04:52:16.266+0000] {logging_mixin.py:190} INFO - [2025-07-01T04:52:16.266+0000] {dag.py:4180} INFO - Setting next_dagrun for example_dynamic_task_mapping to None, run_after=None
[2025-07-01T04:52:16.285+0000] {processor.py:208} INFO - Processing /home/airflow/.local/lib/python3.12/site-packages/airflow/example_dags/example_dynamic_task_mapping.py took 0.073 seconds
[2025-07-01T04:52:46.620+0000] {processor.py:186} INFO - Started process (PID=23173) to work on /home/airflow/.local/lib/python3.12/site-packages/airflow/example_dags/example_dynamic_task_mapping.py
[2025-07-01T04:52:46.622+0000] {processor.py:914} INFO - Processing file /home/airflow/.local/lib/python3.12/site-packages/airflow/example_dags/example_dynamic_task_mapping.py for tasks to queue
[2025-07-01T04:52:46.624+0000] {logging_mixin.py:190} INFO - [2025-07-01T04:52:46.624+0000] {dagbag.py:588} INFO - Filling up the DagBag from /home/airflow/.local/lib/python3.12/site-packages/airflow/example_dags/example_dynamic_task_mapping.py
[2025-07-01T04:52:46.633+0000] {processor.py:925} INFO - DAG(s) 'example_dynamic_task_mapping' retrieved from /home/airflow/.local/lib/python3.12/site-packages/airflow/example_dags/example_dynamic_task_mapping.py
[2025-07-01T04:52:46.657+0000] {logging_mixin.py:190} INFO - [2025-07-01T04:52:46.657+0000] {dag.py:3239} INFO - Sync 1 DAGs
[2025-07-01T04:52:46.675+0000] {logging_mixin.py:190} INFO - [2025-07-01T04:52:46.675+0000] {dag.py:4180} INFO - Setting next_dagrun for example_dynamic_task_mapping to None, run_after=None
[2025-07-01T04:52:46.701+0000] {processor.py:208} INFO - Processing /home/airflow/.local/lib/python3.12/site-packages/airflow/example_dags/example_dynamic_task_mapping.py took 0.087 seconds
[2025-07-01T04:53:17.070+0000] {processor.py:186} INFO - Started process (PID=23235) to work on /home/airflow/.local/lib/python3.12/site-packages/airflow/example_dags/example_dynamic_task_mapping.py
[2025-07-01T04:53:17.071+0000] {processor.py:914} INFO - Processing file /home/airflow/.local/lib/python3.12/site-packages/airflow/example_dags/example_dynamic_task_mapping.py for tasks to queue
[2025-07-01T04:53:17.075+0000] {logging_mixin.py:190} INFO - [2025-07-01T04:53:17.075+0000] {dagbag.py:588} INFO - Filling up the DagBag from /home/airflow/.local/lib/python3.12/site-packages/airflow/example_dags/example_dynamic_task_mapping.py
[2025-07-01T04:53:17.084+0000] {processor.py:925} INFO - DAG(s) 'example_dynamic_task_mapping' retrieved from /home/airflow/.local/lib/python3.12/site-packages/airflow/example_dags/example_dynamic_task_mapping.py
[2025-07-01T04:53:17.102+0000] {logging_mixin.py:190} INFO - [2025-07-01T04:53:17.102+0000] {dag.py:3239} INFO - Sync 1 DAGs
[2025-07-01T04:53:17.116+0000] {logging_mixin.py:190} INFO - [2025-07-01T04:53:17.116+0000] {dag.py:4180} INFO - Setting next_dagrun for example_dynamic_task_mapping to None, run_after=None
[2025-07-01T04:53:17.133+0000] {processor.py:208} INFO - Processing /home/airflow/.local/lib/python3.12/site-packages/airflow/example_dags/example_dynamic_task_mapping.py took 0.068 seconds
[2025-07-01T04:53:47.285+0000] {processor.py:186} INFO - Started process (PID=23298) to work on /home/airflow/.local/lib/python3.12/site-packages/airflow/example_dags/example_dynamic_task_mapping.py
[2025-07-01T04:53:47.286+0000] {processor.py:914} INFO - Processing file /home/airflow/.local/lib/python3.12/site-packages/airflow/example_dags/example_dynamic_task_mapping.py for tasks to queue
[2025-07-01T04:53:47.289+0000] {logging_mixin.py:190} INFO - [2025-07-01T04:53:47.288+0000] {dagbag.py:588} INFO - Filling up the DagBag from /home/airflow/.local/lib/python3.12/site-packages/airflow/example_dags/example_dynamic_task_mapping.py
[2025-07-01T04:53:47.297+0000] {processor.py:925} INFO - DAG(s) 'example_dynamic_task_mapping' retrieved from /home/airflow/.local/lib/python3.12/site-packages/airflow/example_dags/example_dynamic_task_mapping.py
[2025-07-01T04:53:47.316+0000] {logging_mixin.py:190} INFO - [2025-07-01T04:53:47.316+0000] {dag.py:3239} INFO - Sync 1 DAGs
[2025-07-01T04:53:47.329+0000] {logging_mixin.py:190} INFO - [2025-07-01T04:53:47.329+0000] {dag.py:4180} INFO - Setting next_dagrun for example_dynamic_task_mapping to None, run_after=None
[2025-07-01T04:53:47.347+0000] {processor.py:208} INFO - Processing /home/airflow/.local/lib/python3.12/site-packages/airflow/example_dags/example_dynamic_task_mapping.py took 0.068 seconds
[2025-07-01T04:54:18.008+0000] {processor.py:186} INFO - Started process (PID=23359) to work on /home/airflow/.local/lib/python3.12/site-packages/airflow/example_dags/example_dynamic_task_mapping.py
[2025-07-01T04:54:18.009+0000] {processor.py:914} INFO - Processing file /home/airflow/.local/lib/python3.12/site-packages/airflow/example_dags/example_dynamic_task_mapping.py for tasks to queue
[2025-07-01T04:54:18.012+0000] {logging_mixin.py:190} INFO - [2025-07-01T04:54:18.012+0000] {dagbag.py:588} INFO - Filling up the DagBag from /home/airflow/.local/lib/python3.12/site-packages/airflow/example_dags/example_dynamic_task_mapping.py
[2025-07-01T04:54:18.020+0000] {processor.py:925} INFO - DAG(s) 'example_dynamic_task_mapping' retrieved from /home/airflow/.local/lib/python3.12/site-packages/airflow/example_dags/example_dynamic_task_mapping.py
[2025-07-01T04:54:18.040+0000] {logging_mixin.py:190} INFO - [2025-07-01T04:54:18.039+0000] {dag.py:3239} INFO - Sync 1 DAGs
[2025-07-01T04:54:18.053+0000] {logging_mixin.py:190} INFO - [2025-07-01T04:54:18.053+0000] {dag.py:4180} INFO - Setting next_dagrun for example_dynamic_task_mapping to None, run_after=None
[2025-07-01T04:54:18.070+0000] {processor.py:208} INFO - Processing /home/airflow/.local/lib/python3.12/site-packages/airflow/example_dags/example_dynamic_task_mapping.py took 0.068 seconds
[2025-07-01T04:54:48.925+0000] {processor.py:186} INFO - Started process (PID=23422) to work on /home/airflow/.local/lib/python3.12/site-packages/airflow/example_dags/example_dynamic_task_mapping.py
[2025-07-01T04:54:48.926+0000] {processor.py:914} INFO - Processing file /home/airflow/.local/lib/python3.12/site-packages/airflow/example_dags/example_dynamic_task_mapping.py for tasks to queue
[2025-07-01T04:54:48.929+0000] {logging_mixin.py:190} INFO - [2025-07-01T04:54:48.929+0000] {dagbag.py:588} INFO - Filling up the DagBag from /home/airflow/.local/lib/python3.12/site-packages/airflow/example_dags/example_dynamic_task_mapping.py
[2025-07-01T04:54:48.938+0000] {processor.py:925} INFO - DAG(s) 'example_dynamic_task_mapping' retrieved from /home/airflow/.local/lib/python3.12/site-packages/airflow/example_dags/example_dynamic_task_mapping.py
[2025-07-01T04:54:48.959+0000] {logging_mixin.py:190} INFO - [2025-07-01T04:54:48.959+0000] {dag.py:3239} INFO - Sync 1 DAGs
[2025-07-01T04:54:48.984+0000] {logging_mixin.py:190} INFO - [2025-07-01T04:54:48.984+0000] {dag.py:4180} INFO - Setting next_dagrun for example_dynamic_task_mapping to None, run_after=None
[2025-07-01T04:54:49.010+0000] {processor.py:208} INFO - Processing /home/airflow/.local/lib/python3.12/site-packages/airflow/example_dags/example_dynamic_task_mapping.py took 0.092 seconds
[2025-07-01T04:55:19.721+0000] {processor.py:186} INFO - Started process (PID=23484) to work on /home/airflow/.local/lib/python3.12/site-packages/airflow/example_dags/example_dynamic_task_mapping.py
[2025-07-01T04:55:19.722+0000] {processor.py:914} INFO - Processing file /home/airflow/.local/lib/python3.12/site-packages/airflow/example_dags/example_dynamic_task_mapping.py for tasks to queue
[2025-07-01T04:55:19.725+0000] {logging_mixin.py:190} INFO - [2025-07-01T04:55:19.724+0000] {dagbag.py:588} INFO - Filling up the DagBag from /home/airflow/.local/lib/python3.12/site-packages/airflow/example_dags/example_dynamic_task_mapping.py
[2025-07-01T04:55:19.733+0000] {processor.py:925} INFO - DAG(s) 'example_dynamic_task_mapping' retrieved from /home/airflow/.local/lib/python3.12/site-packages/airflow/example_dags/example_dynamic_task_mapping.py
[2025-07-01T04:55:19.752+0000] {logging_mixin.py:190} INFO - [2025-07-01T04:55:19.752+0000] {dag.py:3239} INFO - Sync 1 DAGs
[2025-07-01T04:55:19.766+0000] {logging_mixin.py:190} INFO - [2025-07-01T04:55:19.766+0000] {dag.py:4180} INFO - Setting next_dagrun for example_dynamic_task_mapping to None, run_after=None
[2025-07-01T04:55:19.782+0000] {processor.py:208} INFO - Processing /home/airflow/.local/lib/python3.12/site-packages/airflow/example_dags/example_dynamic_task_mapping.py took 0.067 seconds
[2025-07-01T04:55:50.348+0000] {processor.py:186} INFO - Started process (PID=23546) to work on /home/airflow/.local/lib/python3.12/site-packages/airflow/example_dags/example_dynamic_task_mapping.py
[2025-07-01T04:55:50.349+0000] {processor.py:914} INFO - Processing file /home/airflow/.local/lib/python3.12/site-packages/airflow/example_dags/example_dynamic_task_mapping.py for tasks to queue
[2025-07-01T04:55:50.351+0000] {logging_mixin.py:190} INFO - [2025-07-01T04:55:50.351+0000] {dagbag.py:588} INFO - Filling up the DagBag from /home/airflow/.local/lib/python3.12/site-packages/airflow/example_dags/example_dynamic_task_mapping.py
[2025-07-01T04:55:50.360+0000] {processor.py:925} INFO - DAG(s) 'example_dynamic_task_mapping' retrieved from /home/airflow/.local/lib/python3.12/site-packages/airflow/example_dags/example_dynamic_task_mapping.py
[2025-07-01T04:55:50.381+0000] {logging_mixin.py:190} INFO - [2025-07-01T04:55:50.380+0000] {dag.py:3239} INFO - Sync 1 DAGs
[2025-07-01T04:55:50.396+0000] {logging_mixin.py:190} INFO - [2025-07-01T04:55:50.396+0000] {dag.py:4180} INFO - Setting next_dagrun for example_dynamic_task_mapping to None, run_after=None
[2025-07-01T04:55:50.415+0000] {processor.py:208} INFO - Processing /home/airflow/.local/lib/python3.12/site-packages/airflow/example_dags/example_dynamic_task_mapping.py took 0.073 seconds
[2025-07-01T04:56:20.881+0000] {processor.py:186} INFO - Started process (PID=23608) to work on /home/airflow/.local/lib/python3.12/site-packages/airflow/example_dags/example_dynamic_task_mapping.py
[2025-07-01T04:56:20.882+0000] {processor.py:914} INFO - Processing file /home/airflow/.local/lib/python3.12/site-packages/airflow/example_dags/example_dynamic_task_mapping.py for tasks to queue
[2025-07-01T04:56:20.885+0000] {logging_mixin.py:190} INFO - [2025-07-01T04:56:20.884+0000] {dagbag.py:588} INFO - Filling up the DagBag from /home/airflow/.local/lib/python3.12/site-packages/airflow/example_dags/example_dynamic_task_mapping.py
[2025-07-01T04:56:20.893+0000] {processor.py:925} INFO - DAG(s) 'example_dynamic_task_mapping' retrieved from /home/airflow/.local/lib/python3.12/site-packages/airflow/example_dags/example_dynamic_task_mapping.py
[2025-07-01T04:56:20.913+0000] {logging_mixin.py:190} INFO - [2025-07-01T04:56:20.913+0000] {dag.py:3239} INFO - Sync 1 DAGs
[2025-07-01T04:56:20.927+0000] {logging_mixin.py:190} INFO - [2025-07-01T04:56:20.927+0000] {dag.py:4180} INFO - Setting next_dagrun for example_dynamic_task_mapping to None, run_after=None
[2025-07-01T04:56:20.943+0000] {processor.py:208} INFO - Processing /home/airflow/.local/lib/python3.12/site-packages/airflow/example_dags/example_dynamic_task_mapping.py took 0.067 seconds
[2025-07-01T04:56:51.511+0000] {processor.py:186} INFO - Started process (PID=23670) to work on /home/airflow/.local/lib/python3.12/site-packages/airflow/example_dags/example_dynamic_task_mapping.py
[2025-07-01T04:56:51.512+0000] {processor.py:914} INFO - Processing file /home/airflow/.local/lib/python3.12/site-packages/airflow/example_dags/example_dynamic_task_mapping.py for tasks to queue
[2025-07-01T04:56:51.514+0000] {logging_mixin.py:190} INFO - [2025-07-01T04:56:51.514+0000] {dagbag.py:588} INFO - Filling up the DagBag from /home/airflow/.local/lib/python3.12/site-packages/airflow/example_dags/example_dynamic_task_mapping.py
[2025-07-01T04:56:51.523+0000] {processor.py:925} INFO - DAG(s) 'example_dynamic_task_mapping' retrieved from /home/airflow/.local/lib/python3.12/site-packages/airflow/example_dags/example_dynamic_task_mapping.py
[2025-07-01T04:56:51.544+0000] {logging_mixin.py:190} INFO - [2025-07-01T04:56:51.544+0000] {dag.py:3239} INFO - Sync 1 DAGs
[2025-07-01T04:56:51.559+0000] {logging_mixin.py:190} INFO - [2025-07-01T04:56:51.559+0000] {dag.py:4180} INFO - Setting next_dagrun for example_dynamic_task_mapping to None, run_after=None
[2025-07-01T04:56:51.577+0000] {processor.py:208} INFO - Processing /home/airflow/.local/lib/python3.12/site-packages/airflow/example_dags/example_dynamic_task_mapping.py took 0.073 seconds
[2025-07-01T04:57:22.200+0000] {processor.py:186} INFO - Started process (PID=23732) to work on /home/airflow/.local/lib/python3.12/site-packages/airflow/example_dags/example_dynamic_task_mapping.py
[2025-07-01T04:57:22.202+0000] {processor.py:914} INFO - Processing file /home/airflow/.local/lib/python3.12/site-packages/airflow/example_dags/example_dynamic_task_mapping.py for tasks to queue
[2025-07-01T04:57:22.204+0000] {logging_mixin.py:190} INFO - [2025-07-01T04:57:22.203+0000] {dagbag.py:588} INFO - Filling up the DagBag from /home/airflow/.local/lib/python3.12/site-packages/airflow/example_dags/example_dynamic_task_mapping.py
[2025-07-01T04:57:22.212+0000] {processor.py:925} INFO - DAG(s) 'example_dynamic_task_mapping' retrieved from /home/airflow/.local/lib/python3.12/site-packages/airflow/example_dags/example_dynamic_task_mapping.py
[2025-07-01T04:57:22.231+0000] {logging_mixin.py:190} INFO - [2025-07-01T04:57:22.231+0000] {dag.py:3239} INFO - Sync 1 DAGs
[2025-07-01T04:57:22.245+0000] {logging_mixin.py:190} INFO - [2025-07-01T04:57:22.244+0000] {dag.py:4180} INFO - Setting next_dagrun for example_dynamic_task_mapping to None, run_after=None
[2025-07-01T04:57:22.260+0000] {processor.py:208} INFO - Processing /home/airflow/.local/lib/python3.12/site-packages/airflow/example_dags/example_dynamic_task_mapping.py took 0.066 seconds
[2025-07-01T04:57:52.924+0000] {processor.py:186} INFO - Started process (PID=23794) to work on /home/airflow/.local/lib/python3.12/site-packages/airflow/example_dags/example_dynamic_task_mapping.py
[2025-07-01T04:57:52.925+0000] {processor.py:914} INFO - Processing file /home/airflow/.local/lib/python3.12/site-packages/airflow/example_dags/example_dynamic_task_mapping.py for tasks to queue
[2025-07-01T04:57:52.928+0000] {logging_mixin.py:190} INFO - [2025-07-01T04:57:52.927+0000] {dagbag.py:588} INFO - Filling up the DagBag from /home/airflow/.local/lib/python3.12/site-packages/airflow/example_dags/example_dynamic_task_mapping.py
[2025-07-01T04:57:52.936+0000] {processor.py:925} INFO - DAG(s) 'example_dynamic_task_mapping' retrieved from /home/airflow/.local/lib/python3.12/site-packages/airflow/example_dags/example_dynamic_task_mapping.py
[2025-07-01T04:57:52.959+0000] {logging_mixin.py:190} INFO - [2025-07-01T04:57:52.959+0000] {dag.py:3239} INFO - Sync 1 DAGs
[2025-07-01T04:57:52.977+0000] {logging_mixin.py:190} INFO - [2025-07-01T04:57:52.977+0000] {dag.py:4180} INFO - Setting next_dagrun for example_dynamic_task_mapping to None, run_after=None
[2025-07-01T04:57:52.998+0000] {processor.py:208} INFO - Processing /home/airflow/.local/lib/python3.12/site-packages/airflow/example_dags/example_dynamic_task_mapping.py took 0.079 seconds
[2025-07-01T04:58:23.590+0000] {processor.py:186} INFO - Started process (PID=23856) to work on /home/airflow/.local/lib/python3.12/site-packages/airflow/example_dags/example_dynamic_task_mapping.py
[2025-07-01T04:58:23.591+0000] {processor.py:914} INFO - Processing file /home/airflow/.local/lib/python3.12/site-packages/airflow/example_dags/example_dynamic_task_mapping.py for tasks to queue
[2025-07-01T04:58:23.594+0000] {logging_mixin.py:190} INFO - [2025-07-01T04:58:23.593+0000] {dagbag.py:588} INFO - Filling up the DagBag from /home/airflow/.local/lib/python3.12/site-packages/airflow/example_dags/example_dynamic_task_mapping.py
[2025-07-01T04:58:23.602+0000] {processor.py:925} INFO - DAG(s) 'example_dynamic_task_mapping' retrieved from /home/airflow/.local/lib/python3.12/site-packages/airflow/example_dags/example_dynamic_task_mapping.py
[2025-07-01T04:58:23.622+0000] {logging_mixin.py:190} INFO - [2025-07-01T04:58:23.622+0000] {dag.py:3239} INFO - Sync 1 DAGs
[2025-07-01T04:58:23.636+0000] {logging_mixin.py:190} INFO - [2025-07-01T04:58:23.636+0000] {dag.py:4180} INFO - Setting next_dagrun for example_dynamic_task_mapping to None, run_after=None
[2025-07-01T04:58:23.653+0000] {processor.py:208} INFO - Processing /home/airflow/.local/lib/python3.12/site-packages/airflow/example_dags/example_dynamic_task_mapping.py took 0.070 seconds
[2025-07-01T04:58:54.253+0000] {processor.py:186} INFO - Started process (PID=23918) to work on /home/airflow/.local/lib/python3.12/site-packages/airflow/example_dags/example_dynamic_task_mapping.py
[2025-07-01T04:58:54.254+0000] {processor.py:914} INFO - Processing file /home/airflow/.local/lib/python3.12/site-packages/airflow/example_dags/example_dynamic_task_mapping.py for tasks to queue
[2025-07-01T04:58:54.257+0000] {logging_mixin.py:190} INFO - [2025-07-01T04:58:54.256+0000] {dagbag.py:588} INFO - Filling up the DagBag from /home/airflow/.local/lib/python3.12/site-packages/airflow/example_dags/example_dynamic_task_mapping.py
[2025-07-01T04:58:54.265+0000] {processor.py:925} INFO - DAG(s) 'example_dynamic_task_mapping' retrieved from /home/airflow/.local/lib/python3.12/site-packages/airflow/example_dags/example_dynamic_task_mapping.py
[2025-07-01T04:58:54.286+0000] {logging_mixin.py:190} INFO - [2025-07-01T04:58:54.285+0000] {dag.py:3239} INFO - Sync 1 DAGs
[2025-07-01T04:58:54.300+0000] {logging_mixin.py:190} INFO - [2025-07-01T04:58:54.300+0000] {dag.py:4180} INFO - Setting next_dagrun for example_dynamic_task_mapping to None, run_after=None
[2025-07-01T04:58:54.316+0000] {processor.py:208} INFO - Processing /home/airflow/.local/lib/python3.12/site-packages/airflow/example_dags/example_dynamic_task_mapping.py took 0.069 seconds
[2025-07-01T04:59:25.071+0000] {processor.py:186} INFO - Started process (PID=23980) to work on /home/airflow/.local/lib/python3.12/site-packages/airflow/example_dags/example_dynamic_task_mapping.py
[2025-07-01T04:59:25.072+0000] {processor.py:914} INFO - Processing file /home/airflow/.local/lib/python3.12/site-packages/airflow/example_dags/example_dynamic_task_mapping.py for tasks to queue
[2025-07-01T04:59:25.075+0000] {logging_mixin.py:190} INFO - [2025-07-01T04:59:25.074+0000] {dagbag.py:588} INFO - Filling up the DagBag from /home/airflow/.local/lib/python3.12/site-packages/airflow/example_dags/example_dynamic_task_mapping.py
[2025-07-01T04:59:25.083+0000] {processor.py:925} INFO - DAG(s) 'example_dynamic_task_mapping' retrieved from /home/airflow/.local/lib/python3.12/site-packages/airflow/example_dags/example_dynamic_task_mapping.py
[2025-07-01T04:59:25.103+0000] {logging_mixin.py:190} INFO - [2025-07-01T04:59:25.103+0000] {dag.py:3239} INFO - Sync 1 DAGs
[2025-07-01T04:59:25.117+0000] {logging_mixin.py:190} INFO - [2025-07-01T04:59:25.117+0000] {dag.py:4180} INFO - Setting next_dagrun for example_dynamic_task_mapping to None, run_after=None
[2025-07-01T04:59:25.134+0000] {processor.py:208} INFO - Processing /home/airflow/.local/lib/python3.12/site-packages/airflow/example_dags/example_dynamic_task_mapping.py took 0.071 seconds
[2025-07-01T04:59:55.699+0000] {processor.py:186} INFO - Started process (PID=24042) to work on /home/airflow/.local/lib/python3.12/site-packages/airflow/example_dags/example_dynamic_task_mapping.py
[2025-07-01T04:59:55.700+0000] {processor.py:914} INFO - Processing file /home/airflow/.local/lib/python3.12/site-packages/airflow/example_dags/example_dynamic_task_mapping.py for tasks to queue
[2025-07-01T04:59:55.702+0000] {logging_mixin.py:190} INFO - [2025-07-01T04:59:55.702+0000] {dagbag.py:588} INFO - Filling up the DagBag from /home/airflow/.local/lib/python3.12/site-packages/airflow/example_dags/example_dynamic_task_mapping.py
[2025-07-01T04:59:55.712+0000] {processor.py:925} INFO - DAG(s) 'example_dynamic_task_mapping' retrieved from /home/airflow/.local/lib/python3.12/site-packages/airflow/example_dags/example_dynamic_task_mapping.py
[2025-07-01T04:59:55.731+0000] {logging_mixin.py:190} INFO - [2025-07-01T04:59:55.731+0000] {dag.py:3239} INFO - Sync 1 DAGs
[2025-07-01T04:59:55.746+0000] {logging_mixin.py:190} INFO - [2025-07-01T04:59:55.745+0000] {dag.py:4180} INFO - Setting next_dagrun for example_dynamic_task_mapping to None, run_after=None
[2025-07-01T04:59:55.763+0000] {processor.py:208} INFO - Processing /home/airflow/.local/lib/python3.12/site-packages/airflow/example_dags/example_dynamic_task_mapping.py took 0.070 seconds
[2025-07-01T05:00:26.523+0000] {processor.py:186} INFO - Started process (PID=24104) to work on /home/airflow/.local/lib/python3.12/site-packages/airflow/example_dags/example_dynamic_task_mapping.py
[2025-07-01T05:00:26.524+0000] {processor.py:914} INFO - Processing file /home/airflow/.local/lib/python3.12/site-packages/airflow/example_dags/example_dynamic_task_mapping.py for tasks to queue
[2025-07-01T05:00:26.528+0000] {logging_mixin.py:190} INFO - [2025-07-01T05:00:26.527+0000] {dagbag.py:588} INFO - Filling up the DagBag from /home/airflow/.local/lib/python3.12/site-packages/airflow/example_dags/example_dynamic_task_mapping.py
[2025-07-01T05:00:26.541+0000] {processor.py:925} INFO - DAG(s) 'example_dynamic_task_mapping' retrieved from /home/airflow/.local/lib/python3.12/site-packages/airflow/example_dags/example_dynamic_task_mapping.py
[2025-07-01T05:00:26.569+0000] {logging_mixin.py:190} INFO - [2025-07-01T05:00:26.568+0000] {dag.py:3239} INFO - Sync 1 DAGs
[2025-07-01T05:00:26.586+0000] {logging_mixin.py:190} INFO - [2025-07-01T05:00:26.586+0000] {dag.py:4180} INFO - Setting next_dagrun for example_dynamic_task_mapping to None, run_after=None
[2025-07-01T05:00:26.608+0000] {processor.py:208} INFO - Processing /home/airflow/.local/lib/python3.12/site-packages/airflow/example_dags/example_dynamic_task_mapping.py took 0.095 seconds
[2025-07-01T05:00:56.769+0000] {processor.py:186} INFO - Started process (PID=24166) to work on /home/airflow/.local/lib/python3.12/site-packages/airflow/example_dags/example_dynamic_task_mapping.py
[2025-07-01T05:00:56.771+0000] {processor.py:914} INFO - Processing file /home/airflow/.local/lib/python3.12/site-packages/airflow/example_dags/example_dynamic_task_mapping.py for tasks to queue
[2025-07-01T05:00:56.773+0000] {logging_mixin.py:190} INFO - [2025-07-01T05:00:56.773+0000] {dagbag.py:588} INFO - Filling up the DagBag from /home/airflow/.local/lib/python3.12/site-packages/airflow/example_dags/example_dynamic_task_mapping.py
[2025-07-01T05:00:56.782+0000] {processor.py:925} INFO - DAG(s) 'example_dynamic_task_mapping' retrieved from /home/airflow/.local/lib/python3.12/site-packages/airflow/example_dags/example_dynamic_task_mapping.py
[2025-07-01T05:00:56.802+0000] {logging_mixin.py:190} INFO - [2025-07-01T05:00:56.802+0000] {dag.py:3239} INFO - Sync 1 DAGs
[2025-07-01T05:00:56.817+0000] {logging_mixin.py:190} INFO - [2025-07-01T05:00:56.817+0000] {dag.py:4180} INFO - Setting next_dagrun for example_dynamic_task_mapping to None, run_after=None
[2025-07-01T05:00:56.834+0000] {processor.py:208} INFO - Processing /home/airflow/.local/lib/python3.12/site-packages/airflow/example_dags/example_dynamic_task_mapping.py took 0.070 seconds
[2025-07-01T05:01:26.907+0000] {processor.py:186} INFO - Started process (PID=24228) to work on /home/airflow/.local/lib/python3.12/site-packages/airflow/example_dags/example_dynamic_task_mapping.py
[2025-07-01T05:01:26.907+0000] {processor.py:914} INFO - Processing file /home/airflow/.local/lib/python3.12/site-packages/airflow/example_dags/example_dynamic_task_mapping.py for tasks to queue
[2025-07-01T05:01:26.910+0000] {logging_mixin.py:190} INFO - [2025-07-01T05:01:26.910+0000] {dagbag.py:588} INFO - Filling up the DagBag from /home/airflow/.local/lib/python3.12/site-packages/airflow/example_dags/example_dynamic_task_mapping.py
[2025-07-01T05:01:26.919+0000] {processor.py:925} INFO - DAG(s) 'example_dynamic_task_mapping' retrieved from /home/airflow/.local/lib/python3.12/site-packages/airflow/example_dags/example_dynamic_task_mapping.py
[2025-07-01T05:01:26.938+0000] {logging_mixin.py:190} INFO - [2025-07-01T05:01:26.938+0000] {dag.py:3239} INFO - Sync 1 DAGs
[2025-07-01T05:01:26.952+0000] {logging_mixin.py:190} INFO - [2025-07-01T05:01:26.952+0000] {dag.py:4180} INFO - Setting next_dagrun for example_dynamic_task_mapping to None, run_after=None
[2025-07-01T05:01:26.971+0000] {processor.py:208} INFO - Processing /home/airflow/.local/lib/python3.12/site-packages/airflow/example_dags/example_dynamic_task_mapping.py took 0.070 seconds
[2025-07-01T05:01:57.089+0000] {processor.py:186} INFO - Started process (PID=24290) to work on /home/airflow/.local/lib/python3.12/site-packages/airflow/example_dags/example_dynamic_task_mapping.py
[2025-07-01T05:01:57.090+0000] {processor.py:914} INFO - Processing file /home/airflow/.local/lib/python3.12/site-packages/airflow/example_dags/example_dynamic_task_mapping.py for tasks to queue
[2025-07-01T05:01:57.093+0000] {logging_mixin.py:190} INFO - [2025-07-01T05:01:57.093+0000] {dagbag.py:588} INFO - Filling up the DagBag from /home/airflow/.local/lib/python3.12/site-packages/airflow/example_dags/example_dynamic_task_mapping.py
[2025-07-01T05:01:57.103+0000] {processor.py:925} INFO - DAG(s) 'example_dynamic_task_mapping' retrieved from /home/airflow/.local/lib/python3.12/site-packages/airflow/example_dags/example_dynamic_task_mapping.py
[2025-07-01T05:01:57.127+0000] {logging_mixin.py:190} INFO - [2025-07-01T05:01:57.126+0000] {dag.py:3239} INFO - Sync 1 DAGs
[2025-07-01T05:01:57.148+0000] {logging_mixin.py:190} INFO - [2025-07-01T05:01:57.148+0000] {dag.py:4180} INFO - Setting next_dagrun for example_dynamic_task_mapping to None, run_after=None
[2025-07-01T05:01:57.176+0000] {processor.py:208} INFO - Processing /home/airflow/.local/lib/python3.12/site-packages/airflow/example_dags/example_dynamic_task_mapping.py took 0.094 seconds
[2025-07-01T05:02:27.449+0000] {processor.py:186} INFO - Started process (PID=24352) to work on /home/airflow/.local/lib/python3.12/site-packages/airflow/example_dags/example_dynamic_task_mapping.py
[2025-07-01T05:02:27.450+0000] {processor.py:914} INFO - Processing file /home/airflow/.local/lib/python3.12/site-packages/airflow/example_dags/example_dynamic_task_mapping.py for tasks to queue
[2025-07-01T05:02:27.453+0000] {logging_mixin.py:190} INFO - [2025-07-01T05:02:27.452+0000] {dagbag.py:588} INFO - Filling up the DagBag from /home/airflow/.local/lib/python3.12/site-packages/airflow/example_dags/example_dynamic_task_mapping.py
[2025-07-01T05:02:27.461+0000] {processor.py:925} INFO - DAG(s) 'example_dynamic_task_mapping' retrieved from /home/airflow/.local/lib/python3.12/site-packages/airflow/example_dags/example_dynamic_task_mapping.py
[2025-07-01T05:02:27.480+0000] {logging_mixin.py:190} INFO - [2025-07-01T05:02:27.480+0000] {dag.py:3239} INFO - Sync 1 DAGs
[2025-07-01T05:02:27.494+0000] {logging_mixin.py:190} INFO - [2025-07-01T05:02:27.494+0000] {dag.py:4180} INFO - Setting next_dagrun for example_dynamic_task_mapping to None, run_after=None
[2025-07-01T05:02:27.513+0000] {processor.py:208} INFO - Processing /home/airflow/.local/lib/python3.12/site-packages/airflow/example_dags/example_dynamic_task_mapping.py took 0.069 seconds
[2025-07-01T05:02:57.780+0000] {processor.py:186} INFO - Started process (PID=24414) to work on /home/airflow/.local/lib/python3.12/site-packages/airflow/example_dags/example_dynamic_task_mapping.py
[2025-07-01T05:02:57.781+0000] {processor.py:914} INFO - Processing file /home/airflow/.local/lib/python3.12/site-packages/airflow/example_dags/example_dynamic_task_mapping.py for tasks to queue
[2025-07-01T05:02:57.783+0000] {logging_mixin.py:190} INFO - [2025-07-01T05:02:57.783+0000] {dagbag.py:588} INFO - Filling up the DagBag from /home/airflow/.local/lib/python3.12/site-packages/airflow/example_dags/example_dynamic_task_mapping.py
[2025-07-01T05:02:57.792+0000] {processor.py:925} INFO - DAG(s) 'example_dynamic_task_mapping' retrieved from /home/airflow/.local/lib/python3.12/site-packages/airflow/example_dags/example_dynamic_task_mapping.py
[2025-07-01T05:02:57.811+0000] {logging_mixin.py:190} INFO - [2025-07-01T05:02:57.810+0000] {dag.py:3239} INFO - Sync 1 DAGs
[2025-07-01T05:02:57.825+0000] {logging_mixin.py:190} INFO - [2025-07-01T05:02:57.825+0000] {dag.py:4180} INFO - Setting next_dagrun for example_dynamic_task_mapping to None, run_after=None
[2025-07-01T05:02:57.842+0000] {processor.py:208} INFO - Processing /home/airflow/.local/lib/python3.12/site-packages/airflow/example_dags/example_dynamic_task_mapping.py took 0.068 seconds
[2025-07-01T05:03:28.317+0000] {processor.py:186} INFO - Started process (PID=24476) to work on /home/airflow/.local/lib/python3.12/site-packages/airflow/example_dags/example_dynamic_task_mapping.py
[2025-07-01T05:03:28.318+0000] {processor.py:914} INFO - Processing file /home/airflow/.local/lib/python3.12/site-packages/airflow/example_dags/example_dynamic_task_mapping.py for tasks to queue
[2025-07-01T05:03:28.321+0000] {logging_mixin.py:190} INFO - [2025-07-01T05:03:28.320+0000] {dagbag.py:588} INFO - Filling up the DagBag from /home/airflow/.local/lib/python3.12/site-packages/airflow/example_dags/example_dynamic_task_mapping.py
[2025-07-01T05:03:28.329+0000] {processor.py:925} INFO - DAG(s) 'example_dynamic_task_mapping' retrieved from /home/airflow/.local/lib/python3.12/site-packages/airflow/example_dags/example_dynamic_task_mapping.py
[2025-07-01T05:03:28.349+0000] {logging_mixin.py:190} INFO - [2025-07-01T05:03:28.349+0000] {dag.py:3239} INFO - Sync 1 DAGs
[2025-07-01T05:03:28.363+0000] {logging_mixin.py:190} INFO - [2025-07-01T05:03:28.363+0000] {dag.py:4180} INFO - Setting next_dagrun for example_dynamic_task_mapping to None, run_after=None
[2025-07-01T05:03:28.382+0000] {processor.py:208} INFO - Processing /home/airflow/.local/lib/python3.12/site-packages/airflow/example_dags/example_dynamic_task_mapping.py took 0.070 seconds
[2025-07-01T05:03:59.078+0000] {processor.py:186} INFO - Started process (PID=24544) to work on /home/airflow/.local/lib/python3.12/site-packages/airflow/example_dags/example_dynamic_task_mapping.py
[2025-07-01T05:03:59.084+0000] {processor.py:914} INFO - Processing file /home/airflow/.local/lib/python3.12/site-packages/airflow/example_dags/example_dynamic_task_mapping.py for tasks to queue
[2025-07-01T05:03:59.087+0000] {logging_mixin.py:190} INFO - [2025-07-01T05:03:59.087+0000] {dagbag.py:588} INFO - Filling up the DagBag from /home/airflow/.local/lib/python3.12/site-packages/airflow/example_dags/example_dynamic_task_mapping.py
[2025-07-01T05:03:59.095+0000] {processor.py:925} INFO - DAG(s) 'example_dynamic_task_mapping' retrieved from /home/airflow/.local/lib/python3.12/site-packages/airflow/example_dags/example_dynamic_task_mapping.py
[2025-07-01T05:03:59.114+0000] {logging_mixin.py:190} INFO - [2025-07-01T05:03:59.114+0000] {dag.py:3239} INFO - Sync 1 DAGs
[2025-07-01T05:03:59.129+0000] {logging_mixin.py:190} INFO - [2025-07-01T05:03:59.128+0000] {dag.py:4180} INFO - Setting next_dagrun for example_dynamic_task_mapping to None, run_after=None
[2025-07-01T05:03:59.147+0000] {processor.py:208} INFO - Processing /home/airflow/.local/lib/python3.12/site-packages/airflow/example_dags/example_dynamic_task_mapping.py took 0.075 seconds
[2025-07-01T05:04:29.630+0000] {processor.py:186} INFO - Started process (PID=24606) to work on /home/airflow/.local/lib/python3.12/site-packages/airflow/example_dags/example_dynamic_task_mapping.py
[2025-07-01T05:04:29.631+0000] {processor.py:914} INFO - Processing file /home/airflow/.local/lib/python3.12/site-packages/airflow/example_dags/example_dynamic_task_mapping.py for tasks to queue
[2025-07-01T05:04:29.633+0000] {logging_mixin.py:190} INFO - [2025-07-01T05:04:29.633+0000] {dagbag.py:588} INFO - Filling up the DagBag from /home/airflow/.local/lib/python3.12/site-packages/airflow/example_dags/example_dynamic_task_mapping.py
[2025-07-01T05:04:29.642+0000] {processor.py:925} INFO - DAG(s) 'example_dynamic_task_mapping' retrieved from /home/airflow/.local/lib/python3.12/site-packages/airflow/example_dags/example_dynamic_task_mapping.py
[2025-07-01T05:04:29.661+0000] {logging_mixin.py:190} INFO - [2025-07-01T05:04:29.661+0000] {dag.py:3239} INFO - Sync 1 DAGs
[2025-07-01T05:04:29.676+0000] {logging_mixin.py:190} INFO - [2025-07-01T05:04:29.676+0000] {dag.py:4180} INFO - Setting next_dagrun for example_dynamic_task_mapping to None, run_after=None
[2025-07-01T05:04:29.695+0000] {processor.py:208} INFO - Processing /home/airflow/.local/lib/python3.12/site-packages/airflow/example_dags/example_dynamic_task_mapping.py took 0.071 seconds
[2025-07-01T05:05:00.334+0000] {processor.py:186} INFO - Started process (PID=24668) to work on /home/airflow/.local/lib/python3.12/site-packages/airflow/example_dags/example_dynamic_task_mapping.py
[2025-07-01T05:05:00.335+0000] {processor.py:914} INFO - Processing file /home/airflow/.local/lib/python3.12/site-packages/airflow/example_dags/example_dynamic_task_mapping.py for tasks to queue
[2025-07-01T05:05:00.339+0000] {logging_mixin.py:190} INFO - [2025-07-01T05:05:00.338+0000] {dagbag.py:588} INFO - Filling up the DagBag from /home/airflow/.local/lib/python3.12/site-packages/airflow/example_dags/example_dynamic_task_mapping.py
[2025-07-01T05:05:00.347+0000] {processor.py:925} INFO - DAG(s) 'example_dynamic_task_mapping' retrieved from /home/airflow/.local/lib/python3.12/site-packages/airflow/example_dags/example_dynamic_task_mapping.py
[2025-07-01T05:05:00.368+0000] {logging_mixin.py:190} INFO - [2025-07-01T05:05:00.367+0000] {dag.py:3239} INFO - Sync 1 DAGs
[2025-07-01T05:05:00.381+0000] {logging_mixin.py:190} INFO - [2025-07-01T05:05:00.380+0000] {dag.py:4180} INFO - Setting next_dagrun for example_dynamic_task_mapping to None, run_after=None
[2025-07-01T05:05:00.399+0000] {processor.py:208} INFO - Processing /home/airflow/.local/lib/python3.12/site-packages/airflow/example_dags/example_dynamic_task_mapping.py took 0.072 seconds
[2025-07-01T05:05:31.055+0000] {processor.py:186} INFO - Started process (PID=24730) to work on /home/airflow/.local/lib/python3.12/site-packages/airflow/example_dags/example_dynamic_task_mapping.py
[2025-07-01T05:05:31.056+0000] {processor.py:914} INFO - Processing file /home/airflow/.local/lib/python3.12/site-packages/airflow/example_dags/example_dynamic_task_mapping.py for tasks to queue
[2025-07-01T05:05:31.058+0000] {logging_mixin.py:190} INFO - [2025-07-01T05:05:31.058+0000] {dagbag.py:588} INFO - Filling up the DagBag from /home/airflow/.local/lib/python3.12/site-packages/airflow/example_dags/example_dynamic_task_mapping.py
[2025-07-01T05:05:31.066+0000] {processor.py:925} INFO - DAG(s) 'example_dynamic_task_mapping' retrieved from /home/airflow/.local/lib/python3.12/site-packages/airflow/example_dags/example_dynamic_task_mapping.py
[2025-07-01T05:05:31.085+0000] {logging_mixin.py:190} INFO - [2025-07-01T05:05:31.085+0000] {dag.py:3239} INFO - Sync 1 DAGs
[2025-07-01T05:05:31.099+0000] {logging_mixin.py:190} INFO - [2025-07-01T05:05:31.098+0000] {dag.py:4180} INFO - Setting next_dagrun for example_dynamic_task_mapping to None, run_after=None
[2025-07-01T05:05:31.123+0000] {processor.py:208} INFO - Processing /home/airflow/.local/lib/python3.12/site-packages/airflow/example_dags/example_dynamic_task_mapping.py took 0.074 seconds
[2025-07-01T05:06:01.897+0000] {processor.py:186} INFO - Started process (PID=24792) to work on /home/airflow/.local/lib/python3.12/site-packages/airflow/example_dags/example_dynamic_task_mapping.py
[2025-07-01T05:06:01.899+0000] {processor.py:914} INFO - Processing file /home/airflow/.local/lib/python3.12/site-packages/airflow/example_dags/example_dynamic_task_mapping.py for tasks to queue
[2025-07-01T05:06:01.902+0000] {logging_mixin.py:190} INFO - [2025-07-01T05:06:01.901+0000] {dagbag.py:588} INFO - Filling up the DagBag from /home/airflow/.local/lib/python3.12/site-packages/airflow/example_dags/example_dynamic_task_mapping.py
[2025-07-01T05:06:01.912+0000] {processor.py:925} INFO - DAG(s) 'example_dynamic_task_mapping' retrieved from /home/airflow/.local/lib/python3.12/site-packages/airflow/example_dags/example_dynamic_task_mapping.py
[2025-07-01T05:06:01.933+0000] {logging_mixin.py:190} INFO - [2025-07-01T05:06:01.932+0000] {dag.py:3239} INFO - Sync 1 DAGs
[2025-07-01T05:06:01.946+0000] {logging_mixin.py:190} INFO - [2025-07-01T05:06:01.945+0000] {dag.py:4180} INFO - Setting next_dagrun for example_dynamic_task_mapping to None, run_after=None
[2025-07-01T05:06:01.962+0000] {processor.py:208} INFO - Processing /home/airflow/.local/lib/python3.12/site-packages/airflow/example_dags/example_dynamic_task_mapping.py took 0.072 seconds
[2025-07-01T05:06:32.751+0000] {processor.py:186} INFO - Started process (PID=24854) to work on /home/airflow/.local/lib/python3.12/site-packages/airflow/example_dags/example_dynamic_task_mapping.py
[2025-07-01T05:06:32.752+0000] {processor.py:914} INFO - Processing file /home/airflow/.local/lib/python3.12/site-packages/airflow/example_dags/example_dynamic_task_mapping.py for tasks to queue
[2025-07-01T05:06:32.755+0000] {logging_mixin.py:190} INFO - [2025-07-01T05:06:32.754+0000] {dagbag.py:588} INFO - Filling up the DagBag from /home/airflow/.local/lib/python3.12/site-packages/airflow/example_dags/example_dynamic_task_mapping.py
[2025-07-01T05:06:32.763+0000] {processor.py:925} INFO - DAG(s) 'example_dynamic_task_mapping' retrieved from /home/airflow/.local/lib/python3.12/site-packages/airflow/example_dags/example_dynamic_task_mapping.py
[2025-07-01T05:06:32.782+0000] {logging_mixin.py:190} INFO - [2025-07-01T05:06:32.781+0000] {dag.py:3239} INFO - Sync 1 DAGs
[2025-07-01T05:06:32.798+0000] {logging_mixin.py:190} INFO - [2025-07-01T05:06:32.798+0000] {dag.py:4180} INFO - Setting next_dagrun for example_dynamic_task_mapping to None, run_after=None
[2025-07-01T05:06:32.816+0000] {processor.py:208} INFO - Processing /home/airflow/.local/lib/python3.12/site-packages/airflow/example_dags/example_dynamic_task_mapping.py took 0.070 seconds
[2025-07-01T05:07:03.400+0000] {processor.py:186} INFO - Started process (PID=24916) to work on /home/airflow/.local/lib/python3.12/site-packages/airflow/example_dags/example_dynamic_task_mapping.py
[2025-07-01T05:07:03.401+0000] {processor.py:914} INFO - Processing file /home/airflow/.local/lib/python3.12/site-packages/airflow/example_dags/example_dynamic_task_mapping.py for tasks to queue
[2025-07-01T05:07:03.404+0000] {logging_mixin.py:190} INFO - [2025-07-01T05:07:03.403+0000] {dagbag.py:588} INFO - Filling up the DagBag from /home/airflow/.local/lib/python3.12/site-packages/airflow/example_dags/example_dynamic_task_mapping.py
[2025-07-01T05:07:03.412+0000] {processor.py:925} INFO - DAG(s) 'example_dynamic_task_mapping' retrieved from /home/airflow/.local/lib/python3.12/site-packages/airflow/example_dags/example_dynamic_task_mapping.py
[2025-07-01T05:07:03.431+0000] {logging_mixin.py:190} INFO - [2025-07-01T05:07:03.431+0000] {dag.py:3239} INFO - Sync 1 DAGs
[2025-07-01T05:07:03.445+0000] {logging_mixin.py:190} INFO - [2025-07-01T05:07:03.445+0000] {dag.py:4180} INFO - Setting next_dagrun for example_dynamic_task_mapping to None, run_after=None
[2025-07-01T05:07:03.461+0000] {processor.py:208} INFO - Processing /home/airflow/.local/lib/python3.12/site-packages/airflow/example_dags/example_dynamic_task_mapping.py took 0.067 seconds
[2025-07-01T05:07:34.134+0000] {processor.py:186} INFO - Started process (PID=24978) to work on /home/airflow/.local/lib/python3.12/site-packages/airflow/example_dags/example_dynamic_task_mapping.py
[2025-07-01T05:07:34.135+0000] {processor.py:914} INFO - Processing file /home/airflow/.local/lib/python3.12/site-packages/airflow/example_dags/example_dynamic_task_mapping.py for tasks to queue
[2025-07-01T05:07:34.138+0000] {logging_mixin.py:190} INFO - [2025-07-01T05:07:34.137+0000] {dagbag.py:588} INFO - Filling up the DagBag from /home/airflow/.local/lib/python3.12/site-packages/airflow/example_dags/example_dynamic_task_mapping.py
[2025-07-01T05:07:34.148+0000] {processor.py:925} INFO - DAG(s) 'example_dynamic_task_mapping' retrieved from /home/airflow/.local/lib/python3.12/site-packages/airflow/example_dags/example_dynamic_task_mapping.py
[2025-07-01T05:07:34.168+0000] {logging_mixin.py:190} INFO - [2025-07-01T05:07:34.167+0000] {dag.py:3239} INFO - Sync 1 DAGs
[2025-07-01T05:07:34.183+0000] {logging_mixin.py:190} INFO - [2025-07-01T05:07:34.183+0000] {dag.py:4180} INFO - Setting next_dagrun for example_dynamic_task_mapping to None, run_after=None
[2025-07-01T05:07:34.200+0000] {processor.py:208} INFO - Processing /home/airflow/.local/lib/python3.12/site-packages/airflow/example_dags/example_dynamic_task_mapping.py took 0.072 seconds
[2025-07-01T05:08:05.108+0000] {processor.py:186} INFO - Started process (PID=25040) to work on /home/airflow/.local/lib/python3.12/site-packages/airflow/example_dags/example_dynamic_task_mapping.py
[2025-07-01T05:08:05.109+0000] {processor.py:914} INFO - Processing file /home/airflow/.local/lib/python3.12/site-packages/airflow/example_dags/example_dynamic_task_mapping.py for tasks to queue
[2025-07-01T05:08:05.112+0000] {logging_mixin.py:190} INFO - [2025-07-01T05:08:05.112+0000] {dagbag.py:588} INFO - Filling up the DagBag from /home/airflow/.local/lib/python3.12/site-packages/airflow/example_dags/example_dynamic_task_mapping.py
[2025-07-01T05:08:05.121+0000] {processor.py:925} INFO - DAG(s) 'example_dynamic_task_mapping' retrieved from /home/airflow/.local/lib/python3.12/site-packages/airflow/example_dags/example_dynamic_task_mapping.py
[2025-07-01T05:08:05.139+0000] {logging_mixin.py:190} INFO - [2025-07-01T05:08:05.139+0000] {dag.py:3239} INFO - Sync 1 DAGs
[2025-07-01T05:08:05.153+0000] {logging_mixin.py:190} INFO - [2025-07-01T05:08:05.152+0000] {dag.py:4180} INFO - Setting next_dagrun for example_dynamic_task_mapping to None, run_after=None
[2025-07-01T05:08:05.171+0000] {processor.py:208} INFO - Processing /home/airflow/.local/lib/python3.12/site-packages/airflow/example_dags/example_dynamic_task_mapping.py took 0.070 seconds
[2025-07-01T05:08:35.382+0000] {processor.py:186} INFO - Started process (PID=25102) to work on /home/airflow/.local/lib/python3.12/site-packages/airflow/example_dags/example_dynamic_task_mapping.py
[2025-07-01T05:08:35.383+0000] {processor.py:914} INFO - Processing file /home/airflow/.local/lib/python3.12/site-packages/airflow/example_dags/example_dynamic_task_mapping.py for tasks to queue
[2025-07-01T05:08:35.386+0000] {logging_mixin.py:190} INFO - [2025-07-01T05:08:35.386+0000] {dagbag.py:588} INFO - Filling up the DagBag from /home/airflow/.local/lib/python3.12/site-packages/airflow/example_dags/example_dynamic_task_mapping.py
[2025-07-01T05:08:35.395+0000] {processor.py:925} INFO - DAG(s) 'example_dynamic_task_mapping' retrieved from /home/airflow/.local/lib/python3.12/site-packages/airflow/example_dags/example_dynamic_task_mapping.py
[2025-07-01T05:08:35.416+0000] {logging_mixin.py:190} INFO - [2025-07-01T05:08:35.416+0000] {dag.py:3239} INFO - Sync 1 DAGs
[2025-07-01T05:08:35.431+0000] {logging_mixin.py:190} INFO - [2025-07-01T05:08:35.431+0000] {dag.py:4180} INFO - Setting next_dagrun for example_dynamic_task_mapping to None, run_after=None
[2025-07-01T05:08:35.449+0000] {processor.py:208} INFO - Processing /home/airflow/.local/lib/python3.12/site-packages/airflow/example_dags/example_dynamic_task_mapping.py took 0.073 seconds
[2025-07-01T05:09:05.580+0000] {processor.py:186} INFO - Started process (PID=25164) to work on /home/airflow/.local/lib/python3.12/site-packages/airflow/example_dags/example_dynamic_task_mapping.py
[2025-07-01T05:09:05.581+0000] {processor.py:914} INFO - Processing file /home/airflow/.local/lib/python3.12/site-packages/airflow/example_dags/example_dynamic_task_mapping.py for tasks to queue
[2025-07-01T05:09:05.584+0000] {logging_mixin.py:190} INFO - [2025-07-01T05:09:05.583+0000] {dagbag.py:588} INFO - Filling up the DagBag from /home/airflow/.local/lib/python3.12/site-packages/airflow/example_dags/example_dynamic_task_mapping.py
[2025-07-01T05:09:05.593+0000] {processor.py:925} INFO - DAG(s) 'example_dynamic_task_mapping' retrieved from /home/airflow/.local/lib/python3.12/site-packages/airflow/example_dags/example_dynamic_task_mapping.py
[2025-07-01T05:09:05.613+0000] {logging_mixin.py:190} INFO - [2025-07-01T05:09:05.613+0000] {dag.py:3239} INFO - Sync 1 DAGs
[2025-07-01T05:09:05.628+0000] {logging_mixin.py:190} INFO - [2025-07-01T05:09:05.628+0000] {dag.py:4180} INFO - Setting next_dagrun for example_dynamic_task_mapping to None, run_after=None
[2025-07-01T05:09:05.650+0000] {processor.py:208} INFO - Processing /home/airflow/.local/lib/python3.12/site-packages/airflow/example_dags/example_dynamic_task_mapping.py took 0.077 seconds
[2025-07-01T05:09:36.383+0000] {processor.py:186} INFO - Started process (PID=25226) to work on /home/airflow/.local/lib/python3.12/site-packages/airflow/example_dags/example_dynamic_task_mapping.py
[2025-07-01T05:09:36.385+0000] {processor.py:914} INFO - Processing file /home/airflow/.local/lib/python3.12/site-packages/airflow/example_dags/example_dynamic_task_mapping.py for tasks to queue
[2025-07-01T05:09:36.388+0000] {logging_mixin.py:190} INFO - [2025-07-01T05:09:36.387+0000] {dagbag.py:588} INFO - Filling up the DagBag from /home/airflow/.local/lib/python3.12/site-packages/airflow/example_dags/example_dynamic_task_mapping.py
[2025-07-01T05:09:36.398+0000] {processor.py:925} INFO - DAG(s) 'example_dynamic_task_mapping' retrieved from /home/airflow/.local/lib/python3.12/site-packages/airflow/example_dags/example_dynamic_task_mapping.py
[2025-07-01T05:09:36.422+0000] {logging_mixin.py:190} INFO - [2025-07-01T05:09:36.422+0000] {dag.py:3239} INFO - Sync 1 DAGs
[2025-07-01T05:09:36.441+0000] {logging_mixin.py:190} INFO - [2025-07-01T05:09:36.441+0000] {dag.py:4180} INFO - Setting next_dagrun for example_dynamic_task_mapping to None, run_after=None
[2025-07-01T05:09:36.464+0000] {processor.py:208} INFO - Processing /home/airflow/.local/lib/python3.12/site-packages/airflow/example_dags/example_dynamic_task_mapping.py took 0.088 seconds
[2025-07-01T05:10:07.151+0000] {processor.py:186} INFO - Started process (PID=25288) to work on /home/airflow/.local/lib/python3.12/site-packages/airflow/example_dags/example_dynamic_task_mapping.py
[2025-07-01T05:10:07.152+0000] {processor.py:914} INFO - Processing file /home/airflow/.local/lib/python3.12/site-packages/airflow/example_dags/example_dynamic_task_mapping.py for tasks to queue
[2025-07-01T05:10:07.155+0000] {logging_mixin.py:190} INFO - [2025-07-01T05:10:07.155+0000] {dagbag.py:588} INFO - Filling up the DagBag from /home/airflow/.local/lib/python3.12/site-packages/airflow/example_dags/example_dynamic_task_mapping.py
[2025-07-01T05:10:07.164+0000] {processor.py:925} INFO - DAG(s) 'example_dynamic_task_mapping' retrieved from /home/airflow/.local/lib/python3.12/site-packages/airflow/example_dags/example_dynamic_task_mapping.py
[2025-07-01T05:10:07.182+0000] {logging_mixin.py:190} INFO - [2025-07-01T05:10:07.182+0000] {dag.py:3239} INFO - Sync 1 DAGs
[2025-07-01T05:10:07.197+0000] {logging_mixin.py:190} INFO - [2025-07-01T05:10:07.197+0000] {dag.py:4180} INFO - Setting next_dagrun for example_dynamic_task_mapping to None, run_after=None
[2025-07-01T05:10:07.216+0000] {processor.py:208} INFO - Processing /home/airflow/.local/lib/python3.12/site-packages/airflow/example_dags/example_dynamic_task_mapping.py took 0.071 seconds
[2025-07-01T05:10:37.955+0000] {processor.py:186} INFO - Started process (PID=25350) to work on /home/airflow/.local/lib/python3.12/site-packages/airflow/example_dags/example_dynamic_task_mapping.py
[2025-07-01T05:10:37.956+0000] {processor.py:914} INFO - Processing file /home/airflow/.local/lib/python3.12/site-packages/airflow/example_dags/example_dynamic_task_mapping.py for tasks to queue
[2025-07-01T05:10:37.958+0000] {logging_mixin.py:190} INFO - [2025-07-01T05:10:37.958+0000] {dagbag.py:588} INFO - Filling up the DagBag from /home/airflow/.local/lib/python3.12/site-packages/airflow/example_dags/example_dynamic_task_mapping.py
[2025-07-01T05:10:37.967+0000] {processor.py:925} INFO - DAG(s) 'example_dynamic_task_mapping' retrieved from /home/airflow/.local/lib/python3.12/site-packages/airflow/example_dags/example_dynamic_task_mapping.py
[2025-07-01T05:10:37.985+0000] {logging_mixin.py:190} INFO - [2025-07-01T05:10:37.985+0000] {dag.py:3239} INFO - Sync 1 DAGs
[2025-07-01T05:10:37.998+0000] {logging_mixin.py:190} INFO - [2025-07-01T05:10:37.998+0000] {dag.py:4180} INFO - Setting next_dagrun for example_dynamic_task_mapping to None, run_after=None
[2025-07-01T05:10:38.022+0000] {processor.py:208} INFO - Processing /home/airflow/.local/lib/python3.12/site-packages/airflow/example_dags/example_dynamic_task_mapping.py took 0.073 seconds
[2025-07-01T05:11:08.756+0000] {processor.py:186} INFO - Started process (PID=25412) to work on /home/airflow/.local/lib/python3.12/site-packages/airflow/example_dags/example_dynamic_task_mapping.py
[2025-07-01T05:11:08.757+0000] {processor.py:914} INFO - Processing file /home/airflow/.local/lib/python3.12/site-packages/airflow/example_dags/example_dynamic_task_mapping.py for tasks to queue
[2025-07-01T05:11:08.760+0000] {logging_mixin.py:190} INFO - [2025-07-01T05:11:08.759+0000] {dagbag.py:588} INFO - Filling up the DagBag from /home/airflow/.local/lib/python3.12/site-packages/airflow/example_dags/example_dynamic_task_mapping.py
[2025-07-01T05:11:08.768+0000] {processor.py:925} INFO - DAG(s) 'example_dynamic_task_mapping' retrieved from /home/airflow/.local/lib/python3.12/site-packages/airflow/example_dags/example_dynamic_task_mapping.py
[2025-07-01T05:11:08.789+0000] {logging_mixin.py:190} INFO - [2025-07-01T05:11:08.789+0000] {dag.py:3239} INFO - Sync 1 DAGs
[2025-07-01T05:11:08.802+0000] {logging_mixin.py:190} INFO - [2025-07-01T05:11:08.802+0000] {dag.py:4180} INFO - Setting next_dagrun for example_dynamic_task_mapping to None, run_after=None
[2025-07-01T05:11:08.821+0000] {processor.py:208} INFO - Processing /home/airflow/.local/lib/python3.12/site-packages/airflow/example_dags/example_dynamic_task_mapping.py took 0.071 seconds
[2025-07-01T05:11:39.376+0000] {processor.py:186} INFO - Started process (PID=25474) to work on /home/airflow/.local/lib/python3.12/site-packages/airflow/example_dags/example_dynamic_task_mapping.py
[2025-07-01T05:11:39.377+0000] {processor.py:914} INFO - Processing file /home/airflow/.local/lib/python3.12/site-packages/airflow/example_dags/example_dynamic_task_mapping.py for tasks to queue
[2025-07-01T05:11:39.379+0000] {logging_mixin.py:190} INFO - [2025-07-01T05:11:39.379+0000] {dagbag.py:588} INFO - Filling up the DagBag from /home/airflow/.local/lib/python3.12/site-packages/airflow/example_dags/example_dynamic_task_mapping.py
[2025-07-01T05:11:39.387+0000] {processor.py:925} INFO - DAG(s) 'example_dynamic_task_mapping' retrieved from /home/airflow/.local/lib/python3.12/site-packages/airflow/example_dags/example_dynamic_task_mapping.py
[2025-07-01T05:11:39.407+0000] {logging_mixin.py:190} INFO - [2025-07-01T05:11:39.407+0000] {dag.py:3239} INFO - Sync 1 DAGs
[2025-07-01T05:11:39.420+0000] {logging_mixin.py:190} INFO - [2025-07-01T05:11:39.420+0000] {dag.py:4180} INFO - Setting next_dagrun for example_dynamic_task_mapping to None, run_after=None
[2025-07-01T05:11:39.437+0000] {processor.py:208} INFO - Processing /home/airflow/.local/lib/python3.12/site-packages/airflow/example_dags/example_dynamic_task_mapping.py took 0.067 seconds
[2025-07-01T05:12:10.239+0000] {processor.py:186} INFO - Started process (PID=25536) to work on /home/airflow/.local/lib/python3.12/site-packages/airflow/example_dags/example_dynamic_task_mapping.py
[2025-07-01T05:12:10.240+0000] {processor.py:914} INFO - Processing file /home/airflow/.local/lib/python3.12/site-packages/airflow/example_dags/example_dynamic_task_mapping.py for tasks to queue
[2025-07-01T05:12:10.243+0000] {logging_mixin.py:190} INFO - [2025-07-01T05:12:10.243+0000] {dagbag.py:588} INFO - Filling up the DagBag from /home/airflow/.local/lib/python3.12/site-packages/airflow/example_dags/example_dynamic_task_mapping.py
[2025-07-01T05:12:10.252+0000] {processor.py:925} INFO - DAG(s) 'example_dynamic_task_mapping' retrieved from /home/airflow/.local/lib/python3.12/site-packages/airflow/example_dags/example_dynamic_task_mapping.py
[2025-07-01T05:12:10.272+0000] {logging_mixin.py:190} INFO - [2025-07-01T05:12:10.272+0000] {dag.py:3239} INFO - Sync 1 DAGs
[2025-07-01T05:12:10.288+0000] {logging_mixin.py:190} INFO - [2025-07-01T05:12:10.288+0000] {dag.py:4180} INFO - Setting next_dagrun for example_dynamic_task_mapping to None, run_after=None
[2025-07-01T05:12:10.310+0000] {processor.py:208} INFO - Processing /home/airflow/.local/lib/python3.12/site-packages/airflow/example_dags/example_dynamic_task_mapping.py took 0.077 seconds
[2025-07-01T05:12:40.891+0000] {processor.py:186} INFO - Started process (PID=25598) to work on /home/airflow/.local/lib/python3.12/site-packages/airflow/example_dags/example_dynamic_task_mapping.py
[2025-07-01T05:12:40.892+0000] {processor.py:914} INFO - Processing file /home/airflow/.local/lib/python3.12/site-packages/airflow/example_dags/example_dynamic_task_mapping.py for tasks to queue
[2025-07-01T05:12:40.895+0000] {logging_mixin.py:190} INFO - [2025-07-01T05:12:40.895+0000] {dagbag.py:588} INFO - Filling up the DagBag from /home/airflow/.local/lib/python3.12/site-packages/airflow/example_dags/example_dynamic_task_mapping.py
[2025-07-01T05:12:40.904+0000] {processor.py:925} INFO - DAG(s) 'example_dynamic_task_mapping' retrieved from /home/airflow/.local/lib/python3.12/site-packages/airflow/example_dags/example_dynamic_task_mapping.py
[2025-07-01T05:12:40.924+0000] {logging_mixin.py:190} INFO - [2025-07-01T05:12:40.924+0000] {dag.py:3239} INFO - Sync 1 DAGs
[2025-07-01T05:12:40.939+0000] {logging_mixin.py:190} INFO - [2025-07-01T05:12:40.939+0000] {dag.py:4180} INFO - Setting next_dagrun for example_dynamic_task_mapping to None, run_after=None
[2025-07-01T05:12:40.955+0000] {processor.py:208} INFO - Processing /home/airflow/.local/lib/python3.12/site-packages/airflow/example_dags/example_dynamic_task_mapping.py took 0.071 seconds
[2025-07-01T05:13:11.404+0000] {processor.py:186} INFO - Started process (PID=25660) to work on /home/airflow/.local/lib/python3.12/site-packages/airflow/example_dags/example_dynamic_task_mapping.py
[2025-07-01T05:13:11.405+0000] {processor.py:914} INFO - Processing file /home/airflow/.local/lib/python3.12/site-packages/airflow/example_dags/example_dynamic_task_mapping.py for tasks to queue
[2025-07-01T05:13:11.408+0000] {logging_mixin.py:190} INFO - [2025-07-01T05:13:11.408+0000] {dagbag.py:588} INFO - Filling up the DagBag from /home/airflow/.local/lib/python3.12/site-packages/airflow/example_dags/example_dynamic_task_mapping.py
[2025-07-01T05:13:11.419+0000] {processor.py:925} INFO - DAG(s) 'example_dynamic_task_mapping' retrieved from /home/airflow/.local/lib/python3.12/site-packages/airflow/example_dags/example_dynamic_task_mapping.py
[2025-07-01T05:13:11.440+0000] {logging_mixin.py:190} INFO - [2025-07-01T05:13:11.440+0000] {dag.py:3239} INFO - Sync 1 DAGs
[2025-07-01T05:13:11.455+0000] {logging_mixin.py:190} INFO - [2025-07-01T05:13:11.455+0000] {dag.py:4180} INFO - Setting next_dagrun for example_dynamic_task_mapping to None, run_after=None
[2025-07-01T05:13:11.474+0000] {processor.py:208} INFO - Processing /home/airflow/.local/lib/python3.12/site-packages/airflow/example_dags/example_dynamic_task_mapping.py took 0.078 seconds
[2025-07-01T05:13:41.871+0000] {processor.py:186} INFO - Started process (PID=25722) to work on /home/airflow/.local/lib/python3.12/site-packages/airflow/example_dags/example_dynamic_task_mapping.py
[2025-07-01T05:13:41.872+0000] {processor.py:914} INFO - Processing file /home/airflow/.local/lib/python3.12/site-packages/airflow/example_dags/example_dynamic_task_mapping.py for tasks to queue
[2025-07-01T05:13:41.874+0000] {logging_mixin.py:190} INFO - [2025-07-01T05:13:41.874+0000] {dagbag.py:588} INFO - Filling up the DagBag from /home/airflow/.local/lib/python3.12/site-packages/airflow/example_dags/example_dynamic_task_mapping.py
[2025-07-01T05:13:41.883+0000] {processor.py:925} INFO - DAG(s) 'example_dynamic_task_mapping' retrieved from /home/airflow/.local/lib/python3.12/site-packages/airflow/example_dags/example_dynamic_task_mapping.py
[2025-07-01T05:13:41.902+0000] {logging_mixin.py:190} INFO - [2025-07-01T05:13:41.902+0000] {dag.py:3239} INFO - Sync 1 DAGs
[2025-07-01T05:13:41.916+0000] {logging_mixin.py:190} INFO - [2025-07-01T05:13:41.916+0000] {dag.py:4180} INFO - Setting next_dagrun for example_dynamic_task_mapping to None, run_after=None
[2025-07-01T05:13:41.934+0000] {processor.py:208} INFO - Processing /home/airflow/.local/lib/python3.12/site-packages/airflow/example_dags/example_dynamic_task_mapping.py took 0.069 seconds
[2025-07-01T05:14:12.410+0000] {processor.py:186} INFO - Started process (PID=25784) to work on /home/airflow/.local/lib/python3.12/site-packages/airflow/example_dags/example_dynamic_task_mapping.py
[2025-07-01T05:14:12.411+0000] {processor.py:914} INFO - Processing file /home/airflow/.local/lib/python3.12/site-packages/airflow/example_dags/example_dynamic_task_mapping.py for tasks to queue
[2025-07-01T05:14:12.413+0000] {logging_mixin.py:190} INFO - [2025-07-01T05:14:12.413+0000] {dagbag.py:588} INFO - Filling up the DagBag from /home/airflow/.local/lib/python3.12/site-packages/airflow/example_dags/example_dynamic_task_mapping.py
[2025-07-01T05:14:12.422+0000] {processor.py:925} INFO - DAG(s) 'example_dynamic_task_mapping' retrieved from /home/airflow/.local/lib/python3.12/site-packages/airflow/example_dags/example_dynamic_task_mapping.py
[2025-07-01T05:14:12.441+0000] {logging_mixin.py:190} INFO - [2025-07-01T05:14:12.441+0000] {dag.py:3239} INFO - Sync 1 DAGs
[2025-07-01T05:14:12.455+0000] {logging_mixin.py:190} INFO - [2025-07-01T05:14:12.454+0000] {dag.py:4180} INFO - Setting next_dagrun for example_dynamic_task_mapping to None, run_after=None
[2025-07-01T05:14:12.471+0000] {processor.py:208} INFO - Processing /home/airflow/.local/lib/python3.12/site-packages/airflow/example_dags/example_dynamic_task_mapping.py took 0.067 seconds
[2025-07-01T05:14:42.892+0000] {processor.py:186} INFO - Started process (PID=25846) to work on /home/airflow/.local/lib/python3.12/site-packages/airflow/example_dags/example_dynamic_task_mapping.py
[2025-07-01T05:14:42.893+0000] {processor.py:914} INFO - Processing file /home/airflow/.local/lib/python3.12/site-packages/airflow/example_dags/example_dynamic_task_mapping.py for tasks to queue
[2025-07-01T05:14:42.896+0000] {logging_mixin.py:190} INFO - [2025-07-01T05:14:42.895+0000] {dagbag.py:588} INFO - Filling up the DagBag from /home/airflow/.local/lib/python3.12/site-packages/airflow/example_dags/example_dynamic_task_mapping.py
[2025-07-01T05:14:42.906+0000] {processor.py:925} INFO - DAG(s) 'example_dynamic_task_mapping' retrieved from /home/airflow/.local/lib/python3.12/site-packages/airflow/example_dags/example_dynamic_task_mapping.py
[2025-07-01T05:14:42.930+0000] {logging_mixin.py:190} INFO - [2025-07-01T05:14:42.929+0000] {dag.py:3239} INFO - Sync 1 DAGs
[2025-07-01T05:14:42.946+0000] {logging_mixin.py:190} INFO - [2025-07-01T05:14:42.946+0000] {dag.py:4180} INFO - Setting next_dagrun for example_dynamic_task_mapping to None, run_after=None
[2025-07-01T05:14:42.963+0000] {processor.py:208} INFO - Processing /home/airflow/.local/lib/python3.12/site-packages/airflow/example_dags/example_dynamic_task_mapping.py took 0.077 seconds
[2025-07-01T05:15:13.642+0000] {processor.py:186} INFO - Started process (PID=25908) to work on /home/airflow/.local/lib/python3.12/site-packages/airflow/example_dags/example_dynamic_task_mapping.py
[2025-07-01T05:15:13.643+0000] {processor.py:914} INFO - Processing file /home/airflow/.local/lib/python3.12/site-packages/airflow/example_dags/example_dynamic_task_mapping.py for tasks to queue
[2025-07-01T05:15:13.646+0000] {logging_mixin.py:190} INFO - [2025-07-01T05:15:13.646+0000] {dagbag.py:588} INFO - Filling up the DagBag from /home/airflow/.local/lib/python3.12/site-packages/airflow/example_dags/example_dynamic_task_mapping.py
[2025-07-01T05:15:13.657+0000] {processor.py:925} INFO - DAG(s) 'example_dynamic_task_mapping' retrieved from /home/airflow/.local/lib/python3.12/site-packages/airflow/example_dags/example_dynamic_task_mapping.py
[2025-07-01T05:15:13.681+0000] {logging_mixin.py:190} INFO - [2025-07-01T05:15:13.681+0000] {dag.py:3239} INFO - Sync 1 DAGs
[2025-07-01T05:15:13.698+0000] {logging_mixin.py:190} INFO - [2025-07-01T05:15:13.698+0000] {dag.py:4180} INFO - Setting next_dagrun for example_dynamic_task_mapping to None, run_after=None
[2025-07-01T05:15:13.718+0000] {processor.py:208} INFO - Processing /home/airflow/.local/lib/python3.12/site-packages/airflow/example_dags/example_dynamic_task_mapping.py took 0.084 seconds
[2025-07-01T05:15:44.277+0000] {processor.py:186} INFO - Started process (PID=25970) to work on /home/airflow/.local/lib/python3.12/site-packages/airflow/example_dags/example_dynamic_task_mapping.py
[2025-07-01T05:15:44.278+0000] {processor.py:914} INFO - Processing file /home/airflow/.local/lib/python3.12/site-packages/airflow/example_dags/example_dynamic_task_mapping.py for tasks to queue
[2025-07-01T05:15:44.280+0000] {logging_mixin.py:190} INFO - [2025-07-01T05:15:44.280+0000] {dagbag.py:588} INFO - Filling up the DagBag from /home/airflow/.local/lib/python3.12/site-packages/airflow/example_dags/example_dynamic_task_mapping.py
[2025-07-01T05:15:44.289+0000] {processor.py:925} INFO - DAG(s) 'example_dynamic_task_mapping' retrieved from /home/airflow/.local/lib/python3.12/site-packages/airflow/example_dags/example_dynamic_task_mapping.py
[2025-07-01T05:15:44.309+0000] {logging_mixin.py:190} INFO - [2025-07-01T05:15:44.309+0000] {dag.py:3239} INFO - Sync 1 DAGs
[2025-07-01T05:15:44.326+0000] {logging_mixin.py:190} INFO - [2025-07-01T05:15:44.326+0000] {dag.py:4180} INFO - Setting next_dagrun for example_dynamic_task_mapping to None, run_after=None
[2025-07-01T05:15:44.349+0000] {processor.py:208} INFO - Processing /home/airflow/.local/lib/python3.12/site-packages/airflow/example_dags/example_dynamic_task_mapping.py took 0.079 seconds
[2025-07-01T05:16:15.004+0000] {processor.py:186} INFO - Started process (PID=26032) to work on /home/airflow/.local/lib/python3.12/site-packages/airflow/example_dags/example_dynamic_task_mapping.py
[2025-07-01T05:16:15.005+0000] {processor.py:914} INFO - Processing file /home/airflow/.local/lib/python3.12/site-packages/airflow/example_dags/example_dynamic_task_mapping.py for tasks to queue
[2025-07-01T05:16:15.007+0000] {logging_mixin.py:190} INFO - [2025-07-01T05:16:15.007+0000] {dagbag.py:588} INFO - Filling up the DagBag from /home/airflow/.local/lib/python3.12/site-packages/airflow/example_dags/example_dynamic_task_mapping.py
[2025-07-01T05:16:15.015+0000] {processor.py:925} INFO - DAG(s) 'example_dynamic_task_mapping' retrieved from /home/airflow/.local/lib/python3.12/site-packages/airflow/example_dags/example_dynamic_task_mapping.py
[2025-07-01T05:16:15.035+0000] {logging_mixin.py:190} INFO - [2025-07-01T05:16:15.035+0000] {dag.py:3239} INFO - Sync 1 DAGs
[2025-07-01T05:16:15.049+0000] {logging_mixin.py:190} INFO - [2025-07-01T05:16:15.049+0000] {dag.py:4180} INFO - Setting next_dagrun for example_dynamic_task_mapping to None, run_after=None
[2025-07-01T05:16:15.066+0000] {processor.py:208} INFO - Processing /home/airflow/.local/lib/python3.12/site-packages/airflow/example_dags/example_dynamic_task_mapping.py took 0.068 seconds
[2025-07-01T05:16:45.774+0000] {processor.py:186} INFO - Started process (PID=26094) to work on /home/airflow/.local/lib/python3.12/site-packages/airflow/example_dags/example_dynamic_task_mapping.py
[2025-07-01T05:16:45.775+0000] {processor.py:914} INFO - Processing file /home/airflow/.local/lib/python3.12/site-packages/airflow/example_dags/example_dynamic_task_mapping.py for tasks to queue
[2025-07-01T05:16:45.778+0000] {logging_mixin.py:190} INFO - [2025-07-01T05:16:45.777+0000] {dagbag.py:588} INFO - Filling up the DagBag from /home/airflow/.local/lib/python3.12/site-packages/airflow/example_dags/example_dynamic_task_mapping.py
[2025-07-01T05:16:45.786+0000] {processor.py:925} INFO - DAG(s) 'example_dynamic_task_mapping' retrieved from /home/airflow/.local/lib/python3.12/site-packages/airflow/example_dags/example_dynamic_task_mapping.py
[2025-07-01T05:16:45.805+0000] {logging_mixin.py:190} INFO - [2025-07-01T05:16:45.805+0000] {dag.py:3239} INFO - Sync 1 DAGs
[2025-07-01T05:16:45.818+0000] {logging_mixin.py:190} INFO - [2025-07-01T05:16:45.818+0000] {dag.py:4180} INFO - Setting next_dagrun for example_dynamic_task_mapping to None, run_after=None
[2025-07-01T05:16:45.835+0000] {processor.py:208} INFO - Processing /home/airflow/.local/lib/python3.12/site-packages/airflow/example_dags/example_dynamic_task_mapping.py took 0.068 seconds
[2025-07-01T05:17:16.493+0000] {processor.py:186} INFO - Started process (PID=26156) to work on /home/airflow/.local/lib/python3.12/site-packages/airflow/example_dags/example_dynamic_task_mapping.py
[2025-07-01T05:17:16.498+0000] {processor.py:914} INFO - Processing file /home/airflow/.local/lib/python3.12/site-packages/airflow/example_dags/example_dynamic_task_mapping.py for tasks to queue
[2025-07-01T05:17:16.501+0000] {logging_mixin.py:190} INFO - [2025-07-01T05:17:16.501+0000] {dagbag.py:588} INFO - Filling up the DagBag from /home/airflow/.local/lib/python3.12/site-packages/airflow/example_dags/example_dynamic_task_mapping.py
[2025-07-01T05:17:16.513+0000] {processor.py:925} INFO - DAG(s) 'example_dynamic_task_mapping' retrieved from /home/airflow/.local/lib/python3.12/site-packages/airflow/example_dags/example_dynamic_task_mapping.py
[2025-07-01T05:17:16.532+0000] {logging_mixin.py:190} INFO - [2025-07-01T05:17:16.532+0000] {dag.py:3239} INFO - Sync 1 DAGs
[2025-07-01T05:17:16.552+0000] {logging_mixin.py:190} INFO - [2025-07-01T05:17:16.552+0000] {dag.py:4180} INFO - Setting next_dagrun for example_dynamic_task_mapping to None, run_after=None
[2025-07-01T05:17:16.570+0000] {processor.py:208} INFO - Processing /home/airflow/.local/lib/python3.12/site-packages/airflow/example_dags/example_dynamic_task_mapping.py took 0.084 seconds
[2025-07-01T05:17:47.173+0000] {processor.py:186} INFO - Started process (PID=26218) to work on /home/airflow/.local/lib/python3.12/site-packages/airflow/example_dags/example_dynamic_task_mapping.py
[2025-07-01T05:17:47.174+0000] {processor.py:914} INFO - Processing file /home/airflow/.local/lib/python3.12/site-packages/airflow/example_dags/example_dynamic_task_mapping.py for tasks to queue
[2025-07-01T05:17:47.177+0000] {logging_mixin.py:190} INFO - [2025-07-01T05:17:47.176+0000] {dagbag.py:588} INFO - Filling up the DagBag from /home/airflow/.local/lib/python3.12/site-packages/airflow/example_dags/example_dynamic_task_mapping.py
[2025-07-01T05:17:47.185+0000] {processor.py:925} INFO - DAG(s) 'example_dynamic_task_mapping' retrieved from /home/airflow/.local/lib/python3.12/site-packages/airflow/example_dags/example_dynamic_task_mapping.py
[2025-07-01T05:17:47.203+0000] {logging_mixin.py:190} INFO - [2025-07-01T05:17:47.203+0000] {dag.py:3239} INFO - Sync 1 DAGs
[2025-07-01T05:17:47.216+0000] {logging_mixin.py:190} INFO - [2025-07-01T05:17:47.216+0000] {dag.py:4180} INFO - Setting next_dagrun for example_dynamic_task_mapping to None, run_after=None
[2025-07-01T05:17:47.233+0000] {processor.py:208} INFO - Processing /home/airflow/.local/lib/python3.12/site-packages/airflow/example_dags/example_dynamic_task_mapping.py took 0.067 seconds
[2025-07-01T05:18:17.997+0000] {processor.py:186} INFO - Started process (PID=26280) to work on /home/airflow/.local/lib/python3.12/site-packages/airflow/example_dags/example_dynamic_task_mapping.py
[2025-07-01T05:18:17.998+0000] {processor.py:914} INFO - Processing file /home/airflow/.local/lib/python3.12/site-packages/airflow/example_dags/example_dynamic_task_mapping.py for tasks to queue
[2025-07-01T05:18:18.002+0000] {logging_mixin.py:190} INFO - [2025-07-01T05:18:18.001+0000] {dagbag.py:588} INFO - Filling up the DagBag from /home/airflow/.local/lib/python3.12/site-packages/airflow/example_dags/example_dynamic_task_mapping.py
[2025-07-01T05:18:18.013+0000] {processor.py:925} INFO - DAG(s) 'example_dynamic_task_mapping' retrieved from /home/airflow/.local/lib/python3.12/site-packages/airflow/example_dags/example_dynamic_task_mapping.py
[2025-07-01T05:18:18.038+0000] {logging_mixin.py:190} INFO - [2025-07-01T05:18:18.038+0000] {dag.py:3239} INFO - Sync 1 DAGs
[2025-07-01T05:18:18.056+0000] {logging_mixin.py:190} INFO - [2025-07-01T05:18:18.056+0000] {dag.py:4180} INFO - Setting next_dagrun for example_dynamic_task_mapping to None, run_after=None
[2025-07-01T05:18:18.072+0000] {processor.py:208} INFO - Processing /home/airflow/.local/lib/python3.12/site-packages/airflow/example_dags/example_dynamic_task_mapping.py took 0.084 seconds
[2025-07-01T05:18:49.007+0000] {processor.py:186} INFO - Started process (PID=26342) to work on /home/airflow/.local/lib/python3.12/site-packages/airflow/example_dags/example_dynamic_task_mapping.py
[2025-07-01T05:18:49.009+0000] {processor.py:914} INFO - Processing file /home/airflow/.local/lib/python3.12/site-packages/airflow/example_dags/example_dynamic_task_mapping.py for tasks to queue
[2025-07-01T05:18:49.011+0000] {logging_mixin.py:190} INFO - [2025-07-01T05:18:49.011+0000] {dagbag.py:588} INFO - Filling up the DagBag from /home/airflow/.local/lib/python3.12/site-packages/airflow/example_dags/example_dynamic_task_mapping.py
[2025-07-01T05:18:49.020+0000] {processor.py:925} INFO - DAG(s) 'example_dynamic_task_mapping' retrieved from /home/airflow/.local/lib/python3.12/site-packages/airflow/example_dags/example_dynamic_task_mapping.py
[2025-07-01T05:18:49.039+0000] {logging_mixin.py:190} INFO - [2025-07-01T05:18:49.039+0000] {dag.py:3239} INFO - Sync 1 DAGs
[2025-07-01T05:18:49.052+0000] {logging_mixin.py:190} INFO - [2025-07-01T05:18:49.052+0000] {dag.py:4180} INFO - Setting next_dagrun for example_dynamic_task_mapping to None, run_after=None
[2025-07-01T05:18:49.070+0000] {processor.py:208} INFO - Processing /home/airflow/.local/lib/python3.12/site-packages/airflow/example_dags/example_dynamic_task_mapping.py took 0.069 seconds
[2025-07-01T05:19:19.694+0000] {processor.py:186} INFO - Started process (PID=26405) to work on /home/airflow/.local/lib/python3.12/site-packages/airflow/example_dags/example_dynamic_task_mapping.py
[2025-07-01T05:19:19.695+0000] {processor.py:914} INFO - Processing file /home/airflow/.local/lib/python3.12/site-packages/airflow/example_dags/example_dynamic_task_mapping.py for tasks to queue
[2025-07-01T05:19:19.697+0000] {logging_mixin.py:190} INFO - [2025-07-01T05:19:19.697+0000] {dagbag.py:588} INFO - Filling up the DagBag from /home/airflow/.local/lib/python3.12/site-packages/airflow/example_dags/example_dynamic_task_mapping.py
[2025-07-01T05:19:19.705+0000] {processor.py:925} INFO - DAG(s) 'example_dynamic_task_mapping' retrieved from /home/airflow/.local/lib/python3.12/site-packages/airflow/example_dags/example_dynamic_task_mapping.py
[2025-07-01T05:19:19.725+0000] {logging_mixin.py:190} INFO - [2025-07-01T05:19:19.725+0000] {dag.py:3239} INFO - Sync 1 DAGs
[2025-07-01T05:19:19.741+0000] {logging_mixin.py:190} INFO - [2025-07-01T05:19:19.741+0000] {dag.py:4180} INFO - Setting next_dagrun for example_dynamic_task_mapping to None, run_after=None
[2025-07-01T05:19:19.758+0000] {processor.py:208} INFO - Processing /home/airflow/.local/lib/python3.12/site-packages/airflow/example_dags/example_dynamic_task_mapping.py took 0.070 seconds
[2025-07-01T05:19:50.546+0000] {processor.py:186} INFO - Started process (PID=26467) to work on /home/airflow/.local/lib/python3.12/site-packages/airflow/example_dags/example_dynamic_task_mapping.py
[2025-07-01T05:19:50.547+0000] {processor.py:914} INFO - Processing file /home/airflow/.local/lib/python3.12/site-packages/airflow/example_dags/example_dynamic_task_mapping.py for tasks to queue
[2025-07-01T05:19:50.549+0000] {logging_mixin.py:190} INFO - [2025-07-01T05:19:50.549+0000] {dagbag.py:588} INFO - Filling up the DagBag from /home/airflow/.local/lib/python3.12/site-packages/airflow/example_dags/example_dynamic_task_mapping.py
[2025-07-01T05:19:50.557+0000] {processor.py:925} INFO - DAG(s) 'example_dynamic_task_mapping' retrieved from /home/airflow/.local/lib/python3.12/site-packages/airflow/example_dags/example_dynamic_task_mapping.py
[2025-07-01T05:19:50.576+0000] {logging_mixin.py:190} INFO - [2025-07-01T05:19:50.576+0000] {dag.py:3239} INFO - Sync 1 DAGs
[2025-07-01T05:19:50.589+0000] {logging_mixin.py:190} INFO - [2025-07-01T05:19:50.589+0000] {dag.py:4180} INFO - Setting next_dagrun for example_dynamic_task_mapping to None, run_after=None
[2025-07-01T05:19:50.605+0000] {processor.py:208} INFO - Processing /home/airflow/.local/lib/python3.12/site-packages/airflow/example_dags/example_dynamic_task_mapping.py took 0.066 seconds
[2025-07-01T05:20:21.433+0000] {processor.py:186} INFO - Started process (PID=26529) to work on /home/airflow/.local/lib/python3.12/site-packages/airflow/example_dags/example_dynamic_task_mapping.py
[2025-07-01T05:20:21.434+0000] {processor.py:914} INFO - Processing file /home/airflow/.local/lib/python3.12/site-packages/airflow/example_dags/example_dynamic_task_mapping.py for tasks to queue
[2025-07-01T05:20:21.437+0000] {logging_mixin.py:190} INFO - [2025-07-01T05:20:21.436+0000] {dagbag.py:588} INFO - Filling up the DagBag from /home/airflow/.local/lib/python3.12/site-packages/airflow/example_dags/example_dynamic_task_mapping.py
[2025-07-01T05:20:21.445+0000] {processor.py:925} INFO - DAG(s) 'example_dynamic_task_mapping' retrieved from /home/airflow/.local/lib/python3.12/site-packages/airflow/example_dags/example_dynamic_task_mapping.py
[2025-07-01T05:20:21.466+0000] {logging_mixin.py:190} INFO - [2025-07-01T05:20:21.466+0000] {dag.py:3239} INFO - Sync 1 DAGs
[2025-07-01T05:20:21.480+0000] {logging_mixin.py:190} INFO - [2025-07-01T05:20:21.480+0000] {dag.py:4180} INFO - Setting next_dagrun for example_dynamic_task_mapping to None, run_after=None
[2025-07-01T05:20:21.498+0000] {processor.py:208} INFO - Processing /home/airflow/.local/lib/python3.12/site-packages/airflow/example_dags/example_dynamic_task_mapping.py took 0.072 seconds
[2025-07-01T05:20:52.089+0000] {processor.py:186} INFO - Started process (PID=26591) to work on /home/airflow/.local/lib/python3.12/site-packages/airflow/example_dags/example_dynamic_task_mapping.py
[2025-07-01T05:20:52.090+0000] {processor.py:914} INFO - Processing file /home/airflow/.local/lib/python3.12/site-packages/airflow/example_dags/example_dynamic_task_mapping.py for tasks to queue
[2025-07-01T05:20:52.094+0000] {logging_mixin.py:190} INFO - [2025-07-01T05:20:52.094+0000] {dagbag.py:588} INFO - Filling up the DagBag from /home/airflow/.local/lib/python3.12/site-packages/airflow/example_dags/example_dynamic_task_mapping.py
[2025-07-01T05:20:52.102+0000] {processor.py:925} INFO - DAG(s) 'example_dynamic_task_mapping' retrieved from /home/airflow/.local/lib/python3.12/site-packages/airflow/example_dags/example_dynamic_task_mapping.py
[2025-07-01T05:20:52.121+0000] {logging_mixin.py:190} INFO - [2025-07-01T05:20:52.120+0000] {dag.py:3239} INFO - Sync 1 DAGs
[2025-07-01T05:20:52.134+0000] {logging_mixin.py:190} INFO - [2025-07-01T05:20:52.134+0000] {dag.py:4180} INFO - Setting next_dagrun for example_dynamic_task_mapping to None, run_after=None
[2025-07-01T05:20:52.153+0000] {processor.py:208} INFO - Processing /home/airflow/.local/lib/python3.12/site-packages/airflow/example_dags/example_dynamic_task_mapping.py took 0.070 seconds
[2025-07-01T05:21:22.659+0000] {processor.py:186} INFO - Started process (PID=26653) to work on /home/airflow/.local/lib/python3.12/site-packages/airflow/example_dags/example_dynamic_task_mapping.py
[2025-07-01T05:21:22.660+0000] {processor.py:914} INFO - Processing file /home/airflow/.local/lib/python3.12/site-packages/airflow/example_dags/example_dynamic_task_mapping.py for tasks to queue
[2025-07-01T05:21:22.663+0000] {logging_mixin.py:190} INFO - [2025-07-01T05:21:22.663+0000] {dagbag.py:588} INFO - Filling up the DagBag from /home/airflow/.local/lib/python3.12/site-packages/airflow/example_dags/example_dynamic_task_mapping.py
[2025-07-01T05:21:22.672+0000] {processor.py:925} INFO - DAG(s) 'example_dynamic_task_mapping' retrieved from /home/airflow/.local/lib/python3.12/site-packages/airflow/example_dags/example_dynamic_task_mapping.py
[2025-07-01T05:21:22.693+0000] {logging_mixin.py:190} INFO - [2025-07-01T05:21:22.692+0000] {dag.py:3239} INFO - Sync 1 DAGs
[2025-07-01T05:21:22.707+0000] {logging_mixin.py:190} INFO - [2025-07-01T05:21:22.706+0000] {dag.py:4180} INFO - Setting next_dagrun for example_dynamic_task_mapping to None, run_after=None
[2025-07-01T05:21:22.724+0000] {processor.py:208} INFO - Processing /home/airflow/.local/lib/python3.12/site-packages/airflow/example_dags/example_dynamic_task_mapping.py took 0.071 seconds
[2025-07-01T05:21:53.216+0000] {processor.py:186} INFO - Started process (PID=26715) to work on /home/airflow/.local/lib/python3.12/site-packages/airflow/example_dags/example_dynamic_task_mapping.py
[2025-07-01T05:21:53.217+0000] {processor.py:914} INFO - Processing file /home/airflow/.local/lib/python3.12/site-packages/airflow/example_dags/example_dynamic_task_mapping.py for tasks to queue
[2025-07-01T05:21:53.220+0000] {logging_mixin.py:190} INFO - [2025-07-01T05:21:53.220+0000] {dagbag.py:588} INFO - Filling up the DagBag from /home/airflow/.local/lib/python3.12/site-packages/airflow/example_dags/example_dynamic_task_mapping.py
[2025-07-01T05:21:53.228+0000] {processor.py:925} INFO - DAG(s) 'example_dynamic_task_mapping' retrieved from /home/airflow/.local/lib/python3.12/site-packages/airflow/example_dags/example_dynamic_task_mapping.py
[2025-07-01T05:21:53.247+0000] {logging_mixin.py:190} INFO - [2025-07-01T05:21:53.247+0000] {dag.py:3239} INFO - Sync 1 DAGs
[2025-07-01T05:21:53.261+0000] {logging_mixin.py:190} INFO - [2025-07-01T05:21:53.261+0000] {dag.py:4180} INFO - Setting next_dagrun for example_dynamic_task_mapping to None, run_after=None
[2025-07-01T05:21:53.278+0000] {processor.py:208} INFO - Processing /home/airflow/.local/lib/python3.12/site-packages/airflow/example_dags/example_dynamic_task_mapping.py took 0.068 seconds
[2025-07-01T05:22:24.428+0000] {processor.py:186} INFO - Started process (PID=26777) to work on /home/airflow/.local/lib/python3.12/site-packages/airflow/example_dags/example_dynamic_task_mapping.py
[2025-07-01T05:22:24.429+0000] {processor.py:914} INFO - Processing file /home/airflow/.local/lib/python3.12/site-packages/airflow/example_dags/example_dynamic_task_mapping.py for tasks to queue
[2025-07-01T05:22:24.431+0000] {logging_mixin.py:190} INFO - [2025-07-01T05:22:24.431+0000] {dagbag.py:588} INFO - Filling up the DagBag from /home/airflow/.local/lib/python3.12/site-packages/airflow/example_dags/example_dynamic_task_mapping.py
[2025-07-01T05:22:24.440+0000] {processor.py:925} INFO - DAG(s) 'example_dynamic_task_mapping' retrieved from /home/airflow/.local/lib/python3.12/site-packages/airflow/example_dags/example_dynamic_task_mapping.py
[2025-07-01T05:22:24.459+0000] {logging_mixin.py:190} INFO - [2025-07-01T05:22:24.458+0000] {dag.py:3239} INFO - Sync 1 DAGs
[2025-07-01T05:22:24.472+0000] {logging_mixin.py:190} INFO - [2025-07-01T05:22:24.472+0000] {dag.py:4180} INFO - Setting next_dagrun for example_dynamic_task_mapping to None, run_after=None
[2025-07-01T05:22:24.489+0000] {processor.py:208} INFO - Processing /home/airflow/.local/lib/python3.12/site-packages/airflow/example_dags/example_dynamic_task_mapping.py took 0.067 seconds
[2025-07-01T05:22:55.284+0000] {processor.py:186} INFO - Started process (PID=26839) to work on /home/airflow/.local/lib/python3.12/site-packages/airflow/example_dags/example_dynamic_task_mapping.py
[2025-07-01T05:22:55.286+0000] {processor.py:914} INFO - Processing file /home/airflow/.local/lib/python3.12/site-packages/airflow/example_dags/example_dynamic_task_mapping.py for tasks to queue
[2025-07-01T05:22:55.288+0000] {logging_mixin.py:190} INFO - [2025-07-01T05:22:55.288+0000] {dagbag.py:588} INFO - Filling up the DagBag from /home/airflow/.local/lib/python3.12/site-packages/airflow/example_dags/example_dynamic_task_mapping.py
[2025-07-01T05:22:55.297+0000] {processor.py:925} INFO - DAG(s) 'example_dynamic_task_mapping' retrieved from /home/airflow/.local/lib/python3.12/site-packages/airflow/example_dags/example_dynamic_task_mapping.py
[2025-07-01T05:22:55.316+0000] {logging_mixin.py:190} INFO - [2025-07-01T05:22:55.316+0000] {dag.py:3239} INFO - Sync 1 DAGs
[2025-07-01T05:22:55.330+0000] {logging_mixin.py:190} INFO - [2025-07-01T05:22:55.329+0000] {dag.py:4180} INFO - Setting next_dagrun for example_dynamic_task_mapping to None, run_after=None
[2025-07-01T05:22:55.348+0000] {processor.py:208} INFO - Processing /home/airflow/.local/lib/python3.12/site-packages/airflow/example_dags/example_dynamic_task_mapping.py took 0.070 seconds
[2025-07-01T05:23:25.856+0000] {processor.py:186} INFO - Started process (PID=26901) to work on /home/airflow/.local/lib/python3.12/site-packages/airflow/example_dags/example_dynamic_task_mapping.py
[2025-07-01T05:23:25.857+0000] {processor.py:914} INFO - Processing file /home/airflow/.local/lib/python3.12/site-packages/airflow/example_dags/example_dynamic_task_mapping.py for tasks to queue
[2025-07-01T05:23:25.859+0000] {logging_mixin.py:190} INFO - [2025-07-01T05:23:25.859+0000] {dagbag.py:588} INFO - Filling up the DagBag from /home/airflow/.local/lib/python3.12/site-packages/airflow/example_dags/example_dynamic_task_mapping.py
[2025-07-01T05:23:25.868+0000] {processor.py:925} INFO - DAG(s) 'example_dynamic_task_mapping' retrieved from /home/airflow/.local/lib/python3.12/site-packages/airflow/example_dags/example_dynamic_task_mapping.py
[2025-07-01T05:23:25.885+0000] {logging_mixin.py:190} INFO - [2025-07-01T05:23:25.885+0000] {dag.py:3239} INFO - Sync 1 DAGs
[2025-07-01T05:23:25.899+0000] {logging_mixin.py:190} INFO - [2025-07-01T05:23:25.899+0000] {dag.py:4180} INFO - Setting next_dagrun for example_dynamic_task_mapping to None, run_after=None
[2025-07-01T05:23:25.917+0000] {processor.py:208} INFO - Processing /home/airflow/.local/lib/python3.12/site-packages/airflow/example_dags/example_dynamic_task_mapping.py took 0.066 seconds
[2025-07-01T05:23:56.478+0000] {processor.py:186} INFO - Started process (PID=26963) to work on /home/airflow/.local/lib/python3.12/site-packages/airflow/example_dags/example_dynamic_task_mapping.py
[2025-07-01T05:23:56.479+0000] {processor.py:914} INFO - Processing file /home/airflow/.local/lib/python3.12/site-packages/airflow/example_dags/example_dynamic_task_mapping.py for tasks to queue
[2025-07-01T05:23:56.482+0000] {logging_mixin.py:190} INFO - [2025-07-01T05:23:56.481+0000] {dagbag.py:588} INFO - Filling up the DagBag from /home/airflow/.local/lib/python3.12/site-packages/airflow/example_dags/example_dynamic_task_mapping.py
[2025-07-01T05:23:56.490+0000] {processor.py:925} INFO - DAG(s) 'example_dynamic_task_mapping' retrieved from /home/airflow/.local/lib/python3.12/site-packages/airflow/example_dags/example_dynamic_task_mapping.py
[2025-07-01T05:23:56.509+0000] {logging_mixin.py:190} INFO - [2025-07-01T05:23:56.509+0000] {dag.py:3239} INFO - Sync 1 DAGs
[2025-07-01T05:23:56.525+0000] {logging_mixin.py:190} INFO - [2025-07-01T05:23:56.525+0000] {dag.py:4180} INFO - Setting next_dagrun for example_dynamic_task_mapping to None, run_after=None
[2025-07-01T05:23:56.543+0000] {processor.py:208} INFO - Processing /home/airflow/.local/lib/python3.12/site-packages/airflow/example_dags/example_dynamic_task_mapping.py took 0.071 seconds
[2025-07-01T05:24:27.065+0000] {processor.py:186} INFO - Started process (PID=27025) to work on /home/airflow/.local/lib/python3.12/site-packages/airflow/example_dags/example_dynamic_task_mapping.py
[2025-07-01T05:24:27.065+0000] {processor.py:914} INFO - Processing file /home/airflow/.local/lib/python3.12/site-packages/airflow/example_dags/example_dynamic_task_mapping.py for tasks to queue
[2025-07-01T05:24:27.068+0000] {logging_mixin.py:190} INFO - [2025-07-01T05:24:27.068+0000] {dagbag.py:588} INFO - Filling up the DagBag from /home/airflow/.local/lib/python3.12/site-packages/airflow/example_dags/example_dynamic_task_mapping.py
[2025-07-01T05:24:27.077+0000] {processor.py:925} INFO - DAG(s) 'example_dynamic_task_mapping' retrieved from /home/airflow/.local/lib/python3.12/site-packages/airflow/example_dags/example_dynamic_task_mapping.py
[2025-07-01T05:24:27.095+0000] {logging_mixin.py:190} INFO - [2025-07-01T05:24:27.095+0000] {dag.py:3239} INFO - Sync 1 DAGs
[2025-07-01T05:24:27.109+0000] {logging_mixin.py:190} INFO - [2025-07-01T05:24:27.109+0000] {dag.py:4180} INFO - Setting next_dagrun for example_dynamic_task_mapping to None, run_after=None
[2025-07-01T05:24:27.126+0000] {processor.py:208} INFO - Processing /home/airflow/.local/lib/python3.12/site-packages/airflow/example_dags/example_dynamic_task_mapping.py took 0.067 seconds
[2025-07-01T05:24:57.867+0000] {processor.py:186} INFO - Started process (PID=27087) to work on /home/airflow/.local/lib/python3.12/site-packages/airflow/example_dags/example_dynamic_task_mapping.py
[2025-07-01T05:24:57.868+0000] {processor.py:914} INFO - Processing file /home/airflow/.local/lib/python3.12/site-packages/airflow/example_dags/example_dynamic_task_mapping.py for tasks to queue
[2025-07-01T05:24:57.871+0000] {logging_mixin.py:190} INFO - [2025-07-01T05:24:57.871+0000] {dagbag.py:588} INFO - Filling up the DagBag from /home/airflow/.local/lib/python3.12/site-packages/airflow/example_dags/example_dynamic_task_mapping.py
[2025-07-01T05:24:57.880+0000] {processor.py:925} INFO - DAG(s) 'example_dynamic_task_mapping' retrieved from /home/airflow/.local/lib/python3.12/site-packages/airflow/example_dags/example_dynamic_task_mapping.py
[2025-07-01T05:24:57.902+0000] {logging_mixin.py:190} INFO - [2025-07-01T05:24:57.902+0000] {dag.py:3239} INFO - Sync 1 DAGs
[2025-07-01T05:24:57.920+0000] {logging_mixin.py:190} INFO - [2025-07-01T05:24:57.919+0000] {dag.py:4180} INFO - Setting next_dagrun for example_dynamic_task_mapping to None, run_after=None
[2025-07-01T05:24:57.943+0000] {processor.py:208} INFO - Processing /home/airflow/.local/lib/python3.12/site-packages/airflow/example_dags/example_dynamic_task_mapping.py took 0.081 seconds
[2025-07-01T05:25:28.964+0000] {processor.py:186} INFO - Started process (PID=27149) to work on /home/airflow/.local/lib/python3.12/site-packages/airflow/example_dags/example_dynamic_task_mapping.py
[2025-07-01T05:25:28.965+0000] {processor.py:914} INFO - Processing file /home/airflow/.local/lib/python3.12/site-packages/airflow/example_dags/example_dynamic_task_mapping.py for tasks to queue
[2025-07-01T05:25:28.969+0000] {logging_mixin.py:190} INFO - [2025-07-01T05:25:28.968+0000] {dagbag.py:588} INFO - Filling up the DagBag from /home/airflow/.local/lib/python3.12/site-packages/airflow/example_dags/example_dynamic_task_mapping.py
[2025-07-01T05:25:28.980+0000] {processor.py:925} INFO - DAG(s) 'example_dynamic_task_mapping' retrieved from /home/airflow/.local/lib/python3.12/site-packages/airflow/example_dags/example_dynamic_task_mapping.py
[2025-07-01T05:25:29.006+0000] {logging_mixin.py:190} INFO - [2025-07-01T05:25:29.006+0000] {dag.py:3239} INFO - Sync 1 DAGs
[2025-07-01T05:25:29.023+0000] {logging_mixin.py:190} INFO - [2025-07-01T05:25:29.023+0000] {dag.py:4180} INFO - Setting next_dagrun for example_dynamic_task_mapping to None, run_after=None
[2025-07-01T05:25:29.047+0000] {processor.py:208} INFO - Processing /home/airflow/.local/lib/python3.12/site-packages/airflow/example_dags/example_dynamic_task_mapping.py took 0.092 seconds
[2025-07-01T05:25:59.530+0000] {processor.py:186} INFO - Started process (PID=27211) to work on /home/airflow/.local/lib/python3.12/site-packages/airflow/example_dags/example_dynamic_task_mapping.py
[2025-07-01T05:25:59.532+0000] {processor.py:914} INFO - Processing file /home/airflow/.local/lib/python3.12/site-packages/airflow/example_dags/example_dynamic_task_mapping.py for tasks to queue
[2025-07-01T05:25:59.534+0000] {logging_mixin.py:190} INFO - [2025-07-01T05:25:59.534+0000] {dagbag.py:588} INFO - Filling up the DagBag from /home/airflow/.local/lib/python3.12/site-packages/airflow/example_dags/example_dynamic_task_mapping.py
[2025-07-01T05:25:59.543+0000] {processor.py:925} INFO - DAG(s) 'example_dynamic_task_mapping' retrieved from /home/airflow/.local/lib/python3.12/site-packages/airflow/example_dags/example_dynamic_task_mapping.py
[2025-07-01T05:25:59.562+0000] {logging_mixin.py:190} INFO - [2025-07-01T05:25:59.562+0000] {dag.py:3239} INFO - Sync 1 DAGs
[2025-07-01T05:25:59.576+0000] {logging_mixin.py:190} INFO - [2025-07-01T05:25:59.576+0000] {dag.py:4180} INFO - Setting next_dagrun for example_dynamic_task_mapping to None, run_after=None
[2025-07-01T05:25:59.594+0000] {processor.py:208} INFO - Processing /home/airflow/.local/lib/python3.12/site-packages/airflow/example_dags/example_dynamic_task_mapping.py took 0.070 seconds
[2025-07-01T05:26:30.048+0000] {processor.py:186} INFO - Started process (PID=27273) to work on /home/airflow/.local/lib/python3.12/site-packages/airflow/example_dags/example_dynamic_task_mapping.py
[2025-07-01T05:26:30.049+0000] {processor.py:914} INFO - Processing file /home/airflow/.local/lib/python3.12/site-packages/airflow/example_dags/example_dynamic_task_mapping.py for tasks to queue
[2025-07-01T05:26:30.052+0000] {logging_mixin.py:190} INFO - [2025-07-01T05:26:30.052+0000] {dagbag.py:588} INFO - Filling up the DagBag from /home/airflow/.local/lib/python3.12/site-packages/airflow/example_dags/example_dynamic_task_mapping.py
[2025-07-01T05:26:30.061+0000] {processor.py:925} INFO - DAG(s) 'example_dynamic_task_mapping' retrieved from /home/airflow/.local/lib/python3.12/site-packages/airflow/example_dags/example_dynamic_task_mapping.py
[2025-07-01T05:26:30.080+0000] {logging_mixin.py:190} INFO - [2025-07-01T05:26:30.080+0000] {dag.py:3239} INFO - Sync 1 DAGs
[2025-07-01T05:26:30.094+0000] {logging_mixin.py:190} INFO - [2025-07-01T05:26:30.094+0000] {dag.py:4180} INFO - Setting next_dagrun for example_dynamic_task_mapping to None, run_after=None
[2025-07-01T05:26:30.112+0000] {processor.py:208} INFO - Processing /home/airflow/.local/lib/python3.12/site-packages/airflow/example_dags/example_dynamic_task_mapping.py took 0.070 seconds
[2025-07-01T05:27:00.873+0000] {processor.py:186} INFO - Started process (PID=27335) to work on /home/airflow/.local/lib/python3.12/site-packages/airflow/example_dags/example_dynamic_task_mapping.py
[2025-07-01T05:27:00.874+0000] {processor.py:914} INFO - Processing file /home/airflow/.local/lib/python3.12/site-packages/airflow/example_dags/example_dynamic_task_mapping.py for tasks to queue
[2025-07-01T05:27:00.877+0000] {logging_mixin.py:190} INFO - [2025-07-01T05:27:00.877+0000] {dagbag.py:588} INFO - Filling up the DagBag from /home/airflow/.local/lib/python3.12/site-packages/airflow/example_dags/example_dynamic_task_mapping.py
[2025-07-01T05:27:00.887+0000] {processor.py:925} INFO - DAG(s) 'example_dynamic_task_mapping' retrieved from /home/airflow/.local/lib/python3.12/site-packages/airflow/example_dags/example_dynamic_task_mapping.py
[2025-07-01T05:27:00.910+0000] {logging_mixin.py:190} INFO - [2025-07-01T05:27:00.909+0000] {dag.py:3239} INFO - Sync 1 DAGs
[2025-07-01T05:27:00.924+0000] {logging_mixin.py:190} INFO - [2025-07-01T05:27:00.924+0000] {dag.py:4180} INFO - Setting next_dagrun for example_dynamic_task_mapping to None, run_after=None
[2025-07-01T05:27:00.941+0000] {processor.py:208} INFO - Processing /home/airflow/.local/lib/python3.12/site-packages/airflow/example_dags/example_dynamic_task_mapping.py took 0.075 seconds
[2025-07-01T05:27:31.405+0000] {processor.py:186} INFO - Started process (PID=27397) to work on /home/airflow/.local/lib/python3.12/site-packages/airflow/example_dags/example_dynamic_task_mapping.py
[2025-07-01T05:27:31.406+0000] {processor.py:914} INFO - Processing file /home/airflow/.local/lib/python3.12/site-packages/airflow/example_dags/example_dynamic_task_mapping.py for tasks to queue
[2025-07-01T05:27:31.409+0000] {logging_mixin.py:190} INFO - [2025-07-01T05:27:31.408+0000] {dagbag.py:588} INFO - Filling up the DagBag from /home/airflow/.local/lib/python3.12/site-packages/airflow/example_dags/example_dynamic_task_mapping.py
[2025-07-01T05:27:31.417+0000] {processor.py:925} INFO - DAG(s) 'example_dynamic_task_mapping' retrieved from /home/airflow/.local/lib/python3.12/site-packages/airflow/example_dags/example_dynamic_task_mapping.py
[2025-07-01T05:27:31.436+0000] {logging_mixin.py:190} INFO - [2025-07-01T05:27:31.436+0000] {dag.py:3239} INFO - Sync 1 DAGs
[2025-07-01T05:27:31.450+0000] {logging_mixin.py:190} INFO - [2025-07-01T05:27:31.450+0000] {dag.py:4180} INFO - Setting next_dagrun for example_dynamic_task_mapping to None, run_after=None
[2025-07-01T05:27:31.469+0000] {processor.py:208} INFO - Processing /home/airflow/.local/lib/python3.12/site-packages/airflow/example_dags/example_dynamic_task_mapping.py took 0.070 seconds
[2025-07-01T05:28:02.500+0000] {processor.py:186} INFO - Started process (PID=27465) to work on /home/airflow/.local/lib/python3.12/site-packages/airflow/example_dags/example_dynamic_task_mapping.py
[2025-07-01T05:28:02.501+0000] {processor.py:914} INFO - Processing file /home/airflow/.local/lib/python3.12/site-packages/airflow/example_dags/example_dynamic_task_mapping.py for tasks to queue
[2025-07-01T05:28:02.504+0000] {logging_mixin.py:190} INFO - [2025-07-01T05:28:02.504+0000] {dagbag.py:588} INFO - Filling up the DagBag from /home/airflow/.local/lib/python3.12/site-packages/airflow/example_dags/example_dynamic_task_mapping.py
[2025-07-01T05:28:02.512+0000] {processor.py:925} INFO - DAG(s) 'example_dynamic_task_mapping' retrieved from /home/airflow/.local/lib/python3.12/site-packages/airflow/example_dags/example_dynamic_task_mapping.py
[2025-07-01T05:28:02.533+0000] {logging_mixin.py:190} INFO - [2025-07-01T05:28:02.532+0000] {dag.py:3239} INFO - Sync 1 DAGs
[2025-07-01T05:28:02.546+0000] {logging_mixin.py:190} INFO - [2025-07-01T05:28:02.546+0000] {dag.py:4180} INFO - Setting next_dagrun for example_dynamic_task_mapping to None, run_after=None
[2025-07-01T05:28:02.565+0000] {processor.py:208} INFO - Processing /home/airflow/.local/lib/python3.12/site-packages/airflow/example_dags/example_dynamic_task_mapping.py took 0.070 seconds
[2025-07-01T05:28:32.910+0000] {processor.py:186} INFO - Started process (PID=27527) to work on /home/airflow/.local/lib/python3.12/site-packages/airflow/example_dags/example_dynamic_task_mapping.py
[2025-07-01T05:28:32.911+0000] {processor.py:914} INFO - Processing file /home/airflow/.local/lib/python3.12/site-packages/airflow/example_dags/example_dynamic_task_mapping.py for tasks to queue
[2025-07-01T05:28:32.914+0000] {logging_mixin.py:190} INFO - [2025-07-01T05:28:32.914+0000] {dagbag.py:588} INFO - Filling up the DagBag from /home/airflow/.local/lib/python3.12/site-packages/airflow/example_dags/example_dynamic_task_mapping.py
[2025-07-01T05:28:32.923+0000] {processor.py:925} INFO - DAG(s) 'example_dynamic_task_mapping' retrieved from /home/airflow/.local/lib/python3.12/site-packages/airflow/example_dags/example_dynamic_task_mapping.py
[2025-07-01T05:28:32.942+0000] {logging_mixin.py:190} INFO - [2025-07-01T05:28:32.942+0000] {dag.py:3239} INFO - Sync 1 DAGs
[2025-07-01T05:28:32.956+0000] {logging_mixin.py:190} INFO - [2025-07-01T05:28:32.956+0000] {dag.py:4180} INFO - Setting next_dagrun for example_dynamic_task_mapping to None, run_after=None
[2025-07-01T05:28:32.973+0000] {processor.py:208} INFO - Processing /home/airflow/.local/lib/python3.12/site-packages/airflow/example_dags/example_dynamic_task_mapping.py took 0.069 seconds
[2025-07-01T05:29:04.068+0000] {processor.py:186} INFO - Started process (PID=27589) to work on /home/airflow/.local/lib/python3.12/site-packages/airflow/example_dags/example_dynamic_task_mapping.py
[2025-07-01T05:29:04.069+0000] {processor.py:914} INFO - Processing file /home/airflow/.local/lib/python3.12/site-packages/airflow/example_dags/example_dynamic_task_mapping.py for tasks to queue
[2025-07-01T05:29:04.071+0000] {logging_mixin.py:190} INFO - [2025-07-01T05:29:04.071+0000] {dagbag.py:588} INFO - Filling up the DagBag from /home/airflow/.local/lib/python3.12/site-packages/airflow/example_dags/example_dynamic_task_mapping.py
[2025-07-01T05:29:04.079+0000] {processor.py:925} INFO - DAG(s) 'example_dynamic_task_mapping' retrieved from /home/airflow/.local/lib/python3.12/site-packages/airflow/example_dags/example_dynamic_task_mapping.py
[2025-07-01T05:29:04.099+0000] {logging_mixin.py:190} INFO - [2025-07-01T05:29:04.098+0000] {dag.py:3239} INFO - Sync 1 DAGs
[2025-07-01T05:29:04.112+0000] {logging_mixin.py:190} INFO - [2025-07-01T05:29:04.112+0000] {dag.py:4180} INFO - Setting next_dagrun for example_dynamic_task_mapping to None, run_after=None
[2025-07-01T05:29:04.129+0000] {processor.py:208} INFO - Processing /home/airflow/.local/lib/python3.12/site-packages/airflow/example_dags/example_dynamic_task_mapping.py took 0.067 seconds
[2025-07-01T05:29:34.327+0000] {processor.py:186} INFO - Started process (PID=27651) to work on /home/airflow/.local/lib/python3.12/site-packages/airflow/example_dags/example_dynamic_task_mapping.py
[2025-07-01T05:29:34.328+0000] {processor.py:914} INFO - Processing file /home/airflow/.local/lib/python3.12/site-packages/airflow/example_dags/example_dynamic_task_mapping.py for tasks to queue
[2025-07-01T05:29:34.330+0000] {logging_mixin.py:190} INFO - [2025-07-01T05:29:34.330+0000] {dagbag.py:588} INFO - Filling up the DagBag from /home/airflow/.local/lib/python3.12/site-packages/airflow/example_dags/example_dynamic_task_mapping.py
[2025-07-01T05:29:34.338+0000] {processor.py:925} INFO - DAG(s) 'example_dynamic_task_mapping' retrieved from /home/airflow/.local/lib/python3.12/site-packages/airflow/example_dags/example_dynamic_task_mapping.py
[2025-07-01T05:29:34.358+0000] {logging_mixin.py:190} INFO - [2025-07-01T05:29:34.357+0000] {dag.py:3239} INFO - Sync 1 DAGs
[2025-07-01T05:29:34.371+0000] {logging_mixin.py:190} INFO - [2025-07-01T05:29:34.371+0000] {dag.py:4180} INFO - Setting next_dagrun for example_dynamic_task_mapping to None, run_after=None
[2025-07-01T05:29:34.388+0000] {processor.py:208} INFO - Processing /home/airflow/.local/lib/python3.12/site-packages/airflow/example_dags/example_dynamic_task_mapping.py took 0.067 seconds
[2025-07-01T05:30:05.058+0000] {processor.py:186} INFO - Started process (PID=27713) to work on /home/airflow/.local/lib/python3.12/site-packages/airflow/example_dags/example_dynamic_task_mapping.py
[2025-07-01T05:30:05.059+0000] {processor.py:914} INFO - Processing file /home/airflow/.local/lib/python3.12/site-packages/airflow/example_dags/example_dynamic_task_mapping.py for tasks to queue
[2025-07-01T05:30:05.062+0000] {logging_mixin.py:190} INFO - [2025-07-01T05:30:05.061+0000] {dagbag.py:588} INFO - Filling up the DagBag from /home/airflow/.local/lib/python3.12/site-packages/airflow/example_dags/example_dynamic_task_mapping.py
[2025-07-01T05:30:05.070+0000] {processor.py:925} INFO - DAG(s) 'example_dynamic_task_mapping' retrieved from /home/airflow/.local/lib/python3.12/site-packages/airflow/example_dags/example_dynamic_task_mapping.py
[2025-07-01T05:30:05.089+0000] {logging_mixin.py:190} INFO - [2025-07-01T05:30:05.089+0000] {dag.py:3239} INFO - Sync 1 DAGs
[2025-07-01T05:30:05.103+0000] {logging_mixin.py:190} INFO - [2025-07-01T05:30:05.103+0000] {dag.py:4180} INFO - Setting next_dagrun for example_dynamic_task_mapping to None, run_after=None
[2025-07-01T05:30:05.120+0000] {processor.py:208} INFO - Processing /home/airflow/.local/lib/python3.12/site-packages/airflow/example_dags/example_dynamic_task_mapping.py took 0.067 seconds
[2025-07-01T05:30:35.652+0000] {processor.py:186} INFO - Started process (PID=27777) to work on /home/airflow/.local/lib/python3.12/site-packages/airflow/example_dags/example_dynamic_task_mapping.py
[2025-07-01T05:30:35.653+0000] {processor.py:914} INFO - Processing file /home/airflow/.local/lib/python3.12/site-packages/airflow/example_dags/example_dynamic_task_mapping.py for tasks to queue
[2025-07-01T05:30:35.655+0000] {logging_mixin.py:190} INFO - [2025-07-01T05:30:35.655+0000] {dagbag.py:588} INFO - Filling up the DagBag from /home/airflow/.local/lib/python3.12/site-packages/airflow/example_dags/example_dynamic_task_mapping.py
[2025-07-01T05:30:35.664+0000] {processor.py:925} INFO - DAG(s) 'example_dynamic_task_mapping' retrieved from /home/airflow/.local/lib/python3.12/site-packages/airflow/example_dags/example_dynamic_task_mapping.py
[2025-07-01T05:30:35.682+0000] {logging_mixin.py:190} INFO - [2025-07-01T05:30:35.682+0000] {dag.py:3239} INFO - Sync 1 DAGs
[2025-07-01T05:30:35.696+0000] {logging_mixin.py:190} INFO - [2025-07-01T05:30:35.696+0000] {dag.py:4180} INFO - Setting next_dagrun for example_dynamic_task_mapping to None, run_after=None
[2025-07-01T05:30:35.712+0000] {processor.py:208} INFO - Processing /home/airflow/.local/lib/python3.12/site-packages/airflow/example_dags/example_dynamic_task_mapping.py took 0.066 seconds
[2025-07-01T05:31:06.548+0000] {processor.py:186} INFO - Started process (PID=27841) to work on /home/airflow/.local/lib/python3.12/site-packages/airflow/example_dags/example_dynamic_task_mapping.py
[2025-07-01T05:31:06.549+0000] {processor.py:914} INFO - Processing file /home/airflow/.local/lib/python3.12/site-packages/airflow/example_dags/example_dynamic_task_mapping.py for tasks to queue
[2025-07-01T05:31:06.552+0000] {logging_mixin.py:190} INFO - [2025-07-01T05:31:06.551+0000] {dagbag.py:588} INFO - Filling up the DagBag from /home/airflow/.local/lib/python3.12/site-packages/airflow/example_dags/example_dynamic_task_mapping.py
[2025-07-01T05:31:06.560+0000] {processor.py:925} INFO - DAG(s) 'example_dynamic_task_mapping' retrieved from /home/airflow/.local/lib/python3.12/site-packages/airflow/example_dags/example_dynamic_task_mapping.py
[2025-07-01T05:31:06.579+0000] {logging_mixin.py:190} INFO - [2025-07-01T05:31:06.579+0000] {dag.py:3239} INFO - Sync 1 DAGs
[2025-07-01T05:31:06.593+0000] {logging_mixin.py:190} INFO - [2025-07-01T05:31:06.593+0000] {dag.py:4180} INFO - Setting next_dagrun for example_dynamic_task_mapping to None, run_after=None
[2025-07-01T05:31:06.610+0000] {processor.py:208} INFO - Processing /home/airflow/.local/lib/python3.12/site-packages/airflow/example_dags/example_dynamic_task_mapping.py took 0.067 seconds
[2025-07-01T05:31:37.374+0000] {processor.py:186} INFO - Started process (PID=27904) to work on /home/airflow/.local/lib/python3.12/site-packages/airflow/example_dags/example_dynamic_task_mapping.py
[2025-07-01T05:31:37.375+0000] {processor.py:914} INFO - Processing file /home/airflow/.local/lib/python3.12/site-packages/airflow/example_dags/example_dynamic_task_mapping.py for tasks to queue
[2025-07-01T05:31:37.378+0000] {logging_mixin.py:190} INFO - [2025-07-01T05:31:37.378+0000] {dagbag.py:588} INFO - Filling up the DagBag from /home/airflow/.local/lib/python3.12/site-packages/airflow/example_dags/example_dynamic_task_mapping.py
[2025-07-01T05:31:37.387+0000] {processor.py:925} INFO - DAG(s) 'example_dynamic_task_mapping' retrieved from /home/airflow/.local/lib/python3.12/site-packages/airflow/example_dags/example_dynamic_task_mapping.py
[2025-07-01T05:31:37.408+0000] {logging_mixin.py:190} INFO - [2025-07-01T05:31:37.408+0000] {dag.py:3239} INFO - Sync 1 DAGs
[2025-07-01T05:31:37.422+0000] {logging_mixin.py:190} INFO - [2025-07-01T05:31:37.422+0000] {dag.py:4180} INFO - Setting next_dagrun for example_dynamic_task_mapping to None, run_after=None
[2025-07-01T05:31:37.439+0000] {processor.py:208} INFO - Processing /home/airflow/.local/lib/python3.12/site-packages/airflow/example_dags/example_dynamic_task_mapping.py took 0.071 seconds
[2025-07-01T05:32:08.066+0000] {processor.py:186} INFO - Started process (PID=27966) to work on /home/airflow/.local/lib/python3.12/site-packages/airflow/example_dags/example_dynamic_task_mapping.py
[2025-07-01T05:32:08.068+0000] {processor.py:914} INFO - Processing file /home/airflow/.local/lib/python3.12/site-packages/airflow/example_dags/example_dynamic_task_mapping.py for tasks to queue
[2025-07-01T05:32:08.071+0000] {logging_mixin.py:190} INFO - [2025-07-01T05:32:08.070+0000] {dagbag.py:588} INFO - Filling up the DagBag from /home/airflow/.local/lib/python3.12/site-packages/airflow/example_dags/example_dynamic_task_mapping.py
[2025-07-01T05:32:08.087+0000] {processor.py:925} INFO - DAG(s) 'example_dynamic_task_mapping' retrieved from /home/airflow/.local/lib/python3.12/site-packages/airflow/example_dags/example_dynamic_task_mapping.py
[2025-07-01T05:32:08.112+0000] {logging_mixin.py:190} INFO - [2025-07-01T05:32:08.111+0000] {dag.py:3239} INFO - Sync 1 DAGs
[2025-07-01T05:32:08.131+0000] {logging_mixin.py:190} INFO - [2025-07-01T05:32:08.130+0000] {dag.py:4180} INFO - Setting next_dagrun for example_dynamic_task_mapping to None, run_after=None
[2025-07-01T05:32:08.151+0000] {processor.py:208} INFO - Processing /home/airflow/.local/lib/python3.12/site-packages/airflow/example_dags/example_dynamic_task_mapping.py took 0.092 seconds
[2025-07-01T05:32:38.916+0000] {processor.py:186} INFO - Started process (PID=28028) to work on /home/airflow/.local/lib/python3.12/site-packages/airflow/example_dags/example_dynamic_task_mapping.py
[2025-07-01T05:32:38.917+0000] {processor.py:914} INFO - Processing file /home/airflow/.local/lib/python3.12/site-packages/airflow/example_dags/example_dynamic_task_mapping.py for tasks to queue
[2025-07-01T05:32:38.920+0000] {logging_mixin.py:190} INFO - [2025-07-01T05:32:38.919+0000] {dagbag.py:588} INFO - Filling up the DagBag from /home/airflow/.local/lib/python3.12/site-packages/airflow/example_dags/example_dynamic_task_mapping.py
[2025-07-01T05:32:38.929+0000] {processor.py:925} INFO - DAG(s) 'example_dynamic_task_mapping' retrieved from /home/airflow/.local/lib/python3.12/site-packages/airflow/example_dags/example_dynamic_task_mapping.py
[2025-07-01T05:32:38.949+0000] {logging_mixin.py:190} INFO - [2025-07-01T05:32:38.949+0000] {dag.py:3239} INFO - Sync 1 DAGs
[2025-07-01T05:32:38.963+0000] {logging_mixin.py:190} INFO - [2025-07-01T05:32:38.963+0000] {dag.py:4180} INFO - Setting next_dagrun for example_dynamic_task_mapping to None, run_after=None
[2025-07-01T05:32:38.980+0000] {processor.py:208} INFO - Processing /home/airflow/.local/lib/python3.12/site-packages/airflow/example_dags/example_dynamic_task_mapping.py took 0.070 seconds
[2025-07-01T05:33:11.327+0000] {processor.py:186} INFO - Started process (PID=28090) to work on /home/airflow/.local/lib/python3.12/site-packages/airflow/example_dags/example_dynamic_task_mapping.py
[2025-07-01T05:33:11.328+0000] {processor.py:914} INFO - Processing file /home/airflow/.local/lib/python3.12/site-packages/airflow/example_dags/example_dynamic_task_mapping.py for tasks to queue
[2025-07-01T05:33:11.330+0000] {logging_mixin.py:190} INFO - [2025-07-01T05:33:11.330+0000] {dagbag.py:588} INFO - Filling up the DagBag from /home/airflow/.local/lib/python3.12/site-packages/airflow/example_dags/example_dynamic_task_mapping.py
[2025-07-01T05:33:11.338+0000] {processor.py:925} INFO - DAG(s) 'example_dynamic_task_mapping' retrieved from /home/airflow/.local/lib/python3.12/site-packages/airflow/example_dags/example_dynamic_task_mapping.py
[2025-07-01T05:33:11.360+0000] {logging_mixin.py:190} INFO - [2025-07-01T05:33:11.359+0000] {dag.py:3239} INFO - Sync 1 DAGs
[2025-07-01T05:33:11.375+0000] {logging_mixin.py:190} INFO - [2025-07-01T05:33:11.375+0000] {dag.py:4180} INFO - Setting next_dagrun for example_dynamic_task_mapping to None, run_after=None
[2025-07-01T05:33:11.392+0000] {processor.py:208} INFO - Processing /home/airflow/.local/lib/python3.12/site-packages/airflow/example_dags/example_dynamic_task_mapping.py took 0.071 seconds
[2025-07-01T05:33:43.138+0000] {processor.py:186} INFO - Started process (PID=28152) to work on /home/airflow/.local/lib/python3.12/site-packages/airflow/example_dags/example_dynamic_task_mapping.py
[2025-07-01T05:33:43.139+0000] {processor.py:914} INFO - Processing file /home/airflow/.local/lib/python3.12/site-packages/airflow/example_dags/example_dynamic_task_mapping.py for tasks to queue
[2025-07-01T05:33:43.142+0000] {logging_mixin.py:190} INFO - [2025-07-01T05:33:43.142+0000] {dagbag.py:588} INFO - Filling up the DagBag from /home/airflow/.local/lib/python3.12/site-packages/airflow/example_dags/example_dynamic_task_mapping.py
[2025-07-01T05:33:43.151+0000] {processor.py:925} INFO - DAG(s) 'example_dynamic_task_mapping' retrieved from /home/airflow/.local/lib/python3.12/site-packages/airflow/example_dags/example_dynamic_task_mapping.py
[2025-07-01T05:33:43.171+0000] {logging_mixin.py:190} INFO - [2025-07-01T05:33:43.171+0000] {dag.py:3239} INFO - Sync 1 DAGs
[2025-07-01T05:33:43.351+0000] {logging_mixin.py:190} INFO - [2025-07-01T05:33:43.350+0000] {dag.py:4180} INFO - Setting next_dagrun for example_dynamic_task_mapping to None, run_after=None
[2025-07-01T05:33:43.368+0000] {processor.py:208} INFO - Processing /home/airflow/.local/lib/python3.12/site-packages/airflow/example_dags/example_dynamic_task_mapping.py took 0.236 seconds
[2025-07-01T05:34:13.472+0000] {processor.py:186} INFO - Started process (PID=28215) to work on /home/airflow/.local/lib/python3.12/site-packages/airflow/example_dags/example_dynamic_task_mapping.py
[2025-07-01T05:34:13.473+0000] {processor.py:914} INFO - Processing file /home/airflow/.local/lib/python3.12/site-packages/airflow/example_dags/example_dynamic_task_mapping.py for tasks to queue
[2025-07-01T05:34:13.476+0000] {logging_mixin.py:190} INFO - [2025-07-01T05:34:13.476+0000] {dagbag.py:588} INFO - Filling up the DagBag from /home/airflow/.local/lib/python3.12/site-packages/airflow/example_dags/example_dynamic_task_mapping.py
[2025-07-01T05:34:13.486+0000] {processor.py:925} INFO - DAG(s) 'example_dynamic_task_mapping' retrieved from /home/airflow/.local/lib/python3.12/site-packages/airflow/example_dags/example_dynamic_task_mapping.py
[2025-07-01T05:34:13.508+0000] {logging_mixin.py:190} INFO - [2025-07-01T05:34:13.508+0000] {dag.py:3239} INFO - Sync 1 DAGs
[2025-07-01T05:34:13.524+0000] {logging_mixin.py:190} INFO - [2025-07-01T05:34:13.524+0000] {dag.py:4180} INFO - Setting next_dagrun for example_dynamic_task_mapping to None, run_after=None
[2025-07-01T05:34:13.543+0000] {processor.py:208} INFO - Processing /home/airflow/.local/lib/python3.12/site-packages/airflow/example_dags/example_dynamic_task_mapping.py took 0.076 seconds
[2025-07-01T05:34:43.708+0000] {processor.py:186} INFO - Started process (PID=28277) to work on /home/airflow/.local/lib/python3.12/site-packages/airflow/example_dags/example_dynamic_task_mapping.py
[2025-07-01T05:34:43.709+0000] {processor.py:914} INFO - Processing file /home/airflow/.local/lib/python3.12/site-packages/airflow/example_dags/example_dynamic_task_mapping.py for tasks to queue
[2025-07-01T05:34:43.712+0000] {logging_mixin.py:190} INFO - [2025-07-01T05:34:43.711+0000] {dagbag.py:588} INFO - Filling up the DagBag from /home/airflow/.local/lib/python3.12/site-packages/airflow/example_dags/example_dynamic_task_mapping.py
[2025-07-01T05:34:43.720+0000] {processor.py:925} INFO - DAG(s) 'example_dynamic_task_mapping' retrieved from /home/airflow/.local/lib/python3.12/site-packages/airflow/example_dags/example_dynamic_task_mapping.py
[2025-07-01T05:34:43.739+0000] {logging_mixin.py:190} INFO - [2025-07-01T05:34:43.739+0000] {dag.py:3239} INFO - Sync 1 DAGs
[2025-07-01T05:34:43.754+0000] {logging_mixin.py:190} INFO - [2025-07-01T05:34:43.753+0000] {dag.py:4180} INFO - Setting next_dagrun for example_dynamic_task_mapping to None, run_after=None
[2025-07-01T05:34:43.770+0000] {processor.py:208} INFO - Processing /home/airflow/.local/lib/python3.12/site-packages/airflow/example_dags/example_dynamic_task_mapping.py took 0.068 seconds
[2025-07-01T05:35:15.550+0000] {processor.py:186} INFO - Started process (PID=28338) to work on /home/airflow/.local/lib/python3.12/site-packages/airflow/example_dags/example_dynamic_task_mapping.py
[2025-07-01T05:35:15.551+0000] {processor.py:914} INFO - Processing file /home/airflow/.local/lib/python3.12/site-packages/airflow/example_dags/example_dynamic_task_mapping.py for tasks to queue
[2025-07-01T05:35:15.553+0000] {logging_mixin.py:190} INFO - [2025-07-01T05:35:15.553+0000] {dagbag.py:588} INFO - Filling up the DagBag from /home/airflow/.local/lib/python3.12/site-packages/airflow/example_dags/example_dynamic_task_mapping.py
[2025-07-01T05:35:15.563+0000] {processor.py:925} INFO - DAG(s) 'example_dynamic_task_mapping' retrieved from /home/airflow/.local/lib/python3.12/site-packages/airflow/example_dags/example_dynamic_task_mapping.py
[2025-07-01T05:35:15.585+0000] {logging_mixin.py:190} INFO - [2025-07-01T05:35:15.585+0000] {dag.py:3239} INFO - Sync 1 DAGs
[2025-07-01T05:35:15.600+0000] {logging_mixin.py:190} INFO - [2025-07-01T05:35:15.600+0000] {dag.py:4180} INFO - Setting next_dagrun for example_dynamic_task_mapping to None, run_after=None
[2025-07-01T05:35:15.618+0000] {processor.py:208} INFO - Processing /home/airflow/.local/lib/python3.12/site-packages/airflow/example_dags/example_dynamic_task_mapping.py took 0.074 seconds
[2025-07-01T05:35:47.251+0000] {processor.py:186} INFO - Started process (PID=28402) to work on /home/airflow/.local/lib/python3.12/site-packages/airflow/example_dags/example_dynamic_task_mapping.py
[2025-07-01T05:35:47.252+0000] {processor.py:914} INFO - Processing file /home/airflow/.local/lib/python3.12/site-packages/airflow/example_dags/example_dynamic_task_mapping.py for tasks to queue
[2025-07-01T05:35:47.255+0000] {logging_mixin.py:190} INFO - [2025-07-01T05:35:47.254+0000] {dagbag.py:588} INFO - Filling up the DagBag from /home/airflow/.local/lib/python3.12/site-packages/airflow/example_dags/example_dynamic_task_mapping.py
[2025-07-01T05:35:47.263+0000] {processor.py:925} INFO - DAG(s) 'example_dynamic_task_mapping' retrieved from /home/airflow/.local/lib/python3.12/site-packages/airflow/example_dags/example_dynamic_task_mapping.py
[2025-07-01T05:35:47.452+0000] {logging_mixin.py:190} INFO - [2025-07-01T05:35:47.452+0000] {dag.py:3239} INFO - Sync 1 DAGs
[2025-07-01T05:35:47.465+0000] {logging_mixin.py:190} INFO - [2025-07-01T05:35:47.465+0000] {dag.py:4180} INFO - Setting next_dagrun for example_dynamic_task_mapping to None, run_after=None
[2025-07-01T05:35:47.483+0000] {processor.py:208} INFO - Processing /home/airflow/.local/lib/python3.12/site-packages/airflow/example_dags/example_dynamic_task_mapping.py took 0.238 seconds
[2025-07-01T05:36:17.943+0000] {processor.py:186} INFO - Started process (PID=28464) to work on /home/airflow/.local/lib/python3.12/site-packages/airflow/example_dags/example_dynamic_task_mapping.py
[2025-07-01T05:36:17.944+0000] {processor.py:914} INFO - Processing file /home/airflow/.local/lib/python3.12/site-packages/airflow/example_dags/example_dynamic_task_mapping.py for tasks to queue
[2025-07-01T05:36:17.947+0000] {logging_mixin.py:190} INFO - [2025-07-01T05:36:17.947+0000] {dagbag.py:588} INFO - Filling up the DagBag from /home/airflow/.local/lib/python3.12/site-packages/airflow/example_dags/example_dynamic_task_mapping.py
[2025-07-01T05:36:17.955+0000] {processor.py:925} INFO - DAG(s) 'example_dynamic_task_mapping' retrieved from /home/airflow/.local/lib/python3.12/site-packages/airflow/example_dags/example_dynamic_task_mapping.py
[2025-07-01T05:36:17.975+0000] {logging_mixin.py:190} INFO - [2025-07-01T05:36:17.975+0000] {dag.py:3239} INFO - Sync 1 DAGs
[2025-07-01T05:36:17.989+0000] {logging_mixin.py:190} INFO - [2025-07-01T05:36:17.989+0000] {dag.py:4180} INFO - Setting next_dagrun for example_dynamic_task_mapping to None, run_after=None
[2025-07-01T05:36:18.006+0000] {processor.py:208} INFO - Processing /home/airflow/.local/lib/python3.12/site-packages/airflow/example_dags/example_dynamic_task_mapping.py took 0.069 seconds
[2025-07-01T05:36:48.964+0000] {processor.py:186} INFO - Started process (PID=28526) to work on /home/airflow/.local/lib/python3.12/site-packages/airflow/example_dags/example_dynamic_task_mapping.py
[2025-07-01T05:36:48.965+0000] {processor.py:914} INFO - Processing file /home/airflow/.local/lib/python3.12/site-packages/airflow/example_dags/example_dynamic_task_mapping.py for tasks to queue
[2025-07-01T05:36:48.967+0000] {logging_mixin.py:190} INFO - [2025-07-01T05:36:48.967+0000] {dagbag.py:588} INFO - Filling up the DagBag from /home/airflow/.local/lib/python3.12/site-packages/airflow/example_dags/example_dynamic_task_mapping.py
[2025-07-01T05:36:48.976+0000] {processor.py:925} INFO - DAG(s) 'example_dynamic_task_mapping' retrieved from /home/airflow/.local/lib/python3.12/site-packages/airflow/example_dags/example_dynamic_task_mapping.py
[2025-07-01T05:36:48.999+0000] {logging_mixin.py:190} INFO - [2025-07-01T05:36:48.998+0000] {dag.py:3239} INFO - Sync 1 DAGs
[2025-07-01T05:36:49.013+0000] {logging_mixin.py:190} INFO - [2025-07-01T05:36:49.013+0000] {dag.py:4180} INFO - Setting next_dagrun for example_dynamic_task_mapping to None, run_after=None
[2025-07-01T05:36:49.030+0000] {processor.py:208} INFO - Processing /home/airflow/.local/lib/python3.12/site-packages/airflow/example_dags/example_dynamic_task_mapping.py took 0.072 seconds
[2025-07-01T05:37:19.129+0000] {processor.py:186} INFO - Started process (PID=28588) to work on /home/airflow/.local/lib/python3.12/site-packages/airflow/example_dags/example_dynamic_task_mapping.py
[2025-07-01T05:37:19.130+0000] {processor.py:914} INFO - Processing file /home/airflow/.local/lib/python3.12/site-packages/airflow/example_dags/example_dynamic_task_mapping.py for tasks to queue
[2025-07-01T05:37:19.133+0000] {logging_mixin.py:190} INFO - [2025-07-01T05:37:19.132+0000] {dagbag.py:588} INFO - Filling up the DagBag from /home/airflow/.local/lib/python3.12/site-packages/airflow/example_dags/example_dynamic_task_mapping.py
[2025-07-01T05:37:19.141+0000] {processor.py:925} INFO - DAG(s) 'example_dynamic_task_mapping' retrieved from /home/airflow/.local/lib/python3.12/site-packages/airflow/example_dags/example_dynamic_task_mapping.py
[2025-07-01T05:37:19.162+0000] {logging_mixin.py:190} INFO - [2025-07-01T05:37:19.162+0000] {dag.py:3239} INFO - Sync 1 DAGs
[2025-07-01T05:37:19.176+0000] {logging_mixin.py:190} INFO - [2025-07-01T05:37:19.176+0000] {dag.py:4180} INFO - Setting next_dagrun for example_dynamic_task_mapping to None, run_after=None
[2025-07-01T05:37:19.193+0000] {processor.py:208} INFO - Processing /home/airflow/.local/lib/python3.12/site-packages/airflow/example_dags/example_dynamic_task_mapping.py took 0.070 seconds
[2025-07-01T05:37:49.525+0000] {processor.py:186} INFO - Started process (PID=28650) to work on /home/airflow/.local/lib/python3.12/site-packages/airflow/example_dags/example_dynamic_task_mapping.py
[2025-07-01T05:37:49.526+0000] {processor.py:914} INFO - Processing file /home/airflow/.local/lib/python3.12/site-packages/airflow/example_dags/example_dynamic_task_mapping.py for tasks to queue
[2025-07-01T05:37:49.529+0000] {logging_mixin.py:190} INFO - [2025-07-01T05:37:49.529+0000] {dagbag.py:588} INFO - Filling up the DagBag from /home/airflow/.local/lib/python3.12/site-packages/airflow/example_dags/example_dynamic_task_mapping.py
[2025-07-01T05:37:49.538+0000] {processor.py:925} INFO - DAG(s) 'example_dynamic_task_mapping' retrieved from /home/airflow/.local/lib/python3.12/site-packages/airflow/example_dags/example_dynamic_task_mapping.py
[2025-07-01T05:37:49.559+0000] {logging_mixin.py:190} INFO - [2025-07-01T05:37:49.558+0000] {dag.py:3239} INFO - Sync 1 DAGs
[2025-07-01T05:37:49.572+0000] {logging_mixin.py:190} INFO - [2025-07-01T05:37:49.572+0000] {dag.py:4180} INFO - Setting next_dagrun for example_dynamic_task_mapping to None, run_after=None
[2025-07-01T05:37:49.589+0000] {processor.py:208} INFO - Processing /home/airflow/.local/lib/python3.12/site-packages/airflow/example_dags/example_dynamic_task_mapping.py took 0.070 seconds
[2025-07-01T05:38:20.524+0000] {processor.py:186} INFO - Started process (PID=28712) to work on /home/airflow/.local/lib/python3.12/site-packages/airflow/example_dags/example_dynamic_task_mapping.py
[2025-07-01T05:38:20.525+0000] {processor.py:914} INFO - Processing file /home/airflow/.local/lib/python3.12/site-packages/airflow/example_dags/example_dynamic_task_mapping.py for tasks to queue
[2025-07-01T05:38:20.527+0000] {logging_mixin.py:190} INFO - [2025-07-01T05:38:20.527+0000] {dagbag.py:588} INFO - Filling up the DagBag from /home/airflow/.local/lib/python3.12/site-packages/airflow/example_dags/example_dynamic_task_mapping.py
[2025-07-01T05:38:20.536+0000] {processor.py:925} INFO - DAG(s) 'example_dynamic_task_mapping' retrieved from /home/airflow/.local/lib/python3.12/site-packages/airflow/example_dags/example_dynamic_task_mapping.py
[2025-07-01T05:38:20.555+0000] {logging_mixin.py:190} INFO - [2025-07-01T05:38:20.555+0000] {dag.py:3239} INFO - Sync 1 DAGs
[2025-07-01T05:38:20.569+0000] {logging_mixin.py:190} INFO - [2025-07-01T05:38:20.568+0000] {dag.py:4180} INFO - Setting next_dagrun for example_dynamic_task_mapping to None, run_after=None
[2025-07-01T05:38:20.585+0000] {processor.py:208} INFO - Processing /home/airflow/.local/lib/python3.12/site-packages/airflow/example_dags/example_dynamic_task_mapping.py took 0.067 seconds
[2025-07-01T05:38:51.117+0000] {processor.py:186} INFO - Started process (PID=28774) to work on /home/airflow/.local/lib/python3.12/site-packages/airflow/example_dags/example_dynamic_task_mapping.py
[2025-07-01T05:38:51.118+0000] {processor.py:914} INFO - Processing file /home/airflow/.local/lib/python3.12/site-packages/airflow/example_dags/example_dynamic_task_mapping.py for tasks to queue
[2025-07-01T05:38:51.122+0000] {logging_mixin.py:190} INFO - [2025-07-01T05:38:51.121+0000] {dagbag.py:588} INFO - Filling up the DagBag from /home/airflow/.local/lib/python3.12/site-packages/airflow/example_dags/example_dynamic_task_mapping.py
[2025-07-01T05:38:51.138+0000] {processor.py:925} INFO - DAG(s) 'example_dynamic_task_mapping' retrieved from /home/airflow/.local/lib/python3.12/site-packages/airflow/example_dags/example_dynamic_task_mapping.py
[2025-07-01T05:38:51.165+0000] {logging_mixin.py:190} INFO - [2025-07-01T05:38:51.164+0000] {dag.py:3239} INFO - Sync 1 DAGs
[2025-07-01T05:38:51.184+0000] {logging_mixin.py:190} INFO - [2025-07-01T05:38:51.183+0000] {dag.py:4180} INFO - Setting next_dagrun for example_dynamic_task_mapping to None, run_after=None
[2025-07-01T05:38:51.206+0000] {processor.py:208} INFO - Processing /home/airflow/.local/lib/python3.12/site-packages/airflow/example_dags/example_dynamic_task_mapping.py took 0.097 seconds
[2025-07-01T05:39:21.870+0000] {processor.py:186} INFO - Started process (PID=28836) to work on /home/airflow/.local/lib/python3.12/site-packages/airflow/example_dags/example_dynamic_task_mapping.py
[2025-07-01T05:39:21.871+0000] {processor.py:914} INFO - Processing file /home/airflow/.local/lib/python3.12/site-packages/airflow/example_dags/example_dynamic_task_mapping.py for tasks to queue
[2025-07-01T05:39:21.874+0000] {logging_mixin.py:190} INFO - [2025-07-01T05:39:21.873+0000] {dagbag.py:588} INFO - Filling up the DagBag from /home/airflow/.local/lib/python3.12/site-packages/airflow/example_dags/example_dynamic_task_mapping.py
[2025-07-01T05:39:21.882+0000] {processor.py:925} INFO - DAG(s) 'example_dynamic_task_mapping' retrieved from /home/airflow/.local/lib/python3.12/site-packages/airflow/example_dags/example_dynamic_task_mapping.py
[2025-07-01T05:39:21.901+0000] {logging_mixin.py:190} INFO - [2025-07-01T05:39:21.901+0000] {dag.py:3239} INFO - Sync 1 DAGs
[2025-07-01T05:39:21.915+0000] {logging_mixin.py:190} INFO - [2025-07-01T05:39:21.915+0000] {dag.py:4180} INFO - Setting next_dagrun for example_dynamic_task_mapping to None, run_after=None
[2025-07-01T05:39:21.933+0000] {processor.py:208} INFO - Processing /home/airflow/.local/lib/python3.12/site-packages/airflow/example_dags/example_dynamic_task_mapping.py took 0.068 seconds
[2025-07-01T05:39:52.507+0000] {processor.py:186} INFO - Started process (PID=28898) to work on /home/airflow/.local/lib/python3.12/site-packages/airflow/example_dags/example_dynamic_task_mapping.py
[2025-07-01T05:39:52.508+0000] {processor.py:914} INFO - Processing file /home/airflow/.local/lib/python3.12/site-packages/airflow/example_dags/example_dynamic_task_mapping.py for tasks to queue
[2025-07-01T05:39:52.511+0000] {logging_mixin.py:190} INFO - [2025-07-01T05:39:52.510+0000] {dagbag.py:588} INFO - Filling up the DagBag from /home/airflow/.local/lib/python3.12/site-packages/airflow/example_dags/example_dynamic_task_mapping.py
[2025-07-01T05:39:52.519+0000] {processor.py:925} INFO - DAG(s) 'example_dynamic_task_mapping' retrieved from /home/airflow/.local/lib/python3.12/site-packages/airflow/example_dags/example_dynamic_task_mapping.py
[2025-07-01T05:39:52.539+0000] {logging_mixin.py:190} INFO - [2025-07-01T05:39:52.539+0000] {dag.py:3239} INFO - Sync 1 DAGs
[2025-07-01T05:39:52.553+0000] {logging_mixin.py:190} INFO - [2025-07-01T05:39:52.553+0000] {dag.py:4180} INFO - Setting next_dagrun for example_dynamic_task_mapping to None, run_after=None
[2025-07-01T05:39:52.571+0000] {processor.py:208} INFO - Processing /home/airflow/.local/lib/python3.12/site-packages/airflow/example_dags/example_dynamic_task_mapping.py took 0.070 seconds
[2025-07-01T05:40:23.498+0000] {processor.py:186} INFO - Started process (PID=28960) to work on /home/airflow/.local/lib/python3.12/site-packages/airflow/example_dags/example_dynamic_task_mapping.py
[2025-07-01T05:40:23.499+0000] {processor.py:914} INFO - Processing file /home/airflow/.local/lib/python3.12/site-packages/airflow/example_dags/example_dynamic_task_mapping.py for tasks to queue
[2025-07-01T05:40:23.502+0000] {logging_mixin.py:190} INFO - [2025-07-01T05:40:23.501+0000] {dagbag.py:588} INFO - Filling up the DagBag from /home/airflow/.local/lib/python3.12/site-packages/airflow/example_dags/example_dynamic_task_mapping.py
[2025-07-01T05:40:23.511+0000] {processor.py:925} INFO - DAG(s) 'example_dynamic_task_mapping' retrieved from /home/airflow/.local/lib/python3.12/site-packages/airflow/example_dags/example_dynamic_task_mapping.py
[2025-07-01T05:40:23.532+0000] {logging_mixin.py:190} INFO - [2025-07-01T05:40:23.532+0000] {dag.py:3239} INFO - Sync 1 DAGs
[2025-07-01T05:40:23.547+0000] {logging_mixin.py:190} INFO - [2025-07-01T05:40:23.547+0000] {dag.py:4180} INFO - Setting next_dagrun for example_dynamic_task_mapping to None, run_after=None
[2025-07-01T05:40:23.564+0000] {processor.py:208} INFO - Processing /home/airflow/.local/lib/python3.12/site-packages/airflow/example_dags/example_dynamic_task_mapping.py took 0.075 seconds
[2025-07-01T05:40:54.541+0000] {processor.py:186} INFO - Started process (PID=29023) to work on /home/airflow/.local/lib/python3.12/site-packages/airflow/example_dags/example_dynamic_task_mapping.py
[2025-07-01T05:40:54.542+0000] {processor.py:914} INFO - Processing file /home/airflow/.local/lib/python3.12/site-packages/airflow/example_dags/example_dynamic_task_mapping.py for tasks to queue
[2025-07-01T05:40:54.545+0000] {logging_mixin.py:190} INFO - [2025-07-01T05:40:54.544+0000] {dagbag.py:588} INFO - Filling up the DagBag from /home/airflow/.local/lib/python3.12/site-packages/airflow/example_dags/example_dynamic_task_mapping.py
[2025-07-01T05:40:54.553+0000] {processor.py:925} INFO - DAG(s) 'example_dynamic_task_mapping' retrieved from /home/airflow/.local/lib/python3.12/site-packages/airflow/example_dags/example_dynamic_task_mapping.py
[2025-07-01T05:40:54.573+0000] {logging_mixin.py:190} INFO - [2025-07-01T05:40:54.573+0000] {dag.py:3239} INFO - Sync 1 DAGs
[2025-07-01T05:40:54.588+0000] {logging_mixin.py:190} INFO - [2025-07-01T05:40:54.588+0000] {dag.py:4180} INFO - Setting next_dagrun for example_dynamic_task_mapping to None, run_after=None
[2025-07-01T05:40:54.606+0000] {processor.py:208} INFO - Processing /home/airflow/.local/lib/python3.12/site-packages/airflow/example_dags/example_dynamic_task_mapping.py took 0.071 seconds
[2025-07-01T05:41:25.331+0000] {processor.py:186} INFO - Started process (PID=29085) to work on /home/airflow/.local/lib/python3.12/site-packages/airflow/example_dags/example_dynamic_task_mapping.py
[2025-07-01T05:41:25.332+0000] {processor.py:914} INFO - Processing file /home/airflow/.local/lib/python3.12/site-packages/airflow/example_dags/example_dynamic_task_mapping.py for tasks to queue
[2025-07-01T05:41:25.335+0000] {logging_mixin.py:190} INFO - [2025-07-01T05:41:25.334+0000] {dagbag.py:588} INFO - Filling up the DagBag from /home/airflow/.local/lib/python3.12/site-packages/airflow/example_dags/example_dynamic_task_mapping.py
[2025-07-01T05:41:25.343+0000] {processor.py:925} INFO - DAG(s) 'example_dynamic_task_mapping' retrieved from /home/airflow/.local/lib/python3.12/site-packages/airflow/example_dags/example_dynamic_task_mapping.py
[2025-07-01T05:41:25.364+0000] {logging_mixin.py:190} INFO - [2025-07-01T05:41:25.364+0000] {dag.py:3239} INFO - Sync 1 DAGs
[2025-07-01T05:41:25.378+0000] {logging_mixin.py:190} INFO - [2025-07-01T05:41:25.378+0000] {dag.py:4180} INFO - Setting next_dagrun for example_dynamic_task_mapping to None, run_after=None
[2025-07-01T05:41:25.395+0000] {processor.py:208} INFO - Processing /home/airflow/.local/lib/python3.12/site-packages/airflow/example_dags/example_dynamic_task_mapping.py took 0.070 seconds
[2025-07-01T05:41:56.265+0000] {processor.py:186} INFO - Started process (PID=29147) to work on /home/airflow/.local/lib/python3.12/site-packages/airflow/example_dags/example_dynamic_task_mapping.py
[2025-07-01T05:41:56.266+0000] {processor.py:914} INFO - Processing file /home/airflow/.local/lib/python3.12/site-packages/airflow/example_dags/example_dynamic_task_mapping.py for tasks to queue
[2025-07-01T05:41:56.269+0000] {logging_mixin.py:190} INFO - [2025-07-01T05:41:56.268+0000] {dagbag.py:588} INFO - Filling up the DagBag from /home/airflow/.local/lib/python3.12/site-packages/airflow/example_dags/example_dynamic_task_mapping.py
[2025-07-01T05:41:56.278+0000] {processor.py:925} INFO - DAG(s) 'example_dynamic_task_mapping' retrieved from /home/airflow/.local/lib/python3.12/site-packages/airflow/example_dags/example_dynamic_task_mapping.py
[2025-07-01T05:41:56.304+0000] {logging_mixin.py:190} INFO - [2025-07-01T05:41:56.303+0000] {dag.py:3239} INFO - Sync 1 DAGs
[2025-07-01T05:41:56.318+0000] {logging_mixin.py:190} INFO - [2025-07-01T05:41:56.318+0000] {dag.py:4180} INFO - Setting next_dagrun for example_dynamic_task_mapping to None, run_after=None
[2025-07-01T05:41:56.336+0000] {processor.py:208} INFO - Processing /home/airflow/.local/lib/python3.12/site-packages/airflow/example_dags/example_dynamic_task_mapping.py took 0.077 seconds
[2025-07-01T05:42:26.932+0000] {processor.py:186} INFO - Started process (PID=29209) to work on /home/airflow/.local/lib/python3.12/site-packages/airflow/example_dags/example_dynamic_task_mapping.py
[2025-07-01T05:42:26.933+0000] {processor.py:914} INFO - Processing file /home/airflow/.local/lib/python3.12/site-packages/airflow/example_dags/example_dynamic_task_mapping.py for tasks to queue
[2025-07-01T05:42:26.935+0000] {logging_mixin.py:190} INFO - [2025-07-01T05:42:26.935+0000] {dagbag.py:588} INFO - Filling up the DagBag from /home/airflow/.local/lib/python3.12/site-packages/airflow/example_dags/example_dynamic_task_mapping.py
[2025-07-01T05:42:26.944+0000] {processor.py:925} INFO - DAG(s) 'example_dynamic_task_mapping' retrieved from /home/airflow/.local/lib/python3.12/site-packages/airflow/example_dags/example_dynamic_task_mapping.py
[2025-07-01T05:42:26.964+0000] {logging_mixin.py:190} INFO - [2025-07-01T05:42:26.964+0000] {dag.py:3239} INFO - Sync 1 DAGs
[2025-07-01T05:42:26.979+0000] {logging_mixin.py:190} INFO - [2025-07-01T05:42:26.978+0000] {dag.py:4180} INFO - Setting next_dagrun for example_dynamic_task_mapping to None, run_after=None
[2025-07-01T05:42:26.995+0000] {processor.py:208} INFO - Processing /home/airflow/.local/lib/python3.12/site-packages/airflow/example_dags/example_dynamic_task_mapping.py took 0.069 seconds
[2025-07-01T05:42:57.803+0000] {processor.py:186} INFO - Started process (PID=29271) to work on /home/airflow/.local/lib/python3.12/site-packages/airflow/example_dags/example_dynamic_task_mapping.py
[2025-07-01T05:42:57.805+0000] {processor.py:914} INFO - Processing file /home/airflow/.local/lib/python3.12/site-packages/airflow/example_dags/example_dynamic_task_mapping.py for tasks to queue
[2025-07-01T05:42:57.809+0000] {logging_mixin.py:190} INFO - [2025-07-01T05:42:57.808+0000] {dagbag.py:588} INFO - Filling up the DagBag from /home/airflow/.local/lib/python3.12/site-packages/airflow/example_dags/example_dynamic_task_mapping.py
[2025-07-01T05:42:57.820+0000] {processor.py:925} INFO - DAG(s) 'example_dynamic_task_mapping' retrieved from /home/airflow/.local/lib/python3.12/site-packages/airflow/example_dags/example_dynamic_task_mapping.py
[2025-07-01T05:42:57.842+0000] {logging_mixin.py:190} INFO - [2025-07-01T05:42:57.842+0000] {dag.py:3239} INFO - Sync 1 DAGs
[2025-07-01T05:42:57.856+0000] {logging_mixin.py:190} INFO - [2025-07-01T05:42:57.856+0000] {dag.py:4180} INFO - Setting next_dagrun for example_dynamic_task_mapping to None, run_after=None
[2025-07-01T05:42:57.873+0000] {processor.py:208} INFO - Processing /home/airflow/.local/lib/python3.12/site-packages/airflow/example_dags/example_dynamic_task_mapping.py took 0.080 seconds
[2025-07-01T05:43:28.725+0000] {processor.py:186} INFO - Started process (PID=29333) to work on /home/airflow/.local/lib/python3.12/site-packages/airflow/example_dags/example_dynamic_task_mapping.py
[2025-07-01T05:43:28.726+0000] {processor.py:914} INFO - Processing file /home/airflow/.local/lib/python3.12/site-packages/airflow/example_dags/example_dynamic_task_mapping.py for tasks to queue
[2025-07-01T05:43:28.729+0000] {logging_mixin.py:190} INFO - [2025-07-01T05:43:28.728+0000] {dagbag.py:588} INFO - Filling up the DagBag from /home/airflow/.local/lib/python3.12/site-packages/airflow/example_dags/example_dynamic_task_mapping.py
[2025-07-01T05:43:28.738+0000] {processor.py:925} INFO - DAG(s) 'example_dynamic_task_mapping' retrieved from /home/airflow/.local/lib/python3.12/site-packages/airflow/example_dags/example_dynamic_task_mapping.py
[2025-07-01T05:43:28.760+0000] {logging_mixin.py:190} INFO - [2025-07-01T05:43:28.760+0000] {dag.py:3239} INFO - Sync 1 DAGs
[2025-07-01T05:43:28.775+0000] {logging_mixin.py:190} INFO - [2025-07-01T05:43:28.775+0000] {dag.py:4180} INFO - Setting next_dagrun for example_dynamic_task_mapping to None, run_after=None
[2025-07-01T05:43:28.795+0000] {processor.py:208} INFO - Processing /home/airflow/.local/lib/python3.12/site-packages/airflow/example_dags/example_dynamic_task_mapping.py took 0.078 seconds
[2025-07-01T05:43:59.558+0000] {processor.py:186} INFO - Started process (PID=29395) to work on /home/airflow/.local/lib/python3.12/site-packages/airflow/example_dags/example_dynamic_task_mapping.py
[2025-07-01T05:43:59.559+0000] {processor.py:914} INFO - Processing file /home/airflow/.local/lib/python3.12/site-packages/airflow/example_dags/example_dynamic_task_mapping.py for tasks to queue
[2025-07-01T05:43:59.561+0000] {logging_mixin.py:190} INFO - [2025-07-01T05:43:59.561+0000] {dagbag.py:588} INFO - Filling up the DagBag from /home/airflow/.local/lib/python3.12/site-packages/airflow/example_dags/example_dynamic_task_mapping.py
[2025-07-01T05:43:59.570+0000] {processor.py:925} INFO - DAG(s) 'example_dynamic_task_mapping' retrieved from /home/airflow/.local/lib/python3.12/site-packages/airflow/example_dags/example_dynamic_task_mapping.py
[2025-07-01T05:43:59.590+0000] {logging_mixin.py:190} INFO - [2025-07-01T05:43:59.590+0000] {dag.py:3239} INFO - Sync 1 DAGs
[2025-07-01T05:43:59.605+0000] {logging_mixin.py:190} INFO - [2025-07-01T05:43:59.604+0000] {dag.py:4180} INFO - Setting next_dagrun for example_dynamic_task_mapping to None, run_after=None
[2025-07-01T05:43:59.622+0000] {processor.py:208} INFO - Processing /home/airflow/.local/lib/python3.12/site-packages/airflow/example_dags/example_dynamic_task_mapping.py took 0.071 seconds
[2025-07-01T05:44:29.751+0000] {processor.py:186} INFO - Started process (PID=29457) to work on /home/airflow/.local/lib/python3.12/site-packages/airflow/example_dags/example_dynamic_task_mapping.py
[2025-07-01T05:44:29.752+0000] {processor.py:914} INFO - Processing file /home/airflow/.local/lib/python3.12/site-packages/airflow/example_dags/example_dynamic_task_mapping.py for tasks to queue
[2025-07-01T05:44:29.754+0000] {logging_mixin.py:190} INFO - [2025-07-01T05:44:29.754+0000] {dagbag.py:588} INFO - Filling up the DagBag from /home/airflow/.local/lib/python3.12/site-packages/airflow/example_dags/example_dynamic_task_mapping.py
[2025-07-01T05:44:29.763+0000] {processor.py:925} INFO - DAG(s) 'example_dynamic_task_mapping' retrieved from /home/airflow/.local/lib/python3.12/site-packages/airflow/example_dags/example_dynamic_task_mapping.py
[2025-07-01T05:44:29.782+0000] {logging_mixin.py:190} INFO - [2025-07-01T05:44:29.782+0000] {dag.py:3239} INFO - Sync 1 DAGs
[2025-07-01T05:44:29.795+0000] {logging_mixin.py:190} INFO - [2025-07-01T05:44:29.795+0000] {dag.py:4180} INFO - Setting next_dagrun for example_dynamic_task_mapping to None, run_after=None
[2025-07-01T05:44:29.811+0000] {processor.py:208} INFO - Processing /home/airflow/.local/lib/python3.12/site-packages/airflow/example_dags/example_dynamic_task_mapping.py took 0.067 seconds
[2025-07-01T05:45:00.774+0000] {processor.py:186} INFO - Started process (PID=29519) to work on /home/airflow/.local/lib/python3.12/site-packages/airflow/example_dags/example_dynamic_task_mapping.py
[2025-07-01T05:45:00.775+0000] {processor.py:914} INFO - Processing file /home/airflow/.local/lib/python3.12/site-packages/airflow/example_dags/example_dynamic_task_mapping.py for tasks to queue
[2025-07-01T05:45:00.777+0000] {logging_mixin.py:190} INFO - [2025-07-01T05:45:00.777+0000] {dagbag.py:588} INFO - Filling up the DagBag from /home/airflow/.local/lib/python3.12/site-packages/airflow/example_dags/example_dynamic_task_mapping.py
[2025-07-01T05:45:00.786+0000] {processor.py:925} INFO - DAG(s) 'example_dynamic_task_mapping' retrieved from /home/airflow/.local/lib/python3.12/site-packages/airflow/example_dags/example_dynamic_task_mapping.py
[2025-07-01T05:45:00.813+0000] {logging_mixin.py:190} INFO - [2025-07-01T05:45:00.813+0000] {dag.py:3239} INFO - Sync 1 DAGs
[2025-07-01T05:45:00.826+0000] {logging_mixin.py:190} INFO - [2025-07-01T05:45:00.826+0000] {dag.py:4180} INFO - Setting next_dagrun for example_dynamic_task_mapping to None, run_after=None
[2025-07-01T05:45:00.843+0000] {processor.py:208} INFO - Processing /home/airflow/.local/lib/python3.12/site-packages/airflow/example_dags/example_dynamic_task_mapping.py took 0.075 seconds
[2025-07-01T05:45:31.559+0000] {processor.py:186} INFO - Started process (PID=29581) to work on /home/airflow/.local/lib/python3.12/site-packages/airflow/example_dags/example_dynamic_task_mapping.py
[2025-07-01T05:45:31.560+0000] {processor.py:914} INFO - Processing file /home/airflow/.local/lib/python3.12/site-packages/airflow/example_dags/example_dynamic_task_mapping.py for tasks to queue
[2025-07-01T05:45:31.562+0000] {logging_mixin.py:190} INFO - [2025-07-01T05:45:31.562+0000] {dagbag.py:588} INFO - Filling up the DagBag from /home/airflow/.local/lib/python3.12/site-packages/airflow/example_dags/example_dynamic_task_mapping.py
[2025-07-01T05:45:31.570+0000] {processor.py:925} INFO - DAG(s) 'example_dynamic_task_mapping' retrieved from /home/airflow/.local/lib/python3.12/site-packages/airflow/example_dags/example_dynamic_task_mapping.py
[2025-07-01T05:45:31.589+0000] {logging_mixin.py:190} INFO - [2025-07-01T05:45:31.589+0000] {dag.py:3239} INFO - Sync 1 DAGs
[2025-07-01T05:45:31.602+0000] {logging_mixin.py:190} INFO - [2025-07-01T05:45:31.602+0000] {dag.py:4180} INFO - Setting next_dagrun for example_dynamic_task_mapping to None, run_after=None
[2025-07-01T05:45:31.621+0000] {processor.py:208} INFO - Processing /home/airflow/.local/lib/python3.12/site-packages/airflow/example_dags/example_dynamic_task_mapping.py took 0.068 seconds
[2025-07-01T05:46:02.345+0000] {processor.py:186} INFO - Started process (PID=29643) to work on /home/airflow/.local/lib/python3.12/site-packages/airflow/example_dags/example_dynamic_task_mapping.py
[2025-07-01T05:46:02.346+0000] {processor.py:914} INFO - Processing file /home/airflow/.local/lib/python3.12/site-packages/airflow/example_dags/example_dynamic_task_mapping.py for tasks to queue
[2025-07-01T05:46:02.348+0000] {logging_mixin.py:190} INFO - [2025-07-01T05:46:02.348+0000] {dagbag.py:588} INFO - Filling up the DagBag from /home/airflow/.local/lib/python3.12/site-packages/airflow/example_dags/example_dynamic_task_mapping.py
[2025-07-01T05:46:02.356+0000] {processor.py:925} INFO - DAG(s) 'example_dynamic_task_mapping' retrieved from /home/airflow/.local/lib/python3.12/site-packages/airflow/example_dags/example_dynamic_task_mapping.py
[2025-07-01T05:46:02.376+0000] {logging_mixin.py:190} INFO - [2025-07-01T05:46:02.375+0000] {dag.py:3239} INFO - Sync 1 DAGs
[2025-07-01T05:46:02.389+0000] {logging_mixin.py:190} INFO - [2025-07-01T05:46:02.389+0000] {dag.py:4180} INFO - Setting next_dagrun for example_dynamic_task_mapping to None, run_after=None
[2025-07-01T05:46:02.405+0000] {processor.py:208} INFO - Processing /home/airflow/.local/lib/python3.12/site-packages/airflow/example_dags/example_dynamic_task_mapping.py took 0.066 seconds
[2025-07-01T05:46:33.073+0000] {processor.py:186} INFO - Started process (PID=29705) to work on /home/airflow/.local/lib/python3.12/site-packages/airflow/example_dags/example_dynamic_task_mapping.py
[2025-07-01T05:46:33.074+0000] {processor.py:914} INFO - Processing file /home/airflow/.local/lib/python3.12/site-packages/airflow/example_dags/example_dynamic_task_mapping.py for tasks to queue
[2025-07-01T05:46:33.077+0000] {logging_mixin.py:190} INFO - [2025-07-01T05:46:33.076+0000] {dagbag.py:588} INFO - Filling up the DagBag from /home/airflow/.local/lib/python3.12/site-packages/airflow/example_dags/example_dynamic_task_mapping.py
[2025-07-01T05:46:33.085+0000] {processor.py:925} INFO - DAG(s) 'example_dynamic_task_mapping' retrieved from /home/airflow/.local/lib/python3.12/site-packages/airflow/example_dags/example_dynamic_task_mapping.py
[2025-07-01T05:46:33.106+0000] {logging_mixin.py:190} INFO - [2025-07-01T05:46:33.105+0000] {dag.py:3239} INFO - Sync 1 DAGs
[2025-07-01T05:46:33.120+0000] {logging_mixin.py:190} INFO - [2025-07-01T05:46:33.120+0000] {dag.py:4180} INFO - Setting next_dagrun for example_dynamic_task_mapping to None, run_after=None
[2025-07-01T05:46:33.137+0000] {processor.py:208} INFO - Processing /home/airflow/.local/lib/python3.12/site-packages/airflow/example_dags/example_dynamic_task_mapping.py took 0.071 seconds
[2025-07-01T05:47:03.806+0000] {processor.py:186} INFO - Started process (PID=29767) to work on /home/airflow/.local/lib/python3.12/site-packages/airflow/example_dags/example_dynamic_task_mapping.py
[2025-07-01T05:47:03.807+0000] {processor.py:914} INFO - Processing file /home/airflow/.local/lib/python3.12/site-packages/airflow/example_dags/example_dynamic_task_mapping.py for tasks to queue
[2025-07-01T05:47:03.810+0000] {logging_mixin.py:190} INFO - [2025-07-01T05:47:03.809+0000] {dagbag.py:588} INFO - Filling up the DagBag from /home/airflow/.local/lib/python3.12/site-packages/airflow/example_dags/example_dynamic_task_mapping.py
[2025-07-01T05:47:03.820+0000] {processor.py:925} INFO - DAG(s) 'example_dynamic_task_mapping' retrieved from /home/airflow/.local/lib/python3.12/site-packages/airflow/example_dags/example_dynamic_task_mapping.py
[2025-07-01T05:47:03.843+0000] {logging_mixin.py:190} INFO - [2025-07-01T05:47:03.842+0000] {dag.py:3239} INFO - Sync 1 DAGs
[2025-07-01T05:47:03.859+0000] {logging_mixin.py:190} INFO - [2025-07-01T05:47:03.859+0000] {dag.py:4180} INFO - Setting next_dagrun for example_dynamic_task_mapping to None, run_after=None
[2025-07-01T05:47:03.880+0000] {processor.py:208} INFO - Processing /home/airflow/.local/lib/python3.12/site-packages/airflow/example_dags/example_dynamic_task_mapping.py took 0.081 seconds
[2025-07-01T05:47:34.813+0000] {processor.py:186} INFO - Started process (PID=29835) to work on /home/airflow/.local/lib/python3.12/site-packages/airflow/example_dags/example_dynamic_task_mapping.py
[2025-07-01T05:47:34.814+0000] {processor.py:914} INFO - Processing file /home/airflow/.local/lib/python3.12/site-packages/airflow/example_dags/example_dynamic_task_mapping.py for tasks to queue
[2025-07-01T05:47:34.816+0000] {logging_mixin.py:190} INFO - [2025-07-01T05:47:34.816+0000] {dagbag.py:588} INFO - Filling up the DagBag from /home/airflow/.local/lib/python3.12/site-packages/airflow/example_dags/example_dynamic_task_mapping.py
[2025-07-01T05:47:34.826+0000] {processor.py:925} INFO - DAG(s) 'example_dynamic_task_mapping' retrieved from /home/airflow/.local/lib/python3.12/site-packages/airflow/example_dags/example_dynamic_task_mapping.py
[2025-07-01T05:47:34.846+0000] {logging_mixin.py:190} INFO - [2025-07-01T05:47:34.845+0000] {dag.py:3239} INFO - Sync 1 DAGs
[2025-07-01T05:47:34.859+0000] {logging_mixin.py:190} INFO - [2025-07-01T05:47:34.859+0000] {dag.py:4180} INFO - Setting next_dagrun for example_dynamic_task_mapping to None, run_after=None
[2025-07-01T05:47:34.876+0000] {processor.py:208} INFO - Processing /home/airflow/.local/lib/python3.12/site-packages/airflow/example_dags/example_dynamic_task_mapping.py took 0.069 seconds
[2025-07-01T05:48:05.335+0000] {processor.py:186} INFO - Started process (PID=29897) to work on /home/airflow/.local/lib/python3.12/site-packages/airflow/example_dags/example_dynamic_task_mapping.py
[2025-07-01T05:48:05.341+0000] {processor.py:914} INFO - Processing file /home/airflow/.local/lib/python3.12/site-packages/airflow/example_dags/example_dynamic_task_mapping.py for tasks to queue
[2025-07-01T05:48:05.343+0000] {logging_mixin.py:190} INFO - [2025-07-01T05:48:05.343+0000] {dagbag.py:588} INFO - Filling up the DagBag from /home/airflow/.local/lib/python3.12/site-packages/airflow/example_dags/example_dynamic_task_mapping.py
[2025-07-01T05:48:05.351+0000] {processor.py:925} INFO - DAG(s) 'example_dynamic_task_mapping' retrieved from /home/airflow/.local/lib/python3.12/site-packages/airflow/example_dags/example_dynamic_task_mapping.py
[2025-07-01T05:48:05.369+0000] {logging_mixin.py:190} INFO - [2025-07-01T05:48:05.369+0000] {dag.py:3239} INFO - Sync 1 DAGs
[2025-07-01T05:48:05.383+0000] {logging_mixin.py:190} INFO - [2025-07-01T05:48:05.383+0000] {dag.py:4180} INFO - Setting next_dagrun for example_dynamic_task_mapping to None, run_after=None
[2025-07-01T05:48:05.403+0000] {processor.py:208} INFO - Processing /home/airflow/.local/lib/python3.12/site-packages/airflow/example_dags/example_dynamic_task_mapping.py took 0.074 seconds
[2025-07-01T05:48:36.075+0000] {processor.py:186} INFO - Started process (PID=29959) to work on /home/airflow/.local/lib/python3.12/site-packages/airflow/example_dags/example_dynamic_task_mapping.py
[2025-07-01T05:48:36.076+0000] {processor.py:914} INFO - Processing file /home/airflow/.local/lib/python3.12/site-packages/airflow/example_dags/example_dynamic_task_mapping.py for tasks to queue
[2025-07-01T05:48:36.078+0000] {logging_mixin.py:190} INFO - [2025-07-01T05:48:36.078+0000] {dagbag.py:588} INFO - Filling up the DagBag from /home/airflow/.local/lib/python3.12/site-packages/airflow/example_dags/example_dynamic_task_mapping.py
[2025-07-01T05:48:36.088+0000] {processor.py:925} INFO - DAG(s) 'example_dynamic_task_mapping' retrieved from /home/airflow/.local/lib/python3.12/site-packages/airflow/example_dags/example_dynamic_task_mapping.py
[2025-07-01T05:48:36.111+0000] {logging_mixin.py:190} INFO - [2025-07-01T05:48:36.111+0000] {dag.py:3239} INFO - Sync 1 DAGs
[2025-07-01T05:48:36.127+0000] {logging_mixin.py:190} INFO - [2025-07-01T05:48:36.126+0000] {dag.py:4180} INFO - Setting next_dagrun for example_dynamic_task_mapping to None, run_after=None
[2025-07-01T05:48:36.144+0000] {processor.py:208} INFO - Processing /home/airflow/.local/lib/python3.12/site-packages/airflow/example_dags/example_dynamic_task_mapping.py took 0.076 seconds
[2025-07-01T05:49:06.801+0000] {processor.py:186} INFO - Started process (PID=30021) to work on /home/airflow/.local/lib/python3.12/site-packages/airflow/example_dags/example_dynamic_task_mapping.py
[2025-07-01T05:49:06.802+0000] {processor.py:914} INFO - Processing file /home/airflow/.local/lib/python3.12/site-packages/airflow/example_dags/example_dynamic_task_mapping.py for tasks to queue
[2025-07-01T05:49:06.806+0000] {logging_mixin.py:190} INFO - [2025-07-01T05:49:06.805+0000] {dagbag.py:588} INFO - Filling up the DagBag from /home/airflow/.local/lib/python3.12/site-packages/airflow/example_dags/example_dynamic_task_mapping.py
[2025-07-01T05:49:06.816+0000] {processor.py:925} INFO - DAG(s) 'example_dynamic_task_mapping' retrieved from /home/airflow/.local/lib/python3.12/site-packages/airflow/example_dags/example_dynamic_task_mapping.py
[2025-07-01T05:49:06.839+0000] {logging_mixin.py:190} INFO - [2025-07-01T05:49:06.838+0000] {dag.py:3239} INFO - Sync 1 DAGs
[2025-07-01T05:49:06.854+0000] {logging_mixin.py:190} INFO - [2025-07-01T05:49:06.854+0000] {dag.py:4180} INFO - Setting next_dagrun for example_dynamic_task_mapping to None, run_after=None
[2025-07-01T05:49:06.872+0000] {processor.py:208} INFO - Processing /home/airflow/.local/lib/python3.12/site-packages/airflow/example_dags/example_dynamic_task_mapping.py took 0.079 seconds
[2025-07-01T05:49:37.698+0000] {processor.py:186} INFO - Started process (PID=30083) to work on /home/airflow/.local/lib/python3.12/site-packages/airflow/example_dags/example_dynamic_task_mapping.py
[2025-07-01T05:49:37.699+0000] {processor.py:914} INFO - Processing file /home/airflow/.local/lib/python3.12/site-packages/airflow/example_dags/example_dynamic_task_mapping.py for tasks to queue
[2025-07-01T05:49:37.702+0000] {logging_mixin.py:190} INFO - [2025-07-01T05:49:37.701+0000] {dagbag.py:588} INFO - Filling up the DagBag from /home/airflow/.local/lib/python3.12/site-packages/airflow/example_dags/example_dynamic_task_mapping.py
[2025-07-01T05:49:37.710+0000] {processor.py:925} INFO - DAG(s) 'example_dynamic_task_mapping' retrieved from /home/airflow/.local/lib/python3.12/site-packages/airflow/example_dags/example_dynamic_task_mapping.py
[2025-07-01T05:49:37.729+0000] {logging_mixin.py:190} INFO - [2025-07-01T05:49:37.729+0000] {dag.py:3239} INFO - Sync 1 DAGs
[2025-07-01T05:49:37.743+0000] {logging_mixin.py:190} INFO - [2025-07-01T05:49:37.743+0000] {dag.py:4180} INFO - Setting next_dagrun for example_dynamic_task_mapping to None, run_after=None
[2025-07-01T05:49:37.761+0000] {processor.py:208} INFO - Processing /home/airflow/.local/lib/python3.12/site-packages/airflow/example_dags/example_dynamic_task_mapping.py took 0.070 seconds
[2025-07-01T05:50:08.467+0000] {processor.py:186} INFO - Started process (PID=30145) to work on /home/airflow/.local/lib/python3.12/site-packages/airflow/example_dags/example_dynamic_task_mapping.py
[2025-07-01T05:50:08.468+0000] {processor.py:914} INFO - Processing file /home/airflow/.local/lib/python3.12/site-packages/airflow/example_dags/example_dynamic_task_mapping.py for tasks to queue
[2025-07-01T05:50:08.471+0000] {logging_mixin.py:190} INFO - [2025-07-01T05:50:08.471+0000] {dagbag.py:588} INFO - Filling up the DagBag from /home/airflow/.local/lib/python3.12/site-packages/airflow/example_dags/example_dynamic_task_mapping.py
[2025-07-01T05:50:08.480+0000] {processor.py:925} INFO - DAG(s) 'example_dynamic_task_mapping' retrieved from /home/airflow/.local/lib/python3.12/site-packages/airflow/example_dags/example_dynamic_task_mapping.py
[2025-07-01T05:50:08.499+0000] {logging_mixin.py:190} INFO - [2025-07-01T05:50:08.498+0000] {dag.py:3239} INFO - Sync 1 DAGs
[2025-07-01T05:50:08.512+0000] {logging_mixin.py:190} INFO - [2025-07-01T05:50:08.512+0000] {dag.py:4180} INFO - Setting next_dagrun for example_dynamic_task_mapping to None, run_after=None
[2025-07-01T05:50:08.528+0000] {processor.py:208} INFO - Processing /home/airflow/.local/lib/python3.12/site-packages/airflow/example_dags/example_dynamic_task_mapping.py took 0.067 seconds
[2025-07-01T05:50:39.547+0000] {processor.py:186} INFO - Started process (PID=30208) to work on /home/airflow/.local/lib/python3.12/site-packages/airflow/example_dags/example_dynamic_task_mapping.py
[2025-07-01T05:50:39.548+0000] {processor.py:914} INFO - Processing file /home/airflow/.local/lib/python3.12/site-packages/airflow/example_dags/example_dynamic_task_mapping.py for tasks to queue
[2025-07-01T05:50:39.551+0000] {logging_mixin.py:190} INFO - [2025-07-01T05:50:39.550+0000] {dagbag.py:588} INFO - Filling up the DagBag from /home/airflow/.local/lib/python3.12/site-packages/airflow/example_dags/example_dynamic_task_mapping.py
[2025-07-01T05:50:39.559+0000] {processor.py:925} INFO - DAG(s) 'example_dynamic_task_mapping' retrieved from /home/airflow/.local/lib/python3.12/site-packages/airflow/example_dags/example_dynamic_task_mapping.py
[2025-07-01T05:50:39.578+0000] {logging_mixin.py:190} INFO - [2025-07-01T05:50:39.578+0000] {dag.py:3239} INFO - Sync 1 DAGs
[2025-07-01T05:50:39.593+0000] {logging_mixin.py:190} INFO - [2025-07-01T05:50:39.592+0000] {dag.py:4180} INFO - Setting next_dagrun for example_dynamic_task_mapping to None, run_after=None
[2025-07-01T05:50:39.610+0000] {processor.py:208} INFO - Processing /home/airflow/.local/lib/python3.12/site-packages/airflow/example_dags/example_dynamic_task_mapping.py took 0.069 seconds
[2025-07-01T05:51:10.361+0000] {processor.py:186} INFO - Started process (PID=30269) to work on /home/airflow/.local/lib/python3.12/site-packages/airflow/example_dags/example_dynamic_task_mapping.py
[2025-07-01T05:51:10.362+0000] {processor.py:914} INFO - Processing file /home/airflow/.local/lib/python3.12/site-packages/airflow/example_dags/example_dynamic_task_mapping.py for tasks to queue
[2025-07-01T05:51:10.365+0000] {logging_mixin.py:190} INFO - [2025-07-01T05:51:10.364+0000] {dagbag.py:588} INFO - Filling up the DagBag from /home/airflow/.local/lib/python3.12/site-packages/airflow/example_dags/example_dynamic_task_mapping.py
[2025-07-01T05:51:10.374+0000] {processor.py:925} INFO - DAG(s) 'example_dynamic_task_mapping' retrieved from /home/airflow/.local/lib/python3.12/site-packages/airflow/example_dags/example_dynamic_task_mapping.py
[2025-07-01T05:51:10.393+0000] {logging_mixin.py:190} INFO - [2025-07-01T05:51:10.393+0000] {dag.py:3239} INFO - Sync 1 DAGs
[2025-07-01T05:51:10.408+0000] {logging_mixin.py:190} INFO - [2025-07-01T05:51:10.407+0000] {dag.py:4180} INFO - Setting next_dagrun for example_dynamic_task_mapping to None, run_after=None
[2025-07-01T05:51:10.426+0000] {processor.py:208} INFO - Processing /home/airflow/.local/lib/python3.12/site-packages/airflow/example_dags/example_dynamic_task_mapping.py took 0.070 seconds
[2025-07-01T05:51:41.723+0000] {processor.py:186} INFO - Started process (PID=30331) to work on /home/airflow/.local/lib/python3.12/site-packages/airflow/example_dags/example_dynamic_task_mapping.py
[2025-07-01T05:51:41.724+0000] {processor.py:914} INFO - Processing file /home/airflow/.local/lib/python3.12/site-packages/airflow/example_dags/example_dynamic_task_mapping.py for tasks to queue
[2025-07-01T05:51:41.727+0000] {logging_mixin.py:190} INFO - [2025-07-01T05:51:41.726+0000] {dagbag.py:588} INFO - Filling up the DagBag from /home/airflow/.local/lib/python3.12/site-packages/airflow/example_dags/example_dynamic_task_mapping.py
[2025-07-01T05:51:41.737+0000] {processor.py:925} INFO - DAG(s) 'example_dynamic_task_mapping' retrieved from /home/airflow/.local/lib/python3.12/site-packages/airflow/example_dags/example_dynamic_task_mapping.py
[2025-07-01T05:51:41.759+0000] {logging_mixin.py:190} INFO - [2025-07-01T05:51:41.758+0000] {dag.py:3239} INFO - Sync 1 DAGs
[2025-07-01T05:51:41.773+0000] {logging_mixin.py:190} INFO - [2025-07-01T05:51:41.773+0000] {dag.py:4180} INFO - Setting next_dagrun for example_dynamic_task_mapping to None, run_after=None
[2025-07-01T05:51:41.792+0000] {processor.py:208} INFO - Processing /home/airflow/.local/lib/python3.12/site-packages/airflow/example_dags/example_dynamic_task_mapping.py took 0.081 seconds
[2025-07-01T05:52:12.918+0000] {processor.py:186} INFO - Started process (PID=30394) to work on /home/airflow/.local/lib/python3.12/site-packages/airflow/example_dags/example_dynamic_task_mapping.py
[2025-07-01T05:52:12.919+0000] {processor.py:914} INFO - Processing file /home/airflow/.local/lib/python3.12/site-packages/airflow/example_dags/example_dynamic_task_mapping.py for tasks to queue
[2025-07-01T05:52:12.922+0000] {logging_mixin.py:190} INFO - [2025-07-01T05:52:12.921+0000] {dagbag.py:588} INFO - Filling up the DagBag from /home/airflow/.local/lib/python3.12/site-packages/airflow/example_dags/example_dynamic_task_mapping.py
[2025-07-01T05:52:12.930+0000] {processor.py:925} INFO - DAG(s) 'example_dynamic_task_mapping' retrieved from /home/airflow/.local/lib/python3.12/site-packages/airflow/example_dags/example_dynamic_task_mapping.py
[2025-07-01T05:52:12.950+0000] {logging_mixin.py:190} INFO - [2025-07-01T05:52:12.950+0000] {dag.py:3239} INFO - Sync 1 DAGs
[2025-07-01T05:52:12.966+0000] {logging_mixin.py:190} INFO - [2025-07-01T05:52:12.966+0000] {dag.py:4180} INFO - Setting next_dagrun for example_dynamic_task_mapping to None, run_after=None
[2025-07-01T05:52:12.984+0000] {processor.py:208} INFO - Processing /home/airflow/.local/lib/python3.12/site-packages/airflow/example_dags/example_dynamic_task_mapping.py took 0.072 seconds
[2025-07-01T05:52:44.011+0000] {processor.py:186} INFO - Started process (PID=30456) to work on /home/airflow/.local/lib/python3.12/site-packages/airflow/example_dags/example_dynamic_task_mapping.py
[2025-07-01T05:52:44.013+0000] {processor.py:914} INFO - Processing file /home/airflow/.local/lib/python3.12/site-packages/airflow/example_dags/example_dynamic_task_mapping.py for tasks to queue
[2025-07-01T05:52:44.015+0000] {logging_mixin.py:190} INFO - [2025-07-01T05:52:44.015+0000] {dagbag.py:588} INFO - Filling up the DagBag from /home/airflow/.local/lib/python3.12/site-packages/airflow/example_dags/example_dynamic_task_mapping.py
[2025-07-01T05:52:44.023+0000] {processor.py:925} INFO - DAG(s) 'example_dynamic_task_mapping' retrieved from /home/airflow/.local/lib/python3.12/site-packages/airflow/example_dags/example_dynamic_task_mapping.py
[2025-07-01T05:52:44.043+0000] {logging_mixin.py:190} INFO - [2025-07-01T05:52:44.043+0000] {dag.py:3239} INFO - Sync 1 DAGs
[2025-07-01T05:52:44.056+0000] {logging_mixin.py:190} INFO - [2025-07-01T05:52:44.056+0000] {dag.py:4180} INFO - Setting next_dagrun for example_dynamic_task_mapping to None, run_after=None
[2025-07-01T05:52:44.073+0000] {processor.py:208} INFO - Processing /home/airflow/.local/lib/python3.12/site-packages/airflow/example_dags/example_dynamic_task_mapping.py took 0.068 seconds
[2025-07-01T05:53:15.375+0000] {processor.py:186} INFO - Started process (PID=30523) to work on /home/airflow/.local/lib/python3.12/site-packages/airflow/example_dags/example_dynamic_task_mapping.py
[2025-07-01T05:53:15.376+0000] {processor.py:914} INFO - Processing file /home/airflow/.local/lib/python3.12/site-packages/airflow/example_dags/example_dynamic_task_mapping.py for tasks to queue
[2025-07-01T05:53:15.378+0000] {logging_mixin.py:190} INFO - [2025-07-01T05:53:15.378+0000] {dagbag.py:588} INFO - Filling up the DagBag from /home/airflow/.local/lib/python3.12/site-packages/airflow/example_dags/example_dynamic_task_mapping.py
[2025-07-01T05:53:15.387+0000] {processor.py:925} INFO - DAG(s) 'example_dynamic_task_mapping' retrieved from /home/airflow/.local/lib/python3.12/site-packages/airflow/example_dags/example_dynamic_task_mapping.py
[2025-07-01T05:53:15.406+0000] {logging_mixin.py:190} INFO - [2025-07-01T05:53:15.406+0000] {dag.py:3239} INFO - Sync 1 DAGs
[2025-07-01T05:53:15.421+0000] {logging_mixin.py:190} INFO - [2025-07-01T05:53:15.421+0000] {dag.py:4180} INFO - Setting next_dagrun for example_dynamic_task_mapping to None, run_after=None
[2025-07-01T05:53:15.440+0000] {processor.py:208} INFO - Processing /home/airflow/.local/lib/python3.12/site-packages/airflow/example_dags/example_dynamic_task_mapping.py took 0.071 seconds
[2025-07-01T05:53:46.514+0000] {processor.py:186} INFO - Started process (PID=30588) to work on /home/airflow/.local/lib/python3.12/site-packages/airflow/example_dags/example_dynamic_task_mapping.py
[2025-07-01T05:53:46.515+0000] {processor.py:914} INFO - Processing file /home/airflow/.local/lib/python3.12/site-packages/airflow/example_dags/example_dynamic_task_mapping.py for tasks to queue
[2025-07-01T05:53:46.518+0000] {logging_mixin.py:190} INFO - [2025-07-01T05:53:46.517+0000] {dagbag.py:588} INFO - Filling up the DagBag from /home/airflow/.local/lib/python3.12/site-packages/airflow/example_dags/example_dynamic_task_mapping.py
[2025-07-01T05:53:46.527+0000] {processor.py:925} INFO - DAG(s) 'example_dynamic_task_mapping' retrieved from /home/airflow/.local/lib/python3.12/site-packages/airflow/example_dags/example_dynamic_task_mapping.py
[2025-07-01T05:53:46.546+0000] {logging_mixin.py:190} INFO - [2025-07-01T05:53:46.546+0000] {dag.py:3239} INFO - Sync 1 DAGs
[2025-07-01T05:53:46.562+0000] {logging_mixin.py:190} INFO - [2025-07-01T05:53:46.561+0000] {dag.py:4180} INFO - Setting next_dagrun for example_dynamic_task_mapping to None, run_after=None
[2025-07-01T05:53:46.581+0000] {processor.py:208} INFO - Processing /home/airflow/.local/lib/python3.12/site-packages/airflow/example_dags/example_dynamic_task_mapping.py took 0.073 seconds
[2025-07-01T05:54:17.254+0000] {processor.py:186} INFO - Started process (PID=30650) to work on /home/airflow/.local/lib/python3.12/site-packages/airflow/example_dags/example_dynamic_task_mapping.py
[2025-07-01T05:54:17.256+0000] {processor.py:914} INFO - Processing file /home/airflow/.local/lib/python3.12/site-packages/airflow/example_dags/example_dynamic_task_mapping.py for tasks to queue
[2025-07-01T05:54:17.260+0000] {logging_mixin.py:190} INFO - [2025-07-01T05:54:17.259+0000] {dagbag.py:588} INFO - Filling up the DagBag from /home/airflow/.local/lib/python3.12/site-packages/airflow/example_dags/example_dynamic_task_mapping.py
[2025-07-01T05:54:17.275+0000] {processor.py:925} INFO - DAG(s) 'example_dynamic_task_mapping' retrieved from /home/airflow/.local/lib/python3.12/site-packages/airflow/example_dags/example_dynamic_task_mapping.py
[2025-07-01T05:54:17.297+0000] {logging_mixin.py:190} INFO - [2025-07-01T05:54:17.297+0000] {dag.py:3239} INFO - Sync 1 DAGs
[2025-07-01T05:54:17.313+0000] {logging_mixin.py:190} INFO - [2025-07-01T05:54:17.312+0000] {dag.py:4180} INFO - Setting next_dagrun for example_dynamic_task_mapping to None, run_after=None
[2025-07-01T05:54:17.328+0000] {processor.py:208} INFO - Processing /home/airflow/.local/lib/python3.12/site-packages/airflow/example_dags/example_dynamic_task_mapping.py took 0.081 seconds
[2025-07-01T05:54:47.949+0000] {processor.py:186} INFO - Started process (PID=30713) to work on /home/airflow/.local/lib/python3.12/site-packages/airflow/example_dags/example_dynamic_task_mapping.py
[2025-07-01T05:54:47.950+0000] {processor.py:914} INFO - Processing file /home/airflow/.local/lib/python3.12/site-packages/airflow/example_dags/example_dynamic_task_mapping.py for tasks to queue
[2025-07-01T05:54:47.952+0000] {logging_mixin.py:190} INFO - [2025-07-01T05:54:47.952+0000] {dagbag.py:588} INFO - Filling up the DagBag from /home/airflow/.local/lib/python3.12/site-packages/airflow/example_dags/example_dynamic_task_mapping.py
[2025-07-01T05:54:47.960+0000] {processor.py:925} INFO - DAG(s) 'example_dynamic_task_mapping' retrieved from /home/airflow/.local/lib/python3.12/site-packages/airflow/example_dags/example_dynamic_task_mapping.py
[2025-07-01T05:54:47.980+0000] {logging_mixin.py:190} INFO - [2025-07-01T05:54:47.980+0000] {dag.py:3239} INFO - Sync 1 DAGs
[2025-07-01T05:54:47.994+0000] {logging_mixin.py:190} INFO - [2025-07-01T05:54:47.993+0000] {dag.py:4180} INFO - Setting next_dagrun for example_dynamic_task_mapping to None, run_after=None
[2025-07-01T05:54:48.010+0000] {processor.py:208} INFO - Processing /home/airflow/.local/lib/python3.12/site-packages/airflow/example_dags/example_dynamic_task_mapping.py took 0.067 seconds
[2025-07-01T05:55:18.604+0000] {processor.py:186} INFO - Started process (PID=30775) to work on /home/airflow/.local/lib/python3.12/site-packages/airflow/example_dags/example_dynamic_task_mapping.py
[2025-07-01T05:55:18.605+0000] {processor.py:914} INFO - Processing file /home/airflow/.local/lib/python3.12/site-packages/airflow/example_dags/example_dynamic_task_mapping.py for tasks to queue
[2025-07-01T05:55:18.608+0000] {logging_mixin.py:190} INFO - [2025-07-01T05:55:18.607+0000] {dagbag.py:588} INFO - Filling up the DagBag from /home/airflow/.local/lib/python3.12/site-packages/airflow/example_dags/example_dynamic_task_mapping.py
[2025-07-01T05:55:18.616+0000] {processor.py:925} INFO - DAG(s) 'example_dynamic_task_mapping' retrieved from /home/airflow/.local/lib/python3.12/site-packages/airflow/example_dags/example_dynamic_task_mapping.py
[2025-07-01T05:55:18.635+0000] {logging_mixin.py:190} INFO - [2025-07-01T05:55:18.635+0000] {dag.py:3239} INFO - Sync 1 DAGs
[2025-07-01T05:55:18.648+0000] {logging_mixin.py:190} INFO - [2025-07-01T05:55:18.648+0000] {dag.py:4180} INFO - Setting next_dagrun for example_dynamic_task_mapping to None, run_after=None
[2025-07-01T05:55:18.665+0000] {processor.py:208} INFO - Processing /home/airflow/.local/lib/python3.12/site-packages/airflow/example_dags/example_dynamic_task_mapping.py took 0.067 seconds
[2025-07-01T05:55:49.462+0000] {processor.py:186} INFO - Started process (PID=30842) to work on /home/airflow/.local/lib/python3.12/site-packages/airflow/example_dags/example_dynamic_task_mapping.py
[2025-07-01T05:55:49.463+0000] {processor.py:914} INFO - Processing file /home/airflow/.local/lib/python3.12/site-packages/airflow/example_dags/example_dynamic_task_mapping.py for tasks to queue
[2025-07-01T05:55:49.466+0000] {logging_mixin.py:190} INFO - [2025-07-01T05:55:49.465+0000] {dagbag.py:588} INFO - Filling up the DagBag from /home/airflow/.local/lib/python3.12/site-packages/airflow/example_dags/example_dynamic_task_mapping.py
[2025-07-01T05:55:49.474+0000] {processor.py:925} INFO - DAG(s) 'example_dynamic_task_mapping' retrieved from /home/airflow/.local/lib/python3.12/site-packages/airflow/example_dags/example_dynamic_task_mapping.py
[2025-07-01T05:55:49.493+0000] {logging_mixin.py:190} INFO - [2025-07-01T05:55:49.493+0000] {dag.py:3239} INFO - Sync 1 DAGs
[2025-07-01T05:55:49.507+0000] {logging_mixin.py:190} INFO - [2025-07-01T05:55:49.506+0000] {dag.py:4180} INFO - Setting next_dagrun for example_dynamic_task_mapping to None, run_after=None
[2025-07-01T05:55:49.524+0000] {processor.py:208} INFO - Processing /home/airflow/.local/lib/python3.12/site-packages/airflow/example_dags/example_dynamic_task_mapping.py took 0.067 seconds
[2025-07-01T05:56:20.103+0000] {processor.py:186} INFO - Started process (PID=30904) to work on /home/airflow/.local/lib/python3.12/site-packages/airflow/example_dags/example_dynamic_task_mapping.py
[2025-07-01T05:56:20.104+0000] {processor.py:914} INFO - Processing file /home/airflow/.local/lib/python3.12/site-packages/airflow/example_dags/example_dynamic_task_mapping.py for tasks to queue
[2025-07-01T05:56:20.106+0000] {logging_mixin.py:190} INFO - [2025-07-01T05:56:20.106+0000] {dagbag.py:588} INFO - Filling up the DagBag from /home/airflow/.local/lib/python3.12/site-packages/airflow/example_dags/example_dynamic_task_mapping.py
[2025-07-01T05:56:20.115+0000] {processor.py:925} INFO - DAG(s) 'example_dynamic_task_mapping' retrieved from /home/airflow/.local/lib/python3.12/site-packages/airflow/example_dags/example_dynamic_task_mapping.py
[2025-07-01T05:56:20.135+0000] {logging_mixin.py:190} INFO - [2025-07-01T05:56:20.135+0000] {dag.py:3239} INFO - Sync 1 DAGs
[2025-07-01T05:56:20.149+0000] {logging_mixin.py:190} INFO - [2025-07-01T05:56:20.149+0000] {dag.py:4180} INFO - Setting next_dagrun for example_dynamic_task_mapping to None, run_after=None
[2025-07-01T05:56:20.165+0000] {processor.py:208} INFO - Processing /home/airflow/.local/lib/python3.12/site-packages/airflow/example_dags/example_dynamic_task_mapping.py took 0.069 seconds
[2025-07-01T05:56:51.531+0000] {processor.py:186} INFO - Started process (PID=30966) to work on /home/airflow/.local/lib/python3.12/site-packages/airflow/example_dags/example_dynamic_task_mapping.py
[2025-07-01T05:56:51.532+0000] {processor.py:914} INFO - Processing file /home/airflow/.local/lib/python3.12/site-packages/airflow/example_dags/example_dynamic_task_mapping.py for tasks to queue
[2025-07-01T05:56:51.535+0000] {logging_mixin.py:190} INFO - [2025-07-01T05:56:51.535+0000] {dagbag.py:588} INFO - Filling up the DagBag from /home/airflow/.local/lib/python3.12/site-packages/airflow/example_dags/example_dynamic_task_mapping.py
[2025-07-01T05:56:51.544+0000] {processor.py:925} INFO - DAG(s) 'example_dynamic_task_mapping' retrieved from /home/airflow/.local/lib/python3.12/site-packages/airflow/example_dags/example_dynamic_task_mapping.py
[2025-07-01T05:56:51.564+0000] {logging_mixin.py:190} INFO - [2025-07-01T05:56:51.564+0000] {dag.py:3239} INFO - Sync 1 DAGs
[2025-07-01T05:56:51.578+0000] {logging_mixin.py:190} INFO - [2025-07-01T05:56:51.578+0000] {dag.py:4180} INFO - Setting next_dagrun for example_dynamic_task_mapping to None, run_after=None
[2025-07-01T05:56:51.596+0000] {processor.py:208} INFO - Processing /home/airflow/.local/lib/python3.12/site-packages/airflow/example_dags/example_dynamic_task_mapping.py took 0.070 seconds
[2025-07-01T05:57:22.479+0000] {processor.py:186} INFO - Started process (PID=31028) to work on /home/airflow/.local/lib/python3.12/site-packages/airflow/example_dags/example_dynamic_task_mapping.py
[2025-07-01T05:57:22.480+0000] {processor.py:914} INFO - Processing file /home/airflow/.local/lib/python3.12/site-packages/airflow/example_dags/example_dynamic_task_mapping.py for tasks to queue
[2025-07-01T05:57:22.483+0000] {logging_mixin.py:190} INFO - [2025-07-01T05:57:22.482+0000] {dagbag.py:588} INFO - Filling up the DagBag from /home/airflow/.local/lib/python3.12/site-packages/airflow/example_dags/example_dynamic_task_mapping.py
[2025-07-01T05:57:22.491+0000] {processor.py:925} INFO - DAG(s) 'example_dynamic_task_mapping' retrieved from /home/airflow/.local/lib/python3.12/site-packages/airflow/example_dags/example_dynamic_task_mapping.py
[2025-07-01T05:57:22.510+0000] {logging_mixin.py:190} INFO - [2025-07-01T05:57:22.510+0000] {dag.py:3239} INFO - Sync 1 DAGs
[2025-07-01T05:57:22.524+0000] {logging_mixin.py:190} INFO - [2025-07-01T05:57:22.524+0000] {dag.py:4180} INFO - Setting next_dagrun for example_dynamic_task_mapping to None, run_after=None
[2025-07-01T05:57:22.542+0000] {processor.py:208} INFO - Processing /home/airflow/.local/lib/python3.12/site-packages/airflow/example_dags/example_dynamic_task_mapping.py took 0.068 seconds
[2025-07-01T05:57:52.799+0000] {processor.py:186} INFO - Started process (PID=31090) to work on /home/airflow/.local/lib/python3.12/site-packages/airflow/example_dags/example_dynamic_task_mapping.py
[2025-07-01T05:57:52.800+0000] {processor.py:914} INFO - Processing file /home/airflow/.local/lib/python3.12/site-packages/airflow/example_dags/example_dynamic_task_mapping.py for tasks to queue
[2025-07-01T05:57:52.802+0000] {logging_mixin.py:190} INFO - [2025-07-01T05:57:52.802+0000] {dagbag.py:588} INFO - Filling up the DagBag from /home/airflow/.local/lib/python3.12/site-packages/airflow/example_dags/example_dynamic_task_mapping.py
[2025-07-01T05:57:52.811+0000] {processor.py:925} INFO - DAG(s) 'example_dynamic_task_mapping' retrieved from /home/airflow/.local/lib/python3.12/site-packages/airflow/example_dags/example_dynamic_task_mapping.py
[2025-07-01T05:57:52.831+0000] {logging_mixin.py:190} INFO - [2025-07-01T05:57:52.831+0000] {dag.py:3239} INFO - Sync 1 DAGs
[2025-07-01T05:57:52.846+0000] {logging_mixin.py:190} INFO - [2025-07-01T05:57:52.846+0000] {dag.py:4180} INFO - Setting next_dagrun for example_dynamic_task_mapping to None, run_after=None
[2025-07-01T05:57:52.863+0000] {processor.py:208} INFO - Processing /home/airflow/.local/lib/python3.12/site-packages/airflow/example_dags/example_dynamic_task_mapping.py took 0.071 seconds
[2025-07-01T05:58:23.299+0000] {processor.py:186} INFO - Started process (PID=31152) to work on /home/airflow/.local/lib/python3.12/site-packages/airflow/example_dags/example_dynamic_task_mapping.py
[2025-07-01T05:58:23.300+0000] {processor.py:914} INFO - Processing file /home/airflow/.local/lib/python3.12/site-packages/airflow/example_dags/example_dynamic_task_mapping.py for tasks to queue
[2025-07-01T05:58:23.303+0000] {logging_mixin.py:190} INFO - [2025-07-01T05:58:23.302+0000] {dagbag.py:588} INFO - Filling up the DagBag from /home/airflow/.local/lib/python3.12/site-packages/airflow/example_dags/example_dynamic_task_mapping.py
[2025-07-01T05:58:23.311+0000] {processor.py:925} INFO - DAG(s) 'example_dynamic_task_mapping' retrieved from /home/airflow/.local/lib/python3.12/site-packages/airflow/example_dags/example_dynamic_task_mapping.py
[2025-07-01T05:58:23.331+0000] {logging_mixin.py:190} INFO - [2025-07-01T05:58:23.331+0000] {dag.py:3239} INFO - Sync 1 DAGs
[2025-07-01T05:58:23.346+0000] {logging_mixin.py:190} INFO - [2025-07-01T05:58:23.346+0000] {dag.py:4180} INFO - Setting next_dagrun for example_dynamic_task_mapping to None, run_after=None
[2025-07-01T05:58:23.363+0000] {processor.py:208} INFO - Processing /home/airflow/.local/lib/python3.12/site-packages/airflow/example_dags/example_dynamic_task_mapping.py took 0.070 seconds
[2025-07-01T05:58:54.033+0000] {processor.py:186} INFO - Started process (PID=31214) to work on /home/airflow/.local/lib/python3.12/site-packages/airflow/example_dags/example_dynamic_task_mapping.py
[2025-07-01T05:58:54.034+0000] {processor.py:914} INFO - Processing file /home/airflow/.local/lib/python3.12/site-packages/airflow/example_dags/example_dynamic_task_mapping.py for tasks to queue
[2025-07-01T05:58:54.036+0000] {logging_mixin.py:190} INFO - [2025-07-01T05:58:54.036+0000] {dagbag.py:588} INFO - Filling up the DagBag from /home/airflow/.local/lib/python3.12/site-packages/airflow/example_dags/example_dynamic_task_mapping.py
[2025-07-01T05:58:54.044+0000] {processor.py:925} INFO - DAG(s) 'example_dynamic_task_mapping' retrieved from /home/airflow/.local/lib/python3.12/site-packages/airflow/example_dags/example_dynamic_task_mapping.py
[2025-07-01T05:58:54.062+0000] {logging_mixin.py:190} INFO - [2025-07-01T05:58:54.062+0000] {dag.py:3239} INFO - Sync 1 DAGs
[2025-07-01T05:58:54.076+0000] {logging_mixin.py:190} INFO - [2025-07-01T05:58:54.076+0000] {dag.py:4180} INFO - Setting next_dagrun for example_dynamic_task_mapping to None, run_after=None
[2025-07-01T05:58:54.093+0000] {processor.py:208} INFO - Processing /home/airflow/.local/lib/python3.12/site-packages/airflow/example_dags/example_dynamic_task_mapping.py took 0.065 seconds
[2025-07-01T05:59:24.438+0000] {processor.py:186} INFO - Started process (PID=31276) to work on /home/airflow/.local/lib/python3.12/site-packages/airflow/example_dags/example_dynamic_task_mapping.py
[2025-07-01T05:59:24.439+0000] {processor.py:914} INFO - Processing file /home/airflow/.local/lib/python3.12/site-packages/airflow/example_dags/example_dynamic_task_mapping.py for tasks to queue
[2025-07-01T05:59:24.442+0000] {logging_mixin.py:190} INFO - [2025-07-01T05:59:24.441+0000] {dagbag.py:588} INFO - Filling up the DagBag from /home/airflow/.local/lib/python3.12/site-packages/airflow/example_dags/example_dynamic_task_mapping.py
[2025-07-01T05:59:24.451+0000] {processor.py:925} INFO - DAG(s) 'example_dynamic_task_mapping' retrieved from /home/airflow/.local/lib/python3.12/site-packages/airflow/example_dags/example_dynamic_task_mapping.py
[2025-07-01T05:59:24.472+0000] {logging_mixin.py:190} INFO - [2025-07-01T05:59:24.472+0000] {dag.py:3239} INFO - Sync 1 DAGs
[2025-07-01T05:59:24.487+0000] {logging_mixin.py:190} INFO - [2025-07-01T05:59:24.487+0000] {dag.py:4180} INFO - Setting next_dagrun for example_dynamic_task_mapping to None, run_after=None
[2025-07-01T05:59:24.504+0000] {processor.py:208} INFO - Processing /home/airflow/.local/lib/python3.12/site-packages/airflow/example_dags/example_dynamic_task_mapping.py took 0.072 seconds
[2025-07-01T05:59:54.995+0000] {processor.py:186} INFO - Started process (PID=31338) to work on /home/airflow/.local/lib/python3.12/site-packages/airflow/example_dags/example_dynamic_task_mapping.py
[2025-07-01T05:59:54.996+0000] {processor.py:914} INFO - Processing file /home/airflow/.local/lib/python3.12/site-packages/airflow/example_dags/example_dynamic_task_mapping.py for tasks to queue
[2025-07-01T05:59:54.999+0000] {logging_mixin.py:190} INFO - [2025-07-01T05:59:54.998+0000] {dagbag.py:588} INFO - Filling up the DagBag from /home/airflow/.local/lib/python3.12/site-packages/airflow/example_dags/example_dynamic_task_mapping.py
[2025-07-01T05:59:55.007+0000] {processor.py:925} INFO - DAG(s) 'example_dynamic_task_mapping' retrieved from /home/airflow/.local/lib/python3.12/site-packages/airflow/example_dags/example_dynamic_task_mapping.py
[2025-07-01T05:59:55.027+0000] {logging_mixin.py:190} INFO - [2025-07-01T05:59:55.026+0000] {dag.py:3239} INFO - Sync 1 DAGs
[2025-07-01T05:59:55.041+0000] {logging_mixin.py:190} INFO - [2025-07-01T05:59:55.041+0000] {dag.py:4180} INFO - Setting next_dagrun for example_dynamic_task_mapping to None, run_after=None
[2025-07-01T05:59:55.058+0000] {processor.py:208} INFO - Processing /home/airflow/.local/lib/python3.12/site-packages/airflow/example_dags/example_dynamic_task_mapping.py took 0.069 seconds
[2025-07-01T06:00:25.311+0000] {processor.py:186} INFO - Started process (PID=31400) to work on /home/airflow/.local/lib/python3.12/site-packages/airflow/example_dags/example_dynamic_task_mapping.py
[2025-07-01T06:00:25.312+0000] {processor.py:914} INFO - Processing file /home/airflow/.local/lib/python3.12/site-packages/airflow/example_dags/example_dynamic_task_mapping.py for tasks to queue
[2025-07-01T06:00:25.314+0000] {logging_mixin.py:190} INFO - [2025-07-01T06:00:25.314+0000] {dagbag.py:588} INFO - Filling up the DagBag from /home/airflow/.local/lib/python3.12/site-packages/airflow/example_dags/example_dynamic_task_mapping.py
[2025-07-01T06:00:25.323+0000] {processor.py:925} INFO - DAG(s) 'example_dynamic_task_mapping' retrieved from /home/airflow/.local/lib/python3.12/site-packages/airflow/example_dags/example_dynamic_task_mapping.py
[2025-07-01T06:00:25.343+0000] {logging_mixin.py:190} INFO - [2025-07-01T06:00:25.342+0000] {dag.py:3239} INFO - Sync 1 DAGs
[2025-07-01T06:00:25.356+0000] {logging_mixin.py:190} INFO - [2025-07-01T06:00:25.356+0000] {dag.py:4180} INFO - Setting next_dagrun for example_dynamic_task_mapping to None, run_after=None
[2025-07-01T06:00:25.373+0000] {processor.py:208} INFO - Processing /home/airflow/.local/lib/python3.12/site-packages/airflow/example_dags/example_dynamic_task_mapping.py took 0.069 seconds
[2025-07-01T06:00:55.581+0000] {processor.py:186} INFO - Started process (PID=31462) to work on /home/airflow/.local/lib/python3.12/site-packages/airflow/example_dags/example_dynamic_task_mapping.py
[2025-07-01T06:00:55.582+0000] {processor.py:914} INFO - Processing file /home/airflow/.local/lib/python3.12/site-packages/airflow/example_dags/example_dynamic_task_mapping.py for tasks to queue
[2025-07-01T06:00:55.584+0000] {logging_mixin.py:190} INFO - [2025-07-01T06:00:55.584+0000] {dagbag.py:588} INFO - Filling up the DagBag from /home/airflow/.local/lib/python3.12/site-packages/airflow/example_dags/example_dynamic_task_mapping.py
[2025-07-01T06:00:55.593+0000] {processor.py:925} INFO - DAG(s) 'example_dynamic_task_mapping' retrieved from /home/airflow/.local/lib/python3.12/site-packages/airflow/example_dags/example_dynamic_task_mapping.py
[2025-07-01T06:00:55.614+0000] {logging_mixin.py:190} INFO - [2025-07-01T06:00:55.614+0000] {dag.py:3239} INFO - Sync 1 DAGs
[2025-07-01T06:00:55.629+0000] {logging_mixin.py:190} INFO - [2025-07-01T06:00:55.629+0000] {dag.py:4180} INFO - Setting next_dagrun for example_dynamic_task_mapping to None, run_after=None
[2025-07-01T06:00:55.645+0000] {processor.py:208} INFO - Processing /home/airflow/.local/lib/python3.12/site-packages/airflow/example_dags/example_dynamic_task_mapping.py took 0.071 seconds
[2025-07-01T06:01:25.913+0000] {processor.py:186} INFO - Started process (PID=31524) to work on /home/airflow/.local/lib/python3.12/site-packages/airflow/example_dags/example_dynamic_task_mapping.py
[2025-07-01T06:01:25.914+0000] {processor.py:914} INFO - Processing file /home/airflow/.local/lib/python3.12/site-packages/airflow/example_dags/example_dynamic_task_mapping.py for tasks to queue
[2025-07-01T06:01:25.917+0000] {logging_mixin.py:190} INFO - [2025-07-01T06:01:25.917+0000] {dagbag.py:588} INFO - Filling up the DagBag from /home/airflow/.local/lib/python3.12/site-packages/airflow/example_dags/example_dynamic_task_mapping.py
[2025-07-01T06:01:25.925+0000] {processor.py:925} INFO - DAG(s) 'example_dynamic_task_mapping' retrieved from /home/airflow/.local/lib/python3.12/site-packages/airflow/example_dags/example_dynamic_task_mapping.py
[2025-07-01T06:01:25.945+0000] {logging_mixin.py:190} INFO - [2025-07-01T06:01:25.944+0000] {dag.py:3239} INFO - Sync 1 DAGs
[2025-07-01T06:01:25.959+0000] {logging_mixin.py:190} INFO - [2025-07-01T06:01:25.958+0000] {dag.py:4180} INFO - Setting next_dagrun for example_dynamic_task_mapping to None, run_after=None
[2025-07-01T06:01:25.975+0000] {processor.py:208} INFO - Processing /home/airflow/.local/lib/python3.12/site-packages/airflow/example_dags/example_dynamic_task_mapping.py took 0.067 seconds
[2025-07-01T06:01:56.165+0000] {processor.py:186} INFO - Started process (PID=31586) to work on /home/airflow/.local/lib/python3.12/site-packages/airflow/example_dags/example_dynamic_task_mapping.py
[2025-07-01T06:01:56.166+0000] {processor.py:914} INFO - Processing file /home/airflow/.local/lib/python3.12/site-packages/airflow/example_dags/example_dynamic_task_mapping.py for tasks to queue
[2025-07-01T06:01:56.168+0000] {logging_mixin.py:190} INFO - [2025-07-01T06:01:56.168+0000] {dagbag.py:588} INFO - Filling up the DagBag from /home/airflow/.local/lib/python3.12/site-packages/airflow/example_dags/example_dynamic_task_mapping.py
[2025-07-01T06:01:56.177+0000] {processor.py:925} INFO - DAG(s) 'example_dynamic_task_mapping' retrieved from /home/airflow/.local/lib/python3.12/site-packages/airflow/example_dags/example_dynamic_task_mapping.py
[2025-07-01T06:01:56.195+0000] {logging_mixin.py:190} INFO - [2025-07-01T06:01:56.195+0000] {dag.py:3239} INFO - Sync 1 DAGs
[2025-07-01T06:01:56.209+0000] {logging_mixin.py:190} INFO - [2025-07-01T06:01:56.209+0000] {dag.py:4180} INFO - Setting next_dagrun for example_dynamic_task_mapping to None, run_after=None
[2025-07-01T06:01:56.226+0000] {processor.py:208} INFO - Processing /home/airflow/.local/lib/python3.12/site-packages/airflow/example_dags/example_dynamic_task_mapping.py took 0.067 seconds
[2025-07-01T06:02:26.892+0000] {processor.py:186} INFO - Started process (PID=31648) to work on /home/airflow/.local/lib/python3.12/site-packages/airflow/example_dags/example_dynamic_task_mapping.py
[2025-07-01T06:02:26.893+0000] {processor.py:914} INFO - Processing file /home/airflow/.local/lib/python3.12/site-packages/airflow/example_dags/example_dynamic_task_mapping.py for tasks to queue
[2025-07-01T06:02:26.896+0000] {logging_mixin.py:190} INFO - [2025-07-01T06:02:26.895+0000] {dagbag.py:588} INFO - Filling up the DagBag from /home/airflow/.local/lib/python3.12/site-packages/airflow/example_dags/example_dynamic_task_mapping.py
[2025-07-01T06:02:26.905+0000] {processor.py:925} INFO - DAG(s) 'example_dynamic_task_mapping' retrieved from /home/airflow/.local/lib/python3.12/site-packages/airflow/example_dags/example_dynamic_task_mapping.py
[2025-07-01T06:02:26.927+0000] {logging_mixin.py:190} INFO - [2025-07-01T06:02:26.927+0000] {dag.py:3239} INFO - Sync 1 DAGs
[2025-07-01T06:02:26.944+0000] {logging_mixin.py:190} INFO - [2025-07-01T06:02:26.944+0000] {dag.py:4180} INFO - Setting next_dagrun for example_dynamic_task_mapping to None, run_after=None
[2025-07-01T06:02:26.962+0000] {processor.py:208} INFO - Processing /home/airflow/.local/lib/python3.12/site-packages/airflow/example_dags/example_dynamic_task_mapping.py took 0.078 seconds
[2025-07-01T06:02:57.709+0000] {processor.py:186} INFO - Started process (PID=31710) to work on /home/airflow/.local/lib/python3.12/site-packages/airflow/example_dags/example_dynamic_task_mapping.py
[2025-07-01T06:02:57.709+0000] {processor.py:914} INFO - Processing file /home/airflow/.local/lib/python3.12/site-packages/airflow/example_dags/example_dynamic_task_mapping.py for tasks to queue
[2025-07-01T06:02:57.712+0000] {logging_mixin.py:190} INFO - [2025-07-01T06:02:57.712+0000] {dagbag.py:588} INFO - Filling up the DagBag from /home/airflow/.local/lib/python3.12/site-packages/airflow/example_dags/example_dynamic_task_mapping.py
[2025-07-01T06:02:57.720+0000] {processor.py:925} INFO - DAG(s) 'example_dynamic_task_mapping' retrieved from /home/airflow/.local/lib/python3.12/site-packages/airflow/example_dags/example_dynamic_task_mapping.py
[2025-07-01T06:02:57.740+0000] {logging_mixin.py:190} INFO - [2025-07-01T06:02:57.739+0000] {dag.py:3239} INFO - Sync 1 DAGs
[2025-07-01T06:02:57.754+0000] {logging_mixin.py:190} INFO - [2025-07-01T06:02:57.753+0000] {dag.py:4180} INFO - Setting next_dagrun for example_dynamic_task_mapping to None, run_after=None
[2025-07-01T06:02:57.773+0000] {processor.py:208} INFO - Processing /home/airflow/.local/lib/python3.12/site-packages/airflow/example_dags/example_dynamic_task_mapping.py took 0.070 seconds
[2025-07-01T06:03:28.028+0000] {processor.py:186} INFO - Started process (PID=31772) to work on /home/airflow/.local/lib/python3.12/site-packages/airflow/example_dags/example_dynamic_task_mapping.py
[2025-07-01T06:03:28.029+0000] {processor.py:914} INFO - Processing file /home/airflow/.local/lib/python3.12/site-packages/airflow/example_dags/example_dynamic_task_mapping.py for tasks to queue
[2025-07-01T06:03:28.032+0000] {logging_mixin.py:190} INFO - [2025-07-01T06:03:28.031+0000] {dagbag.py:588} INFO - Filling up the DagBag from /home/airflow/.local/lib/python3.12/site-packages/airflow/example_dags/example_dynamic_task_mapping.py
[2025-07-01T06:03:28.041+0000] {processor.py:925} INFO - DAG(s) 'example_dynamic_task_mapping' retrieved from /home/airflow/.local/lib/python3.12/site-packages/airflow/example_dags/example_dynamic_task_mapping.py
[2025-07-01T06:03:28.065+0000] {logging_mixin.py:190} INFO - [2025-07-01T06:03:28.064+0000] {dag.py:3239} INFO - Sync 1 DAGs
[2025-07-01T06:03:28.081+0000] {logging_mixin.py:190} INFO - [2025-07-01T06:03:28.081+0000] {dag.py:4180} INFO - Setting next_dagrun for example_dynamic_task_mapping to None, run_after=None
[2025-07-01T06:03:28.102+0000] {processor.py:208} INFO - Processing /home/airflow/.local/lib/python3.12/site-packages/airflow/example_dags/example_dynamic_task_mapping.py took 0.082 seconds
[2025-07-01T06:03:58.712+0000] {processor.py:186} INFO - Started process (PID=31835) to work on /home/airflow/.local/lib/python3.12/site-packages/airflow/example_dags/example_dynamic_task_mapping.py
[2025-07-01T06:03:58.713+0000] {processor.py:914} INFO - Processing file /home/airflow/.local/lib/python3.12/site-packages/airflow/example_dags/example_dynamic_task_mapping.py for tasks to queue
[2025-07-01T06:03:58.716+0000] {logging_mixin.py:190} INFO - [2025-07-01T06:03:58.716+0000] {dagbag.py:588} INFO - Filling up the DagBag from /home/airflow/.local/lib/python3.12/site-packages/airflow/example_dags/example_dynamic_task_mapping.py
[2025-07-01T06:03:58.725+0000] {processor.py:925} INFO - DAG(s) 'example_dynamic_task_mapping' retrieved from /home/airflow/.local/lib/python3.12/site-packages/airflow/example_dags/example_dynamic_task_mapping.py
[2025-07-01T06:03:58.748+0000] {logging_mixin.py:190} INFO - [2025-07-01T06:03:58.748+0000] {dag.py:3239} INFO - Sync 1 DAGs
[2025-07-01T06:03:58.763+0000] {logging_mixin.py:190} INFO - [2025-07-01T06:03:58.763+0000] {dag.py:4180} INFO - Setting next_dagrun for example_dynamic_task_mapping to None, run_after=None
[2025-07-01T06:03:58.783+0000] {processor.py:208} INFO - Processing /home/airflow/.local/lib/python3.12/site-packages/airflow/example_dags/example_dynamic_task_mapping.py took 0.078 seconds
[2025-07-01T06:04:29.590+0000] {processor.py:186} INFO - Started process (PID=31897) to work on /home/airflow/.local/lib/python3.12/site-packages/airflow/example_dags/example_dynamic_task_mapping.py
[2025-07-01T06:04:29.592+0000] {processor.py:914} INFO - Processing file /home/airflow/.local/lib/python3.12/site-packages/airflow/example_dags/example_dynamic_task_mapping.py for tasks to queue
[2025-07-01T06:04:29.595+0000] {logging_mixin.py:190} INFO - [2025-07-01T06:04:29.595+0000] {dagbag.py:588} INFO - Filling up the DagBag from /home/airflow/.local/lib/python3.12/site-packages/airflow/example_dags/example_dynamic_task_mapping.py
[2025-07-01T06:04:29.606+0000] {processor.py:925} INFO - DAG(s) 'example_dynamic_task_mapping' retrieved from /home/airflow/.local/lib/python3.12/site-packages/airflow/example_dags/example_dynamic_task_mapping.py
[2025-07-01T06:04:29.629+0000] {logging_mixin.py:190} INFO - [2025-07-01T06:04:29.629+0000] {dag.py:3239} INFO - Sync 1 DAGs
[2025-07-01T06:04:29.644+0000] {logging_mixin.py:190} INFO - [2025-07-01T06:04:29.644+0000] {dag.py:4180} INFO - Setting next_dagrun for example_dynamic_task_mapping to None, run_after=None
[2025-07-01T06:04:29.669+0000] {processor.py:208} INFO - Processing /home/airflow/.local/lib/python3.12/site-packages/airflow/example_dags/example_dynamic_task_mapping.py took 0.086 seconds
[2025-07-01T06:05:00.476+0000] {processor.py:186} INFO - Started process (PID=31959) to work on /home/airflow/.local/lib/python3.12/site-packages/airflow/example_dags/example_dynamic_task_mapping.py
[2025-07-01T06:05:00.477+0000] {processor.py:914} INFO - Processing file /home/airflow/.local/lib/python3.12/site-packages/airflow/example_dags/example_dynamic_task_mapping.py for tasks to queue
[2025-07-01T06:05:00.479+0000] {logging_mixin.py:190} INFO - [2025-07-01T06:05:00.479+0000] {dagbag.py:588} INFO - Filling up the DagBag from /home/airflow/.local/lib/python3.12/site-packages/airflow/example_dags/example_dynamic_task_mapping.py
[2025-07-01T06:05:00.488+0000] {processor.py:925} INFO - DAG(s) 'example_dynamic_task_mapping' retrieved from /home/airflow/.local/lib/python3.12/site-packages/airflow/example_dags/example_dynamic_task_mapping.py
[2025-07-01T06:05:00.507+0000] {logging_mixin.py:190} INFO - [2025-07-01T06:05:00.506+0000] {dag.py:3239} INFO - Sync 1 DAGs
[2025-07-01T06:05:00.521+0000] {logging_mixin.py:190} INFO - [2025-07-01T06:05:00.520+0000] {dag.py:4180} INFO - Setting next_dagrun for example_dynamic_task_mapping to None, run_after=None
[2025-07-01T06:05:00.537+0000] {processor.py:208} INFO - Processing /home/airflow/.local/lib/python3.12/site-packages/airflow/example_dags/example_dynamic_task_mapping.py took 0.068 seconds
[2025-07-01T06:05:31.508+0000] {processor.py:186} INFO - Started process (PID=32021) to work on /home/airflow/.local/lib/python3.12/site-packages/airflow/example_dags/example_dynamic_task_mapping.py
[2025-07-01T06:05:31.509+0000] {processor.py:914} INFO - Processing file /home/airflow/.local/lib/python3.12/site-packages/airflow/example_dags/example_dynamic_task_mapping.py for tasks to queue
[2025-07-01T06:05:31.512+0000] {logging_mixin.py:190} INFO - [2025-07-01T06:05:31.511+0000] {dagbag.py:588} INFO - Filling up the DagBag from /home/airflow/.local/lib/python3.12/site-packages/airflow/example_dags/example_dynamic_task_mapping.py
[2025-07-01T06:05:31.520+0000] {processor.py:925} INFO - DAG(s) 'example_dynamic_task_mapping' retrieved from /home/airflow/.local/lib/python3.12/site-packages/airflow/example_dags/example_dynamic_task_mapping.py
[2025-07-01T06:05:31.541+0000] {logging_mixin.py:190} INFO - [2025-07-01T06:05:31.541+0000] {dag.py:3239} INFO - Sync 1 DAGs
[2025-07-01T06:05:31.556+0000] {logging_mixin.py:190} INFO - [2025-07-01T06:05:31.555+0000] {dag.py:4180} INFO - Setting next_dagrun for example_dynamic_task_mapping to None, run_after=None
[2025-07-01T06:05:31.573+0000] {processor.py:208} INFO - Processing /home/airflow/.local/lib/python3.12/site-packages/airflow/example_dags/example_dynamic_task_mapping.py took 0.071 seconds
[2025-07-01T06:06:01.829+0000] {processor.py:186} INFO - Started process (PID=32083) to work on /home/airflow/.local/lib/python3.12/site-packages/airflow/example_dags/example_dynamic_task_mapping.py
[2025-07-01T06:06:01.830+0000] {processor.py:914} INFO - Processing file /home/airflow/.local/lib/python3.12/site-packages/airflow/example_dags/example_dynamic_task_mapping.py for tasks to queue
[2025-07-01T06:06:01.833+0000] {logging_mixin.py:190} INFO - [2025-07-01T06:06:01.833+0000] {dagbag.py:588} INFO - Filling up the DagBag from /home/airflow/.local/lib/python3.12/site-packages/airflow/example_dags/example_dynamic_task_mapping.py
[2025-07-01T06:06:01.841+0000] {processor.py:925} INFO - DAG(s) 'example_dynamic_task_mapping' retrieved from /home/airflow/.local/lib/python3.12/site-packages/airflow/example_dags/example_dynamic_task_mapping.py
[2025-07-01T06:06:01.860+0000] {logging_mixin.py:190} INFO - [2025-07-01T06:06:01.860+0000] {dag.py:3239} INFO - Sync 1 DAGs
[2025-07-01T06:06:01.874+0000] {logging_mixin.py:190} INFO - [2025-07-01T06:06:01.873+0000] {dag.py:4180} INFO - Setting next_dagrun for example_dynamic_task_mapping to None, run_after=None
[2025-07-01T06:06:01.890+0000] {processor.py:208} INFO - Processing /home/airflow/.local/lib/python3.12/site-packages/airflow/example_dags/example_dynamic_task_mapping.py took 0.067 seconds
[2025-07-01T06:06:32.419+0000] {processor.py:186} INFO - Started process (PID=32145) to work on /home/airflow/.local/lib/python3.12/site-packages/airflow/example_dags/example_dynamic_task_mapping.py
[2025-07-01T06:06:32.421+0000] {processor.py:914} INFO - Processing file /home/airflow/.local/lib/python3.12/site-packages/airflow/example_dags/example_dynamic_task_mapping.py for tasks to queue
[2025-07-01T06:06:32.424+0000] {logging_mixin.py:190} INFO - [2025-07-01T06:06:32.424+0000] {dagbag.py:588} INFO - Filling up the DagBag from /home/airflow/.local/lib/python3.12/site-packages/airflow/example_dags/example_dynamic_task_mapping.py
[2025-07-01T06:06:32.435+0000] {processor.py:925} INFO - DAG(s) 'example_dynamic_task_mapping' retrieved from /home/airflow/.local/lib/python3.12/site-packages/airflow/example_dags/example_dynamic_task_mapping.py
[2025-07-01T06:06:32.458+0000] {logging_mixin.py:190} INFO - [2025-07-01T06:06:32.457+0000] {dag.py:3239} INFO - Sync 1 DAGs
[2025-07-01T06:06:32.474+0000] {logging_mixin.py:190} INFO - [2025-07-01T06:06:32.474+0000] {dag.py:4180} INFO - Setting next_dagrun for example_dynamic_task_mapping to None, run_after=None
[2025-07-01T06:06:32.493+0000] {processor.py:208} INFO - Processing /home/airflow/.local/lib/python3.12/site-packages/airflow/example_dags/example_dynamic_task_mapping.py took 0.080 seconds
[2025-07-01T06:07:03.442+0000] {processor.py:186} INFO - Started process (PID=32207) to work on /home/airflow/.local/lib/python3.12/site-packages/airflow/example_dags/example_dynamic_task_mapping.py
[2025-07-01T06:07:03.443+0000] {processor.py:914} INFO - Processing file /home/airflow/.local/lib/python3.12/site-packages/airflow/example_dags/example_dynamic_task_mapping.py for tasks to queue
[2025-07-01T06:07:03.448+0000] {logging_mixin.py:190} INFO - [2025-07-01T06:07:03.447+0000] {dagbag.py:588} INFO - Filling up the DagBag from /home/airflow/.local/lib/python3.12/site-packages/airflow/example_dags/example_dynamic_task_mapping.py
[2025-07-01T06:07:03.456+0000] {processor.py:925} INFO - DAG(s) 'example_dynamic_task_mapping' retrieved from /home/airflow/.local/lib/python3.12/site-packages/airflow/example_dags/example_dynamic_task_mapping.py
[2025-07-01T06:07:03.476+0000] {logging_mixin.py:190} INFO - [2025-07-01T06:07:03.476+0000] {dag.py:3239} INFO - Sync 1 DAGs
[2025-07-01T06:07:03.491+0000] {logging_mixin.py:190} INFO - [2025-07-01T06:07:03.491+0000] {dag.py:4180} INFO - Setting next_dagrun for example_dynamic_task_mapping to None, run_after=None
[2025-07-01T06:07:03.511+0000] {processor.py:208} INFO - Processing /home/airflow/.local/lib/python3.12/site-packages/airflow/example_dags/example_dynamic_task_mapping.py took 0.075 seconds
[2025-07-01T06:07:34.286+0000] {processor.py:186} INFO - Started process (PID=32269) to work on /home/airflow/.local/lib/python3.12/site-packages/airflow/example_dags/example_dynamic_task_mapping.py
[2025-07-01T06:07:34.288+0000] {processor.py:914} INFO - Processing file /home/airflow/.local/lib/python3.12/site-packages/airflow/example_dags/example_dynamic_task_mapping.py for tasks to queue
[2025-07-01T06:07:34.290+0000] {logging_mixin.py:190} INFO - [2025-07-01T06:07:34.290+0000] {dagbag.py:588} INFO - Filling up the DagBag from /home/airflow/.local/lib/python3.12/site-packages/airflow/example_dags/example_dynamic_task_mapping.py
[2025-07-01T06:07:34.299+0000] {processor.py:925} INFO - DAG(s) 'example_dynamic_task_mapping' retrieved from /home/airflow/.local/lib/python3.12/site-packages/airflow/example_dags/example_dynamic_task_mapping.py
[2025-07-01T06:07:34.317+0000] {logging_mixin.py:190} INFO - [2025-07-01T06:07:34.317+0000] {dag.py:3239} INFO - Sync 1 DAGs
[2025-07-01T06:07:34.331+0000] {logging_mixin.py:190} INFO - [2025-07-01T06:07:34.331+0000] {dag.py:4180} INFO - Setting next_dagrun for example_dynamic_task_mapping to None, run_after=None
[2025-07-01T06:07:34.350+0000] {processor.py:208} INFO - Processing /home/airflow/.local/lib/python3.12/site-packages/airflow/example_dags/example_dynamic_task_mapping.py took 0.069 seconds
[2025-07-01T06:08:05.471+0000] {processor.py:186} INFO - Started process (PID=32331) to work on /home/airflow/.local/lib/python3.12/site-packages/airflow/example_dags/example_dynamic_task_mapping.py
[2025-07-01T06:08:05.472+0000] {processor.py:914} INFO - Processing file /home/airflow/.local/lib/python3.12/site-packages/airflow/example_dags/example_dynamic_task_mapping.py for tasks to queue
[2025-07-01T06:08:05.474+0000] {logging_mixin.py:190} INFO - [2025-07-01T06:08:05.474+0000] {dagbag.py:588} INFO - Filling up the DagBag from /home/airflow/.local/lib/python3.12/site-packages/airflow/example_dags/example_dynamic_task_mapping.py
[2025-07-01T06:08:05.482+0000] {processor.py:925} INFO - DAG(s) 'example_dynamic_task_mapping' retrieved from /home/airflow/.local/lib/python3.12/site-packages/airflow/example_dags/example_dynamic_task_mapping.py
[2025-07-01T06:08:05.501+0000] {logging_mixin.py:190} INFO - [2025-07-01T06:08:05.500+0000] {dag.py:3239} INFO - Sync 1 DAGs
[2025-07-01T06:08:05.514+0000] {logging_mixin.py:190} INFO - [2025-07-01T06:08:05.514+0000] {dag.py:4180} INFO - Setting next_dagrun for example_dynamic_task_mapping to None, run_after=None
[2025-07-01T06:08:05.531+0000] {processor.py:208} INFO - Processing /home/airflow/.local/lib/python3.12/site-packages/airflow/example_dags/example_dynamic_task_mapping.py took 0.066 seconds
[2025-07-01T06:08:36.024+0000] {processor.py:186} INFO - Started process (PID=32394) to work on /home/airflow/.local/lib/python3.12/site-packages/airflow/example_dags/example_dynamic_task_mapping.py
[2025-07-01T06:08:36.025+0000] {processor.py:914} INFO - Processing file /home/airflow/.local/lib/python3.12/site-packages/airflow/example_dags/example_dynamic_task_mapping.py for tasks to queue
[2025-07-01T06:08:36.027+0000] {logging_mixin.py:190} INFO - [2025-07-01T06:08:36.027+0000] {dagbag.py:588} INFO - Filling up the DagBag from /home/airflow/.local/lib/python3.12/site-packages/airflow/example_dags/example_dynamic_task_mapping.py
[2025-07-01T06:08:36.038+0000] {processor.py:925} INFO - DAG(s) 'example_dynamic_task_mapping' retrieved from /home/airflow/.local/lib/python3.12/site-packages/airflow/example_dags/example_dynamic_task_mapping.py
[2025-07-01T06:08:36.059+0000] {logging_mixin.py:190} INFO - [2025-07-01T06:08:36.059+0000] {dag.py:3239} INFO - Sync 1 DAGs
[2025-07-01T06:08:36.074+0000] {logging_mixin.py:190} INFO - [2025-07-01T06:08:36.073+0000] {dag.py:4180} INFO - Setting next_dagrun for example_dynamic_task_mapping to None, run_after=None
[2025-07-01T06:08:36.090+0000] {processor.py:208} INFO - Processing /home/airflow/.local/lib/python3.12/site-packages/airflow/example_dags/example_dynamic_task_mapping.py took 0.073 seconds
[2025-07-01T06:09:06.717+0000] {processor.py:186} INFO - Started process (PID=32456) to work on /home/airflow/.local/lib/python3.12/site-packages/airflow/example_dags/example_dynamic_task_mapping.py
[2025-07-01T06:09:06.719+0000] {processor.py:914} INFO - Processing file /home/airflow/.local/lib/python3.12/site-packages/airflow/example_dags/example_dynamic_task_mapping.py for tasks to queue
[2025-07-01T06:09:06.722+0000] {logging_mixin.py:190} INFO - [2025-07-01T06:09:06.721+0000] {dagbag.py:588} INFO - Filling up the DagBag from /home/airflow/.local/lib/python3.12/site-packages/airflow/example_dags/example_dynamic_task_mapping.py
[2025-07-01T06:09:06.731+0000] {processor.py:925} INFO - DAG(s) 'example_dynamic_task_mapping' retrieved from /home/airflow/.local/lib/python3.12/site-packages/airflow/example_dags/example_dynamic_task_mapping.py
[2025-07-01T06:09:06.754+0000] {logging_mixin.py:190} INFO - [2025-07-01T06:09:06.754+0000] {dag.py:3239} INFO - Sync 1 DAGs
[2025-07-01T06:09:06.770+0000] {logging_mixin.py:190} INFO - [2025-07-01T06:09:06.769+0000] {dag.py:4180} INFO - Setting next_dagrun for example_dynamic_task_mapping to None, run_after=None
[2025-07-01T06:09:06.788+0000] {processor.py:208} INFO - Processing /home/airflow/.local/lib/python3.12/site-packages/airflow/example_dags/example_dynamic_task_mapping.py took 0.078 seconds
[2025-07-01T06:09:37.308+0000] {processor.py:186} INFO - Started process (PID=32518) to work on /home/airflow/.local/lib/python3.12/site-packages/airflow/example_dags/example_dynamic_task_mapping.py
[2025-07-01T06:09:37.309+0000] {processor.py:914} INFO - Processing file /home/airflow/.local/lib/python3.12/site-packages/airflow/example_dags/example_dynamic_task_mapping.py for tasks to queue
[2025-07-01T06:09:37.312+0000] {logging_mixin.py:190} INFO - [2025-07-01T06:09:37.312+0000] {dagbag.py:588} INFO - Filling up the DagBag from /home/airflow/.local/lib/python3.12/site-packages/airflow/example_dags/example_dynamic_task_mapping.py
[2025-07-01T06:09:37.320+0000] {processor.py:925} INFO - DAG(s) 'example_dynamic_task_mapping' retrieved from /home/airflow/.local/lib/python3.12/site-packages/airflow/example_dags/example_dynamic_task_mapping.py
[2025-07-01T06:09:37.339+0000] {logging_mixin.py:190} INFO - [2025-07-01T06:09:37.339+0000] {dag.py:3239} INFO - Sync 1 DAGs
[2025-07-01T06:09:37.353+0000] {logging_mixin.py:190} INFO - [2025-07-01T06:09:37.353+0000] {dag.py:4180} INFO - Setting next_dagrun for example_dynamic_task_mapping to None, run_after=None
[2025-07-01T06:09:37.372+0000] {processor.py:208} INFO - Processing /home/airflow/.local/lib/python3.12/site-packages/airflow/example_dags/example_dynamic_task_mapping.py took 0.069 seconds
[2025-07-01T06:10:08.729+0000] {processor.py:186} INFO - Started process (PID=32586) to work on /home/airflow/.local/lib/python3.12/site-packages/airflow/example_dags/example_dynamic_task_mapping.py
[2025-07-01T06:10:08.730+0000] {processor.py:914} INFO - Processing file /home/airflow/.local/lib/python3.12/site-packages/airflow/example_dags/example_dynamic_task_mapping.py for tasks to queue
[2025-07-01T06:10:08.734+0000] {logging_mixin.py:190} INFO - [2025-07-01T06:10:08.734+0000] {dagbag.py:588} INFO - Filling up the DagBag from /home/airflow/.local/lib/python3.12/site-packages/airflow/example_dags/example_dynamic_task_mapping.py
[2025-07-01T06:10:08.745+0000] {processor.py:925} INFO - DAG(s) 'example_dynamic_task_mapping' retrieved from /home/airflow/.local/lib/python3.12/site-packages/airflow/example_dags/example_dynamic_task_mapping.py
[2025-07-01T06:10:08.765+0000] {logging_mixin.py:190} INFO - [2025-07-01T06:10:08.765+0000] {dag.py:3239} INFO - Sync 1 DAGs
[2025-07-01T06:10:08.792+0000] {logging_mixin.py:190} INFO - [2025-07-01T06:10:08.792+0000] {dag.py:4180} INFO - Setting next_dagrun for example_dynamic_task_mapping to None, run_after=None
[2025-07-01T06:10:08.833+0000] {processor.py:208} INFO - Processing /home/airflow/.local/lib/python3.12/site-packages/airflow/example_dags/example_dynamic_task_mapping.py took 0.113 seconds
[2025-07-01T12:18:44.720+0000] {processor.py:186} INFO - Started process (PID=117) to work on /home/airflow/.local/lib/python3.12/site-packages/airflow/example_dags/example_dynamic_task_mapping.py
[2025-07-01T12:18:44.722+0000] {processor.py:914} INFO - Processing file /home/airflow/.local/lib/python3.12/site-packages/airflow/example_dags/example_dynamic_task_mapping.py for tasks to queue
[2025-07-01T12:18:44.725+0000] {logging_mixin.py:190} INFO - [2025-07-01T12:18:44.725+0000] {dagbag.py:588} INFO - Filling up the DagBag from /home/airflow/.local/lib/python3.12/site-packages/airflow/example_dags/example_dynamic_task_mapping.py
[2025-07-01T12:18:44.737+0000] {processor.py:925} INFO - DAG(s) 'example_dynamic_task_mapping' retrieved from /home/airflow/.local/lib/python3.12/site-packages/airflow/example_dags/example_dynamic_task_mapping.py
[2025-07-01T12:18:44.768+0000] {logging_mixin.py:190} INFO - [2025-07-01T12:18:44.768+0000] {dag.py:3239} INFO - Sync 1 DAGs
[2025-07-01T12:18:44.788+0000] {logging_mixin.py:190} INFO - [2025-07-01T12:18:44.788+0000] {dag.py:4180} INFO - Setting next_dagrun for example_dynamic_task_mapping to None, run_after=None
[2025-07-01T12:18:44.810+0000] {processor.py:208} INFO - Processing /home/airflow/.local/lib/python3.12/site-packages/airflow/example_dags/example_dynamic_task_mapping.py took 0.096 seconds
