[2025-07-01T01:07:14.791+0000] {processor.py:186} INFO - Started process (PID=113) to work on /home/airflow/.local/lib/python3.12/site-packages/airflow/example_dags/example_branch_operator_decorator.py
[2025-07-01T01:07:14.794+0000] {processor.py:914} INFO - Processing file /home/airflow/.local/lib/python3.12/site-packages/airflow/example_dags/example_branch_operator_decorator.py for tasks to queue
[2025-07-01T01:07:14.800+0000] {logging_mixin.py:190} INFO - [2025-07-01T01:07:14.799+0000] {dagbag.py:588} INFO - Filling up the DagBag from /home/airflow/.local/lib/python3.12/site-packages/airflow/example_dags/example_branch_operator_decorator.py
[2025-07-01T01:07:14.861+0000] {processor.py:925} INFO - DAG(s) 'example_branch_python_operator_decorator' retrieved from /home/airflow/.local/lib/python3.12/site-packages/airflow/example_dags/example_branch_operator_decorator.py
[2025-07-01T01:07:15.123+0000] {logging_mixin.py:190} INFO - [2025-07-01T01:07:15.122+0000] {override.py:1900} INFO - Created Permission View: can delete on DAG:example_branch_python_operator_decorator
[2025-07-01T01:07:15.140+0000] {logging_mixin.py:190} INFO - [2025-07-01T01:07:15.139+0000] {override.py:1900} INFO - Created Permission View: can edit on DAG:example_branch_python_operator_decorator
[2025-07-01T01:07:15.151+0000] {logging_mixin.py:190} INFO - [2025-07-01T01:07:15.150+0000] {override.py:1900} INFO - Created Permission View: can read on DAG:example_branch_python_operator_decorator
[2025-07-01T01:07:15.163+0000] {logging_mixin.py:190} INFO - [2025-07-01T01:07:15.162+0000] {override.py:1900} INFO - Created Permission View: can delete on DAG Run:example_branch_python_operator_decorator
[2025-07-01T01:07:15.172+0000] {logging_mixin.py:190} INFO - [2025-07-01T01:07:15.171+0000] {override.py:1900} INFO - Created Permission View: menu access on DAG Run:example_branch_python_operator_decorator
[2025-07-01T01:07:15.182+0000] {logging_mixin.py:190} INFO - [2025-07-01T01:07:15.182+0000] {override.py:1900} INFO - Created Permission View: can create on DAG Run:example_branch_python_operator_decorator
[2025-07-01T01:07:15.193+0000] {logging_mixin.py:190} INFO - [2025-07-01T01:07:15.193+0000] {override.py:1900} INFO - Created Permission View: can read on DAG Run:example_branch_python_operator_decorator
[2025-07-01T01:07:15.194+0000] {logging_mixin.py:190} INFO - [2025-07-01T01:07:15.194+0000] {dag.py:3239} INFO - Sync 1 DAGs
[2025-07-01T01:07:15.219+0000] {logging_mixin.py:190} INFO - [2025-07-01T01:07:15.219+0000] {dag.py:3262} INFO - Creating ORM DAG for example_branch_python_operator_decorator
[2025-07-01T01:07:15.250+0000] {logging_mixin.py:190} INFO - [2025-07-01T01:07:15.249+0000] {dag.py:4180} INFO - Setting next_dagrun for example_branch_python_operator_decorator to 2025-06-30 00:00:00+00:00, run_after=2025-07-01 00:00:00+00:00
[2025-07-01T01:07:15.296+0000] {processor.py:208} INFO - Processing /home/airflow/.local/lib/python3.12/site-packages/airflow/example_dags/example_branch_operator_decorator.py took 0.522 seconds
[2025-07-01T01:07:45.762+0000] {processor.py:186} INFO - Started process (PID=176) to work on /home/airflow/.local/lib/python3.12/site-packages/airflow/example_dags/example_branch_operator_decorator.py
[2025-07-01T01:07:45.764+0000] {processor.py:914} INFO - Processing file /home/airflow/.local/lib/python3.12/site-packages/airflow/example_dags/example_branch_operator_decorator.py for tasks to queue
[2025-07-01T01:07:45.768+0000] {logging_mixin.py:190} INFO - [2025-07-01T01:07:45.768+0000] {dagbag.py:588} INFO - Filling up the DagBag from /home/airflow/.local/lib/python3.12/site-packages/airflow/example_dags/example_branch_operator_decorator.py
[2025-07-01T01:07:45.811+0000] {processor.py:925} INFO - DAG(s) 'example_branch_python_operator_decorator' retrieved from /home/airflow/.local/lib/python3.12/site-packages/airflow/example_dags/example_branch_operator_decorator.py
[2025-07-01T01:07:45.895+0000] {logging_mixin.py:190} INFO - [2025-07-01T01:07:45.894+0000] {dag.py:3239} INFO - Sync 1 DAGs
[2025-07-01T01:07:45.967+0000] {logging_mixin.py:190} INFO - [2025-07-01T01:07:45.966+0000] {dag.py:4180} INFO - Setting next_dagrun for example_branch_python_operator_decorator to 2025-06-30 00:00:00+00:00, run_after=2025-07-01 00:00:00+00:00
[2025-07-01T01:07:46.007+0000] {processor.py:208} INFO - Processing /home/airflow/.local/lib/python3.12/site-packages/airflow/example_dags/example_branch_operator_decorator.py took 0.257 seconds
[2025-07-01T01:08:16.075+0000] {processor.py:186} INFO - Started process (PID=238) to work on /home/airflow/.local/lib/python3.12/site-packages/airflow/example_dags/example_branch_operator_decorator.py
[2025-07-01T01:08:16.077+0000] {processor.py:914} INFO - Processing file /home/airflow/.local/lib/python3.12/site-packages/airflow/example_dags/example_branch_operator_decorator.py for tasks to queue
[2025-07-01T01:08:16.081+0000] {logging_mixin.py:190} INFO - [2025-07-01T01:08:16.081+0000] {dagbag.py:588} INFO - Filling up the DagBag from /home/airflow/.local/lib/python3.12/site-packages/airflow/example_dags/example_branch_operator_decorator.py
[2025-07-01T01:08:16.112+0000] {processor.py:925} INFO - DAG(s) 'example_branch_python_operator_decorator' retrieved from /home/airflow/.local/lib/python3.12/site-packages/airflow/example_dags/example_branch_operator_decorator.py
[2025-07-01T01:08:16.150+0000] {logging_mixin.py:190} INFO - [2025-07-01T01:08:16.150+0000] {dag.py:3239} INFO - Sync 1 DAGs
[2025-07-01T01:08:16.181+0000] {logging_mixin.py:190} INFO - [2025-07-01T01:08:16.180+0000] {dag.py:4180} INFO - Setting next_dagrun for example_branch_python_operator_decorator to 2025-06-30 00:00:00+00:00, run_after=2025-07-01 00:00:00+00:00
[2025-07-01T01:08:16.207+0000] {processor.py:208} INFO - Processing /home/airflow/.local/lib/python3.12/site-packages/airflow/example_dags/example_branch_operator_decorator.py took 0.138 seconds
[2025-07-01T01:08:46.847+0000] {processor.py:186} INFO - Started process (PID=300) to work on /home/airflow/.local/lib/python3.12/site-packages/airflow/example_dags/example_branch_operator_decorator.py
[2025-07-01T01:08:46.851+0000] {processor.py:914} INFO - Processing file /home/airflow/.local/lib/python3.12/site-packages/airflow/example_dags/example_branch_operator_decorator.py for tasks to queue
[2025-07-01T01:08:46.854+0000] {logging_mixin.py:190} INFO - [2025-07-01T01:08:46.854+0000] {dagbag.py:588} INFO - Filling up the DagBag from /home/airflow/.local/lib/python3.12/site-packages/airflow/example_dags/example_branch_operator_decorator.py
[2025-07-01T01:08:46.877+0000] {processor.py:925} INFO - DAG(s) 'example_branch_python_operator_decorator' retrieved from /home/airflow/.local/lib/python3.12/site-packages/airflow/example_dags/example_branch_operator_decorator.py
[2025-07-01T01:08:46.905+0000] {logging_mixin.py:190} INFO - [2025-07-01T01:08:46.905+0000] {dag.py:3239} INFO - Sync 1 DAGs
[2025-07-01T01:08:46.929+0000] {logging_mixin.py:190} INFO - [2025-07-01T01:08:46.929+0000] {dag.py:4180} INFO - Setting next_dagrun for example_branch_python_operator_decorator to 2025-06-30 00:00:00+00:00, run_after=2025-07-01 00:00:00+00:00
[2025-07-01T01:08:46.947+0000] {processor.py:208} INFO - Processing /home/airflow/.local/lib/python3.12/site-packages/airflow/example_dags/example_branch_operator_decorator.py took 0.107 seconds
[2025-07-01T01:09:17.322+0000] {processor.py:186} INFO - Started process (PID=362) to work on /home/airflow/.local/lib/python3.12/site-packages/airflow/example_dags/example_branch_operator_decorator.py
[2025-07-01T01:09:17.324+0000] {processor.py:914} INFO - Processing file /home/airflow/.local/lib/python3.12/site-packages/airflow/example_dags/example_branch_operator_decorator.py for tasks to queue
[2025-07-01T01:09:17.326+0000] {logging_mixin.py:190} INFO - [2025-07-01T01:09:17.326+0000] {dagbag.py:588} INFO - Filling up the DagBag from /home/airflow/.local/lib/python3.12/site-packages/airflow/example_dags/example_branch_operator_decorator.py
[2025-07-01T01:09:17.349+0000] {processor.py:925} INFO - DAG(s) 'example_branch_python_operator_decorator' retrieved from /home/airflow/.local/lib/python3.12/site-packages/airflow/example_dags/example_branch_operator_decorator.py
[2025-07-01T01:09:17.377+0000] {logging_mixin.py:190} INFO - [2025-07-01T01:09:17.377+0000] {dag.py:3239} INFO - Sync 1 DAGs
[2025-07-01T01:09:17.402+0000] {logging_mixin.py:190} INFO - [2025-07-01T01:09:17.402+0000] {dag.py:4180} INFO - Setting next_dagrun for example_branch_python_operator_decorator to 2025-06-30 00:00:00+00:00, run_after=2025-07-01 00:00:00+00:00
[2025-07-01T01:09:17.422+0000] {processor.py:208} INFO - Processing /home/airflow/.local/lib/python3.12/site-packages/airflow/example_dags/example_branch_operator_decorator.py took 0.108 seconds
[2025-07-01T01:09:47.814+0000] {processor.py:186} INFO - Started process (PID=424) to work on /home/airflow/.local/lib/python3.12/site-packages/airflow/example_dags/example_branch_operator_decorator.py
[2025-07-01T01:09:47.815+0000] {processor.py:914} INFO - Processing file /home/airflow/.local/lib/python3.12/site-packages/airflow/example_dags/example_branch_operator_decorator.py for tasks to queue
[2025-07-01T01:09:47.818+0000] {logging_mixin.py:190} INFO - [2025-07-01T01:09:47.818+0000] {dagbag.py:588} INFO - Filling up the DagBag from /home/airflow/.local/lib/python3.12/site-packages/airflow/example_dags/example_branch_operator_decorator.py
[2025-07-01T01:09:47.844+0000] {processor.py:925} INFO - DAG(s) 'example_branch_python_operator_decorator' retrieved from /home/airflow/.local/lib/python3.12/site-packages/airflow/example_dags/example_branch_operator_decorator.py
[2025-07-01T01:09:47.874+0000] {logging_mixin.py:190} INFO - [2025-07-01T01:09:47.874+0000] {dag.py:3239} INFO - Sync 1 DAGs
[2025-07-01T01:09:47.903+0000] {logging_mixin.py:190} INFO - [2025-07-01T01:09:47.903+0000] {dag.py:4180} INFO - Setting next_dagrun for example_branch_python_operator_decorator to 2025-06-30 00:00:00+00:00, run_after=2025-07-01 00:00:00+00:00
[2025-07-01T01:09:47.928+0000] {processor.py:208} INFO - Processing /home/airflow/.local/lib/python3.12/site-packages/airflow/example_dags/example_branch_operator_decorator.py took 0.121 seconds
[2025-07-01T01:10:18.342+0000] {processor.py:186} INFO - Started process (PID=486) to work on /home/airflow/.local/lib/python3.12/site-packages/airflow/example_dags/example_branch_operator_decorator.py
[2025-07-01T01:10:18.343+0000] {processor.py:914} INFO - Processing file /home/airflow/.local/lib/python3.12/site-packages/airflow/example_dags/example_branch_operator_decorator.py for tasks to queue
[2025-07-01T01:10:18.347+0000] {logging_mixin.py:190} INFO - [2025-07-01T01:10:18.346+0000] {dagbag.py:588} INFO - Filling up the DagBag from /home/airflow/.local/lib/python3.12/site-packages/airflow/example_dags/example_branch_operator_decorator.py
[2025-07-01T01:10:18.372+0000] {processor.py:925} INFO - DAG(s) 'example_branch_python_operator_decorator' retrieved from /home/airflow/.local/lib/python3.12/site-packages/airflow/example_dags/example_branch_operator_decorator.py
[2025-07-01T01:10:18.401+0000] {logging_mixin.py:190} INFO - [2025-07-01T01:10:18.400+0000] {dag.py:3239} INFO - Sync 1 DAGs
[2025-07-01T01:10:18.426+0000] {logging_mixin.py:190} INFO - [2025-07-01T01:10:18.426+0000] {dag.py:4180} INFO - Setting next_dagrun for example_branch_python_operator_decorator to 2025-06-30 00:00:00+00:00, run_after=2025-07-01 00:00:00+00:00
[2025-07-01T01:10:18.445+0000] {processor.py:208} INFO - Processing /home/airflow/.local/lib/python3.12/site-packages/airflow/example_dags/example_branch_operator_decorator.py took 0.110 seconds
[2025-07-01T01:10:48.707+0000] {processor.py:186} INFO - Started process (PID=548) to work on /home/airflow/.local/lib/python3.12/site-packages/airflow/example_dags/example_branch_operator_decorator.py
[2025-07-01T01:10:48.708+0000] {processor.py:914} INFO - Processing file /home/airflow/.local/lib/python3.12/site-packages/airflow/example_dags/example_branch_operator_decorator.py for tasks to queue
[2025-07-01T01:10:48.711+0000] {logging_mixin.py:190} INFO - [2025-07-01T01:10:48.711+0000] {dagbag.py:588} INFO - Filling up the DagBag from /home/airflow/.local/lib/python3.12/site-packages/airflow/example_dags/example_branch_operator_decorator.py
[2025-07-01T01:10:48.734+0000] {processor.py:925} INFO - DAG(s) 'example_branch_python_operator_decorator' retrieved from /home/airflow/.local/lib/python3.12/site-packages/airflow/example_dags/example_branch_operator_decorator.py
[2025-07-01T01:10:48.762+0000] {logging_mixin.py:190} INFO - [2025-07-01T01:10:48.762+0000] {dag.py:3239} INFO - Sync 1 DAGs
[2025-07-01T01:10:48.786+0000] {logging_mixin.py:190} INFO - [2025-07-01T01:10:48.786+0000] {dag.py:4180} INFO - Setting next_dagrun for example_branch_python_operator_decorator to 2025-06-30 00:00:00+00:00, run_after=2025-07-01 00:00:00+00:00
[2025-07-01T01:10:48.806+0000] {processor.py:208} INFO - Processing /home/airflow/.local/lib/python3.12/site-packages/airflow/example_dags/example_branch_operator_decorator.py took 0.105 seconds
[2025-07-01T01:11:19.513+0000] {processor.py:186} INFO - Started process (PID=610) to work on /home/airflow/.local/lib/python3.12/site-packages/airflow/example_dags/example_branch_operator_decorator.py
[2025-07-01T01:11:19.514+0000] {processor.py:914} INFO - Processing file /home/airflow/.local/lib/python3.12/site-packages/airflow/example_dags/example_branch_operator_decorator.py for tasks to queue
[2025-07-01T01:11:19.518+0000] {logging_mixin.py:190} INFO - [2025-07-01T01:11:19.517+0000] {dagbag.py:588} INFO - Filling up the DagBag from /home/airflow/.local/lib/python3.12/site-packages/airflow/example_dags/example_branch_operator_decorator.py
[2025-07-01T01:11:19.554+0000] {processor.py:925} INFO - DAG(s) 'example_branch_python_operator_decorator' retrieved from /home/airflow/.local/lib/python3.12/site-packages/airflow/example_dags/example_branch_operator_decorator.py
[2025-07-01T01:11:19.592+0000] {logging_mixin.py:190} INFO - [2025-07-01T01:11:19.592+0000] {dag.py:3239} INFO - Sync 1 DAGs
[2025-07-01T01:11:19.627+0000] {logging_mixin.py:190} INFO - [2025-07-01T01:11:19.627+0000] {dag.py:4180} INFO - Setting next_dagrun for example_branch_python_operator_decorator to 2025-06-30 00:00:00+00:00, run_after=2025-07-01 00:00:00+00:00
[2025-07-01T01:11:19.648+0000] {processor.py:208} INFO - Processing /home/airflow/.local/lib/python3.12/site-packages/airflow/example_dags/example_branch_operator_decorator.py took 0.144 seconds
[2025-07-01T01:11:49.941+0000] {processor.py:186} INFO - Started process (PID=672) to work on /home/airflow/.local/lib/python3.12/site-packages/airflow/example_dags/example_branch_operator_decorator.py
[2025-07-01T01:11:49.943+0000] {processor.py:914} INFO - Processing file /home/airflow/.local/lib/python3.12/site-packages/airflow/example_dags/example_branch_operator_decorator.py for tasks to queue
[2025-07-01T01:11:49.946+0000] {logging_mixin.py:190} INFO - [2025-07-01T01:11:49.945+0000] {dagbag.py:588} INFO - Filling up the DagBag from /home/airflow/.local/lib/python3.12/site-packages/airflow/example_dags/example_branch_operator_decorator.py
[2025-07-01T01:11:49.969+0000] {processor.py:925} INFO - DAG(s) 'example_branch_python_operator_decorator' retrieved from /home/airflow/.local/lib/python3.12/site-packages/airflow/example_dags/example_branch_operator_decorator.py
[2025-07-01T01:11:49.997+0000] {logging_mixin.py:190} INFO - [2025-07-01T01:11:49.997+0000] {dag.py:3239} INFO - Sync 1 DAGs
[2025-07-01T01:11:50.021+0000] {logging_mixin.py:190} INFO - [2025-07-01T01:11:50.021+0000] {dag.py:4180} INFO - Setting next_dagrun for example_branch_python_operator_decorator to 2025-06-30 00:00:00+00:00, run_after=2025-07-01 00:00:00+00:00
[2025-07-01T01:11:50.039+0000] {processor.py:208} INFO - Processing /home/airflow/.local/lib/python3.12/site-packages/airflow/example_dags/example_branch_operator_decorator.py took 0.105 seconds
[2025-07-01T01:12:20.333+0000] {processor.py:186} INFO - Started process (PID=735) to work on /home/airflow/.local/lib/python3.12/site-packages/airflow/example_dags/example_branch_operator_decorator.py
[2025-07-01T01:12:20.334+0000] {processor.py:914} INFO - Processing file /home/airflow/.local/lib/python3.12/site-packages/airflow/example_dags/example_branch_operator_decorator.py for tasks to queue
[2025-07-01T01:12:20.338+0000] {logging_mixin.py:190} INFO - [2025-07-01T01:12:20.337+0000] {dagbag.py:588} INFO - Filling up the DagBag from /home/airflow/.local/lib/python3.12/site-packages/airflow/example_dags/example_branch_operator_decorator.py
[2025-07-01T01:12:20.368+0000] {processor.py:925} INFO - DAG(s) 'example_branch_python_operator_decorator' retrieved from /home/airflow/.local/lib/python3.12/site-packages/airflow/example_dags/example_branch_operator_decorator.py
[2025-07-01T01:12:20.406+0000] {logging_mixin.py:190} INFO - [2025-07-01T01:12:20.406+0000] {dag.py:3239} INFO - Sync 1 DAGs
[2025-07-01T01:12:20.435+0000] {logging_mixin.py:190} INFO - [2025-07-01T01:12:20.435+0000] {dag.py:4180} INFO - Setting next_dagrun for example_branch_python_operator_decorator to 2025-06-30 00:00:00+00:00, run_after=2025-07-01 00:00:00+00:00
[2025-07-01T01:12:20.453+0000] {processor.py:208} INFO - Processing /home/airflow/.local/lib/python3.12/site-packages/airflow/example_dags/example_branch_operator_decorator.py took 0.129 seconds
[2025-07-01T01:12:51.055+0000] {processor.py:186} INFO - Started process (PID=797) to work on /home/airflow/.local/lib/python3.12/site-packages/airflow/example_dags/example_branch_operator_decorator.py
[2025-07-01T01:12:51.056+0000] {processor.py:914} INFO - Processing file /home/airflow/.local/lib/python3.12/site-packages/airflow/example_dags/example_branch_operator_decorator.py for tasks to queue
[2025-07-01T01:12:51.059+0000] {logging_mixin.py:190} INFO - [2025-07-01T01:12:51.058+0000] {dagbag.py:588} INFO - Filling up the DagBag from /home/airflow/.local/lib/python3.12/site-packages/airflow/example_dags/example_branch_operator_decorator.py
[2025-07-01T01:12:51.085+0000] {processor.py:925} INFO - DAG(s) 'example_branch_python_operator_decorator' retrieved from /home/airflow/.local/lib/python3.12/site-packages/airflow/example_dags/example_branch_operator_decorator.py
[2025-07-01T01:12:51.114+0000] {logging_mixin.py:190} INFO - [2025-07-01T01:12:51.114+0000] {dag.py:3239} INFO - Sync 1 DAGs
[2025-07-01T01:12:51.144+0000] {logging_mixin.py:190} INFO - [2025-07-01T01:12:51.144+0000] {dag.py:4180} INFO - Setting next_dagrun for example_branch_python_operator_decorator to 2025-06-30 00:00:00+00:00, run_after=2025-07-01 00:00:00+00:00
[2025-07-01T01:12:51.166+0000] {processor.py:208} INFO - Processing /home/airflow/.local/lib/python3.12/site-packages/airflow/example_dags/example_branch_operator_decorator.py took 0.117 seconds
[2025-07-01T01:13:21.313+0000] {processor.py:186} INFO - Started process (PID=859) to work on /home/airflow/.local/lib/python3.12/site-packages/airflow/example_dags/example_branch_operator_decorator.py
[2025-07-01T01:13:21.314+0000] {processor.py:914} INFO - Processing file /home/airflow/.local/lib/python3.12/site-packages/airflow/example_dags/example_branch_operator_decorator.py for tasks to queue
[2025-07-01T01:13:21.317+0000] {logging_mixin.py:190} INFO - [2025-07-01T01:13:21.316+0000] {dagbag.py:588} INFO - Filling up the DagBag from /home/airflow/.local/lib/python3.12/site-packages/airflow/example_dags/example_branch_operator_decorator.py
[2025-07-01T01:13:21.339+0000] {processor.py:925} INFO - DAG(s) 'example_branch_python_operator_decorator' retrieved from /home/airflow/.local/lib/python3.12/site-packages/airflow/example_dags/example_branch_operator_decorator.py
[2025-07-01T01:13:21.369+0000] {logging_mixin.py:190} INFO - [2025-07-01T01:13:21.368+0000] {dag.py:3239} INFO - Sync 1 DAGs
[2025-07-01T01:13:21.394+0000] {logging_mixin.py:190} INFO - [2025-07-01T01:13:21.394+0000] {dag.py:4180} INFO - Setting next_dagrun for example_branch_python_operator_decorator to 2025-06-30 00:00:00+00:00, run_after=2025-07-01 00:00:00+00:00
[2025-07-01T01:13:21.418+0000] {processor.py:208} INFO - Processing /home/airflow/.local/lib/python3.12/site-packages/airflow/example_dags/example_branch_operator_decorator.py took 0.112 seconds
[2025-07-01T01:13:51.836+0000] {processor.py:186} INFO - Started process (PID=922) to work on /home/airflow/.local/lib/python3.12/site-packages/airflow/example_dags/example_branch_operator_decorator.py
[2025-07-01T01:13:51.838+0000] {processor.py:914} INFO - Processing file /home/airflow/.local/lib/python3.12/site-packages/airflow/example_dags/example_branch_operator_decorator.py for tasks to queue
[2025-07-01T01:13:51.841+0000] {logging_mixin.py:190} INFO - [2025-07-01T01:13:51.840+0000] {dagbag.py:588} INFO - Filling up the DagBag from /home/airflow/.local/lib/python3.12/site-packages/airflow/example_dags/example_branch_operator_decorator.py
[2025-07-01T01:13:51.867+0000] {processor.py:925} INFO - DAG(s) 'example_branch_python_operator_decorator' retrieved from /home/airflow/.local/lib/python3.12/site-packages/airflow/example_dags/example_branch_operator_decorator.py
[2025-07-01T01:13:51.899+0000] {logging_mixin.py:190} INFO - [2025-07-01T01:13:51.899+0000] {dag.py:3239} INFO - Sync 1 DAGs
[2025-07-01T01:13:51.926+0000] {logging_mixin.py:190} INFO - [2025-07-01T01:13:51.926+0000] {dag.py:4180} INFO - Setting next_dagrun for example_branch_python_operator_decorator to 2025-06-30 00:00:00+00:00, run_after=2025-07-01 00:00:00+00:00
[2025-07-01T01:13:51.943+0000] {processor.py:208} INFO - Processing /home/airflow/.local/lib/python3.12/site-packages/airflow/example_dags/example_branch_operator_decorator.py took 0.114 seconds
[2025-07-01T01:14:22.221+0000] {processor.py:186} INFO - Started process (PID=984) to work on /home/airflow/.local/lib/python3.12/site-packages/airflow/example_dags/example_branch_operator_decorator.py
[2025-07-01T01:14:22.223+0000] {processor.py:914} INFO - Processing file /home/airflow/.local/lib/python3.12/site-packages/airflow/example_dags/example_branch_operator_decorator.py for tasks to queue
[2025-07-01T01:14:22.228+0000] {logging_mixin.py:190} INFO - [2025-07-01T01:14:22.227+0000] {dagbag.py:588} INFO - Filling up the DagBag from /home/airflow/.local/lib/python3.12/site-packages/airflow/example_dags/example_branch_operator_decorator.py
[2025-07-01T01:14:22.264+0000] {processor.py:925} INFO - DAG(s) 'example_branch_python_operator_decorator' retrieved from /home/airflow/.local/lib/python3.12/site-packages/airflow/example_dags/example_branch_operator_decorator.py
[2025-07-01T01:14:22.321+0000] {logging_mixin.py:190} INFO - [2025-07-01T01:14:22.320+0000] {dag.py:3239} INFO - Sync 1 DAGs
[2025-07-01T01:14:22.366+0000] {logging_mixin.py:190} INFO - [2025-07-01T01:14:22.365+0000] {dag.py:4180} INFO - Setting next_dagrun for example_branch_python_operator_decorator to 2025-06-30 00:00:00+00:00, run_after=2025-07-01 00:00:00+00:00
[2025-07-01T01:14:22.391+0000] {processor.py:208} INFO - Processing /home/airflow/.local/lib/python3.12/site-packages/airflow/example_dags/example_branch_operator_decorator.py took 0.183 seconds
[2025-07-01T01:14:52.697+0000] {processor.py:186} INFO - Started process (PID=1046) to work on /home/airflow/.local/lib/python3.12/site-packages/airflow/example_dags/example_branch_operator_decorator.py
[2025-07-01T01:14:52.698+0000] {processor.py:914} INFO - Processing file /home/airflow/.local/lib/python3.12/site-packages/airflow/example_dags/example_branch_operator_decorator.py for tasks to queue
[2025-07-01T01:14:52.701+0000] {logging_mixin.py:190} INFO - [2025-07-01T01:14:52.701+0000] {dagbag.py:588} INFO - Filling up the DagBag from /home/airflow/.local/lib/python3.12/site-packages/airflow/example_dags/example_branch_operator_decorator.py
[2025-07-01T01:14:52.729+0000] {processor.py:925} INFO - DAG(s) 'example_branch_python_operator_decorator' retrieved from /home/airflow/.local/lib/python3.12/site-packages/airflow/example_dags/example_branch_operator_decorator.py
[2025-07-01T01:14:52.772+0000] {logging_mixin.py:190} INFO - [2025-07-01T01:14:52.772+0000] {dag.py:3239} INFO - Sync 1 DAGs
[2025-07-01T01:14:52.802+0000] {logging_mixin.py:190} INFO - [2025-07-01T01:14:52.802+0000] {dag.py:4180} INFO - Setting next_dagrun for example_branch_python_operator_decorator to 2025-06-30 00:00:00+00:00, run_after=2025-07-01 00:00:00+00:00
[2025-07-01T01:14:52.835+0000] {processor.py:208} INFO - Processing /home/airflow/.local/lib/python3.12/site-packages/airflow/example_dags/example_branch_operator_decorator.py took 0.144 seconds
[2025-07-01T01:15:23.078+0000] {processor.py:186} INFO - Started process (PID=1114) to work on /home/airflow/.local/lib/python3.12/site-packages/airflow/example_dags/example_branch_operator_decorator.py
[2025-07-01T01:15:23.079+0000] {processor.py:914} INFO - Processing file /home/airflow/.local/lib/python3.12/site-packages/airflow/example_dags/example_branch_operator_decorator.py for tasks to queue
[2025-07-01T01:15:23.085+0000] {logging_mixin.py:190} INFO - [2025-07-01T01:15:23.084+0000] {dagbag.py:588} INFO - Filling up the DagBag from /home/airflow/.local/lib/python3.12/site-packages/airflow/example_dags/example_branch_operator_decorator.py
[2025-07-01T01:15:23.110+0000] {processor.py:925} INFO - DAG(s) 'example_branch_python_operator_decorator' retrieved from /home/airflow/.local/lib/python3.12/site-packages/airflow/example_dags/example_branch_operator_decorator.py
[2025-07-01T01:15:23.139+0000] {logging_mixin.py:190} INFO - [2025-07-01T01:15:23.138+0000] {dag.py:3239} INFO - Sync 1 DAGs
[2025-07-01T01:15:23.169+0000] {logging_mixin.py:190} INFO - [2025-07-01T01:15:23.169+0000] {dag.py:4180} INFO - Setting next_dagrun for example_branch_python_operator_decorator to 2025-06-30 00:00:00+00:00, run_after=2025-07-01 00:00:00+00:00
[2025-07-01T01:15:23.189+0000] {processor.py:208} INFO - Processing /home/airflow/.local/lib/python3.12/site-packages/airflow/example_dags/example_branch_operator_decorator.py took 0.118 seconds
[2025-07-01T01:15:53.307+0000] {processor.py:186} INFO - Started process (PID=1176) to work on /home/airflow/.local/lib/python3.12/site-packages/airflow/example_dags/example_branch_operator_decorator.py
[2025-07-01T01:15:53.308+0000] {processor.py:914} INFO - Processing file /home/airflow/.local/lib/python3.12/site-packages/airflow/example_dags/example_branch_operator_decorator.py for tasks to queue
[2025-07-01T01:15:53.311+0000] {logging_mixin.py:190} INFO - [2025-07-01T01:15:53.311+0000] {dagbag.py:588} INFO - Filling up the DagBag from /home/airflow/.local/lib/python3.12/site-packages/airflow/example_dags/example_branch_operator_decorator.py
[2025-07-01T01:15:53.332+0000] {processor.py:925} INFO - DAG(s) 'example_branch_python_operator_decorator' retrieved from /home/airflow/.local/lib/python3.12/site-packages/airflow/example_dags/example_branch_operator_decorator.py
[2025-07-01T01:15:53.363+0000] {logging_mixin.py:190} INFO - [2025-07-01T01:15:53.362+0000] {dag.py:3239} INFO - Sync 1 DAGs
[2025-07-01T01:15:53.392+0000] {logging_mixin.py:190} INFO - [2025-07-01T01:15:53.392+0000] {dag.py:4180} INFO - Setting next_dagrun for example_branch_python_operator_decorator to 2025-06-30 00:00:00+00:00, run_after=2025-07-01 00:00:00+00:00
[2025-07-01T01:15:53.414+0000] {processor.py:208} INFO - Processing /home/airflow/.local/lib/python3.12/site-packages/airflow/example_dags/example_branch_operator_decorator.py took 0.114 seconds
[2025-07-01T01:16:23.465+0000] {processor.py:186} INFO - Started process (PID=1238) to work on /home/airflow/.local/lib/python3.12/site-packages/airflow/example_dags/example_branch_operator_decorator.py
[2025-07-01T01:16:23.467+0000] {processor.py:914} INFO - Processing file /home/airflow/.local/lib/python3.12/site-packages/airflow/example_dags/example_branch_operator_decorator.py for tasks to queue
[2025-07-01T01:16:23.469+0000] {logging_mixin.py:190} INFO - [2025-07-01T01:16:23.469+0000] {dagbag.py:588} INFO - Filling up the DagBag from /home/airflow/.local/lib/python3.12/site-packages/airflow/example_dags/example_branch_operator_decorator.py
[2025-07-01T01:16:23.490+0000] {processor.py:925} INFO - DAG(s) 'example_branch_python_operator_decorator' retrieved from /home/airflow/.local/lib/python3.12/site-packages/airflow/example_dags/example_branch_operator_decorator.py
[2025-07-01T01:16:23.518+0000] {logging_mixin.py:190} INFO - [2025-07-01T01:16:23.518+0000] {dag.py:3239} INFO - Sync 1 DAGs
[2025-07-01T01:16:23.541+0000] {logging_mixin.py:190} INFO - [2025-07-01T01:16:23.541+0000] {dag.py:4180} INFO - Setting next_dagrun for example_branch_python_operator_decorator to 2025-06-30 00:00:00+00:00, run_after=2025-07-01 00:00:00+00:00
[2025-07-01T01:16:23.560+0000] {processor.py:208} INFO - Processing /home/airflow/.local/lib/python3.12/site-packages/airflow/example_dags/example_branch_operator_decorator.py took 0.101 seconds
[2025-07-01T01:16:53.843+0000] {processor.py:186} INFO - Started process (PID=1299) to work on /home/airflow/.local/lib/python3.12/site-packages/airflow/example_dags/example_branch_operator_decorator.py
[2025-07-01T01:16:53.844+0000] {processor.py:914} INFO - Processing file /home/airflow/.local/lib/python3.12/site-packages/airflow/example_dags/example_branch_operator_decorator.py for tasks to queue
[2025-07-01T01:16:53.848+0000] {logging_mixin.py:190} INFO - [2025-07-01T01:16:53.847+0000] {dagbag.py:588} INFO - Filling up the DagBag from /home/airflow/.local/lib/python3.12/site-packages/airflow/example_dags/example_branch_operator_decorator.py
[2025-07-01T01:16:53.876+0000] {processor.py:925} INFO - DAG(s) 'example_branch_python_operator_decorator' retrieved from /home/airflow/.local/lib/python3.12/site-packages/airflow/example_dags/example_branch_operator_decorator.py
[2025-07-01T01:16:53.906+0000] {logging_mixin.py:190} INFO - [2025-07-01T01:16:53.906+0000] {dag.py:3239} INFO - Sync 1 DAGs
[2025-07-01T01:16:53.934+0000] {logging_mixin.py:190} INFO - [2025-07-01T01:16:53.934+0000] {dag.py:4180} INFO - Setting next_dagrun for example_branch_python_operator_decorator to 2025-06-30 00:00:00+00:00, run_after=2025-07-01 00:00:00+00:00
[2025-07-01T01:16:53.956+0000] {processor.py:208} INFO - Processing /home/airflow/.local/lib/python3.12/site-packages/airflow/example_dags/example_branch_operator_decorator.py took 0.119 seconds
[2025-07-01T01:17:24.580+0000] {processor.py:186} INFO - Started process (PID=1362) to work on /home/airflow/.local/lib/python3.12/site-packages/airflow/example_dags/example_branch_operator_decorator.py
[2025-07-01T01:17:24.582+0000] {processor.py:914} INFO - Processing file /home/airflow/.local/lib/python3.12/site-packages/airflow/example_dags/example_branch_operator_decorator.py for tasks to queue
[2025-07-01T01:17:24.586+0000] {logging_mixin.py:190} INFO - [2025-07-01T01:17:24.586+0000] {dagbag.py:588} INFO - Filling up the DagBag from /home/airflow/.local/lib/python3.12/site-packages/airflow/example_dags/example_branch_operator_decorator.py
[2025-07-01T01:17:24.620+0000] {processor.py:925} INFO - DAG(s) 'example_branch_python_operator_decorator' retrieved from /home/airflow/.local/lib/python3.12/site-packages/airflow/example_dags/example_branch_operator_decorator.py
[2025-07-01T01:17:24.656+0000] {logging_mixin.py:190} INFO - [2025-07-01T01:17:24.655+0000] {dag.py:3239} INFO - Sync 1 DAGs
[2025-07-01T01:17:24.685+0000] {logging_mixin.py:190} INFO - [2025-07-01T01:17:24.685+0000] {dag.py:4180} INFO - Setting next_dagrun for example_branch_python_operator_decorator to 2025-06-30 00:00:00+00:00, run_after=2025-07-01 00:00:00+00:00
[2025-07-01T01:17:24.708+0000] {processor.py:208} INFO - Processing /home/airflow/.local/lib/python3.12/site-packages/airflow/example_dags/example_branch_operator_decorator.py took 0.141 seconds
[2025-07-01T01:17:54.972+0000] {processor.py:186} INFO - Started process (PID=1424) to work on /home/airflow/.local/lib/python3.12/site-packages/airflow/example_dags/example_branch_operator_decorator.py
[2025-07-01T01:17:54.973+0000] {processor.py:914} INFO - Processing file /home/airflow/.local/lib/python3.12/site-packages/airflow/example_dags/example_branch_operator_decorator.py for tasks to queue
[2025-07-01T01:17:54.976+0000] {logging_mixin.py:190} INFO - [2025-07-01T01:17:54.976+0000] {dagbag.py:588} INFO - Filling up the DagBag from /home/airflow/.local/lib/python3.12/site-packages/airflow/example_dags/example_branch_operator_decorator.py
[2025-07-01T01:17:55.001+0000] {processor.py:925} INFO - DAG(s) 'example_branch_python_operator_decorator' retrieved from /home/airflow/.local/lib/python3.12/site-packages/airflow/example_dags/example_branch_operator_decorator.py
[2025-07-01T01:17:55.031+0000] {logging_mixin.py:190} INFO - [2025-07-01T01:17:55.030+0000] {dag.py:3239} INFO - Sync 1 DAGs
[2025-07-01T01:17:55.056+0000] {logging_mixin.py:190} INFO - [2025-07-01T01:17:55.056+0000] {dag.py:4180} INFO - Setting next_dagrun for example_branch_python_operator_decorator to 2025-06-30 00:00:00+00:00, run_after=2025-07-01 00:00:00+00:00
[2025-07-01T01:17:55.087+0000] {processor.py:208} INFO - Processing /home/airflow/.local/lib/python3.12/site-packages/airflow/example_dags/example_branch_operator_decorator.py took 0.122 seconds
[2025-07-01T01:18:25.389+0000] {processor.py:186} INFO - Started process (PID=1486) to work on /home/airflow/.local/lib/python3.12/site-packages/airflow/example_dags/example_branch_operator_decorator.py
[2025-07-01T01:18:25.391+0000] {processor.py:914} INFO - Processing file /home/airflow/.local/lib/python3.12/site-packages/airflow/example_dags/example_branch_operator_decorator.py for tasks to queue
[2025-07-01T01:18:25.395+0000] {logging_mixin.py:190} INFO - [2025-07-01T01:18:25.394+0000] {dagbag.py:588} INFO - Filling up the DagBag from /home/airflow/.local/lib/python3.12/site-packages/airflow/example_dags/example_branch_operator_decorator.py
[2025-07-01T01:18:25.425+0000] {processor.py:925} INFO - DAG(s) 'example_branch_python_operator_decorator' retrieved from /home/airflow/.local/lib/python3.12/site-packages/airflow/example_dags/example_branch_operator_decorator.py
[2025-07-01T01:18:25.459+0000] {logging_mixin.py:190} INFO - [2025-07-01T01:18:25.458+0000] {dag.py:3239} INFO - Sync 1 DAGs
[2025-07-01T01:18:25.488+0000] {logging_mixin.py:190} INFO - [2025-07-01T01:18:25.488+0000] {dag.py:4180} INFO - Setting next_dagrun for example_branch_python_operator_decorator to 2025-06-30 00:00:00+00:00, run_after=2025-07-01 00:00:00+00:00
[2025-07-01T01:18:25.510+0000] {processor.py:208} INFO - Processing /home/airflow/.local/lib/python3.12/site-packages/airflow/example_dags/example_branch_operator_decorator.py took 0.129 seconds
[2025-07-01T01:18:55.702+0000] {processor.py:186} INFO - Started process (PID=1548) to work on /home/airflow/.local/lib/python3.12/site-packages/airflow/example_dags/example_branch_operator_decorator.py
[2025-07-01T01:18:55.703+0000] {processor.py:914} INFO - Processing file /home/airflow/.local/lib/python3.12/site-packages/airflow/example_dags/example_branch_operator_decorator.py for tasks to queue
[2025-07-01T01:18:55.706+0000] {logging_mixin.py:190} INFO - [2025-07-01T01:18:55.705+0000] {dagbag.py:588} INFO - Filling up the DagBag from /home/airflow/.local/lib/python3.12/site-packages/airflow/example_dags/example_branch_operator_decorator.py
[2025-07-01T01:18:55.736+0000] {processor.py:925} INFO - DAG(s) 'example_branch_python_operator_decorator' retrieved from /home/airflow/.local/lib/python3.12/site-packages/airflow/example_dags/example_branch_operator_decorator.py
[2025-07-01T01:18:55.774+0000] {logging_mixin.py:190} INFO - [2025-07-01T01:18:55.774+0000] {dag.py:3239} INFO - Sync 1 DAGs
[2025-07-01T01:18:55.812+0000] {logging_mixin.py:190} INFO - [2025-07-01T01:18:55.812+0000] {dag.py:4180} INFO - Setting next_dagrun for example_branch_python_operator_decorator to 2025-06-30 00:00:00+00:00, run_after=2025-07-01 00:00:00+00:00
[2025-07-01T01:18:55.838+0000] {processor.py:208} INFO - Processing /home/airflow/.local/lib/python3.12/site-packages/airflow/example_dags/example_branch_operator_decorator.py took 0.143 seconds
[2025-07-01T01:19:25.986+0000] {processor.py:186} INFO - Started process (PID=1610) to work on /home/airflow/.local/lib/python3.12/site-packages/airflow/example_dags/example_branch_operator_decorator.py
[2025-07-01T01:19:25.987+0000] {processor.py:914} INFO - Processing file /home/airflow/.local/lib/python3.12/site-packages/airflow/example_dags/example_branch_operator_decorator.py for tasks to queue
[2025-07-01T01:19:25.990+0000] {logging_mixin.py:190} INFO - [2025-07-01T01:19:25.990+0000] {dagbag.py:588} INFO - Filling up the DagBag from /home/airflow/.local/lib/python3.12/site-packages/airflow/example_dags/example_branch_operator_decorator.py
[2025-07-01T01:19:26.015+0000] {processor.py:925} INFO - DAG(s) 'example_branch_python_operator_decorator' retrieved from /home/airflow/.local/lib/python3.12/site-packages/airflow/example_dags/example_branch_operator_decorator.py
[2025-07-01T01:19:26.045+0000] {logging_mixin.py:190} INFO - [2025-07-01T01:19:26.045+0000] {dag.py:3239} INFO - Sync 1 DAGs
[2025-07-01T01:19:26.073+0000] {logging_mixin.py:190} INFO - [2025-07-01T01:19:26.072+0000] {dag.py:4180} INFO - Setting next_dagrun for example_branch_python_operator_decorator to 2025-06-30 00:00:00+00:00, run_after=2025-07-01 00:00:00+00:00
[2025-07-01T01:19:26.092+0000] {processor.py:208} INFO - Processing /home/airflow/.local/lib/python3.12/site-packages/airflow/example_dags/example_branch_operator_decorator.py took 0.115 seconds
[2025-07-01T01:19:56.305+0000] {processor.py:186} INFO - Started process (PID=1672) to work on /home/airflow/.local/lib/python3.12/site-packages/airflow/example_dags/example_branch_operator_decorator.py
[2025-07-01T01:19:56.306+0000] {processor.py:914} INFO - Processing file /home/airflow/.local/lib/python3.12/site-packages/airflow/example_dags/example_branch_operator_decorator.py for tasks to queue
[2025-07-01T01:19:56.309+0000] {logging_mixin.py:190} INFO - [2025-07-01T01:19:56.309+0000] {dagbag.py:588} INFO - Filling up the DagBag from /home/airflow/.local/lib/python3.12/site-packages/airflow/example_dags/example_branch_operator_decorator.py
[2025-07-01T01:19:56.334+0000] {processor.py:925} INFO - DAG(s) 'example_branch_python_operator_decorator' retrieved from /home/airflow/.local/lib/python3.12/site-packages/airflow/example_dags/example_branch_operator_decorator.py
[2025-07-01T01:19:56.366+0000] {logging_mixin.py:190} INFO - [2025-07-01T01:19:56.366+0000] {dag.py:3239} INFO - Sync 1 DAGs
[2025-07-01T01:19:56.397+0000] {logging_mixin.py:190} INFO - [2025-07-01T01:19:56.396+0000] {dag.py:4180} INFO - Setting next_dagrun for example_branch_python_operator_decorator to 2025-06-30 00:00:00+00:00, run_after=2025-07-01 00:00:00+00:00
[2025-07-01T01:19:56.421+0000] {processor.py:208} INFO - Processing /home/airflow/.local/lib/python3.12/site-packages/airflow/example_dags/example_branch_operator_decorator.py took 0.123 seconds
[2025-07-01T01:20:26.948+0000] {processor.py:186} INFO - Started process (PID=1734) to work on /home/airflow/.local/lib/python3.12/site-packages/airflow/example_dags/example_branch_operator_decorator.py
[2025-07-01T01:20:26.949+0000] {processor.py:914} INFO - Processing file /home/airflow/.local/lib/python3.12/site-packages/airflow/example_dags/example_branch_operator_decorator.py for tasks to queue
[2025-07-01T01:20:26.952+0000] {logging_mixin.py:190} INFO - [2025-07-01T01:20:26.952+0000] {dagbag.py:588} INFO - Filling up the DagBag from /home/airflow/.local/lib/python3.12/site-packages/airflow/example_dags/example_branch_operator_decorator.py
[2025-07-01T01:20:26.973+0000] {processor.py:925} INFO - DAG(s) 'example_branch_python_operator_decorator' retrieved from /home/airflow/.local/lib/python3.12/site-packages/airflow/example_dags/example_branch_operator_decorator.py
[2025-07-01T01:20:27.003+0000] {logging_mixin.py:190} INFO - [2025-07-01T01:20:27.003+0000] {dag.py:3239} INFO - Sync 1 DAGs
[2025-07-01T01:20:27.028+0000] {logging_mixin.py:190} INFO - [2025-07-01T01:20:27.028+0000] {dag.py:4180} INFO - Setting next_dagrun for example_branch_python_operator_decorator to 2025-06-30 00:00:00+00:00, run_after=2025-07-01 00:00:00+00:00
[2025-07-01T01:20:27.047+0000] {processor.py:208} INFO - Processing /home/airflow/.local/lib/python3.12/site-packages/airflow/example_dags/example_branch_operator_decorator.py took 0.104 seconds
[2025-07-01T01:20:57.088+0000] {processor.py:186} INFO - Started process (PID=1796) to work on /home/airflow/.local/lib/python3.12/site-packages/airflow/example_dags/example_branch_operator_decorator.py
[2025-07-01T01:20:57.089+0000] {processor.py:914} INFO - Processing file /home/airflow/.local/lib/python3.12/site-packages/airflow/example_dags/example_branch_operator_decorator.py for tasks to queue
[2025-07-01T01:20:57.092+0000] {logging_mixin.py:190} INFO - [2025-07-01T01:20:57.091+0000] {dagbag.py:588} INFO - Filling up the DagBag from /home/airflow/.local/lib/python3.12/site-packages/airflow/example_dags/example_branch_operator_decorator.py
[2025-07-01T01:20:57.113+0000] {processor.py:925} INFO - DAG(s) 'example_branch_python_operator_decorator' retrieved from /home/airflow/.local/lib/python3.12/site-packages/airflow/example_dags/example_branch_operator_decorator.py
[2025-07-01T01:20:57.143+0000] {logging_mixin.py:190} INFO - [2025-07-01T01:20:57.143+0000] {dag.py:3239} INFO - Sync 1 DAGs
[2025-07-01T01:20:57.169+0000] {logging_mixin.py:190} INFO - [2025-07-01T01:20:57.169+0000] {dag.py:4180} INFO - Setting next_dagrun for example_branch_python_operator_decorator to 2025-06-30 00:00:00+00:00, run_after=2025-07-01 00:00:00+00:00
[2025-07-01T01:20:57.188+0000] {processor.py:208} INFO - Processing /home/airflow/.local/lib/python3.12/site-packages/airflow/example_dags/example_branch_operator_decorator.py took 0.105 seconds
[2025-07-01T01:21:27.483+0000] {processor.py:186} INFO - Started process (PID=1858) to work on /home/airflow/.local/lib/python3.12/site-packages/airflow/example_dags/example_branch_operator_decorator.py
[2025-07-01T01:21:27.484+0000] {processor.py:914} INFO - Processing file /home/airflow/.local/lib/python3.12/site-packages/airflow/example_dags/example_branch_operator_decorator.py for tasks to queue
[2025-07-01T01:21:27.487+0000] {logging_mixin.py:190} INFO - [2025-07-01T01:21:27.486+0000] {dagbag.py:588} INFO - Filling up the DagBag from /home/airflow/.local/lib/python3.12/site-packages/airflow/example_dags/example_branch_operator_decorator.py
[2025-07-01T01:21:27.507+0000] {processor.py:925} INFO - DAG(s) 'example_branch_python_operator_decorator' retrieved from /home/airflow/.local/lib/python3.12/site-packages/airflow/example_dags/example_branch_operator_decorator.py
[2025-07-01T01:21:27.533+0000] {logging_mixin.py:190} INFO - [2025-07-01T01:21:27.532+0000] {dag.py:3239} INFO - Sync 1 DAGs
[2025-07-01T01:21:27.555+0000] {logging_mixin.py:190} INFO - [2025-07-01T01:21:27.555+0000] {dag.py:4180} INFO - Setting next_dagrun for example_branch_python_operator_decorator to 2025-06-30 00:00:00+00:00, run_after=2025-07-01 00:00:00+00:00
[2025-07-01T01:21:27.573+0000] {processor.py:208} INFO - Processing /home/airflow/.local/lib/python3.12/site-packages/airflow/example_dags/example_branch_operator_decorator.py took 0.095 seconds
[2025-07-01T01:21:58.077+0000] {processor.py:186} INFO - Started process (PID=1920) to work on /home/airflow/.local/lib/python3.12/site-packages/airflow/example_dags/example_branch_operator_decorator.py
[2025-07-01T01:21:58.078+0000] {processor.py:914} INFO - Processing file /home/airflow/.local/lib/python3.12/site-packages/airflow/example_dags/example_branch_operator_decorator.py for tasks to queue
[2025-07-01T01:21:58.080+0000] {logging_mixin.py:190} INFO - [2025-07-01T01:21:58.080+0000] {dagbag.py:588} INFO - Filling up the DagBag from /home/airflow/.local/lib/python3.12/site-packages/airflow/example_dags/example_branch_operator_decorator.py
[2025-07-01T01:21:58.104+0000] {processor.py:925} INFO - DAG(s) 'example_branch_python_operator_decorator' retrieved from /home/airflow/.local/lib/python3.12/site-packages/airflow/example_dags/example_branch_operator_decorator.py
[2025-07-01T01:21:58.133+0000] {logging_mixin.py:190} INFO - [2025-07-01T01:21:58.133+0000] {dag.py:3239} INFO - Sync 1 DAGs
[2025-07-01T01:21:58.159+0000] {logging_mixin.py:190} INFO - [2025-07-01T01:21:58.159+0000] {dag.py:4180} INFO - Setting next_dagrun for example_branch_python_operator_decorator to 2025-06-30 00:00:00+00:00, run_after=2025-07-01 00:00:00+00:00
[2025-07-01T01:21:58.182+0000] {processor.py:208} INFO - Processing /home/airflow/.local/lib/python3.12/site-packages/airflow/example_dags/example_branch_operator_decorator.py took 0.111 seconds
[2025-07-01T01:22:28.305+0000] {processor.py:186} INFO - Started process (PID=1981) to work on /home/airflow/.local/lib/python3.12/site-packages/airflow/example_dags/example_branch_operator_decorator.py
[2025-07-01T01:22:28.306+0000] {processor.py:914} INFO - Processing file /home/airflow/.local/lib/python3.12/site-packages/airflow/example_dags/example_branch_operator_decorator.py for tasks to queue
[2025-07-01T01:22:28.309+0000] {logging_mixin.py:190} INFO - [2025-07-01T01:22:28.308+0000] {dagbag.py:588} INFO - Filling up the DagBag from /home/airflow/.local/lib/python3.12/site-packages/airflow/example_dags/example_branch_operator_decorator.py
[2025-07-01T01:22:28.329+0000] {processor.py:925} INFO - DAG(s) 'example_branch_python_operator_decorator' retrieved from /home/airflow/.local/lib/python3.12/site-packages/airflow/example_dags/example_branch_operator_decorator.py
[2025-07-01T01:22:28.356+0000] {logging_mixin.py:190} INFO - [2025-07-01T01:22:28.356+0000] {dag.py:3239} INFO - Sync 1 DAGs
[2025-07-01T01:22:28.379+0000] {logging_mixin.py:190} INFO - [2025-07-01T01:22:28.379+0000] {dag.py:4180} INFO - Setting next_dagrun for example_branch_python_operator_decorator to 2025-06-30 00:00:00+00:00, run_after=2025-07-01 00:00:00+00:00
[2025-07-01T01:22:28.395+0000] {processor.py:208} INFO - Processing /home/airflow/.local/lib/python3.12/site-packages/airflow/example_dags/example_branch_operator_decorator.py took 0.096 seconds
[2025-07-01T01:22:58.599+0000] {processor.py:186} INFO - Started process (PID=2043) to work on /home/airflow/.local/lib/python3.12/site-packages/airflow/example_dags/example_branch_operator_decorator.py
[2025-07-01T01:22:58.600+0000] {processor.py:914} INFO - Processing file /home/airflow/.local/lib/python3.12/site-packages/airflow/example_dags/example_branch_operator_decorator.py for tasks to queue
[2025-07-01T01:22:58.603+0000] {logging_mixin.py:190} INFO - [2025-07-01T01:22:58.602+0000] {dagbag.py:588} INFO - Filling up the DagBag from /home/airflow/.local/lib/python3.12/site-packages/airflow/example_dags/example_branch_operator_decorator.py
[2025-07-01T01:22:58.624+0000] {processor.py:925} INFO - DAG(s) 'example_branch_python_operator_decorator' retrieved from /home/airflow/.local/lib/python3.12/site-packages/airflow/example_dags/example_branch_operator_decorator.py
[2025-07-01T01:22:58.651+0000] {logging_mixin.py:190} INFO - [2025-07-01T01:22:58.651+0000] {dag.py:3239} INFO - Sync 1 DAGs
[2025-07-01T01:22:58.674+0000] {logging_mixin.py:190} INFO - [2025-07-01T01:22:58.674+0000] {dag.py:4180} INFO - Setting next_dagrun for example_branch_python_operator_decorator to 2025-06-30 00:00:00+00:00, run_after=2025-07-01 00:00:00+00:00
[2025-07-01T01:22:58.691+0000] {processor.py:208} INFO - Processing /home/airflow/.local/lib/python3.12/site-packages/airflow/example_dags/example_branch_operator_decorator.py took 0.097 seconds
[2025-07-01T01:23:29.212+0000] {processor.py:186} INFO - Started process (PID=2105) to work on /home/airflow/.local/lib/python3.12/site-packages/airflow/example_dags/example_branch_operator_decorator.py
[2025-07-01T01:23:29.213+0000] {processor.py:914} INFO - Processing file /home/airflow/.local/lib/python3.12/site-packages/airflow/example_dags/example_branch_operator_decorator.py for tasks to queue
[2025-07-01T01:23:29.216+0000] {logging_mixin.py:190} INFO - [2025-07-01T01:23:29.215+0000] {dagbag.py:588} INFO - Filling up the DagBag from /home/airflow/.local/lib/python3.12/site-packages/airflow/example_dags/example_branch_operator_decorator.py
[2025-07-01T01:23:29.236+0000] {processor.py:925} INFO - DAG(s) 'example_branch_python_operator_decorator' retrieved from /home/airflow/.local/lib/python3.12/site-packages/airflow/example_dags/example_branch_operator_decorator.py
[2025-07-01T01:23:29.263+0000] {logging_mixin.py:190} INFO - [2025-07-01T01:23:29.263+0000] {dag.py:3239} INFO - Sync 1 DAGs
[2025-07-01T01:23:29.286+0000] {logging_mixin.py:190} INFO - [2025-07-01T01:23:29.286+0000] {dag.py:4180} INFO - Setting next_dagrun for example_branch_python_operator_decorator to 2025-06-30 00:00:00+00:00, run_after=2025-07-01 00:00:00+00:00
[2025-07-01T01:23:29.303+0000] {processor.py:208} INFO - Processing /home/airflow/.local/lib/python3.12/site-packages/airflow/example_dags/example_branch_operator_decorator.py took 0.097 seconds
[2025-07-01T01:24:00.099+0000] {processor.py:186} INFO - Started process (PID=2167) to work on /home/airflow/.local/lib/python3.12/site-packages/airflow/example_dags/example_branch_operator_decorator.py
[2025-07-01T01:24:00.100+0000] {processor.py:914} INFO - Processing file /home/airflow/.local/lib/python3.12/site-packages/airflow/example_dags/example_branch_operator_decorator.py for tasks to queue
[2025-07-01T01:24:00.102+0000] {logging_mixin.py:190} INFO - [2025-07-01T01:24:00.102+0000] {dagbag.py:588} INFO - Filling up the DagBag from /home/airflow/.local/lib/python3.12/site-packages/airflow/example_dags/example_branch_operator_decorator.py
[2025-07-01T01:24:00.123+0000] {processor.py:925} INFO - DAG(s) 'example_branch_python_operator_decorator' retrieved from /home/airflow/.local/lib/python3.12/site-packages/airflow/example_dags/example_branch_operator_decorator.py
[2025-07-01T01:24:00.148+0000] {logging_mixin.py:190} INFO - [2025-07-01T01:24:00.148+0000] {dag.py:3239} INFO - Sync 1 DAGs
[2025-07-01T01:24:00.172+0000] {logging_mixin.py:190} INFO - [2025-07-01T01:24:00.172+0000] {dag.py:4180} INFO - Setting next_dagrun for example_branch_python_operator_decorator to 2025-06-30 00:00:00+00:00, run_after=2025-07-01 00:00:00+00:00
[2025-07-01T01:24:00.190+0000] {processor.py:208} INFO - Processing /home/airflow/.local/lib/python3.12/site-packages/airflow/example_dags/example_branch_operator_decorator.py took 0.097 seconds
[2025-07-01T01:24:30.798+0000] {processor.py:186} INFO - Started process (PID=2229) to work on /home/airflow/.local/lib/python3.12/site-packages/airflow/example_dags/example_branch_operator_decorator.py
[2025-07-01T01:24:30.799+0000] {processor.py:914} INFO - Processing file /home/airflow/.local/lib/python3.12/site-packages/airflow/example_dags/example_branch_operator_decorator.py for tasks to queue
[2025-07-01T01:24:30.802+0000] {logging_mixin.py:190} INFO - [2025-07-01T01:24:30.802+0000] {dagbag.py:588} INFO - Filling up the DagBag from /home/airflow/.local/lib/python3.12/site-packages/airflow/example_dags/example_branch_operator_decorator.py
[2025-07-01T01:24:30.825+0000] {processor.py:925} INFO - DAG(s) 'example_branch_python_operator_decorator' retrieved from /home/airflow/.local/lib/python3.12/site-packages/airflow/example_dags/example_branch_operator_decorator.py
[2025-07-01T01:24:30.852+0000] {logging_mixin.py:190} INFO - [2025-07-01T01:24:30.851+0000] {dag.py:3239} INFO - Sync 1 DAGs
[2025-07-01T01:24:30.875+0000] {logging_mixin.py:190} INFO - [2025-07-01T01:24:30.875+0000] {dag.py:4180} INFO - Setting next_dagrun for example_branch_python_operator_decorator to 2025-06-30 00:00:00+00:00, run_after=2025-07-01 00:00:00+00:00
[2025-07-01T01:24:30.893+0000] {processor.py:208} INFO - Processing /home/airflow/.local/lib/python3.12/site-packages/airflow/example_dags/example_branch_operator_decorator.py took 0.102 seconds
[2025-07-01T01:25:01.581+0000] {processor.py:186} INFO - Started process (PID=2291) to work on /home/airflow/.local/lib/python3.12/site-packages/airflow/example_dags/example_branch_operator_decorator.py
[2025-07-01T01:25:01.583+0000] {processor.py:914} INFO - Processing file /home/airflow/.local/lib/python3.12/site-packages/airflow/example_dags/example_branch_operator_decorator.py for tasks to queue
[2025-07-01T01:25:01.588+0000] {logging_mixin.py:190} INFO - [2025-07-01T01:25:01.587+0000] {dagbag.py:588} INFO - Filling up the DagBag from /home/airflow/.local/lib/python3.12/site-packages/airflow/example_dags/example_branch_operator_decorator.py
[2025-07-01T01:25:01.624+0000] {processor.py:925} INFO - DAG(s) 'example_branch_python_operator_decorator' retrieved from /home/airflow/.local/lib/python3.12/site-packages/airflow/example_dags/example_branch_operator_decorator.py
[2025-07-01T01:25:01.659+0000] {logging_mixin.py:190} INFO - [2025-07-01T01:25:01.659+0000] {dag.py:3239} INFO - Sync 1 DAGs
[2025-07-01T01:25:01.683+0000] {logging_mixin.py:190} INFO - [2025-07-01T01:25:01.683+0000] {dag.py:4180} INFO - Setting next_dagrun for example_branch_python_operator_decorator to 2025-06-30 00:00:00+00:00, run_after=2025-07-01 00:00:00+00:00
[2025-07-01T01:25:01.700+0000] {processor.py:208} INFO - Processing /home/airflow/.local/lib/python3.12/site-packages/airflow/example_dags/example_branch_operator_decorator.py took 0.131 seconds
[2025-07-01T01:25:32.068+0000] {processor.py:186} INFO - Started process (PID=2353) to work on /home/airflow/.local/lib/python3.12/site-packages/airflow/example_dags/example_branch_operator_decorator.py
[2025-07-01T01:25:32.070+0000] {processor.py:914} INFO - Processing file /home/airflow/.local/lib/python3.12/site-packages/airflow/example_dags/example_branch_operator_decorator.py for tasks to queue
[2025-07-01T01:25:32.074+0000] {logging_mixin.py:190} INFO - [2025-07-01T01:25:32.073+0000] {dagbag.py:588} INFO - Filling up the DagBag from /home/airflow/.local/lib/python3.12/site-packages/airflow/example_dags/example_branch_operator_decorator.py
[2025-07-01T01:25:32.105+0000] {processor.py:925} INFO - DAG(s) 'example_branch_python_operator_decorator' retrieved from /home/airflow/.local/lib/python3.12/site-packages/airflow/example_dags/example_branch_operator_decorator.py
[2025-07-01T01:25:32.141+0000] {logging_mixin.py:190} INFO - [2025-07-01T01:25:32.140+0000] {dag.py:3239} INFO - Sync 1 DAGs
[2025-07-01T01:25:32.176+0000] {logging_mixin.py:190} INFO - [2025-07-01T01:25:32.175+0000] {dag.py:4180} INFO - Setting next_dagrun for example_branch_python_operator_decorator to 2025-06-30 00:00:00+00:00, run_after=2025-07-01 00:00:00+00:00
[2025-07-01T01:25:32.198+0000] {processor.py:208} INFO - Processing /home/airflow/.local/lib/python3.12/site-packages/airflow/example_dags/example_branch_operator_decorator.py took 0.139 seconds
[2025-07-01T01:26:02.254+0000] {processor.py:186} INFO - Started process (PID=2416) to work on /home/airflow/.local/lib/python3.12/site-packages/airflow/example_dags/example_branch_operator_decorator.py
[2025-07-01T01:26:02.255+0000] {processor.py:914} INFO - Processing file /home/airflow/.local/lib/python3.12/site-packages/airflow/example_dags/example_branch_operator_decorator.py for tasks to queue
[2025-07-01T01:26:02.258+0000] {logging_mixin.py:190} INFO - [2025-07-01T01:26:02.258+0000] {dagbag.py:588} INFO - Filling up the DagBag from /home/airflow/.local/lib/python3.12/site-packages/airflow/example_dags/example_branch_operator_decorator.py
[2025-07-01T01:26:02.285+0000] {processor.py:925} INFO - DAG(s) 'example_branch_python_operator_decorator' retrieved from /home/airflow/.local/lib/python3.12/site-packages/airflow/example_dags/example_branch_operator_decorator.py
[2025-07-01T01:26:02.313+0000] {logging_mixin.py:190} INFO - [2025-07-01T01:26:02.312+0000] {dag.py:3239} INFO - Sync 1 DAGs
[2025-07-01T01:26:02.341+0000] {logging_mixin.py:190} INFO - [2025-07-01T01:26:02.341+0000] {dag.py:4180} INFO - Setting next_dagrun for example_branch_python_operator_decorator to 2025-06-30 00:00:00+00:00, run_after=2025-07-01 00:00:00+00:00
[2025-07-01T01:26:02.360+0000] {processor.py:208} INFO - Processing /home/airflow/.local/lib/python3.12/site-packages/airflow/example_dags/example_branch_operator_decorator.py took 0.114 seconds
[2025-07-01T01:26:32.739+0000] {processor.py:186} INFO - Started process (PID=2478) to work on /home/airflow/.local/lib/python3.12/site-packages/airflow/example_dags/example_branch_operator_decorator.py
[2025-07-01T01:26:32.741+0000] {processor.py:914} INFO - Processing file /home/airflow/.local/lib/python3.12/site-packages/airflow/example_dags/example_branch_operator_decorator.py for tasks to queue
[2025-07-01T01:26:32.744+0000] {logging_mixin.py:190} INFO - [2025-07-01T01:26:32.743+0000] {dagbag.py:588} INFO - Filling up the DagBag from /home/airflow/.local/lib/python3.12/site-packages/airflow/example_dags/example_branch_operator_decorator.py
[2025-07-01T01:26:32.777+0000] {processor.py:925} INFO - DAG(s) 'example_branch_python_operator_decorator' retrieved from /home/airflow/.local/lib/python3.12/site-packages/airflow/example_dags/example_branch_operator_decorator.py
[2025-07-01T01:26:32.811+0000] {logging_mixin.py:190} INFO - [2025-07-01T01:26:32.811+0000] {dag.py:3239} INFO - Sync 1 DAGs
[2025-07-01T01:26:32.854+0000] {logging_mixin.py:190} INFO - [2025-07-01T01:26:32.854+0000] {dag.py:4180} INFO - Setting next_dagrun for example_branch_python_operator_decorator to 2025-06-30 00:00:00+00:00, run_after=2025-07-01 00:00:00+00:00
[2025-07-01T01:26:32.885+0000] {processor.py:208} INFO - Processing /home/airflow/.local/lib/python3.12/site-packages/airflow/example_dags/example_branch_operator_decorator.py took 0.154 seconds
[2025-07-01T01:27:03.460+0000] {processor.py:186} INFO - Started process (PID=2540) to work on /home/airflow/.local/lib/python3.12/site-packages/airflow/example_dags/example_branch_operator_decorator.py
[2025-07-01T01:27:03.461+0000] {processor.py:914} INFO - Processing file /home/airflow/.local/lib/python3.12/site-packages/airflow/example_dags/example_branch_operator_decorator.py for tasks to queue
[2025-07-01T01:27:03.464+0000] {logging_mixin.py:190} INFO - [2025-07-01T01:27:03.463+0000] {dagbag.py:588} INFO - Filling up the DagBag from /home/airflow/.local/lib/python3.12/site-packages/airflow/example_dags/example_branch_operator_decorator.py
[2025-07-01T01:27:03.486+0000] {processor.py:925} INFO - DAG(s) 'example_branch_python_operator_decorator' retrieved from /home/airflow/.local/lib/python3.12/site-packages/airflow/example_dags/example_branch_operator_decorator.py
[2025-07-01T01:27:03.521+0000] {logging_mixin.py:190} INFO - [2025-07-01T01:27:03.521+0000] {dag.py:3239} INFO - Sync 1 DAGs
[2025-07-01T01:27:03.552+0000] {logging_mixin.py:190} INFO - [2025-07-01T01:27:03.551+0000] {dag.py:4180} INFO - Setting next_dagrun for example_branch_python_operator_decorator to 2025-06-30 00:00:00+00:00, run_after=2025-07-01 00:00:00+00:00
[2025-07-01T01:27:03.574+0000] {processor.py:208} INFO - Processing /home/airflow/.local/lib/python3.12/site-packages/airflow/example_dags/example_branch_operator_decorator.py took 0.121 seconds
[2025-07-01T01:27:34.349+0000] {processor.py:186} INFO - Started process (PID=2602) to work on /home/airflow/.local/lib/python3.12/site-packages/airflow/example_dags/example_branch_operator_decorator.py
[2025-07-01T01:27:34.350+0000] {processor.py:914} INFO - Processing file /home/airflow/.local/lib/python3.12/site-packages/airflow/example_dags/example_branch_operator_decorator.py for tasks to queue
[2025-07-01T01:27:34.353+0000] {logging_mixin.py:190} INFO - [2025-07-01T01:27:34.353+0000] {dagbag.py:588} INFO - Filling up the DagBag from /home/airflow/.local/lib/python3.12/site-packages/airflow/example_dags/example_branch_operator_decorator.py
[2025-07-01T01:27:34.374+0000] {processor.py:925} INFO - DAG(s) 'example_branch_python_operator_decorator' retrieved from /home/airflow/.local/lib/python3.12/site-packages/airflow/example_dags/example_branch_operator_decorator.py
[2025-07-01T01:27:34.400+0000] {logging_mixin.py:190} INFO - [2025-07-01T01:27:34.400+0000] {dag.py:3239} INFO - Sync 1 DAGs
[2025-07-01T01:27:34.424+0000] {logging_mixin.py:190} INFO - [2025-07-01T01:27:34.424+0000] {dag.py:4180} INFO - Setting next_dagrun for example_branch_python_operator_decorator to 2025-06-30 00:00:00+00:00, run_after=2025-07-01 00:00:00+00:00
[2025-07-01T01:27:34.442+0000] {processor.py:208} INFO - Processing /home/airflow/.local/lib/python3.12/site-packages/airflow/example_dags/example_branch_operator_decorator.py took 0.099 seconds
[2025-07-01T01:28:05.597+0000] {processor.py:186} INFO - Started process (PID=2664) to work on /home/airflow/.local/lib/python3.12/site-packages/airflow/example_dags/example_branch_operator_decorator.py
[2025-07-01T01:28:05.598+0000] {processor.py:914} INFO - Processing file /home/airflow/.local/lib/python3.12/site-packages/airflow/example_dags/example_branch_operator_decorator.py for tasks to queue
[2025-07-01T01:28:05.602+0000] {logging_mixin.py:190} INFO - [2025-07-01T01:28:05.602+0000] {dagbag.py:588} INFO - Filling up the DagBag from /home/airflow/.local/lib/python3.12/site-packages/airflow/example_dags/example_branch_operator_decorator.py
[2025-07-01T01:28:05.630+0000] {processor.py:925} INFO - DAG(s) 'example_branch_python_operator_decorator' retrieved from /home/airflow/.local/lib/python3.12/site-packages/airflow/example_dags/example_branch_operator_decorator.py
[2025-07-01T01:28:05.658+0000] {logging_mixin.py:190} INFO - [2025-07-01T01:28:05.658+0000] {dag.py:3239} INFO - Sync 1 DAGs
[2025-07-01T01:28:05.681+0000] {logging_mixin.py:190} INFO - [2025-07-01T01:28:05.681+0000] {dag.py:4180} INFO - Setting next_dagrun for example_branch_python_operator_decorator to 2025-06-30 00:00:00+00:00, run_after=2025-07-01 00:00:00+00:00
[2025-07-01T01:28:05.698+0000] {processor.py:208} INFO - Processing /home/airflow/.local/lib/python3.12/site-packages/airflow/example_dags/example_branch_operator_decorator.py took 0.110 seconds
[2025-07-01T01:28:37.021+0000] {processor.py:186} INFO - Started process (PID=2726) to work on /home/airflow/.local/lib/python3.12/site-packages/airflow/example_dags/example_branch_operator_decorator.py
[2025-07-01T01:28:37.022+0000] {processor.py:914} INFO - Processing file /home/airflow/.local/lib/python3.12/site-packages/airflow/example_dags/example_branch_operator_decorator.py for tasks to queue
[2025-07-01T01:28:37.025+0000] {logging_mixin.py:190} INFO - [2025-07-01T01:28:37.025+0000] {dagbag.py:588} INFO - Filling up the DagBag from /home/airflow/.local/lib/python3.12/site-packages/airflow/example_dags/example_branch_operator_decorator.py
[2025-07-01T01:28:37.049+0000] {processor.py:925} INFO - DAG(s) 'example_branch_python_operator_decorator' retrieved from /home/airflow/.local/lib/python3.12/site-packages/airflow/example_dags/example_branch_operator_decorator.py
[2025-07-01T01:28:37.076+0000] {logging_mixin.py:190} INFO - [2025-07-01T01:28:37.075+0000] {dag.py:3239} INFO - Sync 1 DAGs
[2025-07-01T01:28:37.098+0000] {logging_mixin.py:190} INFO - [2025-07-01T01:28:37.098+0000] {dag.py:4180} INFO - Setting next_dagrun for example_branch_python_operator_decorator to 2025-06-30 00:00:00+00:00, run_after=2025-07-01 00:00:00+00:00
[2025-07-01T01:28:37.118+0000] {processor.py:208} INFO - Processing /home/airflow/.local/lib/python3.12/site-packages/airflow/example_dags/example_branch_operator_decorator.py took 0.103 seconds
[2025-07-01T01:29:08.017+0000] {processor.py:186} INFO - Started process (PID=2788) to work on /home/airflow/.local/lib/python3.12/site-packages/airflow/example_dags/example_branch_operator_decorator.py
[2025-07-01T01:29:08.018+0000] {processor.py:914} INFO - Processing file /home/airflow/.local/lib/python3.12/site-packages/airflow/example_dags/example_branch_operator_decorator.py for tasks to queue
[2025-07-01T01:29:08.021+0000] {logging_mixin.py:190} INFO - [2025-07-01T01:29:08.020+0000] {dagbag.py:588} INFO - Filling up the DagBag from /home/airflow/.local/lib/python3.12/site-packages/airflow/example_dags/example_branch_operator_decorator.py
[2025-07-01T01:29:08.041+0000] {processor.py:925} INFO - DAG(s) 'example_branch_python_operator_decorator' retrieved from /home/airflow/.local/lib/python3.12/site-packages/airflow/example_dags/example_branch_operator_decorator.py
[2025-07-01T01:29:08.066+0000] {logging_mixin.py:190} INFO - [2025-07-01T01:29:08.066+0000] {dag.py:3239} INFO - Sync 1 DAGs
[2025-07-01T01:29:08.093+0000] {logging_mixin.py:190} INFO - [2025-07-01T01:29:08.093+0000] {dag.py:4180} INFO - Setting next_dagrun for example_branch_python_operator_decorator to 2025-06-30 00:00:00+00:00, run_after=2025-07-01 00:00:00+00:00
[2025-07-01T01:29:08.110+0000] {processor.py:208} INFO - Processing /home/airflow/.local/lib/python3.12/site-packages/airflow/example_dags/example_branch_operator_decorator.py took 0.099 seconds
[2025-07-01T01:29:38.218+0000] {processor.py:186} INFO - Started process (PID=2850) to work on /home/airflow/.local/lib/python3.12/site-packages/airflow/example_dags/example_branch_operator_decorator.py
[2025-07-01T01:29:38.219+0000] {processor.py:914} INFO - Processing file /home/airflow/.local/lib/python3.12/site-packages/airflow/example_dags/example_branch_operator_decorator.py for tasks to queue
[2025-07-01T01:29:38.222+0000] {logging_mixin.py:190} INFO - [2025-07-01T01:29:38.221+0000] {dagbag.py:588} INFO - Filling up the DagBag from /home/airflow/.local/lib/python3.12/site-packages/airflow/example_dags/example_branch_operator_decorator.py
[2025-07-01T01:29:38.243+0000] {processor.py:925} INFO - DAG(s) 'example_branch_python_operator_decorator' retrieved from /home/airflow/.local/lib/python3.12/site-packages/airflow/example_dags/example_branch_operator_decorator.py
[2025-07-01T01:29:38.273+0000] {logging_mixin.py:190} INFO - [2025-07-01T01:29:38.272+0000] {dag.py:3239} INFO - Sync 1 DAGs
[2025-07-01T01:29:38.297+0000] {logging_mixin.py:190} INFO - [2025-07-01T01:29:38.297+0000] {dag.py:4180} INFO - Setting next_dagrun for example_branch_python_operator_decorator to 2025-06-30 00:00:00+00:00, run_after=2025-07-01 00:00:00+00:00
[2025-07-01T01:29:38.313+0000] {processor.py:208} INFO - Processing /home/airflow/.local/lib/python3.12/site-packages/airflow/example_dags/example_branch_operator_decorator.py took 0.101 seconds
[2025-07-01T01:30:09.702+0000] {processor.py:186} INFO - Started process (PID=2912) to work on /home/airflow/.local/lib/python3.12/site-packages/airflow/example_dags/example_branch_operator_decorator.py
[2025-07-01T01:30:09.703+0000] {processor.py:914} INFO - Processing file /home/airflow/.local/lib/python3.12/site-packages/airflow/example_dags/example_branch_operator_decorator.py for tasks to queue
[2025-07-01T01:30:09.706+0000] {logging_mixin.py:190} INFO - [2025-07-01T01:30:09.705+0000] {dagbag.py:588} INFO - Filling up the DagBag from /home/airflow/.local/lib/python3.12/site-packages/airflow/example_dags/example_branch_operator_decorator.py
[2025-07-01T01:30:09.726+0000] {processor.py:925} INFO - DAG(s) 'example_branch_python_operator_decorator' retrieved from /home/airflow/.local/lib/python3.12/site-packages/airflow/example_dags/example_branch_operator_decorator.py
[2025-07-01T01:30:09.758+0000] {logging_mixin.py:190} INFO - [2025-07-01T01:30:09.758+0000] {dag.py:3239} INFO - Sync 1 DAGs
[2025-07-01T01:30:09.788+0000] {logging_mixin.py:190} INFO - [2025-07-01T01:30:09.787+0000] {dag.py:4180} INFO - Setting next_dagrun for example_branch_python_operator_decorator to 2025-06-30 00:00:00+00:00, run_after=2025-07-01 00:00:00+00:00
[2025-07-01T01:30:09.808+0000] {processor.py:208} INFO - Processing /home/airflow/.local/lib/python3.12/site-packages/airflow/example_dags/example_branch_operator_decorator.py took 0.112 seconds
[2025-07-01T01:30:40.012+0000] {processor.py:186} INFO - Started process (PID=2974) to work on /home/airflow/.local/lib/python3.12/site-packages/airflow/example_dags/example_branch_operator_decorator.py
[2025-07-01T01:30:40.013+0000] {processor.py:914} INFO - Processing file /home/airflow/.local/lib/python3.12/site-packages/airflow/example_dags/example_branch_operator_decorator.py for tasks to queue
[2025-07-01T01:30:40.016+0000] {logging_mixin.py:190} INFO - [2025-07-01T01:30:40.015+0000] {dagbag.py:588} INFO - Filling up the DagBag from /home/airflow/.local/lib/python3.12/site-packages/airflow/example_dags/example_branch_operator_decorator.py
[2025-07-01T01:30:40.035+0000] {processor.py:925} INFO - DAG(s) 'example_branch_python_operator_decorator' retrieved from /home/airflow/.local/lib/python3.12/site-packages/airflow/example_dags/example_branch_operator_decorator.py
[2025-07-01T01:30:40.063+0000] {logging_mixin.py:190} INFO - [2025-07-01T01:30:40.063+0000] {dag.py:3239} INFO - Sync 1 DAGs
[2025-07-01T01:30:40.085+0000] {logging_mixin.py:190} INFO - [2025-07-01T01:30:40.085+0000] {dag.py:4180} INFO - Setting next_dagrun for example_branch_python_operator_decorator to 2025-06-30 00:00:00+00:00, run_after=2025-07-01 00:00:00+00:00
[2025-07-01T01:30:40.102+0000] {processor.py:208} INFO - Processing /home/airflow/.local/lib/python3.12/site-packages/airflow/example_dags/example_branch_operator_decorator.py took 0.096 seconds
[2025-07-01T01:31:10.933+0000] {processor.py:186} INFO - Started process (PID=3036) to work on /home/airflow/.local/lib/python3.12/site-packages/airflow/example_dags/example_branch_operator_decorator.py
[2025-07-01T01:31:10.934+0000] {processor.py:914} INFO - Processing file /home/airflow/.local/lib/python3.12/site-packages/airflow/example_dags/example_branch_operator_decorator.py for tasks to queue
[2025-07-01T01:31:10.937+0000] {logging_mixin.py:190} INFO - [2025-07-01T01:31:10.937+0000] {dagbag.py:588} INFO - Filling up the DagBag from /home/airflow/.local/lib/python3.12/site-packages/airflow/example_dags/example_branch_operator_decorator.py
[2025-07-01T01:31:10.960+0000] {processor.py:925} INFO - DAG(s) 'example_branch_python_operator_decorator' retrieved from /home/airflow/.local/lib/python3.12/site-packages/airflow/example_dags/example_branch_operator_decorator.py
[2025-07-01T01:31:10.990+0000] {logging_mixin.py:190} INFO - [2025-07-01T01:31:10.990+0000] {dag.py:3239} INFO - Sync 1 DAGs
[2025-07-01T01:31:11.016+0000] {logging_mixin.py:190} INFO - [2025-07-01T01:31:11.015+0000] {dag.py:4180} INFO - Setting next_dagrun for example_branch_python_operator_decorator to 2025-06-30 00:00:00+00:00, run_after=2025-07-01 00:00:00+00:00
[2025-07-01T01:31:11.034+0000] {processor.py:208} INFO - Processing /home/airflow/.local/lib/python3.12/site-packages/airflow/example_dags/example_branch_operator_decorator.py took 0.107 seconds
[2025-07-01T01:31:41.859+0000] {processor.py:186} INFO - Started process (PID=3098) to work on /home/airflow/.local/lib/python3.12/site-packages/airflow/example_dags/example_branch_operator_decorator.py
[2025-07-01T01:31:41.861+0000] {processor.py:914} INFO - Processing file /home/airflow/.local/lib/python3.12/site-packages/airflow/example_dags/example_branch_operator_decorator.py for tasks to queue
[2025-07-01T01:31:41.864+0000] {logging_mixin.py:190} INFO - [2025-07-01T01:31:41.863+0000] {dagbag.py:588} INFO - Filling up the DagBag from /home/airflow/.local/lib/python3.12/site-packages/airflow/example_dags/example_branch_operator_decorator.py
[2025-07-01T01:31:41.885+0000] {processor.py:925} INFO - DAG(s) 'example_branch_python_operator_decorator' retrieved from /home/airflow/.local/lib/python3.12/site-packages/airflow/example_dags/example_branch_operator_decorator.py
[2025-07-01T01:31:41.913+0000] {logging_mixin.py:190} INFO - [2025-07-01T01:31:41.913+0000] {dag.py:3239} INFO - Sync 1 DAGs
[2025-07-01T01:31:41.939+0000] {logging_mixin.py:190} INFO - [2025-07-01T01:31:41.939+0000] {dag.py:4180} INFO - Setting next_dagrun for example_branch_python_operator_decorator to 2025-06-30 00:00:00+00:00, run_after=2025-07-01 00:00:00+00:00
[2025-07-01T01:31:42.124+0000] {processor.py:208} INFO - Processing /home/airflow/.local/lib/python3.12/site-packages/airflow/example_dags/example_branch_operator_decorator.py took 0.270 seconds
[2025-07-01T01:32:12.328+0000] {processor.py:186} INFO - Started process (PID=3160) to work on /home/airflow/.local/lib/python3.12/site-packages/airflow/example_dags/example_branch_operator_decorator.py
[2025-07-01T01:32:12.329+0000] {processor.py:914} INFO - Processing file /home/airflow/.local/lib/python3.12/site-packages/airflow/example_dags/example_branch_operator_decorator.py for tasks to queue
[2025-07-01T01:32:12.331+0000] {logging_mixin.py:190} INFO - [2025-07-01T01:32:12.331+0000] {dagbag.py:588} INFO - Filling up the DagBag from /home/airflow/.local/lib/python3.12/site-packages/airflow/example_dags/example_branch_operator_decorator.py
[2025-07-01T01:32:12.352+0000] {processor.py:925} INFO - DAG(s) 'example_branch_python_operator_decorator' retrieved from /home/airflow/.local/lib/python3.12/site-packages/airflow/example_dags/example_branch_operator_decorator.py
[2025-07-01T01:32:12.379+0000] {logging_mixin.py:190} INFO - [2025-07-01T01:32:12.379+0000] {dag.py:3239} INFO - Sync 1 DAGs
[2025-07-01T01:32:12.404+0000] {logging_mixin.py:190} INFO - [2025-07-01T01:32:12.403+0000] {dag.py:4180} INFO - Setting next_dagrun for example_branch_python_operator_decorator to 2025-06-30 00:00:00+00:00, run_after=2025-07-01 00:00:00+00:00
[2025-07-01T01:32:12.424+0000] {processor.py:208} INFO - Processing /home/airflow/.local/lib/python3.12/site-packages/airflow/example_dags/example_branch_operator_decorator.py took 0.102 seconds
[2025-07-01T01:32:43.976+0000] {processor.py:186} INFO - Started process (PID=3222) to work on /home/airflow/.local/lib/python3.12/site-packages/airflow/example_dags/example_branch_operator_decorator.py
[2025-07-01T01:32:43.978+0000] {processor.py:914} INFO - Processing file /home/airflow/.local/lib/python3.12/site-packages/airflow/example_dags/example_branch_operator_decorator.py for tasks to queue
[2025-07-01T01:32:43.982+0000] {logging_mixin.py:190} INFO - [2025-07-01T01:32:43.982+0000] {dagbag.py:588} INFO - Filling up the DagBag from /home/airflow/.local/lib/python3.12/site-packages/airflow/example_dags/example_branch_operator_decorator.py
[2025-07-01T01:32:44.010+0000] {processor.py:925} INFO - DAG(s) 'example_branch_python_operator_decorator' retrieved from /home/airflow/.local/lib/python3.12/site-packages/airflow/example_dags/example_branch_operator_decorator.py
[2025-07-01T01:32:44.038+0000] {logging_mixin.py:190} INFO - [2025-07-01T01:32:44.038+0000] {dag.py:3239} INFO - Sync 1 DAGs
[2025-07-01T01:32:44.076+0000] {logging_mixin.py:190} INFO - [2025-07-01T01:32:44.075+0000] {dag.py:4180} INFO - Setting next_dagrun for example_branch_python_operator_decorator to 2025-06-30 00:00:00+00:00, run_after=2025-07-01 00:00:00+00:00
[2025-07-01T01:32:44.101+0000] {processor.py:208} INFO - Processing /home/airflow/.local/lib/python3.12/site-packages/airflow/example_dags/example_branch_operator_decorator.py took 0.134 seconds
[2025-07-01T01:33:16.281+0000] {processor.py:186} INFO - Started process (PID=3284) to work on /home/airflow/.local/lib/python3.12/site-packages/airflow/example_dags/example_branch_operator_decorator.py
[2025-07-01T01:33:16.282+0000] {processor.py:914} INFO - Processing file /home/airflow/.local/lib/python3.12/site-packages/airflow/example_dags/example_branch_operator_decorator.py for tasks to queue
[2025-07-01T01:33:16.285+0000] {logging_mixin.py:190} INFO - [2025-07-01T01:33:16.285+0000] {dagbag.py:588} INFO - Filling up the DagBag from /home/airflow/.local/lib/python3.12/site-packages/airflow/example_dags/example_branch_operator_decorator.py
[2025-07-01T01:33:16.308+0000] {processor.py:925} INFO - DAG(s) 'example_branch_python_operator_decorator' retrieved from /home/airflow/.local/lib/python3.12/site-packages/airflow/example_dags/example_branch_operator_decorator.py
[2025-07-01T01:33:16.336+0000] {logging_mixin.py:190} INFO - [2025-07-01T01:33:16.336+0000] {dag.py:3239} INFO - Sync 1 DAGs
[2025-07-01T01:33:16.362+0000] {logging_mixin.py:190} INFO - [2025-07-01T01:33:16.362+0000] {dag.py:4180} INFO - Setting next_dagrun for example_branch_python_operator_decorator to 2025-06-30 00:00:00+00:00, run_after=2025-07-01 00:00:00+00:00
[2025-07-01T01:33:16.385+0000] {processor.py:208} INFO - Processing /home/airflow/.local/lib/python3.12/site-packages/airflow/example_dags/example_branch_operator_decorator.py took 0.110 seconds
[2025-07-01T01:33:46.840+0000] {processor.py:186} INFO - Started process (PID=3346) to work on /home/airflow/.local/lib/python3.12/site-packages/airflow/example_dags/example_branch_operator_decorator.py
[2025-07-01T01:33:46.841+0000] {processor.py:914} INFO - Processing file /home/airflow/.local/lib/python3.12/site-packages/airflow/example_dags/example_branch_operator_decorator.py for tasks to queue
[2025-07-01T01:33:46.844+0000] {logging_mixin.py:190} INFO - [2025-07-01T01:33:46.843+0000] {dagbag.py:588} INFO - Filling up the DagBag from /home/airflow/.local/lib/python3.12/site-packages/airflow/example_dags/example_branch_operator_decorator.py
[2025-07-01T01:33:46.865+0000] {processor.py:925} INFO - DAG(s) 'example_branch_python_operator_decorator' retrieved from /home/airflow/.local/lib/python3.12/site-packages/airflow/example_dags/example_branch_operator_decorator.py
[2025-07-01T01:33:46.893+0000] {logging_mixin.py:190} INFO - [2025-07-01T01:33:46.893+0000] {dag.py:3239} INFO - Sync 1 DAGs
[2025-07-01T01:33:47.137+0000] {logging_mixin.py:190} INFO - [2025-07-01T01:33:47.137+0000] {dag.py:4180} INFO - Setting next_dagrun for example_branch_python_operator_decorator to 2025-06-30 00:00:00+00:00, run_after=2025-07-01 00:00:00+00:00
[2025-07-01T01:33:47.158+0000] {processor.py:208} INFO - Processing /home/airflow/.local/lib/python3.12/site-packages/airflow/example_dags/example_branch_operator_decorator.py took 0.325 seconds
[2025-07-01T01:34:17.667+0000] {processor.py:186} INFO - Started process (PID=3408) to work on /home/airflow/.local/lib/python3.12/site-packages/airflow/example_dags/example_branch_operator_decorator.py
[2025-07-01T01:34:17.668+0000] {processor.py:914} INFO - Processing file /home/airflow/.local/lib/python3.12/site-packages/airflow/example_dags/example_branch_operator_decorator.py for tasks to queue
[2025-07-01T01:34:17.671+0000] {logging_mixin.py:190} INFO - [2025-07-01T01:34:17.670+0000] {dagbag.py:588} INFO - Filling up the DagBag from /home/airflow/.local/lib/python3.12/site-packages/airflow/example_dags/example_branch_operator_decorator.py
[2025-07-01T01:34:17.692+0000] {processor.py:925} INFO - DAG(s) 'example_branch_python_operator_decorator' retrieved from /home/airflow/.local/lib/python3.12/site-packages/airflow/example_dags/example_branch_operator_decorator.py
[2025-07-01T01:34:17.723+0000] {logging_mixin.py:190} INFO - [2025-07-01T01:34:17.723+0000] {dag.py:3239} INFO - Sync 1 DAGs
[2025-07-01T01:34:17.749+0000] {logging_mixin.py:190} INFO - [2025-07-01T01:34:17.749+0000] {dag.py:4180} INFO - Setting next_dagrun for example_branch_python_operator_decorator to 2025-06-30 00:00:00+00:00, run_after=2025-07-01 00:00:00+00:00
[2025-07-01T01:34:17.942+0000] {processor.py:208} INFO - Processing /home/airflow/.local/lib/python3.12/site-packages/airflow/example_dags/example_branch_operator_decorator.py took 0.283 seconds
[2025-07-01T01:34:48.193+0000] {processor.py:186} INFO - Started process (PID=3470) to work on /home/airflow/.local/lib/python3.12/site-packages/airflow/example_dags/example_branch_operator_decorator.py
[2025-07-01T01:34:48.194+0000] {processor.py:914} INFO - Processing file /home/airflow/.local/lib/python3.12/site-packages/airflow/example_dags/example_branch_operator_decorator.py for tasks to queue
[2025-07-01T01:34:48.197+0000] {logging_mixin.py:190} INFO - [2025-07-01T01:34:48.196+0000] {dagbag.py:588} INFO - Filling up the DagBag from /home/airflow/.local/lib/python3.12/site-packages/airflow/example_dags/example_branch_operator_decorator.py
[2025-07-01T01:34:48.221+0000] {processor.py:925} INFO - DAG(s) 'example_branch_python_operator_decorator' retrieved from /home/airflow/.local/lib/python3.12/site-packages/airflow/example_dags/example_branch_operator_decorator.py
[2025-07-01T01:34:48.251+0000] {logging_mixin.py:190} INFO - [2025-07-01T01:34:48.251+0000] {dag.py:3239} INFO - Sync 1 DAGs
[2025-07-01T01:34:48.274+0000] {logging_mixin.py:190} INFO - [2025-07-01T01:34:48.273+0000] {dag.py:4180} INFO - Setting next_dagrun for example_branch_python_operator_decorator to 2025-06-30 00:00:00+00:00, run_after=2025-07-01 00:00:00+00:00
[2025-07-01T01:34:48.293+0000] {processor.py:208} INFO - Processing /home/airflow/.local/lib/python3.12/site-packages/airflow/example_dags/example_branch_operator_decorator.py took 0.107 seconds
[2025-07-01T01:35:19.689+0000] {processor.py:186} INFO - Started process (PID=3532) to work on /home/airflow/.local/lib/python3.12/site-packages/airflow/example_dags/example_branch_operator_decorator.py
[2025-07-01T01:35:19.690+0000] {processor.py:914} INFO - Processing file /home/airflow/.local/lib/python3.12/site-packages/airflow/example_dags/example_branch_operator_decorator.py for tasks to queue
[2025-07-01T01:35:19.692+0000] {logging_mixin.py:190} INFO - [2025-07-01T01:35:19.692+0000] {dagbag.py:588} INFO - Filling up the DagBag from /home/airflow/.local/lib/python3.12/site-packages/airflow/example_dags/example_branch_operator_decorator.py
[2025-07-01T01:35:19.870+0000] {processor.py:925} INFO - DAG(s) 'example_branch_python_operator_decorator' retrieved from /home/airflow/.local/lib/python3.12/site-packages/airflow/example_dags/example_branch_operator_decorator.py
[2025-07-01T01:35:19.897+0000] {logging_mixin.py:190} INFO - [2025-07-01T01:35:19.897+0000] {dag.py:3239} INFO - Sync 1 DAGs
[2025-07-01T01:35:19.918+0000] {logging_mixin.py:190} INFO - [2025-07-01T01:35:19.918+0000] {dag.py:4180} INFO - Setting next_dagrun for example_branch_python_operator_decorator to 2025-06-30 00:00:00+00:00, run_after=2025-07-01 00:00:00+00:00
[2025-07-01T01:35:19.935+0000] {processor.py:208} INFO - Processing /home/airflow/.local/lib/python3.12/site-packages/airflow/example_dags/example_branch_operator_decorator.py took 0.251 seconds
[2025-07-01T01:35:50.188+0000] {processor.py:186} INFO - Started process (PID=3594) to work on /home/airflow/.local/lib/python3.12/site-packages/airflow/example_dags/example_branch_operator_decorator.py
[2025-07-01T01:35:50.189+0000] {processor.py:914} INFO - Processing file /home/airflow/.local/lib/python3.12/site-packages/airflow/example_dags/example_branch_operator_decorator.py for tasks to queue
[2025-07-01T01:35:50.192+0000] {logging_mixin.py:190} INFO - [2025-07-01T01:35:50.191+0000] {dagbag.py:588} INFO - Filling up the DagBag from /home/airflow/.local/lib/python3.12/site-packages/airflow/example_dags/example_branch_operator_decorator.py
[2025-07-01T01:35:50.214+0000] {processor.py:925} INFO - DAG(s) 'example_branch_python_operator_decorator' retrieved from /home/airflow/.local/lib/python3.12/site-packages/airflow/example_dags/example_branch_operator_decorator.py
[2025-07-01T01:35:50.240+0000] {logging_mixin.py:190} INFO - [2025-07-01T01:35:50.239+0000] {dag.py:3239} INFO - Sync 1 DAGs
[2025-07-01T01:35:50.261+0000] {logging_mixin.py:190} INFO - [2025-07-01T01:35:50.261+0000] {dag.py:4180} INFO - Setting next_dagrun for example_branch_python_operator_decorator to 2025-06-30 00:00:00+00:00, run_after=2025-07-01 00:00:00+00:00
[2025-07-01T01:35:50.278+0000] {processor.py:208} INFO - Processing /home/airflow/.local/lib/python3.12/site-packages/airflow/example_dags/example_branch_operator_decorator.py took 0.095 seconds
[2025-07-01T01:36:20.398+0000] {processor.py:186} INFO - Started process (PID=3656) to work on /home/airflow/.local/lib/python3.12/site-packages/airflow/example_dags/example_branch_operator_decorator.py
[2025-07-01T01:36:20.399+0000] {processor.py:914} INFO - Processing file /home/airflow/.local/lib/python3.12/site-packages/airflow/example_dags/example_branch_operator_decorator.py for tasks to queue
[2025-07-01T01:36:20.403+0000] {logging_mixin.py:190} INFO - [2025-07-01T01:36:20.402+0000] {dagbag.py:588} INFO - Filling up the DagBag from /home/airflow/.local/lib/python3.12/site-packages/airflow/example_dags/example_branch_operator_decorator.py
[2025-07-01T01:36:20.426+0000] {processor.py:925} INFO - DAG(s) 'example_branch_python_operator_decorator' retrieved from /home/airflow/.local/lib/python3.12/site-packages/airflow/example_dags/example_branch_operator_decorator.py
[2025-07-01T01:36:20.451+0000] {logging_mixin.py:190} INFO - [2025-07-01T01:36:20.451+0000] {dag.py:3239} INFO - Sync 1 DAGs
[2025-07-01T01:36:20.474+0000] {logging_mixin.py:190} INFO - [2025-07-01T01:36:20.474+0000] {dag.py:4180} INFO - Setting next_dagrun for example_branch_python_operator_decorator to 2025-06-30 00:00:00+00:00, run_after=2025-07-01 00:00:00+00:00
[2025-07-01T01:36:20.491+0000] {processor.py:208} INFO - Processing /home/airflow/.local/lib/python3.12/site-packages/airflow/example_dags/example_branch_operator_decorator.py took 0.099 seconds
[2025-07-01T01:36:51.418+0000] {processor.py:186} INFO - Started process (PID=3718) to work on /home/airflow/.local/lib/python3.12/site-packages/airflow/example_dags/example_branch_operator_decorator.py
[2025-07-01T01:36:51.419+0000] {processor.py:914} INFO - Processing file /home/airflow/.local/lib/python3.12/site-packages/airflow/example_dags/example_branch_operator_decorator.py for tasks to queue
[2025-07-01T01:36:51.422+0000] {logging_mixin.py:190} INFO - [2025-07-01T01:36:51.422+0000] {dagbag.py:588} INFO - Filling up the DagBag from /home/airflow/.local/lib/python3.12/site-packages/airflow/example_dags/example_branch_operator_decorator.py
[2025-07-01T01:36:51.443+0000] {processor.py:925} INFO - DAG(s) 'example_branch_python_operator_decorator' retrieved from /home/airflow/.local/lib/python3.12/site-packages/airflow/example_dags/example_branch_operator_decorator.py
[2025-07-01T01:36:51.472+0000] {logging_mixin.py:190} INFO - [2025-07-01T01:36:51.472+0000] {dag.py:3239} INFO - Sync 1 DAGs
[2025-07-01T01:36:51.499+0000] {logging_mixin.py:190} INFO - [2025-07-01T01:36:51.498+0000] {dag.py:4180} INFO - Setting next_dagrun for example_branch_python_operator_decorator to 2025-06-30 00:00:00+00:00, run_after=2025-07-01 00:00:00+00:00
[2025-07-01T01:36:51.518+0000] {processor.py:208} INFO - Processing /home/airflow/.local/lib/python3.12/site-packages/airflow/example_dags/example_branch_operator_decorator.py took 0.108 seconds
[2025-07-01T01:37:21.568+0000] {processor.py:186} INFO - Started process (PID=3780) to work on /home/airflow/.local/lib/python3.12/site-packages/airflow/example_dags/example_branch_operator_decorator.py
[2025-07-01T01:37:21.569+0000] {processor.py:914} INFO - Processing file /home/airflow/.local/lib/python3.12/site-packages/airflow/example_dags/example_branch_operator_decorator.py for tasks to queue
[2025-07-01T01:37:21.572+0000] {logging_mixin.py:190} INFO - [2025-07-01T01:37:21.572+0000] {dagbag.py:588} INFO - Filling up the DagBag from /home/airflow/.local/lib/python3.12/site-packages/airflow/example_dags/example_branch_operator_decorator.py
[2025-07-01T01:37:21.594+0000] {processor.py:925} INFO - DAG(s) 'example_branch_python_operator_decorator' retrieved from /home/airflow/.local/lib/python3.12/site-packages/airflow/example_dags/example_branch_operator_decorator.py
[2025-07-01T01:37:21.619+0000] {logging_mixin.py:190} INFO - [2025-07-01T01:37:21.619+0000] {dag.py:3239} INFO - Sync 1 DAGs
[2025-07-01T01:37:21.641+0000] {logging_mixin.py:190} INFO - [2025-07-01T01:37:21.641+0000] {dag.py:4180} INFO - Setting next_dagrun for example_branch_python_operator_decorator to 2025-06-30 00:00:00+00:00, run_after=2025-07-01 00:00:00+00:00
[2025-07-01T01:37:21.658+0000] {processor.py:208} INFO - Processing /home/airflow/.local/lib/python3.12/site-packages/airflow/example_dags/example_branch_operator_decorator.py took 0.096 seconds
[2025-07-01T01:37:51.727+0000] {processor.py:186} INFO - Started process (PID=3842) to work on /home/airflow/.local/lib/python3.12/site-packages/airflow/example_dags/example_branch_operator_decorator.py
[2025-07-01T01:37:51.728+0000] {processor.py:914} INFO - Processing file /home/airflow/.local/lib/python3.12/site-packages/airflow/example_dags/example_branch_operator_decorator.py for tasks to queue
[2025-07-01T01:37:51.731+0000] {logging_mixin.py:190} INFO - [2025-07-01T01:37:51.731+0000] {dagbag.py:588} INFO - Filling up the DagBag from /home/airflow/.local/lib/python3.12/site-packages/airflow/example_dags/example_branch_operator_decorator.py
[2025-07-01T01:37:51.754+0000] {processor.py:925} INFO - DAG(s) 'example_branch_python_operator_decorator' retrieved from /home/airflow/.local/lib/python3.12/site-packages/airflow/example_dags/example_branch_operator_decorator.py
[2025-07-01T01:37:51.779+0000] {logging_mixin.py:190} INFO - [2025-07-01T01:37:51.779+0000] {dag.py:3239} INFO - Sync 1 DAGs
[2025-07-01T01:37:51.801+0000] {logging_mixin.py:190} INFO - [2025-07-01T01:37:51.801+0000] {dag.py:4180} INFO - Setting next_dagrun for example_branch_python_operator_decorator to 2025-06-30 00:00:00+00:00, run_after=2025-07-01 00:00:00+00:00
[2025-07-01T01:37:51.820+0000] {processor.py:208} INFO - Processing /home/airflow/.local/lib/python3.12/site-packages/airflow/example_dags/example_branch_operator_decorator.py took 0.099 seconds
[2025-07-01T01:38:22.519+0000] {processor.py:186} INFO - Started process (PID=3904) to work on /home/airflow/.local/lib/python3.12/site-packages/airflow/example_dags/example_branch_operator_decorator.py
[2025-07-01T01:38:22.520+0000] {processor.py:914} INFO - Processing file /home/airflow/.local/lib/python3.12/site-packages/airflow/example_dags/example_branch_operator_decorator.py for tasks to queue
[2025-07-01T01:38:22.523+0000] {logging_mixin.py:190} INFO - [2025-07-01T01:38:22.522+0000] {dagbag.py:588} INFO - Filling up the DagBag from /home/airflow/.local/lib/python3.12/site-packages/airflow/example_dags/example_branch_operator_decorator.py
[2025-07-01T01:38:22.543+0000] {processor.py:925} INFO - DAG(s) 'example_branch_python_operator_decorator' retrieved from /home/airflow/.local/lib/python3.12/site-packages/airflow/example_dags/example_branch_operator_decorator.py
[2025-07-01T01:38:22.568+0000] {logging_mixin.py:190} INFO - [2025-07-01T01:38:22.568+0000] {dag.py:3239} INFO - Sync 1 DAGs
[2025-07-01T01:38:22.591+0000] {logging_mixin.py:190} INFO - [2025-07-01T01:38:22.591+0000] {dag.py:4180} INFO - Setting next_dagrun for example_branch_python_operator_decorator to 2025-06-30 00:00:00+00:00, run_after=2025-07-01 00:00:00+00:00
[2025-07-01T01:38:22.608+0000] {processor.py:208} INFO - Processing /home/airflow/.local/lib/python3.12/site-packages/airflow/example_dags/example_branch_operator_decorator.py took 0.096 seconds
[2025-07-01T01:38:53.345+0000] {processor.py:186} INFO - Started process (PID=3966) to work on /home/airflow/.local/lib/python3.12/site-packages/airflow/example_dags/example_branch_operator_decorator.py
[2025-07-01T01:38:53.346+0000] {processor.py:914} INFO - Processing file /home/airflow/.local/lib/python3.12/site-packages/airflow/example_dags/example_branch_operator_decorator.py for tasks to queue
[2025-07-01T01:38:53.349+0000] {logging_mixin.py:190} INFO - [2025-07-01T01:38:53.349+0000] {dagbag.py:588} INFO - Filling up the DagBag from /home/airflow/.local/lib/python3.12/site-packages/airflow/example_dags/example_branch_operator_decorator.py
[2025-07-01T01:38:53.388+0000] {processor.py:925} INFO - DAG(s) 'example_branch_python_operator_decorator' retrieved from /home/airflow/.local/lib/python3.12/site-packages/airflow/example_dags/example_branch_operator_decorator.py
[2025-07-01T01:38:53.432+0000] {logging_mixin.py:190} INFO - [2025-07-01T01:38:53.431+0000] {dag.py:3239} INFO - Sync 1 DAGs
[2025-07-01T01:38:53.470+0000] {logging_mixin.py:190} INFO - [2025-07-01T01:38:53.470+0000] {dag.py:4180} INFO - Setting next_dagrun for example_branch_python_operator_decorator to 2025-06-30 00:00:00+00:00, run_after=2025-07-01 00:00:00+00:00
[2025-07-01T01:38:53.496+0000] {processor.py:208} INFO - Processing /home/airflow/.local/lib/python3.12/site-packages/airflow/example_dags/example_branch_operator_decorator.py took 0.159 seconds
[2025-07-01T01:39:23.899+0000] {processor.py:186} INFO - Started process (PID=4028) to work on /home/airflow/.local/lib/python3.12/site-packages/airflow/example_dags/example_branch_operator_decorator.py
[2025-07-01T01:39:23.900+0000] {processor.py:914} INFO - Processing file /home/airflow/.local/lib/python3.12/site-packages/airflow/example_dags/example_branch_operator_decorator.py for tasks to queue
[2025-07-01T01:39:23.902+0000] {logging_mixin.py:190} INFO - [2025-07-01T01:39:23.902+0000] {dagbag.py:588} INFO - Filling up the DagBag from /home/airflow/.local/lib/python3.12/site-packages/airflow/example_dags/example_branch_operator_decorator.py
[2025-07-01T01:39:23.922+0000] {processor.py:925} INFO - DAG(s) 'example_branch_python_operator_decorator' retrieved from /home/airflow/.local/lib/python3.12/site-packages/airflow/example_dags/example_branch_operator_decorator.py
[2025-07-01T01:39:23.948+0000] {logging_mixin.py:190} INFO - [2025-07-01T01:39:23.947+0000] {dag.py:3239} INFO - Sync 1 DAGs
[2025-07-01T01:39:23.969+0000] {logging_mixin.py:190} INFO - [2025-07-01T01:39:23.969+0000] {dag.py:4180} INFO - Setting next_dagrun for example_branch_python_operator_decorator to 2025-06-30 00:00:00+00:00, run_after=2025-07-01 00:00:00+00:00
[2025-07-01T01:39:23.985+0000] {processor.py:208} INFO - Processing /home/airflow/.local/lib/python3.12/site-packages/airflow/example_dags/example_branch_operator_decorator.py took 0.092 seconds
[2025-07-01T01:39:54.608+0000] {processor.py:186} INFO - Started process (PID=4090) to work on /home/airflow/.local/lib/python3.12/site-packages/airflow/example_dags/example_branch_operator_decorator.py
[2025-07-01T01:39:54.609+0000] {processor.py:914} INFO - Processing file /home/airflow/.local/lib/python3.12/site-packages/airflow/example_dags/example_branch_operator_decorator.py for tasks to queue
[2025-07-01T01:39:54.612+0000] {logging_mixin.py:190} INFO - [2025-07-01T01:39:54.611+0000] {dagbag.py:588} INFO - Filling up the DagBag from /home/airflow/.local/lib/python3.12/site-packages/airflow/example_dags/example_branch_operator_decorator.py
[2025-07-01T01:39:54.632+0000] {processor.py:925} INFO - DAG(s) 'example_branch_python_operator_decorator' retrieved from /home/airflow/.local/lib/python3.12/site-packages/airflow/example_dags/example_branch_operator_decorator.py
[2025-07-01T01:39:54.658+0000] {logging_mixin.py:190} INFO - [2025-07-01T01:39:54.658+0000] {dag.py:3239} INFO - Sync 1 DAGs
[2025-07-01T01:39:54.680+0000] {logging_mixin.py:190} INFO - [2025-07-01T01:39:54.680+0000] {dag.py:4180} INFO - Setting next_dagrun for example_branch_python_operator_decorator to 2025-06-30 00:00:00+00:00, run_after=2025-07-01 00:00:00+00:00
[2025-07-01T01:39:54.698+0000] {processor.py:208} INFO - Processing /home/airflow/.local/lib/python3.12/site-packages/airflow/example_dags/example_branch_operator_decorator.py took 0.096 seconds
[2025-07-01T01:40:25.144+0000] {processor.py:186} INFO - Started process (PID=4152) to work on /home/airflow/.local/lib/python3.12/site-packages/airflow/example_dags/example_branch_operator_decorator.py
[2025-07-01T01:40:25.146+0000] {processor.py:914} INFO - Processing file /home/airflow/.local/lib/python3.12/site-packages/airflow/example_dags/example_branch_operator_decorator.py for tasks to queue
[2025-07-01T01:40:25.148+0000] {logging_mixin.py:190} INFO - [2025-07-01T01:40:25.148+0000] {dagbag.py:588} INFO - Filling up the DagBag from /home/airflow/.local/lib/python3.12/site-packages/airflow/example_dags/example_branch_operator_decorator.py
[2025-07-01T01:40:25.170+0000] {processor.py:925} INFO - DAG(s) 'example_branch_python_operator_decorator' retrieved from /home/airflow/.local/lib/python3.12/site-packages/airflow/example_dags/example_branch_operator_decorator.py
[2025-07-01T01:40:25.196+0000] {logging_mixin.py:190} INFO - [2025-07-01T01:40:25.196+0000] {dag.py:3239} INFO - Sync 1 DAGs
[2025-07-01T01:40:25.219+0000] {logging_mixin.py:190} INFO - [2025-07-01T01:40:25.219+0000] {dag.py:4180} INFO - Setting next_dagrun for example_branch_python_operator_decorator to 2025-06-30 00:00:00+00:00, run_after=2025-07-01 00:00:00+00:00
[2025-07-01T01:40:25.237+0000] {processor.py:208} INFO - Processing /home/airflow/.local/lib/python3.12/site-packages/airflow/example_dags/example_branch_operator_decorator.py took 0.099 seconds
[2025-07-01T01:40:55.825+0000] {processor.py:186} INFO - Started process (PID=4214) to work on /home/airflow/.local/lib/python3.12/site-packages/airflow/example_dags/example_branch_operator_decorator.py
[2025-07-01T01:40:55.826+0000] {processor.py:914} INFO - Processing file /home/airflow/.local/lib/python3.12/site-packages/airflow/example_dags/example_branch_operator_decorator.py for tasks to queue
[2025-07-01T01:40:55.829+0000] {logging_mixin.py:190} INFO - [2025-07-01T01:40:55.829+0000] {dagbag.py:588} INFO - Filling up the DagBag from /home/airflow/.local/lib/python3.12/site-packages/airflow/example_dags/example_branch_operator_decorator.py
[2025-07-01T01:40:55.852+0000] {processor.py:925} INFO - DAG(s) 'example_branch_python_operator_decorator' retrieved from /home/airflow/.local/lib/python3.12/site-packages/airflow/example_dags/example_branch_operator_decorator.py
[2025-07-01T01:40:55.879+0000] {logging_mixin.py:190} INFO - [2025-07-01T01:40:55.878+0000] {dag.py:3239} INFO - Sync 1 DAGs
[2025-07-01T01:40:55.902+0000] {logging_mixin.py:190} INFO - [2025-07-01T01:40:55.902+0000] {dag.py:4180} INFO - Setting next_dagrun for example_branch_python_operator_decorator to 2025-06-30 00:00:00+00:00, run_after=2025-07-01 00:00:00+00:00
[2025-07-01T01:40:55.921+0000] {processor.py:208} INFO - Processing /home/airflow/.local/lib/python3.12/site-packages/airflow/example_dags/example_branch_operator_decorator.py took 0.102 seconds
[2025-07-01T01:41:26.189+0000] {processor.py:186} INFO - Started process (PID=4277) to work on /home/airflow/.local/lib/python3.12/site-packages/airflow/example_dags/example_branch_operator_decorator.py
[2025-07-01T01:41:26.190+0000] {processor.py:914} INFO - Processing file /home/airflow/.local/lib/python3.12/site-packages/airflow/example_dags/example_branch_operator_decorator.py for tasks to queue
[2025-07-01T01:41:26.193+0000] {logging_mixin.py:190} INFO - [2025-07-01T01:41:26.192+0000] {dagbag.py:588} INFO - Filling up the DagBag from /home/airflow/.local/lib/python3.12/site-packages/airflow/example_dags/example_branch_operator_decorator.py
[2025-07-01T01:41:26.214+0000] {processor.py:925} INFO - DAG(s) 'example_branch_python_operator_decorator' retrieved from /home/airflow/.local/lib/python3.12/site-packages/airflow/example_dags/example_branch_operator_decorator.py
[2025-07-01T01:41:26.239+0000] {logging_mixin.py:190} INFO - [2025-07-01T01:41:26.239+0000] {dag.py:3239} INFO - Sync 1 DAGs
[2025-07-01T01:41:26.262+0000] {logging_mixin.py:190} INFO - [2025-07-01T01:41:26.262+0000] {dag.py:4180} INFO - Setting next_dagrun for example_branch_python_operator_decorator to 2025-06-30 00:00:00+00:00, run_after=2025-07-01 00:00:00+00:00
[2025-07-01T01:41:26.280+0000] {processor.py:208} INFO - Processing /home/airflow/.local/lib/python3.12/site-packages/airflow/example_dags/example_branch_operator_decorator.py took 0.096 seconds
[2025-07-01T01:41:57.407+0000] {processor.py:186} INFO - Started process (PID=4344) to work on /home/airflow/.local/lib/python3.12/site-packages/airflow/example_dags/example_branch_operator_decorator.py
[2025-07-01T01:41:57.410+0000] {processor.py:914} INFO - Processing file /home/airflow/.local/lib/python3.12/site-packages/airflow/example_dags/example_branch_operator_decorator.py for tasks to queue
[2025-07-01T01:41:57.416+0000] {logging_mixin.py:190} INFO - [2025-07-01T01:41:57.416+0000] {dagbag.py:588} INFO - Filling up the DagBag from /home/airflow/.local/lib/python3.12/site-packages/airflow/example_dags/example_branch_operator_decorator.py
[2025-07-01T01:41:57.466+0000] {processor.py:925} INFO - DAG(s) 'example_branch_python_operator_decorator' retrieved from /home/airflow/.local/lib/python3.12/site-packages/airflow/example_dags/example_branch_operator_decorator.py
[2025-07-01T01:41:57.525+0000] {logging_mixin.py:190} INFO - [2025-07-01T01:41:57.525+0000] {dag.py:3239} INFO - Sync 1 DAGs
[2025-07-01T01:41:57.605+0000] {logging_mixin.py:190} INFO - [2025-07-01T01:41:57.604+0000] {dag.py:4180} INFO - Setting next_dagrun for example_branch_python_operator_decorator to 2025-06-30 00:00:00+00:00, run_after=2025-07-01 00:00:00+00:00
[2025-07-01T01:41:57.663+0000] {processor.py:208} INFO - Processing /home/airflow/.local/lib/python3.12/site-packages/airflow/example_dags/example_branch_operator_decorator.py took 0.269 seconds
[2025-07-01T01:42:28.514+0000] {processor.py:186} INFO - Started process (PID=4406) to work on /home/airflow/.local/lib/python3.12/site-packages/airflow/example_dags/example_branch_operator_decorator.py
[2025-07-01T01:42:28.515+0000] {processor.py:914} INFO - Processing file /home/airflow/.local/lib/python3.12/site-packages/airflow/example_dags/example_branch_operator_decorator.py for tasks to queue
[2025-07-01T01:42:28.518+0000] {logging_mixin.py:190} INFO - [2025-07-01T01:42:28.517+0000] {dagbag.py:588} INFO - Filling up the DagBag from /home/airflow/.local/lib/python3.12/site-packages/airflow/example_dags/example_branch_operator_decorator.py
[2025-07-01T01:42:28.539+0000] {processor.py:925} INFO - DAG(s) 'example_branch_python_operator_decorator' retrieved from /home/airflow/.local/lib/python3.12/site-packages/airflow/example_dags/example_branch_operator_decorator.py
[2025-07-01T01:42:28.567+0000] {logging_mixin.py:190} INFO - [2025-07-01T01:42:28.567+0000] {dag.py:3239} INFO - Sync 1 DAGs
[2025-07-01T01:42:28.592+0000] {logging_mixin.py:190} INFO - [2025-07-01T01:42:28.591+0000] {dag.py:4180} INFO - Setting next_dagrun for example_branch_python_operator_decorator to 2025-06-30 00:00:00+00:00, run_after=2025-07-01 00:00:00+00:00
[2025-07-01T01:42:28.611+0000] {processor.py:208} INFO - Processing /home/airflow/.local/lib/python3.12/site-packages/airflow/example_dags/example_branch_operator_decorator.py took 0.103 seconds
[2025-07-01T01:42:59.141+0000] {processor.py:186} INFO - Started process (PID=4468) to work on /home/airflow/.local/lib/python3.12/site-packages/airflow/example_dags/example_branch_operator_decorator.py
[2025-07-01T01:42:59.142+0000] {processor.py:914} INFO - Processing file /home/airflow/.local/lib/python3.12/site-packages/airflow/example_dags/example_branch_operator_decorator.py for tasks to queue
[2025-07-01T01:42:59.145+0000] {logging_mixin.py:190} INFO - [2025-07-01T01:42:59.145+0000] {dagbag.py:588} INFO - Filling up the DagBag from /home/airflow/.local/lib/python3.12/site-packages/airflow/example_dags/example_branch_operator_decorator.py
[2025-07-01T01:42:59.168+0000] {processor.py:925} INFO - DAG(s) 'example_branch_python_operator_decorator' retrieved from /home/airflow/.local/lib/python3.12/site-packages/airflow/example_dags/example_branch_operator_decorator.py
[2025-07-01T01:42:59.194+0000] {logging_mixin.py:190} INFO - [2025-07-01T01:42:59.194+0000] {dag.py:3239} INFO - Sync 1 DAGs
[2025-07-01T01:42:59.217+0000] {logging_mixin.py:190} INFO - [2025-07-01T01:42:59.217+0000] {dag.py:4180} INFO - Setting next_dagrun for example_branch_python_operator_decorator to 2025-06-30 00:00:00+00:00, run_after=2025-07-01 00:00:00+00:00
[2025-07-01T01:42:59.237+0000] {processor.py:208} INFO - Processing /home/airflow/.local/lib/python3.12/site-packages/airflow/example_dags/example_branch_operator_decorator.py took 0.103 seconds
[2025-07-01T01:43:29.792+0000] {processor.py:186} INFO - Started process (PID=4530) to work on /home/airflow/.local/lib/python3.12/site-packages/airflow/example_dags/example_branch_operator_decorator.py
[2025-07-01T01:43:29.793+0000] {processor.py:914} INFO - Processing file /home/airflow/.local/lib/python3.12/site-packages/airflow/example_dags/example_branch_operator_decorator.py for tasks to queue
[2025-07-01T01:43:29.795+0000] {logging_mixin.py:190} INFO - [2025-07-01T01:43:29.795+0000] {dagbag.py:588} INFO - Filling up the DagBag from /home/airflow/.local/lib/python3.12/site-packages/airflow/example_dags/example_branch_operator_decorator.py
[2025-07-01T01:43:29.816+0000] {processor.py:925} INFO - DAG(s) 'example_branch_python_operator_decorator' retrieved from /home/airflow/.local/lib/python3.12/site-packages/airflow/example_dags/example_branch_operator_decorator.py
[2025-07-01T01:43:29.843+0000] {logging_mixin.py:190} INFO - [2025-07-01T01:43:29.843+0000] {dag.py:3239} INFO - Sync 1 DAGs
[2025-07-01T01:43:29.865+0000] {logging_mixin.py:190} INFO - [2025-07-01T01:43:29.865+0000] {dag.py:4180} INFO - Setting next_dagrun for example_branch_python_operator_decorator to 2025-06-30 00:00:00+00:00, run_after=2025-07-01 00:00:00+00:00
[2025-07-01T01:43:29.885+0000] {processor.py:208} INFO - Processing /home/airflow/.local/lib/python3.12/site-packages/airflow/example_dags/example_branch_operator_decorator.py took 0.099 seconds
[2025-07-01T01:44:00.413+0000] {processor.py:186} INFO - Started process (PID=4592) to work on /home/airflow/.local/lib/python3.12/site-packages/airflow/example_dags/example_branch_operator_decorator.py
[2025-07-01T01:44:00.414+0000] {processor.py:914} INFO - Processing file /home/airflow/.local/lib/python3.12/site-packages/airflow/example_dags/example_branch_operator_decorator.py for tasks to queue
[2025-07-01T01:44:00.418+0000] {logging_mixin.py:190} INFO - [2025-07-01T01:44:00.418+0000] {dagbag.py:588} INFO - Filling up the DagBag from /home/airflow/.local/lib/python3.12/site-packages/airflow/example_dags/example_branch_operator_decorator.py
[2025-07-01T01:44:00.441+0000] {processor.py:925} INFO - DAG(s) 'example_branch_python_operator_decorator' retrieved from /home/airflow/.local/lib/python3.12/site-packages/airflow/example_dags/example_branch_operator_decorator.py
[2025-07-01T01:44:00.469+0000] {logging_mixin.py:190} INFO - [2025-07-01T01:44:00.468+0000] {dag.py:3239} INFO - Sync 1 DAGs
[2025-07-01T01:44:00.494+0000] {logging_mixin.py:190} INFO - [2025-07-01T01:44:00.494+0000] {dag.py:4180} INFO - Setting next_dagrun for example_branch_python_operator_decorator to 2025-06-30 00:00:00+00:00, run_after=2025-07-01 00:00:00+00:00
[2025-07-01T01:44:00.515+0000] {processor.py:208} INFO - Processing /home/airflow/.local/lib/python3.12/site-packages/airflow/example_dags/example_branch_operator_decorator.py took 0.109 seconds
[2025-07-01T01:44:31.239+0000] {processor.py:186} INFO - Started process (PID=4654) to work on /home/airflow/.local/lib/python3.12/site-packages/airflow/example_dags/example_branch_operator_decorator.py
[2025-07-01T01:44:31.243+0000] {processor.py:914} INFO - Processing file /home/airflow/.local/lib/python3.12/site-packages/airflow/example_dags/example_branch_operator_decorator.py for tasks to queue
[2025-07-01T01:44:31.247+0000] {logging_mixin.py:190} INFO - [2025-07-01T01:44:31.247+0000] {dagbag.py:588} INFO - Filling up the DagBag from /home/airflow/.local/lib/python3.12/site-packages/airflow/example_dags/example_branch_operator_decorator.py
[2025-07-01T01:44:31.272+0000] {processor.py:925} INFO - DAG(s) 'example_branch_python_operator_decorator' retrieved from /home/airflow/.local/lib/python3.12/site-packages/airflow/example_dags/example_branch_operator_decorator.py
[2025-07-01T01:44:31.302+0000] {logging_mixin.py:190} INFO - [2025-07-01T01:44:31.302+0000] {dag.py:3239} INFO - Sync 1 DAGs
[2025-07-01T01:44:31.326+0000] {logging_mixin.py:190} INFO - [2025-07-01T01:44:31.325+0000] {dag.py:4180} INFO - Setting next_dagrun for example_branch_python_operator_decorator to 2025-06-30 00:00:00+00:00, run_after=2025-07-01 00:00:00+00:00
[2025-07-01T01:44:31.346+0000] {processor.py:208} INFO - Processing /home/airflow/.local/lib/python3.12/site-packages/airflow/example_dags/example_branch_operator_decorator.py took 0.113 seconds
[2025-07-01T01:45:01.847+0000] {processor.py:186} INFO - Started process (PID=4716) to work on /home/airflow/.local/lib/python3.12/site-packages/airflow/example_dags/example_branch_operator_decorator.py
[2025-07-01T01:45:01.848+0000] {processor.py:914} INFO - Processing file /home/airflow/.local/lib/python3.12/site-packages/airflow/example_dags/example_branch_operator_decorator.py for tasks to queue
[2025-07-01T01:45:01.850+0000] {logging_mixin.py:190} INFO - [2025-07-01T01:45:01.849+0000] {dagbag.py:588} INFO - Filling up the DagBag from /home/airflow/.local/lib/python3.12/site-packages/airflow/example_dags/example_branch_operator_decorator.py
[2025-07-01T01:45:01.871+0000] {processor.py:925} INFO - DAG(s) 'example_branch_python_operator_decorator' retrieved from /home/airflow/.local/lib/python3.12/site-packages/airflow/example_dags/example_branch_operator_decorator.py
[2025-07-01T01:45:01.900+0000] {logging_mixin.py:190} INFO - [2025-07-01T01:45:01.899+0000] {dag.py:3239} INFO - Sync 1 DAGs
[2025-07-01T01:45:01.926+0000] {logging_mixin.py:190} INFO - [2025-07-01T01:45:01.925+0000] {dag.py:4180} INFO - Setting next_dagrun for example_branch_python_operator_decorator to 2025-06-30 00:00:00+00:00, run_after=2025-07-01 00:00:00+00:00
[2025-07-01T01:45:01.946+0000] {processor.py:208} INFO - Processing /home/airflow/.local/lib/python3.12/site-packages/airflow/example_dags/example_branch_operator_decorator.py took 0.105 seconds
[2025-07-01T01:45:32.759+0000] {processor.py:186} INFO - Started process (PID=4778) to work on /home/airflow/.local/lib/python3.12/site-packages/airflow/example_dags/example_branch_operator_decorator.py
[2025-07-01T01:45:32.760+0000] {processor.py:914} INFO - Processing file /home/airflow/.local/lib/python3.12/site-packages/airflow/example_dags/example_branch_operator_decorator.py for tasks to queue
[2025-07-01T01:45:32.763+0000] {logging_mixin.py:190} INFO - [2025-07-01T01:45:32.762+0000] {dagbag.py:588} INFO - Filling up the DagBag from /home/airflow/.local/lib/python3.12/site-packages/airflow/example_dags/example_branch_operator_decorator.py
[2025-07-01T01:45:32.785+0000] {processor.py:925} INFO - DAG(s) 'example_branch_python_operator_decorator' retrieved from /home/airflow/.local/lib/python3.12/site-packages/airflow/example_dags/example_branch_operator_decorator.py
[2025-07-01T01:45:32.819+0000] {logging_mixin.py:190} INFO - [2025-07-01T01:45:32.818+0000] {dag.py:3239} INFO - Sync 1 DAGs
[2025-07-01T01:45:32.843+0000] {logging_mixin.py:190} INFO - [2025-07-01T01:45:32.843+0000] {dag.py:4180} INFO - Setting next_dagrun for example_branch_python_operator_decorator to 2025-06-30 00:00:00+00:00, run_after=2025-07-01 00:00:00+00:00
[2025-07-01T01:45:32.862+0000] {processor.py:208} INFO - Processing /home/airflow/.local/lib/python3.12/site-packages/airflow/example_dags/example_branch_operator_decorator.py took 0.108 seconds
[2025-07-01T01:46:03.286+0000] {processor.py:186} INFO - Started process (PID=4840) to work on /home/airflow/.local/lib/python3.12/site-packages/airflow/example_dags/example_branch_operator_decorator.py
[2025-07-01T01:46:03.287+0000] {processor.py:914} INFO - Processing file /home/airflow/.local/lib/python3.12/site-packages/airflow/example_dags/example_branch_operator_decorator.py for tasks to queue
[2025-07-01T01:46:03.290+0000] {logging_mixin.py:190} INFO - [2025-07-01T01:46:03.289+0000] {dagbag.py:588} INFO - Filling up the DagBag from /home/airflow/.local/lib/python3.12/site-packages/airflow/example_dags/example_branch_operator_decorator.py
[2025-07-01T01:46:03.313+0000] {processor.py:925} INFO - DAG(s) 'example_branch_python_operator_decorator' retrieved from /home/airflow/.local/lib/python3.12/site-packages/airflow/example_dags/example_branch_operator_decorator.py
[2025-07-01T01:46:03.342+0000] {logging_mixin.py:190} INFO - [2025-07-01T01:46:03.342+0000] {dag.py:3239} INFO - Sync 1 DAGs
[2025-07-01T01:46:03.367+0000] {logging_mixin.py:190} INFO - [2025-07-01T01:46:03.367+0000] {dag.py:4180} INFO - Setting next_dagrun for example_branch_python_operator_decorator to 2025-06-30 00:00:00+00:00, run_after=2025-07-01 00:00:00+00:00
[2025-07-01T01:46:03.385+0000] {processor.py:208} INFO - Processing /home/airflow/.local/lib/python3.12/site-packages/airflow/example_dags/example_branch_operator_decorator.py took 0.106 seconds
[2025-07-01T01:46:33.825+0000] {processor.py:186} INFO - Started process (PID=4902) to work on /home/airflow/.local/lib/python3.12/site-packages/airflow/example_dags/example_branch_operator_decorator.py
[2025-07-01T01:46:33.826+0000] {processor.py:914} INFO - Processing file /home/airflow/.local/lib/python3.12/site-packages/airflow/example_dags/example_branch_operator_decorator.py for tasks to queue
[2025-07-01T01:46:33.830+0000] {logging_mixin.py:190} INFO - [2025-07-01T01:46:33.830+0000] {dagbag.py:588} INFO - Filling up the DagBag from /home/airflow/.local/lib/python3.12/site-packages/airflow/example_dags/example_branch_operator_decorator.py
[2025-07-01T01:46:33.860+0000] {processor.py:925} INFO - DAG(s) 'example_branch_python_operator_decorator' retrieved from /home/airflow/.local/lib/python3.12/site-packages/airflow/example_dags/example_branch_operator_decorator.py
[2025-07-01T01:46:33.897+0000] {logging_mixin.py:190} INFO - [2025-07-01T01:46:33.896+0000] {dag.py:3239} INFO - Sync 1 DAGs
[2025-07-01T01:46:33.926+0000] {logging_mixin.py:190} INFO - [2025-07-01T01:46:33.926+0000] {dag.py:4180} INFO - Setting next_dagrun for example_branch_python_operator_decorator to 2025-06-30 00:00:00+00:00, run_after=2025-07-01 00:00:00+00:00
[2025-07-01T01:46:33.943+0000] {processor.py:208} INFO - Processing /home/airflow/.local/lib/python3.12/site-packages/airflow/example_dags/example_branch_operator_decorator.py took 0.126 seconds
[2025-07-01T01:47:04.350+0000] {processor.py:186} INFO - Started process (PID=4964) to work on /home/airflow/.local/lib/python3.12/site-packages/airflow/example_dags/example_branch_operator_decorator.py
[2025-07-01T01:47:04.351+0000] {processor.py:914} INFO - Processing file /home/airflow/.local/lib/python3.12/site-packages/airflow/example_dags/example_branch_operator_decorator.py for tasks to queue
[2025-07-01T01:47:04.354+0000] {logging_mixin.py:190} INFO - [2025-07-01T01:47:04.354+0000] {dagbag.py:588} INFO - Filling up the DagBag from /home/airflow/.local/lib/python3.12/site-packages/airflow/example_dags/example_branch_operator_decorator.py
[2025-07-01T01:47:04.376+0000] {processor.py:925} INFO - DAG(s) 'example_branch_python_operator_decorator' retrieved from /home/airflow/.local/lib/python3.12/site-packages/airflow/example_dags/example_branch_operator_decorator.py
[2025-07-01T01:47:04.406+0000] {logging_mixin.py:190} INFO - [2025-07-01T01:47:04.405+0000] {dag.py:3239} INFO - Sync 1 DAGs
[2025-07-01T01:47:04.431+0000] {logging_mixin.py:190} INFO - [2025-07-01T01:47:04.431+0000] {dag.py:4180} INFO - Setting next_dagrun for example_branch_python_operator_decorator to 2025-06-30 00:00:00+00:00, run_after=2025-07-01 00:00:00+00:00
[2025-07-01T01:47:04.450+0000] {processor.py:208} INFO - Processing /home/airflow/.local/lib/python3.12/site-packages/airflow/example_dags/example_branch_operator_decorator.py took 0.106 seconds
[2025-07-01T01:47:34.999+0000] {processor.py:186} INFO - Started process (PID=5026) to work on /home/airflow/.local/lib/python3.12/site-packages/airflow/example_dags/example_branch_operator_decorator.py
[2025-07-01T01:47:35.000+0000] {processor.py:914} INFO - Processing file /home/airflow/.local/lib/python3.12/site-packages/airflow/example_dags/example_branch_operator_decorator.py for tasks to queue
[2025-07-01T01:47:35.003+0000] {logging_mixin.py:190} INFO - [2025-07-01T01:47:35.003+0000] {dagbag.py:588} INFO - Filling up the DagBag from /home/airflow/.local/lib/python3.12/site-packages/airflow/example_dags/example_branch_operator_decorator.py
[2025-07-01T01:47:35.024+0000] {processor.py:925} INFO - DAG(s) 'example_branch_python_operator_decorator' retrieved from /home/airflow/.local/lib/python3.12/site-packages/airflow/example_dags/example_branch_operator_decorator.py
[2025-07-01T01:47:35.051+0000] {logging_mixin.py:190} INFO - [2025-07-01T01:47:35.051+0000] {dag.py:3239} INFO - Sync 1 DAGs
[2025-07-01T01:47:35.073+0000] {logging_mixin.py:190} INFO - [2025-07-01T01:47:35.073+0000] {dag.py:4180} INFO - Setting next_dagrun for example_branch_python_operator_decorator to 2025-06-30 00:00:00+00:00, run_after=2025-07-01 00:00:00+00:00
[2025-07-01T01:47:35.091+0000] {processor.py:208} INFO - Processing /home/airflow/.local/lib/python3.12/site-packages/airflow/example_dags/example_branch_operator_decorator.py took 0.097 seconds
[2025-07-01T01:48:05.984+0000] {processor.py:186} INFO - Started process (PID=5088) to work on /home/airflow/.local/lib/python3.12/site-packages/airflow/example_dags/example_branch_operator_decorator.py
[2025-07-01T01:48:05.985+0000] {processor.py:914} INFO - Processing file /home/airflow/.local/lib/python3.12/site-packages/airflow/example_dags/example_branch_operator_decorator.py for tasks to queue
[2025-07-01T01:48:05.987+0000] {logging_mixin.py:190} INFO - [2025-07-01T01:48:05.987+0000] {dagbag.py:588} INFO - Filling up the DagBag from /home/airflow/.local/lib/python3.12/site-packages/airflow/example_dags/example_branch_operator_decorator.py
[2025-07-01T01:48:06.010+0000] {processor.py:925} INFO - DAG(s) 'example_branch_python_operator_decorator' retrieved from /home/airflow/.local/lib/python3.12/site-packages/airflow/example_dags/example_branch_operator_decorator.py
[2025-07-01T01:48:06.035+0000] {logging_mixin.py:190} INFO - [2025-07-01T01:48:06.035+0000] {dag.py:3239} INFO - Sync 1 DAGs
[2025-07-01T01:48:06.057+0000] {logging_mixin.py:190} INFO - [2025-07-01T01:48:06.057+0000] {dag.py:4180} INFO - Setting next_dagrun for example_branch_python_operator_decorator to 2025-06-30 00:00:00+00:00, run_after=2025-07-01 00:00:00+00:00
[2025-07-01T01:48:06.075+0000] {processor.py:208} INFO - Processing /home/airflow/.local/lib/python3.12/site-packages/airflow/example_dags/example_branch_operator_decorator.py took 0.098 seconds
[2025-07-01T01:48:36.366+0000] {processor.py:186} INFO - Started process (PID=5150) to work on /home/airflow/.local/lib/python3.12/site-packages/airflow/example_dags/example_branch_operator_decorator.py
[2025-07-01T01:48:36.367+0000] {processor.py:914} INFO - Processing file /home/airflow/.local/lib/python3.12/site-packages/airflow/example_dags/example_branch_operator_decorator.py for tasks to queue
[2025-07-01T01:48:36.370+0000] {logging_mixin.py:190} INFO - [2025-07-01T01:48:36.369+0000] {dagbag.py:588} INFO - Filling up the DagBag from /home/airflow/.local/lib/python3.12/site-packages/airflow/example_dags/example_branch_operator_decorator.py
[2025-07-01T01:48:36.391+0000] {processor.py:925} INFO - DAG(s) 'example_branch_python_operator_decorator' retrieved from /home/airflow/.local/lib/python3.12/site-packages/airflow/example_dags/example_branch_operator_decorator.py
[2025-07-01T01:48:36.418+0000] {logging_mixin.py:190} INFO - [2025-07-01T01:48:36.418+0000] {dag.py:3239} INFO - Sync 1 DAGs
[2025-07-01T01:48:36.441+0000] {logging_mixin.py:190} INFO - [2025-07-01T01:48:36.441+0000] {dag.py:4180} INFO - Setting next_dagrun for example_branch_python_operator_decorator to 2025-06-30 00:00:00+00:00, run_after=2025-07-01 00:00:00+00:00
[2025-07-01T01:48:36.462+0000] {processor.py:208} INFO - Processing /home/airflow/.local/lib/python3.12/site-packages/airflow/example_dags/example_branch_operator_decorator.py took 0.103 seconds
[2025-07-01T01:49:07.340+0000] {processor.py:186} INFO - Started process (PID=5213) to work on /home/airflow/.local/lib/python3.12/site-packages/airflow/example_dags/example_branch_operator_decorator.py
[2025-07-01T01:49:07.341+0000] {processor.py:914} INFO - Processing file /home/airflow/.local/lib/python3.12/site-packages/airflow/example_dags/example_branch_operator_decorator.py for tasks to queue
[2025-07-01T01:49:07.344+0000] {logging_mixin.py:190} INFO - [2025-07-01T01:49:07.344+0000] {dagbag.py:588} INFO - Filling up the DagBag from /home/airflow/.local/lib/python3.12/site-packages/airflow/example_dags/example_branch_operator_decorator.py
[2025-07-01T01:49:07.366+0000] {processor.py:925} INFO - DAG(s) 'example_branch_python_operator_decorator' retrieved from /home/airflow/.local/lib/python3.12/site-packages/airflow/example_dags/example_branch_operator_decorator.py
[2025-07-01T01:49:07.399+0000] {logging_mixin.py:190} INFO - [2025-07-01T01:49:07.398+0000] {dag.py:3239} INFO - Sync 1 DAGs
[2025-07-01T01:49:07.430+0000] {logging_mixin.py:190} INFO - [2025-07-01T01:49:07.430+0000] {dag.py:4180} INFO - Setting next_dagrun for example_branch_python_operator_decorator to 2025-06-30 00:00:00+00:00, run_after=2025-07-01 00:00:00+00:00
[2025-07-01T01:49:07.448+0000] {processor.py:208} INFO - Processing /home/airflow/.local/lib/python3.12/site-packages/airflow/example_dags/example_branch_operator_decorator.py took 0.114 seconds
[2025-07-01T01:49:37.995+0000] {processor.py:186} INFO - Started process (PID=5275) to work on /home/airflow/.local/lib/python3.12/site-packages/airflow/example_dags/example_branch_operator_decorator.py
[2025-07-01T01:49:37.996+0000] {processor.py:914} INFO - Processing file /home/airflow/.local/lib/python3.12/site-packages/airflow/example_dags/example_branch_operator_decorator.py for tasks to queue
[2025-07-01T01:49:38.000+0000] {logging_mixin.py:190} INFO - [2025-07-01T01:49:37.999+0000] {dagbag.py:588} INFO - Filling up the DagBag from /home/airflow/.local/lib/python3.12/site-packages/airflow/example_dags/example_branch_operator_decorator.py
[2025-07-01T01:49:38.028+0000] {processor.py:925} INFO - DAG(s) 'example_branch_python_operator_decorator' retrieved from /home/airflow/.local/lib/python3.12/site-packages/airflow/example_dags/example_branch_operator_decorator.py
[2025-07-01T01:49:38.054+0000] {logging_mixin.py:190} INFO - [2025-07-01T01:49:38.053+0000] {dag.py:3239} INFO - Sync 1 DAGs
[2025-07-01T01:49:38.076+0000] {logging_mixin.py:190} INFO - [2025-07-01T01:49:38.076+0000] {dag.py:4180} INFO - Setting next_dagrun for example_branch_python_operator_decorator to 2025-06-30 00:00:00+00:00, run_after=2025-07-01 00:00:00+00:00
[2025-07-01T01:49:38.093+0000] {processor.py:208} INFO - Processing /home/airflow/.local/lib/python3.12/site-packages/airflow/example_dags/example_branch_operator_decorator.py took 0.107 seconds
[2025-07-01T01:50:09.501+0000] {processor.py:186} INFO - Started process (PID=5337) to work on /home/airflow/.local/lib/python3.12/site-packages/airflow/example_dags/example_branch_operator_decorator.py
[2025-07-01T01:50:09.502+0000] {processor.py:914} INFO - Processing file /home/airflow/.local/lib/python3.12/site-packages/airflow/example_dags/example_branch_operator_decorator.py for tasks to queue
[2025-07-01T01:50:09.505+0000] {logging_mixin.py:190} INFO - [2025-07-01T01:50:09.504+0000] {dagbag.py:588} INFO - Filling up the DagBag from /home/airflow/.local/lib/python3.12/site-packages/airflow/example_dags/example_branch_operator_decorator.py
[2025-07-01T01:50:09.526+0000] {processor.py:925} INFO - DAG(s) 'example_branch_python_operator_decorator' retrieved from /home/airflow/.local/lib/python3.12/site-packages/airflow/example_dags/example_branch_operator_decorator.py
[2025-07-01T01:50:09.555+0000] {logging_mixin.py:190} INFO - [2025-07-01T01:50:09.554+0000] {dag.py:3239} INFO - Sync 1 DAGs
[2025-07-01T01:50:09.578+0000] {logging_mixin.py:190} INFO - [2025-07-01T01:50:09.578+0000] {dag.py:4180} INFO - Setting next_dagrun for example_branch_python_operator_decorator to 2025-06-30 00:00:00+00:00, run_after=2025-07-01 00:00:00+00:00
[2025-07-01T01:50:09.600+0000] {processor.py:208} INFO - Processing /home/airflow/.local/lib/python3.12/site-packages/airflow/example_dags/example_branch_operator_decorator.py took 0.106 seconds
[2025-07-01T01:50:40.634+0000] {processor.py:186} INFO - Started process (PID=5399) to work on /home/airflow/.local/lib/python3.12/site-packages/airflow/example_dags/example_branch_operator_decorator.py
[2025-07-01T01:50:40.636+0000] {processor.py:914} INFO - Processing file /home/airflow/.local/lib/python3.12/site-packages/airflow/example_dags/example_branch_operator_decorator.py for tasks to queue
[2025-07-01T01:50:40.639+0000] {logging_mixin.py:190} INFO - [2025-07-01T01:50:40.639+0000] {dagbag.py:588} INFO - Filling up the DagBag from /home/airflow/.local/lib/python3.12/site-packages/airflow/example_dags/example_branch_operator_decorator.py
[2025-07-01T01:50:40.665+0000] {processor.py:925} INFO - DAG(s) 'example_branch_python_operator_decorator' retrieved from /home/airflow/.local/lib/python3.12/site-packages/airflow/example_dags/example_branch_operator_decorator.py
[2025-07-01T01:50:40.691+0000] {logging_mixin.py:190} INFO - [2025-07-01T01:50:40.691+0000] {dag.py:3239} INFO - Sync 1 DAGs
[2025-07-01T01:50:40.719+0000] {logging_mixin.py:190} INFO - [2025-07-01T01:50:40.719+0000] {dag.py:4180} INFO - Setting next_dagrun for example_branch_python_operator_decorator to 2025-06-30 00:00:00+00:00, run_after=2025-07-01 00:00:00+00:00
[2025-07-01T01:50:40.738+0000] {processor.py:208} INFO - Processing /home/airflow/.local/lib/python3.12/site-packages/airflow/example_dags/example_branch_operator_decorator.py took 0.114 seconds
[2025-07-01T01:51:11.136+0000] {processor.py:186} INFO - Started process (PID=5461) to work on /home/airflow/.local/lib/python3.12/site-packages/airflow/example_dags/example_branch_operator_decorator.py
[2025-07-01T01:51:11.137+0000] {processor.py:914} INFO - Processing file /home/airflow/.local/lib/python3.12/site-packages/airflow/example_dags/example_branch_operator_decorator.py for tasks to queue
[2025-07-01T01:51:11.141+0000] {logging_mixin.py:190} INFO - [2025-07-01T01:51:11.140+0000] {dagbag.py:588} INFO - Filling up the DagBag from /home/airflow/.local/lib/python3.12/site-packages/airflow/example_dags/example_branch_operator_decorator.py
[2025-07-01T01:51:11.171+0000] {processor.py:925} INFO - DAG(s) 'example_branch_python_operator_decorator' retrieved from /home/airflow/.local/lib/python3.12/site-packages/airflow/example_dags/example_branch_operator_decorator.py
[2025-07-01T01:51:11.208+0000] {logging_mixin.py:190} INFO - [2025-07-01T01:51:11.207+0000] {dag.py:3239} INFO - Sync 1 DAGs
[2025-07-01T01:51:11.235+0000] {logging_mixin.py:190} INFO - [2025-07-01T01:51:11.235+0000] {dag.py:4180} INFO - Setting next_dagrun for example_branch_python_operator_decorator to 2025-06-30 00:00:00+00:00, run_after=2025-07-01 00:00:00+00:00
[2025-07-01T01:51:11.258+0000] {processor.py:208} INFO - Processing /home/airflow/.local/lib/python3.12/site-packages/airflow/example_dags/example_branch_operator_decorator.py took 0.134 seconds
[2025-07-01T01:51:41.937+0000] {processor.py:186} INFO - Started process (PID=5523) to work on /home/airflow/.local/lib/python3.12/site-packages/airflow/example_dags/example_branch_operator_decorator.py
[2025-07-01T01:51:41.939+0000] {processor.py:914} INFO - Processing file /home/airflow/.local/lib/python3.12/site-packages/airflow/example_dags/example_branch_operator_decorator.py for tasks to queue
[2025-07-01T01:51:41.942+0000] {logging_mixin.py:190} INFO - [2025-07-01T01:51:41.942+0000] {dagbag.py:588} INFO - Filling up the DagBag from /home/airflow/.local/lib/python3.12/site-packages/airflow/example_dags/example_branch_operator_decorator.py
[2025-07-01T01:51:41.967+0000] {processor.py:925} INFO - DAG(s) 'example_branch_python_operator_decorator' retrieved from /home/airflow/.local/lib/python3.12/site-packages/airflow/example_dags/example_branch_operator_decorator.py
[2025-07-01T01:51:41.993+0000] {logging_mixin.py:190} INFO - [2025-07-01T01:51:41.993+0000] {dag.py:3239} INFO - Sync 1 DAGs
[2025-07-01T01:51:42.015+0000] {logging_mixin.py:190} INFO - [2025-07-01T01:51:42.015+0000] {dag.py:4180} INFO - Setting next_dagrun for example_branch_python_operator_decorator to 2025-06-30 00:00:00+00:00, run_after=2025-07-01 00:00:00+00:00
[2025-07-01T01:51:42.033+0000] {processor.py:208} INFO - Processing /home/airflow/.local/lib/python3.12/site-packages/airflow/example_dags/example_branch_operator_decorator.py took 0.102 seconds
[2025-07-01T01:52:13.071+0000] {processor.py:186} INFO - Started process (PID=5585) to work on /home/airflow/.local/lib/python3.12/site-packages/airflow/example_dags/example_branch_operator_decorator.py
[2025-07-01T01:52:13.072+0000] {processor.py:914} INFO - Processing file /home/airflow/.local/lib/python3.12/site-packages/airflow/example_dags/example_branch_operator_decorator.py for tasks to queue
[2025-07-01T01:52:13.074+0000] {logging_mixin.py:190} INFO - [2025-07-01T01:52:13.074+0000] {dagbag.py:588} INFO - Filling up the DagBag from /home/airflow/.local/lib/python3.12/site-packages/airflow/example_dags/example_branch_operator_decorator.py
[2025-07-01T01:52:13.094+0000] {processor.py:925} INFO - DAG(s) 'example_branch_python_operator_decorator' retrieved from /home/airflow/.local/lib/python3.12/site-packages/airflow/example_dags/example_branch_operator_decorator.py
[2025-07-01T01:52:13.121+0000] {logging_mixin.py:190} INFO - [2025-07-01T01:52:13.120+0000] {dag.py:3239} INFO - Sync 1 DAGs
[2025-07-01T01:52:13.144+0000] {logging_mixin.py:190} INFO - [2025-07-01T01:52:13.144+0000] {dag.py:4180} INFO - Setting next_dagrun for example_branch_python_operator_decorator to 2025-06-30 00:00:00+00:00, run_after=2025-07-01 00:00:00+00:00
[2025-07-01T01:52:13.161+0000] {processor.py:208} INFO - Processing /home/airflow/.local/lib/python3.12/site-packages/airflow/example_dags/example_branch_operator_decorator.py took 0.096 seconds
[2025-07-01T01:52:43.307+0000] {processor.py:186} INFO - Started process (PID=5647) to work on /home/airflow/.local/lib/python3.12/site-packages/airflow/example_dags/example_branch_operator_decorator.py
[2025-07-01T01:52:43.308+0000] {processor.py:914} INFO - Processing file /home/airflow/.local/lib/python3.12/site-packages/airflow/example_dags/example_branch_operator_decorator.py for tasks to queue
[2025-07-01T01:52:43.311+0000] {logging_mixin.py:190} INFO - [2025-07-01T01:52:43.310+0000] {dagbag.py:588} INFO - Filling up the DagBag from /home/airflow/.local/lib/python3.12/site-packages/airflow/example_dags/example_branch_operator_decorator.py
[2025-07-01T01:52:43.332+0000] {processor.py:925} INFO - DAG(s) 'example_branch_python_operator_decorator' retrieved from /home/airflow/.local/lib/python3.12/site-packages/airflow/example_dags/example_branch_operator_decorator.py
[2025-07-01T01:52:43.361+0000] {logging_mixin.py:190} INFO - [2025-07-01T01:52:43.361+0000] {dag.py:3239} INFO - Sync 1 DAGs
[2025-07-01T01:52:43.384+0000] {logging_mixin.py:190} INFO - [2025-07-01T01:52:43.384+0000] {dag.py:4180} INFO - Setting next_dagrun for example_branch_python_operator_decorator to 2025-06-30 00:00:00+00:00, run_after=2025-07-01 00:00:00+00:00
[2025-07-01T01:52:43.403+0000] {processor.py:208} INFO - Processing /home/airflow/.local/lib/python3.12/site-packages/airflow/example_dags/example_branch_operator_decorator.py took 0.102 seconds
[2025-07-01T01:53:13.595+0000] {processor.py:186} INFO - Started process (PID=5709) to work on /home/airflow/.local/lib/python3.12/site-packages/airflow/example_dags/example_branch_operator_decorator.py
[2025-07-01T01:53:13.596+0000] {processor.py:914} INFO - Processing file /home/airflow/.local/lib/python3.12/site-packages/airflow/example_dags/example_branch_operator_decorator.py for tasks to queue
[2025-07-01T01:53:13.599+0000] {logging_mixin.py:190} INFO - [2025-07-01T01:53:13.599+0000] {dagbag.py:588} INFO - Filling up the DagBag from /home/airflow/.local/lib/python3.12/site-packages/airflow/example_dags/example_branch_operator_decorator.py
[2025-07-01T01:53:13.620+0000] {processor.py:925} INFO - DAG(s) 'example_branch_python_operator_decorator' retrieved from /home/airflow/.local/lib/python3.12/site-packages/airflow/example_dags/example_branch_operator_decorator.py
[2025-07-01T01:53:13.645+0000] {logging_mixin.py:190} INFO - [2025-07-01T01:53:13.644+0000] {dag.py:3239} INFO - Sync 1 DAGs
[2025-07-01T01:53:13.667+0000] {logging_mixin.py:190} INFO - [2025-07-01T01:53:13.666+0000] {dag.py:4180} INFO - Setting next_dagrun for example_branch_python_operator_decorator to 2025-06-30 00:00:00+00:00, run_after=2025-07-01 00:00:00+00:00
[2025-07-01T01:53:13.683+0000] {processor.py:208} INFO - Processing /home/airflow/.local/lib/python3.12/site-packages/airflow/example_dags/example_branch_operator_decorator.py took 0.094 seconds
[2025-07-01T01:53:43.925+0000] {processor.py:186} INFO - Started process (PID=5771) to work on /home/airflow/.local/lib/python3.12/site-packages/airflow/example_dags/example_branch_operator_decorator.py
[2025-07-01T01:53:43.926+0000] {processor.py:914} INFO - Processing file /home/airflow/.local/lib/python3.12/site-packages/airflow/example_dags/example_branch_operator_decorator.py for tasks to queue
[2025-07-01T01:53:43.930+0000] {logging_mixin.py:190} INFO - [2025-07-01T01:53:43.930+0000] {dagbag.py:588} INFO - Filling up the DagBag from /home/airflow/.local/lib/python3.12/site-packages/airflow/example_dags/example_branch_operator_decorator.py
[2025-07-01T01:53:43.959+0000] {processor.py:925} INFO - DAG(s) 'example_branch_python_operator_decorator' retrieved from /home/airflow/.local/lib/python3.12/site-packages/airflow/example_dags/example_branch_operator_decorator.py
[2025-07-01T01:53:43.992+0000] {logging_mixin.py:190} INFO - [2025-07-01T01:53:43.992+0000] {dag.py:3239} INFO - Sync 1 DAGs
[2025-07-01T01:53:44.020+0000] {logging_mixin.py:190} INFO - [2025-07-01T01:53:44.020+0000] {dag.py:4180} INFO - Setting next_dagrun for example_branch_python_operator_decorator to 2025-06-30 00:00:00+00:00, run_after=2025-07-01 00:00:00+00:00
[2025-07-01T01:53:44.046+0000] {processor.py:208} INFO - Processing /home/airflow/.local/lib/python3.12/site-packages/airflow/example_dags/example_branch_operator_decorator.py took 0.128 seconds
[2025-07-01T01:54:14.304+0000] {processor.py:186} INFO - Started process (PID=5833) to work on /home/airflow/.local/lib/python3.12/site-packages/airflow/example_dags/example_branch_operator_decorator.py
[2025-07-01T01:54:14.305+0000] {processor.py:914} INFO - Processing file /home/airflow/.local/lib/python3.12/site-packages/airflow/example_dags/example_branch_operator_decorator.py for tasks to queue
[2025-07-01T01:54:14.307+0000] {logging_mixin.py:190} INFO - [2025-07-01T01:54:14.307+0000] {dagbag.py:588} INFO - Filling up the DagBag from /home/airflow/.local/lib/python3.12/site-packages/airflow/example_dags/example_branch_operator_decorator.py
[2025-07-01T01:54:14.327+0000] {processor.py:925} INFO - DAG(s) 'example_branch_python_operator_decorator' retrieved from /home/airflow/.local/lib/python3.12/site-packages/airflow/example_dags/example_branch_operator_decorator.py
[2025-07-01T01:54:14.354+0000] {logging_mixin.py:190} INFO - [2025-07-01T01:54:14.354+0000] {dag.py:3239} INFO - Sync 1 DAGs
[2025-07-01T01:54:14.377+0000] {logging_mixin.py:190} INFO - [2025-07-01T01:54:14.377+0000] {dag.py:4180} INFO - Setting next_dagrun for example_branch_python_operator_decorator to 2025-06-30 00:00:00+00:00, run_after=2025-07-01 00:00:00+00:00
[2025-07-01T01:54:14.393+0000] {processor.py:208} INFO - Processing /home/airflow/.local/lib/python3.12/site-packages/airflow/example_dags/example_branch_operator_decorator.py took 0.097 seconds
[2025-07-01T01:54:45.323+0000] {processor.py:186} INFO - Started process (PID=5895) to work on /home/airflow/.local/lib/python3.12/site-packages/airflow/example_dags/example_branch_operator_decorator.py
[2025-07-01T01:54:45.324+0000] {processor.py:914} INFO - Processing file /home/airflow/.local/lib/python3.12/site-packages/airflow/example_dags/example_branch_operator_decorator.py for tasks to queue
[2025-07-01T01:54:45.327+0000] {logging_mixin.py:190} INFO - [2025-07-01T01:54:45.327+0000] {dagbag.py:588} INFO - Filling up the DagBag from /home/airflow/.local/lib/python3.12/site-packages/airflow/example_dags/example_branch_operator_decorator.py
[2025-07-01T01:54:45.353+0000] {processor.py:925} INFO - DAG(s) 'example_branch_python_operator_decorator' retrieved from /home/airflow/.local/lib/python3.12/site-packages/airflow/example_dags/example_branch_operator_decorator.py
[2025-07-01T01:54:45.384+0000] {logging_mixin.py:190} INFO - [2025-07-01T01:54:45.383+0000] {dag.py:3239} INFO - Sync 1 DAGs
[2025-07-01T01:54:45.411+0000] {logging_mixin.py:190} INFO - [2025-07-01T01:54:45.411+0000] {dag.py:4180} INFO - Setting next_dagrun for example_branch_python_operator_decorator to 2025-06-30 00:00:00+00:00, run_after=2025-07-01 00:00:00+00:00
[2025-07-01T01:54:45.431+0000] {processor.py:208} INFO - Processing /home/airflow/.local/lib/python3.12/site-packages/airflow/example_dags/example_branch_operator_decorator.py took 0.115 seconds
[2025-07-01T01:55:16.413+0000] {processor.py:186} INFO - Started process (PID=5957) to work on /home/airflow/.local/lib/python3.12/site-packages/airflow/example_dags/example_branch_operator_decorator.py
[2025-07-01T01:55:16.414+0000] {processor.py:914} INFO - Processing file /home/airflow/.local/lib/python3.12/site-packages/airflow/example_dags/example_branch_operator_decorator.py for tasks to queue
[2025-07-01T01:55:16.417+0000] {logging_mixin.py:190} INFO - [2025-07-01T01:55:16.416+0000] {dagbag.py:588} INFO - Filling up the DagBag from /home/airflow/.local/lib/python3.12/site-packages/airflow/example_dags/example_branch_operator_decorator.py
[2025-07-01T01:55:16.440+0000] {processor.py:925} INFO - DAG(s) 'example_branch_python_operator_decorator' retrieved from /home/airflow/.local/lib/python3.12/site-packages/airflow/example_dags/example_branch_operator_decorator.py
[2025-07-01T01:55:16.466+0000] {logging_mixin.py:190} INFO - [2025-07-01T01:55:16.465+0000] {dag.py:3239} INFO - Sync 1 DAGs
[2025-07-01T01:55:16.489+0000] {logging_mixin.py:190} INFO - [2025-07-01T01:55:16.489+0000] {dag.py:4180} INFO - Setting next_dagrun for example_branch_python_operator_decorator to 2025-06-30 00:00:00+00:00, run_after=2025-07-01 00:00:00+00:00
[2025-07-01T01:55:16.506+0000] {processor.py:208} INFO - Processing /home/airflow/.local/lib/python3.12/site-packages/airflow/example_dags/example_branch_operator_decorator.py took 0.102 seconds
[2025-07-01T01:55:47.283+0000] {processor.py:186} INFO - Started process (PID=6019) to work on /home/airflow/.local/lib/python3.12/site-packages/airflow/example_dags/example_branch_operator_decorator.py
[2025-07-01T01:55:47.285+0000] {processor.py:914} INFO - Processing file /home/airflow/.local/lib/python3.12/site-packages/airflow/example_dags/example_branch_operator_decorator.py for tasks to queue
[2025-07-01T01:55:47.287+0000] {logging_mixin.py:190} INFO - [2025-07-01T01:55:47.287+0000] {dagbag.py:588} INFO - Filling up the DagBag from /home/airflow/.local/lib/python3.12/site-packages/airflow/example_dags/example_branch_operator_decorator.py
[2025-07-01T01:55:47.310+0000] {processor.py:925} INFO - DAG(s) 'example_branch_python_operator_decorator' retrieved from /home/airflow/.local/lib/python3.12/site-packages/airflow/example_dags/example_branch_operator_decorator.py
[2025-07-01T01:55:47.335+0000] {logging_mixin.py:190} INFO - [2025-07-01T01:55:47.334+0000] {dag.py:3239} INFO - Sync 1 DAGs
[2025-07-01T01:55:47.361+0000] {logging_mixin.py:190} INFO - [2025-07-01T01:55:47.361+0000] {dag.py:4180} INFO - Setting next_dagrun for example_branch_python_operator_decorator to 2025-06-30 00:00:00+00:00, run_after=2025-07-01 00:00:00+00:00
[2025-07-01T01:55:47.378+0000] {processor.py:208} INFO - Processing /home/airflow/.local/lib/python3.12/site-packages/airflow/example_dags/example_branch_operator_decorator.py took 0.101 seconds
[2025-07-01T01:56:18.164+0000] {processor.py:186} INFO - Started process (PID=6081) to work on /home/airflow/.local/lib/python3.12/site-packages/airflow/example_dags/example_branch_operator_decorator.py
[2025-07-01T01:56:18.166+0000] {processor.py:914} INFO - Processing file /home/airflow/.local/lib/python3.12/site-packages/airflow/example_dags/example_branch_operator_decorator.py for tasks to queue
[2025-07-01T01:56:18.168+0000] {logging_mixin.py:190} INFO - [2025-07-01T01:56:18.168+0000] {dagbag.py:588} INFO - Filling up the DagBag from /home/airflow/.local/lib/python3.12/site-packages/airflow/example_dags/example_branch_operator_decorator.py
[2025-07-01T01:56:18.189+0000] {processor.py:925} INFO - DAG(s) 'example_branch_python_operator_decorator' retrieved from /home/airflow/.local/lib/python3.12/site-packages/airflow/example_dags/example_branch_operator_decorator.py
[2025-07-01T01:56:18.249+0000] {logging_mixin.py:190} INFO - [2025-07-01T01:56:18.249+0000] {dag.py:3239} INFO - Sync 1 DAGs
[2025-07-01T01:56:18.285+0000] {logging_mixin.py:190} INFO - [2025-07-01T01:56:18.285+0000] {dag.py:4180} INFO - Setting next_dagrun for example_branch_python_operator_decorator to 2025-06-30 00:00:00+00:00, run_after=2025-07-01 00:00:00+00:00
[2025-07-01T01:56:18.303+0000] {processor.py:208} INFO - Processing /home/airflow/.local/lib/python3.12/site-packages/airflow/example_dags/example_branch_operator_decorator.py took 0.145 seconds
[2025-07-01T01:56:49.201+0000] {processor.py:186} INFO - Started process (PID=6143) to work on /home/airflow/.local/lib/python3.12/site-packages/airflow/example_dags/example_branch_operator_decorator.py
[2025-07-01T01:56:49.202+0000] {processor.py:914} INFO - Processing file /home/airflow/.local/lib/python3.12/site-packages/airflow/example_dags/example_branch_operator_decorator.py for tasks to queue
[2025-07-01T01:56:49.205+0000] {logging_mixin.py:190} INFO - [2025-07-01T01:56:49.205+0000] {dagbag.py:588} INFO - Filling up the DagBag from /home/airflow/.local/lib/python3.12/site-packages/airflow/example_dags/example_branch_operator_decorator.py
[2025-07-01T01:56:49.225+0000] {processor.py:925} INFO - DAG(s) 'example_branch_python_operator_decorator' retrieved from /home/airflow/.local/lib/python3.12/site-packages/airflow/example_dags/example_branch_operator_decorator.py
[2025-07-01T01:56:49.255+0000] {logging_mixin.py:190} INFO - [2025-07-01T01:56:49.254+0000] {dag.py:3239} INFO - Sync 1 DAGs
[2025-07-01T01:56:49.282+0000] {logging_mixin.py:190} INFO - [2025-07-01T01:56:49.281+0000] {dag.py:4180} INFO - Setting next_dagrun for example_branch_python_operator_decorator to 2025-06-30 00:00:00+00:00, run_after=2025-07-01 00:00:00+00:00
[2025-07-01T01:56:49.301+0000] {processor.py:208} INFO - Processing /home/airflow/.local/lib/python3.12/site-packages/airflow/example_dags/example_branch_operator_decorator.py took 0.106 seconds
[2025-07-01T01:57:19.456+0000] {processor.py:186} INFO - Started process (PID=6205) to work on /home/airflow/.local/lib/python3.12/site-packages/airflow/example_dags/example_branch_operator_decorator.py
[2025-07-01T01:57:19.457+0000] {processor.py:914} INFO - Processing file /home/airflow/.local/lib/python3.12/site-packages/airflow/example_dags/example_branch_operator_decorator.py for tasks to queue
[2025-07-01T01:57:19.460+0000] {logging_mixin.py:190} INFO - [2025-07-01T01:57:19.460+0000] {dagbag.py:588} INFO - Filling up the DagBag from /home/airflow/.local/lib/python3.12/site-packages/airflow/example_dags/example_branch_operator_decorator.py
[2025-07-01T01:57:19.492+0000] {processor.py:925} INFO - DAG(s) 'example_branch_python_operator_decorator' retrieved from /home/airflow/.local/lib/python3.12/site-packages/airflow/example_dags/example_branch_operator_decorator.py
[2025-07-01T01:57:19.521+0000] {logging_mixin.py:190} INFO - [2025-07-01T01:57:19.521+0000] {dag.py:3239} INFO - Sync 1 DAGs
[2025-07-01T01:57:19.545+0000] {logging_mixin.py:190} INFO - [2025-07-01T01:57:19.545+0000] {dag.py:4180} INFO - Setting next_dagrun for example_branch_python_operator_decorator to 2025-06-30 00:00:00+00:00, run_after=2025-07-01 00:00:00+00:00
[2025-07-01T01:57:19.564+0000] {processor.py:208} INFO - Processing /home/airflow/.local/lib/python3.12/site-packages/airflow/example_dags/example_branch_operator_decorator.py took 0.115 seconds
[2025-07-01T01:57:50.712+0000] {processor.py:186} INFO - Started process (PID=6269) to work on /home/airflow/.local/lib/python3.12/site-packages/airflow/example_dags/example_branch_operator_decorator.py
[2025-07-01T01:57:50.713+0000] {processor.py:914} INFO - Processing file /home/airflow/.local/lib/python3.12/site-packages/airflow/example_dags/example_branch_operator_decorator.py for tasks to queue
[2025-07-01T01:57:50.715+0000] {logging_mixin.py:190} INFO - [2025-07-01T01:57:50.715+0000] {dagbag.py:588} INFO - Filling up the DagBag from /home/airflow/.local/lib/python3.12/site-packages/airflow/example_dags/example_branch_operator_decorator.py
[2025-07-01T01:57:50.735+0000] {processor.py:925} INFO - DAG(s) 'example_branch_python_operator_decorator' retrieved from /home/airflow/.local/lib/python3.12/site-packages/airflow/example_dags/example_branch_operator_decorator.py
[2025-07-01T01:57:50.761+0000] {logging_mixin.py:190} INFO - [2025-07-01T01:57:50.761+0000] {dag.py:3239} INFO - Sync 1 DAGs
[2025-07-01T01:57:50.790+0000] {logging_mixin.py:190} INFO - [2025-07-01T01:57:50.789+0000] {dag.py:4180} INFO - Setting next_dagrun for example_branch_python_operator_decorator to 2025-06-30 00:00:00+00:00, run_after=2025-07-01 00:00:00+00:00
[2025-07-01T01:57:50.806+0000] {processor.py:208} INFO - Processing /home/airflow/.local/lib/python3.12/site-packages/airflow/example_dags/example_branch_operator_decorator.py took 0.100 seconds
[2025-07-01T01:58:21.530+0000] {processor.py:186} INFO - Started process (PID=6331) to work on /home/airflow/.local/lib/python3.12/site-packages/airflow/example_dags/example_branch_operator_decorator.py
[2025-07-01T01:58:21.532+0000] {processor.py:914} INFO - Processing file /home/airflow/.local/lib/python3.12/site-packages/airflow/example_dags/example_branch_operator_decorator.py for tasks to queue
[2025-07-01T01:58:21.534+0000] {logging_mixin.py:190} INFO - [2025-07-01T01:58:21.534+0000] {dagbag.py:588} INFO - Filling up the DagBag from /home/airflow/.local/lib/python3.12/site-packages/airflow/example_dags/example_branch_operator_decorator.py
[2025-07-01T01:58:21.554+0000] {processor.py:925} INFO - DAG(s) 'example_branch_python_operator_decorator' retrieved from /home/airflow/.local/lib/python3.12/site-packages/airflow/example_dags/example_branch_operator_decorator.py
[2025-07-01T01:58:21.580+0000] {logging_mixin.py:190} INFO - [2025-07-01T01:58:21.580+0000] {dag.py:3239} INFO - Sync 1 DAGs
[2025-07-01T01:58:21.602+0000] {logging_mixin.py:190} INFO - [2025-07-01T01:58:21.601+0000] {dag.py:4180} INFO - Setting next_dagrun for example_branch_python_operator_decorator to 2025-06-30 00:00:00+00:00, run_after=2025-07-01 00:00:00+00:00
[2025-07-01T01:58:21.619+0000] {processor.py:208} INFO - Processing /home/airflow/.local/lib/python3.12/site-packages/airflow/example_dags/example_branch_operator_decorator.py took 0.094 seconds
[2025-07-01T01:58:52.145+0000] {processor.py:186} INFO - Started process (PID=6393) to work on /home/airflow/.local/lib/python3.12/site-packages/airflow/example_dags/example_branch_operator_decorator.py
[2025-07-01T01:58:52.146+0000] {processor.py:914} INFO - Processing file /home/airflow/.local/lib/python3.12/site-packages/airflow/example_dags/example_branch_operator_decorator.py for tasks to queue
[2025-07-01T01:58:52.148+0000] {logging_mixin.py:190} INFO - [2025-07-01T01:58:52.148+0000] {dagbag.py:588} INFO - Filling up the DagBag from /home/airflow/.local/lib/python3.12/site-packages/airflow/example_dags/example_branch_operator_decorator.py
[2025-07-01T01:58:52.168+0000] {processor.py:925} INFO - DAG(s) 'example_branch_python_operator_decorator' retrieved from /home/airflow/.local/lib/python3.12/site-packages/airflow/example_dags/example_branch_operator_decorator.py
[2025-07-01T01:58:52.194+0000] {logging_mixin.py:190} INFO - [2025-07-01T01:58:52.194+0000] {dag.py:3239} INFO - Sync 1 DAGs
[2025-07-01T01:58:52.217+0000] {logging_mixin.py:190} INFO - [2025-07-01T01:58:52.217+0000] {dag.py:4180} INFO - Setting next_dagrun for example_branch_python_operator_decorator to 2025-06-30 00:00:00+00:00, run_after=2025-07-01 00:00:00+00:00
[2025-07-01T01:58:52.235+0000] {processor.py:208} INFO - Processing /home/airflow/.local/lib/python3.12/site-packages/airflow/example_dags/example_branch_operator_decorator.py took 0.096 seconds
[2025-07-01T01:59:22.908+0000] {processor.py:186} INFO - Started process (PID=6456) to work on /home/airflow/.local/lib/python3.12/site-packages/airflow/example_dags/example_branch_operator_decorator.py
[2025-07-01T01:59:22.909+0000] {processor.py:914} INFO - Processing file /home/airflow/.local/lib/python3.12/site-packages/airflow/example_dags/example_branch_operator_decorator.py for tasks to queue
[2025-07-01T01:59:22.912+0000] {logging_mixin.py:190} INFO - [2025-07-01T01:59:22.912+0000] {dagbag.py:588} INFO - Filling up the DagBag from /home/airflow/.local/lib/python3.12/site-packages/airflow/example_dags/example_branch_operator_decorator.py
[2025-07-01T01:59:22.935+0000] {processor.py:925} INFO - DAG(s) 'example_branch_python_operator_decorator' retrieved from /home/airflow/.local/lib/python3.12/site-packages/airflow/example_dags/example_branch_operator_decorator.py
[2025-07-01T01:59:22.962+0000] {logging_mixin.py:190} INFO - [2025-07-01T01:59:22.962+0000] {dag.py:3239} INFO - Sync 1 DAGs
[2025-07-01T01:59:22.986+0000] {logging_mixin.py:190} INFO - [2025-07-01T01:59:22.986+0000] {dag.py:4180} INFO - Setting next_dagrun for example_branch_python_operator_decorator to 2025-06-30 00:00:00+00:00, run_after=2025-07-01 00:00:00+00:00
[2025-07-01T01:59:23.005+0000] {processor.py:208} INFO - Processing /home/airflow/.local/lib/python3.12/site-packages/airflow/example_dags/example_branch_operator_decorator.py took 0.105 seconds
[2025-07-01T01:59:53.946+0000] {processor.py:186} INFO - Started process (PID=6518) to work on /home/airflow/.local/lib/python3.12/site-packages/airflow/example_dags/example_branch_operator_decorator.py
[2025-07-01T01:59:53.947+0000] {processor.py:914} INFO - Processing file /home/airflow/.local/lib/python3.12/site-packages/airflow/example_dags/example_branch_operator_decorator.py for tasks to queue
[2025-07-01T01:59:53.949+0000] {logging_mixin.py:190} INFO - [2025-07-01T01:59:53.949+0000] {dagbag.py:588} INFO - Filling up the DagBag from /home/airflow/.local/lib/python3.12/site-packages/airflow/example_dags/example_branch_operator_decorator.py
[2025-07-01T01:59:53.971+0000] {processor.py:925} INFO - DAG(s) 'example_branch_python_operator_decorator' retrieved from /home/airflow/.local/lib/python3.12/site-packages/airflow/example_dags/example_branch_operator_decorator.py
[2025-07-01T01:59:53.999+0000] {logging_mixin.py:190} INFO - [2025-07-01T01:59:53.999+0000] {dag.py:3239} INFO - Sync 1 DAGs
[2025-07-01T01:59:54.024+0000] {logging_mixin.py:190} INFO - [2025-07-01T01:59:54.024+0000] {dag.py:4180} INFO - Setting next_dagrun for example_branch_python_operator_decorator to 2025-06-30 00:00:00+00:00, run_after=2025-07-01 00:00:00+00:00
[2025-07-01T01:59:54.043+0000] {processor.py:208} INFO - Processing /home/airflow/.local/lib/python3.12/site-packages/airflow/example_dags/example_branch_operator_decorator.py took 0.104 seconds
[2025-07-01T02:00:24.220+0000] {processor.py:186} INFO - Started process (PID=6580) to work on /home/airflow/.local/lib/python3.12/site-packages/airflow/example_dags/example_branch_operator_decorator.py
[2025-07-01T02:00:24.221+0000] {processor.py:914} INFO - Processing file /home/airflow/.local/lib/python3.12/site-packages/airflow/example_dags/example_branch_operator_decorator.py for tasks to queue
[2025-07-01T02:00:24.223+0000] {logging_mixin.py:190} INFO - [2025-07-01T02:00:24.223+0000] {dagbag.py:588} INFO - Filling up the DagBag from /home/airflow/.local/lib/python3.12/site-packages/airflow/example_dags/example_branch_operator_decorator.py
[2025-07-01T02:00:24.244+0000] {processor.py:925} INFO - DAG(s) 'example_branch_python_operator_decorator' retrieved from /home/airflow/.local/lib/python3.12/site-packages/airflow/example_dags/example_branch_operator_decorator.py
[2025-07-01T02:00:24.273+0000] {logging_mixin.py:190} INFO - [2025-07-01T02:00:24.273+0000] {dag.py:3239} INFO - Sync 1 DAGs
[2025-07-01T02:00:24.304+0000] {logging_mixin.py:190} INFO - [2025-07-01T02:00:24.304+0000] {dag.py:4180} INFO - Setting next_dagrun for example_branch_python_operator_decorator to 2025-06-30 00:00:00+00:00, run_after=2025-07-01 00:00:00+00:00
[2025-07-01T02:00:24.333+0000] {processor.py:208} INFO - Processing /home/airflow/.local/lib/python3.12/site-packages/airflow/example_dags/example_branch_operator_decorator.py took 0.120 seconds
[2025-07-01T02:00:55.395+0000] {processor.py:186} INFO - Started process (PID=6642) to work on /home/airflow/.local/lib/python3.12/site-packages/airflow/example_dags/example_branch_operator_decorator.py
[2025-07-01T02:00:55.396+0000] {processor.py:914} INFO - Processing file /home/airflow/.local/lib/python3.12/site-packages/airflow/example_dags/example_branch_operator_decorator.py for tasks to queue
[2025-07-01T02:00:55.399+0000] {logging_mixin.py:190} INFO - [2025-07-01T02:00:55.399+0000] {dagbag.py:588} INFO - Filling up the DagBag from /home/airflow/.local/lib/python3.12/site-packages/airflow/example_dags/example_branch_operator_decorator.py
[2025-07-01T02:00:55.421+0000] {processor.py:925} INFO - DAG(s) 'example_branch_python_operator_decorator' retrieved from /home/airflow/.local/lib/python3.12/site-packages/airflow/example_dags/example_branch_operator_decorator.py
[2025-07-01T02:00:55.450+0000] {logging_mixin.py:190} INFO - [2025-07-01T02:00:55.450+0000] {dag.py:3239} INFO - Sync 1 DAGs
[2025-07-01T02:00:55.473+0000] {logging_mixin.py:190} INFO - [2025-07-01T02:00:55.472+0000] {dag.py:4180} INFO - Setting next_dagrun for example_branch_python_operator_decorator to 2025-06-30 00:00:00+00:00, run_after=2025-07-01 00:00:00+00:00
[2025-07-01T02:00:55.490+0000] {processor.py:208} INFO - Processing /home/airflow/.local/lib/python3.12/site-packages/airflow/example_dags/example_branch_operator_decorator.py took 0.101 seconds
[2025-07-01T02:01:25.699+0000] {processor.py:186} INFO - Started process (PID=6705) to work on /home/airflow/.local/lib/python3.12/site-packages/airflow/example_dags/example_branch_operator_decorator.py
[2025-07-01T02:01:25.700+0000] {processor.py:914} INFO - Processing file /home/airflow/.local/lib/python3.12/site-packages/airflow/example_dags/example_branch_operator_decorator.py for tasks to queue
[2025-07-01T02:01:25.702+0000] {logging_mixin.py:190} INFO - [2025-07-01T02:01:25.702+0000] {dagbag.py:588} INFO - Filling up the DagBag from /home/airflow/.local/lib/python3.12/site-packages/airflow/example_dags/example_branch_operator_decorator.py
[2025-07-01T02:01:25.723+0000] {processor.py:925} INFO - DAG(s) 'example_branch_python_operator_decorator' retrieved from /home/airflow/.local/lib/python3.12/site-packages/airflow/example_dags/example_branch_operator_decorator.py
[2025-07-01T02:01:25.750+0000] {logging_mixin.py:190} INFO - [2025-07-01T02:01:25.749+0000] {dag.py:3239} INFO - Sync 1 DAGs
[2025-07-01T02:01:25.776+0000] {logging_mixin.py:190} INFO - [2025-07-01T02:01:25.775+0000] {dag.py:4180} INFO - Setting next_dagrun for example_branch_python_operator_decorator to 2025-06-30 00:00:00+00:00, run_after=2025-07-01 00:00:00+00:00
[2025-07-01T02:01:25.795+0000] {processor.py:208} INFO - Processing /home/airflow/.local/lib/python3.12/site-packages/airflow/example_dags/example_branch_operator_decorator.py took 0.103 seconds
[2025-07-01T02:01:56.187+0000] {processor.py:186} INFO - Started process (PID=6768) to work on /home/airflow/.local/lib/python3.12/site-packages/airflow/example_dags/example_branch_operator_decorator.py
[2025-07-01T02:01:56.188+0000] {processor.py:914} INFO - Processing file /home/airflow/.local/lib/python3.12/site-packages/airflow/example_dags/example_branch_operator_decorator.py for tasks to queue
[2025-07-01T02:01:56.191+0000] {logging_mixin.py:190} INFO - [2025-07-01T02:01:56.191+0000] {dagbag.py:588} INFO - Filling up the DagBag from /home/airflow/.local/lib/python3.12/site-packages/airflow/example_dags/example_branch_operator_decorator.py
[2025-07-01T02:01:56.218+0000] {processor.py:925} INFO - DAG(s) 'example_branch_python_operator_decorator' retrieved from /home/airflow/.local/lib/python3.12/site-packages/airflow/example_dags/example_branch_operator_decorator.py
[2025-07-01T02:01:56.247+0000] {logging_mixin.py:190} INFO - [2025-07-01T02:01:56.246+0000] {dag.py:3239} INFO - Sync 1 DAGs
[2025-07-01T02:01:56.273+0000] {logging_mixin.py:190} INFO - [2025-07-01T02:01:56.273+0000] {dag.py:4180} INFO - Setting next_dagrun for example_branch_python_operator_decorator to 2025-06-30 00:00:00+00:00, run_after=2025-07-01 00:00:00+00:00
[2025-07-01T02:01:56.294+0000] {processor.py:208} INFO - Processing /home/airflow/.local/lib/python3.12/site-packages/airflow/example_dags/example_branch_operator_decorator.py took 0.116 seconds
[2025-07-01T02:02:27.145+0000] {processor.py:186} INFO - Started process (PID=6830) to work on /home/airflow/.local/lib/python3.12/site-packages/airflow/example_dags/example_branch_operator_decorator.py
[2025-07-01T02:02:27.146+0000] {processor.py:914} INFO - Processing file /home/airflow/.local/lib/python3.12/site-packages/airflow/example_dags/example_branch_operator_decorator.py for tasks to queue
[2025-07-01T02:02:27.149+0000] {logging_mixin.py:190} INFO - [2025-07-01T02:02:27.148+0000] {dagbag.py:588} INFO - Filling up the DagBag from /home/airflow/.local/lib/python3.12/site-packages/airflow/example_dags/example_branch_operator_decorator.py
[2025-07-01T02:02:27.171+0000] {processor.py:925} INFO - DAG(s) 'example_branch_python_operator_decorator' retrieved from /home/airflow/.local/lib/python3.12/site-packages/airflow/example_dags/example_branch_operator_decorator.py
[2025-07-01T02:02:27.198+0000] {logging_mixin.py:190} INFO - [2025-07-01T02:02:27.198+0000] {dag.py:3239} INFO - Sync 1 DAGs
[2025-07-01T02:02:27.222+0000] {logging_mixin.py:190} INFO - [2025-07-01T02:02:27.222+0000] {dag.py:4180} INFO - Setting next_dagrun for example_branch_python_operator_decorator to 2025-06-30 00:00:00+00:00, run_after=2025-07-01 00:00:00+00:00
[2025-07-01T02:02:27.241+0000] {processor.py:208} INFO - Processing /home/airflow/.local/lib/python3.12/site-packages/airflow/example_dags/example_branch_operator_decorator.py took 0.102 seconds
[2025-07-01T02:02:57.439+0000] {processor.py:186} INFO - Started process (PID=6892) to work on /home/airflow/.local/lib/python3.12/site-packages/airflow/example_dags/example_branch_operator_decorator.py
[2025-07-01T02:02:57.441+0000] {processor.py:914} INFO - Processing file /home/airflow/.local/lib/python3.12/site-packages/airflow/example_dags/example_branch_operator_decorator.py for tasks to queue
[2025-07-01T02:02:57.444+0000] {logging_mixin.py:190} INFO - [2025-07-01T02:02:57.444+0000] {dagbag.py:588} INFO - Filling up the DagBag from /home/airflow/.local/lib/python3.12/site-packages/airflow/example_dags/example_branch_operator_decorator.py
[2025-07-01T02:02:57.467+0000] {processor.py:925} INFO - DAG(s) 'example_branch_python_operator_decorator' retrieved from /home/airflow/.local/lib/python3.12/site-packages/airflow/example_dags/example_branch_operator_decorator.py
[2025-07-01T02:02:57.492+0000] {logging_mixin.py:190} INFO - [2025-07-01T02:02:57.492+0000] {dag.py:3239} INFO - Sync 1 DAGs
[2025-07-01T02:02:57.515+0000] {logging_mixin.py:190} INFO - [2025-07-01T02:02:57.515+0000] {dag.py:4180} INFO - Setting next_dagrun for example_branch_python_operator_decorator to 2025-06-30 00:00:00+00:00, run_after=2025-07-01 00:00:00+00:00
[2025-07-01T02:02:57.531+0000] {processor.py:208} INFO - Processing /home/airflow/.local/lib/python3.12/site-packages/airflow/example_dags/example_branch_operator_decorator.py took 0.099 seconds
[2025-07-01T02:03:28.286+0000] {processor.py:186} INFO - Started process (PID=6954) to work on /home/airflow/.local/lib/python3.12/site-packages/airflow/example_dags/example_branch_operator_decorator.py
[2025-07-01T02:03:28.287+0000] {processor.py:914} INFO - Processing file /home/airflow/.local/lib/python3.12/site-packages/airflow/example_dags/example_branch_operator_decorator.py for tasks to queue
[2025-07-01T02:03:28.291+0000] {logging_mixin.py:190} INFO - [2025-07-01T02:03:28.290+0000] {dagbag.py:588} INFO - Filling up the DagBag from /home/airflow/.local/lib/python3.12/site-packages/airflow/example_dags/example_branch_operator_decorator.py
[2025-07-01T02:03:28.315+0000] {processor.py:925} INFO - DAG(s) 'example_branch_python_operator_decorator' retrieved from /home/airflow/.local/lib/python3.12/site-packages/airflow/example_dags/example_branch_operator_decorator.py
[2025-07-01T02:03:28.346+0000] {logging_mixin.py:190} INFO - [2025-07-01T02:03:28.346+0000] {dag.py:3239} INFO - Sync 1 DAGs
[2025-07-01T02:03:28.370+0000] {logging_mixin.py:190} INFO - [2025-07-01T02:03:28.369+0000] {dag.py:4180} INFO - Setting next_dagrun for example_branch_python_operator_decorator to 2025-06-30 00:00:00+00:00, run_after=2025-07-01 00:00:00+00:00
[2025-07-01T02:03:28.386+0000] {processor.py:208} INFO - Processing /home/airflow/.local/lib/python3.12/site-packages/airflow/example_dags/example_branch_operator_decorator.py took 0.111 seconds
[2025-07-01T02:03:58.817+0000] {processor.py:186} INFO - Started process (PID=7016) to work on /home/airflow/.local/lib/python3.12/site-packages/airflow/example_dags/example_branch_operator_decorator.py
[2025-07-01T02:03:58.818+0000] {processor.py:914} INFO - Processing file /home/airflow/.local/lib/python3.12/site-packages/airflow/example_dags/example_branch_operator_decorator.py for tasks to queue
[2025-07-01T02:03:58.821+0000] {logging_mixin.py:190} INFO - [2025-07-01T02:03:58.820+0000] {dagbag.py:588} INFO - Filling up the DagBag from /home/airflow/.local/lib/python3.12/site-packages/airflow/example_dags/example_branch_operator_decorator.py
[2025-07-01T02:03:58.841+0000] {processor.py:925} INFO - DAG(s) 'example_branch_python_operator_decorator' retrieved from /home/airflow/.local/lib/python3.12/site-packages/airflow/example_dags/example_branch_operator_decorator.py
[2025-07-01T02:03:58.867+0000] {logging_mixin.py:190} INFO - [2025-07-01T02:03:58.867+0000] {dag.py:3239} INFO - Sync 1 DAGs
[2025-07-01T02:03:58.891+0000] {logging_mixin.py:190} INFO - [2025-07-01T02:03:58.891+0000] {dag.py:4180} INFO - Setting next_dagrun for example_branch_python_operator_decorator to 2025-06-30 00:00:00+00:00, run_after=2025-07-01 00:00:00+00:00
[2025-07-01T02:03:58.908+0000] {processor.py:208} INFO - Processing /home/airflow/.local/lib/python3.12/site-packages/airflow/example_dags/example_branch_operator_decorator.py took 0.097 seconds
[2025-07-01T02:04:29.355+0000] {processor.py:186} INFO - Started process (PID=7078) to work on /home/airflow/.local/lib/python3.12/site-packages/airflow/example_dags/example_branch_operator_decorator.py
[2025-07-01T02:04:29.356+0000] {processor.py:914} INFO - Processing file /home/airflow/.local/lib/python3.12/site-packages/airflow/example_dags/example_branch_operator_decorator.py for tasks to queue
[2025-07-01T02:04:29.358+0000] {logging_mixin.py:190} INFO - [2025-07-01T02:04:29.358+0000] {dagbag.py:588} INFO - Filling up the DagBag from /home/airflow/.local/lib/python3.12/site-packages/airflow/example_dags/example_branch_operator_decorator.py
[2025-07-01T02:04:29.380+0000] {processor.py:925} INFO - DAG(s) 'example_branch_python_operator_decorator' retrieved from /home/airflow/.local/lib/python3.12/site-packages/airflow/example_dags/example_branch_operator_decorator.py
[2025-07-01T02:04:29.405+0000] {logging_mixin.py:190} INFO - [2025-07-01T02:04:29.405+0000] {dag.py:3239} INFO - Sync 1 DAGs
[2025-07-01T02:04:29.428+0000] {logging_mixin.py:190} INFO - [2025-07-01T02:04:29.427+0000] {dag.py:4180} INFO - Setting next_dagrun for example_branch_python_operator_decorator to 2025-06-30 00:00:00+00:00, run_after=2025-07-01 00:00:00+00:00
[2025-07-01T02:04:29.446+0000] {processor.py:208} INFO - Processing /home/airflow/.local/lib/python3.12/site-packages/airflow/example_dags/example_branch_operator_decorator.py took 0.097 seconds
[2025-07-01T02:04:59.824+0000] {processor.py:186} INFO - Started process (PID=7140) to work on /home/airflow/.local/lib/python3.12/site-packages/airflow/example_dags/example_branch_operator_decorator.py
[2025-07-01T02:04:59.825+0000] {processor.py:914} INFO - Processing file /home/airflow/.local/lib/python3.12/site-packages/airflow/example_dags/example_branch_operator_decorator.py for tasks to queue
[2025-07-01T02:04:59.828+0000] {logging_mixin.py:190} INFO - [2025-07-01T02:04:59.827+0000] {dagbag.py:588} INFO - Filling up the DagBag from /home/airflow/.local/lib/python3.12/site-packages/airflow/example_dags/example_branch_operator_decorator.py
[2025-07-01T02:04:59.849+0000] {processor.py:925} INFO - DAG(s) 'example_branch_python_operator_decorator' retrieved from /home/airflow/.local/lib/python3.12/site-packages/airflow/example_dags/example_branch_operator_decorator.py
[2025-07-01T02:04:59.876+0000] {logging_mixin.py:190} INFO - [2025-07-01T02:04:59.875+0000] {dag.py:3239} INFO - Sync 1 DAGs
[2025-07-01T02:04:59.898+0000] {logging_mixin.py:190} INFO - [2025-07-01T02:04:59.898+0000] {dag.py:4180} INFO - Setting next_dagrun for example_branch_python_operator_decorator to 2025-06-30 00:00:00+00:00, run_after=2025-07-01 00:00:00+00:00
[2025-07-01T02:04:59.915+0000] {processor.py:208} INFO - Processing /home/airflow/.local/lib/python3.12/site-packages/airflow/example_dags/example_branch_operator_decorator.py took 0.098 seconds
[2025-07-01T02:05:30.606+0000] {processor.py:186} INFO - Started process (PID=7208) to work on /home/airflow/.local/lib/python3.12/site-packages/airflow/example_dags/example_branch_operator_decorator.py
[2025-07-01T02:05:30.607+0000] {processor.py:914} INFO - Processing file /home/airflow/.local/lib/python3.12/site-packages/airflow/example_dags/example_branch_operator_decorator.py for tasks to queue
[2025-07-01T02:05:30.610+0000] {logging_mixin.py:190} INFO - [2025-07-01T02:05:30.609+0000] {dagbag.py:588} INFO - Filling up the DagBag from /home/airflow/.local/lib/python3.12/site-packages/airflow/example_dags/example_branch_operator_decorator.py
[2025-07-01T02:05:30.635+0000] {processor.py:925} INFO - DAG(s) 'example_branch_python_operator_decorator' retrieved from /home/airflow/.local/lib/python3.12/site-packages/airflow/example_dags/example_branch_operator_decorator.py
[2025-07-01T02:05:30.670+0000] {logging_mixin.py:190} INFO - [2025-07-01T02:05:30.670+0000] {dag.py:3239} INFO - Sync 1 DAGs
[2025-07-01T02:05:30.704+0000] {logging_mixin.py:190} INFO - [2025-07-01T02:05:30.704+0000] {dag.py:4180} INFO - Setting next_dagrun for example_branch_python_operator_decorator to 2025-06-30 00:00:00+00:00, run_after=2025-07-01 00:00:00+00:00
[2025-07-01T02:05:30.726+0000] {processor.py:208} INFO - Processing /home/airflow/.local/lib/python3.12/site-packages/airflow/example_dags/example_branch_operator_decorator.py took 0.128 seconds
[2025-07-01T02:06:00.931+0000] {processor.py:186} INFO - Started process (PID=7269) to work on /home/airflow/.local/lib/python3.12/site-packages/airflow/example_dags/example_branch_operator_decorator.py
[2025-07-01T02:06:00.932+0000] {processor.py:914} INFO - Processing file /home/airflow/.local/lib/python3.12/site-packages/airflow/example_dags/example_branch_operator_decorator.py for tasks to queue
[2025-07-01T02:06:00.934+0000] {logging_mixin.py:190} INFO - [2025-07-01T02:06:00.934+0000] {dagbag.py:588} INFO - Filling up the DagBag from /home/airflow/.local/lib/python3.12/site-packages/airflow/example_dags/example_branch_operator_decorator.py
[2025-07-01T02:06:00.963+0000] {processor.py:925} INFO - DAG(s) 'example_branch_python_operator_decorator' retrieved from /home/airflow/.local/lib/python3.12/site-packages/airflow/example_dags/example_branch_operator_decorator.py
[2025-07-01T02:06:01.004+0000] {logging_mixin.py:190} INFO - [2025-07-01T02:06:01.004+0000] {dag.py:3239} INFO - Sync 1 DAGs
[2025-07-01T02:06:01.040+0000] {logging_mixin.py:190} INFO - [2025-07-01T02:06:01.040+0000] {dag.py:4180} INFO - Setting next_dagrun for example_branch_python_operator_decorator to 2025-06-30 00:00:00+00:00, run_after=2025-07-01 00:00:00+00:00
[2025-07-01T02:06:01.065+0000] {processor.py:208} INFO - Processing /home/airflow/.local/lib/python3.12/site-packages/airflow/example_dags/example_branch_operator_decorator.py took 0.142 seconds
[2025-07-01T02:06:31.539+0000] {processor.py:186} INFO - Started process (PID=7331) to work on /home/airflow/.local/lib/python3.12/site-packages/airflow/example_dags/example_branch_operator_decorator.py
[2025-07-01T02:06:31.540+0000] {processor.py:914} INFO - Processing file /home/airflow/.local/lib/python3.12/site-packages/airflow/example_dags/example_branch_operator_decorator.py for tasks to queue
[2025-07-01T02:06:31.544+0000] {logging_mixin.py:190} INFO - [2025-07-01T02:06:31.544+0000] {dagbag.py:588} INFO - Filling up the DagBag from /home/airflow/.local/lib/python3.12/site-packages/airflow/example_dags/example_branch_operator_decorator.py
[2025-07-01T02:06:31.572+0000] {processor.py:925} INFO - DAG(s) 'example_branch_python_operator_decorator' retrieved from /home/airflow/.local/lib/python3.12/site-packages/airflow/example_dags/example_branch_operator_decorator.py
[2025-07-01T02:06:31.605+0000] {logging_mixin.py:190} INFO - [2025-07-01T02:06:31.605+0000] {dag.py:3239} INFO - Sync 1 DAGs
[2025-07-01T02:06:31.638+0000] {logging_mixin.py:190} INFO - [2025-07-01T02:06:31.637+0000] {dag.py:4180} INFO - Setting next_dagrun for example_branch_python_operator_decorator to 2025-06-30 00:00:00+00:00, run_after=2025-07-01 00:00:00+00:00
[2025-07-01T02:06:31.663+0000] {processor.py:208} INFO - Processing /home/airflow/.local/lib/python3.12/site-packages/airflow/example_dags/example_branch_operator_decorator.py took 0.137 seconds
[2025-07-01T02:07:02.360+0000] {processor.py:186} INFO - Started process (PID=7394) to work on /home/airflow/.local/lib/python3.12/site-packages/airflow/example_dags/example_branch_operator_decorator.py
[2025-07-01T02:07:02.361+0000] {processor.py:914} INFO - Processing file /home/airflow/.local/lib/python3.12/site-packages/airflow/example_dags/example_branch_operator_decorator.py for tasks to queue
[2025-07-01T02:07:02.365+0000] {logging_mixin.py:190} INFO - [2025-07-01T02:07:02.364+0000] {dagbag.py:588} INFO - Filling up the DagBag from /home/airflow/.local/lib/python3.12/site-packages/airflow/example_dags/example_branch_operator_decorator.py
[2025-07-01T02:07:02.400+0000] {processor.py:925} INFO - DAG(s) 'example_branch_python_operator_decorator' retrieved from /home/airflow/.local/lib/python3.12/site-packages/airflow/example_dags/example_branch_operator_decorator.py
[2025-07-01T02:07:02.445+0000] {logging_mixin.py:190} INFO - [2025-07-01T02:07:02.445+0000] {dag.py:3239} INFO - Sync 1 DAGs
[2025-07-01T02:07:02.477+0000] {logging_mixin.py:190} INFO - [2025-07-01T02:07:02.477+0000] {dag.py:4180} INFO - Setting next_dagrun for example_branch_python_operator_decorator to 2025-06-30 00:00:00+00:00, run_after=2025-07-01 00:00:00+00:00
[2025-07-01T02:07:02.506+0000] {processor.py:208} INFO - Processing /home/airflow/.local/lib/python3.12/site-packages/airflow/example_dags/example_branch_operator_decorator.py took 0.155 seconds
[2025-07-01T02:07:33.286+0000] {processor.py:186} INFO - Started process (PID=7456) to work on /home/airflow/.local/lib/python3.12/site-packages/airflow/example_dags/example_branch_operator_decorator.py
[2025-07-01T02:07:33.287+0000] {processor.py:914} INFO - Processing file /home/airflow/.local/lib/python3.12/site-packages/airflow/example_dags/example_branch_operator_decorator.py for tasks to queue
[2025-07-01T02:07:33.291+0000] {logging_mixin.py:190} INFO - [2025-07-01T02:07:33.290+0000] {dagbag.py:588} INFO - Filling up the DagBag from /home/airflow/.local/lib/python3.12/site-packages/airflow/example_dags/example_branch_operator_decorator.py
[2025-07-01T02:07:33.318+0000] {processor.py:925} INFO - DAG(s) 'example_branch_python_operator_decorator' retrieved from /home/airflow/.local/lib/python3.12/site-packages/airflow/example_dags/example_branch_operator_decorator.py
[2025-07-01T02:07:33.348+0000] {logging_mixin.py:190} INFO - [2025-07-01T02:07:33.347+0000] {dag.py:3239} INFO - Sync 1 DAGs
[2025-07-01T02:07:33.381+0000] {logging_mixin.py:190} INFO - [2025-07-01T02:07:33.381+0000] {dag.py:4180} INFO - Setting next_dagrun for example_branch_python_operator_decorator to 2025-06-30 00:00:00+00:00, run_after=2025-07-01 00:00:00+00:00
[2025-07-01T02:07:33.405+0000] {processor.py:208} INFO - Processing /home/airflow/.local/lib/python3.12/site-packages/airflow/example_dags/example_branch_operator_decorator.py took 0.128 seconds
[2025-07-01T02:08:03.894+0000] {processor.py:186} INFO - Started process (PID=7518) to work on /home/airflow/.local/lib/python3.12/site-packages/airflow/example_dags/example_branch_operator_decorator.py
[2025-07-01T02:08:03.895+0000] {processor.py:914} INFO - Processing file /home/airflow/.local/lib/python3.12/site-packages/airflow/example_dags/example_branch_operator_decorator.py for tasks to queue
[2025-07-01T02:08:03.898+0000] {logging_mixin.py:190} INFO - [2025-07-01T02:08:03.897+0000] {dagbag.py:588} INFO - Filling up the DagBag from /home/airflow/.local/lib/python3.12/site-packages/airflow/example_dags/example_branch_operator_decorator.py
[2025-07-01T02:08:03.920+0000] {processor.py:925} INFO - DAG(s) 'example_branch_python_operator_decorator' retrieved from /home/airflow/.local/lib/python3.12/site-packages/airflow/example_dags/example_branch_operator_decorator.py
[2025-07-01T02:08:03.952+0000] {logging_mixin.py:190} INFO - [2025-07-01T02:08:03.952+0000] {dag.py:3239} INFO - Sync 1 DAGs
[2025-07-01T02:08:03.982+0000] {logging_mixin.py:190} INFO - [2025-07-01T02:08:03.982+0000] {dag.py:4180} INFO - Setting next_dagrun for example_branch_python_operator_decorator to 2025-06-30 00:00:00+00:00, run_after=2025-07-01 00:00:00+00:00
[2025-07-01T02:08:04.003+0000] {processor.py:208} INFO - Processing /home/airflow/.local/lib/python3.12/site-packages/airflow/example_dags/example_branch_operator_decorator.py took 0.115 seconds
[2025-07-01T02:08:34.998+0000] {processor.py:186} INFO - Started process (PID=7580) to work on /home/airflow/.local/lib/python3.12/site-packages/airflow/example_dags/example_branch_operator_decorator.py
[2025-07-01T02:08:34.999+0000] {processor.py:914} INFO - Processing file /home/airflow/.local/lib/python3.12/site-packages/airflow/example_dags/example_branch_operator_decorator.py for tasks to queue
[2025-07-01T02:08:35.001+0000] {logging_mixin.py:190} INFO - [2025-07-01T02:08:35.001+0000] {dagbag.py:588} INFO - Filling up the DagBag from /home/airflow/.local/lib/python3.12/site-packages/airflow/example_dags/example_branch_operator_decorator.py
[2025-07-01T02:08:35.024+0000] {processor.py:925} INFO - DAG(s) 'example_branch_python_operator_decorator' retrieved from /home/airflow/.local/lib/python3.12/site-packages/airflow/example_dags/example_branch_operator_decorator.py
[2025-07-01T02:08:35.054+0000] {logging_mixin.py:190} INFO - [2025-07-01T02:08:35.054+0000] {dag.py:3239} INFO - Sync 1 DAGs
[2025-07-01T02:08:35.078+0000] {logging_mixin.py:190} INFO - [2025-07-01T02:08:35.078+0000] {dag.py:4180} INFO - Setting next_dagrun for example_branch_python_operator_decorator to 2025-06-30 00:00:00+00:00, run_after=2025-07-01 00:00:00+00:00
[2025-07-01T02:08:35.097+0000] {processor.py:208} INFO - Processing /home/airflow/.local/lib/python3.12/site-packages/airflow/example_dags/example_branch_operator_decorator.py took 0.105 seconds
[2025-07-01T02:09:05.357+0000] {processor.py:186} INFO - Started process (PID=7642) to work on /home/airflow/.local/lib/python3.12/site-packages/airflow/example_dags/example_branch_operator_decorator.py
[2025-07-01T02:09:05.358+0000] {processor.py:914} INFO - Processing file /home/airflow/.local/lib/python3.12/site-packages/airflow/example_dags/example_branch_operator_decorator.py for tasks to queue
[2025-07-01T02:09:05.363+0000] {logging_mixin.py:190} INFO - [2025-07-01T02:09:05.363+0000] {dagbag.py:588} INFO - Filling up the DagBag from /home/airflow/.local/lib/python3.12/site-packages/airflow/example_dags/example_branch_operator_decorator.py
[2025-07-01T02:09:05.386+0000] {processor.py:925} INFO - DAG(s) 'example_branch_python_operator_decorator' retrieved from /home/airflow/.local/lib/python3.12/site-packages/airflow/example_dags/example_branch_operator_decorator.py
[2025-07-01T02:09:05.412+0000] {logging_mixin.py:190} INFO - [2025-07-01T02:09:05.412+0000] {dag.py:3239} INFO - Sync 1 DAGs
[2025-07-01T02:09:05.438+0000] {logging_mixin.py:190} INFO - [2025-07-01T02:09:05.438+0000] {dag.py:4180} INFO - Setting next_dagrun for example_branch_python_operator_decorator to 2025-06-30 00:00:00+00:00, run_after=2025-07-01 00:00:00+00:00
[2025-07-01T02:09:05.456+0000] {processor.py:208} INFO - Processing /home/airflow/.local/lib/python3.12/site-packages/airflow/example_dags/example_branch_operator_decorator.py took 0.106 seconds
[2025-07-01T02:09:35.682+0000] {processor.py:186} INFO - Started process (PID=7705) to work on /home/airflow/.local/lib/python3.12/site-packages/airflow/example_dags/example_branch_operator_decorator.py
[2025-07-01T02:09:35.683+0000] {processor.py:914} INFO - Processing file /home/airflow/.local/lib/python3.12/site-packages/airflow/example_dags/example_branch_operator_decorator.py for tasks to queue
[2025-07-01T02:09:35.687+0000] {logging_mixin.py:190} INFO - [2025-07-01T02:09:35.686+0000] {dagbag.py:588} INFO - Filling up the DagBag from /home/airflow/.local/lib/python3.12/site-packages/airflow/example_dags/example_branch_operator_decorator.py
[2025-07-01T02:09:35.709+0000] {processor.py:925} INFO - DAG(s) 'example_branch_python_operator_decorator' retrieved from /home/airflow/.local/lib/python3.12/site-packages/airflow/example_dags/example_branch_operator_decorator.py
[2025-07-01T02:09:35.735+0000] {logging_mixin.py:190} INFO - [2025-07-01T02:09:35.735+0000] {dag.py:3239} INFO - Sync 1 DAGs
[2025-07-01T02:09:35.759+0000] {logging_mixin.py:190} INFO - [2025-07-01T02:09:35.758+0000] {dag.py:4180} INFO - Setting next_dagrun for example_branch_python_operator_decorator to 2025-06-30 00:00:00+00:00, run_after=2025-07-01 00:00:00+00:00
[2025-07-01T02:09:35.776+0000] {processor.py:208} INFO - Processing /home/airflow/.local/lib/python3.12/site-packages/airflow/example_dags/example_branch_operator_decorator.py took 0.101 seconds
[2025-07-01T02:10:06.330+0000] {processor.py:186} INFO - Started process (PID=7767) to work on /home/airflow/.local/lib/python3.12/site-packages/airflow/example_dags/example_branch_operator_decorator.py
[2025-07-01T02:10:06.331+0000] {processor.py:914} INFO - Processing file /home/airflow/.local/lib/python3.12/site-packages/airflow/example_dags/example_branch_operator_decorator.py for tasks to queue
[2025-07-01T02:10:06.335+0000] {logging_mixin.py:190} INFO - [2025-07-01T02:10:06.334+0000] {dagbag.py:588} INFO - Filling up the DagBag from /home/airflow/.local/lib/python3.12/site-packages/airflow/example_dags/example_branch_operator_decorator.py
[2025-07-01T02:10:06.356+0000] {processor.py:925} INFO - DAG(s) 'example_branch_python_operator_decorator' retrieved from /home/airflow/.local/lib/python3.12/site-packages/airflow/example_dags/example_branch_operator_decorator.py
[2025-07-01T02:10:06.382+0000] {logging_mixin.py:190} INFO - [2025-07-01T02:10:06.382+0000] {dag.py:3239} INFO - Sync 1 DAGs
[2025-07-01T02:10:06.406+0000] {logging_mixin.py:190} INFO - [2025-07-01T02:10:06.405+0000] {dag.py:4180} INFO - Setting next_dagrun for example_branch_python_operator_decorator to 2025-06-30 00:00:00+00:00, run_after=2025-07-01 00:00:00+00:00
[2025-07-01T02:10:06.425+0000] {processor.py:208} INFO - Processing /home/airflow/.local/lib/python3.12/site-packages/airflow/example_dags/example_branch_operator_decorator.py took 0.101 seconds
[2025-07-01T02:10:36.918+0000] {processor.py:186} INFO - Started process (PID=7829) to work on /home/airflow/.local/lib/python3.12/site-packages/airflow/example_dags/example_branch_operator_decorator.py
[2025-07-01T02:10:36.919+0000] {processor.py:914} INFO - Processing file /home/airflow/.local/lib/python3.12/site-packages/airflow/example_dags/example_branch_operator_decorator.py for tasks to queue
[2025-07-01T02:10:36.922+0000] {logging_mixin.py:190} INFO - [2025-07-01T02:10:36.921+0000] {dagbag.py:588} INFO - Filling up the DagBag from /home/airflow/.local/lib/python3.12/site-packages/airflow/example_dags/example_branch_operator_decorator.py
[2025-07-01T02:10:36.943+0000] {processor.py:925} INFO - DAG(s) 'example_branch_python_operator_decorator' retrieved from /home/airflow/.local/lib/python3.12/site-packages/airflow/example_dags/example_branch_operator_decorator.py
[2025-07-01T02:10:36.970+0000] {logging_mixin.py:190} INFO - [2025-07-01T02:10:36.970+0000] {dag.py:3239} INFO - Sync 1 DAGs
[2025-07-01T02:10:36.991+0000] {logging_mixin.py:190} INFO - [2025-07-01T02:10:36.991+0000] {dag.py:4180} INFO - Setting next_dagrun for example_branch_python_operator_decorator to 2025-06-30 00:00:00+00:00, run_after=2025-07-01 00:00:00+00:00
[2025-07-01T02:10:37.008+0000] {processor.py:208} INFO - Processing /home/airflow/.local/lib/python3.12/site-packages/airflow/example_dags/example_branch_operator_decorator.py took 0.096 seconds
[2025-07-01T02:11:07.894+0000] {processor.py:186} INFO - Started process (PID=7891) to work on /home/airflow/.local/lib/python3.12/site-packages/airflow/example_dags/example_branch_operator_decorator.py
[2025-07-01T02:11:07.895+0000] {processor.py:914} INFO - Processing file /home/airflow/.local/lib/python3.12/site-packages/airflow/example_dags/example_branch_operator_decorator.py for tasks to queue
[2025-07-01T02:11:07.898+0000] {logging_mixin.py:190} INFO - [2025-07-01T02:11:07.898+0000] {dagbag.py:588} INFO - Filling up the DagBag from /home/airflow/.local/lib/python3.12/site-packages/airflow/example_dags/example_branch_operator_decorator.py
[2025-07-01T02:11:07.919+0000] {processor.py:925} INFO - DAG(s) 'example_branch_python_operator_decorator' retrieved from /home/airflow/.local/lib/python3.12/site-packages/airflow/example_dags/example_branch_operator_decorator.py
[2025-07-01T02:11:07.945+0000] {logging_mixin.py:190} INFO - [2025-07-01T02:11:07.945+0000] {dag.py:3239} INFO - Sync 1 DAGs
[2025-07-01T02:11:07.969+0000] {logging_mixin.py:190} INFO - [2025-07-01T02:11:07.969+0000] {dag.py:4180} INFO - Setting next_dagrun for example_branch_python_operator_decorator to 2025-06-30 00:00:00+00:00, run_after=2025-07-01 00:00:00+00:00
[2025-07-01T02:11:07.987+0000] {processor.py:208} INFO - Processing /home/airflow/.local/lib/python3.12/site-packages/airflow/example_dags/example_branch_operator_decorator.py took 0.099 seconds
[2025-07-01T02:11:38.708+0000] {processor.py:186} INFO - Started process (PID=7953) to work on /home/airflow/.local/lib/python3.12/site-packages/airflow/example_dags/example_branch_operator_decorator.py
[2025-07-01T02:11:38.709+0000] {processor.py:914} INFO - Processing file /home/airflow/.local/lib/python3.12/site-packages/airflow/example_dags/example_branch_operator_decorator.py for tasks to queue
[2025-07-01T02:11:38.711+0000] {logging_mixin.py:190} INFO - [2025-07-01T02:11:38.711+0000] {dagbag.py:588} INFO - Filling up the DagBag from /home/airflow/.local/lib/python3.12/site-packages/airflow/example_dags/example_branch_operator_decorator.py
[2025-07-01T02:11:38.733+0000] {processor.py:925} INFO - DAG(s) 'example_branch_python_operator_decorator' retrieved from /home/airflow/.local/lib/python3.12/site-packages/airflow/example_dags/example_branch_operator_decorator.py
[2025-07-01T02:11:38.758+0000] {logging_mixin.py:190} INFO - [2025-07-01T02:11:38.758+0000] {dag.py:3239} INFO - Sync 1 DAGs
[2025-07-01T02:11:38.781+0000] {logging_mixin.py:190} INFO - [2025-07-01T02:11:38.781+0000] {dag.py:4180} INFO - Setting next_dagrun for example_branch_python_operator_decorator to 2025-06-30 00:00:00+00:00, run_after=2025-07-01 00:00:00+00:00
[2025-07-01T02:11:38.799+0000] {processor.py:208} INFO - Processing /home/airflow/.local/lib/python3.12/site-packages/airflow/example_dags/example_branch_operator_decorator.py took 0.098 seconds
[2025-07-01T02:12:09.530+0000] {processor.py:186} INFO - Started process (PID=8015) to work on /home/airflow/.local/lib/python3.12/site-packages/airflow/example_dags/example_branch_operator_decorator.py
[2025-07-01T02:12:09.531+0000] {processor.py:914} INFO - Processing file /home/airflow/.local/lib/python3.12/site-packages/airflow/example_dags/example_branch_operator_decorator.py for tasks to queue
[2025-07-01T02:12:09.534+0000] {logging_mixin.py:190} INFO - [2025-07-01T02:12:09.534+0000] {dagbag.py:588} INFO - Filling up the DagBag from /home/airflow/.local/lib/python3.12/site-packages/airflow/example_dags/example_branch_operator_decorator.py
[2025-07-01T02:12:09.555+0000] {processor.py:925} INFO - DAG(s) 'example_branch_python_operator_decorator' retrieved from /home/airflow/.local/lib/python3.12/site-packages/airflow/example_dags/example_branch_operator_decorator.py
[2025-07-01T02:12:09.581+0000] {logging_mixin.py:190} INFO - [2025-07-01T02:12:09.580+0000] {dag.py:3239} INFO - Sync 1 DAGs
[2025-07-01T02:12:09.603+0000] {logging_mixin.py:190} INFO - [2025-07-01T02:12:09.603+0000] {dag.py:4180} INFO - Setting next_dagrun for example_branch_python_operator_decorator to 2025-06-30 00:00:00+00:00, run_after=2025-07-01 00:00:00+00:00
[2025-07-01T02:12:09.620+0000] {processor.py:208} INFO - Processing /home/airflow/.local/lib/python3.12/site-packages/airflow/example_dags/example_branch_operator_decorator.py took 0.096 seconds
[2025-07-01T02:12:43.577+0000] {processor.py:186} INFO - Started process (PID=8077) to work on /home/airflow/.local/lib/python3.12/site-packages/airflow/example_dags/example_branch_operator_decorator.py
[2025-07-01T02:12:43.578+0000] {processor.py:914} INFO - Processing file /home/airflow/.local/lib/python3.12/site-packages/airflow/example_dags/example_branch_operator_decorator.py for tasks to queue
[2025-07-01T02:12:43.584+0000] {logging_mixin.py:190} INFO - [2025-07-01T02:12:43.584+0000] {dagbag.py:588} INFO - Filling up the DagBag from /home/airflow/.local/lib/python3.12/site-packages/airflow/example_dags/example_branch_operator_decorator.py
[2025-07-01T02:12:43.607+0000] {processor.py:925} INFO - DAG(s) 'example_branch_python_operator_decorator' retrieved from /home/airflow/.local/lib/python3.12/site-packages/airflow/example_dags/example_branch_operator_decorator.py
[2025-07-01T02:12:43.633+0000] {logging_mixin.py:190} INFO - [2025-07-01T02:12:43.633+0000] {dag.py:3239} INFO - Sync 1 DAGs
[2025-07-01T02:12:43.655+0000] {logging_mixin.py:190} INFO - [2025-07-01T02:12:43.655+0000] {dag.py:4180} INFO - Setting next_dagrun for example_branch_python_operator_decorator to 2025-06-30 00:00:00+00:00, run_after=2025-07-01 00:00:00+00:00
[2025-07-01T02:12:43.672+0000] {processor.py:208} INFO - Processing /home/airflow/.local/lib/python3.12/site-packages/airflow/example_dags/example_branch_operator_decorator.py took 0.101 seconds
[2025-07-01T02:13:13.938+0000] {processor.py:186} INFO - Started process (PID=8139) to work on /home/airflow/.local/lib/python3.12/site-packages/airflow/example_dags/example_branch_operator_decorator.py
[2025-07-01T02:13:13.939+0000] {processor.py:914} INFO - Processing file /home/airflow/.local/lib/python3.12/site-packages/airflow/example_dags/example_branch_operator_decorator.py for tasks to queue
[2025-07-01T02:13:13.942+0000] {logging_mixin.py:190} INFO - [2025-07-01T02:13:13.942+0000] {dagbag.py:588} INFO - Filling up the DagBag from /home/airflow/.local/lib/python3.12/site-packages/airflow/example_dags/example_branch_operator_decorator.py
[2025-07-01T02:13:13.963+0000] {processor.py:925} INFO - DAG(s) 'example_branch_python_operator_decorator' retrieved from /home/airflow/.local/lib/python3.12/site-packages/airflow/example_dags/example_branch_operator_decorator.py
[2025-07-01T02:13:13.992+0000] {logging_mixin.py:190} INFO - [2025-07-01T02:13:13.992+0000] {dag.py:3239} INFO - Sync 1 DAGs
[2025-07-01T02:13:14.015+0000] {logging_mixin.py:190} INFO - [2025-07-01T02:13:14.015+0000] {dag.py:4180} INFO - Setting next_dagrun for example_branch_python_operator_decorator to 2025-06-30 00:00:00+00:00, run_after=2025-07-01 00:00:00+00:00
[2025-07-01T02:13:14.032+0000] {processor.py:208} INFO - Processing /home/airflow/.local/lib/python3.12/site-packages/airflow/example_dags/example_branch_operator_decorator.py took 0.101 seconds
[2025-07-01T02:13:44.248+0000] {processor.py:186} INFO - Started process (PID=8201) to work on /home/airflow/.local/lib/python3.12/site-packages/airflow/example_dags/example_branch_operator_decorator.py
[2025-07-01T02:13:44.249+0000] {processor.py:914} INFO - Processing file /home/airflow/.local/lib/python3.12/site-packages/airflow/example_dags/example_branch_operator_decorator.py for tasks to queue
[2025-07-01T02:13:44.252+0000] {logging_mixin.py:190} INFO - [2025-07-01T02:13:44.252+0000] {dagbag.py:588} INFO - Filling up the DagBag from /home/airflow/.local/lib/python3.12/site-packages/airflow/example_dags/example_branch_operator_decorator.py
[2025-07-01T02:13:44.274+0000] {processor.py:925} INFO - DAG(s) 'example_branch_python_operator_decorator' retrieved from /home/airflow/.local/lib/python3.12/site-packages/airflow/example_dags/example_branch_operator_decorator.py
[2025-07-01T02:13:44.299+0000] {logging_mixin.py:190} INFO - [2025-07-01T02:13:44.299+0000] {dag.py:3239} INFO - Sync 1 DAGs
[2025-07-01T02:13:44.322+0000] {logging_mixin.py:190} INFO - [2025-07-01T02:13:44.322+0000] {dag.py:4180} INFO - Setting next_dagrun for example_branch_python_operator_decorator to 2025-06-30 00:00:00+00:00, run_after=2025-07-01 00:00:00+00:00
[2025-07-01T02:13:44.341+0000] {processor.py:208} INFO - Processing /home/airflow/.local/lib/python3.12/site-packages/airflow/example_dags/example_branch_operator_decorator.py took 0.099 seconds
[2025-07-01T02:14:14.764+0000] {processor.py:186} INFO - Started process (PID=8263) to work on /home/airflow/.local/lib/python3.12/site-packages/airflow/example_dags/example_branch_operator_decorator.py
[2025-07-01T02:14:14.765+0000] {processor.py:914} INFO - Processing file /home/airflow/.local/lib/python3.12/site-packages/airflow/example_dags/example_branch_operator_decorator.py for tasks to queue
[2025-07-01T02:14:14.767+0000] {logging_mixin.py:190} INFO - [2025-07-01T02:14:14.767+0000] {dagbag.py:588} INFO - Filling up the DagBag from /home/airflow/.local/lib/python3.12/site-packages/airflow/example_dags/example_branch_operator_decorator.py
[2025-07-01T02:14:14.794+0000] {processor.py:925} INFO - DAG(s) 'example_branch_python_operator_decorator' retrieved from /home/airflow/.local/lib/python3.12/site-packages/airflow/example_dags/example_branch_operator_decorator.py
[2025-07-01T02:14:14.823+0000] {logging_mixin.py:190} INFO - [2025-07-01T02:14:14.823+0000] {dag.py:3239} INFO - Sync 1 DAGs
[2025-07-01T02:14:14.859+0000] {logging_mixin.py:190} INFO - [2025-07-01T02:14:14.858+0000] {dag.py:4180} INFO - Setting next_dagrun for example_branch_python_operator_decorator to 2025-06-30 00:00:00+00:00, run_after=2025-07-01 00:00:00+00:00
[2025-07-01T02:14:14.884+0000] {processor.py:208} INFO - Processing /home/airflow/.local/lib/python3.12/site-packages/airflow/example_dags/example_branch_operator_decorator.py took 0.128 seconds
[2025-07-01T02:14:45.191+0000] {processor.py:186} INFO - Started process (PID=8326) to work on /home/airflow/.local/lib/python3.12/site-packages/airflow/example_dags/example_branch_operator_decorator.py
[2025-07-01T02:14:45.192+0000] {processor.py:914} INFO - Processing file /home/airflow/.local/lib/python3.12/site-packages/airflow/example_dags/example_branch_operator_decorator.py for tasks to queue
[2025-07-01T02:14:45.197+0000] {logging_mixin.py:190} INFO - [2025-07-01T02:14:45.196+0000] {dagbag.py:588} INFO - Filling up the DagBag from /home/airflow/.local/lib/python3.12/site-packages/airflow/example_dags/example_branch_operator_decorator.py
[2025-07-01T02:14:45.219+0000] {processor.py:925} INFO - DAG(s) 'example_branch_python_operator_decorator' retrieved from /home/airflow/.local/lib/python3.12/site-packages/airflow/example_dags/example_branch_operator_decorator.py
[2025-07-01T02:14:45.245+0000] {logging_mixin.py:190} INFO - [2025-07-01T02:14:45.244+0000] {dag.py:3239} INFO - Sync 1 DAGs
[2025-07-01T02:14:45.267+0000] {logging_mixin.py:190} INFO - [2025-07-01T02:14:45.267+0000] {dag.py:4180} INFO - Setting next_dagrun for example_branch_python_operator_decorator to 2025-06-30 00:00:00+00:00, run_after=2025-07-01 00:00:00+00:00
[2025-07-01T02:14:45.285+0000] {processor.py:208} INFO - Processing /home/airflow/.local/lib/python3.12/site-packages/airflow/example_dags/example_branch_operator_decorator.py took 0.100 seconds
[2025-07-01T02:15:15.944+0000] {processor.py:186} INFO - Started process (PID=8389) to work on /home/airflow/.local/lib/python3.12/site-packages/airflow/example_dags/example_branch_operator_decorator.py
[2025-07-01T02:15:15.945+0000] {processor.py:914} INFO - Processing file /home/airflow/.local/lib/python3.12/site-packages/airflow/example_dags/example_branch_operator_decorator.py for tasks to queue
[2025-07-01T02:15:15.948+0000] {logging_mixin.py:190} INFO - [2025-07-01T02:15:15.948+0000] {dagbag.py:588} INFO - Filling up the DagBag from /home/airflow/.local/lib/python3.12/site-packages/airflow/example_dags/example_branch_operator_decorator.py
[2025-07-01T02:15:15.971+0000] {processor.py:925} INFO - DAG(s) 'example_branch_python_operator_decorator' retrieved from /home/airflow/.local/lib/python3.12/site-packages/airflow/example_dags/example_branch_operator_decorator.py
[2025-07-01T02:15:15.996+0000] {logging_mixin.py:190} INFO - [2025-07-01T02:15:15.996+0000] {dag.py:3239} INFO - Sync 1 DAGs
[2025-07-01T02:15:16.019+0000] {logging_mixin.py:190} INFO - [2025-07-01T02:15:16.018+0000] {dag.py:4180} INFO - Setting next_dagrun for example_branch_python_operator_decorator to 2025-06-30 00:00:00+00:00, run_after=2025-07-01 00:00:00+00:00
[2025-07-01T02:15:16.035+0000] {processor.py:208} INFO - Processing /home/airflow/.local/lib/python3.12/site-packages/airflow/example_dags/example_branch_operator_decorator.py took 0.098 seconds
[2025-07-01T02:15:47.272+0000] {processor.py:186} INFO - Started process (PID=8451) to work on /home/airflow/.local/lib/python3.12/site-packages/airflow/example_dags/example_branch_operator_decorator.py
[2025-07-01T02:15:47.274+0000] {processor.py:914} INFO - Processing file /home/airflow/.local/lib/python3.12/site-packages/airflow/example_dags/example_branch_operator_decorator.py for tasks to queue
[2025-07-01T02:15:47.276+0000] {logging_mixin.py:190} INFO - [2025-07-01T02:15:47.276+0000] {dagbag.py:588} INFO - Filling up the DagBag from /home/airflow/.local/lib/python3.12/site-packages/airflow/example_dags/example_branch_operator_decorator.py
[2025-07-01T02:15:47.301+0000] {processor.py:925} INFO - DAG(s) 'example_branch_python_operator_decorator' retrieved from /home/airflow/.local/lib/python3.12/site-packages/airflow/example_dags/example_branch_operator_decorator.py
[2025-07-01T02:15:47.332+0000] {logging_mixin.py:190} INFO - [2025-07-01T02:15:47.332+0000] {dag.py:3239} INFO - Sync 1 DAGs
[2025-07-01T02:15:47.360+0000] {logging_mixin.py:190} INFO - [2025-07-01T02:15:47.359+0000] {dag.py:4180} INFO - Setting next_dagrun for example_branch_python_operator_decorator to 2025-06-30 00:00:00+00:00, run_after=2025-07-01 00:00:00+00:00
[2025-07-01T02:15:47.381+0000] {processor.py:208} INFO - Processing /home/airflow/.local/lib/python3.12/site-packages/airflow/example_dags/example_branch_operator_decorator.py took 0.115 seconds
[2025-07-01T02:16:17.623+0000] {processor.py:186} INFO - Started process (PID=8513) to work on /home/airflow/.local/lib/python3.12/site-packages/airflow/example_dags/example_branch_operator_decorator.py
[2025-07-01T02:16:17.624+0000] {processor.py:914} INFO - Processing file /home/airflow/.local/lib/python3.12/site-packages/airflow/example_dags/example_branch_operator_decorator.py for tasks to queue
[2025-07-01T02:16:17.627+0000] {logging_mixin.py:190} INFO - [2025-07-01T02:16:17.627+0000] {dagbag.py:588} INFO - Filling up the DagBag from /home/airflow/.local/lib/python3.12/site-packages/airflow/example_dags/example_branch_operator_decorator.py
[2025-07-01T02:16:17.648+0000] {processor.py:925} INFO - DAG(s) 'example_branch_python_operator_decorator' retrieved from /home/airflow/.local/lib/python3.12/site-packages/airflow/example_dags/example_branch_operator_decorator.py
[2025-07-01T02:16:17.675+0000] {logging_mixin.py:190} INFO - [2025-07-01T02:16:17.674+0000] {dag.py:3239} INFO - Sync 1 DAGs
[2025-07-01T02:16:17.709+0000] {logging_mixin.py:190} INFO - [2025-07-01T02:16:17.708+0000] {dag.py:4180} INFO - Setting next_dagrun for example_branch_python_operator_decorator to 2025-06-30 00:00:00+00:00, run_after=2025-07-01 00:00:00+00:00
[2025-07-01T02:16:17.727+0000] {processor.py:208} INFO - Processing /home/airflow/.local/lib/python3.12/site-packages/airflow/example_dags/example_branch_operator_decorator.py took 0.109 seconds
[2025-07-01T02:16:48.051+0000] {processor.py:186} INFO - Started process (PID=8575) to work on /home/airflow/.local/lib/python3.12/site-packages/airflow/example_dags/example_branch_operator_decorator.py
[2025-07-01T02:16:48.052+0000] {processor.py:914} INFO - Processing file /home/airflow/.local/lib/python3.12/site-packages/airflow/example_dags/example_branch_operator_decorator.py for tasks to queue
[2025-07-01T02:16:48.056+0000] {logging_mixin.py:190} INFO - [2025-07-01T02:16:48.055+0000] {dagbag.py:588} INFO - Filling up the DagBag from /home/airflow/.local/lib/python3.12/site-packages/airflow/example_dags/example_branch_operator_decorator.py
[2025-07-01T02:16:48.078+0000] {processor.py:925} INFO - DAG(s) 'example_branch_python_operator_decorator' retrieved from /home/airflow/.local/lib/python3.12/site-packages/airflow/example_dags/example_branch_operator_decorator.py
[2025-07-01T02:16:48.104+0000] {logging_mixin.py:190} INFO - [2025-07-01T02:16:48.104+0000] {dag.py:3239} INFO - Sync 1 DAGs
[2025-07-01T02:16:48.126+0000] {logging_mixin.py:190} INFO - [2025-07-01T02:16:48.126+0000] {dag.py:4180} INFO - Setting next_dagrun for example_branch_python_operator_decorator to 2025-06-30 00:00:00+00:00, run_after=2025-07-01 00:00:00+00:00
[2025-07-01T02:16:48.143+0000] {processor.py:208} INFO - Processing /home/airflow/.local/lib/python3.12/site-packages/airflow/example_dags/example_branch_operator_decorator.py took 0.098 seconds
[2025-07-01T02:17:18.490+0000] {processor.py:186} INFO - Started process (PID=8637) to work on /home/airflow/.local/lib/python3.12/site-packages/airflow/example_dags/example_branch_operator_decorator.py
[2025-07-01T02:17:18.491+0000] {processor.py:914} INFO - Processing file /home/airflow/.local/lib/python3.12/site-packages/airflow/example_dags/example_branch_operator_decorator.py for tasks to queue
[2025-07-01T02:17:18.494+0000] {logging_mixin.py:190} INFO - [2025-07-01T02:17:18.493+0000] {dagbag.py:588} INFO - Filling up the DagBag from /home/airflow/.local/lib/python3.12/site-packages/airflow/example_dags/example_branch_operator_decorator.py
[2025-07-01T02:17:18.514+0000] {processor.py:925} INFO - DAG(s) 'example_branch_python_operator_decorator' retrieved from /home/airflow/.local/lib/python3.12/site-packages/airflow/example_dags/example_branch_operator_decorator.py
[2025-07-01T02:17:18.540+0000] {logging_mixin.py:190} INFO - [2025-07-01T02:17:18.540+0000] {dag.py:3239} INFO - Sync 1 DAGs
[2025-07-01T02:17:18.563+0000] {logging_mixin.py:190} INFO - [2025-07-01T02:17:18.563+0000] {dag.py:4180} INFO - Setting next_dagrun for example_branch_python_operator_decorator to 2025-06-30 00:00:00+00:00, run_after=2025-07-01 00:00:00+00:00
[2025-07-01T02:17:18.580+0000] {processor.py:208} INFO - Processing /home/airflow/.local/lib/python3.12/site-packages/airflow/example_dags/example_branch_operator_decorator.py took 0.096 seconds
[2025-07-01T02:17:49.775+0000] {processor.py:186} INFO - Started process (PID=8699) to work on /home/airflow/.local/lib/python3.12/site-packages/airflow/example_dags/example_branch_operator_decorator.py
[2025-07-01T02:17:49.776+0000] {processor.py:914} INFO - Processing file /home/airflow/.local/lib/python3.12/site-packages/airflow/example_dags/example_branch_operator_decorator.py for tasks to queue
[2025-07-01T02:17:49.779+0000] {logging_mixin.py:190} INFO - [2025-07-01T02:17:49.778+0000] {dagbag.py:588} INFO - Filling up the DagBag from /home/airflow/.local/lib/python3.12/site-packages/airflow/example_dags/example_branch_operator_decorator.py
[2025-07-01T02:17:49.800+0000] {processor.py:925} INFO - DAG(s) 'example_branch_python_operator_decorator' retrieved from /home/airflow/.local/lib/python3.12/site-packages/airflow/example_dags/example_branch_operator_decorator.py
[2025-07-01T02:17:49.827+0000] {logging_mixin.py:190} INFO - [2025-07-01T02:17:49.826+0000] {dag.py:3239} INFO - Sync 1 DAGs
[2025-07-01T02:17:49.852+0000] {logging_mixin.py:190} INFO - [2025-07-01T02:17:49.851+0000] {dag.py:4180} INFO - Setting next_dagrun for example_branch_python_operator_decorator to 2025-06-30 00:00:00+00:00, run_after=2025-07-01 00:00:00+00:00
[2025-07-01T02:17:49.870+0000] {processor.py:208} INFO - Processing /home/airflow/.local/lib/python3.12/site-packages/airflow/example_dags/example_branch_operator_decorator.py took 0.101 seconds
[2025-07-01T02:18:21.305+0000] {processor.py:186} INFO - Started process (PID=8767) to work on /home/airflow/.local/lib/python3.12/site-packages/airflow/example_dags/example_branch_operator_decorator.py
[2025-07-01T02:18:21.306+0000] {processor.py:914} INFO - Processing file /home/airflow/.local/lib/python3.12/site-packages/airflow/example_dags/example_branch_operator_decorator.py for tasks to queue
[2025-07-01T02:18:21.308+0000] {logging_mixin.py:190} INFO - [2025-07-01T02:18:21.308+0000] {dagbag.py:588} INFO - Filling up the DagBag from /home/airflow/.local/lib/python3.12/site-packages/airflow/example_dags/example_branch_operator_decorator.py
[2025-07-01T02:18:21.328+0000] {processor.py:925} INFO - DAG(s) 'example_branch_python_operator_decorator' retrieved from /home/airflow/.local/lib/python3.12/site-packages/airflow/example_dags/example_branch_operator_decorator.py
[2025-07-01T02:18:21.354+0000] {logging_mixin.py:190} INFO - [2025-07-01T02:18:21.354+0000] {dag.py:3239} INFO - Sync 1 DAGs
[2025-07-01T02:18:21.376+0000] {logging_mixin.py:190} INFO - [2025-07-01T02:18:21.375+0000] {dag.py:4180} INFO - Setting next_dagrun for example_branch_python_operator_decorator to 2025-06-30 00:00:00+00:00, run_after=2025-07-01 00:00:00+00:00
[2025-07-01T02:18:21.392+0000] {processor.py:208} INFO - Processing /home/airflow/.local/lib/python3.12/site-packages/airflow/example_dags/example_branch_operator_decorator.py took 0.092 seconds
[2025-07-01T02:18:52.444+0000] {processor.py:186} INFO - Started process (PID=8829) to work on /home/airflow/.local/lib/python3.12/site-packages/airflow/example_dags/example_branch_operator_decorator.py
[2025-07-01T02:18:52.445+0000] {processor.py:914} INFO - Processing file /home/airflow/.local/lib/python3.12/site-packages/airflow/example_dags/example_branch_operator_decorator.py for tasks to queue
[2025-07-01T02:18:52.448+0000] {logging_mixin.py:190} INFO - [2025-07-01T02:18:52.448+0000] {dagbag.py:588} INFO - Filling up the DagBag from /home/airflow/.local/lib/python3.12/site-packages/airflow/example_dags/example_branch_operator_decorator.py
[2025-07-01T02:18:52.470+0000] {processor.py:925} INFO - DAG(s) 'example_branch_python_operator_decorator' retrieved from /home/airflow/.local/lib/python3.12/site-packages/airflow/example_dags/example_branch_operator_decorator.py
[2025-07-01T02:18:52.499+0000] {logging_mixin.py:190} INFO - [2025-07-01T02:18:52.498+0000] {dag.py:3239} INFO - Sync 1 DAGs
[2025-07-01T02:18:52.530+0000] {logging_mixin.py:190} INFO - [2025-07-01T02:18:52.529+0000] {dag.py:4180} INFO - Setting next_dagrun for example_branch_python_operator_decorator to 2025-06-30 00:00:00+00:00, run_after=2025-07-01 00:00:00+00:00
[2025-07-01T02:18:52.557+0000] {processor.py:208} INFO - Processing /home/airflow/.local/lib/python3.12/site-packages/airflow/example_dags/example_branch_operator_decorator.py took 0.120 seconds
[2025-07-01T02:26:38.933+0000] {processor.py:186} INFO - Started process (PID=8903) to work on /home/airflow/.local/lib/python3.12/site-packages/airflow/example_dags/example_branch_operator_decorator.py
[2025-07-01T02:26:38.935+0000] {processor.py:914} INFO - Processing file /home/airflow/.local/lib/python3.12/site-packages/airflow/example_dags/example_branch_operator_decorator.py for tasks to queue
[2025-07-01T02:26:38.942+0000] {logging_mixin.py:190} INFO - [2025-07-01T02:26:38.941+0000] {dagbag.py:588} INFO - Filling up the DagBag from /home/airflow/.local/lib/python3.12/site-packages/airflow/example_dags/example_branch_operator_decorator.py
[2025-07-01T02:26:38.987+0000] {processor.py:925} INFO - DAG(s) 'example_branch_python_operator_decorator' retrieved from /home/airflow/.local/lib/python3.12/site-packages/airflow/example_dags/example_branch_operator_decorator.py
[2025-07-01T02:26:39.043+0000] {logging_mixin.py:190} INFO - [2025-07-01T02:26:39.042+0000] {dag.py:3239} INFO - Sync 1 DAGs
[2025-07-01T02:26:39.089+0000] {logging_mixin.py:190} INFO - [2025-07-01T02:26:39.089+0000] {dag.py:4180} INFO - Setting next_dagrun for example_branch_python_operator_decorator to 2025-06-30 00:00:00+00:00, run_after=2025-07-01 00:00:00+00:00
[2025-07-01T02:26:39.120+0000] {processor.py:208} INFO - Processing /home/airflow/.local/lib/python3.12/site-packages/airflow/example_dags/example_branch_operator_decorator.py took 0.203 seconds
[2025-07-01T02:27:09.947+0000] {processor.py:186} INFO - Started process (PID=8965) to work on /home/airflow/.local/lib/python3.12/site-packages/airflow/example_dags/example_branch_operator_decorator.py
[2025-07-01T02:27:09.948+0000] {processor.py:914} INFO - Processing file /home/airflow/.local/lib/python3.12/site-packages/airflow/example_dags/example_branch_operator_decorator.py for tasks to queue
[2025-07-01T02:27:09.952+0000] {logging_mixin.py:190} INFO - [2025-07-01T02:27:09.951+0000] {dagbag.py:588} INFO - Filling up the DagBag from /home/airflow/.local/lib/python3.12/site-packages/airflow/example_dags/example_branch_operator_decorator.py
[2025-07-01T02:27:09.982+0000] {processor.py:925} INFO - DAG(s) 'example_branch_python_operator_decorator' retrieved from /home/airflow/.local/lib/python3.12/site-packages/airflow/example_dags/example_branch_operator_decorator.py
[2025-07-01T02:27:10.016+0000] {logging_mixin.py:190} INFO - [2025-07-01T02:27:10.016+0000] {dag.py:3239} INFO - Sync 1 DAGs
[2025-07-01T02:27:10.045+0000] {logging_mixin.py:190} INFO - [2025-07-01T02:27:10.045+0000] {dag.py:4180} INFO - Setting next_dagrun for example_branch_python_operator_decorator to 2025-06-30 00:00:00+00:00, run_after=2025-07-01 00:00:00+00:00
[2025-07-01T02:27:10.067+0000] {processor.py:208} INFO - Processing /home/airflow/.local/lib/python3.12/site-packages/airflow/example_dags/example_branch_operator_decorator.py took 0.129 seconds
[2025-07-01T02:27:40.531+0000] {processor.py:186} INFO - Started process (PID=9027) to work on /home/airflow/.local/lib/python3.12/site-packages/airflow/example_dags/example_branch_operator_decorator.py
[2025-07-01T02:27:40.532+0000] {processor.py:914} INFO - Processing file /home/airflow/.local/lib/python3.12/site-packages/airflow/example_dags/example_branch_operator_decorator.py for tasks to queue
[2025-07-01T02:27:40.536+0000] {logging_mixin.py:190} INFO - [2025-07-01T02:27:40.535+0000] {dagbag.py:588} INFO - Filling up the DagBag from /home/airflow/.local/lib/python3.12/site-packages/airflow/example_dags/example_branch_operator_decorator.py
[2025-07-01T02:27:40.560+0000] {processor.py:925} INFO - DAG(s) 'example_branch_python_operator_decorator' retrieved from /home/airflow/.local/lib/python3.12/site-packages/airflow/example_dags/example_branch_operator_decorator.py
[2025-07-01T02:27:40.591+0000] {logging_mixin.py:190} INFO - [2025-07-01T02:27:40.591+0000] {dag.py:3239} INFO - Sync 1 DAGs
[2025-07-01T02:27:40.618+0000] {logging_mixin.py:190} INFO - [2025-07-01T02:27:40.617+0000] {dag.py:4180} INFO - Setting next_dagrun for example_branch_python_operator_decorator to 2025-06-30 00:00:00+00:00, run_after=2025-07-01 00:00:00+00:00
[2025-07-01T02:27:40.638+0000] {processor.py:208} INFO - Processing /home/airflow/.local/lib/python3.12/site-packages/airflow/example_dags/example_branch_operator_decorator.py took 0.115 seconds
[2025-07-01T02:28:11.094+0000] {processor.py:186} INFO - Started process (PID=9089) to work on /home/airflow/.local/lib/python3.12/site-packages/airflow/example_dags/example_branch_operator_decorator.py
[2025-07-01T02:28:11.095+0000] {processor.py:914} INFO - Processing file /home/airflow/.local/lib/python3.12/site-packages/airflow/example_dags/example_branch_operator_decorator.py for tasks to queue
[2025-07-01T02:28:11.098+0000] {logging_mixin.py:190} INFO - [2025-07-01T02:28:11.098+0000] {dagbag.py:588} INFO - Filling up the DagBag from /home/airflow/.local/lib/python3.12/site-packages/airflow/example_dags/example_branch_operator_decorator.py
[2025-07-01T02:28:11.118+0000] {processor.py:925} INFO - DAG(s) 'example_branch_python_operator_decorator' retrieved from /home/airflow/.local/lib/python3.12/site-packages/airflow/example_dags/example_branch_operator_decorator.py
[2025-07-01T02:28:11.144+0000] {logging_mixin.py:190} INFO - [2025-07-01T02:28:11.144+0000] {dag.py:3239} INFO - Sync 1 DAGs
[2025-07-01T02:28:11.166+0000] {logging_mixin.py:190} INFO - [2025-07-01T02:28:11.166+0000] {dag.py:4180} INFO - Setting next_dagrun for example_branch_python_operator_decorator to 2025-06-30 00:00:00+00:00, run_after=2025-07-01 00:00:00+00:00
[2025-07-01T02:28:11.185+0000] {processor.py:208} INFO - Processing /home/airflow/.local/lib/python3.12/site-packages/airflow/example_dags/example_branch_operator_decorator.py took 0.096 seconds
[2025-07-01T02:28:41.599+0000] {processor.py:186} INFO - Started process (PID=9151) to work on /home/airflow/.local/lib/python3.12/site-packages/airflow/example_dags/example_branch_operator_decorator.py
[2025-07-01T02:28:41.600+0000] {processor.py:914} INFO - Processing file /home/airflow/.local/lib/python3.12/site-packages/airflow/example_dags/example_branch_operator_decorator.py for tasks to queue
[2025-07-01T02:28:41.603+0000] {logging_mixin.py:190} INFO - [2025-07-01T02:28:41.602+0000] {dagbag.py:588} INFO - Filling up the DagBag from /home/airflow/.local/lib/python3.12/site-packages/airflow/example_dags/example_branch_operator_decorator.py
[2025-07-01T02:28:41.623+0000] {processor.py:925} INFO - DAG(s) 'example_branch_python_operator_decorator' retrieved from /home/airflow/.local/lib/python3.12/site-packages/airflow/example_dags/example_branch_operator_decorator.py
[2025-07-01T02:28:41.649+0000] {logging_mixin.py:190} INFO - [2025-07-01T02:28:41.649+0000] {dag.py:3239} INFO - Sync 1 DAGs
[2025-07-01T02:28:41.672+0000] {logging_mixin.py:190} INFO - [2025-07-01T02:28:41.672+0000] {dag.py:4180} INFO - Setting next_dagrun for example_branch_python_operator_decorator to 2025-06-30 00:00:00+00:00, run_after=2025-07-01 00:00:00+00:00
[2025-07-01T02:28:41.690+0000] {processor.py:208} INFO - Processing /home/airflow/.local/lib/python3.12/site-packages/airflow/example_dags/example_branch_operator_decorator.py took 0.098 seconds
[2025-07-01T02:29:12.506+0000] {processor.py:186} INFO - Started process (PID=9214) to work on /home/airflow/.local/lib/python3.12/site-packages/airflow/example_dags/example_branch_operator_decorator.py
[2025-07-01T02:29:12.507+0000] {processor.py:914} INFO - Processing file /home/airflow/.local/lib/python3.12/site-packages/airflow/example_dags/example_branch_operator_decorator.py for tasks to queue
[2025-07-01T02:29:12.510+0000] {logging_mixin.py:190} INFO - [2025-07-01T02:29:12.509+0000] {dagbag.py:588} INFO - Filling up the DagBag from /home/airflow/.local/lib/python3.12/site-packages/airflow/example_dags/example_branch_operator_decorator.py
[2025-07-01T02:29:12.529+0000] {processor.py:925} INFO - DAG(s) 'example_branch_python_operator_decorator' retrieved from /home/airflow/.local/lib/python3.12/site-packages/airflow/example_dags/example_branch_operator_decorator.py
[2025-07-01T02:29:12.557+0000] {logging_mixin.py:190} INFO - [2025-07-01T02:29:12.556+0000] {dag.py:3239} INFO - Sync 1 DAGs
[2025-07-01T02:29:12.579+0000] {logging_mixin.py:190} INFO - [2025-07-01T02:29:12.579+0000] {dag.py:4180} INFO - Setting next_dagrun for example_branch_python_operator_decorator to 2025-06-30 00:00:00+00:00, run_after=2025-07-01 00:00:00+00:00
[2025-07-01T02:29:12.597+0000] {processor.py:208} INFO - Processing /home/airflow/.local/lib/python3.12/site-packages/airflow/example_dags/example_branch_operator_decorator.py took 0.099 seconds
[2025-07-01T02:29:43.170+0000] {processor.py:186} INFO - Started process (PID=9276) to work on /home/airflow/.local/lib/python3.12/site-packages/airflow/example_dags/example_branch_operator_decorator.py
[2025-07-01T02:29:43.171+0000] {processor.py:914} INFO - Processing file /home/airflow/.local/lib/python3.12/site-packages/airflow/example_dags/example_branch_operator_decorator.py for tasks to queue
[2025-07-01T02:29:43.175+0000] {logging_mixin.py:190} INFO - [2025-07-01T02:29:43.174+0000] {dagbag.py:588} INFO - Filling up the DagBag from /home/airflow/.local/lib/python3.12/site-packages/airflow/example_dags/example_branch_operator_decorator.py
[2025-07-01T02:29:43.203+0000] {processor.py:925} INFO - DAG(s) 'example_branch_python_operator_decorator' retrieved from /home/airflow/.local/lib/python3.12/site-packages/airflow/example_dags/example_branch_operator_decorator.py
[2025-07-01T02:29:43.235+0000] {logging_mixin.py:190} INFO - [2025-07-01T02:29:43.235+0000] {dag.py:3239} INFO - Sync 1 DAGs
[2025-07-01T02:29:43.263+0000] {logging_mixin.py:190} INFO - [2025-07-01T02:29:43.263+0000] {dag.py:4180} INFO - Setting next_dagrun for example_branch_python_operator_decorator to 2025-06-30 00:00:00+00:00, run_after=2025-07-01 00:00:00+00:00
[2025-07-01T02:29:43.285+0000] {processor.py:208} INFO - Processing /home/airflow/.local/lib/python3.12/site-packages/airflow/example_dags/example_branch_operator_decorator.py took 0.124 seconds
[2025-07-01T02:30:13.773+0000] {processor.py:186} INFO - Started process (PID=9338) to work on /home/airflow/.local/lib/python3.12/site-packages/airflow/example_dags/example_branch_operator_decorator.py
[2025-07-01T02:30:13.773+0000] {processor.py:914} INFO - Processing file /home/airflow/.local/lib/python3.12/site-packages/airflow/example_dags/example_branch_operator_decorator.py for tasks to queue
[2025-07-01T02:30:13.777+0000] {logging_mixin.py:190} INFO - [2025-07-01T02:30:13.776+0000] {dagbag.py:588} INFO - Filling up the DagBag from /home/airflow/.local/lib/python3.12/site-packages/airflow/example_dags/example_branch_operator_decorator.py
[2025-07-01T02:30:13.799+0000] {processor.py:925} INFO - DAG(s) 'example_branch_python_operator_decorator' retrieved from /home/airflow/.local/lib/python3.12/site-packages/airflow/example_dags/example_branch_operator_decorator.py
[2025-07-01T02:30:13.825+0000] {logging_mixin.py:190} INFO - [2025-07-01T02:30:13.825+0000] {dag.py:3239} INFO - Sync 1 DAGs
[2025-07-01T02:30:13.848+0000] {logging_mixin.py:190} INFO - [2025-07-01T02:30:13.848+0000] {dag.py:4180} INFO - Setting next_dagrun for example_branch_python_operator_decorator to 2025-06-30 00:00:00+00:00, run_after=2025-07-01 00:00:00+00:00
[2025-07-01T02:30:13.865+0000] {processor.py:208} INFO - Processing /home/airflow/.local/lib/python3.12/site-packages/airflow/example_dags/example_branch_operator_decorator.py took 0.099 seconds
[2025-07-01T02:30:44.556+0000] {processor.py:186} INFO - Started process (PID=9401) to work on /home/airflow/.local/lib/python3.12/site-packages/airflow/example_dags/example_branch_operator_decorator.py
[2025-07-01T02:30:44.558+0000] {processor.py:914} INFO - Processing file /home/airflow/.local/lib/python3.12/site-packages/airflow/example_dags/example_branch_operator_decorator.py for tasks to queue
[2025-07-01T02:30:44.560+0000] {logging_mixin.py:190} INFO - [2025-07-01T02:30:44.560+0000] {dagbag.py:588} INFO - Filling up the DagBag from /home/airflow/.local/lib/python3.12/site-packages/airflow/example_dags/example_branch_operator_decorator.py
[2025-07-01T02:30:44.585+0000] {processor.py:925} INFO - DAG(s) 'example_branch_python_operator_decorator' retrieved from /home/airflow/.local/lib/python3.12/site-packages/airflow/example_dags/example_branch_operator_decorator.py
[2025-07-01T02:30:44.624+0000] {logging_mixin.py:190} INFO - [2025-07-01T02:30:44.623+0000] {dag.py:3239} INFO - Sync 1 DAGs
[2025-07-01T02:30:44.648+0000] {logging_mixin.py:190} INFO - [2025-07-01T02:30:44.648+0000] {dag.py:4180} INFO - Setting next_dagrun for example_branch_python_operator_decorator to 2025-06-30 00:00:00+00:00, run_after=2025-07-01 00:00:00+00:00
[2025-07-01T02:30:44.666+0000] {processor.py:208} INFO - Processing /home/airflow/.local/lib/python3.12/site-packages/airflow/example_dags/example_branch_operator_decorator.py took 0.115 seconds
[2025-07-01T02:31:15.185+0000] {processor.py:186} INFO - Started process (PID=9463) to work on /home/airflow/.local/lib/python3.12/site-packages/airflow/example_dags/example_branch_operator_decorator.py
[2025-07-01T02:31:15.186+0000] {processor.py:914} INFO - Processing file /home/airflow/.local/lib/python3.12/site-packages/airflow/example_dags/example_branch_operator_decorator.py for tasks to queue
[2025-07-01T02:31:15.189+0000] {logging_mixin.py:190} INFO - [2025-07-01T02:31:15.188+0000] {dagbag.py:588} INFO - Filling up the DagBag from /home/airflow/.local/lib/python3.12/site-packages/airflow/example_dags/example_branch_operator_decorator.py
[2025-07-01T02:31:15.209+0000] {processor.py:925} INFO - DAG(s) 'example_branch_python_operator_decorator' retrieved from /home/airflow/.local/lib/python3.12/site-packages/airflow/example_dags/example_branch_operator_decorator.py
[2025-07-01T02:31:15.235+0000] {logging_mixin.py:190} INFO - [2025-07-01T02:31:15.235+0000] {dag.py:3239} INFO - Sync 1 DAGs
[2025-07-01T02:31:15.262+0000] {logging_mixin.py:190} INFO - [2025-07-01T02:31:15.262+0000] {dag.py:4180} INFO - Setting next_dagrun for example_branch_python_operator_decorator to 2025-06-30 00:00:00+00:00, run_after=2025-07-01 00:00:00+00:00
[2025-07-01T02:31:15.284+0000] {processor.py:208} INFO - Processing /home/airflow/.local/lib/python3.12/site-packages/airflow/example_dags/example_branch_operator_decorator.py took 0.105 seconds
[2025-07-01T02:31:45.384+0000] {processor.py:186} INFO - Started process (PID=9524) to work on /home/airflow/.local/lib/python3.12/site-packages/airflow/example_dags/example_branch_operator_decorator.py
[2025-07-01T02:31:45.386+0000] {processor.py:914} INFO - Processing file /home/airflow/.local/lib/python3.12/site-packages/airflow/example_dags/example_branch_operator_decorator.py for tasks to queue
[2025-07-01T02:31:45.388+0000] {logging_mixin.py:190} INFO - [2025-07-01T02:31:45.388+0000] {dagbag.py:588} INFO - Filling up the DagBag from /home/airflow/.local/lib/python3.12/site-packages/airflow/example_dags/example_branch_operator_decorator.py
[2025-07-01T02:31:45.409+0000] {processor.py:925} INFO - DAG(s) 'example_branch_python_operator_decorator' retrieved from /home/airflow/.local/lib/python3.12/site-packages/airflow/example_dags/example_branch_operator_decorator.py
[2025-07-01T02:31:45.437+0000] {logging_mixin.py:190} INFO - [2025-07-01T02:31:45.436+0000] {dag.py:3239} INFO - Sync 1 DAGs
[2025-07-01T02:31:45.462+0000] {logging_mixin.py:190} INFO - [2025-07-01T02:31:45.462+0000] {dag.py:4180} INFO - Setting next_dagrun for example_branch_python_operator_decorator to 2025-06-30 00:00:00+00:00, run_after=2025-07-01 00:00:00+00:00
[2025-07-01T02:31:45.632+0000] {processor.py:208} INFO - Processing /home/airflow/.local/lib/python3.12/site-packages/airflow/example_dags/example_branch_operator_decorator.py took 0.253 seconds
[2025-07-01T02:32:15.697+0000] {processor.py:186} INFO - Started process (PID=9586) to work on /home/airflow/.local/lib/python3.12/site-packages/airflow/example_dags/example_branch_operator_decorator.py
[2025-07-01T02:32:15.699+0000] {processor.py:914} INFO - Processing file /home/airflow/.local/lib/python3.12/site-packages/airflow/example_dags/example_branch_operator_decorator.py for tasks to queue
[2025-07-01T02:32:15.701+0000] {logging_mixin.py:190} INFO - [2025-07-01T02:32:15.701+0000] {dagbag.py:588} INFO - Filling up the DagBag from /home/airflow/.local/lib/python3.12/site-packages/airflow/example_dags/example_branch_operator_decorator.py
[2025-07-01T02:32:15.722+0000] {processor.py:925} INFO - DAG(s) 'example_branch_python_operator_decorator' retrieved from /home/airflow/.local/lib/python3.12/site-packages/airflow/example_dags/example_branch_operator_decorator.py
[2025-07-01T02:32:15.748+0000] {logging_mixin.py:190} INFO - [2025-07-01T02:32:15.748+0000] {dag.py:3239} INFO - Sync 1 DAGs
[2025-07-01T02:32:15.770+0000] {logging_mixin.py:190} INFO - [2025-07-01T02:32:15.770+0000] {dag.py:4180} INFO - Setting next_dagrun for example_branch_python_operator_decorator to 2025-06-30 00:00:00+00:00, run_after=2025-07-01 00:00:00+00:00
[2025-07-01T02:32:15.788+0000] {processor.py:208} INFO - Processing /home/airflow/.local/lib/python3.12/site-packages/airflow/example_dags/example_branch_operator_decorator.py took 0.097 seconds
[2025-07-01T02:32:46.668+0000] {processor.py:186} INFO - Started process (PID=9648) to work on /home/airflow/.local/lib/python3.12/site-packages/airflow/example_dags/example_branch_operator_decorator.py
[2025-07-01T02:32:46.669+0000] {processor.py:914} INFO - Processing file /home/airflow/.local/lib/python3.12/site-packages/airflow/example_dags/example_branch_operator_decorator.py for tasks to queue
[2025-07-01T02:32:46.671+0000] {logging_mixin.py:190} INFO - [2025-07-01T02:32:46.671+0000] {dagbag.py:588} INFO - Filling up the DagBag from /home/airflow/.local/lib/python3.12/site-packages/airflow/example_dags/example_branch_operator_decorator.py
[2025-07-01T02:32:46.692+0000] {processor.py:925} INFO - DAG(s) 'example_branch_python_operator_decorator' retrieved from /home/airflow/.local/lib/python3.12/site-packages/airflow/example_dags/example_branch_operator_decorator.py
[2025-07-01T02:32:46.718+0000] {logging_mixin.py:190} INFO - [2025-07-01T02:32:46.718+0000] {dag.py:3239} INFO - Sync 1 DAGs
[2025-07-01T02:32:46.742+0000] {logging_mixin.py:190} INFO - [2025-07-01T02:32:46.742+0000] {dag.py:4180} INFO - Setting next_dagrun for example_branch_python_operator_decorator to 2025-06-30 00:00:00+00:00, run_after=2025-07-01 00:00:00+00:00
[2025-07-01T02:32:46.760+0000] {processor.py:208} INFO - Processing /home/airflow/.local/lib/python3.12/site-packages/airflow/example_dags/example_branch_operator_decorator.py took 0.098 seconds
[2025-07-01T02:33:17.385+0000] {processor.py:186} INFO - Started process (PID=9710) to work on /home/airflow/.local/lib/python3.12/site-packages/airflow/example_dags/example_branch_operator_decorator.py
[2025-07-01T02:33:17.386+0000] {processor.py:914} INFO - Processing file /home/airflow/.local/lib/python3.12/site-packages/airflow/example_dags/example_branch_operator_decorator.py for tasks to queue
[2025-07-01T02:33:17.389+0000] {logging_mixin.py:190} INFO - [2025-07-01T02:33:17.389+0000] {dagbag.py:588} INFO - Filling up the DagBag from /home/airflow/.local/lib/python3.12/site-packages/airflow/example_dags/example_branch_operator_decorator.py
[2025-07-01T02:33:17.411+0000] {processor.py:925} INFO - DAG(s) 'example_branch_python_operator_decorator' retrieved from /home/airflow/.local/lib/python3.12/site-packages/airflow/example_dags/example_branch_operator_decorator.py
[2025-07-01T02:33:17.438+0000] {logging_mixin.py:190} INFO - [2025-07-01T02:33:17.438+0000] {dag.py:3239} INFO - Sync 1 DAGs
[2025-07-01T02:33:17.460+0000] {logging_mixin.py:190} INFO - [2025-07-01T02:33:17.460+0000] {dag.py:4180} INFO - Setting next_dagrun for example_branch_python_operator_decorator to 2025-06-30 00:00:00+00:00, run_after=2025-07-01 00:00:00+00:00
[2025-07-01T02:33:17.477+0000] {processor.py:208} INFO - Processing /home/airflow/.local/lib/python3.12/site-packages/airflow/example_dags/example_branch_operator_decorator.py took 0.099 seconds
[2025-07-01T02:33:51.555+0000] {processor.py:186} INFO - Started process (PID=9772) to work on /home/airflow/.local/lib/python3.12/site-packages/airflow/example_dags/example_branch_operator_decorator.py
[2025-07-01T02:33:51.557+0000] {processor.py:914} INFO - Processing file /home/airflow/.local/lib/python3.12/site-packages/airflow/example_dags/example_branch_operator_decorator.py for tasks to queue
[2025-07-01T02:33:51.559+0000] {logging_mixin.py:190} INFO - [2025-07-01T02:33:51.559+0000] {dagbag.py:588} INFO - Filling up the DagBag from /home/airflow/.local/lib/python3.12/site-packages/airflow/example_dags/example_branch_operator_decorator.py
[2025-07-01T02:33:51.580+0000] {processor.py:925} INFO - DAG(s) 'example_branch_python_operator_decorator' retrieved from /home/airflow/.local/lib/python3.12/site-packages/airflow/example_dags/example_branch_operator_decorator.py
[2025-07-01T02:33:51.608+0000] {logging_mixin.py:190} INFO - [2025-07-01T02:33:51.608+0000] {dag.py:3239} INFO - Sync 1 DAGs
[2025-07-01T02:33:51.632+0000] {logging_mixin.py:190} INFO - [2025-07-01T02:33:51.632+0000] {dag.py:4180} INFO - Setting next_dagrun for example_branch_python_operator_decorator to 2025-06-30 00:00:00+00:00, run_after=2025-07-01 00:00:00+00:00
[2025-07-01T02:33:51.651+0000] {processor.py:208} INFO - Processing /home/airflow/.local/lib/python3.12/site-packages/airflow/example_dags/example_branch_operator_decorator.py took 0.103 seconds
[2025-07-01T02:34:22.075+0000] {processor.py:186} INFO - Started process (PID=9833) to work on /home/airflow/.local/lib/python3.12/site-packages/airflow/example_dags/example_branch_operator_decorator.py
[2025-07-01T02:34:22.076+0000] {processor.py:914} INFO - Processing file /home/airflow/.local/lib/python3.12/site-packages/airflow/example_dags/example_branch_operator_decorator.py for tasks to queue
[2025-07-01T02:34:22.079+0000] {logging_mixin.py:190} INFO - [2025-07-01T02:34:22.079+0000] {dagbag.py:588} INFO - Filling up the DagBag from /home/airflow/.local/lib/python3.12/site-packages/airflow/example_dags/example_branch_operator_decorator.py
[2025-07-01T02:34:22.101+0000] {processor.py:925} INFO - DAG(s) 'example_branch_python_operator_decorator' retrieved from /home/airflow/.local/lib/python3.12/site-packages/airflow/example_dags/example_branch_operator_decorator.py
[2025-07-01T02:34:22.300+0000] {logging_mixin.py:190} INFO - [2025-07-01T02:34:22.300+0000] {dag.py:3239} INFO - Sync 1 DAGs
[2025-07-01T02:34:22.324+0000] {logging_mixin.py:190} INFO - [2025-07-01T02:34:22.324+0000] {dag.py:4180} INFO - Setting next_dagrun for example_branch_python_operator_decorator to 2025-06-30 00:00:00+00:00, run_after=2025-07-01 00:00:00+00:00
[2025-07-01T02:34:22.341+0000] {processor.py:208} INFO - Processing /home/airflow/.local/lib/python3.12/site-packages/airflow/example_dags/example_branch_operator_decorator.py took 0.273 seconds
[2025-07-01T02:34:52.883+0000] {processor.py:186} INFO - Started process (PID=9896) to work on /home/airflow/.local/lib/python3.12/site-packages/airflow/example_dags/example_branch_operator_decorator.py
[2025-07-01T02:34:52.885+0000] {processor.py:914} INFO - Processing file /home/airflow/.local/lib/python3.12/site-packages/airflow/example_dags/example_branch_operator_decorator.py for tasks to queue
[2025-07-01T02:34:52.888+0000] {logging_mixin.py:190} INFO - [2025-07-01T02:34:52.887+0000] {dagbag.py:588} INFO - Filling up the DagBag from /home/airflow/.local/lib/python3.12/site-packages/airflow/example_dags/example_branch_operator_decorator.py
[2025-07-01T02:34:52.909+0000] {processor.py:925} INFO - DAG(s) 'example_branch_python_operator_decorator' retrieved from /home/airflow/.local/lib/python3.12/site-packages/airflow/example_dags/example_branch_operator_decorator.py
[2025-07-01T02:34:52.937+0000] {logging_mixin.py:190} INFO - [2025-07-01T02:34:52.936+0000] {dag.py:3239} INFO - Sync 1 DAGs
[2025-07-01T02:34:52.964+0000] {logging_mixin.py:190} INFO - [2025-07-01T02:34:52.963+0000] {dag.py:4180} INFO - Setting next_dagrun for example_branch_python_operator_decorator to 2025-06-30 00:00:00+00:00, run_after=2025-07-01 00:00:00+00:00
[2025-07-01T02:34:52.983+0000] {processor.py:208} INFO - Processing /home/airflow/.local/lib/python3.12/site-packages/airflow/example_dags/example_branch_operator_decorator.py took 0.106 seconds
[2025-07-01T02:35:23.156+0000] {processor.py:186} INFO - Started process (PID=9958) to work on /home/airflow/.local/lib/python3.12/site-packages/airflow/example_dags/example_branch_operator_decorator.py
[2025-07-01T02:35:23.157+0000] {processor.py:914} INFO - Processing file /home/airflow/.local/lib/python3.12/site-packages/airflow/example_dags/example_branch_operator_decorator.py for tasks to queue
[2025-07-01T02:35:23.160+0000] {logging_mixin.py:190} INFO - [2025-07-01T02:35:23.160+0000] {dagbag.py:588} INFO - Filling up the DagBag from /home/airflow/.local/lib/python3.12/site-packages/airflow/example_dags/example_branch_operator_decorator.py
[2025-07-01T02:35:23.183+0000] {processor.py:925} INFO - DAG(s) 'example_branch_python_operator_decorator' retrieved from /home/airflow/.local/lib/python3.12/site-packages/airflow/example_dags/example_branch_operator_decorator.py
[2025-07-01T02:35:23.210+0000] {logging_mixin.py:190} INFO - [2025-07-01T02:35:23.210+0000] {dag.py:3239} INFO - Sync 1 DAGs
[2025-07-01T02:35:23.233+0000] {logging_mixin.py:190} INFO - [2025-07-01T02:35:23.233+0000] {dag.py:4180} INFO - Setting next_dagrun for example_branch_python_operator_decorator to 2025-06-30 00:00:00+00:00, run_after=2025-07-01 00:00:00+00:00
[2025-07-01T02:35:23.251+0000] {processor.py:208} INFO - Processing /home/airflow/.local/lib/python3.12/site-packages/airflow/example_dags/example_branch_operator_decorator.py took 0.102 seconds
[2025-07-01T02:35:53.987+0000] {processor.py:186} INFO - Started process (PID=10020) to work on /home/airflow/.local/lib/python3.12/site-packages/airflow/example_dags/example_branch_operator_decorator.py
[2025-07-01T02:35:53.988+0000] {processor.py:914} INFO - Processing file /home/airflow/.local/lib/python3.12/site-packages/airflow/example_dags/example_branch_operator_decorator.py for tasks to queue
[2025-07-01T02:35:53.990+0000] {logging_mixin.py:190} INFO - [2025-07-01T02:35:53.990+0000] {dagbag.py:588} INFO - Filling up the DagBag from /home/airflow/.local/lib/python3.12/site-packages/airflow/example_dags/example_branch_operator_decorator.py
[2025-07-01T02:35:54.010+0000] {processor.py:925} INFO - DAG(s) 'example_branch_python_operator_decorator' retrieved from /home/airflow/.local/lib/python3.12/site-packages/airflow/example_dags/example_branch_operator_decorator.py
[2025-07-01T02:35:54.036+0000] {logging_mixin.py:190} INFO - [2025-07-01T02:35:54.036+0000] {dag.py:3239} INFO - Sync 1 DAGs
[2025-07-01T02:35:54.058+0000] {logging_mixin.py:190} INFO - [2025-07-01T02:35:54.058+0000] {dag.py:4180} INFO - Setting next_dagrun for example_branch_python_operator_decorator to 2025-06-30 00:00:00+00:00, run_after=2025-07-01 00:00:00+00:00
[2025-07-01T02:35:54.076+0000] {processor.py:208} INFO - Processing /home/airflow/.local/lib/python3.12/site-packages/airflow/example_dags/example_branch_operator_decorator.py took 0.095 seconds
[2025-07-01T02:36:24.836+0000] {processor.py:186} INFO - Started process (PID=10082) to work on /home/airflow/.local/lib/python3.12/site-packages/airflow/example_dags/example_branch_operator_decorator.py
[2025-07-01T02:36:24.837+0000] {processor.py:914} INFO - Processing file /home/airflow/.local/lib/python3.12/site-packages/airflow/example_dags/example_branch_operator_decorator.py for tasks to queue
[2025-07-01T02:36:24.839+0000] {logging_mixin.py:190} INFO - [2025-07-01T02:36:24.839+0000] {dagbag.py:588} INFO - Filling up the DagBag from /home/airflow/.local/lib/python3.12/site-packages/airflow/example_dags/example_branch_operator_decorator.py
[2025-07-01T02:36:24.859+0000] {processor.py:925} INFO - DAG(s) 'example_branch_python_operator_decorator' retrieved from /home/airflow/.local/lib/python3.12/site-packages/airflow/example_dags/example_branch_operator_decorator.py
[2025-07-01T02:36:24.887+0000] {logging_mixin.py:190} INFO - [2025-07-01T02:36:24.887+0000] {dag.py:3239} INFO - Sync 1 DAGs
[2025-07-01T02:36:24.910+0000] {logging_mixin.py:190} INFO - [2025-07-01T02:36:24.910+0000] {dag.py:4180} INFO - Setting next_dagrun for example_branch_python_operator_decorator to 2025-06-30 00:00:00+00:00, run_after=2025-07-01 00:00:00+00:00
[2025-07-01T02:36:24.927+0000] {processor.py:208} INFO - Processing /home/airflow/.local/lib/python3.12/site-packages/airflow/example_dags/example_branch_operator_decorator.py took 0.098 seconds
[2025-07-01T02:36:55.306+0000] {processor.py:186} INFO - Started process (PID=10150) to work on /home/airflow/.local/lib/python3.12/site-packages/airflow/example_dags/example_branch_operator_decorator.py
[2025-07-01T02:36:55.307+0000] {processor.py:914} INFO - Processing file /home/airflow/.local/lib/python3.12/site-packages/airflow/example_dags/example_branch_operator_decorator.py for tasks to queue
[2025-07-01T02:36:55.310+0000] {logging_mixin.py:190} INFO - [2025-07-01T02:36:55.309+0000] {dagbag.py:588} INFO - Filling up the DagBag from /home/airflow/.local/lib/python3.12/site-packages/airflow/example_dags/example_branch_operator_decorator.py
[2025-07-01T02:36:55.331+0000] {processor.py:925} INFO - DAG(s) 'example_branch_python_operator_decorator' retrieved from /home/airflow/.local/lib/python3.12/site-packages/airflow/example_dags/example_branch_operator_decorator.py
[2025-07-01T02:36:55.359+0000] {logging_mixin.py:190} INFO - [2025-07-01T02:36:55.359+0000] {dag.py:3239} INFO - Sync 1 DAGs
[2025-07-01T02:36:55.381+0000] {logging_mixin.py:190} INFO - [2025-07-01T02:36:55.381+0000] {dag.py:4180} INFO - Setting next_dagrun for example_branch_python_operator_decorator to 2025-06-30 00:00:00+00:00, run_after=2025-07-01 00:00:00+00:00
[2025-07-01T02:36:55.399+0000] {processor.py:208} INFO - Processing /home/airflow/.local/lib/python3.12/site-packages/airflow/example_dags/example_branch_operator_decorator.py took 0.099 seconds
[2025-07-01T02:37:25.452+0000] {processor.py:186} INFO - Started process (PID=10213) to work on /home/airflow/.local/lib/python3.12/site-packages/airflow/example_dags/example_branch_operator_decorator.py
[2025-07-01T02:37:25.453+0000] {processor.py:914} INFO - Processing file /home/airflow/.local/lib/python3.12/site-packages/airflow/example_dags/example_branch_operator_decorator.py for tasks to queue
[2025-07-01T02:37:25.456+0000] {logging_mixin.py:190} INFO - [2025-07-01T02:37:25.456+0000] {dagbag.py:588} INFO - Filling up the DagBag from /home/airflow/.local/lib/python3.12/site-packages/airflow/example_dags/example_branch_operator_decorator.py
[2025-07-01T02:37:25.477+0000] {processor.py:925} INFO - DAG(s) 'example_branch_python_operator_decorator' retrieved from /home/airflow/.local/lib/python3.12/site-packages/airflow/example_dags/example_branch_operator_decorator.py
[2025-07-01T02:37:25.504+0000] {logging_mixin.py:190} INFO - [2025-07-01T02:37:25.503+0000] {dag.py:3239} INFO - Sync 1 DAGs
[2025-07-01T02:37:25.528+0000] {logging_mixin.py:190} INFO - [2025-07-01T02:37:25.527+0000] {dag.py:4180} INFO - Setting next_dagrun for example_branch_python_operator_decorator to 2025-06-30 00:00:00+00:00, run_after=2025-07-01 00:00:00+00:00
[2025-07-01T02:37:25.545+0000] {processor.py:208} INFO - Processing /home/airflow/.local/lib/python3.12/site-packages/airflow/example_dags/example_branch_operator_decorator.py took 0.099 seconds
[2025-07-01T02:37:55.714+0000] {processor.py:186} INFO - Started process (PID=10275) to work on /home/airflow/.local/lib/python3.12/site-packages/airflow/example_dags/example_branch_operator_decorator.py
[2025-07-01T02:37:55.715+0000] {processor.py:914} INFO - Processing file /home/airflow/.local/lib/python3.12/site-packages/airflow/example_dags/example_branch_operator_decorator.py for tasks to queue
[2025-07-01T02:37:55.718+0000] {logging_mixin.py:190} INFO - [2025-07-01T02:37:55.717+0000] {dagbag.py:588} INFO - Filling up the DagBag from /home/airflow/.local/lib/python3.12/site-packages/airflow/example_dags/example_branch_operator_decorator.py
[2025-07-01T02:37:55.742+0000] {processor.py:925} INFO - DAG(s) 'example_branch_python_operator_decorator' retrieved from /home/airflow/.local/lib/python3.12/site-packages/airflow/example_dags/example_branch_operator_decorator.py
[2025-07-01T02:37:55.769+0000] {logging_mixin.py:190} INFO - [2025-07-01T02:37:55.769+0000] {dag.py:3239} INFO - Sync 1 DAGs
[2025-07-01T02:37:55.792+0000] {logging_mixin.py:190} INFO - [2025-07-01T02:37:55.792+0000] {dag.py:4180} INFO - Setting next_dagrun for example_branch_python_operator_decorator to 2025-06-30 00:00:00+00:00, run_after=2025-07-01 00:00:00+00:00
[2025-07-01T02:37:55.809+0000] {processor.py:208} INFO - Processing /home/airflow/.local/lib/python3.12/site-packages/airflow/example_dags/example_branch_operator_decorator.py took 0.101 seconds
[2025-07-01T02:38:26.498+0000] {processor.py:186} INFO - Started process (PID=10337) to work on /home/airflow/.local/lib/python3.12/site-packages/airflow/example_dags/example_branch_operator_decorator.py
[2025-07-01T02:38:26.499+0000] {processor.py:914} INFO - Processing file /home/airflow/.local/lib/python3.12/site-packages/airflow/example_dags/example_branch_operator_decorator.py for tasks to queue
[2025-07-01T02:38:26.502+0000] {logging_mixin.py:190} INFO - [2025-07-01T02:38:26.501+0000] {dagbag.py:588} INFO - Filling up the DagBag from /home/airflow/.local/lib/python3.12/site-packages/airflow/example_dags/example_branch_operator_decorator.py
[2025-07-01T02:38:26.523+0000] {processor.py:925} INFO - DAG(s) 'example_branch_python_operator_decorator' retrieved from /home/airflow/.local/lib/python3.12/site-packages/airflow/example_dags/example_branch_operator_decorator.py
[2025-07-01T02:38:26.552+0000] {logging_mixin.py:190} INFO - [2025-07-01T02:38:26.552+0000] {dag.py:3239} INFO - Sync 1 DAGs
[2025-07-01T02:38:26.575+0000] {logging_mixin.py:190} INFO - [2025-07-01T02:38:26.575+0000] {dag.py:4180} INFO - Setting next_dagrun for example_branch_python_operator_decorator to 2025-06-30 00:00:00+00:00, run_after=2025-07-01 00:00:00+00:00
[2025-07-01T02:38:26.592+0000] {processor.py:208} INFO - Processing /home/airflow/.local/lib/python3.12/site-packages/airflow/example_dags/example_branch_operator_decorator.py took 0.100 seconds
[2025-07-01T02:38:57.321+0000] {processor.py:186} INFO - Started process (PID=10399) to work on /home/airflow/.local/lib/python3.12/site-packages/airflow/example_dags/example_branch_operator_decorator.py
[2025-07-01T02:38:57.322+0000] {processor.py:914} INFO - Processing file /home/airflow/.local/lib/python3.12/site-packages/airflow/example_dags/example_branch_operator_decorator.py for tasks to queue
[2025-07-01T02:38:57.326+0000] {logging_mixin.py:190} INFO - [2025-07-01T02:38:57.325+0000] {dagbag.py:588} INFO - Filling up the DagBag from /home/airflow/.local/lib/python3.12/site-packages/airflow/example_dags/example_branch_operator_decorator.py
[2025-07-01T02:38:57.350+0000] {processor.py:925} INFO - DAG(s) 'example_branch_python_operator_decorator' retrieved from /home/airflow/.local/lib/python3.12/site-packages/airflow/example_dags/example_branch_operator_decorator.py
[2025-07-01T02:38:57.378+0000] {logging_mixin.py:190} INFO - [2025-07-01T02:38:57.377+0000] {dag.py:3239} INFO - Sync 1 DAGs
[2025-07-01T02:38:57.401+0000] {logging_mixin.py:190} INFO - [2025-07-01T02:38:57.401+0000] {dag.py:4180} INFO - Setting next_dagrun for example_branch_python_operator_decorator to 2025-06-30 00:00:00+00:00, run_after=2025-07-01 00:00:00+00:00
[2025-07-01T02:38:57.419+0000] {processor.py:208} INFO - Processing /home/airflow/.local/lib/python3.12/site-packages/airflow/example_dags/example_branch_operator_decorator.py took 0.104 seconds
[2025-07-01T02:39:28.188+0000] {processor.py:186} INFO - Started process (PID=10461) to work on /home/airflow/.local/lib/python3.12/site-packages/airflow/example_dags/example_branch_operator_decorator.py
[2025-07-01T02:39:28.189+0000] {processor.py:914} INFO - Processing file /home/airflow/.local/lib/python3.12/site-packages/airflow/example_dags/example_branch_operator_decorator.py for tasks to queue
[2025-07-01T02:39:28.193+0000] {logging_mixin.py:190} INFO - [2025-07-01T02:39:28.192+0000] {dagbag.py:588} INFO - Filling up the DagBag from /home/airflow/.local/lib/python3.12/site-packages/airflow/example_dags/example_branch_operator_decorator.py
[2025-07-01T02:39:28.216+0000] {processor.py:925} INFO - DAG(s) 'example_branch_python_operator_decorator' retrieved from /home/airflow/.local/lib/python3.12/site-packages/airflow/example_dags/example_branch_operator_decorator.py
[2025-07-01T02:39:28.242+0000] {logging_mixin.py:190} INFO - [2025-07-01T02:39:28.242+0000] {dag.py:3239} INFO - Sync 1 DAGs
[2025-07-01T02:39:28.265+0000] {logging_mixin.py:190} INFO - [2025-07-01T02:39:28.264+0000] {dag.py:4180} INFO - Setting next_dagrun for example_branch_python_operator_decorator to 2025-06-30 00:00:00+00:00, run_after=2025-07-01 00:00:00+00:00
[2025-07-01T02:39:28.284+0000] {processor.py:208} INFO - Processing /home/airflow/.local/lib/python3.12/site-packages/airflow/example_dags/example_branch_operator_decorator.py took 0.104 seconds
[2025-07-01T02:39:59.187+0000] {processor.py:186} INFO - Started process (PID=10523) to work on /home/airflow/.local/lib/python3.12/site-packages/airflow/example_dags/example_branch_operator_decorator.py
[2025-07-01T02:39:59.189+0000] {processor.py:914} INFO - Processing file /home/airflow/.local/lib/python3.12/site-packages/airflow/example_dags/example_branch_operator_decorator.py for tasks to queue
[2025-07-01T02:39:59.191+0000] {logging_mixin.py:190} INFO - [2025-07-01T02:39:59.191+0000] {dagbag.py:588} INFO - Filling up the DagBag from /home/airflow/.local/lib/python3.12/site-packages/airflow/example_dags/example_branch_operator_decorator.py
[2025-07-01T02:39:59.212+0000] {processor.py:925} INFO - DAG(s) 'example_branch_python_operator_decorator' retrieved from /home/airflow/.local/lib/python3.12/site-packages/airflow/example_dags/example_branch_operator_decorator.py
[2025-07-01T02:39:59.238+0000] {logging_mixin.py:190} INFO - [2025-07-01T02:39:59.238+0000] {dag.py:3239} INFO - Sync 1 DAGs
[2025-07-01T02:39:59.260+0000] {logging_mixin.py:190} INFO - [2025-07-01T02:39:59.259+0000] {dag.py:4180} INFO - Setting next_dagrun for example_branch_python_operator_decorator to 2025-06-30 00:00:00+00:00, run_after=2025-07-01 00:00:00+00:00
[2025-07-01T02:39:59.279+0000] {processor.py:208} INFO - Processing /home/airflow/.local/lib/python3.12/site-packages/airflow/example_dags/example_branch_operator_decorator.py took 0.098 seconds
[2025-07-01T02:40:29.967+0000] {processor.py:186} INFO - Started process (PID=10585) to work on /home/airflow/.local/lib/python3.12/site-packages/airflow/example_dags/example_branch_operator_decorator.py
[2025-07-01T02:40:29.968+0000] {processor.py:914} INFO - Processing file /home/airflow/.local/lib/python3.12/site-packages/airflow/example_dags/example_branch_operator_decorator.py for tasks to queue
[2025-07-01T02:40:29.970+0000] {logging_mixin.py:190} INFO - [2025-07-01T02:40:29.970+0000] {dagbag.py:588} INFO - Filling up the DagBag from /home/airflow/.local/lib/python3.12/site-packages/airflow/example_dags/example_branch_operator_decorator.py
[2025-07-01T02:40:29.992+0000] {processor.py:925} INFO - DAG(s) 'example_branch_python_operator_decorator' retrieved from /home/airflow/.local/lib/python3.12/site-packages/airflow/example_dags/example_branch_operator_decorator.py
[2025-07-01T02:40:30.022+0000] {logging_mixin.py:190} INFO - [2025-07-01T02:40:30.022+0000] {dag.py:3239} INFO - Sync 1 DAGs
[2025-07-01T02:40:30.047+0000] {logging_mixin.py:190} INFO - [2025-07-01T02:40:30.047+0000] {dag.py:4180} INFO - Setting next_dagrun for example_branch_python_operator_decorator to 2025-06-30 00:00:00+00:00, run_after=2025-07-01 00:00:00+00:00
[2025-07-01T02:40:30.067+0000] {processor.py:208} INFO - Processing /home/airflow/.local/lib/python3.12/site-packages/airflow/example_dags/example_branch_operator_decorator.py took 0.105 seconds
[2025-07-01T02:41:00.745+0000] {processor.py:186} INFO - Started process (PID=10647) to work on /home/airflow/.local/lib/python3.12/site-packages/airflow/example_dags/example_branch_operator_decorator.py
[2025-07-01T02:41:00.746+0000] {processor.py:914} INFO - Processing file /home/airflow/.local/lib/python3.12/site-packages/airflow/example_dags/example_branch_operator_decorator.py for tasks to queue
[2025-07-01T02:41:00.748+0000] {logging_mixin.py:190} INFO - [2025-07-01T02:41:00.748+0000] {dagbag.py:588} INFO - Filling up the DagBag from /home/airflow/.local/lib/python3.12/site-packages/airflow/example_dags/example_branch_operator_decorator.py
[2025-07-01T02:41:00.770+0000] {processor.py:925} INFO - DAG(s) 'example_branch_python_operator_decorator' retrieved from /home/airflow/.local/lib/python3.12/site-packages/airflow/example_dags/example_branch_operator_decorator.py
[2025-07-01T02:41:00.797+0000] {logging_mixin.py:190} INFO - [2025-07-01T02:41:00.797+0000] {dag.py:3239} INFO - Sync 1 DAGs
[2025-07-01T02:41:00.820+0000] {logging_mixin.py:190} INFO - [2025-07-01T02:41:00.820+0000] {dag.py:4180} INFO - Setting next_dagrun for example_branch_python_operator_decorator to 2025-06-30 00:00:00+00:00, run_after=2025-07-01 00:00:00+00:00
[2025-07-01T02:41:00.839+0000] {processor.py:208} INFO - Processing /home/airflow/.local/lib/python3.12/site-packages/airflow/example_dags/example_branch_operator_decorator.py took 0.100 seconds
[2025-07-01T02:48:47.492+0000] {processor.py:186} INFO - Started process (PID=10732) to work on /home/airflow/.local/lib/python3.12/site-packages/airflow/example_dags/example_branch_operator_decorator.py
[2025-07-01T02:48:47.494+0000] {processor.py:914} INFO - Processing file /home/airflow/.local/lib/python3.12/site-packages/airflow/example_dags/example_branch_operator_decorator.py for tasks to queue
[2025-07-01T02:48:47.498+0000] {logging_mixin.py:190} INFO - [2025-07-01T02:48:47.497+0000] {dagbag.py:588} INFO - Filling up the DagBag from /home/airflow/.local/lib/python3.12/site-packages/airflow/example_dags/example_branch_operator_decorator.py
[2025-07-01T02:48:47.543+0000] {processor.py:925} INFO - DAG(s) 'example_branch_python_operator_decorator' retrieved from /home/airflow/.local/lib/python3.12/site-packages/airflow/example_dags/example_branch_operator_decorator.py
[2025-07-01T02:48:47.615+0000] {logging_mixin.py:190} INFO - [2025-07-01T02:48:47.615+0000] {dag.py:3239} INFO - Sync 1 DAGs
[2025-07-01T02:48:47.661+0000] {logging_mixin.py:190} INFO - [2025-07-01T02:48:47.660+0000] {dag.py:4180} INFO - Setting next_dagrun for example_branch_python_operator_decorator to 2025-06-30 00:00:00+00:00, run_after=2025-07-01 00:00:00+00:00
[2025-07-01T02:48:47.688+0000] {processor.py:208} INFO - Processing /home/airflow/.local/lib/python3.12/site-packages/airflow/example_dags/example_branch_operator_decorator.py took 0.208 seconds
[2025-07-01T02:49:18.216+0000] {processor.py:186} INFO - Started process (PID=10794) to work on /home/airflow/.local/lib/python3.12/site-packages/airflow/example_dags/example_branch_operator_decorator.py
[2025-07-01T02:49:18.217+0000] {processor.py:914} INFO - Processing file /home/airflow/.local/lib/python3.12/site-packages/airflow/example_dags/example_branch_operator_decorator.py for tasks to queue
[2025-07-01T02:49:18.221+0000] {logging_mixin.py:190} INFO - [2025-07-01T02:49:18.220+0000] {dagbag.py:588} INFO - Filling up the DagBag from /home/airflow/.local/lib/python3.12/site-packages/airflow/example_dags/example_branch_operator_decorator.py
[2025-07-01T02:49:18.251+0000] {processor.py:925} INFO - DAG(s) 'example_branch_python_operator_decorator' retrieved from /home/airflow/.local/lib/python3.12/site-packages/airflow/example_dags/example_branch_operator_decorator.py
[2025-07-01T02:49:18.291+0000] {logging_mixin.py:190} INFO - [2025-07-01T02:49:18.291+0000] {dag.py:3239} INFO - Sync 1 DAGs
[2025-07-01T02:49:18.320+0000] {logging_mixin.py:190} INFO - [2025-07-01T02:49:18.320+0000] {dag.py:4180} INFO - Setting next_dagrun for example_branch_python_operator_decorator to 2025-06-30 00:00:00+00:00, run_after=2025-07-01 00:00:00+00:00
[2025-07-01T02:49:18.340+0000] {processor.py:208} INFO - Processing /home/airflow/.local/lib/python3.12/site-packages/airflow/example_dags/example_branch_operator_decorator.py took 0.133 seconds
[2025-07-01T02:49:48.409+0000] {processor.py:186} INFO - Started process (PID=10856) to work on /home/airflow/.local/lib/python3.12/site-packages/airflow/example_dags/example_branch_operator_decorator.py
[2025-07-01T02:49:48.411+0000] {processor.py:914} INFO - Processing file /home/airflow/.local/lib/python3.12/site-packages/airflow/example_dags/example_branch_operator_decorator.py for tasks to queue
[2025-07-01T02:49:48.414+0000] {logging_mixin.py:190} INFO - [2025-07-01T02:49:48.413+0000] {dagbag.py:588} INFO - Filling up the DagBag from /home/airflow/.local/lib/python3.12/site-packages/airflow/example_dags/example_branch_operator_decorator.py
[2025-07-01T02:49:48.438+0000] {processor.py:925} INFO - DAG(s) 'example_branch_python_operator_decorator' retrieved from /home/airflow/.local/lib/python3.12/site-packages/airflow/example_dags/example_branch_operator_decorator.py
[2025-07-01T02:49:48.469+0000] {logging_mixin.py:190} INFO - [2025-07-01T02:49:48.469+0000] {dag.py:3239} INFO - Sync 1 DAGs
[2025-07-01T02:49:48.496+0000] {logging_mixin.py:190} INFO - [2025-07-01T02:49:48.495+0000] {dag.py:4180} INFO - Setting next_dagrun for example_branch_python_operator_decorator to 2025-06-30 00:00:00+00:00, run_after=2025-07-01 00:00:00+00:00
[2025-07-01T02:49:48.528+0000] {processor.py:208} INFO - Processing /home/airflow/.local/lib/python3.12/site-packages/airflow/example_dags/example_branch_operator_decorator.py took 0.126 seconds
[2025-07-01T02:50:19.169+0000] {processor.py:186} INFO - Started process (PID=10917) to work on /home/airflow/.local/lib/python3.12/site-packages/airflow/example_dags/example_branch_operator_decorator.py
[2025-07-01T02:50:19.171+0000] {processor.py:914} INFO - Processing file /home/airflow/.local/lib/python3.12/site-packages/airflow/example_dags/example_branch_operator_decorator.py for tasks to queue
[2025-07-01T02:50:19.173+0000] {logging_mixin.py:190} INFO - [2025-07-01T02:50:19.173+0000] {dagbag.py:588} INFO - Filling up the DagBag from /home/airflow/.local/lib/python3.12/site-packages/airflow/example_dags/example_branch_operator_decorator.py
[2025-07-01T02:50:19.194+0000] {processor.py:925} INFO - DAG(s) 'example_branch_python_operator_decorator' retrieved from /home/airflow/.local/lib/python3.12/site-packages/airflow/example_dags/example_branch_operator_decorator.py
[2025-07-01T02:50:19.220+0000] {logging_mixin.py:190} INFO - [2025-07-01T02:50:19.220+0000] {dag.py:3239} INFO - Sync 1 DAGs
[2025-07-01T02:50:19.242+0000] {logging_mixin.py:190} INFO - [2025-07-01T02:50:19.242+0000] {dag.py:4180} INFO - Setting next_dagrun for example_branch_python_operator_decorator to 2025-06-30 00:00:00+00:00, run_after=2025-07-01 00:00:00+00:00
[2025-07-01T02:50:19.269+0000] {processor.py:208} INFO - Processing /home/airflow/.local/lib/python3.12/site-packages/airflow/example_dags/example_branch_operator_decorator.py took 0.106 seconds
[2025-07-01T02:50:49.329+0000] {processor.py:186} INFO - Started process (PID=10979) to work on /home/airflow/.local/lib/python3.12/site-packages/airflow/example_dags/example_branch_operator_decorator.py
[2025-07-01T02:50:49.330+0000] {processor.py:914} INFO - Processing file /home/airflow/.local/lib/python3.12/site-packages/airflow/example_dags/example_branch_operator_decorator.py for tasks to queue
[2025-07-01T02:50:49.333+0000] {logging_mixin.py:190} INFO - [2025-07-01T02:50:49.333+0000] {dagbag.py:588} INFO - Filling up the DagBag from /home/airflow/.local/lib/python3.12/site-packages/airflow/example_dags/example_branch_operator_decorator.py
[2025-07-01T02:50:49.355+0000] {processor.py:925} INFO - DAG(s) 'example_branch_python_operator_decorator' retrieved from /home/airflow/.local/lib/python3.12/site-packages/airflow/example_dags/example_branch_operator_decorator.py
[2025-07-01T02:50:49.381+0000] {logging_mixin.py:190} INFO - [2025-07-01T02:50:49.381+0000] {dag.py:3239} INFO - Sync 1 DAGs
[2025-07-01T02:50:49.403+0000] {logging_mixin.py:190} INFO - [2025-07-01T02:50:49.403+0000] {dag.py:4180} INFO - Setting next_dagrun for example_branch_python_operator_decorator to 2025-06-30 00:00:00+00:00, run_after=2025-07-01 00:00:00+00:00
[2025-07-01T02:50:49.421+0000] {processor.py:208} INFO - Processing /home/airflow/.local/lib/python3.12/site-packages/airflow/example_dags/example_branch_operator_decorator.py took 0.102 seconds
[2025-07-01T02:51:19.565+0000] {processor.py:186} INFO - Started process (PID=11042) to work on /home/airflow/.local/lib/python3.12/site-packages/airflow/example_dags/example_branch_operator_decorator.py
[2025-07-01T02:51:19.566+0000] {processor.py:914} INFO - Processing file /home/airflow/.local/lib/python3.12/site-packages/airflow/example_dags/example_branch_operator_decorator.py for tasks to queue
[2025-07-01T02:51:19.568+0000] {logging_mixin.py:190} INFO - [2025-07-01T02:51:19.568+0000] {dagbag.py:588} INFO - Filling up the DagBag from /home/airflow/.local/lib/python3.12/site-packages/airflow/example_dags/example_branch_operator_decorator.py
[2025-07-01T02:51:19.590+0000] {processor.py:925} INFO - DAG(s) 'example_branch_python_operator_decorator' retrieved from /home/airflow/.local/lib/python3.12/site-packages/airflow/example_dags/example_branch_operator_decorator.py
[2025-07-01T02:51:19.617+0000] {logging_mixin.py:190} INFO - [2025-07-01T02:51:19.617+0000] {dag.py:3239} INFO - Sync 1 DAGs
[2025-07-01T02:51:19.639+0000] {logging_mixin.py:190} INFO - [2025-07-01T02:51:19.639+0000] {dag.py:4180} INFO - Setting next_dagrun for example_branch_python_operator_decorator to 2025-06-30 00:00:00+00:00, run_after=2025-07-01 00:00:00+00:00
[2025-07-01T02:51:19.657+0000] {processor.py:208} INFO - Processing /home/airflow/.local/lib/python3.12/site-packages/airflow/example_dags/example_branch_operator_decorator.py took 0.098 seconds
[2025-07-01T02:51:49.964+0000] {processor.py:186} INFO - Started process (PID=11104) to work on /home/airflow/.local/lib/python3.12/site-packages/airflow/example_dags/example_branch_operator_decorator.py
[2025-07-01T02:51:49.965+0000] {processor.py:914} INFO - Processing file /home/airflow/.local/lib/python3.12/site-packages/airflow/example_dags/example_branch_operator_decorator.py for tasks to queue
[2025-07-01T02:51:49.968+0000] {logging_mixin.py:190} INFO - [2025-07-01T02:51:49.967+0000] {dagbag.py:588} INFO - Filling up the DagBag from /home/airflow/.local/lib/python3.12/site-packages/airflow/example_dags/example_branch_operator_decorator.py
[2025-07-01T02:51:49.988+0000] {processor.py:925} INFO - DAG(s) 'example_branch_python_operator_decorator' retrieved from /home/airflow/.local/lib/python3.12/site-packages/airflow/example_dags/example_branch_operator_decorator.py
[2025-07-01T02:51:50.014+0000] {logging_mixin.py:190} INFO - [2025-07-01T02:51:50.013+0000] {dag.py:3239} INFO - Sync 1 DAGs
[2025-07-01T02:51:50.035+0000] {logging_mixin.py:190} INFO - [2025-07-01T02:51:50.035+0000] {dag.py:4180} INFO - Setting next_dagrun for example_branch_python_operator_decorator to 2025-06-30 00:00:00+00:00, run_after=2025-07-01 00:00:00+00:00
[2025-07-01T02:51:50.062+0000] {processor.py:208} INFO - Processing /home/airflow/.local/lib/python3.12/site-packages/airflow/example_dags/example_branch_operator_decorator.py took 0.103 seconds
[2025-07-01T02:52:20.368+0000] {processor.py:186} INFO - Started process (PID=11166) to work on /home/airflow/.local/lib/python3.12/site-packages/airflow/example_dags/example_branch_operator_decorator.py
[2025-07-01T02:52:20.370+0000] {processor.py:914} INFO - Processing file /home/airflow/.local/lib/python3.12/site-packages/airflow/example_dags/example_branch_operator_decorator.py for tasks to queue
[2025-07-01T02:52:20.373+0000] {logging_mixin.py:190} INFO - [2025-07-01T02:52:20.373+0000] {dagbag.py:588} INFO - Filling up the DagBag from /home/airflow/.local/lib/python3.12/site-packages/airflow/example_dags/example_branch_operator_decorator.py
[2025-07-01T02:52:20.396+0000] {processor.py:925} INFO - DAG(s) 'example_branch_python_operator_decorator' retrieved from /home/airflow/.local/lib/python3.12/site-packages/airflow/example_dags/example_branch_operator_decorator.py
[2025-07-01T02:52:20.425+0000] {logging_mixin.py:190} INFO - [2025-07-01T02:52:20.424+0000] {dag.py:3239} INFO - Sync 1 DAGs
[2025-07-01T02:52:20.447+0000] {logging_mixin.py:190} INFO - [2025-07-01T02:52:20.447+0000] {dag.py:4180} INFO - Setting next_dagrun for example_branch_python_operator_decorator to 2025-06-30 00:00:00+00:00, run_after=2025-07-01 00:00:00+00:00
[2025-07-01T02:52:20.465+0000] {processor.py:208} INFO - Processing /home/airflow/.local/lib/python3.12/site-packages/airflow/example_dags/example_branch_operator_decorator.py took 0.105 seconds
[2025-07-01T02:52:50.591+0000] {processor.py:186} INFO - Started process (PID=11228) to work on /home/airflow/.local/lib/python3.12/site-packages/airflow/example_dags/example_branch_operator_decorator.py
[2025-07-01T02:52:50.592+0000] {processor.py:914} INFO - Processing file /home/airflow/.local/lib/python3.12/site-packages/airflow/example_dags/example_branch_operator_decorator.py for tasks to queue
[2025-07-01T02:52:50.594+0000] {logging_mixin.py:190} INFO - [2025-07-01T02:52:50.594+0000] {dagbag.py:588} INFO - Filling up the DagBag from /home/airflow/.local/lib/python3.12/site-packages/airflow/example_dags/example_branch_operator_decorator.py
[2025-07-01T02:52:50.616+0000] {processor.py:925} INFO - DAG(s) 'example_branch_python_operator_decorator' retrieved from /home/airflow/.local/lib/python3.12/site-packages/airflow/example_dags/example_branch_operator_decorator.py
[2025-07-01T02:52:50.643+0000] {logging_mixin.py:190} INFO - [2025-07-01T02:52:50.643+0000] {dag.py:3239} INFO - Sync 1 DAGs
[2025-07-01T02:52:50.665+0000] {logging_mixin.py:190} INFO - [2025-07-01T02:52:50.665+0000] {dag.py:4180} INFO - Setting next_dagrun for example_branch_python_operator_decorator to 2025-06-30 00:00:00+00:00, run_after=2025-07-01 00:00:00+00:00
[2025-07-01T02:52:50.684+0000] {processor.py:208} INFO - Processing /home/airflow/.local/lib/python3.12/site-packages/airflow/example_dags/example_branch_operator_decorator.py took 0.100 seconds
[2025-07-01T02:53:20.803+0000] {processor.py:186} INFO - Started process (PID=11290) to work on /home/airflow/.local/lib/python3.12/site-packages/airflow/example_dags/example_branch_operator_decorator.py
[2025-07-01T02:53:20.804+0000] {processor.py:914} INFO - Processing file /home/airflow/.local/lib/python3.12/site-packages/airflow/example_dags/example_branch_operator_decorator.py for tasks to queue
[2025-07-01T02:53:20.806+0000] {logging_mixin.py:190} INFO - [2025-07-01T02:53:20.806+0000] {dagbag.py:588} INFO - Filling up the DagBag from /home/airflow/.local/lib/python3.12/site-packages/airflow/example_dags/example_branch_operator_decorator.py
[2025-07-01T02:53:20.826+0000] {processor.py:925} INFO - DAG(s) 'example_branch_python_operator_decorator' retrieved from /home/airflow/.local/lib/python3.12/site-packages/airflow/example_dags/example_branch_operator_decorator.py
[2025-07-01T02:53:20.853+0000] {logging_mixin.py:190} INFO - [2025-07-01T02:53:20.853+0000] {dag.py:3239} INFO - Sync 1 DAGs
[2025-07-01T02:53:20.875+0000] {logging_mixin.py:190} INFO - [2025-07-01T02:53:20.875+0000] {dag.py:4180} INFO - Setting next_dagrun for example_branch_python_operator_decorator to 2025-06-30 00:00:00+00:00, run_after=2025-07-01 00:00:00+00:00
[2025-07-01T02:53:20.893+0000] {processor.py:208} INFO - Processing /home/airflow/.local/lib/python3.12/site-packages/airflow/example_dags/example_branch_operator_decorator.py took 0.096 seconds
[2025-07-01T02:53:50.988+0000] {processor.py:186} INFO - Started process (PID=11352) to work on /home/airflow/.local/lib/python3.12/site-packages/airflow/example_dags/example_branch_operator_decorator.py
[2025-07-01T02:53:50.989+0000] {processor.py:914} INFO - Processing file /home/airflow/.local/lib/python3.12/site-packages/airflow/example_dags/example_branch_operator_decorator.py for tasks to queue
[2025-07-01T02:53:50.991+0000] {logging_mixin.py:190} INFO - [2025-07-01T02:53:50.991+0000] {dagbag.py:588} INFO - Filling up the DagBag from /home/airflow/.local/lib/python3.12/site-packages/airflow/example_dags/example_branch_operator_decorator.py
[2025-07-01T02:53:51.011+0000] {processor.py:925} INFO - DAG(s) 'example_branch_python_operator_decorator' retrieved from /home/airflow/.local/lib/python3.12/site-packages/airflow/example_dags/example_branch_operator_decorator.py
[2025-07-01T02:53:51.039+0000] {logging_mixin.py:190} INFO - [2025-07-01T02:53:51.039+0000] {dag.py:3239} INFO - Sync 1 DAGs
[2025-07-01T02:53:51.062+0000] {logging_mixin.py:190} INFO - [2025-07-01T02:53:51.062+0000] {dag.py:4180} INFO - Setting next_dagrun for example_branch_python_operator_decorator to 2025-06-30 00:00:00+00:00, run_after=2025-07-01 00:00:00+00:00
[2025-07-01T02:53:51.079+0000] {processor.py:208} INFO - Processing /home/airflow/.local/lib/python3.12/site-packages/airflow/example_dags/example_branch_operator_decorator.py took 0.097 seconds
[2025-07-01T02:54:21.877+0000] {processor.py:186} INFO - Started process (PID=11414) to work on /home/airflow/.local/lib/python3.12/site-packages/airflow/example_dags/example_branch_operator_decorator.py
[2025-07-01T02:54:21.878+0000] {processor.py:914} INFO - Processing file /home/airflow/.local/lib/python3.12/site-packages/airflow/example_dags/example_branch_operator_decorator.py for tasks to queue
[2025-07-01T02:54:21.881+0000] {logging_mixin.py:190} INFO - [2025-07-01T02:54:21.880+0000] {dagbag.py:588} INFO - Filling up the DagBag from /home/airflow/.local/lib/python3.12/site-packages/airflow/example_dags/example_branch_operator_decorator.py
[2025-07-01T02:54:21.901+0000] {processor.py:925} INFO - DAG(s) 'example_branch_python_operator_decorator' retrieved from /home/airflow/.local/lib/python3.12/site-packages/airflow/example_dags/example_branch_operator_decorator.py
[2025-07-01T02:54:21.926+0000] {logging_mixin.py:190} INFO - [2025-07-01T02:54:21.925+0000] {dag.py:3239} INFO - Sync 1 DAGs
[2025-07-01T02:54:21.948+0000] {logging_mixin.py:190} INFO - [2025-07-01T02:54:21.948+0000] {dag.py:4180} INFO - Setting next_dagrun for example_branch_python_operator_decorator to 2025-06-30 00:00:00+00:00, run_after=2025-07-01 00:00:00+00:00
[2025-07-01T02:54:21.965+0000] {processor.py:208} INFO - Processing /home/airflow/.local/lib/python3.12/site-packages/airflow/example_dags/example_branch_operator_decorator.py took 0.094 seconds
[2025-07-01T02:54:52.724+0000] {processor.py:186} INFO - Started process (PID=11476) to work on /home/airflow/.local/lib/python3.12/site-packages/airflow/example_dags/example_branch_operator_decorator.py
[2025-07-01T02:54:52.725+0000] {processor.py:914} INFO - Processing file /home/airflow/.local/lib/python3.12/site-packages/airflow/example_dags/example_branch_operator_decorator.py for tasks to queue
[2025-07-01T02:54:52.727+0000] {logging_mixin.py:190} INFO - [2025-07-01T02:54:52.727+0000] {dagbag.py:588} INFO - Filling up the DagBag from /home/airflow/.local/lib/python3.12/site-packages/airflow/example_dags/example_branch_operator_decorator.py
[2025-07-01T02:54:52.748+0000] {processor.py:925} INFO - DAG(s) 'example_branch_python_operator_decorator' retrieved from /home/airflow/.local/lib/python3.12/site-packages/airflow/example_dags/example_branch_operator_decorator.py
[2025-07-01T02:54:52.774+0000] {logging_mixin.py:190} INFO - [2025-07-01T02:54:52.774+0000] {dag.py:3239} INFO - Sync 1 DAGs
[2025-07-01T02:54:52.798+0000] {logging_mixin.py:190} INFO - [2025-07-01T02:54:52.798+0000] {dag.py:4180} INFO - Setting next_dagrun for example_branch_python_operator_decorator to 2025-06-30 00:00:00+00:00, run_after=2025-07-01 00:00:00+00:00
[2025-07-01T02:54:52.815+0000] {processor.py:208} INFO - Processing /home/airflow/.local/lib/python3.12/site-packages/airflow/example_dags/example_branch_operator_decorator.py took 0.098 seconds
[2025-07-01T02:55:23.166+0000] {processor.py:186} INFO - Started process (PID=11538) to work on /home/airflow/.local/lib/python3.12/site-packages/airflow/example_dags/example_branch_operator_decorator.py
[2025-07-01T02:55:23.167+0000] {processor.py:914} INFO - Processing file /home/airflow/.local/lib/python3.12/site-packages/airflow/example_dags/example_branch_operator_decorator.py for tasks to queue
[2025-07-01T02:55:23.170+0000] {logging_mixin.py:190} INFO - [2025-07-01T02:55:23.170+0000] {dagbag.py:588} INFO - Filling up the DagBag from /home/airflow/.local/lib/python3.12/site-packages/airflow/example_dags/example_branch_operator_decorator.py
[2025-07-01T02:55:23.191+0000] {processor.py:925} INFO - DAG(s) 'example_branch_python_operator_decorator' retrieved from /home/airflow/.local/lib/python3.12/site-packages/airflow/example_dags/example_branch_operator_decorator.py
[2025-07-01T02:55:23.218+0000] {logging_mixin.py:190} INFO - [2025-07-01T02:55:23.217+0000] {dag.py:3239} INFO - Sync 1 DAGs
[2025-07-01T02:55:23.242+0000] {logging_mixin.py:190} INFO - [2025-07-01T02:55:23.242+0000] {dag.py:4180} INFO - Setting next_dagrun for example_branch_python_operator_decorator to 2025-06-30 00:00:00+00:00, run_after=2025-07-01 00:00:00+00:00
[2025-07-01T02:55:23.261+0000] {processor.py:208} INFO - Processing /home/airflow/.local/lib/python3.12/site-packages/airflow/example_dags/example_branch_operator_decorator.py took 0.101 seconds
[2025-07-01T02:55:53.729+0000] {processor.py:186} INFO - Started process (PID=11600) to work on /home/airflow/.local/lib/python3.12/site-packages/airflow/example_dags/example_branch_operator_decorator.py
[2025-07-01T02:55:53.731+0000] {processor.py:914} INFO - Processing file /home/airflow/.local/lib/python3.12/site-packages/airflow/example_dags/example_branch_operator_decorator.py for tasks to queue
[2025-07-01T02:55:53.733+0000] {logging_mixin.py:190} INFO - [2025-07-01T02:55:53.733+0000] {dagbag.py:588} INFO - Filling up the DagBag from /home/airflow/.local/lib/python3.12/site-packages/airflow/example_dags/example_branch_operator_decorator.py
[2025-07-01T02:55:53.755+0000] {processor.py:925} INFO - DAG(s) 'example_branch_python_operator_decorator' retrieved from /home/airflow/.local/lib/python3.12/site-packages/airflow/example_dags/example_branch_operator_decorator.py
[2025-07-01T02:55:53.780+0000] {logging_mixin.py:190} INFO - [2025-07-01T02:55:53.780+0000] {dag.py:3239} INFO - Sync 1 DAGs
[2025-07-01T02:55:53.803+0000] {logging_mixin.py:190} INFO - [2025-07-01T02:55:53.802+0000] {dag.py:4180} INFO - Setting next_dagrun for example_branch_python_operator_decorator to 2025-06-30 00:00:00+00:00, run_after=2025-07-01 00:00:00+00:00
[2025-07-01T02:55:53.819+0000] {processor.py:208} INFO - Processing /home/airflow/.local/lib/python3.12/site-packages/airflow/example_dags/example_branch_operator_decorator.py took 0.096 seconds
[2025-07-01T02:56:24.086+0000] {processor.py:186} INFO - Started process (PID=11662) to work on /home/airflow/.local/lib/python3.12/site-packages/airflow/example_dags/example_branch_operator_decorator.py
[2025-07-01T02:56:24.087+0000] {processor.py:914} INFO - Processing file /home/airflow/.local/lib/python3.12/site-packages/airflow/example_dags/example_branch_operator_decorator.py for tasks to queue
[2025-07-01T02:56:24.090+0000] {logging_mixin.py:190} INFO - [2025-07-01T02:56:24.089+0000] {dagbag.py:588} INFO - Filling up the DagBag from /home/airflow/.local/lib/python3.12/site-packages/airflow/example_dags/example_branch_operator_decorator.py
[2025-07-01T02:56:24.111+0000] {processor.py:925} INFO - DAG(s) 'example_branch_python_operator_decorator' retrieved from /home/airflow/.local/lib/python3.12/site-packages/airflow/example_dags/example_branch_operator_decorator.py
[2025-07-01T02:56:24.144+0000] {logging_mixin.py:190} INFO - [2025-07-01T02:56:24.143+0000] {dag.py:3239} INFO - Sync 1 DAGs
[2025-07-01T02:56:24.170+0000] {logging_mixin.py:190} INFO - [2025-07-01T02:56:24.170+0000] {dag.py:4180} INFO - Setting next_dagrun for example_branch_python_operator_decorator to 2025-06-30 00:00:00+00:00, run_after=2025-07-01 00:00:00+00:00
[2025-07-01T02:56:24.189+0000] {processor.py:208} INFO - Processing /home/airflow/.local/lib/python3.12/site-packages/airflow/example_dags/example_branch_operator_decorator.py took 0.109 seconds
[2025-07-01T02:56:54.494+0000] {processor.py:186} INFO - Started process (PID=11724) to work on /home/airflow/.local/lib/python3.12/site-packages/airflow/example_dags/example_branch_operator_decorator.py
[2025-07-01T02:56:54.495+0000] {processor.py:914} INFO - Processing file /home/airflow/.local/lib/python3.12/site-packages/airflow/example_dags/example_branch_operator_decorator.py for tasks to queue
[2025-07-01T02:56:54.498+0000] {logging_mixin.py:190} INFO - [2025-07-01T02:56:54.498+0000] {dagbag.py:588} INFO - Filling up the DagBag from /home/airflow/.local/lib/python3.12/site-packages/airflow/example_dags/example_branch_operator_decorator.py
[2025-07-01T02:56:54.520+0000] {processor.py:925} INFO - DAG(s) 'example_branch_python_operator_decorator' retrieved from /home/airflow/.local/lib/python3.12/site-packages/airflow/example_dags/example_branch_operator_decorator.py
[2025-07-01T02:56:54.551+0000] {logging_mixin.py:190} INFO - [2025-07-01T02:56:54.551+0000] {dag.py:3239} INFO - Sync 1 DAGs
[2025-07-01T02:56:54.578+0000] {logging_mixin.py:190} INFO - [2025-07-01T02:56:54.577+0000] {dag.py:4180} INFO - Setting next_dagrun for example_branch_python_operator_decorator to 2025-06-30 00:00:00+00:00, run_after=2025-07-01 00:00:00+00:00
[2025-07-01T02:56:54.600+0000] {processor.py:208} INFO - Processing /home/airflow/.local/lib/python3.12/site-packages/airflow/example_dags/example_branch_operator_decorator.py took 0.113 seconds
[2025-07-01T02:57:24.682+0000] {processor.py:186} INFO - Started process (PID=11786) to work on /home/airflow/.local/lib/python3.12/site-packages/airflow/example_dags/example_branch_operator_decorator.py
[2025-07-01T02:57:24.683+0000] {processor.py:914} INFO - Processing file /home/airflow/.local/lib/python3.12/site-packages/airflow/example_dags/example_branch_operator_decorator.py for tasks to queue
[2025-07-01T02:57:24.685+0000] {logging_mixin.py:190} INFO - [2025-07-01T02:57:24.685+0000] {dagbag.py:588} INFO - Filling up the DagBag from /home/airflow/.local/lib/python3.12/site-packages/airflow/example_dags/example_branch_operator_decorator.py
[2025-07-01T02:57:24.705+0000] {processor.py:925} INFO - DAG(s) 'example_branch_python_operator_decorator' retrieved from /home/airflow/.local/lib/python3.12/site-packages/airflow/example_dags/example_branch_operator_decorator.py
[2025-07-01T02:57:24.731+0000] {logging_mixin.py:190} INFO - [2025-07-01T02:57:24.731+0000] {dag.py:3239} INFO - Sync 1 DAGs
[2025-07-01T02:57:24.755+0000] {logging_mixin.py:190} INFO - [2025-07-01T02:57:24.755+0000] {dag.py:4180} INFO - Setting next_dagrun for example_branch_python_operator_decorator to 2025-06-30 00:00:00+00:00, run_after=2025-07-01 00:00:00+00:00
[2025-07-01T02:57:24.772+0000] {processor.py:208} INFO - Processing /home/airflow/.local/lib/python3.12/site-packages/airflow/example_dags/example_branch_operator_decorator.py took 0.096 seconds
[2025-07-01T02:57:55.380+0000] {processor.py:186} INFO - Started process (PID=11848) to work on /home/airflow/.local/lib/python3.12/site-packages/airflow/example_dags/example_branch_operator_decorator.py
[2025-07-01T02:57:55.381+0000] {processor.py:914} INFO - Processing file /home/airflow/.local/lib/python3.12/site-packages/airflow/example_dags/example_branch_operator_decorator.py for tasks to queue
[2025-07-01T02:57:55.384+0000] {logging_mixin.py:190} INFO - [2025-07-01T02:57:55.384+0000] {dagbag.py:588} INFO - Filling up the DagBag from /home/airflow/.local/lib/python3.12/site-packages/airflow/example_dags/example_branch_operator_decorator.py
[2025-07-01T02:57:55.412+0000] {processor.py:925} INFO - DAG(s) 'example_branch_python_operator_decorator' retrieved from /home/airflow/.local/lib/python3.12/site-packages/airflow/example_dags/example_branch_operator_decorator.py
[2025-07-01T02:57:55.444+0000] {logging_mixin.py:190} INFO - [2025-07-01T02:57:55.444+0000] {dag.py:3239} INFO - Sync 1 DAGs
[2025-07-01T02:57:55.473+0000] {logging_mixin.py:190} INFO - [2025-07-01T02:57:55.472+0000] {dag.py:4180} INFO - Setting next_dagrun for example_branch_python_operator_decorator to 2025-06-30 00:00:00+00:00, run_after=2025-07-01 00:00:00+00:00
[2025-07-01T02:57:55.498+0000] {processor.py:208} INFO - Processing /home/airflow/.local/lib/python3.12/site-packages/airflow/example_dags/example_branch_operator_decorator.py took 0.126 seconds
[2025-07-01T02:58:26.519+0000] {processor.py:186} INFO - Started process (PID=11910) to work on /home/airflow/.local/lib/python3.12/site-packages/airflow/example_dags/example_branch_operator_decorator.py
[2025-07-01T02:58:26.520+0000] {processor.py:914} INFO - Processing file /home/airflow/.local/lib/python3.12/site-packages/airflow/example_dags/example_branch_operator_decorator.py for tasks to queue
[2025-07-01T02:58:26.523+0000] {logging_mixin.py:190} INFO - [2025-07-01T02:58:26.522+0000] {dagbag.py:588} INFO - Filling up the DagBag from /home/airflow/.local/lib/python3.12/site-packages/airflow/example_dags/example_branch_operator_decorator.py
[2025-07-01T02:58:26.543+0000] {processor.py:925} INFO - DAG(s) 'example_branch_python_operator_decorator' retrieved from /home/airflow/.local/lib/python3.12/site-packages/airflow/example_dags/example_branch_operator_decorator.py
[2025-07-01T02:58:26.569+0000] {logging_mixin.py:190} INFO - [2025-07-01T02:58:26.569+0000] {dag.py:3239} INFO - Sync 1 DAGs
[2025-07-01T02:58:26.590+0000] {logging_mixin.py:190} INFO - [2025-07-01T02:58:26.590+0000] {dag.py:4180} INFO - Setting next_dagrun for example_branch_python_operator_decorator to 2025-06-30 00:00:00+00:00, run_after=2025-07-01 00:00:00+00:00
[2025-07-01T02:58:26.611+0000] {processor.py:208} INFO - Processing /home/airflow/.local/lib/python3.12/site-packages/airflow/example_dags/example_branch_operator_decorator.py took 0.098 seconds
[2025-07-01T02:58:57.473+0000] {processor.py:186} INFO - Started process (PID=11972) to work on /home/airflow/.local/lib/python3.12/site-packages/airflow/example_dags/example_branch_operator_decorator.py
[2025-07-01T02:58:57.474+0000] {processor.py:914} INFO - Processing file /home/airflow/.local/lib/python3.12/site-packages/airflow/example_dags/example_branch_operator_decorator.py for tasks to queue
[2025-07-01T02:58:57.477+0000] {logging_mixin.py:190} INFO - [2025-07-01T02:58:57.477+0000] {dagbag.py:588} INFO - Filling up the DagBag from /home/airflow/.local/lib/python3.12/site-packages/airflow/example_dags/example_branch_operator_decorator.py
[2025-07-01T02:58:57.501+0000] {processor.py:925} INFO - DAG(s) 'example_branch_python_operator_decorator' retrieved from /home/airflow/.local/lib/python3.12/site-packages/airflow/example_dags/example_branch_operator_decorator.py
[2025-07-01T02:58:57.531+0000] {logging_mixin.py:190} INFO - [2025-07-01T02:58:57.530+0000] {dag.py:3239} INFO - Sync 1 DAGs
[2025-07-01T02:58:57.556+0000] {logging_mixin.py:190} INFO - [2025-07-01T02:58:57.555+0000] {dag.py:4180} INFO - Setting next_dagrun for example_branch_python_operator_decorator to 2025-06-30 00:00:00+00:00, run_after=2025-07-01 00:00:00+00:00
[2025-07-01T02:58:57.577+0000] {processor.py:208} INFO - Processing /home/airflow/.local/lib/python3.12/site-packages/airflow/example_dags/example_branch_operator_decorator.py took 0.110 seconds
[2025-07-01T02:59:28.410+0000] {processor.py:186} INFO - Started process (PID=12034) to work on /home/airflow/.local/lib/python3.12/site-packages/airflow/example_dags/example_branch_operator_decorator.py
[2025-07-01T02:59:28.411+0000] {processor.py:914} INFO - Processing file /home/airflow/.local/lib/python3.12/site-packages/airflow/example_dags/example_branch_operator_decorator.py for tasks to queue
[2025-07-01T02:59:28.414+0000] {logging_mixin.py:190} INFO - [2025-07-01T02:59:28.414+0000] {dagbag.py:588} INFO - Filling up the DagBag from /home/airflow/.local/lib/python3.12/site-packages/airflow/example_dags/example_branch_operator_decorator.py
[2025-07-01T02:59:28.436+0000] {processor.py:925} INFO - DAG(s) 'example_branch_python_operator_decorator' retrieved from /home/airflow/.local/lib/python3.12/site-packages/airflow/example_dags/example_branch_operator_decorator.py
[2025-07-01T02:59:28.464+0000] {logging_mixin.py:190} INFO - [2025-07-01T02:59:28.464+0000] {dag.py:3239} INFO - Sync 1 DAGs
[2025-07-01T02:59:28.489+0000] {logging_mixin.py:190} INFO - [2025-07-01T02:59:28.488+0000] {dag.py:4180} INFO - Setting next_dagrun for example_branch_python_operator_decorator to 2025-06-30 00:00:00+00:00, run_after=2025-07-01 00:00:00+00:00
[2025-07-01T02:59:28.507+0000] {processor.py:208} INFO - Processing /home/airflow/.local/lib/python3.12/site-packages/airflow/example_dags/example_branch_operator_decorator.py took 0.103 seconds
[2025-07-01T02:59:59.352+0000] {processor.py:186} INFO - Started process (PID=12096) to work on /home/airflow/.local/lib/python3.12/site-packages/airflow/example_dags/example_branch_operator_decorator.py
[2025-07-01T02:59:59.353+0000] {processor.py:914} INFO - Processing file /home/airflow/.local/lib/python3.12/site-packages/airflow/example_dags/example_branch_operator_decorator.py for tasks to queue
[2025-07-01T02:59:59.356+0000] {logging_mixin.py:190} INFO - [2025-07-01T02:59:59.355+0000] {dagbag.py:588} INFO - Filling up the DagBag from /home/airflow/.local/lib/python3.12/site-packages/airflow/example_dags/example_branch_operator_decorator.py
[2025-07-01T02:59:59.382+0000] {processor.py:925} INFO - DAG(s) 'example_branch_python_operator_decorator' retrieved from /home/airflow/.local/lib/python3.12/site-packages/airflow/example_dags/example_branch_operator_decorator.py
[2025-07-01T02:59:59.410+0000] {logging_mixin.py:190} INFO - [2025-07-01T02:59:59.409+0000] {dag.py:3239} INFO - Sync 1 DAGs
[2025-07-01T02:59:59.437+0000] {logging_mixin.py:190} INFO - [2025-07-01T02:59:59.437+0000] {dag.py:4180} INFO - Setting next_dagrun for example_branch_python_operator_decorator to 2025-06-30 00:00:00+00:00, run_after=2025-07-01 00:00:00+00:00
[2025-07-01T02:59:59.457+0000] {processor.py:208} INFO - Processing /home/airflow/.local/lib/python3.12/site-packages/airflow/example_dags/example_branch_operator_decorator.py took 0.115 seconds
[2025-07-01T03:00:29.614+0000] {processor.py:186} INFO - Started process (PID=12158) to work on /home/airflow/.local/lib/python3.12/site-packages/airflow/example_dags/example_branch_operator_decorator.py
[2025-07-01T03:00:29.616+0000] {processor.py:914} INFO - Processing file /home/airflow/.local/lib/python3.12/site-packages/airflow/example_dags/example_branch_operator_decorator.py for tasks to queue
[2025-07-01T03:00:29.618+0000] {logging_mixin.py:190} INFO - [2025-07-01T03:00:29.618+0000] {dagbag.py:588} INFO - Filling up the DagBag from /home/airflow/.local/lib/python3.12/site-packages/airflow/example_dags/example_branch_operator_decorator.py
[2025-07-01T03:00:29.640+0000] {processor.py:925} INFO - DAG(s) 'example_branch_python_operator_decorator' retrieved from /home/airflow/.local/lib/python3.12/site-packages/airflow/example_dags/example_branch_operator_decorator.py
[2025-07-01T03:00:29.667+0000] {logging_mixin.py:190} INFO - [2025-07-01T03:00:29.666+0000] {dag.py:3239} INFO - Sync 1 DAGs
[2025-07-01T03:00:29.690+0000] {logging_mixin.py:190} INFO - [2025-07-01T03:00:29.690+0000] {dag.py:4180} INFO - Setting next_dagrun for example_branch_python_operator_decorator to 2025-06-30 00:00:00+00:00, run_after=2025-07-01 00:00:00+00:00
[2025-07-01T03:00:29.709+0000] {processor.py:208} INFO - Processing /home/airflow/.local/lib/python3.12/site-packages/airflow/example_dags/example_branch_operator_decorator.py took 0.101 seconds
[2025-07-01T03:00:59.819+0000] {processor.py:186} INFO - Started process (PID=12221) to work on /home/airflow/.local/lib/python3.12/site-packages/airflow/example_dags/example_branch_operator_decorator.py
[2025-07-01T03:00:59.820+0000] {processor.py:914} INFO - Processing file /home/airflow/.local/lib/python3.12/site-packages/airflow/example_dags/example_branch_operator_decorator.py for tasks to queue
[2025-07-01T03:00:59.823+0000] {logging_mixin.py:190} INFO - [2025-07-01T03:00:59.823+0000] {dagbag.py:588} INFO - Filling up the DagBag from /home/airflow/.local/lib/python3.12/site-packages/airflow/example_dags/example_branch_operator_decorator.py
[2025-07-01T03:00:59.843+0000] {processor.py:925} INFO - DAG(s) 'example_branch_python_operator_decorator' retrieved from /home/airflow/.local/lib/python3.12/site-packages/airflow/example_dags/example_branch_operator_decorator.py
[2025-07-01T03:00:59.867+0000] {logging_mixin.py:190} INFO - [2025-07-01T03:00:59.867+0000] {dag.py:3239} INFO - Sync 1 DAGs
[2025-07-01T03:00:59.889+0000] {logging_mixin.py:190} INFO - [2025-07-01T03:00:59.889+0000] {dag.py:4180} INFO - Setting next_dagrun for example_branch_python_operator_decorator to 2025-06-30 00:00:00+00:00, run_after=2025-07-01 00:00:00+00:00
[2025-07-01T03:00:59.905+0000] {processor.py:208} INFO - Processing /home/airflow/.local/lib/python3.12/site-packages/airflow/example_dags/example_branch_operator_decorator.py took 0.092 seconds
[2025-07-01T03:01:30.188+0000] {processor.py:186} INFO - Started process (PID=12282) to work on /home/airflow/.local/lib/python3.12/site-packages/airflow/example_dags/example_branch_operator_decorator.py
[2025-07-01T03:01:30.189+0000] {processor.py:914} INFO - Processing file /home/airflow/.local/lib/python3.12/site-packages/airflow/example_dags/example_branch_operator_decorator.py for tasks to queue
[2025-07-01T03:01:30.191+0000] {logging_mixin.py:190} INFO - [2025-07-01T03:01:30.191+0000] {dagbag.py:588} INFO - Filling up the DagBag from /home/airflow/.local/lib/python3.12/site-packages/airflow/example_dags/example_branch_operator_decorator.py
[2025-07-01T03:01:30.211+0000] {processor.py:925} INFO - DAG(s) 'example_branch_python_operator_decorator' retrieved from /home/airflow/.local/lib/python3.12/site-packages/airflow/example_dags/example_branch_operator_decorator.py
[2025-07-01T03:01:30.237+0000] {logging_mixin.py:190} INFO - [2025-07-01T03:01:30.237+0000] {dag.py:3239} INFO - Sync 1 DAGs
[2025-07-01T03:01:30.262+0000] {logging_mixin.py:190} INFO - [2025-07-01T03:01:30.261+0000] {dag.py:4180} INFO - Setting next_dagrun for example_branch_python_operator_decorator to 2025-06-30 00:00:00+00:00, run_after=2025-07-01 00:00:00+00:00
[2025-07-01T03:01:30.280+0000] {processor.py:208} INFO - Processing /home/airflow/.local/lib/python3.12/site-packages/airflow/example_dags/example_branch_operator_decorator.py took 0.098 seconds
[2025-07-01T03:02:01.338+0000] {processor.py:186} INFO - Started process (PID=12344) to work on /home/airflow/.local/lib/python3.12/site-packages/airflow/example_dags/example_branch_operator_decorator.py
[2025-07-01T03:02:01.339+0000] {processor.py:914} INFO - Processing file /home/airflow/.local/lib/python3.12/site-packages/airflow/example_dags/example_branch_operator_decorator.py for tasks to queue
[2025-07-01T03:02:01.342+0000] {logging_mixin.py:190} INFO - [2025-07-01T03:02:01.342+0000] {dagbag.py:588} INFO - Filling up the DagBag from /home/airflow/.local/lib/python3.12/site-packages/airflow/example_dags/example_branch_operator_decorator.py
[2025-07-01T03:02:01.362+0000] {processor.py:925} INFO - DAG(s) 'example_branch_python_operator_decorator' retrieved from /home/airflow/.local/lib/python3.12/site-packages/airflow/example_dags/example_branch_operator_decorator.py
[2025-07-01T03:02:01.388+0000] {logging_mixin.py:190} INFO - [2025-07-01T03:02:01.387+0000] {dag.py:3239} INFO - Sync 1 DAGs
[2025-07-01T03:02:01.411+0000] {logging_mixin.py:190} INFO - [2025-07-01T03:02:01.411+0000] {dag.py:4180} INFO - Setting next_dagrun for example_branch_python_operator_decorator to 2025-06-30 00:00:00+00:00, run_after=2025-07-01 00:00:00+00:00
[2025-07-01T03:02:01.428+0000] {processor.py:208} INFO - Processing /home/airflow/.local/lib/python3.12/site-packages/airflow/example_dags/example_branch_operator_decorator.py took 0.097 seconds
[2025-07-01T03:02:32.414+0000] {processor.py:186} INFO - Started process (PID=12406) to work on /home/airflow/.local/lib/python3.12/site-packages/airflow/example_dags/example_branch_operator_decorator.py
[2025-07-01T03:02:32.415+0000] {processor.py:914} INFO - Processing file /home/airflow/.local/lib/python3.12/site-packages/airflow/example_dags/example_branch_operator_decorator.py for tasks to queue
[2025-07-01T03:02:32.417+0000] {logging_mixin.py:190} INFO - [2025-07-01T03:02:32.417+0000] {dagbag.py:588} INFO - Filling up the DagBag from /home/airflow/.local/lib/python3.12/site-packages/airflow/example_dags/example_branch_operator_decorator.py
[2025-07-01T03:02:32.437+0000] {processor.py:925} INFO - DAG(s) 'example_branch_python_operator_decorator' retrieved from /home/airflow/.local/lib/python3.12/site-packages/airflow/example_dags/example_branch_operator_decorator.py
[2025-07-01T03:02:32.462+0000] {logging_mixin.py:190} INFO - [2025-07-01T03:02:32.461+0000] {dag.py:3239} INFO - Sync 1 DAGs
[2025-07-01T03:02:32.484+0000] {logging_mixin.py:190} INFO - [2025-07-01T03:02:32.483+0000] {dag.py:4180} INFO - Setting next_dagrun for example_branch_python_operator_decorator to 2025-06-30 00:00:00+00:00, run_after=2025-07-01 00:00:00+00:00
[2025-07-01T03:02:32.501+0000] {processor.py:208} INFO - Processing /home/airflow/.local/lib/python3.12/site-packages/airflow/example_dags/example_branch_operator_decorator.py took 0.093 seconds
[2025-07-01T03:03:03.165+0000] {processor.py:186} INFO - Started process (PID=12468) to work on /home/airflow/.local/lib/python3.12/site-packages/airflow/example_dags/example_branch_operator_decorator.py
[2025-07-01T03:03:03.166+0000] {processor.py:914} INFO - Processing file /home/airflow/.local/lib/python3.12/site-packages/airflow/example_dags/example_branch_operator_decorator.py for tasks to queue
[2025-07-01T03:03:03.168+0000] {logging_mixin.py:190} INFO - [2025-07-01T03:03:03.168+0000] {dagbag.py:588} INFO - Filling up the DagBag from /home/airflow/.local/lib/python3.12/site-packages/airflow/example_dags/example_branch_operator_decorator.py
[2025-07-01T03:03:03.188+0000] {processor.py:925} INFO - DAG(s) 'example_branch_python_operator_decorator' retrieved from /home/airflow/.local/lib/python3.12/site-packages/airflow/example_dags/example_branch_operator_decorator.py
[2025-07-01T03:03:03.218+0000] {logging_mixin.py:190} INFO - [2025-07-01T03:03:03.218+0000] {dag.py:3239} INFO - Sync 1 DAGs
[2025-07-01T03:03:03.244+0000] {logging_mixin.py:190} INFO - [2025-07-01T03:03:03.243+0000] {dag.py:4180} INFO - Setting next_dagrun for example_branch_python_operator_decorator to 2025-06-30 00:00:00+00:00, run_after=2025-07-01 00:00:00+00:00
[2025-07-01T03:03:03.264+0000] {processor.py:208} INFO - Processing /home/airflow/.local/lib/python3.12/site-packages/airflow/example_dags/example_branch_operator_decorator.py took 0.105 seconds
[2025-07-01T03:03:33.422+0000] {processor.py:186} INFO - Started process (PID=12530) to work on /home/airflow/.local/lib/python3.12/site-packages/airflow/example_dags/example_branch_operator_decorator.py
[2025-07-01T03:03:33.423+0000] {processor.py:914} INFO - Processing file /home/airflow/.local/lib/python3.12/site-packages/airflow/example_dags/example_branch_operator_decorator.py for tasks to queue
[2025-07-01T03:03:33.427+0000] {logging_mixin.py:190} INFO - [2025-07-01T03:03:33.426+0000] {dagbag.py:588} INFO - Filling up the DagBag from /home/airflow/.local/lib/python3.12/site-packages/airflow/example_dags/example_branch_operator_decorator.py
[2025-07-01T03:03:33.453+0000] {processor.py:925} INFO - DAG(s) 'example_branch_python_operator_decorator' retrieved from /home/airflow/.local/lib/python3.12/site-packages/airflow/example_dags/example_branch_operator_decorator.py
[2025-07-01T03:03:33.487+0000] {logging_mixin.py:190} INFO - [2025-07-01T03:03:33.487+0000] {dag.py:3239} INFO - Sync 1 DAGs
[2025-07-01T03:03:33.516+0000] {logging_mixin.py:190} INFO - [2025-07-01T03:03:33.516+0000] {dag.py:4180} INFO - Setting next_dagrun for example_branch_python_operator_decorator to 2025-06-30 00:00:00+00:00, run_after=2025-07-01 00:00:00+00:00
[2025-07-01T03:03:33.536+0000] {processor.py:208} INFO - Processing /home/airflow/.local/lib/python3.12/site-packages/airflow/example_dags/example_branch_operator_decorator.py took 0.120 seconds
[2025-07-01T03:04:03.679+0000] {processor.py:186} INFO - Started process (PID=12592) to work on /home/airflow/.local/lib/python3.12/site-packages/airflow/example_dags/example_branch_operator_decorator.py
[2025-07-01T03:04:03.680+0000] {processor.py:914} INFO - Processing file /home/airflow/.local/lib/python3.12/site-packages/airflow/example_dags/example_branch_operator_decorator.py for tasks to queue
[2025-07-01T03:04:03.684+0000] {logging_mixin.py:190} INFO - [2025-07-01T03:04:03.683+0000] {dagbag.py:588} INFO - Filling up the DagBag from /home/airflow/.local/lib/python3.12/site-packages/airflow/example_dags/example_branch_operator_decorator.py
[2025-07-01T03:04:03.709+0000] {processor.py:925} INFO - DAG(s) 'example_branch_python_operator_decorator' retrieved from /home/airflow/.local/lib/python3.12/site-packages/airflow/example_dags/example_branch_operator_decorator.py
[2025-07-01T03:04:03.744+0000] {logging_mixin.py:190} INFO - [2025-07-01T03:04:03.744+0000] {dag.py:3239} INFO - Sync 1 DAGs
[2025-07-01T03:04:03.770+0000] {logging_mixin.py:190} INFO - [2025-07-01T03:04:03.770+0000] {dag.py:4180} INFO - Setting next_dagrun for example_branch_python_operator_decorator to 2025-06-30 00:00:00+00:00, run_after=2025-07-01 00:00:00+00:00
[2025-07-01T03:04:03.792+0000] {processor.py:208} INFO - Processing /home/airflow/.local/lib/python3.12/site-packages/airflow/example_dags/example_branch_operator_decorator.py took 0.121 seconds
[2025-07-01T03:04:34.185+0000] {processor.py:186} INFO - Started process (PID=12654) to work on /home/airflow/.local/lib/python3.12/site-packages/airflow/example_dags/example_branch_operator_decorator.py
[2025-07-01T03:04:34.187+0000] {processor.py:914} INFO - Processing file /home/airflow/.local/lib/python3.12/site-packages/airflow/example_dags/example_branch_operator_decorator.py for tasks to queue
[2025-07-01T03:04:34.190+0000] {logging_mixin.py:190} INFO - [2025-07-01T03:04:34.189+0000] {dagbag.py:588} INFO - Filling up the DagBag from /home/airflow/.local/lib/python3.12/site-packages/airflow/example_dags/example_branch_operator_decorator.py
[2025-07-01T03:04:34.217+0000] {processor.py:925} INFO - DAG(s) 'example_branch_python_operator_decorator' retrieved from /home/airflow/.local/lib/python3.12/site-packages/airflow/example_dags/example_branch_operator_decorator.py
[2025-07-01T03:04:34.251+0000] {logging_mixin.py:190} INFO - [2025-07-01T03:04:34.251+0000] {dag.py:3239} INFO - Sync 1 DAGs
[2025-07-01T03:04:34.278+0000] {logging_mixin.py:190} INFO - [2025-07-01T03:04:34.278+0000] {dag.py:4180} INFO - Setting next_dagrun for example_branch_python_operator_decorator to 2025-06-30 00:00:00+00:00, run_after=2025-07-01 00:00:00+00:00
[2025-07-01T03:04:34.306+0000] {processor.py:208} INFO - Processing /home/airflow/.local/lib/python3.12/site-packages/airflow/example_dags/example_branch_operator_decorator.py took 0.128 seconds
[2025-07-01T03:05:04.405+0000] {processor.py:186} INFO - Started process (PID=12716) to work on /home/airflow/.local/lib/python3.12/site-packages/airflow/example_dags/example_branch_operator_decorator.py
[2025-07-01T03:05:04.407+0000] {processor.py:914} INFO - Processing file /home/airflow/.local/lib/python3.12/site-packages/airflow/example_dags/example_branch_operator_decorator.py for tasks to queue
[2025-07-01T03:05:04.409+0000] {logging_mixin.py:190} INFO - [2025-07-01T03:05:04.409+0000] {dagbag.py:588} INFO - Filling up the DagBag from /home/airflow/.local/lib/python3.12/site-packages/airflow/example_dags/example_branch_operator_decorator.py
[2025-07-01T03:05:04.435+0000] {processor.py:925} INFO - DAG(s) 'example_branch_python_operator_decorator' retrieved from /home/airflow/.local/lib/python3.12/site-packages/airflow/example_dags/example_branch_operator_decorator.py
[2025-07-01T03:05:04.465+0000] {logging_mixin.py:190} INFO - [2025-07-01T03:05:04.465+0000] {dag.py:3239} INFO - Sync 1 DAGs
[2025-07-01T03:05:04.488+0000] {logging_mixin.py:190} INFO - [2025-07-01T03:05:04.488+0000] {dag.py:4180} INFO - Setting next_dagrun for example_branch_python_operator_decorator to 2025-06-30 00:00:00+00:00, run_after=2025-07-01 00:00:00+00:00
[2025-07-01T03:05:04.507+0000] {processor.py:208} INFO - Processing /home/airflow/.local/lib/python3.12/site-packages/airflow/example_dags/example_branch_operator_decorator.py took 0.109 seconds
[2025-07-01T03:05:35.554+0000] {processor.py:186} INFO - Started process (PID=12778) to work on /home/airflow/.local/lib/python3.12/site-packages/airflow/example_dags/example_branch_operator_decorator.py
[2025-07-01T03:05:35.555+0000] {processor.py:914} INFO - Processing file /home/airflow/.local/lib/python3.12/site-packages/airflow/example_dags/example_branch_operator_decorator.py for tasks to queue
[2025-07-01T03:05:35.558+0000] {logging_mixin.py:190} INFO - [2025-07-01T03:05:35.557+0000] {dagbag.py:588} INFO - Filling up the DagBag from /home/airflow/.local/lib/python3.12/site-packages/airflow/example_dags/example_branch_operator_decorator.py
[2025-07-01T03:05:35.578+0000] {processor.py:925} INFO - DAG(s) 'example_branch_python_operator_decorator' retrieved from /home/airflow/.local/lib/python3.12/site-packages/airflow/example_dags/example_branch_operator_decorator.py
[2025-07-01T03:05:35.604+0000] {logging_mixin.py:190} INFO - [2025-07-01T03:05:35.603+0000] {dag.py:3239} INFO - Sync 1 DAGs
[2025-07-01T03:05:35.626+0000] {logging_mixin.py:190} INFO - [2025-07-01T03:05:35.626+0000] {dag.py:4180} INFO - Setting next_dagrun for example_branch_python_operator_decorator to 2025-06-30 00:00:00+00:00, run_after=2025-07-01 00:00:00+00:00
[2025-07-01T03:05:35.643+0000] {processor.py:208} INFO - Processing /home/airflow/.local/lib/python3.12/site-packages/airflow/example_dags/example_branch_operator_decorator.py took 0.094 seconds
[2025-07-01T03:06:05.746+0000] {processor.py:186} INFO - Started process (PID=12840) to work on /home/airflow/.local/lib/python3.12/site-packages/airflow/example_dags/example_branch_operator_decorator.py
[2025-07-01T03:06:05.747+0000] {processor.py:914} INFO - Processing file /home/airflow/.local/lib/python3.12/site-packages/airflow/example_dags/example_branch_operator_decorator.py for tasks to queue
[2025-07-01T03:06:05.749+0000] {logging_mixin.py:190} INFO - [2025-07-01T03:06:05.749+0000] {dagbag.py:588} INFO - Filling up the DagBag from /home/airflow/.local/lib/python3.12/site-packages/airflow/example_dags/example_branch_operator_decorator.py
[2025-07-01T03:06:05.769+0000] {processor.py:925} INFO - DAG(s) 'example_branch_python_operator_decorator' retrieved from /home/airflow/.local/lib/python3.12/site-packages/airflow/example_dags/example_branch_operator_decorator.py
[2025-07-01T03:06:05.800+0000] {logging_mixin.py:190} INFO - [2025-07-01T03:06:05.800+0000] {dag.py:3239} INFO - Sync 1 DAGs
[2025-07-01T03:06:05.824+0000] {logging_mixin.py:190} INFO - [2025-07-01T03:06:05.824+0000] {dag.py:4180} INFO - Setting next_dagrun for example_branch_python_operator_decorator to 2025-06-30 00:00:00+00:00, run_after=2025-07-01 00:00:00+00:00
[2025-07-01T03:06:05.841+0000] {processor.py:208} INFO - Processing /home/airflow/.local/lib/python3.12/site-packages/airflow/example_dags/example_branch_operator_decorator.py took 0.102 seconds
[2025-07-01T03:06:36.686+0000] {processor.py:186} INFO - Started process (PID=12902) to work on /home/airflow/.local/lib/python3.12/site-packages/airflow/example_dags/example_branch_operator_decorator.py
[2025-07-01T03:06:36.687+0000] {processor.py:914} INFO - Processing file /home/airflow/.local/lib/python3.12/site-packages/airflow/example_dags/example_branch_operator_decorator.py for tasks to queue
[2025-07-01T03:06:36.690+0000] {logging_mixin.py:190} INFO - [2025-07-01T03:06:36.689+0000] {dagbag.py:588} INFO - Filling up the DagBag from /home/airflow/.local/lib/python3.12/site-packages/airflow/example_dags/example_branch_operator_decorator.py
[2025-07-01T03:06:36.709+0000] {processor.py:925} INFO - DAG(s) 'example_branch_python_operator_decorator' retrieved from /home/airflow/.local/lib/python3.12/site-packages/airflow/example_dags/example_branch_operator_decorator.py
[2025-07-01T03:06:36.736+0000] {logging_mixin.py:190} INFO - [2025-07-01T03:06:36.735+0000] {dag.py:3239} INFO - Sync 1 DAGs
[2025-07-01T03:06:36.757+0000] {logging_mixin.py:190} INFO - [2025-07-01T03:06:36.757+0000] {dag.py:4180} INFO - Setting next_dagrun for example_branch_python_operator_decorator to 2025-06-30 00:00:00+00:00, run_after=2025-07-01 00:00:00+00:00
[2025-07-01T03:06:36.774+0000] {processor.py:208} INFO - Processing /home/airflow/.local/lib/python3.12/site-packages/airflow/example_dags/example_branch_operator_decorator.py took 0.093 seconds
[2025-07-01T03:07:07.681+0000] {processor.py:186} INFO - Started process (PID=12965) to work on /home/airflow/.local/lib/python3.12/site-packages/airflow/example_dags/example_branch_operator_decorator.py
[2025-07-01T03:07:07.682+0000] {processor.py:914} INFO - Processing file /home/airflow/.local/lib/python3.12/site-packages/airflow/example_dags/example_branch_operator_decorator.py for tasks to queue
[2025-07-01T03:07:07.684+0000] {logging_mixin.py:190} INFO - [2025-07-01T03:07:07.684+0000] {dagbag.py:588} INFO - Filling up the DagBag from /home/airflow/.local/lib/python3.12/site-packages/airflow/example_dags/example_branch_operator_decorator.py
[2025-07-01T03:07:07.704+0000] {processor.py:925} INFO - DAG(s) 'example_branch_python_operator_decorator' retrieved from /home/airflow/.local/lib/python3.12/site-packages/airflow/example_dags/example_branch_operator_decorator.py
[2025-07-01T03:07:07.730+0000] {logging_mixin.py:190} INFO - [2025-07-01T03:07:07.730+0000] {dag.py:3239} INFO - Sync 1 DAGs
[2025-07-01T03:07:07.756+0000] {logging_mixin.py:190} INFO - [2025-07-01T03:07:07.756+0000] {dag.py:4180} INFO - Setting next_dagrun for example_branch_python_operator_decorator to 2025-06-30 00:00:00+00:00, run_after=2025-07-01 00:00:00+00:00
[2025-07-01T03:07:07.773+0000] {processor.py:208} INFO - Processing /home/airflow/.local/lib/python3.12/site-packages/airflow/example_dags/example_branch_operator_decorator.py took 0.099 seconds
[2025-07-01T03:07:38.063+0000] {processor.py:186} INFO - Started process (PID=13026) to work on /home/airflow/.local/lib/python3.12/site-packages/airflow/example_dags/example_branch_operator_decorator.py
[2025-07-01T03:07:38.064+0000] {processor.py:914} INFO - Processing file /home/airflow/.local/lib/python3.12/site-packages/airflow/example_dags/example_branch_operator_decorator.py for tasks to queue
[2025-07-01T03:07:38.067+0000] {logging_mixin.py:190} INFO - [2025-07-01T03:07:38.067+0000] {dagbag.py:588} INFO - Filling up the DagBag from /home/airflow/.local/lib/python3.12/site-packages/airflow/example_dags/example_branch_operator_decorator.py
[2025-07-01T03:07:38.087+0000] {processor.py:925} INFO - DAG(s) 'example_branch_python_operator_decorator' retrieved from /home/airflow/.local/lib/python3.12/site-packages/airflow/example_dags/example_branch_operator_decorator.py
[2025-07-01T03:07:38.116+0000] {logging_mixin.py:190} INFO - [2025-07-01T03:07:38.116+0000] {dag.py:3239} INFO - Sync 1 DAGs
[2025-07-01T03:07:38.139+0000] {logging_mixin.py:190} INFO - [2025-07-01T03:07:38.139+0000] {dag.py:4180} INFO - Setting next_dagrun for example_branch_python_operator_decorator to 2025-06-30 00:00:00+00:00, run_after=2025-07-01 00:00:00+00:00
[2025-07-01T03:07:38.156+0000] {processor.py:208} INFO - Processing /home/airflow/.local/lib/python3.12/site-packages/airflow/example_dags/example_branch_operator_decorator.py took 0.098 seconds
[2025-07-01T03:08:08.281+0000] {processor.py:186} INFO - Started process (PID=13088) to work on /home/airflow/.local/lib/python3.12/site-packages/airflow/example_dags/example_branch_operator_decorator.py
[2025-07-01T03:08:08.282+0000] {processor.py:914} INFO - Processing file /home/airflow/.local/lib/python3.12/site-packages/airflow/example_dags/example_branch_operator_decorator.py for tasks to queue
[2025-07-01T03:08:08.286+0000] {logging_mixin.py:190} INFO - [2025-07-01T03:08:08.285+0000] {dagbag.py:588} INFO - Filling up the DagBag from /home/airflow/.local/lib/python3.12/site-packages/airflow/example_dags/example_branch_operator_decorator.py
[2025-07-01T03:08:08.306+0000] {processor.py:925} INFO - DAG(s) 'example_branch_python_operator_decorator' retrieved from /home/airflow/.local/lib/python3.12/site-packages/airflow/example_dags/example_branch_operator_decorator.py
[2025-07-01T03:08:08.332+0000] {logging_mixin.py:190} INFO - [2025-07-01T03:08:08.331+0000] {dag.py:3239} INFO - Sync 1 DAGs
[2025-07-01T03:08:08.354+0000] {logging_mixin.py:190} INFO - [2025-07-01T03:08:08.354+0000] {dag.py:4180} INFO - Setting next_dagrun for example_branch_python_operator_decorator to 2025-06-30 00:00:00+00:00, run_after=2025-07-01 00:00:00+00:00
[2025-07-01T03:08:08.371+0000] {processor.py:208} INFO - Processing /home/airflow/.local/lib/python3.12/site-packages/airflow/example_dags/example_branch_operator_decorator.py took 0.096 seconds
[2025-07-01T03:30:20.508+0000] {processor.py:186} INFO - Started process (PID=13168) to work on /home/airflow/.local/lib/python3.12/site-packages/airflow/example_dags/example_branch_operator_decorator.py
[2025-07-01T03:30:20.509+0000] {processor.py:914} INFO - Processing file /home/airflow/.local/lib/python3.12/site-packages/airflow/example_dags/example_branch_operator_decorator.py for tasks to queue
[2025-07-01T03:30:20.513+0000] {logging_mixin.py:190} INFO - [2025-07-01T03:30:20.513+0000] {dagbag.py:588} INFO - Filling up the DagBag from /home/airflow/.local/lib/python3.12/site-packages/airflow/example_dags/example_branch_operator_decorator.py
[2025-07-01T03:30:20.549+0000] {processor.py:925} INFO - DAG(s) 'example_branch_python_operator_decorator' retrieved from /home/airflow/.local/lib/python3.12/site-packages/airflow/example_dags/example_branch_operator_decorator.py
[2025-07-01T03:30:20.592+0000] {logging_mixin.py:190} INFO - [2025-07-01T03:30:20.592+0000] {dag.py:3239} INFO - Sync 1 DAGs
[2025-07-01T03:30:20.638+0000] {logging_mixin.py:190} INFO - [2025-07-01T03:30:20.637+0000] {dag.py:4180} INFO - Setting next_dagrun for example_branch_python_operator_decorator to 2025-06-30 00:00:00+00:00, run_after=2025-07-01 00:00:00+00:00
[2025-07-01T03:30:20.684+0000] {processor.py:208} INFO - Processing /home/airflow/.local/lib/python3.12/site-packages/airflow/example_dags/example_branch_operator_decorator.py took 0.186 seconds
[2025-07-01T03:30:51.046+0000] {processor.py:186} INFO - Started process (PID=13230) to work on /home/airflow/.local/lib/python3.12/site-packages/airflow/example_dags/example_branch_operator_decorator.py
[2025-07-01T03:30:51.047+0000] {processor.py:914} INFO - Processing file /home/airflow/.local/lib/python3.12/site-packages/airflow/example_dags/example_branch_operator_decorator.py for tasks to queue
[2025-07-01T03:30:51.051+0000] {logging_mixin.py:190} INFO - [2025-07-01T03:30:51.050+0000] {dagbag.py:588} INFO - Filling up the DagBag from /home/airflow/.local/lib/python3.12/site-packages/airflow/example_dags/example_branch_operator_decorator.py
[2025-07-01T03:30:51.079+0000] {processor.py:925} INFO - DAG(s) 'example_branch_python_operator_decorator' retrieved from /home/airflow/.local/lib/python3.12/site-packages/airflow/example_dags/example_branch_operator_decorator.py
[2025-07-01T03:30:51.115+0000] {logging_mixin.py:190} INFO - [2025-07-01T03:30:51.115+0000] {dag.py:3239} INFO - Sync 1 DAGs
[2025-07-01T03:30:51.144+0000] {logging_mixin.py:190} INFO - [2025-07-01T03:30:51.143+0000] {dag.py:4180} INFO - Setting next_dagrun for example_branch_python_operator_decorator to 2025-06-30 00:00:00+00:00, run_after=2025-07-01 00:00:00+00:00
[2025-07-01T03:30:51.165+0000] {processor.py:208} INFO - Processing /home/airflow/.local/lib/python3.12/site-packages/airflow/example_dags/example_branch_operator_decorator.py took 0.127 seconds
[2025-07-01T03:31:21.731+0000] {processor.py:186} INFO - Started process (PID=13292) to work on /home/airflow/.local/lib/python3.12/site-packages/airflow/example_dags/example_branch_operator_decorator.py
[2025-07-01T03:31:21.732+0000] {processor.py:914} INFO - Processing file /home/airflow/.local/lib/python3.12/site-packages/airflow/example_dags/example_branch_operator_decorator.py for tasks to queue
[2025-07-01T03:31:21.736+0000] {logging_mixin.py:190} INFO - [2025-07-01T03:31:21.735+0000] {dagbag.py:588} INFO - Filling up the DagBag from /home/airflow/.local/lib/python3.12/site-packages/airflow/example_dags/example_branch_operator_decorator.py
[2025-07-01T03:31:21.761+0000] {processor.py:925} INFO - DAG(s) 'example_branch_python_operator_decorator' retrieved from /home/airflow/.local/lib/python3.12/site-packages/airflow/example_dags/example_branch_operator_decorator.py
[2025-07-01T03:31:21.795+0000] {logging_mixin.py:190} INFO - [2025-07-01T03:31:21.795+0000] {dag.py:3239} INFO - Sync 1 DAGs
[2025-07-01T03:31:21.824+0000] {logging_mixin.py:190} INFO - [2025-07-01T03:31:21.824+0000] {dag.py:4180} INFO - Setting next_dagrun for example_branch_python_operator_decorator to 2025-06-30 00:00:00+00:00, run_after=2025-07-01 00:00:00+00:00
[2025-07-01T03:31:21.846+0000] {processor.py:208} INFO - Processing /home/airflow/.local/lib/python3.12/site-packages/airflow/example_dags/example_branch_operator_decorator.py took 0.123 seconds
[2025-07-01T03:31:52.036+0000] {processor.py:186} INFO - Started process (PID=13354) to work on /home/airflow/.local/lib/python3.12/site-packages/airflow/example_dags/example_branch_operator_decorator.py
[2025-07-01T03:31:52.037+0000] {processor.py:914} INFO - Processing file /home/airflow/.local/lib/python3.12/site-packages/airflow/example_dags/example_branch_operator_decorator.py for tasks to queue
[2025-07-01T03:31:52.039+0000] {logging_mixin.py:190} INFO - [2025-07-01T03:31:52.039+0000] {dagbag.py:588} INFO - Filling up the DagBag from /home/airflow/.local/lib/python3.12/site-packages/airflow/example_dags/example_branch_operator_decorator.py
[2025-07-01T03:31:52.060+0000] {processor.py:925} INFO - DAG(s) 'example_branch_python_operator_decorator' retrieved from /home/airflow/.local/lib/python3.12/site-packages/airflow/example_dags/example_branch_operator_decorator.py
[2025-07-01T03:31:52.110+0000] {logging_mixin.py:190} INFO - [2025-07-01T03:31:52.110+0000] {dag.py:3239} INFO - Sync 1 DAGs
[2025-07-01T03:31:52.134+0000] {logging_mixin.py:190} INFO - [2025-07-01T03:31:52.134+0000] {dag.py:4180} INFO - Setting next_dagrun for example_branch_python_operator_decorator to 2025-06-30 00:00:00+00:00, run_after=2025-07-01 00:00:00+00:00
[2025-07-01T03:31:52.154+0000] {processor.py:208} INFO - Processing /home/airflow/.local/lib/python3.12/site-packages/airflow/example_dags/example_branch_operator_decorator.py took 0.125 seconds
[2025-07-01T03:32:22.784+0000] {processor.py:186} INFO - Started process (PID=13416) to work on /home/airflow/.local/lib/python3.12/site-packages/airflow/example_dags/example_branch_operator_decorator.py
[2025-07-01T03:32:22.785+0000] {processor.py:914} INFO - Processing file /home/airflow/.local/lib/python3.12/site-packages/airflow/example_dags/example_branch_operator_decorator.py for tasks to queue
[2025-07-01T03:32:22.789+0000] {logging_mixin.py:190} INFO - [2025-07-01T03:32:22.788+0000] {dagbag.py:588} INFO - Filling up the DagBag from /home/airflow/.local/lib/python3.12/site-packages/airflow/example_dags/example_branch_operator_decorator.py
[2025-07-01T03:32:22.831+0000] {processor.py:925} INFO - DAG(s) 'example_branch_python_operator_decorator' retrieved from /home/airflow/.local/lib/python3.12/site-packages/airflow/example_dags/example_branch_operator_decorator.py
[2025-07-01T03:32:22.872+0000] {logging_mixin.py:190} INFO - [2025-07-01T03:32:22.872+0000] {dag.py:3239} INFO - Sync 1 DAGs
[2025-07-01T03:32:22.912+0000] {logging_mixin.py:190} INFO - [2025-07-01T03:32:22.912+0000] {dag.py:4180} INFO - Setting next_dagrun for example_branch_python_operator_decorator to 2025-06-30 00:00:00+00:00, run_after=2025-07-01 00:00:00+00:00
[2025-07-01T03:32:22.936+0000] {processor.py:208} INFO - Processing /home/airflow/.local/lib/python3.12/site-packages/airflow/example_dags/example_branch_operator_decorator.py took 0.161 seconds
[2025-07-01T03:32:53.218+0000] {processor.py:186} INFO - Started process (PID=13478) to work on /home/airflow/.local/lib/python3.12/site-packages/airflow/example_dags/example_branch_operator_decorator.py
[2025-07-01T03:32:53.219+0000] {processor.py:914} INFO - Processing file /home/airflow/.local/lib/python3.12/site-packages/airflow/example_dags/example_branch_operator_decorator.py for tasks to queue
[2025-07-01T03:32:53.222+0000] {logging_mixin.py:190} INFO - [2025-07-01T03:32:53.222+0000] {dagbag.py:588} INFO - Filling up the DagBag from /home/airflow/.local/lib/python3.12/site-packages/airflow/example_dags/example_branch_operator_decorator.py
[2025-07-01T03:32:53.244+0000] {processor.py:925} INFO - DAG(s) 'example_branch_python_operator_decorator' retrieved from /home/airflow/.local/lib/python3.12/site-packages/airflow/example_dags/example_branch_operator_decorator.py
[2025-07-01T03:32:53.272+0000] {logging_mixin.py:190} INFO - [2025-07-01T03:32:53.271+0000] {dag.py:3239} INFO - Sync 1 DAGs
[2025-07-01T03:32:53.296+0000] {logging_mixin.py:190} INFO - [2025-07-01T03:32:53.295+0000] {dag.py:4180} INFO - Setting next_dagrun for example_branch_python_operator_decorator to 2025-06-30 00:00:00+00:00, run_after=2025-07-01 00:00:00+00:00
[2025-07-01T03:32:53.313+0000] {processor.py:208} INFO - Processing /home/airflow/.local/lib/python3.12/site-packages/airflow/example_dags/example_branch_operator_decorator.py took 0.102 seconds
[2025-07-01T03:33:23.711+0000] {processor.py:186} INFO - Started process (PID=13541) to work on /home/airflow/.local/lib/python3.12/site-packages/airflow/example_dags/example_branch_operator_decorator.py
[2025-07-01T03:33:23.712+0000] {processor.py:914} INFO - Processing file /home/airflow/.local/lib/python3.12/site-packages/airflow/example_dags/example_branch_operator_decorator.py for tasks to queue
[2025-07-01T03:33:23.715+0000] {logging_mixin.py:190} INFO - [2025-07-01T03:33:23.714+0000] {dagbag.py:588} INFO - Filling up the DagBag from /home/airflow/.local/lib/python3.12/site-packages/airflow/example_dags/example_branch_operator_decorator.py
[2025-07-01T03:33:23.735+0000] {processor.py:925} INFO - DAG(s) 'example_branch_python_operator_decorator' retrieved from /home/airflow/.local/lib/python3.12/site-packages/airflow/example_dags/example_branch_operator_decorator.py
[2025-07-01T03:33:23.762+0000] {logging_mixin.py:190} INFO - [2025-07-01T03:33:23.762+0000] {dag.py:3239} INFO - Sync 1 DAGs
[2025-07-01T03:33:23.788+0000] {logging_mixin.py:190} INFO - [2025-07-01T03:33:23.788+0000] {dag.py:4180} INFO - Setting next_dagrun for example_branch_python_operator_decorator to 2025-06-30 00:00:00+00:00, run_after=2025-07-01 00:00:00+00:00
[2025-07-01T03:33:23.804+0000] {processor.py:208} INFO - Processing /home/airflow/.local/lib/python3.12/site-packages/airflow/example_dags/example_branch_operator_decorator.py took 0.102 seconds
[2025-07-01T03:33:54.215+0000] {processor.py:186} INFO - Started process (PID=13603) to work on /home/airflow/.local/lib/python3.12/site-packages/airflow/example_dags/example_branch_operator_decorator.py
[2025-07-01T03:33:54.216+0000] {processor.py:914} INFO - Processing file /home/airflow/.local/lib/python3.12/site-packages/airflow/example_dags/example_branch_operator_decorator.py for tasks to queue
[2025-07-01T03:33:54.219+0000] {logging_mixin.py:190} INFO - [2025-07-01T03:33:54.219+0000] {dagbag.py:588} INFO - Filling up the DagBag from /home/airflow/.local/lib/python3.12/site-packages/airflow/example_dags/example_branch_operator_decorator.py
[2025-07-01T03:33:54.245+0000] {processor.py:925} INFO - DAG(s) 'example_branch_python_operator_decorator' retrieved from /home/airflow/.local/lib/python3.12/site-packages/airflow/example_dags/example_branch_operator_decorator.py
[2025-07-01T03:33:54.272+0000] {logging_mixin.py:190} INFO - [2025-07-01T03:33:54.271+0000] {dag.py:3239} INFO - Sync 1 DAGs
[2025-07-01T03:33:54.294+0000] {logging_mixin.py:190} INFO - [2025-07-01T03:33:54.294+0000] {dag.py:4180} INFO - Setting next_dagrun for example_branch_python_operator_decorator to 2025-06-30 00:00:00+00:00, run_after=2025-07-01 00:00:00+00:00
[2025-07-01T03:33:54.314+0000] {processor.py:208} INFO - Processing /home/airflow/.local/lib/python3.12/site-packages/airflow/example_dags/example_branch_operator_decorator.py took 0.106 seconds
[2025-07-01T03:34:24.670+0000] {processor.py:186} INFO - Started process (PID=13665) to work on /home/airflow/.local/lib/python3.12/site-packages/airflow/example_dags/example_branch_operator_decorator.py
[2025-07-01T03:34:24.672+0000] {processor.py:914} INFO - Processing file /home/airflow/.local/lib/python3.12/site-packages/airflow/example_dags/example_branch_operator_decorator.py for tasks to queue
[2025-07-01T03:34:24.675+0000] {logging_mixin.py:190} INFO - [2025-07-01T03:34:24.675+0000] {dagbag.py:588} INFO - Filling up the DagBag from /home/airflow/.local/lib/python3.12/site-packages/airflow/example_dags/example_branch_operator_decorator.py
[2025-07-01T03:34:24.702+0000] {processor.py:925} INFO - DAG(s) 'example_branch_python_operator_decorator' retrieved from /home/airflow/.local/lib/python3.12/site-packages/airflow/example_dags/example_branch_operator_decorator.py
[2025-07-01T03:34:24.738+0000] {logging_mixin.py:190} INFO - [2025-07-01T03:34:24.737+0000] {dag.py:3239} INFO - Sync 1 DAGs
[2025-07-01T03:34:24.760+0000] {logging_mixin.py:190} INFO - [2025-07-01T03:34:24.760+0000] {dag.py:4180} INFO - Setting next_dagrun for example_branch_python_operator_decorator to 2025-06-30 00:00:00+00:00, run_after=2025-07-01 00:00:00+00:00
[2025-07-01T03:34:24.780+0000] {processor.py:208} INFO - Processing /home/airflow/.local/lib/python3.12/site-packages/airflow/example_dags/example_branch_operator_decorator.py took 0.117 seconds
[2025-07-01T03:34:55.081+0000] {processor.py:186} INFO - Started process (PID=13727) to work on /home/airflow/.local/lib/python3.12/site-packages/airflow/example_dags/example_branch_operator_decorator.py
[2025-07-01T03:34:55.082+0000] {processor.py:914} INFO - Processing file /home/airflow/.local/lib/python3.12/site-packages/airflow/example_dags/example_branch_operator_decorator.py for tasks to queue
[2025-07-01T03:34:55.085+0000] {logging_mixin.py:190} INFO - [2025-07-01T03:34:55.084+0000] {dagbag.py:588} INFO - Filling up the DagBag from /home/airflow/.local/lib/python3.12/site-packages/airflow/example_dags/example_branch_operator_decorator.py
[2025-07-01T03:34:55.109+0000] {processor.py:925} INFO - DAG(s) 'example_branch_python_operator_decorator' retrieved from /home/airflow/.local/lib/python3.12/site-packages/airflow/example_dags/example_branch_operator_decorator.py
[2025-07-01T03:34:55.153+0000] {logging_mixin.py:190} INFO - [2025-07-01T03:34:55.153+0000] {dag.py:3239} INFO - Sync 1 DAGs
[2025-07-01T03:34:55.187+0000] {logging_mixin.py:190} INFO - [2025-07-01T03:34:55.187+0000] {dag.py:4180} INFO - Setting next_dagrun for example_branch_python_operator_decorator to 2025-06-30 00:00:00+00:00, run_after=2025-07-01 00:00:00+00:00
[2025-07-01T03:34:55.203+0000] {processor.py:208} INFO - Processing /home/airflow/.local/lib/python3.12/site-packages/airflow/example_dags/example_branch_operator_decorator.py took 0.129 seconds
[2025-07-01T03:35:25.374+0000] {processor.py:186} INFO - Started process (PID=13788) to work on /home/airflow/.local/lib/python3.12/site-packages/airflow/example_dags/example_branch_operator_decorator.py
[2025-07-01T03:35:25.375+0000] {processor.py:914} INFO - Processing file /home/airflow/.local/lib/python3.12/site-packages/airflow/example_dags/example_branch_operator_decorator.py for tasks to queue
[2025-07-01T03:35:25.379+0000] {logging_mixin.py:190} INFO - [2025-07-01T03:35:25.378+0000] {dagbag.py:588} INFO - Filling up the DagBag from /home/airflow/.local/lib/python3.12/site-packages/airflow/example_dags/example_branch_operator_decorator.py
[2025-07-01T03:35:25.405+0000] {processor.py:925} INFO - DAG(s) 'example_branch_python_operator_decorator' retrieved from /home/airflow/.local/lib/python3.12/site-packages/airflow/example_dags/example_branch_operator_decorator.py
[2025-07-01T03:35:25.433+0000] {logging_mixin.py:190} INFO - [2025-07-01T03:35:25.433+0000] {dag.py:3239} INFO - Sync 1 DAGs
[2025-07-01T03:35:25.457+0000] {logging_mixin.py:190} INFO - [2025-07-01T03:35:25.457+0000] {dag.py:4180} INFO - Setting next_dagrun for example_branch_python_operator_decorator to 2025-06-30 00:00:00+00:00, run_after=2025-07-01 00:00:00+00:00
[2025-07-01T03:35:25.476+0000] {processor.py:208} INFO - Processing /home/airflow/.local/lib/python3.12/site-packages/airflow/example_dags/example_branch_operator_decorator.py took 0.110 seconds
[2025-07-01T03:35:55.809+0000] {processor.py:186} INFO - Started process (PID=13851) to work on /home/airflow/.local/lib/python3.12/site-packages/airflow/example_dags/example_branch_operator_decorator.py
[2025-07-01T03:35:55.811+0000] {processor.py:914} INFO - Processing file /home/airflow/.local/lib/python3.12/site-packages/airflow/example_dags/example_branch_operator_decorator.py for tasks to queue
[2025-07-01T03:35:55.815+0000] {logging_mixin.py:190} INFO - [2025-07-01T03:35:55.814+0000] {dagbag.py:588} INFO - Filling up the DagBag from /home/airflow/.local/lib/python3.12/site-packages/airflow/example_dags/example_branch_operator_decorator.py
[2025-07-01T03:35:55.851+0000] {processor.py:925} INFO - DAG(s) 'example_branch_python_operator_decorator' retrieved from /home/airflow/.local/lib/python3.12/site-packages/airflow/example_dags/example_branch_operator_decorator.py
[2025-07-01T03:35:55.898+0000] {logging_mixin.py:190} INFO - [2025-07-01T03:35:55.897+0000] {dag.py:3239} INFO - Sync 1 DAGs
[2025-07-01T03:35:55.931+0000] {logging_mixin.py:190} INFO - [2025-07-01T03:35:55.930+0000] {dag.py:4180} INFO - Setting next_dagrun for example_branch_python_operator_decorator to 2025-06-30 00:00:00+00:00, run_after=2025-07-01 00:00:00+00:00
[2025-07-01T03:35:55.955+0000] {processor.py:208} INFO - Processing /home/airflow/.local/lib/python3.12/site-packages/airflow/example_dags/example_branch_operator_decorator.py took 0.159 seconds
[2025-07-01T03:36:26.862+0000] {processor.py:186} INFO - Started process (PID=13913) to work on /home/airflow/.local/lib/python3.12/site-packages/airflow/example_dags/example_branch_operator_decorator.py
[2025-07-01T03:36:26.863+0000] {processor.py:914} INFO - Processing file /home/airflow/.local/lib/python3.12/site-packages/airflow/example_dags/example_branch_operator_decorator.py for tasks to queue
[2025-07-01T03:36:26.866+0000] {logging_mixin.py:190} INFO - [2025-07-01T03:36:26.865+0000] {dagbag.py:588} INFO - Filling up the DagBag from /home/airflow/.local/lib/python3.12/site-packages/airflow/example_dags/example_branch_operator_decorator.py
[2025-07-01T03:36:26.890+0000] {processor.py:925} INFO - DAG(s) 'example_branch_python_operator_decorator' retrieved from /home/airflow/.local/lib/python3.12/site-packages/airflow/example_dags/example_branch_operator_decorator.py
[2025-07-01T03:36:26.919+0000] {logging_mixin.py:190} INFO - [2025-07-01T03:36:26.919+0000] {dag.py:3239} INFO - Sync 1 DAGs
[2025-07-01T03:36:26.945+0000] {logging_mixin.py:190} INFO - [2025-07-01T03:36:26.945+0000] {dag.py:4180} INFO - Setting next_dagrun for example_branch_python_operator_decorator to 2025-06-30 00:00:00+00:00, run_after=2025-07-01 00:00:00+00:00
[2025-07-01T03:36:26.965+0000] {processor.py:208} INFO - Processing /home/airflow/.local/lib/python3.12/site-packages/airflow/example_dags/example_branch_operator_decorator.py took 0.110 seconds
[2025-07-01T03:36:57.493+0000] {processor.py:186} INFO - Started process (PID=13975) to work on /home/airflow/.local/lib/python3.12/site-packages/airflow/example_dags/example_branch_operator_decorator.py
[2025-07-01T03:36:57.495+0000] {processor.py:914} INFO - Processing file /home/airflow/.local/lib/python3.12/site-packages/airflow/example_dags/example_branch_operator_decorator.py for tasks to queue
[2025-07-01T03:36:57.498+0000] {logging_mixin.py:190} INFO - [2025-07-01T03:36:57.498+0000] {dagbag.py:588} INFO - Filling up the DagBag from /home/airflow/.local/lib/python3.12/site-packages/airflow/example_dags/example_branch_operator_decorator.py
[2025-07-01T03:36:57.524+0000] {processor.py:925} INFO - DAG(s) 'example_branch_python_operator_decorator' retrieved from /home/airflow/.local/lib/python3.12/site-packages/airflow/example_dags/example_branch_operator_decorator.py
[2025-07-01T03:36:57.555+0000] {logging_mixin.py:190} INFO - [2025-07-01T03:36:57.554+0000] {dag.py:3239} INFO - Sync 1 DAGs
[2025-07-01T03:36:57.578+0000] {logging_mixin.py:190} INFO - [2025-07-01T03:36:57.577+0000] {dag.py:4180} INFO - Setting next_dagrun for example_branch_python_operator_decorator to 2025-06-30 00:00:00+00:00, run_after=2025-07-01 00:00:00+00:00
[2025-07-01T03:36:57.597+0000] {processor.py:208} INFO - Processing /home/airflow/.local/lib/python3.12/site-packages/airflow/example_dags/example_branch_operator_decorator.py took 0.113 seconds
[2025-07-01T03:37:27.773+0000] {processor.py:186} INFO - Started process (PID=14036) to work on /home/airflow/.local/lib/python3.12/site-packages/airflow/example_dags/example_branch_operator_decorator.py
[2025-07-01T03:37:27.774+0000] {processor.py:914} INFO - Processing file /home/airflow/.local/lib/python3.12/site-packages/airflow/example_dags/example_branch_operator_decorator.py for tasks to queue
[2025-07-01T03:37:27.776+0000] {logging_mixin.py:190} INFO - [2025-07-01T03:37:27.776+0000] {dagbag.py:588} INFO - Filling up the DagBag from /home/airflow/.local/lib/python3.12/site-packages/airflow/example_dags/example_branch_operator_decorator.py
[2025-07-01T03:37:27.796+0000] {processor.py:925} INFO - DAG(s) 'example_branch_python_operator_decorator' retrieved from /home/airflow/.local/lib/python3.12/site-packages/airflow/example_dags/example_branch_operator_decorator.py
[2025-07-01T03:37:27.823+0000] {logging_mixin.py:190} INFO - [2025-07-01T03:37:27.822+0000] {dag.py:3239} INFO - Sync 1 DAGs
[2025-07-01T03:37:27.848+0000] {logging_mixin.py:190} INFO - [2025-07-01T03:37:27.848+0000] {dag.py:4180} INFO - Setting next_dagrun for example_branch_python_operator_decorator to 2025-06-30 00:00:00+00:00, run_after=2025-07-01 00:00:00+00:00
[2025-07-01T03:37:27.877+0000] {processor.py:208} INFO - Processing /home/airflow/.local/lib/python3.12/site-packages/airflow/example_dags/example_branch_operator_decorator.py took 0.110 seconds
[2025-07-01T03:37:57.924+0000] {processor.py:186} INFO - Started process (PID=14098) to work on /home/airflow/.local/lib/python3.12/site-packages/airflow/example_dags/example_branch_operator_decorator.py
[2025-07-01T03:37:57.925+0000] {processor.py:914} INFO - Processing file /home/airflow/.local/lib/python3.12/site-packages/airflow/example_dags/example_branch_operator_decorator.py for tasks to queue
[2025-07-01T03:37:57.928+0000] {logging_mixin.py:190} INFO - [2025-07-01T03:37:57.927+0000] {dagbag.py:588} INFO - Filling up the DagBag from /home/airflow/.local/lib/python3.12/site-packages/airflow/example_dags/example_branch_operator_decorator.py
[2025-07-01T03:37:57.947+0000] {processor.py:925} INFO - DAG(s) 'example_branch_python_operator_decorator' retrieved from /home/airflow/.local/lib/python3.12/site-packages/airflow/example_dags/example_branch_operator_decorator.py
[2025-07-01T03:37:57.972+0000] {logging_mixin.py:190} INFO - [2025-07-01T03:37:57.972+0000] {dag.py:3239} INFO - Sync 1 DAGs
[2025-07-01T03:37:57.993+0000] {logging_mixin.py:190} INFO - [2025-07-01T03:37:57.993+0000] {dag.py:4180} INFO - Setting next_dagrun for example_branch_python_operator_decorator to 2025-06-30 00:00:00+00:00, run_after=2025-07-01 00:00:00+00:00
[2025-07-01T03:37:58.009+0000] {processor.py:208} INFO - Processing /home/airflow/.local/lib/python3.12/site-packages/airflow/example_dags/example_branch_operator_decorator.py took 0.090 seconds
[2025-07-01T03:38:28.637+0000] {processor.py:186} INFO - Started process (PID=14160) to work on /home/airflow/.local/lib/python3.12/site-packages/airflow/example_dags/example_branch_operator_decorator.py
[2025-07-01T03:38:28.638+0000] {processor.py:914} INFO - Processing file /home/airflow/.local/lib/python3.12/site-packages/airflow/example_dags/example_branch_operator_decorator.py for tasks to queue
[2025-07-01T03:38:28.640+0000] {logging_mixin.py:190} INFO - [2025-07-01T03:38:28.640+0000] {dagbag.py:588} INFO - Filling up the DagBag from /home/airflow/.local/lib/python3.12/site-packages/airflow/example_dags/example_branch_operator_decorator.py
[2025-07-01T03:38:28.658+0000] {processor.py:925} INFO - DAG(s) 'example_branch_python_operator_decorator' retrieved from /home/airflow/.local/lib/python3.12/site-packages/airflow/example_dags/example_branch_operator_decorator.py
[2025-07-01T03:38:28.683+0000] {logging_mixin.py:190} INFO - [2025-07-01T03:38:28.683+0000] {dag.py:3239} INFO - Sync 1 DAGs
[2025-07-01T03:38:28.705+0000] {logging_mixin.py:190} INFO - [2025-07-01T03:38:28.704+0000] {dag.py:4180} INFO - Setting next_dagrun for example_branch_python_operator_decorator to 2025-06-30 00:00:00+00:00, run_after=2025-07-01 00:00:00+00:00
[2025-07-01T03:38:28.731+0000] {processor.py:208} INFO - Processing /home/airflow/.local/lib/python3.12/site-packages/airflow/example_dags/example_branch_operator_decorator.py took 0.099 seconds
[2025-07-01T03:38:59.493+0000] {processor.py:186} INFO - Started process (PID=14222) to work on /home/airflow/.local/lib/python3.12/site-packages/airflow/example_dags/example_branch_operator_decorator.py
[2025-07-01T03:38:59.494+0000] {processor.py:914} INFO - Processing file /home/airflow/.local/lib/python3.12/site-packages/airflow/example_dags/example_branch_operator_decorator.py for tasks to queue
[2025-07-01T03:38:59.496+0000] {logging_mixin.py:190} INFO - [2025-07-01T03:38:59.496+0000] {dagbag.py:588} INFO - Filling up the DagBag from /home/airflow/.local/lib/python3.12/site-packages/airflow/example_dags/example_branch_operator_decorator.py
[2025-07-01T03:38:59.515+0000] {processor.py:925} INFO - DAG(s) 'example_branch_python_operator_decorator' retrieved from /home/airflow/.local/lib/python3.12/site-packages/airflow/example_dags/example_branch_operator_decorator.py
[2025-07-01T03:38:59.540+0000] {logging_mixin.py:190} INFO - [2025-07-01T03:38:59.539+0000] {dag.py:3239} INFO - Sync 1 DAGs
[2025-07-01T03:38:59.561+0000] {logging_mixin.py:190} INFO - [2025-07-01T03:38:59.561+0000] {dag.py:4180} INFO - Setting next_dagrun for example_branch_python_operator_decorator to 2025-06-30 00:00:00+00:00, run_after=2025-07-01 00:00:00+00:00
[2025-07-01T03:38:59.586+0000] {processor.py:208} INFO - Processing /home/airflow/.local/lib/python3.12/site-packages/airflow/example_dags/example_branch_operator_decorator.py took 0.099 seconds
[2025-07-01T03:39:30.209+0000] {processor.py:186} INFO - Started process (PID=14284) to work on /home/airflow/.local/lib/python3.12/site-packages/airflow/example_dags/example_branch_operator_decorator.py
[2025-07-01T03:39:30.210+0000] {processor.py:914} INFO - Processing file /home/airflow/.local/lib/python3.12/site-packages/airflow/example_dags/example_branch_operator_decorator.py for tasks to queue
[2025-07-01T03:39:30.212+0000] {logging_mixin.py:190} INFO - [2025-07-01T03:39:30.212+0000] {dagbag.py:588} INFO - Filling up the DagBag from /home/airflow/.local/lib/python3.12/site-packages/airflow/example_dags/example_branch_operator_decorator.py
[2025-07-01T03:39:30.231+0000] {processor.py:925} INFO - DAG(s) 'example_branch_python_operator_decorator' retrieved from /home/airflow/.local/lib/python3.12/site-packages/airflow/example_dags/example_branch_operator_decorator.py
[2025-07-01T03:39:30.256+0000] {logging_mixin.py:190} INFO - [2025-07-01T03:39:30.256+0000] {dag.py:3239} INFO - Sync 1 DAGs
[2025-07-01T03:39:30.278+0000] {logging_mixin.py:190} INFO - [2025-07-01T03:39:30.278+0000] {dag.py:4180} INFO - Setting next_dagrun for example_branch_python_operator_decorator to 2025-06-30 00:00:00+00:00, run_after=2025-07-01 00:00:00+00:00
[2025-07-01T03:39:30.295+0000] {processor.py:208} INFO - Processing /home/airflow/.local/lib/python3.12/site-packages/airflow/example_dags/example_branch_operator_decorator.py took 0.092 seconds
[2025-07-01T03:40:00.899+0000] {processor.py:186} INFO - Started process (PID=14346) to work on /home/airflow/.local/lib/python3.12/site-packages/airflow/example_dags/example_branch_operator_decorator.py
[2025-07-01T03:40:00.900+0000] {processor.py:914} INFO - Processing file /home/airflow/.local/lib/python3.12/site-packages/airflow/example_dags/example_branch_operator_decorator.py for tasks to queue
[2025-07-01T03:40:00.902+0000] {logging_mixin.py:190} INFO - [2025-07-01T03:40:00.902+0000] {dagbag.py:588} INFO - Filling up the DagBag from /home/airflow/.local/lib/python3.12/site-packages/airflow/example_dags/example_branch_operator_decorator.py
[2025-07-01T03:40:00.922+0000] {processor.py:925} INFO - DAG(s) 'example_branch_python_operator_decorator' retrieved from /home/airflow/.local/lib/python3.12/site-packages/airflow/example_dags/example_branch_operator_decorator.py
[2025-07-01T03:40:00.948+0000] {logging_mixin.py:190} INFO - [2025-07-01T03:40:00.947+0000] {dag.py:3239} INFO - Sync 1 DAGs
[2025-07-01T03:40:00.969+0000] {logging_mixin.py:190} INFO - [2025-07-01T03:40:00.969+0000] {dag.py:4180} INFO - Setting next_dagrun for example_branch_python_operator_decorator to 2025-06-30 00:00:00+00:00, run_after=2025-07-01 00:00:00+00:00
[2025-07-01T03:40:00.985+0000] {processor.py:208} INFO - Processing /home/airflow/.local/lib/python3.12/site-packages/airflow/example_dags/example_branch_operator_decorator.py took 0.092 seconds
[2025-07-01T03:40:31.691+0000] {processor.py:186} INFO - Started process (PID=14408) to work on /home/airflow/.local/lib/python3.12/site-packages/airflow/example_dags/example_branch_operator_decorator.py
[2025-07-01T03:40:31.692+0000] {processor.py:914} INFO - Processing file /home/airflow/.local/lib/python3.12/site-packages/airflow/example_dags/example_branch_operator_decorator.py for tasks to queue
[2025-07-01T03:40:31.695+0000] {logging_mixin.py:190} INFO - [2025-07-01T03:40:31.695+0000] {dagbag.py:588} INFO - Filling up the DagBag from /home/airflow/.local/lib/python3.12/site-packages/airflow/example_dags/example_branch_operator_decorator.py
[2025-07-01T03:40:31.715+0000] {processor.py:925} INFO - DAG(s) 'example_branch_python_operator_decorator' retrieved from /home/airflow/.local/lib/python3.12/site-packages/airflow/example_dags/example_branch_operator_decorator.py
[2025-07-01T03:40:31.739+0000] {logging_mixin.py:190} INFO - [2025-07-01T03:40:31.739+0000] {dag.py:3239} INFO - Sync 1 DAGs
[2025-07-01T03:40:31.760+0000] {logging_mixin.py:190} INFO - [2025-07-01T03:40:31.760+0000] {dag.py:4180} INFO - Setting next_dagrun for example_branch_python_operator_decorator to 2025-06-30 00:00:00+00:00, run_after=2025-07-01 00:00:00+00:00
[2025-07-01T03:40:31.799+0000] {processor.py:208} INFO - Processing /home/airflow/.local/lib/python3.12/site-packages/airflow/example_dags/example_branch_operator_decorator.py took 0.114 seconds
[2025-07-01T03:41:02.632+0000] {processor.py:186} INFO - Started process (PID=14470) to work on /home/airflow/.local/lib/python3.12/site-packages/airflow/example_dags/example_branch_operator_decorator.py
[2025-07-01T03:41:02.633+0000] {processor.py:914} INFO - Processing file /home/airflow/.local/lib/python3.12/site-packages/airflow/example_dags/example_branch_operator_decorator.py for tasks to queue
[2025-07-01T03:41:02.636+0000] {logging_mixin.py:190} INFO - [2025-07-01T03:41:02.636+0000] {dagbag.py:588} INFO - Filling up the DagBag from /home/airflow/.local/lib/python3.12/site-packages/airflow/example_dags/example_branch_operator_decorator.py
[2025-07-01T03:41:02.659+0000] {processor.py:925} INFO - DAG(s) 'example_branch_python_operator_decorator' retrieved from /home/airflow/.local/lib/python3.12/site-packages/airflow/example_dags/example_branch_operator_decorator.py
[2025-07-01T03:41:02.693+0000] {logging_mixin.py:190} INFO - [2025-07-01T03:41:02.693+0000] {dag.py:3239} INFO - Sync 1 DAGs
[2025-07-01T03:41:02.721+0000] {logging_mixin.py:190} INFO - [2025-07-01T03:41:02.721+0000] {dag.py:4180} INFO - Setting next_dagrun for example_branch_python_operator_decorator to 2025-06-30 00:00:00+00:00, run_after=2025-07-01 00:00:00+00:00
[2025-07-01T03:41:02.741+0000] {processor.py:208} INFO - Processing /home/airflow/.local/lib/python3.12/site-packages/airflow/example_dags/example_branch_operator_decorator.py took 0.115 seconds
[2025-07-01T03:41:32.855+0000] {processor.py:186} INFO - Started process (PID=14532) to work on /home/airflow/.local/lib/python3.12/site-packages/airflow/example_dags/example_branch_operator_decorator.py
[2025-07-01T03:41:32.856+0000] {processor.py:914} INFO - Processing file /home/airflow/.local/lib/python3.12/site-packages/airflow/example_dags/example_branch_operator_decorator.py for tasks to queue
[2025-07-01T03:41:32.860+0000] {logging_mixin.py:190} INFO - [2025-07-01T03:41:32.859+0000] {dagbag.py:588} INFO - Filling up the DagBag from /home/airflow/.local/lib/python3.12/site-packages/airflow/example_dags/example_branch_operator_decorator.py
[2025-07-01T03:41:32.888+0000] {processor.py:925} INFO - DAG(s) 'example_branch_python_operator_decorator' retrieved from /home/airflow/.local/lib/python3.12/site-packages/airflow/example_dags/example_branch_operator_decorator.py
[2025-07-01T03:41:32.915+0000] {logging_mixin.py:190} INFO - [2025-07-01T03:41:32.915+0000] {dag.py:3239} INFO - Sync 1 DAGs
[2025-07-01T03:41:32.936+0000] {logging_mixin.py:190} INFO - [2025-07-01T03:41:32.936+0000] {dag.py:4180} INFO - Setting next_dagrun for example_branch_python_operator_decorator to 2025-06-30 00:00:00+00:00, run_after=2025-07-01 00:00:00+00:00
[2025-07-01T03:41:32.951+0000] {processor.py:208} INFO - Processing /home/airflow/.local/lib/python3.12/site-packages/airflow/example_dags/example_branch_operator_decorator.py took 0.105 seconds
[2025-07-01T03:42:03.370+0000] {processor.py:186} INFO - Started process (PID=14594) to work on /home/airflow/.local/lib/python3.12/site-packages/airflow/example_dags/example_branch_operator_decorator.py
[2025-07-01T03:42:03.371+0000] {processor.py:914} INFO - Processing file /home/airflow/.local/lib/python3.12/site-packages/airflow/example_dags/example_branch_operator_decorator.py for tasks to queue
[2025-07-01T03:42:03.374+0000] {logging_mixin.py:190} INFO - [2025-07-01T03:42:03.373+0000] {dagbag.py:588} INFO - Filling up the DagBag from /home/airflow/.local/lib/python3.12/site-packages/airflow/example_dags/example_branch_operator_decorator.py
[2025-07-01T03:42:03.402+0000] {processor.py:925} INFO - DAG(s) 'example_branch_python_operator_decorator' retrieved from /home/airflow/.local/lib/python3.12/site-packages/airflow/example_dags/example_branch_operator_decorator.py
[2025-07-01T03:42:03.430+0000] {logging_mixin.py:190} INFO - [2025-07-01T03:42:03.430+0000] {dag.py:3239} INFO - Sync 1 DAGs
[2025-07-01T03:42:03.452+0000] {logging_mixin.py:190} INFO - [2025-07-01T03:42:03.452+0000] {dag.py:4180} INFO - Setting next_dagrun for example_branch_python_operator_decorator to 2025-06-30 00:00:00+00:00, run_after=2025-07-01 00:00:00+00:00
[2025-07-01T03:42:03.469+0000] {processor.py:208} INFO - Processing /home/airflow/.local/lib/python3.12/site-packages/airflow/example_dags/example_branch_operator_decorator.py took 0.109 seconds
[2025-07-01T03:42:35.260+0000] {processor.py:186} INFO - Started process (PID=14656) to work on /home/airflow/.local/lib/python3.12/site-packages/airflow/example_dags/example_branch_operator_decorator.py
[2025-07-01T03:42:35.261+0000] {processor.py:914} INFO - Processing file /home/airflow/.local/lib/python3.12/site-packages/airflow/example_dags/example_branch_operator_decorator.py for tasks to queue
[2025-07-01T03:42:35.264+0000] {logging_mixin.py:190} INFO - [2025-07-01T03:42:35.264+0000] {dagbag.py:588} INFO - Filling up the DagBag from /home/airflow/.local/lib/python3.12/site-packages/airflow/example_dags/example_branch_operator_decorator.py
[2025-07-01T03:42:35.285+0000] {processor.py:925} INFO - DAG(s) 'example_branch_python_operator_decorator' retrieved from /home/airflow/.local/lib/python3.12/site-packages/airflow/example_dags/example_branch_operator_decorator.py
[2025-07-01T03:42:35.311+0000] {logging_mixin.py:190} INFO - [2025-07-01T03:42:35.311+0000] {dag.py:3239} INFO - Sync 1 DAGs
[2025-07-01T03:42:35.333+0000] {logging_mixin.py:190} INFO - [2025-07-01T03:42:35.333+0000] {dag.py:4180} INFO - Setting next_dagrun for example_branch_python_operator_decorator to 2025-06-30 00:00:00+00:00, run_after=2025-07-01 00:00:00+00:00
[2025-07-01T03:42:35.357+0000] {processor.py:208} INFO - Processing /home/airflow/.local/lib/python3.12/site-packages/airflow/example_dags/example_branch_operator_decorator.py took 0.103 seconds
[2025-07-01T03:43:06.296+0000] {processor.py:186} INFO - Started process (PID=14719) to work on /home/airflow/.local/lib/python3.12/site-packages/airflow/example_dags/example_branch_operator_decorator.py
[2025-07-01T03:43:06.297+0000] {processor.py:914} INFO - Processing file /home/airflow/.local/lib/python3.12/site-packages/airflow/example_dags/example_branch_operator_decorator.py for tasks to queue
[2025-07-01T03:43:06.299+0000] {logging_mixin.py:190} INFO - [2025-07-01T03:43:06.299+0000] {dagbag.py:588} INFO - Filling up the DagBag from /home/airflow/.local/lib/python3.12/site-packages/airflow/example_dags/example_branch_operator_decorator.py
[2025-07-01T03:43:06.323+0000] {processor.py:925} INFO - DAG(s) 'example_branch_python_operator_decorator' retrieved from /home/airflow/.local/lib/python3.12/site-packages/airflow/example_dags/example_branch_operator_decorator.py
[2025-07-01T03:43:06.355+0000] {logging_mixin.py:190} INFO - [2025-07-01T03:43:06.355+0000] {dag.py:3239} INFO - Sync 1 DAGs
[2025-07-01T03:43:06.382+0000] {logging_mixin.py:190} INFO - [2025-07-01T03:43:06.382+0000] {dag.py:4180} INFO - Setting next_dagrun for example_branch_python_operator_decorator to 2025-06-30 00:00:00+00:00, run_after=2025-07-01 00:00:00+00:00
[2025-07-01T03:43:06.404+0000] {processor.py:208} INFO - Processing /home/airflow/.local/lib/python3.12/site-packages/airflow/example_dags/example_branch_operator_decorator.py took 0.114 seconds
[2025-07-01T03:43:36.454+0000] {processor.py:186} INFO - Started process (PID=14780) to work on /home/airflow/.local/lib/python3.12/site-packages/airflow/example_dags/example_branch_operator_decorator.py
[2025-07-01T03:43:36.455+0000] {processor.py:914} INFO - Processing file /home/airflow/.local/lib/python3.12/site-packages/airflow/example_dags/example_branch_operator_decorator.py for tasks to queue
[2025-07-01T03:43:36.457+0000] {logging_mixin.py:190} INFO - [2025-07-01T03:43:36.457+0000] {dagbag.py:588} INFO - Filling up the DagBag from /home/airflow/.local/lib/python3.12/site-packages/airflow/example_dags/example_branch_operator_decorator.py
[2025-07-01T03:43:36.477+0000] {processor.py:925} INFO - DAG(s) 'example_branch_python_operator_decorator' retrieved from /home/airflow/.local/lib/python3.12/site-packages/airflow/example_dags/example_branch_operator_decorator.py
[2025-07-01T03:43:36.503+0000] {logging_mixin.py:190} INFO - [2025-07-01T03:43:36.502+0000] {dag.py:3239} INFO - Sync 1 DAGs
[2025-07-01T03:43:36.524+0000] {logging_mixin.py:190} INFO - [2025-07-01T03:43:36.523+0000] {dag.py:4180} INFO - Setting next_dagrun for example_branch_python_operator_decorator to 2025-06-30 00:00:00+00:00, run_after=2025-07-01 00:00:00+00:00
[2025-07-01T03:43:36.540+0000] {processor.py:208} INFO - Processing /home/airflow/.local/lib/python3.12/site-packages/airflow/example_dags/example_branch_operator_decorator.py took 0.092 seconds
[2025-07-01T03:44:07.692+0000] {processor.py:186} INFO - Started process (PID=14842) to work on /home/airflow/.local/lib/python3.12/site-packages/airflow/example_dags/example_branch_operator_decorator.py
[2025-07-01T03:44:07.693+0000] {processor.py:914} INFO - Processing file /home/airflow/.local/lib/python3.12/site-packages/airflow/example_dags/example_branch_operator_decorator.py for tasks to queue
[2025-07-01T03:44:07.696+0000] {logging_mixin.py:190} INFO - [2025-07-01T03:44:07.696+0000] {dagbag.py:588} INFO - Filling up the DagBag from /home/airflow/.local/lib/python3.12/site-packages/airflow/example_dags/example_branch_operator_decorator.py
[2025-07-01T03:44:07.718+0000] {processor.py:925} INFO - DAG(s) 'example_branch_python_operator_decorator' retrieved from /home/airflow/.local/lib/python3.12/site-packages/airflow/example_dags/example_branch_operator_decorator.py
[2025-07-01T03:44:07.743+0000] {logging_mixin.py:190} INFO - [2025-07-01T03:44:07.742+0000] {dag.py:3239} INFO - Sync 1 DAGs
[2025-07-01T03:44:07.766+0000] {logging_mixin.py:190} INFO - [2025-07-01T03:44:07.766+0000] {dag.py:4180} INFO - Setting next_dagrun for example_branch_python_operator_decorator to 2025-06-30 00:00:00+00:00, run_after=2025-07-01 00:00:00+00:00
[2025-07-01T03:44:07.783+0000] {processor.py:208} INFO - Processing /home/airflow/.local/lib/python3.12/site-packages/airflow/example_dags/example_branch_operator_decorator.py took 0.097 seconds
[2025-07-01T03:44:39.197+0000] {processor.py:186} INFO - Started process (PID=14904) to work on /home/airflow/.local/lib/python3.12/site-packages/airflow/example_dags/example_branch_operator_decorator.py
[2025-07-01T03:44:39.198+0000] {processor.py:914} INFO - Processing file /home/airflow/.local/lib/python3.12/site-packages/airflow/example_dags/example_branch_operator_decorator.py for tasks to queue
[2025-07-01T03:44:39.201+0000] {logging_mixin.py:190} INFO - [2025-07-01T03:44:39.200+0000] {dagbag.py:588} INFO - Filling up the DagBag from /home/airflow/.local/lib/python3.12/site-packages/airflow/example_dags/example_branch_operator_decorator.py
[2025-07-01T03:44:39.224+0000] {processor.py:925} INFO - DAG(s) 'example_branch_python_operator_decorator' retrieved from /home/airflow/.local/lib/python3.12/site-packages/airflow/example_dags/example_branch_operator_decorator.py
[2025-07-01T03:44:39.254+0000] {logging_mixin.py:190} INFO - [2025-07-01T03:44:39.254+0000] {dag.py:3239} INFO - Sync 1 DAGs
[2025-07-01T03:44:39.281+0000] {logging_mixin.py:190} INFO - [2025-07-01T03:44:39.281+0000] {dag.py:4180} INFO - Setting next_dagrun for example_branch_python_operator_decorator to 2025-06-30 00:00:00+00:00, run_after=2025-07-01 00:00:00+00:00
[2025-07-01T03:44:39.307+0000] {processor.py:208} INFO - Processing /home/airflow/.local/lib/python3.12/site-packages/airflow/example_dags/example_branch_operator_decorator.py took 0.116 seconds
[2025-07-01T03:45:09.615+0000] {processor.py:186} INFO - Started process (PID=14966) to work on /home/airflow/.local/lib/python3.12/site-packages/airflow/example_dags/example_branch_operator_decorator.py
[2025-07-01T03:45:09.616+0000] {processor.py:914} INFO - Processing file /home/airflow/.local/lib/python3.12/site-packages/airflow/example_dags/example_branch_operator_decorator.py for tasks to queue
[2025-07-01T03:45:09.618+0000] {logging_mixin.py:190} INFO - [2025-07-01T03:45:09.618+0000] {dagbag.py:588} INFO - Filling up the DagBag from /home/airflow/.local/lib/python3.12/site-packages/airflow/example_dags/example_branch_operator_decorator.py
[2025-07-01T03:45:09.639+0000] {processor.py:925} INFO - DAG(s) 'example_branch_python_operator_decorator' retrieved from /home/airflow/.local/lib/python3.12/site-packages/airflow/example_dags/example_branch_operator_decorator.py
[2025-07-01T03:45:09.667+0000] {logging_mixin.py:190} INFO - [2025-07-01T03:45:09.667+0000] {dag.py:3239} INFO - Sync 1 DAGs
[2025-07-01T03:45:09.690+0000] {logging_mixin.py:190} INFO - [2025-07-01T03:45:09.690+0000] {dag.py:4180} INFO - Setting next_dagrun for example_branch_python_operator_decorator to 2025-06-30 00:00:00+00:00, run_after=2025-07-01 00:00:00+00:00
[2025-07-01T03:45:09.711+0000] {processor.py:208} INFO - Processing /home/airflow/.local/lib/python3.12/site-packages/airflow/example_dags/example_branch_operator_decorator.py took 0.102 seconds
[2025-07-01T03:45:40.530+0000] {processor.py:186} INFO - Started process (PID=15028) to work on /home/airflow/.local/lib/python3.12/site-packages/airflow/example_dags/example_branch_operator_decorator.py
[2025-07-01T03:45:40.531+0000] {processor.py:914} INFO - Processing file /home/airflow/.local/lib/python3.12/site-packages/airflow/example_dags/example_branch_operator_decorator.py for tasks to queue
[2025-07-01T03:45:40.534+0000] {logging_mixin.py:190} INFO - [2025-07-01T03:45:40.534+0000] {dagbag.py:588} INFO - Filling up the DagBag from /home/airflow/.local/lib/python3.12/site-packages/airflow/example_dags/example_branch_operator_decorator.py
[2025-07-01T03:45:40.556+0000] {processor.py:925} INFO - DAG(s) 'example_branch_python_operator_decorator' retrieved from /home/airflow/.local/lib/python3.12/site-packages/airflow/example_dags/example_branch_operator_decorator.py
[2025-07-01T03:45:40.581+0000] {logging_mixin.py:190} INFO - [2025-07-01T03:45:40.581+0000] {dag.py:3239} INFO - Sync 1 DAGs
[2025-07-01T03:45:40.604+0000] {logging_mixin.py:190} INFO - [2025-07-01T03:45:40.603+0000] {dag.py:4180} INFO - Setting next_dagrun for example_branch_python_operator_decorator to 2025-06-30 00:00:00+00:00, run_after=2025-07-01 00:00:00+00:00
[2025-07-01T03:45:40.619+0000] {processor.py:208} INFO - Processing /home/airflow/.local/lib/python3.12/site-packages/airflow/example_dags/example_branch_operator_decorator.py took 0.095 seconds
[2025-07-01T03:46:11.536+0000] {processor.py:186} INFO - Started process (PID=15090) to work on /home/airflow/.local/lib/python3.12/site-packages/airflow/example_dags/example_branch_operator_decorator.py
[2025-07-01T03:46:11.537+0000] {processor.py:914} INFO - Processing file /home/airflow/.local/lib/python3.12/site-packages/airflow/example_dags/example_branch_operator_decorator.py for tasks to queue
[2025-07-01T03:46:11.540+0000] {logging_mixin.py:190} INFO - [2025-07-01T03:46:11.539+0000] {dagbag.py:588} INFO - Filling up the DagBag from /home/airflow/.local/lib/python3.12/site-packages/airflow/example_dags/example_branch_operator_decorator.py
[2025-07-01T03:46:11.560+0000] {processor.py:925} INFO - DAG(s) 'example_branch_python_operator_decorator' retrieved from /home/airflow/.local/lib/python3.12/site-packages/airflow/example_dags/example_branch_operator_decorator.py
[2025-07-01T03:46:11.586+0000] {logging_mixin.py:190} INFO - [2025-07-01T03:46:11.586+0000] {dag.py:3239} INFO - Sync 1 DAGs
[2025-07-01T03:46:11.610+0000] {logging_mixin.py:190} INFO - [2025-07-01T03:46:11.610+0000] {dag.py:4180} INFO - Setting next_dagrun for example_branch_python_operator_decorator to 2025-06-30 00:00:00+00:00, run_after=2025-07-01 00:00:00+00:00
[2025-07-01T03:46:11.630+0000] {processor.py:208} INFO - Processing /home/airflow/.local/lib/python3.12/site-packages/airflow/example_dags/example_branch_operator_decorator.py took 0.100 seconds
[2025-07-01T03:46:42.046+0000] {processor.py:186} INFO - Started process (PID=15152) to work on /home/airflow/.local/lib/python3.12/site-packages/airflow/example_dags/example_branch_operator_decorator.py
[2025-07-01T03:46:42.047+0000] {processor.py:914} INFO - Processing file /home/airflow/.local/lib/python3.12/site-packages/airflow/example_dags/example_branch_operator_decorator.py for tasks to queue
[2025-07-01T03:46:42.050+0000] {logging_mixin.py:190} INFO - [2025-07-01T03:46:42.050+0000] {dagbag.py:588} INFO - Filling up the DagBag from /home/airflow/.local/lib/python3.12/site-packages/airflow/example_dags/example_branch_operator_decorator.py
[2025-07-01T03:46:42.071+0000] {processor.py:925} INFO - DAG(s) 'example_branch_python_operator_decorator' retrieved from /home/airflow/.local/lib/python3.12/site-packages/airflow/example_dags/example_branch_operator_decorator.py
[2025-07-01T03:46:42.096+0000] {logging_mixin.py:190} INFO - [2025-07-01T03:46:42.096+0000] {dag.py:3239} INFO - Sync 1 DAGs
[2025-07-01T03:46:42.120+0000] {logging_mixin.py:190} INFO - [2025-07-01T03:46:42.119+0000] {dag.py:4180} INFO - Setting next_dagrun for example_branch_python_operator_decorator to 2025-06-30 00:00:00+00:00, run_after=2025-07-01 00:00:00+00:00
[2025-07-01T03:46:42.137+0000] {processor.py:208} INFO - Processing /home/airflow/.local/lib/python3.12/site-packages/airflow/example_dags/example_branch_operator_decorator.py took 0.097 seconds
[2025-07-01T03:47:13.161+0000] {processor.py:186} INFO - Started process (PID=15214) to work on /home/airflow/.local/lib/python3.12/site-packages/airflow/example_dags/example_branch_operator_decorator.py
[2025-07-01T03:47:13.162+0000] {processor.py:914} INFO - Processing file /home/airflow/.local/lib/python3.12/site-packages/airflow/example_dags/example_branch_operator_decorator.py for tasks to queue
[2025-07-01T03:47:13.165+0000] {logging_mixin.py:190} INFO - [2025-07-01T03:47:13.164+0000] {dagbag.py:588} INFO - Filling up the DagBag from /home/airflow/.local/lib/python3.12/site-packages/airflow/example_dags/example_branch_operator_decorator.py
[2025-07-01T03:47:13.184+0000] {processor.py:925} INFO - DAG(s) 'example_branch_python_operator_decorator' retrieved from /home/airflow/.local/lib/python3.12/site-packages/airflow/example_dags/example_branch_operator_decorator.py
[2025-07-01T03:47:13.210+0000] {logging_mixin.py:190} INFO - [2025-07-01T03:47:13.210+0000] {dag.py:3239} INFO - Sync 1 DAGs
[2025-07-01T03:47:13.233+0000] {logging_mixin.py:190} INFO - [2025-07-01T03:47:13.233+0000] {dag.py:4180} INFO - Setting next_dagrun for example_branch_python_operator_decorator to 2025-06-30 00:00:00+00:00, run_after=2025-07-01 00:00:00+00:00
[2025-07-01T03:47:13.249+0000] {processor.py:208} INFO - Processing /home/airflow/.local/lib/python3.12/site-packages/airflow/example_dags/example_branch_operator_decorator.py took 0.094 seconds
[2025-07-01T03:47:44.874+0000] {processor.py:186} INFO - Started process (PID=15277) to work on /home/airflow/.local/lib/python3.12/site-packages/airflow/example_dags/example_branch_operator_decorator.py
[2025-07-01T03:47:44.875+0000] {processor.py:914} INFO - Processing file /home/airflow/.local/lib/python3.12/site-packages/airflow/example_dags/example_branch_operator_decorator.py for tasks to queue
[2025-07-01T03:47:44.878+0000] {logging_mixin.py:190} INFO - [2025-07-01T03:47:44.877+0000] {dagbag.py:588} INFO - Filling up the DagBag from /home/airflow/.local/lib/python3.12/site-packages/airflow/example_dags/example_branch_operator_decorator.py
[2025-07-01T03:47:44.900+0000] {processor.py:925} INFO - DAG(s) 'example_branch_python_operator_decorator' retrieved from /home/airflow/.local/lib/python3.12/site-packages/airflow/example_dags/example_branch_operator_decorator.py
[2025-07-01T03:47:44.928+0000] {logging_mixin.py:190} INFO - [2025-07-01T03:47:44.928+0000] {dag.py:3239} INFO - Sync 1 DAGs
[2025-07-01T03:47:44.952+0000] {logging_mixin.py:190} INFO - [2025-07-01T03:47:44.951+0000] {dag.py:4180} INFO - Setting next_dagrun for example_branch_python_operator_decorator to 2025-06-30 00:00:00+00:00, run_after=2025-07-01 00:00:00+00:00
[2025-07-01T03:47:44.973+0000] {processor.py:208} INFO - Processing /home/airflow/.local/lib/python3.12/site-packages/airflow/example_dags/example_branch_operator_decorator.py took 0.105 seconds
[2025-07-01T03:48:15.093+0000] {processor.py:186} INFO - Started process (PID=15338) to work on /home/airflow/.local/lib/python3.12/site-packages/airflow/example_dags/example_branch_operator_decorator.py
[2025-07-01T03:48:15.094+0000] {processor.py:914} INFO - Processing file /home/airflow/.local/lib/python3.12/site-packages/airflow/example_dags/example_branch_operator_decorator.py for tasks to queue
[2025-07-01T03:48:15.096+0000] {logging_mixin.py:190} INFO - [2025-07-01T03:48:15.096+0000] {dagbag.py:588} INFO - Filling up the DagBag from /home/airflow/.local/lib/python3.12/site-packages/airflow/example_dags/example_branch_operator_decorator.py
[2025-07-01T03:48:15.126+0000] {processor.py:925} INFO - DAG(s) 'example_branch_python_operator_decorator' retrieved from /home/airflow/.local/lib/python3.12/site-packages/airflow/example_dags/example_branch_operator_decorator.py
[2025-07-01T03:48:15.150+0000] {logging_mixin.py:190} INFO - [2025-07-01T03:48:15.150+0000] {dag.py:3239} INFO - Sync 1 DAGs
[2025-07-01T03:48:15.171+0000] {logging_mixin.py:190} INFO - [2025-07-01T03:48:15.171+0000] {dag.py:4180} INFO - Setting next_dagrun for example_branch_python_operator_decorator to 2025-06-30 00:00:00+00:00, run_after=2025-07-01 00:00:00+00:00
[2025-07-01T03:48:15.186+0000] {processor.py:208} INFO - Processing /home/airflow/.local/lib/python3.12/site-packages/airflow/example_dags/example_branch_operator_decorator.py took 0.099 seconds
[2025-07-01T03:48:46.769+0000] {processor.py:186} INFO - Started process (PID=15401) to work on /home/airflow/.local/lib/python3.12/site-packages/airflow/example_dags/example_branch_operator_decorator.py
[2025-07-01T03:48:46.770+0000] {processor.py:914} INFO - Processing file /home/airflow/.local/lib/python3.12/site-packages/airflow/example_dags/example_branch_operator_decorator.py for tasks to queue
[2025-07-01T03:48:46.774+0000] {logging_mixin.py:190} INFO - [2025-07-01T03:48:46.774+0000] {dagbag.py:588} INFO - Filling up the DagBag from /home/airflow/.local/lib/python3.12/site-packages/airflow/example_dags/example_branch_operator_decorator.py
[2025-07-01T03:48:46.803+0000] {processor.py:925} INFO - DAG(s) 'example_branch_python_operator_decorator' retrieved from /home/airflow/.local/lib/python3.12/site-packages/airflow/example_dags/example_branch_operator_decorator.py
[2025-07-01T03:48:46.835+0000] {logging_mixin.py:190} INFO - [2025-07-01T03:48:46.835+0000] {dag.py:3239} INFO - Sync 1 DAGs
[2025-07-01T03:48:46.863+0000] {logging_mixin.py:190} INFO - [2025-07-01T03:48:46.863+0000] {dag.py:4180} INFO - Setting next_dagrun for example_branch_python_operator_decorator to 2025-06-30 00:00:00+00:00, run_after=2025-07-01 00:00:00+00:00
[2025-07-01T03:48:46.887+0000] {processor.py:208} INFO - Processing /home/airflow/.local/lib/python3.12/site-packages/airflow/example_dags/example_branch_operator_decorator.py took 0.126 seconds
[2025-07-01T03:49:17.400+0000] {processor.py:186} INFO - Started process (PID=15463) to work on /home/airflow/.local/lib/python3.12/site-packages/airflow/example_dags/example_branch_operator_decorator.py
[2025-07-01T03:49:17.402+0000] {processor.py:914} INFO - Processing file /home/airflow/.local/lib/python3.12/site-packages/airflow/example_dags/example_branch_operator_decorator.py for tasks to queue
[2025-07-01T03:49:17.404+0000] {logging_mixin.py:190} INFO - [2025-07-01T03:49:17.404+0000] {dagbag.py:588} INFO - Filling up the DagBag from /home/airflow/.local/lib/python3.12/site-packages/airflow/example_dags/example_branch_operator_decorator.py
[2025-07-01T03:49:17.428+0000] {processor.py:925} INFO - DAG(s) 'example_branch_python_operator_decorator' retrieved from /home/airflow/.local/lib/python3.12/site-packages/airflow/example_dags/example_branch_operator_decorator.py
[2025-07-01T03:49:17.460+0000] {logging_mixin.py:190} INFO - [2025-07-01T03:49:17.459+0000] {dag.py:3239} INFO - Sync 1 DAGs
[2025-07-01T03:49:17.489+0000] {logging_mixin.py:190} INFO - [2025-07-01T03:49:17.489+0000] {dag.py:4180} INFO - Setting next_dagrun for example_branch_python_operator_decorator to 2025-06-30 00:00:00+00:00, run_after=2025-07-01 00:00:00+00:00
[2025-07-01T03:49:17.510+0000] {processor.py:208} INFO - Processing /home/airflow/.local/lib/python3.12/site-packages/airflow/example_dags/example_branch_operator_decorator.py took 0.115 seconds
[2025-07-01T03:49:48.007+0000] {processor.py:186} INFO - Started process (PID=15525) to work on /home/airflow/.local/lib/python3.12/site-packages/airflow/example_dags/example_branch_operator_decorator.py
[2025-07-01T03:49:48.009+0000] {processor.py:914} INFO - Processing file /home/airflow/.local/lib/python3.12/site-packages/airflow/example_dags/example_branch_operator_decorator.py for tasks to queue
[2025-07-01T03:49:48.012+0000] {logging_mixin.py:190} INFO - [2025-07-01T03:49:48.011+0000] {dagbag.py:588} INFO - Filling up the DagBag from /home/airflow/.local/lib/python3.12/site-packages/airflow/example_dags/example_branch_operator_decorator.py
[2025-07-01T03:49:48.038+0000] {processor.py:925} INFO - DAG(s) 'example_branch_python_operator_decorator' retrieved from /home/airflow/.local/lib/python3.12/site-packages/airflow/example_dags/example_branch_operator_decorator.py
[2025-07-01T03:49:48.075+0000] {logging_mixin.py:190} INFO - [2025-07-01T03:49:48.075+0000] {dag.py:3239} INFO - Sync 1 DAGs
[2025-07-01T03:49:48.107+0000] {logging_mixin.py:190} INFO - [2025-07-01T03:49:48.107+0000] {dag.py:4180} INFO - Setting next_dagrun for example_branch_python_operator_decorator to 2025-06-30 00:00:00+00:00, run_after=2025-07-01 00:00:00+00:00
[2025-07-01T03:49:48.140+0000] {processor.py:208} INFO - Processing /home/airflow/.local/lib/python3.12/site-packages/airflow/example_dags/example_branch_operator_decorator.py took 0.141 seconds
[2025-07-01T03:50:18.556+0000] {processor.py:186} INFO - Started process (PID=15593) to work on /home/airflow/.local/lib/python3.12/site-packages/airflow/example_dags/example_branch_operator_decorator.py
[2025-07-01T03:50:18.557+0000] {processor.py:914} INFO - Processing file /home/airflow/.local/lib/python3.12/site-packages/airflow/example_dags/example_branch_operator_decorator.py for tasks to queue
[2025-07-01T03:50:18.560+0000] {logging_mixin.py:190} INFO - [2025-07-01T03:50:18.560+0000] {dagbag.py:588} INFO - Filling up the DagBag from /home/airflow/.local/lib/python3.12/site-packages/airflow/example_dags/example_branch_operator_decorator.py
[2025-07-01T03:50:18.581+0000] {processor.py:925} INFO - DAG(s) 'example_branch_python_operator_decorator' retrieved from /home/airflow/.local/lib/python3.12/site-packages/airflow/example_dags/example_branch_operator_decorator.py
[2025-07-01T03:50:18.612+0000] {logging_mixin.py:190} INFO - [2025-07-01T03:50:18.612+0000] {dag.py:3239} INFO - Sync 1 DAGs
[2025-07-01T03:50:18.639+0000] {logging_mixin.py:190} INFO - [2025-07-01T03:50:18.639+0000] {dag.py:4180} INFO - Setting next_dagrun for example_branch_python_operator_decorator to 2025-06-30 00:00:00+00:00, run_after=2025-07-01 00:00:00+00:00
[2025-07-01T03:50:18.661+0000] {processor.py:208} INFO - Processing /home/airflow/.local/lib/python3.12/site-packages/airflow/example_dags/example_branch_operator_decorator.py took 0.111 seconds
[2025-07-01T03:50:48.975+0000] {processor.py:186} INFO - Started process (PID=15655) to work on /home/airflow/.local/lib/python3.12/site-packages/airflow/example_dags/example_branch_operator_decorator.py
[2025-07-01T03:50:48.976+0000] {processor.py:914} INFO - Processing file /home/airflow/.local/lib/python3.12/site-packages/airflow/example_dags/example_branch_operator_decorator.py for tasks to queue
[2025-07-01T03:50:48.979+0000] {logging_mixin.py:190} INFO - [2025-07-01T03:50:48.978+0000] {dagbag.py:588} INFO - Filling up the DagBag from /home/airflow/.local/lib/python3.12/site-packages/airflow/example_dags/example_branch_operator_decorator.py
[2025-07-01T03:50:49.002+0000] {processor.py:925} INFO - DAG(s) 'example_branch_python_operator_decorator' retrieved from /home/airflow/.local/lib/python3.12/site-packages/airflow/example_dags/example_branch_operator_decorator.py
[2025-07-01T03:50:49.034+0000] {logging_mixin.py:190} INFO - [2025-07-01T03:50:49.033+0000] {dag.py:3239} INFO - Sync 1 DAGs
[2025-07-01T03:50:49.064+0000] {logging_mixin.py:190} INFO - [2025-07-01T03:50:49.064+0000] {dag.py:4180} INFO - Setting next_dagrun for example_branch_python_operator_decorator to 2025-06-30 00:00:00+00:00, run_after=2025-07-01 00:00:00+00:00
[2025-07-01T03:50:49.083+0000] {processor.py:208} INFO - Processing /home/airflow/.local/lib/python3.12/site-packages/airflow/example_dags/example_branch_operator_decorator.py took 0.114 seconds
[2025-07-01T03:51:19.780+0000] {processor.py:186} INFO - Started process (PID=15717) to work on /home/airflow/.local/lib/python3.12/site-packages/airflow/example_dags/example_branch_operator_decorator.py
[2025-07-01T03:51:19.781+0000] {processor.py:914} INFO - Processing file /home/airflow/.local/lib/python3.12/site-packages/airflow/example_dags/example_branch_operator_decorator.py for tasks to queue
[2025-07-01T03:51:19.785+0000] {logging_mixin.py:190} INFO - [2025-07-01T03:51:19.785+0000] {dagbag.py:588} INFO - Filling up the DagBag from /home/airflow/.local/lib/python3.12/site-packages/airflow/example_dags/example_branch_operator_decorator.py
[2025-07-01T03:51:19.809+0000] {processor.py:925} INFO - DAG(s) 'example_branch_python_operator_decorator' retrieved from /home/airflow/.local/lib/python3.12/site-packages/airflow/example_dags/example_branch_operator_decorator.py
[2025-07-01T03:51:19.840+0000] {logging_mixin.py:190} INFO - [2025-07-01T03:51:19.840+0000] {dag.py:3239} INFO - Sync 1 DAGs
[2025-07-01T03:51:19.863+0000] {logging_mixin.py:190} INFO - [2025-07-01T03:51:19.863+0000] {dag.py:4180} INFO - Setting next_dagrun for example_branch_python_operator_decorator to 2025-06-30 00:00:00+00:00, run_after=2025-07-01 00:00:00+00:00
[2025-07-01T03:51:19.882+0000] {processor.py:208} INFO - Processing /home/airflow/.local/lib/python3.12/site-packages/airflow/example_dags/example_branch_operator_decorator.py took 0.110 seconds
[2025-07-01T03:51:50.503+0000] {processor.py:186} INFO - Started process (PID=15779) to work on /home/airflow/.local/lib/python3.12/site-packages/airflow/example_dags/example_branch_operator_decorator.py
[2025-07-01T03:51:50.504+0000] {processor.py:914} INFO - Processing file /home/airflow/.local/lib/python3.12/site-packages/airflow/example_dags/example_branch_operator_decorator.py for tasks to queue
[2025-07-01T03:51:50.508+0000] {logging_mixin.py:190} INFO - [2025-07-01T03:51:50.507+0000] {dagbag.py:588} INFO - Filling up the DagBag from /home/airflow/.local/lib/python3.12/site-packages/airflow/example_dags/example_branch_operator_decorator.py
[2025-07-01T03:51:50.530+0000] {processor.py:925} INFO - DAG(s) 'example_branch_python_operator_decorator' retrieved from /home/airflow/.local/lib/python3.12/site-packages/airflow/example_dags/example_branch_operator_decorator.py
[2025-07-01T03:51:50.558+0000] {logging_mixin.py:190} INFO - [2025-07-01T03:51:50.558+0000] {dag.py:3239} INFO - Sync 1 DAGs
[2025-07-01T03:51:50.583+0000] {logging_mixin.py:190} INFO - [2025-07-01T03:51:50.582+0000] {dag.py:4180} INFO - Setting next_dagrun for example_branch_python_operator_decorator to 2025-06-30 00:00:00+00:00, run_after=2025-07-01 00:00:00+00:00
[2025-07-01T03:51:50.602+0000] {processor.py:208} INFO - Processing /home/airflow/.local/lib/python3.12/site-packages/airflow/example_dags/example_branch_operator_decorator.py took 0.105 seconds
[2025-07-01T03:52:21.761+0000] {processor.py:186} INFO - Started process (PID=15841) to work on /home/airflow/.local/lib/python3.12/site-packages/airflow/example_dags/example_branch_operator_decorator.py
[2025-07-01T03:52:21.762+0000] {processor.py:914} INFO - Processing file /home/airflow/.local/lib/python3.12/site-packages/airflow/example_dags/example_branch_operator_decorator.py for tasks to queue
[2025-07-01T03:52:21.765+0000] {logging_mixin.py:190} INFO - [2025-07-01T03:52:21.764+0000] {dagbag.py:588} INFO - Filling up the DagBag from /home/airflow/.local/lib/python3.12/site-packages/airflow/example_dags/example_branch_operator_decorator.py
[2025-07-01T03:52:21.786+0000] {processor.py:925} INFO - DAG(s) 'example_branch_python_operator_decorator' retrieved from /home/airflow/.local/lib/python3.12/site-packages/airflow/example_dags/example_branch_operator_decorator.py
[2025-07-01T03:52:21.813+0000] {logging_mixin.py:190} INFO - [2025-07-01T03:52:21.813+0000] {dag.py:3239} INFO - Sync 1 DAGs
[2025-07-01T03:52:21.999+0000] {logging_mixin.py:190} INFO - [2025-07-01T03:52:21.999+0000] {dag.py:4180} INFO - Setting next_dagrun for example_branch_python_operator_decorator to 2025-06-30 00:00:00+00:00, run_after=2025-07-01 00:00:00+00:00
[2025-07-01T03:52:22.019+0000] {processor.py:208} INFO - Processing /home/airflow/.local/lib/python3.12/site-packages/airflow/example_dags/example_branch_operator_decorator.py took 0.265 seconds
[2025-07-01T03:52:52.428+0000] {processor.py:186} INFO - Started process (PID=15903) to work on /home/airflow/.local/lib/python3.12/site-packages/airflow/example_dags/example_branch_operator_decorator.py
[2025-07-01T03:52:52.429+0000] {processor.py:914} INFO - Processing file /home/airflow/.local/lib/python3.12/site-packages/airflow/example_dags/example_branch_operator_decorator.py for tasks to queue
[2025-07-01T03:52:52.432+0000] {logging_mixin.py:190} INFO - [2025-07-01T03:52:52.432+0000] {dagbag.py:588} INFO - Filling up the DagBag from /home/airflow/.local/lib/python3.12/site-packages/airflow/example_dags/example_branch_operator_decorator.py
[2025-07-01T03:52:52.455+0000] {processor.py:925} INFO - DAG(s) 'example_branch_python_operator_decorator' retrieved from /home/airflow/.local/lib/python3.12/site-packages/airflow/example_dags/example_branch_operator_decorator.py
[2025-07-01T03:52:52.486+0000] {logging_mixin.py:190} INFO - [2025-07-01T03:52:52.485+0000] {dag.py:3239} INFO - Sync 1 DAGs
[2025-07-01T03:52:52.515+0000] {logging_mixin.py:190} INFO - [2025-07-01T03:52:52.515+0000] {dag.py:4180} INFO - Setting next_dagrun for example_branch_python_operator_decorator to 2025-06-30 00:00:00+00:00, run_after=2025-07-01 00:00:00+00:00
[2025-07-01T03:52:52.540+0000] {processor.py:208} INFO - Processing /home/airflow/.local/lib/python3.12/site-packages/airflow/example_dags/example_branch_operator_decorator.py took 0.119 seconds
[2025-07-01T03:53:22.925+0000] {processor.py:186} INFO - Started process (PID=15965) to work on /home/airflow/.local/lib/python3.12/site-packages/airflow/example_dags/example_branch_operator_decorator.py
[2025-07-01T03:53:22.926+0000] {processor.py:914} INFO - Processing file /home/airflow/.local/lib/python3.12/site-packages/airflow/example_dags/example_branch_operator_decorator.py for tasks to queue
[2025-07-01T03:53:22.928+0000] {logging_mixin.py:190} INFO - [2025-07-01T03:53:22.928+0000] {dagbag.py:588} INFO - Filling up the DagBag from /home/airflow/.local/lib/python3.12/site-packages/airflow/example_dags/example_branch_operator_decorator.py
[2025-07-01T03:53:22.948+0000] {processor.py:925} INFO - DAG(s) 'example_branch_python_operator_decorator' retrieved from /home/airflow/.local/lib/python3.12/site-packages/airflow/example_dags/example_branch_operator_decorator.py
[2025-07-01T03:53:22.975+0000] {logging_mixin.py:190} INFO - [2025-07-01T03:53:22.975+0000] {dag.py:3239} INFO - Sync 1 DAGs
[2025-07-01T03:53:22.997+0000] {logging_mixin.py:190} INFO - [2025-07-01T03:53:22.997+0000] {dag.py:4180} INFO - Setting next_dagrun for example_branch_python_operator_decorator to 2025-06-30 00:00:00+00:00, run_after=2025-07-01 00:00:00+00:00
[2025-07-01T03:53:23.016+0000] {processor.py:208} INFO - Processing /home/airflow/.local/lib/python3.12/site-packages/airflow/example_dags/example_branch_operator_decorator.py took 0.097 seconds
[2025-07-01T03:53:55.374+0000] {processor.py:186} INFO - Started process (PID=16026) to work on /home/airflow/.local/lib/python3.12/site-packages/airflow/example_dags/example_branch_operator_decorator.py
[2025-07-01T03:53:55.376+0000] {processor.py:914} INFO - Processing file /home/airflow/.local/lib/python3.12/site-packages/airflow/example_dags/example_branch_operator_decorator.py for tasks to queue
[2025-07-01T03:53:55.379+0000] {logging_mixin.py:190} INFO - [2025-07-01T03:53:55.379+0000] {dagbag.py:588} INFO - Filling up the DagBag from /home/airflow/.local/lib/python3.12/site-packages/airflow/example_dags/example_branch_operator_decorator.py
[2025-07-01T03:53:55.407+0000] {processor.py:925} INFO - DAG(s) 'example_branch_python_operator_decorator' retrieved from /home/airflow/.local/lib/python3.12/site-packages/airflow/example_dags/example_branch_operator_decorator.py
[2025-07-01T03:53:55.625+0000] {logging_mixin.py:190} INFO - [2025-07-01T03:53:55.625+0000] {dag.py:3239} INFO - Sync 1 DAGs
[2025-07-01T03:53:55.650+0000] {logging_mixin.py:190} INFO - [2025-07-01T03:53:55.649+0000] {dag.py:4180} INFO - Setting next_dagrun for example_branch_python_operator_decorator to 2025-06-30 00:00:00+00:00, run_after=2025-07-01 00:00:00+00:00
[2025-07-01T03:53:55.667+0000] {processor.py:208} INFO - Processing /home/airflow/.local/lib/python3.12/site-packages/airflow/example_dags/example_branch_operator_decorator.py took 0.300 seconds
[2025-07-01T03:54:26.659+0000] {processor.py:186} INFO - Started process (PID=16089) to work on /home/airflow/.local/lib/python3.12/site-packages/airflow/example_dags/example_branch_operator_decorator.py
[2025-07-01T03:54:26.660+0000] {processor.py:914} INFO - Processing file /home/airflow/.local/lib/python3.12/site-packages/airflow/example_dags/example_branch_operator_decorator.py for tasks to queue
[2025-07-01T03:54:26.663+0000] {logging_mixin.py:190} INFO - [2025-07-01T03:54:26.663+0000] {dagbag.py:588} INFO - Filling up the DagBag from /home/airflow/.local/lib/python3.12/site-packages/airflow/example_dags/example_branch_operator_decorator.py
[2025-07-01T03:54:26.683+0000] {processor.py:925} INFO - DAG(s) 'example_branch_python_operator_decorator' retrieved from /home/airflow/.local/lib/python3.12/site-packages/airflow/example_dags/example_branch_operator_decorator.py
[2025-07-01T03:54:26.711+0000] {logging_mixin.py:190} INFO - [2025-07-01T03:54:26.710+0000] {dag.py:3239} INFO - Sync 1 DAGs
[2025-07-01T03:54:26.921+0000] {logging_mixin.py:190} INFO - [2025-07-01T03:54:26.921+0000] {dag.py:4180} INFO - Setting next_dagrun for example_branch_python_operator_decorator to 2025-06-30 00:00:00+00:00, run_after=2025-07-01 00:00:00+00:00
[2025-07-01T03:54:26.941+0000] {processor.py:208} INFO - Processing /home/airflow/.local/lib/python3.12/site-packages/airflow/example_dags/example_branch_operator_decorator.py took 0.288 seconds
[2025-07-01T03:54:57.631+0000] {processor.py:186} INFO - Started process (PID=16151) to work on /home/airflow/.local/lib/python3.12/site-packages/airflow/example_dags/example_branch_operator_decorator.py
[2025-07-01T03:54:57.633+0000] {processor.py:914} INFO - Processing file /home/airflow/.local/lib/python3.12/site-packages/airflow/example_dags/example_branch_operator_decorator.py for tasks to queue
[2025-07-01T03:54:57.636+0000] {logging_mixin.py:190} INFO - [2025-07-01T03:54:57.635+0000] {dagbag.py:588} INFO - Filling up the DagBag from /home/airflow/.local/lib/python3.12/site-packages/airflow/example_dags/example_branch_operator_decorator.py
[2025-07-01T03:54:57.663+0000] {processor.py:925} INFO - DAG(s) 'example_branch_python_operator_decorator' retrieved from /home/airflow/.local/lib/python3.12/site-packages/airflow/example_dags/example_branch_operator_decorator.py
[2025-07-01T03:54:57.709+0000] {logging_mixin.py:190} INFO - [2025-07-01T03:54:57.709+0000] {dag.py:3239} INFO - Sync 1 DAGs
[2025-07-01T03:54:57.741+0000] {logging_mixin.py:190} INFO - [2025-07-01T03:54:57.741+0000] {dag.py:4180} INFO - Setting next_dagrun for example_branch_python_operator_decorator to 2025-06-30 00:00:00+00:00, run_after=2025-07-01 00:00:00+00:00
[2025-07-01T03:54:57.990+0000] {processor.py:208} INFO - Processing /home/airflow/.local/lib/python3.12/site-packages/airflow/example_dags/example_branch_operator_decorator.py took 0.367 seconds
[2025-07-01T03:55:28.469+0000] {processor.py:186} INFO - Started process (PID=16213) to work on /home/airflow/.local/lib/python3.12/site-packages/airflow/example_dags/example_branch_operator_decorator.py
[2025-07-01T03:55:28.470+0000] {processor.py:914} INFO - Processing file /home/airflow/.local/lib/python3.12/site-packages/airflow/example_dags/example_branch_operator_decorator.py for tasks to queue
[2025-07-01T03:55:28.473+0000] {logging_mixin.py:190} INFO - [2025-07-01T03:55:28.472+0000] {dagbag.py:588} INFO - Filling up the DagBag from /home/airflow/.local/lib/python3.12/site-packages/airflow/example_dags/example_branch_operator_decorator.py
[2025-07-01T03:55:28.492+0000] {processor.py:925} INFO - DAG(s) 'example_branch_python_operator_decorator' retrieved from /home/airflow/.local/lib/python3.12/site-packages/airflow/example_dags/example_branch_operator_decorator.py
[2025-07-01T03:55:28.519+0000] {logging_mixin.py:190} INFO - [2025-07-01T03:55:28.519+0000] {dag.py:3239} INFO - Sync 1 DAGs
[2025-07-01T03:55:28.541+0000] {logging_mixin.py:190} INFO - [2025-07-01T03:55:28.540+0000] {dag.py:4180} INFO - Setting next_dagrun for example_branch_python_operator_decorator to 2025-06-30 00:00:00+00:00, run_after=2025-07-01 00:00:00+00:00
[2025-07-01T03:55:28.559+0000] {processor.py:208} INFO - Processing /home/airflow/.local/lib/python3.12/site-packages/airflow/example_dags/example_branch_operator_decorator.py took 0.096 seconds
[2025-07-01T03:55:58.678+0000] {processor.py:186} INFO - Started process (PID=16275) to work on /home/airflow/.local/lib/python3.12/site-packages/airflow/example_dags/example_branch_operator_decorator.py
[2025-07-01T03:55:58.679+0000] {processor.py:914} INFO - Processing file /home/airflow/.local/lib/python3.12/site-packages/airflow/example_dags/example_branch_operator_decorator.py for tasks to queue
[2025-07-01T03:55:58.681+0000] {logging_mixin.py:190} INFO - [2025-07-01T03:55:58.681+0000] {dagbag.py:588} INFO - Filling up the DagBag from /home/airflow/.local/lib/python3.12/site-packages/airflow/example_dags/example_branch_operator_decorator.py
[2025-07-01T03:55:58.703+0000] {processor.py:925} INFO - DAG(s) 'example_branch_python_operator_decorator' retrieved from /home/airflow/.local/lib/python3.12/site-packages/airflow/example_dags/example_branch_operator_decorator.py
[2025-07-01T03:55:58.731+0000] {logging_mixin.py:190} INFO - [2025-07-01T03:55:58.731+0000] {dag.py:3239} INFO - Sync 1 DAGs
[2025-07-01T03:55:58.756+0000] {logging_mixin.py:190} INFO - [2025-07-01T03:55:58.755+0000] {dag.py:4180} INFO - Setting next_dagrun for example_branch_python_operator_decorator to 2025-06-30 00:00:00+00:00, run_after=2025-07-01 00:00:00+00:00
[2025-07-01T03:55:58.775+0000] {processor.py:208} INFO - Processing /home/airflow/.local/lib/python3.12/site-packages/airflow/example_dags/example_branch_operator_decorator.py took 0.104 seconds
[2025-07-01T03:56:29.133+0000] {processor.py:186} INFO - Started process (PID=16337) to work on /home/airflow/.local/lib/python3.12/site-packages/airflow/example_dags/example_branch_operator_decorator.py
[2025-07-01T03:56:29.134+0000] {processor.py:914} INFO - Processing file /home/airflow/.local/lib/python3.12/site-packages/airflow/example_dags/example_branch_operator_decorator.py for tasks to queue
[2025-07-01T03:56:29.137+0000] {logging_mixin.py:190} INFO - [2025-07-01T03:56:29.137+0000] {dagbag.py:588} INFO - Filling up the DagBag from /home/airflow/.local/lib/python3.12/site-packages/airflow/example_dags/example_branch_operator_decorator.py
[2025-07-01T03:56:29.158+0000] {processor.py:925} INFO - DAG(s) 'example_branch_python_operator_decorator' retrieved from /home/airflow/.local/lib/python3.12/site-packages/airflow/example_dags/example_branch_operator_decorator.py
[2025-07-01T03:56:29.184+0000] {logging_mixin.py:190} INFO - [2025-07-01T03:56:29.184+0000] {dag.py:3239} INFO - Sync 1 DAGs
[2025-07-01T03:56:29.208+0000] {logging_mixin.py:190} INFO - [2025-07-01T03:56:29.207+0000] {dag.py:4180} INFO - Setting next_dagrun for example_branch_python_operator_decorator to 2025-06-30 00:00:00+00:00, run_after=2025-07-01 00:00:00+00:00
[2025-07-01T03:56:29.226+0000] {processor.py:208} INFO - Processing /home/airflow/.local/lib/python3.12/site-packages/airflow/example_dags/example_branch_operator_decorator.py took 0.099 seconds
[2025-07-01T03:56:59.828+0000] {processor.py:186} INFO - Started process (PID=16399) to work on /home/airflow/.local/lib/python3.12/site-packages/airflow/example_dags/example_branch_operator_decorator.py
[2025-07-01T03:56:59.830+0000] {processor.py:914} INFO - Processing file /home/airflow/.local/lib/python3.12/site-packages/airflow/example_dags/example_branch_operator_decorator.py for tasks to queue
[2025-07-01T03:56:59.833+0000] {logging_mixin.py:190} INFO - [2025-07-01T03:56:59.832+0000] {dagbag.py:588} INFO - Filling up the DagBag from /home/airflow/.local/lib/python3.12/site-packages/airflow/example_dags/example_branch_operator_decorator.py
[2025-07-01T03:56:59.858+0000] {processor.py:925} INFO - DAG(s) 'example_branch_python_operator_decorator' retrieved from /home/airflow/.local/lib/python3.12/site-packages/airflow/example_dags/example_branch_operator_decorator.py
[2025-07-01T03:56:59.894+0000] {logging_mixin.py:190} INFO - [2025-07-01T03:56:59.894+0000] {dag.py:3239} INFO - Sync 1 DAGs
[2025-07-01T03:56:59.925+0000] {logging_mixin.py:190} INFO - [2025-07-01T03:56:59.925+0000] {dag.py:4180} INFO - Setting next_dagrun for example_branch_python_operator_decorator to 2025-06-30 00:00:00+00:00, run_after=2025-07-01 00:00:00+00:00
[2025-07-01T03:56:59.950+0000] {processor.py:208} INFO - Processing /home/airflow/.local/lib/python3.12/site-packages/airflow/example_dags/example_branch_operator_decorator.py took 0.129 seconds
[2025-07-01T03:57:30.742+0000] {processor.py:186} INFO - Started process (PID=16461) to work on /home/airflow/.local/lib/python3.12/site-packages/airflow/example_dags/example_branch_operator_decorator.py
[2025-07-01T03:57:30.743+0000] {processor.py:914} INFO - Processing file /home/airflow/.local/lib/python3.12/site-packages/airflow/example_dags/example_branch_operator_decorator.py for tasks to queue
[2025-07-01T03:57:30.745+0000] {logging_mixin.py:190} INFO - [2025-07-01T03:57:30.745+0000] {dagbag.py:588} INFO - Filling up the DagBag from /home/airflow/.local/lib/python3.12/site-packages/airflow/example_dags/example_branch_operator_decorator.py
[2025-07-01T03:57:30.766+0000] {processor.py:925} INFO - DAG(s) 'example_branch_python_operator_decorator' retrieved from /home/airflow/.local/lib/python3.12/site-packages/airflow/example_dags/example_branch_operator_decorator.py
[2025-07-01T03:57:30.795+0000] {logging_mixin.py:190} INFO - [2025-07-01T03:57:30.795+0000] {dag.py:3239} INFO - Sync 1 DAGs
[2025-07-01T03:57:30.818+0000] {logging_mixin.py:190} INFO - [2025-07-01T03:57:30.817+0000] {dag.py:4180} INFO - Setting next_dagrun for example_branch_python_operator_decorator to 2025-06-30 00:00:00+00:00, run_after=2025-07-01 00:00:00+00:00
[2025-07-01T03:57:30.836+0000] {processor.py:208} INFO - Processing /home/airflow/.local/lib/python3.12/site-packages/airflow/example_dags/example_branch_operator_decorator.py took 0.101 seconds
[2025-07-01T03:58:01.936+0000] {processor.py:186} INFO - Started process (PID=16523) to work on /home/airflow/.local/lib/python3.12/site-packages/airflow/example_dags/example_branch_operator_decorator.py
[2025-07-01T03:58:01.938+0000] {processor.py:914} INFO - Processing file /home/airflow/.local/lib/python3.12/site-packages/airflow/example_dags/example_branch_operator_decorator.py for tasks to queue
[2025-07-01T03:58:01.942+0000] {logging_mixin.py:190} INFO - [2025-07-01T03:58:01.941+0000] {dagbag.py:588} INFO - Filling up the DagBag from /home/airflow/.local/lib/python3.12/site-packages/airflow/example_dags/example_branch_operator_decorator.py
[2025-07-01T03:58:01.967+0000] {processor.py:925} INFO - DAG(s) 'example_branch_python_operator_decorator' retrieved from /home/airflow/.local/lib/python3.12/site-packages/airflow/example_dags/example_branch_operator_decorator.py
[2025-07-01T03:58:01.998+0000] {logging_mixin.py:190} INFO - [2025-07-01T03:58:01.998+0000] {dag.py:3239} INFO - Sync 1 DAGs
[2025-07-01T03:58:02.023+0000] {logging_mixin.py:190} INFO - [2025-07-01T03:58:02.022+0000] {dag.py:4180} INFO - Setting next_dagrun for example_branch_python_operator_decorator to 2025-06-30 00:00:00+00:00, run_after=2025-07-01 00:00:00+00:00
[2025-07-01T03:58:02.044+0000] {processor.py:208} INFO - Processing /home/airflow/.local/lib/python3.12/site-packages/airflow/example_dags/example_branch_operator_decorator.py took 0.115 seconds
[2025-07-01T03:58:32.288+0000] {processor.py:186} INFO - Started process (PID=16585) to work on /home/airflow/.local/lib/python3.12/site-packages/airflow/example_dags/example_branch_operator_decorator.py
[2025-07-01T03:58:32.289+0000] {processor.py:914} INFO - Processing file /home/airflow/.local/lib/python3.12/site-packages/airflow/example_dags/example_branch_operator_decorator.py for tasks to queue
[2025-07-01T03:58:32.292+0000] {logging_mixin.py:190} INFO - [2025-07-01T03:58:32.291+0000] {dagbag.py:588} INFO - Filling up the DagBag from /home/airflow/.local/lib/python3.12/site-packages/airflow/example_dags/example_branch_operator_decorator.py
[2025-07-01T03:58:32.312+0000] {processor.py:925} INFO - DAG(s) 'example_branch_python_operator_decorator' retrieved from /home/airflow/.local/lib/python3.12/site-packages/airflow/example_dags/example_branch_operator_decorator.py
[2025-07-01T03:58:32.339+0000] {logging_mixin.py:190} INFO - [2025-07-01T03:58:32.339+0000] {dag.py:3239} INFO - Sync 1 DAGs
[2025-07-01T03:58:32.362+0000] {logging_mixin.py:190} INFO - [2025-07-01T03:58:32.362+0000] {dag.py:4180} INFO - Setting next_dagrun for example_branch_python_operator_decorator to 2025-06-30 00:00:00+00:00, run_after=2025-07-01 00:00:00+00:00
[2025-07-01T03:58:32.380+0000] {processor.py:208} INFO - Processing /home/airflow/.local/lib/python3.12/site-packages/airflow/example_dags/example_branch_operator_decorator.py took 0.098 seconds
[2025-07-01T03:59:03.194+0000] {processor.py:186} INFO - Started process (PID=16647) to work on /home/airflow/.local/lib/python3.12/site-packages/airflow/example_dags/example_branch_operator_decorator.py
[2025-07-01T03:59:03.195+0000] {processor.py:914} INFO - Processing file /home/airflow/.local/lib/python3.12/site-packages/airflow/example_dags/example_branch_operator_decorator.py for tasks to queue
[2025-07-01T03:59:03.199+0000] {logging_mixin.py:190} INFO - [2025-07-01T03:59:03.199+0000] {dagbag.py:588} INFO - Filling up the DagBag from /home/airflow/.local/lib/python3.12/site-packages/airflow/example_dags/example_branch_operator_decorator.py
[2025-07-01T03:59:03.226+0000] {processor.py:925} INFO - DAG(s) 'example_branch_python_operator_decorator' retrieved from /home/airflow/.local/lib/python3.12/site-packages/airflow/example_dags/example_branch_operator_decorator.py
[2025-07-01T03:59:03.260+0000] {logging_mixin.py:190} INFO - [2025-07-01T03:59:03.260+0000] {dag.py:3239} INFO - Sync 1 DAGs
[2025-07-01T03:59:03.293+0000] {logging_mixin.py:190} INFO - [2025-07-01T03:59:03.292+0000] {dag.py:4180} INFO - Setting next_dagrun for example_branch_python_operator_decorator to 2025-06-30 00:00:00+00:00, run_after=2025-07-01 00:00:00+00:00
[2025-07-01T03:59:03.317+0000] {processor.py:208} INFO - Processing /home/airflow/.local/lib/python3.12/site-packages/airflow/example_dags/example_branch_operator_decorator.py took 0.129 seconds
[2025-07-01T03:59:34.150+0000] {processor.py:186} INFO - Started process (PID=16709) to work on /home/airflow/.local/lib/python3.12/site-packages/airflow/example_dags/example_branch_operator_decorator.py
[2025-07-01T03:59:34.151+0000] {processor.py:914} INFO - Processing file /home/airflow/.local/lib/python3.12/site-packages/airflow/example_dags/example_branch_operator_decorator.py for tasks to queue
[2025-07-01T03:59:34.156+0000] {logging_mixin.py:190} INFO - [2025-07-01T03:59:34.155+0000] {dagbag.py:588} INFO - Filling up the DagBag from /home/airflow/.local/lib/python3.12/site-packages/airflow/example_dags/example_branch_operator_decorator.py
[2025-07-01T03:59:34.191+0000] {processor.py:925} INFO - DAG(s) 'example_branch_python_operator_decorator' retrieved from /home/airflow/.local/lib/python3.12/site-packages/airflow/example_dags/example_branch_operator_decorator.py
[2025-07-01T03:59:34.220+0000] {logging_mixin.py:190} INFO - [2025-07-01T03:59:34.220+0000] {dag.py:3239} INFO - Sync 1 DAGs
[2025-07-01T03:59:34.243+0000] {logging_mixin.py:190} INFO - [2025-07-01T03:59:34.242+0000] {dag.py:4180} INFO - Setting next_dagrun for example_branch_python_operator_decorator to 2025-06-30 00:00:00+00:00, run_after=2025-07-01 00:00:00+00:00
[2025-07-01T03:59:34.258+0000] {processor.py:208} INFO - Processing /home/airflow/.local/lib/python3.12/site-packages/airflow/example_dags/example_branch_operator_decorator.py took 0.119 seconds
[2025-07-01T04:00:04.831+0000] {processor.py:186} INFO - Started process (PID=16771) to work on /home/airflow/.local/lib/python3.12/site-packages/airflow/example_dags/example_branch_operator_decorator.py
[2025-07-01T04:00:04.833+0000] {processor.py:914} INFO - Processing file /home/airflow/.local/lib/python3.12/site-packages/airflow/example_dags/example_branch_operator_decorator.py for tasks to queue
[2025-07-01T04:00:04.835+0000] {logging_mixin.py:190} INFO - [2025-07-01T04:00:04.835+0000] {dagbag.py:588} INFO - Filling up the DagBag from /home/airflow/.local/lib/python3.12/site-packages/airflow/example_dags/example_branch_operator_decorator.py
[2025-07-01T04:00:04.859+0000] {processor.py:925} INFO - DAG(s) 'example_branch_python_operator_decorator' retrieved from /home/airflow/.local/lib/python3.12/site-packages/airflow/example_dags/example_branch_operator_decorator.py
[2025-07-01T04:00:04.888+0000] {logging_mixin.py:190} INFO - [2025-07-01T04:00:04.888+0000] {dag.py:3239} INFO - Sync 1 DAGs
[2025-07-01T04:00:04.912+0000] {logging_mixin.py:190} INFO - [2025-07-01T04:00:04.912+0000] {dag.py:4180} INFO - Setting next_dagrun for example_branch_python_operator_decorator to 2025-06-30 00:00:00+00:00, run_after=2025-07-01 00:00:00+00:00
[2025-07-01T04:00:04.932+0000] {processor.py:208} INFO - Processing /home/airflow/.local/lib/python3.12/site-packages/airflow/example_dags/example_branch_operator_decorator.py took 0.107 seconds
[2025-07-01T04:00:35.903+0000] {processor.py:186} INFO - Started process (PID=16833) to work on /home/airflow/.local/lib/python3.12/site-packages/airflow/example_dags/example_branch_operator_decorator.py
[2025-07-01T04:00:35.904+0000] {processor.py:914} INFO - Processing file /home/airflow/.local/lib/python3.12/site-packages/airflow/example_dags/example_branch_operator_decorator.py for tasks to queue
[2025-07-01T04:00:35.906+0000] {logging_mixin.py:190} INFO - [2025-07-01T04:00:35.906+0000] {dagbag.py:588} INFO - Filling up the DagBag from /home/airflow/.local/lib/python3.12/site-packages/airflow/example_dags/example_branch_operator_decorator.py
[2025-07-01T04:00:35.927+0000] {processor.py:925} INFO - DAG(s) 'example_branch_python_operator_decorator' retrieved from /home/airflow/.local/lib/python3.12/site-packages/airflow/example_dags/example_branch_operator_decorator.py
[2025-07-01T04:00:35.962+0000] {logging_mixin.py:190} INFO - [2025-07-01T04:00:35.962+0000] {dag.py:3239} INFO - Sync 1 DAGs
[2025-07-01T04:00:35.992+0000] {logging_mixin.py:190} INFO - [2025-07-01T04:00:35.992+0000] {dag.py:4180} INFO - Setting next_dagrun for example_branch_python_operator_decorator to 2025-06-30 00:00:00+00:00, run_after=2025-07-01 00:00:00+00:00
[2025-07-01T04:00:36.009+0000] {processor.py:208} INFO - Processing /home/airflow/.local/lib/python3.12/site-packages/airflow/example_dags/example_branch_operator_decorator.py took 0.112 seconds
[2025-07-01T04:01:06.590+0000] {processor.py:186} INFO - Started process (PID=16895) to work on /home/airflow/.local/lib/python3.12/site-packages/airflow/example_dags/example_branch_operator_decorator.py
[2025-07-01T04:01:06.591+0000] {processor.py:914} INFO - Processing file /home/airflow/.local/lib/python3.12/site-packages/airflow/example_dags/example_branch_operator_decorator.py for tasks to queue
[2025-07-01T04:01:06.595+0000] {logging_mixin.py:190} INFO - [2025-07-01T04:01:06.595+0000] {dagbag.py:588} INFO - Filling up the DagBag from /home/airflow/.local/lib/python3.12/site-packages/airflow/example_dags/example_branch_operator_decorator.py
[2025-07-01T04:01:06.620+0000] {processor.py:925} INFO - DAG(s) 'example_branch_python_operator_decorator' retrieved from /home/airflow/.local/lib/python3.12/site-packages/airflow/example_dags/example_branch_operator_decorator.py
[2025-07-01T04:01:06.653+0000] {logging_mixin.py:190} INFO - [2025-07-01T04:01:06.653+0000] {dag.py:3239} INFO - Sync 1 DAGs
[2025-07-01T04:01:06.683+0000] {logging_mixin.py:190} INFO - [2025-07-01T04:01:06.683+0000] {dag.py:4180} INFO - Setting next_dagrun for example_branch_python_operator_decorator to 2025-06-30 00:00:00+00:00, run_after=2025-07-01 00:00:00+00:00
[2025-07-01T04:01:06.708+0000] {processor.py:208} INFO - Processing /home/airflow/.local/lib/python3.12/site-packages/airflow/example_dags/example_branch_operator_decorator.py took 0.127 seconds
[2025-07-01T04:01:37.599+0000] {processor.py:186} INFO - Started process (PID=16957) to work on /home/airflow/.local/lib/python3.12/site-packages/airflow/example_dags/example_branch_operator_decorator.py
[2025-07-01T04:01:37.600+0000] {processor.py:914} INFO - Processing file /home/airflow/.local/lib/python3.12/site-packages/airflow/example_dags/example_branch_operator_decorator.py for tasks to queue
[2025-07-01T04:01:37.602+0000] {logging_mixin.py:190} INFO - [2025-07-01T04:01:37.602+0000] {dagbag.py:588} INFO - Filling up the DagBag from /home/airflow/.local/lib/python3.12/site-packages/airflow/example_dags/example_branch_operator_decorator.py
[2025-07-01T04:01:37.629+0000] {processor.py:925} INFO - DAG(s) 'example_branch_python_operator_decorator' retrieved from /home/airflow/.local/lib/python3.12/site-packages/airflow/example_dags/example_branch_operator_decorator.py
[2025-07-01T04:01:37.658+0000] {logging_mixin.py:190} INFO - [2025-07-01T04:01:37.657+0000] {dag.py:3239} INFO - Sync 1 DAGs
[2025-07-01T04:01:37.680+0000] {logging_mixin.py:190} INFO - [2025-07-01T04:01:37.679+0000] {dag.py:4180} INFO - Setting next_dagrun for example_branch_python_operator_decorator to 2025-06-30 00:00:00+00:00, run_after=2025-07-01 00:00:00+00:00
[2025-07-01T04:01:37.697+0000] {processor.py:208} INFO - Processing /home/airflow/.local/lib/python3.12/site-packages/airflow/example_dags/example_branch_operator_decorator.py took 0.104 seconds
[2025-07-01T04:02:08.321+0000] {processor.py:186} INFO - Started process (PID=17019) to work on /home/airflow/.local/lib/python3.12/site-packages/airflow/example_dags/example_branch_operator_decorator.py
[2025-07-01T04:02:08.322+0000] {processor.py:914} INFO - Processing file /home/airflow/.local/lib/python3.12/site-packages/airflow/example_dags/example_branch_operator_decorator.py for tasks to queue
[2025-07-01T04:02:08.325+0000] {logging_mixin.py:190} INFO - [2025-07-01T04:02:08.325+0000] {dagbag.py:588} INFO - Filling up the DagBag from /home/airflow/.local/lib/python3.12/site-packages/airflow/example_dags/example_branch_operator_decorator.py
[2025-07-01T04:02:08.347+0000] {processor.py:925} INFO - DAG(s) 'example_branch_python_operator_decorator' retrieved from /home/airflow/.local/lib/python3.12/site-packages/airflow/example_dags/example_branch_operator_decorator.py
[2025-07-01T04:02:08.375+0000] {logging_mixin.py:190} INFO - [2025-07-01T04:02:08.374+0000] {dag.py:3239} INFO - Sync 1 DAGs
[2025-07-01T04:02:08.398+0000] {logging_mixin.py:190} INFO - [2025-07-01T04:02:08.398+0000] {dag.py:4180} INFO - Setting next_dagrun for example_branch_python_operator_decorator to 2025-06-30 00:00:00+00:00, run_after=2025-07-01 00:00:00+00:00
[2025-07-01T04:02:08.428+0000] {processor.py:208} INFO - Processing /home/airflow/.local/lib/python3.12/site-packages/airflow/example_dags/example_branch_operator_decorator.py took 0.114 seconds
[2025-07-01T04:02:38.591+0000] {processor.py:186} INFO - Started process (PID=17080) to work on /home/airflow/.local/lib/python3.12/site-packages/airflow/example_dags/example_branch_operator_decorator.py
[2025-07-01T04:02:38.592+0000] {processor.py:914} INFO - Processing file /home/airflow/.local/lib/python3.12/site-packages/airflow/example_dags/example_branch_operator_decorator.py for tasks to queue
[2025-07-01T04:02:38.594+0000] {logging_mixin.py:190} INFO - [2025-07-01T04:02:38.594+0000] {dagbag.py:588} INFO - Filling up the DagBag from /home/airflow/.local/lib/python3.12/site-packages/airflow/example_dags/example_branch_operator_decorator.py
[2025-07-01T04:02:38.614+0000] {processor.py:925} INFO - DAG(s) 'example_branch_python_operator_decorator' retrieved from /home/airflow/.local/lib/python3.12/site-packages/airflow/example_dags/example_branch_operator_decorator.py
[2025-07-01T04:02:38.641+0000] {logging_mixin.py:190} INFO - [2025-07-01T04:02:38.641+0000] {dag.py:3239} INFO - Sync 1 DAGs
[2025-07-01T04:02:38.664+0000] {logging_mixin.py:190} INFO - [2025-07-01T04:02:38.664+0000] {dag.py:4180} INFO - Setting next_dagrun for example_branch_python_operator_decorator to 2025-06-30 00:00:00+00:00, run_after=2025-07-01 00:00:00+00:00
[2025-07-01T04:02:38.682+0000] {processor.py:208} INFO - Processing /home/airflow/.local/lib/python3.12/site-packages/airflow/example_dags/example_branch_operator_decorator.py took 0.098 seconds
[2025-07-01T04:03:09.576+0000] {processor.py:186} INFO - Started process (PID=17142) to work on /home/airflow/.local/lib/python3.12/site-packages/airflow/example_dags/example_branch_operator_decorator.py
[2025-07-01T04:03:09.577+0000] {processor.py:914} INFO - Processing file /home/airflow/.local/lib/python3.12/site-packages/airflow/example_dags/example_branch_operator_decorator.py for tasks to queue
[2025-07-01T04:03:09.580+0000] {logging_mixin.py:190} INFO - [2025-07-01T04:03:09.579+0000] {dagbag.py:588} INFO - Filling up the DagBag from /home/airflow/.local/lib/python3.12/site-packages/airflow/example_dags/example_branch_operator_decorator.py
[2025-07-01T04:03:09.601+0000] {processor.py:925} INFO - DAG(s) 'example_branch_python_operator_decorator' retrieved from /home/airflow/.local/lib/python3.12/site-packages/airflow/example_dags/example_branch_operator_decorator.py
[2025-07-01T04:03:09.630+0000] {logging_mixin.py:190} INFO - [2025-07-01T04:03:09.629+0000] {dag.py:3239} INFO - Sync 1 DAGs
[2025-07-01T04:03:09.657+0000] {logging_mixin.py:190} INFO - [2025-07-01T04:03:09.657+0000] {dag.py:4180} INFO - Setting next_dagrun for example_branch_python_operator_decorator to 2025-06-30 00:00:00+00:00, run_after=2025-07-01 00:00:00+00:00
[2025-07-01T04:03:09.676+0000] {processor.py:208} INFO - Processing /home/airflow/.local/lib/python3.12/site-packages/airflow/example_dags/example_branch_operator_decorator.py took 0.106 seconds
[2025-07-01T04:03:39.978+0000] {processor.py:186} INFO - Started process (PID=17204) to work on /home/airflow/.local/lib/python3.12/site-packages/airflow/example_dags/example_branch_operator_decorator.py
[2025-07-01T04:03:39.979+0000] {processor.py:914} INFO - Processing file /home/airflow/.local/lib/python3.12/site-packages/airflow/example_dags/example_branch_operator_decorator.py for tasks to queue
[2025-07-01T04:03:39.982+0000] {logging_mixin.py:190} INFO - [2025-07-01T04:03:39.981+0000] {dagbag.py:588} INFO - Filling up the DagBag from /home/airflow/.local/lib/python3.12/site-packages/airflow/example_dags/example_branch_operator_decorator.py
[2025-07-01T04:03:40.003+0000] {processor.py:925} INFO - DAG(s) 'example_branch_python_operator_decorator' retrieved from /home/airflow/.local/lib/python3.12/site-packages/airflow/example_dags/example_branch_operator_decorator.py
[2025-07-01T04:03:40.030+0000] {logging_mixin.py:190} INFO - [2025-07-01T04:03:40.030+0000] {dag.py:3239} INFO - Sync 1 DAGs
[2025-07-01T04:03:40.051+0000] {logging_mixin.py:190} INFO - [2025-07-01T04:03:40.051+0000] {dag.py:4180} INFO - Setting next_dagrun for example_branch_python_operator_decorator to 2025-06-30 00:00:00+00:00, run_after=2025-07-01 00:00:00+00:00
[2025-07-01T04:03:40.073+0000] {processor.py:208} INFO - Processing /home/airflow/.local/lib/python3.12/site-packages/airflow/example_dags/example_branch_operator_decorator.py took 0.100 seconds
[2025-07-01T04:04:11.000+0000] {processor.py:186} INFO - Started process (PID=17267) to work on /home/airflow/.local/lib/python3.12/site-packages/airflow/example_dags/example_branch_operator_decorator.py
[2025-07-01T04:04:11.001+0000] {processor.py:914} INFO - Processing file /home/airflow/.local/lib/python3.12/site-packages/airflow/example_dags/example_branch_operator_decorator.py for tasks to queue
[2025-07-01T04:04:11.004+0000] {logging_mixin.py:190} INFO - [2025-07-01T04:04:11.003+0000] {dagbag.py:588} INFO - Filling up the DagBag from /home/airflow/.local/lib/python3.12/site-packages/airflow/example_dags/example_branch_operator_decorator.py
[2025-07-01T04:04:11.024+0000] {processor.py:925} INFO - DAG(s) 'example_branch_python_operator_decorator' retrieved from /home/airflow/.local/lib/python3.12/site-packages/airflow/example_dags/example_branch_operator_decorator.py
[2025-07-01T04:04:11.050+0000] {logging_mixin.py:190} INFO - [2025-07-01T04:04:11.050+0000] {dag.py:3239} INFO - Sync 1 DAGs
[2025-07-01T04:04:11.072+0000] {logging_mixin.py:190} INFO - [2025-07-01T04:04:11.072+0000] {dag.py:4180} INFO - Setting next_dagrun for example_branch_python_operator_decorator to 2025-06-30 00:00:00+00:00, run_after=2025-07-01 00:00:00+00:00
[2025-07-01T04:04:11.089+0000] {processor.py:208} INFO - Processing /home/airflow/.local/lib/python3.12/site-packages/airflow/example_dags/example_branch_operator_decorator.py took 0.095 seconds
[2025-07-01T04:04:41.371+0000] {processor.py:186} INFO - Started process (PID=17328) to work on /home/airflow/.local/lib/python3.12/site-packages/airflow/example_dags/example_branch_operator_decorator.py
[2025-07-01T04:04:41.372+0000] {processor.py:914} INFO - Processing file /home/airflow/.local/lib/python3.12/site-packages/airflow/example_dags/example_branch_operator_decorator.py for tasks to queue
[2025-07-01T04:04:41.375+0000] {logging_mixin.py:190} INFO - [2025-07-01T04:04:41.374+0000] {dagbag.py:588} INFO - Filling up the DagBag from /home/airflow/.local/lib/python3.12/site-packages/airflow/example_dags/example_branch_operator_decorator.py
[2025-07-01T04:04:41.395+0000] {processor.py:925} INFO - DAG(s) 'example_branch_python_operator_decorator' retrieved from /home/airflow/.local/lib/python3.12/site-packages/airflow/example_dags/example_branch_operator_decorator.py
[2025-07-01T04:04:41.421+0000] {logging_mixin.py:190} INFO - [2025-07-01T04:04:41.421+0000] {dag.py:3239} INFO - Sync 1 DAGs
[2025-07-01T04:04:41.443+0000] {logging_mixin.py:190} INFO - [2025-07-01T04:04:41.443+0000] {dag.py:4180} INFO - Setting next_dagrun for example_branch_python_operator_decorator to 2025-06-30 00:00:00+00:00, run_after=2025-07-01 00:00:00+00:00
[2025-07-01T04:04:41.460+0000] {processor.py:208} INFO - Processing /home/airflow/.local/lib/python3.12/site-packages/airflow/example_dags/example_branch_operator_decorator.py took 0.095 seconds
[2025-07-01T04:05:12.480+0000] {processor.py:186} INFO - Started process (PID=17390) to work on /home/airflow/.local/lib/python3.12/site-packages/airflow/example_dags/example_branch_operator_decorator.py
[2025-07-01T04:05:12.481+0000] {processor.py:914} INFO - Processing file /home/airflow/.local/lib/python3.12/site-packages/airflow/example_dags/example_branch_operator_decorator.py for tasks to queue
[2025-07-01T04:05:12.483+0000] {logging_mixin.py:190} INFO - [2025-07-01T04:05:12.483+0000] {dagbag.py:588} INFO - Filling up the DagBag from /home/airflow/.local/lib/python3.12/site-packages/airflow/example_dags/example_branch_operator_decorator.py
[2025-07-01T04:05:12.505+0000] {processor.py:925} INFO - DAG(s) 'example_branch_python_operator_decorator' retrieved from /home/airflow/.local/lib/python3.12/site-packages/airflow/example_dags/example_branch_operator_decorator.py
[2025-07-01T04:05:12.532+0000] {logging_mixin.py:190} INFO - [2025-07-01T04:05:12.531+0000] {dag.py:3239} INFO - Sync 1 DAGs
[2025-07-01T04:05:12.554+0000] {logging_mixin.py:190} INFO - [2025-07-01T04:05:12.553+0000] {dag.py:4180} INFO - Setting next_dagrun for example_branch_python_operator_decorator to 2025-06-30 00:00:00+00:00, run_after=2025-07-01 00:00:00+00:00
[2025-07-01T04:05:12.572+0000] {processor.py:208} INFO - Processing /home/airflow/.local/lib/python3.12/site-packages/airflow/example_dags/example_branch_operator_decorator.py took 0.098 seconds
[2025-07-01T04:05:42.656+0000] {processor.py:186} INFO - Started process (PID=17452) to work on /home/airflow/.local/lib/python3.12/site-packages/airflow/example_dags/example_branch_operator_decorator.py
[2025-07-01T04:05:42.657+0000] {processor.py:914} INFO - Processing file /home/airflow/.local/lib/python3.12/site-packages/airflow/example_dags/example_branch_operator_decorator.py for tasks to queue
[2025-07-01T04:05:42.659+0000] {logging_mixin.py:190} INFO - [2025-07-01T04:05:42.659+0000] {dagbag.py:588} INFO - Filling up the DagBag from /home/airflow/.local/lib/python3.12/site-packages/airflow/example_dags/example_branch_operator_decorator.py
[2025-07-01T04:05:42.679+0000] {processor.py:925} INFO - DAG(s) 'example_branch_python_operator_decorator' retrieved from /home/airflow/.local/lib/python3.12/site-packages/airflow/example_dags/example_branch_operator_decorator.py
[2025-07-01T04:05:42.705+0000] {logging_mixin.py:190} INFO - [2025-07-01T04:05:42.705+0000] {dag.py:3239} INFO - Sync 1 DAGs
[2025-07-01T04:05:42.728+0000] {logging_mixin.py:190} INFO - [2025-07-01T04:05:42.728+0000] {dag.py:4180} INFO - Setting next_dagrun for example_branch_python_operator_decorator to 2025-06-30 00:00:00+00:00, run_after=2025-07-01 00:00:00+00:00
[2025-07-01T04:05:42.747+0000] {processor.py:208} INFO - Processing /home/airflow/.local/lib/python3.12/site-packages/airflow/example_dags/example_branch_operator_decorator.py took 0.097 seconds
[2025-07-01T04:06:13.068+0000] {processor.py:186} INFO - Started process (PID=17514) to work on /home/airflow/.local/lib/python3.12/site-packages/airflow/example_dags/example_branch_operator_decorator.py
[2025-07-01T04:06:13.070+0000] {processor.py:914} INFO - Processing file /home/airflow/.local/lib/python3.12/site-packages/airflow/example_dags/example_branch_operator_decorator.py for tasks to queue
[2025-07-01T04:06:13.072+0000] {logging_mixin.py:190} INFO - [2025-07-01T04:06:13.072+0000] {dagbag.py:588} INFO - Filling up the DagBag from /home/airflow/.local/lib/python3.12/site-packages/airflow/example_dags/example_branch_operator_decorator.py
[2025-07-01T04:06:13.091+0000] {processor.py:925} INFO - DAG(s) 'example_branch_python_operator_decorator' retrieved from /home/airflow/.local/lib/python3.12/site-packages/airflow/example_dags/example_branch_operator_decorator.py
[2025-07-01T04:06:13.116+0000] {logging_mixin.py:190} INFO - [2025-07-01T04:06:13.116+0000] {dag.py:3239} INFO - Sync 1 DAGs
[2025-07-01T04:06:13.137+0000] {logging_mixin.py:190} INFO - [2025-07-01T04:06:13.137+0000] {dag.py:4180} INFO - Setting next_dagrun for example_branch_python_operator_decorator to 2025-06-30 00:00:00+00:00, run_after=2025-07-01 00:00:00+00:00
[2025-07-01T04:06:13.153+0000] {processor.py:208} INFO - Processing /home/airflow/.local/lib/python3.12/site-packages/airflow/example_dags/example_branch_operator_decorator.py took 0.090 seconds
[2025-07-01T04:06:43.209+0000] {processor.py:186} INFO - Started process (PID=17576) to work on /home/airflow/.local/lib/python3.12/site-packages/airflow/example_dags/example_branch_operator_decorator.py
[2025-07-01T04:06:43.210+0000] {processor.py:914} INFO - Processing file /home/airflow/.local/lib/python3.12/site-packages/airflow/example_dags/example_branch_operator_decorator.py for tasks to queue
[2025-07-01T04:06:43.212+0000] {logging_mixin.py:190} INFO - [2025-07-01T04:06:43.212+0000] {dagbag.py:588} INFO - Filling up the DagBag from /home/airflow/.local/lib/python3.12/site-packages/airflow/example_dags/example_branch_operator_decorator.py
[2025-07-01T04:06:43.233+0000] {processor.py:925} INFO - DAG(s) 'example_branch_python_operator_decorator' retrieved from /home/airflow/.local/lib/python3.12/site-packages/airflow/example_dags/example_branch_operator_decorator.py
[2025-07-01T04:06:43.263+0000] {logging_mixin.py:190} INFO - [2025-07-01T04:06:43.263+0000] {dag.py:3239} INFO - Sync 1 DAGs
[2025-07-01T04:06:43.286+0000] {logging_mixin.py:190} INFO - [2025-07-01T04:06:43.286+0000] {dag.py:4180} INFO - Setting next_dagrun for example_branch_python_operator_decorator to 2025-06-30 00:00:00+00:00, run_after=2025-07-01 00:00:00+00:00
[2025-07-01T04:06:43.304+0000] {processor.py:208} INFO - Processing /home/airflow/.local/lib/python3.12/site-packages/airflow/example_dags/example_branch_operator_decorator.py took 0.101 seconds
[2025-07-01T04:07:14.176+0000] {processor.py:186} INFO - Started process (PID=17638) to work on /home/airflow/.local/lib/python3.12/site-packages/airflow/example_dags/example_branch_operator_decorator.py
[2025-07-01T04:07:14.177+0000] {processor.py:914} INFO - Processing file /home/airflow/.local/lib/python3.12/site-packages/airflow/example_dags/example_branch_operator_decorator.py for tasks to queue
[2025-07-01T04:07:14.180+0000] {logging_mixin.py:190} INFO - [2025-07-01T04:07:14.179+0000] {dagbag.py:588} INFO - Filling up the DagBag from /home/airflow/.local/lib/python3.12/site-packages/airflow/example_dags/example_branch_operator_decorator.py
[2025-07-01T04:07:14.204+0000] {processor.py:925} INFO - DAG(s) 'example_branch_python_operator_decorator' retrieved from /home/airflow/.local/lib/python3.12/site-packages/airflow/example_dags/example_branch_operator_decorator.py
[2025-07-01T04:07:14.230+0000] {logging_mixin.py:190} INFO - [2025-07-01T04:07:14.230+0000] {dag.py:3239} INFO - Sync 1 DAGs
[2025-07-01T04:07:14.252+0000] {logging_mixin.py:190} INFO - [2025-07-01T04:07:14.252+0000] {dag.py:4180} INFO - Setting next_dagrun for example_branch_python_operator_decorator to 2025-06-30 00:00:00+00:00, run_after=2025-07-01 00:00:00+00:00
[2025-07-01T04:07:14.269+0000] {processor.py:208} INFO - Processing /home/airflow/.local/lib/python3.12/site-packages/airflow/example_dags/example_branch_operator_decorator.py took 0.099 seconds
[2025-07-01T04:07:44.969+0000] {processor.py:186} INFO - Started process (PID=17700) to work on /home/airflow/.local/lib/python3.12/site-packages/airflow/example_dags/example_branch_operator_decorator.py
[2025-07-01T04:07:44.970+0000] {processor.py:914} INFO - Processing file /home/airflow/.local/lib/python3.12/site-packages/airflow/example_dags/example_branch_operator_decorator.py for tasks to queue
[2025-07-01T04:07:44.973+0000] {logging_mixin.py:190} INFO - [2025-07-01T04:07:44.973+0000] {dagbag.py:588} INFO - Filling up the DagBag from /home/airflow/.local/lib/python3.12/site-packages/airflow/example_dags/example_branch_operator_decorator.py
[2025-07-01T04:07:44.997+0000] {processor.py:925} INFO - DAG(s) 'example_branch_python_operator_decorator' retrieved from /home/airflow/.local/lib/python3.12/site-packages/airflow/example_dags/example_branch_operator_decorator.py
[2025-07-01T04:07:45.022+0000] {logging_mixin.py:190} INFO - [2025-07-01T04:07:45.022+0000] {dag.py:3239} INFO - Sync 1 DAGs
[2025-07-01T04:07:45.044+0000] {logging_mixin.py:190} INFO - [2025-07-01T04:07:45.044+0000] {dag.py:4180} INFO - Setting next_dagrun for example_branch_python_operator_decorator to 2025-06-30 00:00:00+00:00, run_after=2025-07-01 00:00:00+00:00
[2025-07-01T04:07:45.061+0000] {processor.py:208} INFO - Processing /home/airflow/.local/lib/python3.12/site-packages/airflow/example_dags/example_branch_operator_decorator.py took 0.097 seconds
[2025-07-01T04:08:15.830+0000] {processor.py:186} INFO - Started process (PID=17762) to work on /home/airflow/.local/lib/python3.12/site-packages/airflow/example_dags/example_branch_operator_decorator.py
[2025-07-01T04:08:15.831+0000] {processor.py:914} INFO - Processing file /home/airflow/.local/lib/python3.12/site-packages/airflow/example_dags/example_branch_operator_decorator.py for tasks to queue
[2025-07-01T04:08:15.834+0000] {logging_mixin.py:190} INFO - [2025-07-01T04:08:15.833+0000] {dagbag.py:588} INFO - Filling up the DagBag from /home/airflow/.local/lib/python3.12/site-packages/airflow/example_dags/example_branch_operator_decorator.py
[2025-07-01T04:08:15.853+0000] {processor.py:925} INFO - DAG(s) 'example_branch_python_operator_decorator' retrieved from /home/airflow/.local/lib/python3.12/site-packages/airflow/example_dags/example_branch_operator_decorator.py
[2025-07-01T04:08:15.879+0000] {logging_mixin.py:190} INFO - [2025-07-01T04:08:15.879+0000] {dag.py:3239} INFO - Sync 1 DAGs
[2025-07-01T04:08:15.903+0000] {logging_mixin.py:190} INFO - [2025-07-01T04:08:15.902+0000] {dag.py:4180} INFO - Setting next_dagrun for example_branch_python_operator_decorator to 2025-06-30 00:00:00+00:00, run_after=2025-07-01 00:00:00+00:00
[2025-07-01T04:08:15.920+0000] {processor.py:208} INFO - Processing /home/airflow/.local/lib/python3.12/site-packages/airflow/example_dags/example_branch_operator_decorator.py took 0.096 seconds
[2025-07-01T04:08:46.434+0000] {processor.py:186} INFO - Started process (PID=17824) to work on /home/airflow/.local/lib/python3.12/site-packages/airflow/example_dags/example_branch_operator_decorator.py
[2025-07-01T04:08:46.436+0000] {processor.py:914} INFO - Processing file /home/airflow/.local/lib/python3.12/site-packages/airflow/example_dags/example_branch_operator_decorator.py for tasks to queue
[2025-07-01T04:08:46.439+0000] {logging_mixin.py:190} INFO - [2025-07-01T04:08:46.438+0000] {dagbag.py:588} INFO - Filling up the DagBag from /home/airflow/.local/lib/python3.12/site-packages/airflow/example_dags/example_branch_operator_decorator.py
[2025-07-01T04:08:46.459+0000] {processor.py:925} INFO - DAG(s) 'example_branch_python_operator_decorator' retrieved from /home/airflow/.local/lib/python3.12/site-packages/airflow/example_dags/example_branch_operator_decorator.py
[2025-07-01T04:08:46.484+0000] {logging_mixin.py:190} INFO - [2025-07-01T04:08:46.484+0000] {dag.py:3239} INFO - Sync 1 DAGs
[2025-07-01T04:08:46.506+0000] {logging_mixin.py:190} INFO - [2025-07-01T04:08:46.505+0000] {dag.py:4180} INFO - Setting next_dagrun for example_branch_python_operator_decorator to 2025-06-30 00:00:00+00:00, run_after=2025-07-01 00:00:00+00:00
[2025-07-01T04:08:46.522+0000] {processor.py:208} INFO - Processing /home/airflow/.local/lib/python3.12/site-packages/airflow/example_dags/example_branch_operator_decorator.py took 0.093 seconds
[2025-07-01T04:09:17.125+0000] {processor.py:186} INFO - Started process (PID=17886) to work on /home/airflow/.local/lib/python3.12/site-packages/airflow/example_dags/example_branch_operator_decorator.py
[2025-07-01T04:09:17.126+0000] {processor.py:914} INFO - Processing file /home/airflow/.local/lib/python3.12/site-packages/airflow/example_dags/example_branch_operator_decorator.py for tasks to queue
[2025-07-01T04:09:17.129+0000] {logging_mixin.py:190} INFO - [2025-07-01T04:09:17.129+0000] {dagbag.py:588} INFO - Filling up the DagBag from /home/airflow/.local/lib/python3.12/site-packages/airflow/example_dags/example_branch_operator_decorator.py
[2025-07-01T04:09:17.153+0000] {processor.py:925} INFO - DAG(s) 'example_branch_python_operator_decorator' retrieved from /home/airflow/.local/lib/python3.12/site-packages/airflow/example_dags/example_branch_operator_decorator.py
[2025-07-01T04:09:17.181+0000] {logging_mixin.py:190} INFO - [2025-07-01T04:09:17.181+0000] {dag.py:3239} INFO - Sync 1 DAGs
[2025-07-01T04:09:17.205+0000] {logging_mixin.py:190} INFO - [2025-07-01T04:09:17.205+0000] {dag.py:4180} INFO - Setting next_dagrun for example_branch_python_operator_decorator to 2025-06-30 00:00:00+00:00, run_after=2025-07-01 00:00:00+00:00
[2025-07-01T04:09:17.222+0000] {processor.py:208} INFO - Processing /home/airflow/.local/lib/python3.12/site-packages/airflow/example_dags/example_branch_operator_decorator.py took 0.105 seconds
[2025-07-01T04:09:47.858+0000] {processor.py:186} INFO - Started process (PID=17948) to work on /home/airflow/.local/lib/python3.12/site-packages/airflow/example_dags/example_branch_operator_decorator.py
[2025-07-01T04:09:47.859+0000] {processor.py:914} INFO - Processing file /home/airflow/.local/lib/python3.12/site-packages/airflow/example_dags/example_branch_operator_decorator.py for tasks to queue
[2025-07-01T04:09:47.862+0000] {logging_mixin.py:190} INFO - [2025-07-01T04:09:47.862+0000] {dagbag.py:588} INFO - Filling up the DagBag from /home/airflow/.local/lib/python3.12/site-packages/airflow/example_dags/example_branch_operator_decorator.py
[2025-07-01T04:09:47.882+0000] {processor.py:925} INFO - DAG(s) 'example_branch_python_operator_decorator' retrieved from /home/airflow/.local/lib/python3.12/site-packages/airflow/example_dags/example_branch_operator_decorator.py
[2025-07-01T04:09:47.910+0000] {logging_mixin.py:190} INFO - [2025-07-01T04:09:47.910+0000] {dag.py:3239} INFO - Sync 1 DAGs
[2025-07-01T04:09:47.933+0000] {logging_mixin.py:190} INFO - [2025-07-01T04:09:47.933+0000] {dag.py:4180} INFO - Setting next_dagrun for example_branch_python_operator_decorator to 2025-06-30 00:00:00+00:00, run_after=2025-07-01 00:00:00+00:00
[2025-07-01T04:09:47.951+0000] {processor.py:208} INFO - Processing /home/airflow/.local/lib/python3.12/site-packages/airflow/example_dags/example_branch_operator_decorator.py took 0.098 seconds
[2025-07-01T04:10:18.538+0000] {processor.py:186} INFO - Started process (PID=18010) to work on /home/airflow/.local/lib/python3.12/site-packages/airflow/example_dags/example_branch_operator_decorator.py
[2025-07-01T04:10:18.540+0000] {processor.py:914} INFO - Processing file /home/airflow/.local/lib/python3.12/site-packages/airflow/example_dags/example_branch_operator_decorator.py for tasks to queue
[2025-07-01T04:10:18.543+0000] {logging_mixin.py:190} INFO - [2025-07-01T04:10:18.543+0000] {dagbag.py:588} INFO - Filling up the DagBag from /home/airflow/.local/lib/python3.12/site-packages/airflow/example_dags/example_branch_operator_decorator.py
[2025-07-01T04:10:18.565+0000] {processor.py:925} INFO - DAG(s) 'example_branch_python_operator_decorator' retrieved from /home/airflow/.local/lib/python3.12/site-packages/airflow/example_dags/example_branch_operator_decorator.py
[2025-07-01T04:10:18.593+0000] {logging_mixin.py:190} INFO - [2025-07-01T04:10:18.593+0000] {dag.py:3239} INFO - Sync 1 DAGs
[2025-07-01T04:10:18.618+0000] {logging_mixin.py:190} INFO - [2025-07-01T04:10:18.618+0000] {dag.py:4180} INFO - Setting next_dagrun for example_branch_python_operator_decorator to 2025-06-30 00:00:00+00:00, run_after=2025-07-01 00:00:00+00:00
[2025-07-01T04:10:18.635+0000] {processor.py:208} INFO - Processing /home/airflow/.local/lib/python3.12/site-packages/airflow/example_dags/example_branch_operator_decorator.py took 0.104 seconds
[2025-07-01T04:10:49.087+0000] {processor.py:186} INFO - Started process (PID=18072) to work on /home/airflow/.local/lib/python3.12/site-packages/airflow/example_dags/example_branch_operator_decorator.py
[2025-07-01T04:10:49.088+0000] {processor.py:914} INFO - Processing file /home/airflow/.local/lib/python3.12/site-packages/airflow/example_dags/example_branch_operator_decorator.py for tasks to queue
[2025-07-01T04:10:49.090+0000] {logging_mixin.py:190} INFO - [2025-07-01T04:10:49.090+0000] {dagbag.py:588} INFO - Filling up the DagBag from /home/airflow/.local/lib/python3.12/site-packages/airflow/example_dags/example_branch_operator_decorator.py
[2025-07-01T04:10:49.110+0000] {processor.py:925} INFO - DAG(s) 'example_branch_python_operator_decorator' retrieved from /home/airflow/.local/lib/python3.12/site-packages/airflow/example_dags/example_branch_operator_decorator.py
[2025-07-01T04:10:49.136+0000] {logging_mixin.py:190} INFO - [2025-07-01T04:10:49.135+0000] {dag.py:3239} INFO - Sync 1 DAGs
[2025-07-01T04:10:49.158+0000] {logging_mixin.py:190} INFO - [2025-07-01T04:10:49.158+0000] {dag.py:4180} INFO - Setting next_dagrun for example_branch_python_operator_decorator to 2025-06-30 00:00:00+00:00, run_after=2025-07-01 00:00:00+00:00
[2025-07-01T04:10:49.175+0000] {processor.py:208} INFO - Processing /home/airflow/.local/lib/python3.12/site-packages/airflow/example_dags/example_branch_operator_decorator.py took 0.094 seconds
[2025-07-01T04:11:19.797+0000] {processor.py:186} INFO - Started process (PID=18134) to work on /home/airflow/.local/lib/python3.12/site-packages/airflow/example_dags/example_branch_operator_decorator.py
[2025-07-01T04:11:19.798+0000] {processor.py:914} INFO - Processing file /home/airflow/.local/lib/python3.12/site-packages/airflow/example_dags/example_branch_operator_decorator.py for tasks to queue
[2025-07-01T04:11:19.800+0000] {logging_mixin.py:190} INFO - [2025-07-01T04:11:19.800+0000] {dagbag.py:588} INFO - Filling up the DagBag from /home/airflow/.local/lib/python3.12/site-packages/airflow/example_dags/example_branch_operator_decorator.py
[2025-07-01T04:11:19.820+0000] {processor.py:925} INFO - DAG(s) 'example_branch_python_operator_decorator' retrieved from /home/airflow/.local/lib/python3.12/site-packages/airflow/example_dags/example_branch_operator_decorator.py
[2025-07-01T04:11:19.847+0000] {logging_mixin.py:190} INFO - [2025-07-01T04:11:19.847+0000] {dag.py:3239} INFO - Sync 1 DAGs
[2025-07-01T04:11:19.870+0000] {logging_mixin.py:190} INFO - [2025-07-01T04:11:19.870+0000] {dag.py:4180} INFO - Setting next_dagrun for example_branch_python_operator_decorator to 2025-06-30 00:00:00+00:00, run_after=2025-07-01 00:00:00+00:00
[2025-07-01T04:11:19.889+0000] {processor.py:208} INFO - Processing /home/airflow/.local/lib/python3.12/site-packages/airflow/example_dags/example_branch_operator_decorator.py took 0.102 seconds
[2025-07-01T04:11:50.629+0000] {processor.py:186} INFO - Started process (PID=18196) to work on /home/airflow/.local/lib/python3.12/site-packages/airflow/example_dags/example_branch_operator_decorator.py
[2025-07-01T04:11:50.630+0000] {processor.py:914} INFO - Processing file /home/airflow/.local/lib/python3.12/site-packages/airflow/example_dags/example_branch_operator_decorator.py for tasks to queue
[2025-07-01T04:11:50.633+0000] {logging_mixin.py:190} INFO - [2025-07-01T04:11:50.632+0000] {dagbag.py:588} INFO - Filling up the DagBag from /home/airflow/.local/lib/python3.12/site-packages/airflow/example_dags/example_branch_operator_decorator.py
[2025-07-01T04:11:50.655+0000] {processor.py:925} INFO - DAG(s) 'example_branch_python_operator_decorator' retrieved from /home/airflow/.local/lib/python3.12/site-packages/airflow/example_dags/example_branch_operator_decorator.py
[2025-07-01T04:11:50.682+0000] {logging_mixin.py:190} INFO - [2025-07-01T04:11:50.681+0000] {dag.py:3239} INFO - Sync 1 DAGs
[2025-07-01T04:11:50.704+0000] {logging_mixin.py:190} INFO - [2025-07-01T04:11:50.704+0000] {dag.py:4180} INFO - Setting next_dagrun for example_branch_python_operator_decorator to 2025-06-30 00:00:00+00:00, run_after=2025-07-01 00:00:00+00:00
[2025-07-01T04:11:50.722+0000] {processor.py:208} INFO - Processing /home/airflow/.local/lib/python3.12/site-packages/airflow/example_dags/example_branch_operator_decorator.py took 0.098 seconds
[2025-07-01T04:12:21.212+0000] {processor.py:186} INFO - Started process (PID=18264) to work on /home/airflow/.local/lib/python3.12/site-packages/airflow/example_dags/example_branch_operator_decorator.py
[2025-07-01T04:12:21.214+0000] {processor.py:914} INFO - Processing file /home/airflow/.local/lib/python3.12/site-packages/airflow/example_dags/example_branch_operator_decorator.py for tasks to queue
[2025-07-01T04:12:21.219+0000] {logging_mixin.py:190} INFO - [2025-07-01T04:12:21.219+0000] {dagbag.py:588} INFO - Filling up the DagBag from /home/airflow/.local/lib/python3.12/site-packages/airflow/example_dags/example_branch_operator_decorator.py
[2025-07-01T04:12:21.242+0000] {processor.py:925} INFO - DAG(s) 'example_branch_python_operator_decorator' retrieved from /home/airflow/.local/lib/python3.12/site-packages/airflow/example_dags/example_branch_operator_decorator.py
[2025-07-01T04:12:21.273+0000] {logging_mixin.py:190} INFO - [2025-07-01T04:12:21.272+0000] {dag.py:3239} INFO - Sync 1 DAGs
[2025-07-01T04:12:21.297+0000] {logging_mixin.py:190} INFO - [2025-07-01T04:12:21.297+0000] {dag.py:4180} INFO - Setting next_dagrun for example_branch_python_operator_decorator to 2025-06-30 00:00:00+00:00, run_after=2025-07-01 00:00:00+00:00
[2025-07-01T04:12:21.316+0000] {processor.py:208} INFO - Processing /home/airflow/.local/lib/python3.12/site-packages/airflow/example_dags/example_branch_operator_decorator.py took 0.110 seconds
[2025-07-01T04:12:51.663+0000] {processor.py:186} INFO - Started process (PID=18326) to work on /home/airflow/.local/lib/python3.12/site-packages/airflow/example_dags/example_branch_operator_decorator.py
[2025-07-01T04:12:51.664+0000] {processor.py:914} INFO - Processing file /home/airflow/.local/lib/python3.12/site-packages/airflow/example_dags/example_branch_operator_decorator.py for tasks to queue
[2025-07-01T04:12:51.667+0000] {logging_mixin.py:190} INFO - [2025-07-01T04:12:51.667+0000] {dagbag.py:588} INFO - Filling up the DagBag from /home/airflow/.local/lib/python3.12/site-packages/airflow/example_dags/example_branch_operator_decorator.py
[2025-07-01T04:12:51.687+0000] {processor.py:925} INFO - DAG(s) 'example_branch_python_operator_decorator' retrieved from /home/airflow/.local/lib/python3.12/site-packages/airflow/example_dags/example_branch_operator_decorator.py
[2025-07-01T04:12:51.713+0000] {logging_mixin.py:190} INFO - [2025-07-01T04:12:51.713+0000] {dag.py:3239} INFO - Sync 1 DAGs
[2025-07-01T04:12:51.736+0000] {logging_mixin.py:190} INFO - [2025-07-01T04:12:51.736+0000] {dag.py:4180} INFO - Setting next_dagrun for example_branch_python_operator_decorator to 2025-06-30 00:00:00+00:00, run_after=2025-07-01 00:00:00+00:00
[2025-07-01T04:12:51.754+0000] {processor.py:208} INFO - Processing /home/airflow/.local/lib/python3.12/site-packages/airflow/example_dags/example_branch_operator_decorator.py took 0.098 seconds
[2025-07-01T04:13:22.253+0000] {processor.py:186} INFO - Started process (PID=18388) to work on /home/airflow/.local/lib/python3.12/site-packages/airflow/example_dags/example_branch_operator_decorator.py
[2025-07-01T04:13:22.254+0000] {processor.py:914} INFO - Processing file /home/airflow/.local/lib/python3.12/site-packages/airflow/example_dags/example_branch_operator_decorator.py for tasks to queue
[2025-07-01T04:13:22.256+0000] {logging_mixin.py:190} INFO - [2025-07-01T04:13:22.256+0000] {dagbag.py:588} INFO - Filling up the DagBag from /home/airflow/.local/lib/python3.12/site-packages/airflow/example_dags/example_branch_operator_decorator.py
[2025-07-01T04:13:22.276+0000] {processor.py:925} INFO - DAG(s) 'example_branch_python_operator_decorator' retrieved from /home/airflow/.local/lib/python3.12/site-packages/airflow/example_dags/example_branch_operator_decorator.py
[2025-07-01T04:13:22.303+0000] {logging_mixin.py:190} INFO - [2025-07-01T04:13:22.303+0000] {dag.py:3239} INFO - Sync 1 DAGs
[2025-07-01T04:13:22.326+0000] {logging_mixin.py:190} INFO - [2025-07-01T04:13:22.326+0000] {dag.py:4180} INFO - Setting next_dagrun for example_branch_python_operator_decorator to 2025-06-30 00:00:00+00:00, run_after=2025-07-01 00:00:00+00:00
[2025-07-01T04:13:22.345+0000] {processor.py:208} INFO - Processing /home/airflow/.local/lib/python3.12/site-packages/airflow/example_dags/example_branch_operator_decorator.py took 0.098 seconds
[2025-07-01T04:13:52.844+0000] {processor.py:186} INFO - Started process (PID=18450) to work on /home/airflow/.local/lib/python3.12/site-packages/airflow/example_dags/example_branch_operator_decorator.py
[2025-07-01T04:13:52.845+0000] {processor.py:914} INFO - Processing file /home/airflow/.local/lib/python3.12/site-packages/airflow/example_dags/example_branch_operator_decorator.py for tasks to queue
[2025-07-01T04:13:52.847+0000] {logging_mixin.py:190} INFO - [2025-07-01T04:13:52.847+0000] {dagbag.py:588} INFO - Filling up the DagBag from /home/airflow/.local/lib/python3.12/site-packages/airflow/example_dags/example_branch_operator_decorator.py
[2025-07-01T04:13:52.867+0000] {processor.py:925} INFO - DAG(s) 'example_branch_python_operator_decorator' retrieved from /home/airflow/.local/lib/python3.12/site-packages/airflow/example_dags/example_branch_operator_decorator.py
[2025-07-01T04:13:52.894+0000] {logging_mixin.py:190} INFO - [2025-07-01T04:13:52.894+0000] {dag.py:3239} INFO - Sync 1 DAGs
[2025-07-01T04:13:52.917+0000] {logging_mixin.py:190} INFO - [2025-07-01T04:13:52.916+0000] {dag.py:4180} INFO - Setting next_dagrun for example_branch_python_operator_decorator to 2025-06-30 00:00:00+00:00, run_after=2025-07-01 00:00:00+00:00
[2025-07-01T04:13:52.934+0000] {processor.py:208} INFO - Processing /home/airflow/.local/lib/python3.12/site-packages/airflow/example_dags/example_branch_operator_decorator.py took 0.096 seconds
[2025-07-01T04:14:23.533+0000] {processor.py:186} INFO - Started process (PID=18512) to work on /home/airflow/.local/lib/python3.12/site-packages/airflow/example_dags/example_branch_operator_decorator.py
[2025-07-01T04:14:23.534+0000] {processor.py:914} INFO - Processing file /home/airflow/.local/lib/python3.12/site-packages/airflow/example_dags/example_branch_operator_decorator.py for tasks to queue
[2025-07-01T04:14:23.537+0000] {logging_mixin.py:190} INFO - [2025-07-01T04:14:23.536+0000] {dagbag.py:588} INFO - Filling up the DagBag from /home/airflow/.local/lib/python3.12/site-packages/airflow/example_dags/example_branch_operator_decorator.py
[2025-07-01T04:14:23.557+0000] {processor.py:925} INFO - DAG(s) 'example_branch_python_operator_decorator' retrieved from /home/airflow/.local/lib/python3.12/site-packages/airflow/example_dags/example_branch_operator_decorator.py
[2025-07-01T04:14:23.583+0000] {logging_mixin.py:190} INFO - [2025-07-01T04:14:23.582+0000] {dag.py:3239} INFO - Sync 1 DAGs
[2025-07-01T04:14:23.604+0000] {logging_mixin.py:190} INFO - [2025-07-01T04:14:23.604+0000] {dag.py:4180} INFO - Setting next_dagrun for example_branch_python_operator_decorator to 2025-06-30 00:00:00+00:00, run_after=2025-07-01 00:00:00+00:00
[2025-07-01T04:14:23.621+0000] {processor.py:208} INFO - Processing /home/airflow/.local/lib/python3.12/site-packages/airflow/example_dags/example_branch_operator_decorator.py took 0.093 seconds
[2025-07-01T04:14:54.086+0000] {processor.py:186} INFO - Started process (PID=18574) to work on /home/airflow/.local/lib/python3.12/site-packages/airflow/example_dags/example_branch_operator_decorator.py
[2025-07-01T04:14:54.087+0000] {processor.py:914} INFO - Processing file /home/airflow/.local/lib/python3.12/site-packages/airflow/example_dags/example_branch_operator_decorator.py for tasks to queue
[2025-07-01T04:14:54.090+0000] {logging_mixin.py:190} INFO - [2025-07-01T04:14:54.090+0000] {dagbag.py:588} INFO - Filling up the DagBag from /home/airflow/.local/lib/python3.12/site-packages/airflow/example_dags/example_branch_operator_decorator.py
[2025-07-01T04:14:54.110+0000] {processor.py:925} INFO - DAG(s) 'example_branch_python_operator_decorator' retrieved from /home/airflow/.local/lib/python3.12/site-packages/airflow/example_dags/example_branch_operator_decorator.py
[2025-07-01T04:14:54.134+0000] {logging_mixin.py:190} INFO - [2025-07-01T04:14:54.134+0000] {dag.py:3239} INFO - Sync 1 DAGs
[2025-07-01T04:14:54.157+0000] {logging_mixin.py:190} INFO - [2025-07-01T04:14:54.156+0000] {dag.py:4180} INFO - Setting next_dagrun for example_branch_python_operator_decorator to 2025-06-30 00:00:00+00:00, run_after=2025-07-01 00:00:00+00:00
[2025-07-01T04:14:54.173+0000] {processor.py:208} INFO - Processing /home/airflow/.local/lib/python3.12/site-packages/airflow/example_dags/example_branch_operator_decorator.py took 0.093 seconds
[2025-07-01T04:15:24.693+0000] {processor.py:186} INFO - Started process (PID=18636) to work on /home/airflow/.local/lib/python3.12/site-packages/airflow/example_dags/example_branch_operator_decorator.py
[2025-07-01T04:15:24.694+0000] {processor.py:914} INFO - Processing file /home/airflow/.local/lib/python3.12/site-packages/airflow/example_dags/example_branch_operator_decorator.py for tasks to queue
[2025-07-01T04:15:24.696+0000] {logging_mixin.py:190} INFO - [2025-07-01T04:15:24.696+0000] {dagbag.py:588} INFO - Filling up the DagBag from /home/airflow/.local/lib/python3.12/site-packages/airflow/example_dags/example_branch_operator_decorator.py
[2025-07-01T04:15:24.716+0000] {processor.py:925} INFO - DAG(s) 'example_branch_python_operator_decorator' retrieved from /home/airflow/.local/lib/python3.12/site-packages/airflow/example_dags/example_branch_operator_decorator.py
[2025-07-01T04:15:24.743+0000] {logging_mixin.py:190} INFO - [2025-07-01T04:15:24.743+0000] {dag.py:3239} INFO - Sync 1 DAGs
[2025-07-01T04:15:24.767+0000] {logging_mixin.py:190} INFO - [2025-07-01T04:15:24.767+0000] {dag.py:4180} INFO - Setting next_dagrun for example_branch_python_operator_decorator to 2025-06-30 00:00:00+00:00, run_after=2025-07-01 00:00:00+00:00
[2025-07-01T04:15:24.783+0000] {processor.py:208} INFO - Processing /home/airflow/.local/lib/python3.12/site-packages/airflow/example_dags/example_branch_operator_decorator.py took 0.097 seconds
[2025-07-01T04:15:55.155+0000] {processor.py:186} INFO - Started process (PID=18698) to work on /home/airflow/.local/lib/python3.12/site-packages/airflow/example_dags/example_branch_operator_decorator.py
[2025-07-01T04:15:55.156+0000] {processor.py:914} INFO - Processing file /home/airflow/.local/lib/python3.12/site-packages/airflow/example_dags/example_branch_operator_decorator.py for tasks to queue
[2025-07-01T04:15:55.159+0000] {logging_mixin.py:190} INFO - [2025-07-01T04:15:55.158+0000] {dagbag.py:588} INFO - Filling up the DagBag from /home/airflow/.local/lib/python3.12/site-packages/airflow/example_dags/example_branch_operator_decorator.py
[2025-07-01T04:15:55.180+0000] {processor.py:925} INFO - DAG(s) 'example_branch_python_operator_decorator' retrieved from /home/airflow/.local/lib/python3.12/site-packages/airflow/example_dags/example_branch_operator_decorator.py
[2025-07-01T04:15:55.205+0000] {logging_mixin.py:190} INFO - [2025-07-01T04:15:55.205+0000] {dag.py:3239} INFO - Sync 1 DAGs
[2025-07-01T04:15:55.229+0000] {logging_mixin.py:190} INFO - [2025-07-01T04:15:55.228+0000] {dag.py:4180} INFO - Setting next_dagrun for example_branch_python_operator_decorator to 2025-06-30 00:00:00+00:00, run_after=2025-07-01 00:00:00+00:00
[2025-07-01T04:15:55.245+0000] {processor.py:208} INFO - Processing /home/airflow/.local/lib/python3.12/site-packages/airflow/example_dags/example_branch_operator_decorator.py took 0.097 seconds
[2025-07-01T04:16:25.806+0000] {processor.py:186} INFO - Started process (PID=18760) to work on /home/airflow/.local/lib/python3.12/site-packages/airflow/example_dags/example_branch_operator_decorator.py
[2025-07-01T04:16:25.807+0000] {processor.py:914} INFO - Processing file /home/airflow/.local/lib/python3.12/site-packages/airflow/example_dags/example_branch_operator_decorator.py for tasks to queue
[2025-07-01T04:16:25.810+0000] {logging_mixin.py:190} INFO - [2025-07-01T04:16:25.810+0000] {dagbag.py:588} INFO - Filling up the DagBag from /home/airflow/.local/lib/python3.12/site-packages/airflow/example_dags/example_branch_operator_decorator.py
[2025-07-01T04:16:25.830+0000] {processor.py:925} INFO - DAG(s) 'example_branch_python_operator_decorator' retrieved from /home/airflow/.local/lib/python3.12/site-packages/airflow/example_dags/example_branch_operator_decorator.py
[2025-07-01T04:16:25.857+0000] {logging_mixin.py:190} INFO - [2025-07-01T04:16:25.857+0000] {dag.py:3239} INFO - Sync 1 DAGs
[2025-07-01T04:16:25.880+0000] {logging_mixin.py:190} INFO - [2025-07-01T04:16:25.879+0000] {dag.py:4180} INFO - Setting next_dagrun for example_branch_python_operator_decorator to 2025-06-30 00:00:00+00:00, run_after=2025-07-01 00:00:00+00:00
[2025-07-01T04:16:25.897+0000] {processor.py:208} INFO - Processing /home/airflow/.local/lib/python3.12/site-packages/airflow/example_dags/example_branch_operator_decorator.py took 0.098 seconds
[2025-07-01T04:16:56.693+0000] {processor.py:186} INFO - Started process (PID=18822) to work on /home/airflow/.local/lib/python3.12/site-packages/airflow/example_dags/example_branch_operator_decorator.py
[2025-07-01T04:16:56.694+0000] {processor.py:914} INFO - Processing file /home/airflow/.local/lib/python3.12/site-packages/airflow/example_dags/example_branch_operator_decorator.py for tasks to queue
[2025-07-01T04:16:56.696+0000] {logging_mixin.py:190} INFO - [2025-07-01T04:16:56.696+0000] {dagbag.py:588} INFO - Filling up the DagBag from /home/airflow/.local/lib/python3.12/site-packages/airflow/example_dags/example_branch_operator_decorator.py
[2025-07-01T04:16:56.716+0000] {processor.py:925} INFO - DAG(s) 'example_branch_python_operator_decorator' retrieved from /home/airflow/.local/lib/python3.12/site-packages/airflow/example_dags/example_branch_operator_decorator.py
[2025-07-01T04:16:56.741+0000] {logging_mixin.py:190} INFO - [2025-07-01T04:16:56.741+0000] {dag.py:3239} INFO - Sync 1 DAGs
[2025-07-01T04:16:56.764+0000] {logging_mixin.py:190} INFO - [2025-07-01T04:16:56.763+0000] {dag.py:4180} INFO - Setting next_dagrun for example_branch_python_operator_decorator to 2025-06-30 00:00:00+00:00, run_after=2025-07-01 00:00:00+00:00
[2025-07-01T04:16:56.781+0000] {processor.py:208} INFO - Processing /home/airflow/.local/lib/python3.12/site-packages/airflow/example_dags/example_branch_operator_decorator.py took 0.094 seconds
[2025-07-01T04:17:27.681+0000] {processor.py:186} INFO - Started process (PID=18884) to work on /home/airflow/.local/lib/python3.12/site-packages/airflow/example_dags/example_branch_operator_decorator.py
[2025-07-01T04:17:27.682+0000] {processor.py:914} INFO - Processing file /home/airflow/.local/lib/python3.12/site-packages/airflow/example_dags/example_branch_operator_decorator.py for tasks to queue
[2025-07-01T04:17:27.685+0000] {logging_mixin.py:190} INFO - [2025-07-01T04:17:27.684+0000] {dagbag.py:588} INFO - Filling up the DagBag from /home/airflow/.local/lib/python3.12/site-packages/airflow/example_dags/example_branch_operator_decorator.py
[2025-07-01T04:17:27.705+0000] {processor.py:925} INFO - DAG(s) 'example_branch_python_operator_decorator' retrieved from /home/airflow/.local/lib/python3.12/site-packages/airflow/example_dags/example_branch_operator_decorator.py
[2025-07-01T04:17:27.731+0000] {logging_mixin.py:190} INFO - [2025-07-01T04:17:27.731+0000] {dag.py:3239} INFO - Sync 1 DAGs
[2025-07-01T04:17:27.754+0000] {logging_mixin.py:190} INFO - [2025-07-01T04:17:27.754+0000] {dag.py:4180} INFO - Setting next_dagrun for example_branch_python_operator_decorator to 2025-06-30 00:00:00+00:00, run_after=2025-07-01 00:00:00+00:00
[2025-07-01T04:17:27.772+0000] {processor.py:208} INFO - Processing /home/airflow/.local/lib/python3.12/site-packages/airflow/example_dags/example_branch_operator_decorator.py took 0.096 seconds
[2025-07-01T04:17:58.343+0000] {processor.py:186} INFO - Started process (PID=18946) to work on /home/airflow/.local/lib/python3.12/site-packages/airflow/example_dags/example_branch_operator_decorator.py
[2025-07-01T04:17:58.344+0000] {processor.py:914} INFO - Processing file /home/airflow/.local/lib/python3.12/site-packages/airflow/example_dags/example_branch_operator_decorator.py for tasks to queue
[2025-07-01T04:17:58.347+0000] {logging_mixin.py:190} INFO - [2025-07-01T04:17:58.347+0000] {dagbag.py:588} INFO - Filling up the DagBag from /home/airflow/.local/lib/python3.12/site-packages/airflow/example_dags/example_branch_operator_decorator.py
[2025-07-01T04:17:58.367+0000] {processor.py:925} INFO - DAG(s) 'example_branch_python_operator_decorator' retrieved from /home/airflow/.local/lib/python3.12/site-packages/airflow/example_dags/example_branch_operator_decorator.py
[2025-07-01T04:17:58.397+0000] {logging_mixin.py:190} INFO - [2025-07-01T04:17:58.396+0000] {dag.py:3239} INFO - Sync 1 DAGs
[2025-07-01T04:17:58.423+0000] {logging_mixin.py:190} INFO - [2025-07-01T04:17:58.423+0000] {dag.py:4180} INFO - Setting next_dagrun for example_branch_python_operator_decorator to 2025-06-30 00:00:00+00:00, run_after=2025-07-01 00:00:00+00:00
[2025-07-01T04:17:58.444+0000] {processor.py:208} INFO - Processing /home/airflow/.local/lib/python3.12/site-packages/airflow/example_dags/example_branch_operator_decorator.py took 0.106 seconds
[2025-07-01T04:18:29.279+0000] {processor.py:186} INFO - Started process (PID=19008) to work on /home/airflow/.local/lib/python3.12/site-packages/airflow/example_dags/example_branch_operator_decorator.py
[2025-07-01T04:18:29.280+0000] {processor.py:914} INFO - Processing file /home/airflow/.local/lib/python3.12/site-packages/airflow/example_dags/example_branch_operator_decorator.py for tasks to queue
[2025-07-01T04:18:29.283+0000] {logging_mixin.py:190} INFO - [2025-07-01T04:18:29.282+0000] {dagbag.py:588} INFO - Filling up the DagBag from /home/airflow/.local/lib/python3.12/site-packages/airflow/example_dags/example_branch_operator_decorator.py
[2025-07-01T04:18:29.305+0000] {processor.py:925} INFO - DAG(s) 'example_branch_python_operator_decorator' retrieved from /home/airflow/.local/lib/python3.12/site-packages/airflow/example_dags/example_branch_operator_decorator.py
[2025-07-01T04:18:29.331+0000] {logging_mixin.py:190} INFO - [2025-07-01T04:18:29.331+0000] {dag.py:3239} INFO - Sync 1 DAGs
[2025-07-01T04:18:29.353+0000] {logging_mixin.py:190} INFO - [2025-07-01T04:18:29.353+0000] {dag.py:4180} INFO - Setting next_dagrun for example_branch_python_operator_decorator to 2025-06-30 00:00:00+00:00, run_after=2025-07-01 00:00:00+00:00
[2025-07-01T04:18:29.372+0000] {processor.py:208} INFO - Processing /home/airflow/.local/lib/python3.12/site-packages/airflow/example_dags/example_branch_operator_decorator.py took 0.098 seconds
[2025-07-01T04:18:59.916+0000] {processor.py:186} INFO - Started process (PID=19070) to work on /home/airflow/.local/lib/python3.12/site-packages/airflow/example_dags/example_branch_operator_decorator.py
[2025-07-01T04:18:59.917+0000] {processor.py:914} INFO - Processing file /home/airflow/.local/lib/python3.12/site-packages/airflow/example_dags/example_branch_operator_decorator.py for tasks to queue
[2025-07-01T04:18:59.919+0000] {logging_mixin.py:190} INFO - [2025-07-01T04:18:59.919+0000] {dagbag.py:588} INFO - Filling up the DagBag from /home/airflow/.local/lib/python3.12/site-packages/airflow/example_dags/example_branch_operator_decorator.py
[2025-07-01T04:18:59.939+0000] {processor.py:925} INFO - DAG(s) 'example_branch_python_operator_decorator' retrieved from /home/airflow/.local/lib/python3.12/site-packages/airflow/example_dags/example_branch_operator_decorator.py
[2025-07-01T04:18:59.964+0000] {logging_mixin.py:190} INFO - [2025-07-01T04:18:59.963+0000] {dag.py:3239} INFO - Sync 1 DAGs
[2025-07-01T04:18:59.986+0000] {logging_mixin.py:190} INFO - [2025-07-01T04:18:59.985+0000] {dag.py:4180} INFO - Setting next_dagrun for example_branch_python_operator_decorator to 2025-06-30 00:00:00+00:00, run_after=2025-07-01 00:00:00+00:00
[2025-07-01T04:19:00.003+0000] {processor.py:208} INFO - Processing /home/airflow/.local/lib/python3.12/site-packages/airflow/example_dags/example_branch_operator_decorator.py took 0.093 seconds
[2025-07-01T04:19:30.533+0000] {processor.py:186} INFO - Started process (PID=19132) to work on /home/airflow/.local/lib/python3.12/site-packages/airflow/example_dags/example_branch_operator_decorator.py
[2025-07-01T04:19:30.534+0000] {processor.py:914} INFO - Processing file /home/airflow/.local/lib/python3.12/site-packages/airflow/example_dags/example_branch_operator_decorator.py for tasks to queue
[2025-07-01T04:19:30.537+0000] {logging_mixin.py:190} INFO - [2025-07-01T04:19:30.536+0000] {dagbag.py:588} INFO - Filling up the DagBag from /home/airflow/.local/lib/python3.12/site-packages/airflow/example_dags/example_branch_operator_decorator.py
[2025-07-01T04:19:30.556+0000] {processor.py:925} INFO - DAG(s) 'example_branch_python_operator_decorator' retrieved from /home/airflow/.local/lib/python3.12/site-packages/airflow/example_dags/example_branch_operator_decorator.py
[2025-07-01T04:19:30.583+0000] {logging_mixin.py:190} INFO - [2025-07-01T04:19:30.583+0000] {dag.py:3239} INFO - Sync 1 DAGs
[2025-07-01T04:19:30.606+0000] {logging_mixin.py:190} INFO - [2025-07-01T04:19:30.606+0000] {dag.py:4180} INFO - Setting next_dagrun for example_branch_python_operator_decorator to 2025-06-30 00:00:00+00:00, run_after=2025-07-01 00:00:00+00:00
[2025-07-01T04:19:30.624+0000] {processor.py:208} INFO - Processing /home/airflow/.local/lib/python3.12/site-packages/airflow/example_dags/example_branch_operator_decorator.py took 0.096 seconds
[2025-07-01T04:20:01.072+0000] {processor.py:186} INFO - Started process (PID=19194) to work on /home/airflow/.local/lib/python3.12/site-packages/airflow/example_dags/example_branch_operator_decorator.py
[2025-07-01T04:20:01.073+0000] {processor.py:914} INFO - Processing file /home/airflow/.local/lib/python3.12/site-packages/airflow/example_dags/example_branch_operator_decorator.py for tasks to queue
[2025-07-01T04:20:01.075+0000] {logging_mixin.py:190} INFO - [2025-07-01T04:20:01.075+0000] {dagbag.py:588} INFO - Filling up the DagBag from /home/airflow/.local/lib/python3.12/site-packages/airflow/example_dags/example_branch_operator_decorator.py
[2025-07-01T04:20:01.095+0000] {processor.py:925} INFO - DAG(s) 'example_branch_python_operator_decorator' retrieved from /home/airflow/.local/lib/python3.12/site-packages/airflow/example_dags/example_branch_operator_decorator.py
[2025-07-01T04:20:01.122+0000] {logging_mixin.py:190} INFO - [2025-07-01T04:20:01.122+0000] {dag.py:3239} INFO - Sync 1 DAGs
[2025-07-01T04:20:01.145+0000] {logging_mixin.py:190} INFO - [2025-07-01T04:20:01.145+0000] {dag.py:4180} INFO - Setting next_dagrun for example_branch_python_operator_decorator to 2025-06-30 00:00:00+00:00, run_after=2025-07-01 00:00:00+00:00
[2025-07-01T04:20:01.161+0000] {processor.py:208} INFO - Processing /home/airflow/.local/lib/python3.12/site-packages/airflow/example_dags/example_branch_operator_decorator.py took 0.095 seconds
[2025-07-01T04:20:31.875+0000] {processor.py:186} INFO - Started process (PID=19256) to work on /home/airflow/.local/lib/python3.12/site-packages/airflow/example_dags/example_branch_operator_decorator.py
[2025-07-01T04:20:31.876+0000] {processor.py:914} INFO - Processing file /home/airflow/.local/lib/python3.12/site-packages/airflow/example_dags/example_branch_operator_decorator.py for tasks to queue
[2025-07-01T04:20:31.879+0000] {logging_mixin.py:190} INFO - [2025-07-01T04:20:31.878+0000] {dagbag.py:588} INFO - Filling up the DagBag from /home/airflow/.local/lib/python3.12/site-packages/airflow/example_dags/example_branch_operator_decorator.py
[2025-07-01T04:20:31.899+0000] {processor.py:925} INFO - DAG(s) 'example_branch_python_operator_decorator' retrieved from /home/airflow/.local/lib/python3.12/site-packages/airflow/example_dags/example_branch_operator_decorator.py
[2025-07-01T04:20:31.926+0000] {logging_mixin.py:190} INFO - [2025-07-01T04:20:31.926+0000] {dag.py:3239} INFO - Sync 1 DAGs
[2025-07-01T04:20:31.948+0000] {logging_mixin.py:190} INFO - [2025-07-01T04:20:31.948+0000] {dag.py:4180} INFO - Setting next_dagrun for example_branch_python_operator_decorator to 2025-06-30 00:00:00+00:00, run_after=2025-07-01 00:00:00+00:00
[2025-07-01T04:20:31.965+0000] {processor.py:208} INFO - Processing /home/airflow/.local/lib/python3.12/site-packages/airflow/example_dags/example_branch_operator_decorator.py took 0.096 seconds
[2025-07-01T04:21:02.551+0000] {processor.py:186} INFO - Started process (PID=19318) to work on /home/airflow/.local/lib/python3.12/site-packages/airflow/example_dags/example_branch_operator_decorator.py
[2025-07-01T04:21:02.553+0000] {processor.py:914} INFO - Processing file /home/airflow/.local/lib/python3.12/site-packages/airflow/example_dags/example_branch_operator_decorator.py for tasks to queue
[2025-07-01T04:21:02.557+0000] {logging_mixin.py:190} INFO - [2025-07-01T04:21:02.557+0000] {dagbag.py:588} INFO - Filling up the DagBag from /home/airflow/.local/lib/python3.12/site-packages/airflow/example_dags/example_branch_operator_decorator.py
[2025-07-01T04:21:02.578+0000] {processor.py:925} INFO - DAG(s) 'example_branch_python_operator_decorator' retrieved from /home/airflow/.local/lib/python3.12/site-packages/airflow/example_dags/example_branch_operator_decorator.py
[2025-07-01T04:21:02.603+0000] {logging_mixin.py:190} INFO - [2025-07-01T04:21:02.603+0000] {dag.py:3239} INFO - Sync 1 DAGs
[2025-07-01T04:21:02.627+0000] {logging_mixin.py:190} INFO - [2025-07-01T04:21:02.626+0000] {dag.py:4180} INFO - Setting next_dagrun for example_branch_python_operator_decorator to 2025-06-30 00:00:00+00:00, run_after=2025-07-01 00:00:00+00:00
[2025-07-01T04:21:02.646+0000] {processor.py:208} INFO - Processing /home/airflow/.local/lib/python3.12/site-packages/airflow/example_dags/example_branch_operator_decorator.py took 0.100 seconds
[2025-07-01T04:21:33.343+0000] {processor.py:186} INFO - Started process (PID=19380) to work on /home/airflow/.local/lib/python3.12/site-packages/airflow/example_dags/example_branch_operator_decorator.py
[2025-07-01T04:21:33.344+0000] {processor.py:914} INFO - Processing file /home/airflow/.local/lib/python3.12/site-packages/airflow/example_dags/example_branch_operator_decorator.py for tasks to queue
[2025-07-01T04:21:33.347+0000] {logging_mixin.py:190} INFO - [2025-07-01T04:21:33.346+0000] {dagbag.py:588} INFO - Filling up the DagBag from /home/airflow/.local/lib/python3.12/site-packages/airflow/example_dags/example_branch_operator_decorator.py
[2025-07-01T04:21:33.367+0000] {processor.py:925} INFO - DAG(s) 'example_branch_python_operator_decorator' retrieved from /home/airflow/.local/lib/python3.12/site-packages/airflow/example_dags/example_branch_operator_decorator.py
[2025-07-01T04:21:33.393+0000] {logging_mixin.py:190} INFO - [2025-07-01T04:21:33.393+0000] {dag.py:3239} INFO - Sync 1 DAGs
[2025-07-01T04:21:33.416+0000] {logging_mixin.py:190} INFO - [2025-07-01T04:21:33.416+0000] {dag.py:4180} INFO - Setting next_dagrun for example_branch_python_operator_decorator to 2025-06-30 00:00:00+00:00, run_after=2025-07-01 00:00:00+00:00
[2025-07-01T04:21:33.435+0000] {processor.py:208} INFO - Processing /home/airflow/.local/lib/python3.12/site-packages/airflow/example_dags/example_branch_operator_decorator.py took 0.098 seconds
[2025-07-01T04:22:04.045+0000] {processor.py:186} INFO - Started process (PID=19442) to work on /home/airflow/.local/lib/python3.12/site-packages/airflow/example_dags/example_branch_operator_decorator.py
[2025-07-01T04:22:04.046+0000] {processor.py:914} INFO - Processing file /home/airflow/.local/lib/python3.12/site-packages/airflow/example_dags/example_branch_operator_decorator.py for tasks to queue
[2025-07-01T04:22:04.049+0000] {logging_mixin.py:190} INFO - [2025-07-01T04:22:04.048+0000] {dagbag.py:588} INFO - Filling up the DagBag from /home/airflow/.local/lib/python3.12/site-packages/airflow/example_dags/example_branch_operator_decorator.py
[2025-07-01T04:22:04.070+0000] {processor.py:925} INFO - DAG(s) 'example_branch_python_operator_decorator' retrieved from /home/airflow/.local/lib/python3.12/site-packages/airflow/example_dags/example_branch_operator_decorator.py
[2025-07-01T04:22:04.097+0000] {logging_mixin.py:190} INFO - [2025-07-01T04:22:04.096+0000] {dag.py:3239} INFO - Sync 1 DAGs
[2025-07-01T04:22:04.120+0000] {logging_mixin.py:190} INFO - [2025-07-01T04:22:04.120+0000] {dag.py:4180} INFO - Setting next_dagrun for example_branch_python_operator_decorator to 2025-06-30 00:00:00+00:00, run_after=2025-07-01 00:00:00+00:00
[2025-07-01T04:22:04.138+0000] {processor.py:208} INFO - Processing /home/airflow/.local/lib/python3.12/site-packages/airflow/example_dags/example_branch_operator_decorator.py took 0.099 seconds
[2025-07-01T04:22:34.801+0000] {processor.py:186} INFO - Started process (PID=19504) to work on /home/airflow/.local/lib/python3.12/site-packages/airflow/example_dags/example_branch_operator_decorator.py
[2025-07-01T04:22:34.802+0000] {processor.py:914} INFO - Processing file /home/airflow/.local/lib/python3.12/site-packages/airflow/example_dags/example_branch_operator_decorator.py for tasks to queue
[2025-07-01T04:22:34.805+0000] {logging_mixin.py:190} INFO - [2025-07-01T04:22:34.804+0000] {dagbag.py:588} INFO - Filling up the DagBag from /home/airflow/.local/lib/python3.12/site-packages/airflow/example_dags/example_branch_operator_decorator.py
[2025-07-01T04:22:34.828+0000] {processor.py:925} INFO - DAG(s) 'example_branch_python_operator_decorator' retrieved from /home/airflow/.local/lib/python3.12/site-packages/airflow/example_dags/example_branch_operator_decorator.py
[2025-07-01T04:22:34.853+0000] {logging_mixin.py:190} INFO - [2025-07-01T04:22:34.853+0000] {dag.py:3239} INFO - Sync 1 DAGs
[2025-07-01T04:22:34.875+0000] {logging_mixin.py:190} INFO - [2025-07-01T04:22:34.875+0000] {dag.py:4180} INFO - Setting next_dagrun for example_branch_python_operator_decorator to 2025-06-30 00:00:00+00:00, run_after=2025-07-01 00:00:00+00:00
[2025-07-01T04:22:34.892+0000] {processor.py:208} INFO - Processing /home/airflow/.local/lib/python3.12/site-packages/airflow/example_dags/example_branch_operator_decorator.py took 0.097 seconds
[2025-07-01T04:23:05.333+0000] {processor.py:186} INFO - Started process (PID=19566) to work on /home/airflow/.local/lib/python3.12/site-packages/airflow/example_dags/example_branch_operator_decorator.py
[2025-07-01T04:23:05.337+0000] {processor.py:914} INFO - Processing file /home/airflow/.local/lib/python3.12/site-packages/airflow/example_dags/example_branch_operator_decorator.py for tasks to queue
[2025-07-01T04:23:05.339+0000] {logging_mixin.py:190} INFO - [2025-07-01T04:23:05.339+0000] {dagbag.py:588} INFO - Filling up the DagBag from /home/airflow/.local/lib/python3.12/site-packages/airflow/example_dags/example_branch_operator_decorator.py
[2025-07-01T04:23:05.362+0000] {processor.py:925} INFO - DAG(s) 'example_branch_python_operator_decorator' retrieved from /home/airflow/.local/lib/python3.12/site-packages/airflow/example_dags/example_branch_operator_decorator.py
[2025-07-01T04:23:05.387+0000] {logging_mixin.py:190} INFO - [2025-07-01T04:23:05.387+0000] {dag.py:3239} INFO - Sync 1 DAGs
[2025-07-01T04:23:05.410+0000] {logging_mixin.py:190} INFO - [2025-07-01T04:23:05.410+0000] {dag.py:4180} INFO - Setting next_dagrun for example_branch_python_operator_decorator to 2025-06-30 00:00:00+00:00, run_after=2025-07-01 00:00:00+00:00
[2025-07-01T04:23:05.426+0000] {processor.py:208} INFO - Processing /home/airflow/.local/lib/python3.12/site-packages/airflow/example_dags/example_branch_operator_decorator.py took 0.100 seconds
[2025-07-01T04:23:36.131+0000] {processor.py:186} INFO - Started process (PID=19628) to work on /home/airflow/.local/lib/python3.12/site-packages/airflow/example_dags/example_branch_operator_decorator.py
[2025-07-01T04:23:36.132+0000] {processor.py:914} INFO - Processing file /home/airflow/.local/lib/python3.12/site-packages/airflow/example_dags/example_branch_operator_decorator.py for tasks to queue
[2025-07-01T04:23:36.134+0000] {logging_mixin.py:190} INFO - [2025-07-01T04:23:36.134+0000] {dagbag.py:588} INFO - Filling up the DagBag from /home/airflow/.local/lib/python3.12/site-packages/airflow/example_dags/example_branch_operator_decorator.py
[2025-07-01T04:23:36.154+0000] {processor.py:925} INFO - DAG(s) 'example_branch_python_operator_decorator' retrieved from /home/airflow/.local/lib/python3.12/site-packages/airflow/example_dags/example_branch_operator_decorator.py
[2025-07-01T04:23:36.179+0000] {logging_mixin.py:190} INFO - [2025-07-01T04:23:36.179+0000] {dag.py:3239} INFO - Sync 1 DAGs
[2025-07-01T04:23:36.201+0000] {logging_mixin.py:190} INFO - [2025-07-01T04:23:36.201+0000] {dag.py:4180} INFO - Setting next_dagrun for example_branch_python_operator_decorator to 2025-06-30 00:00:00+00:00, run_after=2025-07-01 00:00:00+00:00
[2025-07-01T04:23:36.221+0000] {processor.py:208} INFO - Processing /home/airflow/.local/lib/python3.12/site-packages/airflow/example_dags/example_branch_operator_decorator.py took 0.096 seconds
[2025-07-01T04:24:06.752+0000] {processor.py:186} INFO - Started process (PID=19690) to work on /home/airflow/.local/lib/python3.12/site-packages/airflow/example_dags/example_branch_operator_decorator.py
[2025-07-01T04:24:06.753+0000] {processor.py:914} INFO - Processing file /home/airflow/.local/lib/python3.12/site-packages/airflow/example_dags/example_branch_operator_decorator.py for tasks to queue
[2025-07-01T04:24:06.756+0000] {logging_mixin.py:190} INFO - [2025-07-01T04:24:06.756+0000] {dagbag.py:588} INFO - Filling up the DagBag from /home/airflow/.local/lib/python3.12/site-packages/airflow/example_dags/example_branch_operator_decorator.py
[2025-07-01T04:24:06.777+0000] {processor.py:925} INFO - DAG(s) 'example_branch_python_operator_decorator' retrieved from /home/airflow/.local/lib/python3.12/site-packages/airflow/example_dags/example_branch_operator_decorator.py
[2025-07-01T04:24:06.807+0000] {logging_mixin.py:190} INFO - [2025-07-01T04:24:06.807+0000] {dag.py:3239} INFO - Sync 1 DAGs
[2025-07-01T04:24:06.835+0000] {logging_mixin.py:190} INFO - [2025-07-01T04:24:06.834+0000] {dag.py:4180} INFO - Setting next_dagrun for example_branch_python_operator_decorator to 2025-06-30 00:00:00+00:00, run_after=2025-07-01 00:00:00+00:00
[2025-07-01T04:24:06.850+0000] {processor.py:208} INFO - Processing /home/airflow/.local/lib/python3.12/site-packages/airflow/example_dags/example_branch_operator_decorator.py took 0.107 seconds
[2025-07-01T04:24:37.446+0000] {processor.py:186} INFO - Started process (PID=19752) to work on /home/airflow/.local/lib/python3.12/site-packages/airflow/example_dags/example_branch_operator_decorator.py
[2025-07-01T04:24:37.447+0000] {processor.py:914} INFO - Processing file /home/airflow/.local/lib/python3.12/site-packages/airflow/example_dags/example_branch_operator_decorator.py for tasks to queue
[2025-07-01T04:24:37.449+0000] {logging_mixin.py:190} INFO - [2025-07-01T04:24:37.449+0000] {dagbag.py:588} INFO - Filling up the DagBag from /home/airflow/.local/lib/python3.12/site-packages/airflow/example_dags/example_branch_operator_decorator.py
[2025-07-01T04:24:37.475+0000] {processor.py:925} INFO - DAG(s) 'example_branch_python_operator_decorator' retrieved from /home/airflow/.local/lib/python3.12/site-packages/airflow/example_dags/example_branch_operator_decorator.py
[2025-07-01T04:24:37.506+0000] {logging_mixin.py:190} INFO - [2025-07-01T04:24:37.506+0000] {dag.py:3239} INFO - Sync 1 DAGs
[2025-07-01T04:24:37.545+0000] {logging_mixin.py:190} INFO - [2025-07-01T04:24:37.545+0000] {dag.py:4180} INFO - Setting next_dagrun for example_branch_python_operator_decorator to 2025-06-30 00:00:00+00:00, run_after=2025-07-01 00:00:00+00:00
[2025-07-01T04:24:37.568+0000] {processor.py:208} INFO - Processing /home/airflow/.local/lib/python3.12/site-packages/airflow/example_dags/example_branch_operator_decorator.py took 0.128 seconds
[2025-07-01T04:25:08.014+0000] {processor.py:186} INFO - Started process (PID=19815) to work on /home/airflow/.local/lib/python3.12/site-packages/airflow/example_dags/example_branch_operator_decorator.py
[2025-07-01T04:25:08.015+0000] {processor.py:914} INFO - Processing file /home/airflow/.local/lib/python3.12/site-packages/airflow/example_dags/example_branch_operator_decorator.py for tasks to queue
[2025-07-01T04:25:08.018+0000] {logging_mixin.py:190} INFO - [2025-07-01T04:25:08.017+0000] {dagbag.py:588} INFO - Filling up the DagBag from /home/airflow/.local/lib/python3.12/site-packages/airflow/example_dags/example_branch_operator_decorator.py
[2025-07-01T04:25:08.038+0000] {processor.py:925} INFO - DAG(s) 'example_branch_python_operator_decorator' retrieved from /home/airflow/.local/lib/python3.12/site-packages/airflow/example_dags/example_branch_operator_decorator.py
[2025-07-01T04:25:08.065+0000] {logging_mixin.py:190} INFO - [2025-07-01T04:25:08.064+0000] {dag.py:3239} INFO - Sync 1 DAGs
[2025-07-01T04:25:08.092+0000] {logging_mixin.py:190} INFO - [2025-07-01T04:25:08.092+0000] {dag.py:4180} INFO - Setting next_dagrun for example_branch_python_operator_decorator to 2025-06-30 00:00:00+00:00, run_after=2025-07-01 00:00:00+00:00
[2025-07-01T04:25:08.109+0000] {processor.py:208} INFO - Processing /home/airflow/.local/lib/python3.12/site-packages/airflow/example_dags/example_branch_operator_decorator.py took 0.100 seconds
[2025-07-01T04:25:38.982+0000] {processor.py:186} INFO - Started process (PID=19877) to work on /home/airflow/.local/lib/python3.12/site-packages/airflow/example_dags/example_branch_operator_decorator.py
[2025-07-01T04:25:38.983+0000] {processor.py:914} INFO - Processing file /home/airflow/.local/lib/python3.12/site-packages/airflow/example_dags/example_branch_operator_decorator.py for tasks to queue
[2025-07-01T04:25:38.986+0000] {logging_mixin.py:190} INFO - [2025-07-01T04:25:38.985+0000] {dagbag.py:588} INFO - Filling up the DagBag from /home/airflow/.local/lib/python3.12/site-packages/airflow/example_dags/example_branch_operator_decorator.py
[2025-07-01T04:25:39.007+0000] {processor.py:925} INFO - DAG(s) 'example_branch_python_operator_decorator' retrieved from /home/airflow/.local/lib/python3.12/site-packages/airflow/example_dags/example_branch_operator_decorator.py
[2025-07-01T04:25:39.033+0000] {logging_mixin.py:190} INFO - [2025-07-01T04:25:39.033+0000] {dag.py:3239} INFO - Sync 1 DAGs
[2025-07-01T04:25:39.056+0000] {logging_mixin.py:190} INFO - [2025-07-01T04:25:39.056+0000] {dag.py:4180} INFO - Setting next_dagrun for example_branch_python_operator_decorator to 2025-06-30 00:00:00+00:00, run_after=2025-07-01 00:00:00+00:00
[2025-07-01T04:25:39.074+0000] {processor.py:208} INFO - Processing /home/airflow/.local/lib/python3.12/site-packages/airflow/example_dags/example_branch_operator_decorator.py took 0.098 seconds
[2025-07-01T04:26:09.886+0000] {processor.py:186} INFO - Started process (PID=19939) to work on /home/airflow/.local/lib/python3.12/site-packages/airflow/example_dags/example_branch_operator_decorator.py
[2025-07-01T04:26:09.887+0000] {processor.py:914} INFO - Processing file /home/airflow/.local/lib/python3.12/site-packages/airflow/example_dags/example_branch_operator_decorator.py for tasks to queue
[2025-07-01T04:26:09.889+0000] {logging_mixin.py:190} INFO - [2025-07-01T04:26:09.889+0000] {dagbag.py:588} INFO - Filling up the DagBag from /home/airflow/.local/lib/python3.12/site-packages/airflow/example_dags/example_branch_operator_decorator.py
[2025-07-01T04:26:09.909+0000] {processor.py:925} INFO - DAG(s) 'example_branch_python_operator_decorator' retrieved from /home/airflow/.local/lib/python3.12/site-packages/airflow/example_dags/example_branch_operator_decorator.py
[2025-07-01T04:26:09.935+0000] {logging_mixin.py:190} INFO - [2025-07-01T04:26:09.935+0000] {dag.py:3239} INFO - Sync 1 DAGs
[2025-07-01T04:26:09.961+0000] {logging_mixin.py:190} INFO - [2025-07-01T04:26:09.961+0000] {dag.py:4180} INFO - Setting next_dagrun for example_branch_python_operator_decorator to 2025-06-30 00:00:00+00:00, run_after=2025-07-01 00:00:00+00:00
[2025-07-01T04:26:09.980+0000] {processor.py:208} INFO - Processing /home/airflow/.local/lib/python3.12/site-packages/airflow/example_dags/example_branch_operator_decorator.py took 0.100 seconds
[2025-07-01T04:26:40.560+0000] {processor.py:186} INFO - Started process (PID=20001) to work on /home/airflow/.local/lib/python3.12/site-packages/airflow/example_dags/example_branch_operator_decorator.py
[2025-07-01T04:26:40.561+0000] {processor.py:914} INFO - Processing file /home/airflow/.local/lib/python3.12/site-packages/airflow/example_dags/example_branch_operator_decorator.py for tasks to queue
[2025-07-01T04:26:40.565+0000] {logging_mixin.py:190} INFO - [2025-07-01T04:26:40.564+0000] {dagbag.py:588} INFO - Filling up the DagBag from /home/airflow/.local/lib/python3.12/site-packages/airflow/example_dags/example_branch_operator_decorator.py
[2025-07-01T04:26:40.587+0000] {processor.py:925} INFO - DAG(s) 'example_branch_python_operator_decorator' retrieved from /home/airflow/.local/lib/python3.12/site-packages/airflow/example_dags/example_branch_operator_decorator.py
[2025-07-01T04:26:40.616+0000] {logging_mixin.py:190} INFO - [2025-07-01T04:26:40.616+0000] {dag.py:3239} INFO - Sync 1 DAGs
[2025-07-01T04:26:40.639+0000] {logging_mixin.py:190} INFO - [2025-07-01T04:26:40.639+0000] {dag.py:4180} INFO - Setting next_dagrun for example_branch_python_operator_decorator to 2025-06-30 00:00:00+00:00, run_after=2025-07-01 00:00:00+00:00
[2025-07-01T04:26:40.657+0000] {processor.py:208} INFO - Processing /home/airflow/.local/lib/python3.12/site-packages/airflow/example_dags/example_branch_operator_decorator.py took 0.105 seconds
[2025-07-01T04:27:11.391+0000] {processor.py:186} INFO - Started process (PID=20063) to work on /home/airflow/.local/lib/python3.12/site-packages/airflow/example_dags/example_branch_operator_decorator.py
[2025-07-01T04:27:11.392+0000] {processor.py:914} INFO - Processing file /home/airflow/.local/lib/python3.12/site-packages/airflow/example_dags/example_branch_operator_decorator.py for tasks to queue
[2025-07-01T04:27:11.395+0000] {logging_mixin.py:190} INFO - [2025-07-01T04:27:11.394+0000] {dagbag.py:588} INFO - Filling up the DagBag from /home/airflow/.local/lib/python3.12/site-packages/airflow/example_dags/example_branch_operator_decorator.py
[2025-07-01T04:27:11.415+0000] {processor.py:925} INFO - DAG(s) 'example_branch_python_operator_decorator' retrieved from /home/airflow/.local/lib/python3.12/site-packages/airflow/example_dags/example_branch_operator_decorator.py
[2025-07-01T04:27:11.442+0000] {logging_mixin.py:190} INFO - [2025-07-01T04:27:11.442+0000] {dag.py:3239} INFO - Sync 1 DAGs
[2025-07-01T04:27:11.463+0000] {logging_mixin.py:190} INFO - [2025-07-01T04:27:11.462+0000] {dag.py:4180} INFO - Setting next_dagrun for example_branch_python_operator_decorator to 2025-06-30 00:00:00+00:00, run_after=2025-07-01 00:00:00+00:00
[2025-07-01T04:27:11.478+0000] {processor.py:208} INFO - Processing /home/airflow/.local/lib/python3.12/site-packages/airflow/example_dags/example_branch_operator_decorator.py took 0.093 seconds
[2025-07-01T04:27:42.141+0000] {processor.py:186} INFO - Started process (PID=20125) to work on /home/airflow/.local/lib/python3.12/site-packages/airflow/example_dags/example_branch_operator_decorator.py
[2025-07-01T04:27:42.142+0000] {processor.py:914} INFO - Processing file /home/airflow/.local/lib/python3.12/site-packages/airflow/example_dags/example_branch_operator_decorator.py for tasks to queue
[2025-07-01T04:27:42.145+0000] {logging_mixin.py:190} INFO - [2025-07-01T04:27:42.145+0000] {dagbag.py:588} INFO - Filling up the DagBag from /home/airflow/.local/lib/python3.12/site-packages/airflow/example_dags/example_branch_operator_decorator.py
[2025-07-01T04:27:42.165+0000] {processor.py:925} INFO - DAG(s) 'example_branch_python_operator_decorator' retrieved from /home/airflow/.local/lib/python3.12/site-packages/airflow/example_dags/example_branch_operator_decorator.py
[2025-07-01T04:27:42.192+0000] {logging_mixin.py:190} INFO - [2025-07-01T04:27:42.191+0000] {dag.py:3239} INFO - Sync 1 DAGs
[2025-07-01T04:27:42.215+0000] {logging_mixin.py:190} INFO - [2025-07-01T04:27:42.215+0000] {dag.py:4180} INFO - Setting next_dagrun for example_branch_python_operator_decorator to 2025-06-30 00:00:00+00:00, run_after=2025-07-01 00:00:00+00:00
[2025-07-01T04:27:42.232+0000] {processor.py:208} INFO - Processing /home/airflow/.local/lib/python3.12/site-packages/airflow/example_dags/example_branch_operator_decorator.py took 0.097 seconds
[2025-07-01T04:28:12.678+0000] {processor.py:186} INFO - Started process (PID=20187) to work on /home/airflow/.local/lib/python3.12/site-packages/airflow/example_dags/example_branch_operator_decorator.py
[2025-07-01T04:28:12.679+0000] {processor.py:914} INFO - Processing file /home/airflow/.local/lib/python3.12/site-packages/airflow/example_dags/example_branch_operator_decorator.py for tasks to queue
[2025-07-01T04:28:12.682+0000] {logging_mixin.py:190} INFO - [2025-07-01T04:28:12.681+0000] {dagbag.py:588} INFO - Filling up the DagBag from /home/airflow/.local/lib/python3.12/site-packages/airflow/example_dags/example_branch_operator_decorator.py
[2025-07-01T04:28:12.702+0000] {processor.py:925} INFO - DAG(s) 'example_branch_python_operator_decorator' retrieved from /home/airflow/.local/lib/python3.12/site-packages/airflow/example_dags/example_branch_operator_decorator.py
[2025-07-01T04:28:12.728+0000] {logging_mixin.py:190} INFO - [2025-07-01T04:28:12.728+0000] {dag.py:3239} INFO - Sync 1 DAGs
[2025-07-01T04:28:12.753+0000] {logging_mixin.py:190} INFO - [2025-07-01T04:28:12.753+0000] {dag.py:4180} INFO - Setting next_dagrun for example_branch_python_operator_decorator to 2025-06-30 00:00:00+00:00, run_after=2025-07-01 00:00:00+00:00
[2025-07-01T04:28:12.775+0000] {processor.py:208} INFO - Processing /home/airflow/.local/lib/python3.12/site-packages/airflow/example_dags/example_branch_operator_decorator.py took 0.103 seconds
[2025-07-01T04:28:43.364+0000] {processor.py:186} INFO - Started process (PID=20249) to work on /home/airflow/.local/lib/python3.12/site-packages/airflow/example_dags/example_branch_operator_decorator.py
[2025-07-01T04:28:43.365+0000] {processor.py:914} INFO - Processing file /home/airflow/.local/lib/python3.12/site-packages/airflow/example_dags/example_branch_operator_decorator.py for tasks to queue
[2025-07-01T04:28:43.367+0000] {logging_mixin.py:190} INFO - [2025-07-01T04:28:43.367+0000] {dagbag.py:588} INFO - Filling up the DagBag from /home/airflow/.local/lib/python3.12/site-packages/airflow/example_dags/example_branch_operator_decorator.py
[2025-07-01T04:28:43.388+0000] {processor.py:925} INFO - DAG(s) 'example_branch_python_operator_decorator' retrieved from /home/airflow/.local/lib/python3.12/site-packages/airflow/example_dags/example_branch_operator_decorator.py
[2025-07-01T04:28:43.413+0000] {logging_mixin.py:190} INFO - [2025-07-01T04:28:43.412+0000] {dag.py:3239} INFO - Sync 1 DAGs
[2025-07-01T04:28:43.435+0000] {logging_mixin.py:190} INFO - [2025-07-01T04:28:43.434+0000] {dag.py:4180} INFO - Setting next_dagrun for example_branch_python_operator_decorator to 2025-06-30 00:00:00+00:00, run_after=2025-07-01 00:00:00+00:00
[2025-07-01T04:28:43.452+0000] {processor.py:208} INFO - Processing /home/airflow/.local/lib/python3.12/site-packages/airflow/example_dags/example_branch_operator_decorator.py took 0.094 seconds
[2025-07-01T04:29:14.030+0000] {processor.py:186} INFO - Started process (PID=20311) to work on /home/airflow/.local/lib/python3.12/site-packages/airflow/example_dags/example_branch_operator_decorator.py
[2025-07-01T04:29:14.031+0000] {processor.py:914} INFO - Processing file /home/airflow/.local/lib/python3.12/site-packages/airflow/example_dags/example_branch_operator_decorator.py for tasks to queue
[2025-07-01T04:29:14.033+0000] {logging_mixin.py:190} INFO - [2025-07-01T04:29:14.033+0000] {dagbag.py:588} INFO - Filling up the DagBag from /home/airflow/.local/lib/python3.12/site-packages/airflow/example_dags/example_branch_operator_decorator.py
[2025-07-01T04:29:14.055+0000] {processor.py:925} INFO - DAG(s) 'example_branch_python_operator_decorator' retrieved from /home/airflow/.local/lib/python3.12/site-packages/airflow/example_dags/example_branch_operator_decorator.py
[2025-07-01T04:29:14.081+0000] {logging_mixin.py:190} INFO - [2025-07-01T04:29:14.080+0000] {dag.py:3239} INFO - Sync 1 DAGs
[2025-07-01T04:29:14.104+0000] {logging_mixin.py:190} INFO - [2025-07-01T04:29:14.104+0000] {dag.py:4180} INFO - Setting next_dagrun for example_branch_python_operator_decorator to 2025-06-30 00:00:00+00:00, run_after=2025-07-01 00:00:00+00:00
[2025-07-01T04:29:14.122+0000] {processor.py:208} INFO - Processing /home/airflow/.local/lib/python3.12/site-packages/airflow/example_dags/example_branch_operator_decorator.py took 0.098 seconds
[2025-07-01T04:29:44.811+0000] {processor.py:186} INFO - Started process (PID=20373) to work on /home/airflow/.local/lib/python3.12/site-packages/airflow/example_dags/example_branch_operator_decorator.py
[2025-07-01T04:29:44.813+0000] {processor.py:914} INFO - Processing file /home/airflow/.local/lib/python3.12/site-packages/airflow/example_dags/example_branch_operator_decorator.py for tasks to queue
[2025-07-01T04:29:44.815+0000] {logging_mixin.py:190} INFO - [2025-07-01T04:29:44.815+0000] {dagbag.py:588} INFO - Filling up the DagBag from /home/airflow/.local/lib/python3.12/site-packages/airflow/example_dags/example_branch_operator_decorator.py
[2025-07-01T04:29:44.835+0000] {processor.py:925} INFO - DAG(s) 'example_branch_python_operator_decorator' retrieved from /home/airflow/.local/lib/python3.12/site-packages/airflow/example_dags/example_branch_operator_decorator.py
[2025-07-01T04:29:44.862+0000] {logging_mixin.py:190} INFO - [2025-07-01T04:29:44.862+0000] {dag.py:3239} INFO - Sync 1 DAGs
[2025-07-01T04:29:44.884+0000] {logging_mixin.py:190} INFO - [2025-07-01T04:29:44.884+0000] {dag.py:4180} INFO - Setting next_dagrun for example_branch_python_operator_decorator to 2025-06-30 00:00:00+00:00, run_after=2025-07-01 00:00:00+00:00
[2025-07-01T04:29:44.901+0000] {processor.py:208} INFO - Processing /home/airflow/.local/lib/python3.12/site-packages/airflow/example_dags/example_branch_operator_decorator.py took 0.096 seconds
[2025-07-01T04:30:15.746+0000] {processor.py:186} INFO - Started process (PID=20435) to work on /home/airflow/.local/lib/python3.12/site-packages/airflow/example_dags/example_branch_operator_decorator.py
[2025-07-01T04:30:15.747+0000] {processor.py:914} INFO - Processing file /home/airflow/.local/lib/python3.12/site-packages/airflow/example_dags/example_branch_operator_decorator.py for tasks to queue
[2025-07-01T04:30:15.749+0000] {logging_mixin.py:190} INFO - [2025-07-01T04:30:15.749+0000] {dagbag.py:588} INFO - Filling up the DagBag from /home/airflow/.local/lib/python3.12/site-packages/airflow/example_dags/example_branch_operator_decorator.py
[2025-07-01T04:30:15.769+0000] {processor.py:925} INFO - DAG(s) 'example_branch_python_operator_decorator' retrieved from /home/airflow/.local/lib/python3.12/site-packages/airflow/example_dags/example_branch_operator_decorator.py
[2025-07-01T04:30:15.797+0000] {logging_mixin.py:190} INFO - [2025-07-01T04:30:15.797+0000] {dag.py:3239} INFO - Sync 1 DAGs
[2025-07-01T04:30:15.821+0000] {logging_mixin.py:190} INFO - [2025-07-01T04:30:15.821+0000] {dag.py:4180} INFO - Setting next_dagrun for example_branch_python_operator_decorator to 2025-06-30 00:00:00+00:00, run_after=2025-07-01 00:00:00+00:00
[2025-07-01T04:30:15.840+0000] {processor.py:208} INFO - Processing /home/airflow/.local/lib/python3.12/site-packages/airflow/example_dags/example_branch_operator_decorator.py took 0.100 seconds
[2025-07-01T04:30:46.726+0000] {processor.py:186} INFO - Started process (PID=20497) to work on /home/airflow/.local/lib/python3.12/site-packages/airflow/example_dags/example_branch_operator_decorator.py
[2025-07-01T04:30:46.727+0000] {processor.py:914} INFO - Processing file /home/airflow/.local/lib/python3.12/site-packages/airflow/example_dags/example_branch_operator_decorator.py for tasks to queue
[2025-07-01T04:30:46.730+0000] {logging_mixin.py:190} INFO - [2025-07-01T04:30:46.729+0000] {dagbag.py:588} INFO - Filling up the DagBag from /home/airflow/.local/lib/python3.12/site-packages/airflow/example_dags/example_branch_operator_decorator.py
[2025-07-01T04:30:46.751+0000] {processor.py:925} INFO - DAG(s) 'example_branch_python_operator_decorator' retrieved from /home/airflow/.local/lib/python3.12/site-packages/airflow/example_dags/example_branch_operator_decorator.py
[2025-07-01T04:30:46.778+0000] {logging_mixin.py:190} INFO - [2025-07-01T04:30:46.778+0000] {dag.py:3239} INFO - Sync 1 DAGs
[2025-07-01T04:30:46.804+0000] {logging_mixin.py:190} INFO - [2025-07-01T04:30:46.804+0000] {dag.py:4180} INFO - Setting next_dagrun for example_branch_python_operator_decorator to 2025-06-30 00:00:00+00:00, run_after=2025-07-01 00:00:00+00:00
[2025-07-01T04:30:46.824+0000] {processor.py:208} INFO - Processing /home/airflow/.local/lib/python3.12/site-packages/airflow/example_dags/example_branch_operator_decorator.py took 0.104 seconds
[2025-07-01T04:31:17.526+0000] {processor.py:186} INFO - Started process (PID=20559) to work on /home/airflow/.local/lib/python3.12/site-packages/airflow/example_dags/example_branch_operator_decorator.py
[2025-07-01T04:31:17.527+0000] {processor.py:914} INFO - Processing file /home/airflow/.local/lib/python3.12/site-packages/airflow/example_dags/example_branch_operator_decorator.py for tasks to queue
[2025-07-01T04:31:17.530+0000] {logging_mixin.py:190} INFO - [2025-07-01T04:31:17.529+0000] {dagbag.py:588} INFO - Filling up the DagBag from /home/airflow/.local/lib/python3.12/site-packages/airflow/example_dags/example_branch_operator_decorator.py
[2025-07-01T04:31:17.551+0000] {processor.py:925} INFO - DAG(s) 'example_branch_python_operator_decorator' retrieved from /home/airflow/.local/lib/python3.12/site-packages/airflow/example_dags/example_branch_operator_decorator.py
[2025-07-01T04:31:17.578+0000] {logging_mixin.py:190} INFO - [2025-07-01T04:31:17.577+0000] {dag.py:3239} INFO - Sync 1 DAGs
[2025-07-01T04:31:17.600+0000] {logging_mixin.py:190} INFO - [2025-07-01T04:31:17.600+0000] {dag.py:4180} INFO - Setting next_dagrun for example_branch_python_operator_decorator to 2025-06-30 00:00:00+00:00, run_after=2025-07-01 00:00:00+00:00
[2025-07-01T04:31:17.618+0000] {processor.py:208} INFO - Processing /home/airflow/.local/lib/python3.12/site-packages/airflow/example_dags/example_branch_operator_decorator.py took 0.098 seconds
[2025-07-01T04:31:48.179+0000] {processor.py:186} INFO - Started process (PID=20621) to work on /home/airflow/.local/lib/python3.12/site-packages/airflow/example_dags/example_branch_operator_decorator.py
[2025-07-01T04:31:48.180+0000] {processor.py:914} INFO - Processing file /home/airflow/.local/lib/python3.12/site-packages/airflow/example_dags/example_branch_operator_decorator.py for tasks to queue
[2025-07-01T04:31:48.183+0000] {logging_mixin.py:190} INFO - [2025-07-01T04:31:48.182+0000] {dagbag.py:588} INFO - Filling up the DagBag from /home/airflow/.local/lib/python3.12/site-packages/airflow/example_dags/example_branch_operator_decorator.py
[2025-07-01T04:31:48.203+0000] {processor.py:925} INFO - DAG(s) 'example_branch_python_operator_decorator' retrieved from /home/airflow/.local/lib/python3.12/site-packages/airflow/example_dags/example_branch_operator_decorator.py
[2025-07-01T04:31:48.229+0000] {logging_mixin.py:190} INFO - [2025-07-01T04:31:48.229+0000] {dag.py:3239} INFO - Sync 1 DAGs
[2025-07-01T04:31:48.251+0000] {logging_mixin.py:190} INFO - [2025-07-01T04:31:48.251+0000] {dag.py:4180} INFO - Setting next_dagrun for example_branch_python_operator_decorator to 2025-06-30 00:00:00+00:00, run_after=2025-07-01 00:00:00+00:00
[2025-07-01T04:31:48.269+0000] {processor.py:208} INFO - Processing /home/airflow/.local/lib/python3.12/site-packages/airflow/example_dags/example_branch_operator_decorator.py took 0.096 seconds
[2025-07-01T04:32:18.804+0000] {processor.py:186} INFO - Started process (PID=20683) to work on /home/airflow/.local/lib/python3.12/site-packages/airflow/example_dags/example_branch_operator_decorator.py
[2025-07-01T04:32:18.805+0000] {processor.py:914} INFO - Processing file /home/airflow/.local/lib/python3.12/site-packages/airflow/example_dags/example_branch_operator_decorator.py for tasks to queue
[2025-07-01T04:32:18.807+0000] {logging_mixin.py:190} INFO - [2025-07-01T04:32:18.807+0000] {dagbag.py:588} INFO - Filling up the DagBag from /home/airflow/.local/lib/python3.12/site-packages/airflow/example_dags/example_branch_operator_decorator.py
[2025-07-01T04:32:18.828+0000] {processor.py:925} INFO - DAG(s) 'example_branch_python_operator_decorator' retrieved from /home/airflow/.local/lib/python3.12/site-packages/airflow/example_dags/example_branch_operator_decorator.py
[2025-07-01T04:32:18.855+0000] {logging_mixin.py:190} INFO - [2025-07-01T04:32:18.854+0000] {dag.py:3239} INFO - Sync 1 DAGs
[2025-07-01T04:32:18.877+0000] {logging_mixin.py:190} INFO - [2025-07-01T04:32:18.877+0000] {dag.py:4180} INFO - Setting next_dagrun for example_branch_python_operator_decorator to 2025-06-30 00:00:00+00:00, run_after=2025-07-01 00:00:00+00:00
[2025-07-01T04:32:18.896+0000] {processor.py:208} INFO - Processing /home/airflow/.local/lib/python3.12/site-packages/airflow/example_dags/example_branch_operator_decorator.py took 0.098 seconds
[2025-07-01T04:32:49.641+0000] {processor.py:186} INFO - Started process (PID=20745) to work on /home/airflow/.local/lib/python3.12/site-packages/airflow/example_dags/example_branch_operator_decorator.py
[2025-07-01T04:32:49.642+0000] {processor.py:914} INFO - Processing file /home/airflow/.local/lib/python3.12/site-packages/airflow/example_dags/example_branch_operator_decorator.py for tasks to queue
[2025-07-01T04:32:49.644+0000] {logging_mixin.py:190} INFO - [2025-07-01T04:32:49.644+0000] {dagbag.py:588} INFO - Filling up the DagBag from /home/airflow/.local/lib/python3.12/site-packages/airflow/example_dags/example_branch_operator_decorator.py
[2025-07-01T04:32:49.665+0000] {processor.py:925} INFO - DAG(s) 'example_branch_python_operator_decorator' retrieved from /home/airflow/.local/lib/python3.12/site-packages/airflow/example_dags/example_branch_operator_decorator.py
[2025-07-01T04:32:49.692+0000] {logging_mixin.py:190} INFO - [2025-07-01T04:32:49.691+0000] {dag.py:3239} INFO - Sync 1 DAGs
[2025-07-01T04:32:49.714+0000] {logging_mixin.py:190} INFO - [2025-07-01T04:32:49.714+0000] {dag.py:4180} INFO - Setting next_dagrun for example_branch_python_operator_decorator to 2025-06-30 00:00:00+00:00, run_after=2025-07-01 00:00:00+00:00
[2025-07-01T04:32:49.735+0000] {processor.py:208} INFO - Processing /home/airflow/.local/lib/python3.12/site-packages/airflow/example_dags/example_branch_operator_decorator.py took 0.100 seconds
[2025-07-01T04:33:20.227+0000] {processor.py:186} INFO - Started process (PID=20807) to work on /home/airflow/.local/lib/python3.12/site-packages/airflow/example_dags/example_branch_operator_decorator.py
[2025-07-01T04:33:20.228+0000] {processor.py:914} INFO - Processing file /home/airflow/.local/lib/python3.12/site-packages/airflow/example_dags/example_branch_operator_decorator.py for tasks to queue
[2025-07-01T04:33:20.231+0000] {logging_mixin.py:190} INFO - [2025-07-01T04:33:20.231+0000] {dagbag.py:588} INFO - Filling up the DagBag from /home/airflow/.local/lib/python3.12/site-packages/airflow/example_dags/example_branch_operator_decorator.py
[2025-07-01T04:33:20.252+0000] {processor.py:925} INFO - DAG(s) 'example_branch_python_operator_decorator' retrieved from /home/airflow/.local/lib/python3.12/site-packages/airflow/example_dags/example_branch_operator_decorator.py
[2025-07-01T04:33:20.281+0000] {logging_mixin.py:190} INFO - [2025-07-01T04:33:20.281+0000] {dag.py:3239} INFO - Sync 1 DAGs
[2025-07-01T04:33:20.306+0000] {logging_mixin.py:190} INFO - [2025-07-01T04:33:20.306+0000] {dag.py:4180} INFO - Setting next_dagrun for example_branch_python_operator_decorator to 2025-06-30 00:00:00+00:00, run_after=2025-07-01 00:00:00+00:00
[2025-07-01T04:33:20.324+0000] {processor.py:208} INFO - Processing /home/airflow/.local/lib/python3.12/site-packages/airflow/example_dags/example_branch_operator_decorator.py took 0.102 seconds
[2025-07-01T04:33:50.857+0000] {processor.py:186} INFO - Started process (PID=20869) to work on /home/airflow/.local/lib/python3.12/site-packages/airflow/example_dags/example_branch_operator_decorator.py
[2025-07-01T04:33:50.858+0000] {processor.py:914} INFO - Processing file /home/airflow/.local/lib/python3.12/site-packages/airflow/example_dags/example_branch_operator_decorator.py for tasks to queue
[2025-07-01T04:33:50.861+0000] {logging_mixin.py:190} INFO - [2025-07-01T04:33:50.860+0000] {dagbag.py:588} INFO - Filling up the DagBag from /home/airflow/.local/lib/python3.12/site-packages/airflow/example_dags/example_branch_operator_decorator.py
[2025-07-01T04:33:50.882+0000] {processor.py:925} INFO - DAG(s) 'example_branch_python_operator_decorator' retrieved from /home/airflow/.local/lib/python3.12/site-packages/airflow/example_dags/example_branch_operator_decorator.py
[2025-07-01T04:33:50.910+0000] {logging_mixin.py:190} INFO - [2025-07-01T04:33:50.909+0000] {dag.py:3239} INFO - Sync 1 DAGs
[2025-07-01T04:33:50.932+0000] {logging_mixin.py:190} INFO - [2025-07-01T04:33:50.931+0000] {dag.py:4180} INFO - Setting next_dagrun for example_branch_python_operator_decorator to 2025-06-30 00:00:00+00:00, run_after=2025-07-01 00:00:00+00:00
[2025-07-01T04:33:50.949+0000] {processor.py:208} INFO - Processing /home/airflow/.local/lib/python3.12/site-packages/airflow/example_dags/example_branch_operator_decorator.py took 0.097 seconds
[2025-07-01T04:34:21.616+0000] {processor.py:186} INFO - Started process (PID=20931) to work on /home/airflow/.local/lib/python3.12/site-packages/airflow/example_dags/example_branch_operator_decorator.py
[2025-07-01T04:34:21.617+0000] {processor.py:914} INFO - Processing file /home/airflow/.local/lib/python3.12/site-packages/airflow/example_dags/example_branch_operator_decorator.py for tasks to queue
[2025-07-01T04:34:21.619+0000] {logging_mixin.py:190} INFO - [2025-07-01T04:34:21.619+0000] {dagbag.py:588} INFO - Filling up the DagBag from /home/airflow/.local/lib/python3.12/site-packages/airflow/example_dags/example_branch_operator_decorator.py
[2025-07-01T04:34:21.640+0000] {processor.py:925} INFO - DAG(s) 'example_branch_python_operator_decorator' retrieved from /home/airflow/.local/lib/python3.12/site-packages/airflow/example_dags/example_branch_operator_decorator.py
[2025-07-01T04:34:21.666+0000] {logging_mixin.py:190} INFO - [2025-07-01T04:34:21.666+0000] {dag.py:3239} INFO - Sync 1 DAGs
[2025-07-01T04:34:21.689+0000] {logging_mixin.py:190} INFO - [2025-07-01T04:34:21.689+0000] {dag.py:4180} INFO - Setting next_dagrun for example_branch_python_operator_decorator to 2025-06-30 00:00:00+00:00, run_after=2025-07-01 00:00:00+00:00
[2025-07-01T04:34:21.707+0000] {processor.py:208} INFO - Processing /home/airflow/.local/lib/python3.12/site-packages/airflow/example_dags/example_branch_operator_decorator.py took 0.098 seconds
[2025-07-01T04:34:52.450+0000] {processor.py:186} INFO - Started process (PID=20993) to work on /home/airflow/.local/lib/python3.12/site-packages/airflow/example_dags/example_branch_operator_decorator.py
[2025-07-01T04:34:52.451+0000] {processor.py:914} INFO - Processing file /home/airflow/.local/lib/python3.12/site-packages/airflow/example_dags/example_branch_operator_decorator.py for tasks to queue
[2025-07-01T04:34:52.454+0000] {logging_mixin.py:190} INFO - [2025-07-01T04:34:52.453+0000] {dagbag.py:588} INFO - Filling up the DagBag from /home/airflow/.local/lib/python3.12/site-packages/airflow/example_dags/example_branch_operator_decorator.py
[2025-07-01T04:34:52.476+0000] {processor.py:925} INFO - DAG(s) 'example_branch_python_operator_decorator' retrieved from /home/airflow/.local/lib/python3.12/site-packages/airflow/example_dags/example_branch_operator_decorator.py
[2025-07-01T04:34:52.503+0000] {logging_mixin.py:190} INFO - [2025-07-01T04:34:52.503+0000] {dag.py:3239} INFO - Sync 1 DAGs
[2025-07-01T04:34:52.527+0000] {logging_mixin.py:190} INFO - [2025-07-01T04:34:52.527+0000] {dag.py:4180} INFO - Setting next_dagrun for example_branch_python_operator_decorator to 2025-06-30 00:00:00+00:00, run_after=2025-07-01 00:00:00+00:00
[2025-07-01T04:34:52.547+0000] {processor.py:208} INFO - Processing /home/airflow/.local/lib/python3.12/site-packages/airflow/example_dags/example_branch_operator_decorator.py took 0.102 seconds
[2025-07-01T04:35:22.887+0000] {processor.py:186} INFO - Started process (PID=21055) to work on /home/airflow/.local/lib/python3.12/site-packages/airflow/example_dags/example_branch_operator_decorator.py
[2025-07-01T04:35:22.889+0000] {processor.py:914} INFO - Processing file /home/airflow/.local/lib/python3.12/site-packages/airflow/example_dags/example_branch_operator_decorator.py for tasks to queue
[2025-07-01T04:35:22.892+0000] {logging_mixin.py:190} INFO - [2025-07-01T04:35:22.891+0000] {dagbag.py:588} INFO - Filling up the DagBag from /home/airflow/.local/lib/python3.12/site-packages/airflow/example_dags/example_branch_operator_decorator.py
[2025-07-01T04:35:22.912+0000] {processor.py:925} INFO - DAG(s) 'example_branch_python_operator_decorator' retrieved from /home/airflow/.local/lib/python3.12/site-packages/airflow/example_dags/example_branch_operator_decorator.py
[2025-07-01T04:35:22.940+0000] {logging_mixin.py:190} INFO - [2025-07-01T04:35:22.940+0000] {dag.py:3239} INFO - Sync 1 DAGs
[2025-07-01T04:35:22.971+0000] {logging_mixin.py:190} INFO - [2025-07-01T04:35:22.971+0000] {dag.py:4180} INFO - Setting next_dagrun for example_branch_python_operator_decorator to 2025-06-30 00:00:00+00:00, run_after=2025-07-01 00:00:00+00:00
[2025-07-01T04:35:22.989+0000] {processor.py:208} INFO - Processing /home/airflow/.local/lib/python3.12/site-packages/airflow/example_dags/example_branch_operator_decorator.py took 0.109 seconds
[2025-07-01T04:35:53.303+0000] {processor.py:186} INFO - Started process (PID=21117) to work on /home/airflow/.local/lib/python3.12/site-packages/airflow/example_dags/example_branch_operator_decorator.py
[2025-07-01T04:35:53.304+0000] {processor.py:914} INFO - Processing file /home/airflow/.local/lib/python3.12/site-packages/airflow/example_dags/example_branch_operator_decorator.py for tasks to queue
[2025-07-01T04:35:53.307+0000] {logging_mixin.py:190} INFO - [2025-07-01T04:35:53.306+0000] {dagbag.py:588} INFO - Filling up the DagBag from /home/airflow/.local/lib/python3.12/site-packages/airflow/example_dags/example_branch_operator_decorator.py
[2025-07-01T04:35:53.326+0000] {processor.py:925} INFO - DAG(s) 'example_branch_python_operator_decorator' retrieved from /home/airflow/.local/lib/python3.12/site-packages/airflow/example_dags/example_branch_operator_decorator.py
[2025-07-01T04:35:53.353+0000] {logging_mixin.py:190} INFO - [2025-07-01T04:35:53.353+0000] {dag.py:3239} INFO - Sync 1 DAGs
[2025-07-01T04:35:53.376+0000] {logging_mixin.py:190} INFO - [2025-07-01T04:35:53.375+0000] {dag.py:4180} INFO - Setting next_dagrun for example_branch_python_operator_decorator to 2025-06-30 00:00:00+00:00, run_after=2025-07-01 00:00:00+00:00
[2025-07-01T04:35:53.394+0000] {processor.py:208} INFO - Processing /home/airflow/.local/lib/python3.12/site-packages/airflow/example_dags/example_branch_operator_decorator.py took 0.097 seconds
[2025-07-01T04:36:24.039+0000] {processor.py:186} INFO - Started process (PID=21179) to work on /home/airflow/.local/lib/python3.12/site-packages/airflow/example_dags/example_branch_operator_decorator.py
[2025-07-01T04:36:24.039+0000] {processor.py:914} INFO - Processing file /home/airflow/.local/lib/python3.12/site-packages/airflow/example_dags/example_branch_operator_decorator.py for tasks to queue
[2025-07-01T04:36:24.042+0000] {logging_mixin.py:190} INFO - [2025-07-01T04:36:24.041+0000] {dagbag.py:588} INFO - Filling up the DagBag from /home/airflow/.local/lib/python3.12/site-packages/airflow/example_dags/example_branch_operator_decorator.py
[2025-07-01T04:36:24.063+0000] {processor.py:925} INFO - DAG(s) 'example_branch_python_operator_decorator' retrieved from /home/airflow/.local/lib/python3.12/site-packages/airflow/example_dags/example_branch_operator_decorator.py
[2025-07-01T04:36:24.089+0000] {logging_mixin.py:190} INFO - [2025-07-01T04:36:24.089+0000] {dag.py:3239} INFO - Sync 1 DAGs
[2025-07-01T04:36:24.113+0000] {logging_mixin.py:190} INFO - [2025-07-01T04:36:24.112+0000] {dag.py:4180} INFO - Setting next_dagrun for example_branch_python_operator_decorator to 2025-06-30 00:00:00+00:00, run_after=2025-07-01 00:00:00+00:00
[2025-07-01T04:36:24.131+0000] {processor.py:208} INFO - Processing /home/airflow/.local/lib/python3.12/site-packages/airflow/example_dags/example_branch_operator_decorator.py took 0.098 seconds
[2025-07-01T04:36:55.051+0000] {processor.py:186} INFO - Started process (PID=21247) to work on /home/airflow/.local/lib/python3.12/site-packages/airflow/example_dags/example_branch_operator_decorator.py
[2025-07-01T04:36:55.052+0000] {processor.py:914} INFO - Processing file /home/airflow/.local/lib/python3.12/site-packages/airflow/example_dags/example_branch_operator_decorator.py for tasks to queue
[2025-07-01T04:36:55.055+0000] {logging_mixin.py:190} INFO - [2025-07-01T04:36:55.054+0000] {dagbag.py:588} INFO - Filling up the DagBag from /home/airflow/.local/lib/python3.12/site-packages/airflow/example_dags/example_branch_operator_decorator.py
[2025-07-01T04:36:55.078+0000] {processor.py:925} INFO - DAG(s) 'example_branch_python_operator_decorator' retrieved from /home/airflow/.local/lib/python3.12/site-packages/airflow/example_dags/example_branch_operator_decorator.py
[2025-07-01T04:36:55.106+0000] {logging_mixin.py:190} INFO - [2025-07-01T04:36:55.106+0000] {dag.py:3239} INFO - Sync 1 DAGs
[2025-07-01T04:36:55.132+0000] {logging_mixin.py:190} INFO - [2025-07-01T04:36:55.131+0000] {dag.py:4180} INFO - Setting next_dagrun for example_branch_python_operator_decorator to 2025-06-30 00:00:00+00:00, run_after=2025-07-01 00:00:00+00:00
[2025-07-01T04:36:55.150+0000] {processor.py:208} INFO - Processing /home/airflow/.local/lib/python3.12/site-packages/airflow/example_dags/example_branch_operator_decorator.py took 0.105 seconds
[2025-07-01T04:37:25.804+0000] {processor.py:186} INFO - Started process (PID=21309) to work on /home/airflow/.local/lib/python3.12/site-packages/airflow/example_dags/example_branch_operator_decorator.py
[2025-07-01T04:37:25.805+0000] {processor.py:914} INFO - Processing file /home/airflow/.local/lib/python3.12/site-packages/airflow/example_dags/example_branch_operator_decorator.py for tasks to queue
[2025-07-01T04:37:25.808+0000] {logging_mixin.py:190} INFO - [2025-07-01T04:37:25.807+0000] {dagbag.py:588} INFO - Filling up the DagBag from /home/airflow/.local/lib/python3.12/site-packages/airflow/example_dags/example_branch_operator_decorator.py
[2025-07-01T04:37:25.828+0000] {processor.py:925} INFO - DAG(s) 'example_branch_python_operator_decorator' retrieved from /home/airflow/.local/lib/python3.12/site-packages/airflow/example_dags/example_branch_operator_decorator.py
[2025-07-01T04:37:25.854+0000] {logging_mixin.py:190} INFO - [2025-07-01T04:37:25.853+0000] {dag.py:3239} INFO - Sync 1 DAGs
[2025-07-01T04:37:25.875+0000] {logging_mixin.py:190} INFO - [2025-07-01T04:37:25.875+0000] {dag.py:4180} INFO - Setting next_dagrun for example_branch_python_operator_decorator to 2025-06-30 00:00:00+00:00, run_after=2025-07-01 00:00:00+00:00
[2025-07-01T04:37:25.894+0000] {processor.py:208} INFO - Processing /home/airflow/.local/lib/python3.12/site-packages/airflow/example_dags/example_branch_operator_decorator.py took 0.095 seconds
[2025-07-01T04:37:56.028+0000] {processor.py:186} INFO - Started process (PID=21371) to work on /home/airflow/.local/lib/python3.12/site-packages/airflow/example_dags/example_branch_operator_decorator.py
[2025-07-01T04:37:56.030+0000] {processor.py:914} INFO - Processing file /home/airflow/.local/lib/python3.12/site-packages/airflow/example_dags/example_branch_operator_decorator.py for tasks to queue
[2025-07-01T04:37:56.034+0000] {logging_mixin.py:190} INFO - [2025-07-01T04:37:56.033+0000] {dagbag.py:588} INFO - Filling up the DagBag from /home/airflow/.local/lib/python3.12/site-packages/airflow/example_dags/example_branch_operator_decorator.py
[2025-07-01T04:37:56.065+0000] {processor.py:925} INFO - DAG(s) 'example_branch_python_operator_decorator' retrieved from /home/airflow/.local/lib/python3.12/site-packages/airflow/example_dags/example_branch_operator_decorator.py
[2025-07-01T04:37:56.103+0000] {logging_mixin.py:190} INFO - [2025-07-01T04:37:56.102+0000] {dag.py:3239} INFO - Sync 1 DAGs
[2025-07-01T04:37:56.130+0000] {logging_mixin.py:190} INFO - [2025-07-01T04:37:56.130+0000] {dag.py:4180} INFO - Setting next_dagrun for example_branch_python_operator_decorator to 2025-06-30 00:00:00+00:00, run_after=2025-07-01 00:00:00+00:00
[2025-07-01T04:37:56.148+0000] {processor.py:208} INFO - Processing /home/airflow/.local/lib/python3.12/site-packages/airflow/example_dags/example_branch_operator_decorator.py took 0.129 seconds
[2025-07-01T04:38:26.705+0000] {processor.py:186} INFO - Started process (PID=21433) to work on /home/airflow/.local/lib/python3.12/site-packages/airflow/example_dags/example_branch_operator_decorator.py
[2025-07-01T04:38:26.705+0000] {processor.py:914} INFO - Processing file /home/airflow/.local/lib/python3.12/site-packages/airflow/example_dags/example_branch_operator_decorator.py for tasks to queue
[2025-07-01T04:38:26.708+0000] {logging_mixin.py:190} INFO - [2025-07-01T04:38:26.708+0000] {dagbag.py:588} INFO - Filling up the DagBag from /home/airflow/.local/lib/python3.12/site-packages/airflow/example_dags/example_branch_operator_decorator.py
[2025-07-01T04:38:26.730+0000] {processor.py:925} INFO - DAG(s) 'example_branch_python_operator_decorator' retrieved from /home/airflow/.local/lib/python3.12/site-packages/airflow/example_dags/example_branch_operator_decorator.py
[2025-07-01T04:38:26.757+0000] {logging_mixin.py:190} INFO - [2025-07-01T04:38:26.756+0000] {dag.py:3239} INFO - Sync 1 DAGs
[2025-07-01T04:38:26.782+0000] {logging_mixin.py:190} INFO - [2025-07-01T04:38:26.782+0000] {dag.py:4180} INFO - Setting next_dagrun for example_branch_python_operator_decorator to 2025-06-30 00:00:00+00:00, run_after=2025-07-01 00:00:00+00:00
[2025-07-01T04:38:26.804+0000] {processor.py:208} INFO - Processing /home/airflow/.local/lib/python3.12/site-packages/airflow/example_dags/example_branch_operator_decorator.py took 0.105 seconds
[2025-07-01T04:38:57.271+0000] {processor.py:186} INFO - Started process (PID=21495) to work on /home/airflow/.local/lib/python3.12/site-packages/airflow/example_dags/example_branch_operator_decorator.py
[2025-07-01T04:38:57.272+0000] {processor.py:914} INFO - Processing file /home/airflow/.local/lib/python3.12/site-packages/airflow/example_dags/example_branch_operator_decorator.py for tasks to queue
[2025-07-01T04:38:57.274+0000] {logging_mixin.py:190} INFO - [2025-07-01T04:38:57.274+0000] {dagbag.py:588} INFO - Filling up the DagBag from /home/airflow/.local/lib/python3.12/site-packages/airflow/example_dags/example_branch_operator_decorator.py
[2025-07-01T04:38:57.295+0000] {processor.py:925} INFO - DAG(s) 'example_branch_python_operator_decorator' retrieved from /home/airflow/.local/lib/python3.12/site-packages/airflow/example_dags/example_branch_operator_decorator.py
[2025-07-01T04:38:57.323+0000] {logging_mixin.py:190} INFO - [2025-07-01T04:38:57.323+0000] {dag.py:3239} INFO - Sync 1 DAGs
[2025-07-01T04:38:57.347+0000] {logging_mixin.py:190} INFO - [2025-07-01T04:38:57.347+0000] {dag.py:4180} INFO - Setting next_dagrun for example_branch_python_operator_decorator to 2025-06-30 00:00:00+00:00, run_after=2025-07-01 00:00:00+00:00
[2025-07-01T04:38:57.367+0000] {processor.py:208} INFO - Processing /home/airflow/.local/lib/python3.12/site-packages/airflow/example_dags/example_branch_operator_decorator.py took 0.102 seconds
[2025-07-01T04:39:28.399+0000] {processor.py:186} INFO - Started process (PID=21557) to work on /home/airflow/.local/lib/python3.12/site-packages/airflow/example_dags/example_branch_operator_decorator.py
[2025-07-01T04:39:28.400+0000] {processor.py:914} INFO - Processing file /home/airflow/.local/lib/python3.12/site-packages/airflow/example_dags/example_branch_operator_decorator.py for tasks to queue
[2025-07-01T04:39:28.403+0000] {logging_mixin.py:190} INFO - [2025-07-01T04:39:28.403+0000] {dagbag.py:588} INFO - Filling up the DagBag from /home/airflow/.local/lib/python3.12/site-packages/airflow/example_dags/example_branch_operator_decorator.py
[2025-07-01T04:39:28.427+0000] {processor.py:925} INFO - DAG(s) 'example_branch_python_operator_decorator' retrieved from /home/airflow/.local/lib/python3.12/site-packages/airflow/example_dags/example_branch_operator_decorator.py
[2025-07-01T04:39:28.459+0000] {logging_mixin.py:190} INFO - [2025-07-01T04:39:28.459+0000] {dag.py:3239} INFO - Sync 1 DAGs
[2025-07-01T04:39:28.487+0000] {logging_mixin.py:190} INFO - [2025-07-01T04:39:28.487+0000] {dag.py:4180} INFO - Setting next_dagrun for example_branch_python_operator_decorator to 2025-06-30 00:00:00+00:00, run_after=2025-07-01 00:00:00+00:00
[2025-07-01T04:39:28.509+0000] {processor.py:208} INFO - Processing /home/airflow/.local/lib/python3.12/site-packages/airflow/example_dags/example_branch_operator_decorator.py took 0.117 seconds
[2025-07-01T04:39:58.914+0000] {processor.py:186} INFO - Started process (PID=21619) to work on /home/airflow/.local/lib/python3.12/site-packages/airflow/example_dags/example_branch_operator_decorator.py
[2025-07-01T04:39:58.915+0000] {processor.py:914} INFO - Processing file /home/airflow/.local/lib/python3.12/site-packages/airflow/example_dags/example_branch_operator_decorator.py for tasks to queue
[2025-07-01T04:39:58.917+0000] {logging_mixin.py:190} INFO - [2025-07-01T04:39:58.917+0000] {dagbag.py:588} INFO - Filling up the DagBag from /home/airflow/.local/lib/python3.12/site-packages/airflow/example_dags/example_branch_operator_decorator.py
[2025-07-01T04:39:58.938+0000] {processor.py:925} INFO - DAG(s) 'example_branch_python_operator_decorator' retrieved from /home/airflow/.local/lib/python3.12/site-packages/airflow/example_dags/example_branch_operator_decorator.py
[2025-07-01T04:39:58.967+0000] {logging_mixin.py:190} INFO - [2025-07-01T04:39:58.967+0000] {dag.py:3239} INFO - Sync 1 DAGs
[2025-07-01T04:39:58.989+0000] {logging_mixin.py:190} INFO - [2025-07-01T04:39:58.989+0000] {dag.py:4180} INFO - Setting next_dagrun for example_branch_python_operator_decorator to 2025-06-30 00:00:00+00:00, run_after=2025-07-01 00:00:00+00:00
[2025-07-01T04:39:59.008+0000] {processor.py:208} INFO - Processing /home/airflow/.local/lib/python3.12/site-packages/airflow/example_dags/example_branch_operator_decorator.py took 0.100 seconds
[2025-07-01T04:40:29.426+0000] {processor.py:186} INFO - Started process (PID=21681) to work on /home/airflow/.local/lib/python3.12/site-packages/airflow/example_dags/example_branch_operator_decorator.py
[2025-07-01T04:40:29.427+0000] {processor.py:914} INFO - Processing file /home/airflow/.local/lib/python3.12/site-packages/airflow/example_dags/example_branch_operator_decorator.py for tasks to queue
[2025-07-01T04:40:29.429+0000] {logging_mixin.py:190} INFO - [2025-07-01T04:40:29.428+0000] {dagbag.py:588} INFO - Filling up the DagBag from /home/airflow/.local/lib/python3.12/site-packages/airflow/example_dags/example_branch_operator_decorator.py
[2025-07-01T04:40:29.449+0000] {processor.py:925} INFO - DAG(s) 'example_branch_python_operator_decorator' retrieved from /home/airflow/.local/lib/python3.12/site-packages/airflow/example_dags/example_branch_operator_decorator.py
[2025-07-01T04:40:29.479+0000] {logging_mixin.py:190} INFO - [2025-07-01T04:40:29.478+0000] {dag.py:3239} INFO - Sync 1 DAGs
[2025-07-01T04:40:29.502+0000] {logging_mixin.py:190} INFO - [2025-07-01T04:40:29.502+0000] {dag.py:4180} INFO - Setting next_dagrun for example_branch_python_operator_decorator to 2025-06-30 00:00:00+00:00, run_after=2025-07-01 00:00:00+00:00
[2025-07-01T04:40:29.520+0000] {processor.py:208} INFO - Processing /home/airflow/.local/lib/python3.12/site-packages/airflow/example_dags/example_branch_operator_decorator.py took 0.100 seconds
[2025-07-01T04:41:00.435+0000] {processor.py:186} INFO - Started process (PID=21743) to work on /home/airflow/.local/lib/python3.12/site-packages/airflow/example_dags/example_branch_operator_decorator.py
[2025-07-01T04:41:00.437+0000] {processor.py:914} INFO - Processing file /home/airflow/.local/lib/python3.12/site-packages/airflow/example_dags/example_branch_operator_decorator.py for tasks to queue
[2025-07-01T04:41:00.439+0000] {logging_mixin.py:190} INFO - [2025-07-01T04:41:00.439+0000] {dagbag.py:588} INFO - Filling up the DagBag from /home/airflow/.local/lib/python3.12/site-packages/airflow/example_dags/example_branch_operator_decorator.py
[2025-07-01T04:41:00.460+0000] {processor.py:925} INFO - DAG(s) 'example_branch_python_operator_decorator' retrieved from /home/airflow/.local/lib/python3.12/site-packages/airflow/example_dags/example_branch_operator_decorator.py
[2025-07-01T04:41:00.493+0000] {logging_mixin.py:190} INFO - [2025-07-01T04:41:00.492+0000] {dag.py:3239} INFO - Sync 1 DAGs
[2025-07-01T04:41:00.524+0000] {logging_mixin.py:190} INFO - [2025-07-01T04:41:00.524+0000] {dag.py:4180} INFO - Setting next_dagrun for example_branch_python_operator_decorator to 2025-06-30 00:00:00+00:00, run_after=2025-07-01 00:00:00+00:00
[2025-07-01T04:41:00.547+0000] {processor.py:208} INFO - Processing /home/airflow/.local/lib/python3.12/site-packages/airflow/example_dags/example_branch_operator_decorator.py took 0.119 seconds
[2025-07-01T04:41:31.162+0000] {processor.py:186} INFO - Started process (PID=21805) to work on /home/airflow/.local/lib/python3.12/site-packages/airflow/example_dags/example_branch_operator_decorator.py
[2025-07-01T04:41:31.163+0000] {processor.py:914} INFO - Processing file /home/airflow/.local/lib/python3.12/site-packages/airflow/example_dags/example_branch_operator_decorator.py for tasks to queue
[2025-07-01T04:41:31.165+0000] {logging_mixin.py:190} INFO - [2025-07-01T04:41:31.165+0000] {dagbag.py:588} INFO - Filling up the DagBag from /home/airflow/.local/lib/python3.12/site-packages/airflow/example_dags/example_branch_operator_decorator.py
[2025-07-01T04:41:31.186+0000] {processor.py:925} INFO - DAG(s) 'example_branch_python_operator_decorator' retrieved from /home/airflow/.local/lib/python3.12/site-packages/airflow/example_dags/example_branch_operator_decorator.py
[2025-07-01T04:41:31.212+0000] {logging_mixin.py:190} INFO - [2025-07-01T04:41:31.212+0000] {dag.py:3239} INFO - Sync 1 DAGs
[2025-07-01T04:41:31.237+0000] {logging_mixin.py:190} INFO - [2025-07-01T04:41:31.237+0000] {dag.py:4180} INFO - Setting next_dagrun for example_branch_python_operator_decorator to 2025-06-30 00:00:00+00:00, run_after=2025-07-01 00:00:00+00:00
[2025-07-01T04:41:31.256+0000] {processor.py:208} INFO - Processing /home/airflow/.local/lib/python3.12/site-packages/airflow/example_dags/example_branch_operator_decorator.py took 0.100 seconds
[2025-07-01T04:42:01.596+0000] {processor.py:186} INFO - Started process (PID=21867) to work on /home/airflow/.local/lib/python3.12/site-packages/airflow/example_dags/example_branch_operator_decorator.py
[2025-07-01T04:42:01.597+0000] {processor.py:914} INFO - Processing file /home/airflow/.local/lib/python3.12/site-packages/airflow/example_dags/example_branch_operator_decorator.py for tasks to queue
[2025-07-01T04:42:01.599+0000] {logging_mixin.py:190} INFO - [2025-07-01T04:42:01.599+0000] {dagbag.py:588} INFO - Filling up the DagBag from /home/airflow/.local/lib/python3.12/site-packages/airflow/example_dags/example_branch_operator_decorator.py
[2025-07-01T04:42:01.620+0000] {processor.py:925} INFO - DAG(s) 'example_branch_python_operator_decorator' retrieved from /home/airflow/.local/lib/python3.12/site-packages/airflow/example_dags/example_branch_operator_decorator.py
[2025-07-01T04:42:01.647+0000] {logging_mixin.py:190} INFO - [2025-07-01T04:42:01.647+0000] {dag.py:3239} INFO - Sync 1 DAGs
[2025-07-01T04:42:01.674+0000] {logging_mixin.py:190} INFO - [2025-07-01T04:42:01.674+0000] {dag.py:4180} INFO - Setting next_dagrun for example_branch_python_operator_decorator to 2025-06-30 00:00:00+00:00, run_after=2025-07-01 00:00:00+00:00
[2025-07-01T04:42:01.692+0000] {processor.py:208} INFO - Processing /home/airflow/.local/lib/python3.12/site-packages/airflow/example_dags/example_branch_operator_decorator.py took 0.102 seconds
[2025-07-01T04:42:31.738+0000] {processor.py:186} INFO - Started process (PID=21929) to work on /home/airflow/.local/lib/python3.12/site-packages/airflow/example_dags/example_branch_operator_decorator.py
[2025-07-01T04:42:31.739+0000] {processor.py:914} INFO - Processing file /home/airflow/.local/lib/python3.12/site-packages/airflow/example_dags/example_branch_operator_decorator.py for tasks to queue
[2025-07-01T04:42:31.741+0000] {logging_mixin.py:190} INFO - [2025-07-01T04:42:31.741+0000] {dagbag.py:588} INFO - Filling up the DagBag from /home/airflow/.local/lib/python3.12/site-packages/airflow/example_dags/example_branch_operator_decorator.py
[2025-07-01T04:42:31.762+0000] {processor.py:925} INFO - DAG(s) 'example_branch_python_operator_decorator' retrieved from /home/airflow/.local/lib/python3.12/site-packages/airflow/example_dags/example_branch_operator_decorator.py
[2025-07-01T04:42:31.789+0000] {logging_mixin.py:190} INFO - [2025-07-01T04:42:31.788+0000] {dag.py:3239} INFO - Sync 1 DAGs
[2025-07-01T04:42:31.810+0000] {logging_mixin.py:190} INFO - [2025-07-01T04:42:31.810+0000] {dag.py:4180} INFO - Setting next_dagrun for example_branch_python_operator_decorator to 2025-06-30 00:00:00+00:00, run_after=2025-07-01 00:00:00+00:00
[2025-07-01T04:42:31.828+0000] {processor.py:208} INFO - Processing /home/airflow/.local/lib/python3.12/site-packages/airflow/example_dags/example_branch_operator_decorator.py took 0.096 seconds
[2025-07-01T04:43:02.439+0000] {processor.py:186} INFO - Started process (PID=21991) to work on /home/airflow/.local/lib/python3.12/site-packages/airflow/example_dags/example_branch_operator_decorator.py
[2025-07-01T04:43:02.440+0000] {processor.py:914} INFO - Processing file /home/airflow/.local/lib/python3.12/site-packages/airflow/example_dags/example_branch_operator_decorator.py for tasks to queue
[2025-07-01T04:43:02.443+0000] {logging_mixin.py:190} INFO - [2025-07-01T04:43:02.442+0000] {dagbag.py:588} INFO - Filling up the DagBag from /home/airflow/.local/lib/python3.12/site-packages/airflow/example_dags/example_branch_operator_decorator.py
[2025-07-01T04:43:02.463+0000] {processor.py:925} INFO - DAG(s) 'example_branch_python_operator_decorator' retrieved from /home/airflow/.local/lib/python3.12/site-packages/airflow/example_dags/example_branch_operator_decorator.py
[2025-07-01T04:43:02.490+0000] {logging_mixin.py:190} INFO - [2025-07-01T04:43:02.489+0000] {dag.py:3239} INFO - Sync 1 DAGs
[2025-07-01T04:43:02.513+0000] {logging_mixin.py:190} INFO - [2025-07-01T04:43:02.512+0000] {dag.py:4180} INFO - Setting next_dagrun for example_branch_python_operator_decorator to 2025-06-30 00:00:00+00:00, run_after=2025-07-01 00:00:00+00:00
[2025-07-01T04:43:02.532+0000] {processor.py:208} INFO - Processing /home/airflow/.local/lib/python3.12/site-packages/airflow/example_dags/example_branch_operator_decorator.py took 0.099 seconds
[2025-07-01T04:43:33.151+0000] {processor.py:186} INFO - Started process (PID=22053) to work on /home/airflow/.local/lib/python3.12/site-packages/airflow/example_dags/example_branch_operator_decorator.py
[2025-07-01T04:43:33.152+0000] {processor.py:914} INFO - Processing file /home/airflow/.local/lib/python3.12/site-packages/airflow/example_dags/example_branch_operator_decorator.py for tasks to queue
[2025-07-01T04:43:33.155+0000] {logging_mixin.py:190} INFO - [2025-07-01T04:43:33.155+0000] {dagbag.py:588} INFO - Filling up the DagBag from /home/airflow/.local/lib/python3.12/site-packages/airflow/example_dags/example_branch_operator_decorator.py
[2025-07-01T04:43:33.185+0000] {processor.py:925} INFO - DAG(s) 'example_branch_python_operator_decorator' retrieved from /home/airflow/.local/lib/python3.12/site-packages/airflow/example_dags/example_branch_operator_decorator.py
[2025-07-01T04:43:33.231+0000] {logging_mixin.py:190} INFO - [2025-07-01T04:43:33.231+0000] {dag.py:3239} INFO - Sync 1 DAGs
[2025-07-01T04:43:33.256+0000] {logging_mixin.py:190} INFO - [2025-07-01T04:43:33.256+0000] {dag.py:4180} INFO - Setting next_dagrun for example_branch_python_operator_decorator to 2025-06-30 00:00:00+00:00, run_after=2025-07-01 00:00:00+00:00
[2025-07-01T04:43:33.468+0000] {processor.py:208} INFO - Processing /home/airflow/.local/lib/python3.12/site-packages/airflow/example_dags/example_branch_operator_decorator.py took 0.323 seconds
[2025-07-01T04:44:04.037+0000] {processor.py:186} INFO - Started process (PID=22115) to work on /home/airflow/.local/lib/python3.12/site-packages/airflow/example_dags/example_branch_operator_decorator.py
[2025-07-01T04:44:04.038+0000] {processor.py:914} INFO - Processing file /home/airflow/.local/lib/python3.12/site-packages/airflow/example_dags/example_branch_operator_decorator.py for tasks to queue
[2025-07-01T04:44:04.040+0000] {logging_mixin.py:190} INFO - [2025-07-01T04:44:04.040+0000] {dagbag.py:588} INFO - Filling up the DagBag from /home/airflow/.local/lib/python3.12/site-packages/airflow/example_dags/example_branch_operator_decorator.py
[2025-07-01T04:44:04.061+0000] {processor.py:925} INFO - DAG(s) 'example_branch_python_operator_decorator' retrieved from /home/airflow/.local/lib/python3.12/site-packages/airflow/example_dags/example_branch_operator_decorator.py
[2025-07-01T04:44:04.088+0000] {logging_mixin.py:190} INFO - [2025-07-01T04:44:04.088+0000] {dag.py:3239} INFO - Sync 1 DAGs
[2025-07-01T04:44:04.111+0000] {logging_mixin.py:190} INFO - [2025-07-01T04:44:04.111+0000] {dag.py:4180} INFO - Setting next_dagrun for example_branch_python_operator_decorator to 2025-06-30 00:00:00+00:00, run_after=2025-07-01 00:00:00+00:00
[2025-07-01T04:44:04.129+0000] {processor.py:208} INFO - Processing /home/airflow/.local/lib/python3.12/site-packages/airflow/example_dags/example_branch_operator_decorator.py took 0.098 seconds
[2025-07-01T04:44:34.610+0000] {processor.py:186} INFO - Started process (PID=22177) to work on /home/airflow/.local/lib/python3.12/site-packages/airflow/example_dags/example_branch_operator_decorator.py
[2025-07-01T04:44:34.611+0000] {processor.py:914} INFO - Processing file /home/airflow/.local/lib/python3.12/site-packages/airflow/example_dags/example_branch_operator_decorator.py for tasks to queue
[2025-07-01T04:44:34.614+0000] {logging_mixin.py:190} INFO - [2025-07-01T04:44:34.614+0000] {dagbag.py:588} INFO - Filling up the DagBag from /home/airflow/.local/lib/python3.12/site-packages/airflow/example_dags/example_branch_operator_decorator.py
[2025-07-01T04:44:34.634+0000] {processor.py:925} INFO - DAG(s) 'example_branch_python_operator_decorator' retrieved from /home/airflow/.local/lib/python3.12/site-packages/airflow/example_dags/example_branch_operator_decorator.py
[2025-07-01T04:44:34.661+0000] {logging_mixin.py:190} INFO - [2025-07-01T04:44:34.661+0000] {dag.py:3239} INFO - Sync 1 DAGs
[2025-07-01T04:44:34.683+0000] {logging_mixin.py:190} INFO - [2025-07-01T04:44:34.683+0000] {dag.py:4180} INFO - Setting next_dagrun for example_branch_python_operator_decorator to 2025-06-30 00:00:00+00:00, run_after=2025-07-01 00:00:00+00:00
[2025-07-01T04:44:34.701+0000] {processor.py:208} INFO - Processing /home/airflow/.local/lib/python3.12/site-packages/airflow/example_dags/example_branch_operator_decorator.py took 0.097 seconds
[2025-07-01T04:45:05.209+0000] {processor.py:186} INFO - Started process (PID=22239) to work on /home/airflow/.local/lib/python3.12/site-packages/airflow/example_dags/example_branch_operator_decorator.py
[2025-07-01T04:45:05.210+0000] {processor.py:914} INFO - Processing file /home/airflow/.local/lib/python3.12/site-packages/airflow/example_dags/example_branch_operator_decorator.py for tasks to queue
[2025-07-01T04:45:05.214+0000] {logging_mixin.py:190} INFO - [2025-07-01T04:45:05.213+0000] {dagbag.py:588} INFO - Filling up the DagBag from /home/airflow/.local/lib/python3.12/site-packages/airflow/example_dags/example_branch_operator_decorator.py
[2025-07-01T04:45:05.237+0000] {processor.py:925} INFO - DAG(s) 'example_branch_python_operator_decorator' retrieved from /home/airflow/.local/lib/python3.12/site-packages/airflow/example_dags/example_branch_operator_decorator.py
[2025-07-01T04:45:05.265+0000] {logging_mixin.py:190} INFO - [2025-07-01T04:45:05.265+0000] {dag.py:3239} INFO - Sync 1 DAGs
[2025-07-01T04:45:05.288+0000] {logging_mixin.py:190} INFO - [2025-07-01T04:45:05.288+0000] {dag.py:4180} INFO - Setting next_dagrun for example_branch_python_operator_decorator to 2025-06-30 00:00:00+00:00, run_after=2025-07-01 00:00:00+00:00
[2025-07-01T04:45:05.305+0000] {processor.py:208} INFO - Processing /home/airflow/.local/lib/python3.12/site-packages/airflow/example_dags/example_branch_operator_decorator.py took 0.104 seconds
[2025-07-01T04:45:35.531+0000] {processor.py:186} INFO - Started process (PID=22301) to work on /home/airflow/.local/lib/python3.12/site-packages/airflow/example_dags/example_branch_operator_decorator.py
[2025-07-01T04:45:35.533+0000] {processor.py:914} INFO - Processing file /home/airflow/.local/lib/python3.12/site-packages/airflow/example_dags/example_branch_operator_decorator.py for tasks to queue
[2025-07-01T04:45:35.536+0000] {logging_mixin.py:190} INFO - [2025-07-01T04:45:35.536+0000] {dagbag.py:588} INFO - Filling up the DagBag from /home/airflow/.local/lib/python3.12/site-packages/airflow/example_dags/example_branch_operator_decorator.py
[2025-07-01T04:45:35.560+0000] {processor.py:925} INFO - DAG(s) 'example_branch_python_operator_decorator' retrieved from /home/airflow/.local/lib/python3.12/site-packages/airflow/example_dags/example_branch_operator_decorator.py
[2025-07-01T04:45:35.591+0000] {logging_mixin.py:190} INFO - [2025-07-01T04:45:35.591+0000] {dag.py:3239} INFO - Sync 1 DAGs
[2025-07-01T04:45:35.782+0000] {logging_mixin.py:190} INFO - [2025-07-01T04:45:35.781+0000] {dag.py:4180} INFO - Setting next_dagrun for example_branch_python_operator_decorator to 2025-06-30 00:00:00+00:00, run_after=2025-07-01 00:00:00+00:00
[2025-07-01T04:45:35.801+0000] {processor.py:208} INFO - Processing /home/airflow/.local/lib/python3.12/site-packages/airflow/example_dags/example_branch_operator_decorator.py took 0.277 seconds
[2025-07-01T04:46:06.053+0000] {processor.py:186} INFO - Started process (PID=22363) to work on /home/airflow/.local/lib/python3.12/site-packages/airflow/example_dags/example_branch_operator_decorator.py
[2025-07-01T04:46:06.054+0000] {processor.py:914} INFO - Processing file /home/airflow/.local/lib/python3.12/site-packages/airflow/example_dags/example_branch_operator_decorator.py for tasks to queue
[2025-07-01T04:46:06.057+0000] {logging_mixin.py:190} INFO - [2025-07-01T04:46:06.057+0000] {dagbag.py:588} INFO - Filling up the DagBag from /home/airflow/.local/lib/python3.12/site-packages/airflow/example_dags/example_branch_operator_decorator.py
[2025-07-01T04:46:06.080+0000] {processor.py:925} INFO - DAG(s) 'example_branch_python_operator_decorator' retrieved from /home/airflow/.local/lib/python3.12/site-packages/airflow/example_dags/example_branch_operator_decorator.py
[2025-07-01T04:46:06.109+0000] {logging_mixin.py:190} INFO - [2025-07-01T04:46:06.108+0000] {dag.py:3239} INFO - Sync 1 DAGs
[2025-07-01T04:46:06.297+0000] {logging_mixin.py:190} INFO - [2025-07-01T04:46:06.297+0000] {dag.py:4180} INFO - Setting next_dagrun for example_branch_python_operator_decorator to 2025-06-30 00:00:00+00:00, run_after=2025-07-01 00:00:00+00:00
[2025-07-01T04:46:06.321+0000] {processor.py:208} INFO - Processing /home/airflow/.local/lib/python3.12/site-packages/airflow/example_dags/example_branch_operator_decorator.py took 0.275 seconds
[2025-07-01T04:46:36.429+0000] {processor.py:186} INFO - Started process (PID=22425) to work on /home/airflow/.local/lib/python3.12/site-packages/airflow/example_dags/example_branch_operator_decorator.py
[2025-07-01T04:46:36.431+0000] {processor.py:914} INFO - Processing file /home/airflow/.local/lib/python3.12/site-packages/airflow/example_dags/example_branch_operator_decorator.py for tasks to queue
[2025-07-01T04:46:36.435+0000] {logging_mixin.py:190} INFO - [2025-07-01T04:46:36.434+0000] {dagbag.py:588} INFO - Filling up the DagBag from /home/airflow/.local/lib/python3.12/site-packages/airflow/example_dags/example_branch_operator_decorator.py
[2025-07-01T04:46:36.466+0000] {processor.py:925} INFO - DAG(s) 'example_branch_python_operator_decorator' retrieved from /home/airflow/.local/lib/python3.12/site-packages/airflow/example_dags/example_branch_operator_decorator.py
[2025-07-01T04:46:36.498+0000] {logging_mixin.py:190} INFO - [2025-07-01T04:46:36.498+0000] {dag.py:3239} INFO - Sync 1 DAGs
[2025-07-01T04:46:36.524+0000] {logging_mixin.py:190} INFO - [2025-07-01T04:46:36.523+0000] {dag.py:4180} INFO - Setting next_dagrun for example_branch_python_operator_decorator to 2025-06-30 00:00:00+00:00, run_after=2025-07-01 00:00:00+00:00
[2025-07-01T04:46:36.685+0000] {processor.py:208} INFO - Processing /home/airflow/.local/lib/python3.12/site-packages/airflow/example_dags/example_branch_operator_decorator.py took 0.264 seconds
[2025-07-01T04:47:08.761+0000] {processor.py:186} INFO - Started process (PID=22487) to work on /home/airflow/.local/lib/python3.12/site-packages/airflow/example_dags/example_branch_operator_decorator.py
[2025-07-01T04:47:08.762+0000] {processor.py:914} INFO - Processing file /home/airflow/.local/lib/python3.12/site-packages/airflow/example_dags/example_branch_operator_decorator.py for tasks to queue
[2025-07-01T04:47:08.765+0000] {logging_mixin.py:190} INFO - [2025-07-01T04:47:08.765+0000] {dagbag.py:588} INFO - Filling up the DagBag from /home/airflow/.local/lib/python3.12/site-packages/airflow/example_dags/example_branch_operator_decorator.py
[2025-07-01T04:47:08.786+0000] {processor.py:925} INFO - DAG(s) 'example_branch_python_operator_decorator' retrieved from /home/airflow/.local/lib/python3.12/site-packages/airflow/example_dags/example_branch_operator_decorator.py
[2025-07-01T04:47:08.813+0000] {logging_mixin.py:190} INFO - [2025-07-01T04:47:08.813+0000] {dag.py:3239} INFO - Sync 1 DAGs
[2025-07-01T04:47:08.843+0000] {logging_mixin.py:190} INFO - [2025-07-01T04:47:08.842+0000] {dag.py:4180} INFO - Setting next_dagrun for example_branch_python_operator_decorator to 2025-06-30 00:00:00+00:00, run_after=2025-07-01 00:00:00+00:00
[2025-07-01T04:47:08.869+0000] {processor.py:208} INFO - Processing /home/airflow/.local/lib/python3.12/site-packages/airflow/example_dags/example_branch_operator_decorator.py took 0.114 seconds
[2025-07-01T04:47:38.911+0000] {processor.py:186} INFO - Started process (PID=22549) to work on /home/airflow/.local/lib/python3.12/site-packages/airflow/example_dags/example_branch_operator_decorator.py
[2025-07-01T04:47:38.912+0000] {processor.py:914} INFO - Processing file /home/airflow/.local/lib/python3.12/site-packages/airflow/example_dags/example_branch_operator_decorator.py for tasks to queue
[2025-07-01T04:47:38.915+0000] {logging_mixin.py:190} INFO - [2025-07-01T04:47:38.915+0000] {dagbag.py:588} INFO - Filling up the DagBag from /home/airflow/.local/lib/python3.12/site-packages/airflow/example_dags/example_branch_operator_decorator.py
[2025-07-01T04:47:38.935+0000] {processor.py:925} INFO - DAG(s) 'example_branch_python_operator_decorator' retrieved from /home/airflow/.local/lib/python3.12/site-packages/airflow/example_dags/example_branch_operator_decorator.py
[2025-07-01T04:47:38.962+0000] {logging_mixin.py:190} INFO - [2025-07-01T04:47:38.962+0000] {dag.py:3239} INFO - Sync 1 DAGs
[2025-07-01T04:47:38.984+0000] {logging_mixin.py:190} INFO - [2025-07-01T04:47:38.983+0000] {dag.py:4180} INFO - Setting next_dagrun for example_branch_python_operator_decorator to 2025-06-30 00:00:00+00:00, run_after=2025-07-01 00:00:00+00:00
[2025-07-01T04:47:38.999+0000] {processor.py:208} INFO - Processing /home/airflow/.local/lib/python3.12/site-packages/airflow/example_dags/example_branch_operator_decorator.py took 0.094 seconds
[2025-07-01T04:48:09.803+0000] {processor.py:186} INFO - Started process (PID=22611) to work on /home/airflow/.local/lib/python3.12/site-packages/airflow/example_dags/example_branch_operator_decorator.py
[2025-07-01T04:48:09.804+0000] {processor.py:914} INFO - Processing file /home/airflow/.local/lib/python3.12/site-packages/airflow/example_dags/example_branch_operator_decorator.py for tasks to queue
[2025-07-01T04:48:09.807+0000] {logging_mixin.py:190} INFO - [2025-07-01T04:48:09.806+0000] {dagbag.py:588} INFO - Filling up the DagBag from /home/airflow/.local/lib/python3.12/site-packages/airflow/example_dags/example_branch_operator_decorator.py
[2025-07-01T04:48:09.828+0000] {processor.py:925} INFO - DAG(s) 'example_branch_python_operator_decorator' retrieved from /home/airflow/.local/lib/python3.12/site-packages/airflow/example_dags/example_branch_operator_decorator.py
[2025-07-01T04:48:09.855+0000] {logging_mixin.py:190} INFO - [2025-07-01T04:48:09.855+0000] {dag.py:3239} INFO - Sync 1 DAGs
[2025-07-01T04:48:09.878+0000] {logging_mixin.py:190} INFO - [2025-07-01T04:48:09.878+0000] {dag.py:4180} INFO - Setting next_dagrun for example_branch_python_operator_decorator to 2025-06-30 00:00:00+00:00, run_after=2025-07-01 00:00:00+00:00
[2025-07-01T04:48:09.896+0000] {processor.py:208} INFO - Processing /home/airflow/.local/lib/python3.12/site-packages/airflow/example_dags/example_branch_operator_decorator.py took 0.099 seconds
[2025-07-01T04:48:40.482+0000] {processor.py:186} INFO - Started process (PID=22673) to work on /home/airflow/.local/lib/python3.12/site-packages/airflow/example_dags/example_branch_operator_decorator.py
[2025-07-01T04:48:40.484+0000] {processor.py:914} INFO - Processing file /home/airflow/.local/lib/python3.12/site-packages/airflow/example_dags/example_branch_operator_decorator.py for tasks to queue
[2025-07-01T04:48:40.487+0000] {logging_mixin.py:190} INFO - [2025-07-01T04:48:40.487+0000] {dagbag.py:588} INFO - Filling up the DagBag from /home/airflow/.local/lib/python3.12/site-packages/airflow/example_dags/example_branch_operator_decorator.py
[2025-07-01T04:48:40.513+0000] {processor.py:925} INFO - DAG(s) 'example_branch_python_operator_decorator' retrieved from /home/airflow/.local/lib/python3.12/site-packages/airflow/example_dags/example_branch_operator_decorator.py
[2025-07-01T04:48:40.544+0000] {logging_mixin.py:190} INFO - [2025-07-01T04:48:40.544+0000] {dag.py:3239} INFO - Sync 1 DAGs
[2025-07-01T04:48:40.571+0000] {logging_mixin.py:190} INFO - [2025-07-01T04:48:40.571+0000] {dag.py:4180} INFO - Setting next_dagrun for example_branch_python_operator_decorator to 2025-06-30 00:00:00+00:00, run_after=2025-07-01 00:00:00+00:00
[2025-07-01T04:48:40.593+0000] {processor.py:208} INFO - Processing /home/airflow/.local/lib/python3.12/site-packages/airflow/example_dags/example_branch_operator_decorator.py took 0.118 seconds
[2025-07-01T04:49:11.297+0000] {processor.py:186} INFO - Started process (PID=22735) to work on /home/airflow/.local/lib/python3.12/site-packages/airflow/example_dags/example_branch_operator_decorator.py
[2025-07-01T04:49:11.299+0000] {processor.py:914} INFO - Processing file /home/airflow/.local/lib/python3.12/site-packages/airflow/example_dags/example_branch_operator_decorator.py for tasks to queue
[2025-07-01T04:49:11.302+0000] {logging_mixin.py:190} INFO - [2025-07-01T04:49:11.301+0000] {dagbag.py:588} INFO - Filling up the DagBag from /home/airflow/.local/lib/python3.12/site-packages/airflow/example_dags/example_branch_operator_decorator.py
[2025-07-01T04:49:11.331+0000] {processor.py:925} INFO - DAG(s) 'example_branch_python_operator_decorator' retrieved from /home/airflow/.local/lib/python3.12/site-packages/airflow/example_dags/example_branch_operator_decorator.py
[2025-07-01T04:49:11.363+0000] {logging_mixin.py:190} INFO - [2025-07-01T04:49:11.363+0000] {dag.py:3239} INFO - Sync 1 DAGs
[2025-07-01T04:49:11.386+0000] {logging_mixin.py:190} INFO - [2025-07-01T04:49:11.386+0000] {dag.py:4180} INFO - Setting next_dagrun for example_branch_python_operator_decorator to 2025-06-30 00:00:00+00:00, run_after=2025-07-01 00:00:00+00:00
[2025-07-01T04:49:11.410+0000] {processor.py:208} INFO - Processing /home/airflow/.local/lib/python3.12/site-packages/airflow/example_dags/example_branch_operator_decorator.py took 0.119 seconds
[2025-07-01T04:49:41.976+0000] {processor.py:186} INFO - Started process (PID=22797) to work on /home/airflow/.local/lib/python3.12/site-packages/airflow/example_dags/example_branch_operator_decorator.py
[2025-07-01T04:49:41.977+0000] {processor.py:914} INFO - Processing file /home/airflow/.local/lib/python3.12/site-packages/airflow/example_dags/example_branch_operator_decorator.py for tasks to queue
[2025-07-01T04:49:41.980+0000] {logging_mixin.py:190} INFO - [2025-07-01T04:49:41.979+0000] {dagbag.py:588} INFO - Filling up the DagBag from /home/airflow/.local/lib/python3.12/site-packages/airflow/example_dags/example_branch_operator_decorator.py
[2025-07-01T04:49:42.001+0000] {processor.py:925} INFO - DAG(s) 'example_branch_python_operator_decorator' retrieved from /home/airflow/.local/lib/python3.12/site-packages/airflow/example_dags/example_branch_operator_decorator.py
[2025-07-01T04:49:42.028+0000] {logging_mixin.py:190} INFO - [2025-07-01T04:49:42.028+0000] {dag.py:3239} INFO - Sync 1 DAGs
[2025-07-01T04:49:42.052+0000] {logging_mixin.py:190} INFO - [2025-07-01T04:49:42.052+0000] {dag.py:4180} INFO - Setting next_dagrun for example_branch_python_operator_decorator to 2025-06-30 00:00:00+00:00, run_after=2025-07-01 00:00:00+00:00
[2025-07-01T04:49:42.071+0000] {processor.py:208} INFO - Processing /home/airflow/.local/lib/python3.12/site-packages/airflow/example_dags/example_branch_operator_decorator.py took 0.101 seconds
[2025-07-01T04:50:12.693+0000] {processor.py:186} INFO - Started process (PID=22859) to work on /home/airflow/.local/lib/python3.12/site-packages/airflow/example_dags/example_branch_operator_decorator.py
[2025-07-01T04:50:12.694+0000] {processor.py:914} INFO - Processing file /home/airflow/.local/lib/python3.12/site-packages/airflow/example_dags/example_branch_operator_decorator.py for tasks to queue
[2025-07-01T04:50:12.697+0000] {logging_mixin.py:190} INFO - [2025-07-01T04:50:12.696+0000] {dagbag.py:588} INFO - Filling up the DagBag from /home/airflow/.local/lib/python3.12/site-packages/airflow/example_dags/example_branch_operator_decorator.py
[2025-07-01T04:50:12.717+0000] {processor.py:925} INFO - DAG(s) 'example_branch_python_operator_decorator' retrieved from /home/airflow/.local/lib/python3.12/site-packages/airflow/example_dags/example_branch_operator_decorator.py
[2025-07-01T04:50:12.744+0000] {logging_mixin.py:190} INFO - [2025-07-01T04:50:12.744+0000] {dag.py:3239} INFO - Sync 1 DAGs
[2025-07-01T04:50:12.770+0000] {logging_mixin.py:190} INFO - [2025-07-01T04:50:12.770+0000] {dag.py:4180} INFO - Setting next_dagrun for example_branch_python_operator_decorator to 2025-06-30 00:00:00+00:00, run_after=2025-07-01 00:00:00+00:00
[2025-07-01T04:50:12.787+0000] {processor.py:208} INFO - Processing /home/airflow/.local/lib/python3.12/site-packages/airflow/example_dags/example_branch_operator_decorator.py took 0.100 seconds
[2025-07-01T04:50:43.427+0000] {processor.py:186} INFO - Started process (PID=22921) to work on /home/airflow/.local/lib/python3.12/site-packages/airflow/example_dags/example_branch_operator_decorator.py
[2025-07-01T04:50:43.429+0000] {processor.py:914} INFO - Processing file /home/airflow/.local/lib/python3.12/site-packages/airflow/example_dags/example_branch_operator_decorator.py for tasks to queue
[2025-07-01T04:50:43.432+0000] {logging_mixin.py:190} INFO - [2025-07-01T04:50:43.431+0000] {dagbag.py:588} INFO - Filling up the DagBag from /home/airflow/.local/lib/python3.12/site-packages/airflow/example_dags/example_branch_operator_decorator.py
[2025-07-01T04:50:43.457+0000] {processor.py:925} INFO - DAG(s) 'example_branch_python_operator_decorator' retrieved from /home/airflow/.local/lib/python3.12/site-packages/airflow/example_dags/example_branch_operator_decorator.py
[2025-07-01T04:50:43.486+0000] {logging_mixin.py:190} INFO - [2025-07-01T04:50:43.486+0000] {dag.py:3239} INFO - Sync 1 DAGs
[2025-07-01T04:50:43.512+0000] {logging_mixin.py:190} INFO - [2025-07-01T04:50:43.512+0000] {dag.py:4180} INFO - Setting next_dagrun for example_branch_python_operator_decorator to 2025-06-30 00:00:00+00:00, run_after=2025-07-01 00:00:00+00:00
[2025-07-01T04:50:43.531+0000] {processor.py:208} INFO - Processing /home/airflow/.local/lib/python3.12/site-packages/airflow/example_dags/example_branch_operator_decorator.py took 0.110 seconds
[2025-07-01T04:51:14.313+0000] {processor.py:186} INFO - Started process (PID=22983) to work on /home/airflow/.local/lib/python3.12/site-packages/airflow/example_dags/example_branch_operator_decorator.py
[2025-07-01T04:51:14.314+0000] {processor.py:914} INFO - Processing file /home/airflow/.local/lib/python3.12/site-packages/airflow/example_dags/example_branch_operator_decorator.py for tasks to queue
[2025-07-01T04:51:14.317+0000] {logging_mixin.py:190} INFO - [2025-07-01T04:51:14.316+0000] {dagbag.py:588} INFO - Filling up the DagBag from /home/airflow/.local/lib/python3.12/site-packages/airflow/example_dags/example_branch_operator_decorator.py
[2025-07-01T04:51:14.337+0000] {processor.py:925} INFO - DAG(s) 'example_branch_python_operator_decorator' retrieved from /home/airflow/.local/lib/python3.12/site-packages/airflow/example_dags/example_branch_operator_decorator.py
[2025-07-01T04:51:14.363+0000] {logging_mixin.py:190} INFO - [2025-07-01T04:51:14.363+0000] {dag.py:3239} INFO - Sync 1 DAGs
[2025-07-01T04:51:14.388+0000] {logging_mixin.py:190} INFO - [2025-07-01T04:51:14.387+0000] {dag.py:4180} INFO - Setting next_dagrun for example_branch_python_operator_decorator to 2025-06-30 00:00:00+00:00, run_after=2025-07-01 00:00:00+00:00
[2025-07-01T04:51:14.405+0000] {processor.py:208} INFO - Processing /home/airflow/.local/lib/python3.12/site-packages/airflow/example_dags/example_branch_operator_decorator.py took 0.098 seconds
[2025-07-01T04:51:45.043+0000] {processor.py:186} INFO - Started process (PID=23045) to work on /home/airflow/.local/lib/python3.12/site-packages/airflow/example_dags/example_branch_operator_decorator.py
[2025-07-01T04:51:45.044+0000] {processor.py:914} INFO - Processing file /home/airflow/.local/lib/python3.12/site-packages/airflow/example_dags/example_branch_operator_decorator.py for tasks to queue
[2025-07-01T04:51:45.047+0000] {logging_mixin.py:190} INFO - [2025-07-01T04:51:45.047+0000] {dagbag.py:588} INFO - Filling up the DagBag from /home/airflow/.local/lib/python3.12/site-packages/airflow/example_dags/example_branch_operator_decorator.py
[2025-07-01T04:51:45.067+0000] {processor.py:925} INFO - DAG(s) 'example_branch_python_operator_decorator' retrieved from /home/airflow/.local/lib/python3.12/site-packages/airflow/example_dags/example_branch_operator_decorator.py
[2025-07-01T04:51:45.092+0000] {logging_mixin.py:190} INFO - [2025-07-01T04:51:45.092+0000] {dag.py:3239} INFO - Sync 1 DAGs
[2025-07-01T04:51:45.115+0000] {logging_mixin.py:190} INFO - [2025-07-01T04:51:45.114+0000] {dag.py:4180} INFO - Setting next_dagrun for example_branch_python_operator_decorator to 2025-06-30 00:00:00+00:00, run_after=2025-07-01 00:00:00+00:00
[2025-07-01T04:51:45.133+0000] {processor.py:208} INFO - Processing /home/airflow/.local/lib/python3.12/site-packages/airflow/example_dags/example_branch_operator_decorator.py took 0.097 seconds
[2025-07-01T04:52:15.888+0000] {processor.py:186} INFO - Started process (PID=23107) to work on /home/airflow/.local/lib/python3.12/site-packages/airflow/example_dags/example_branch_operator_decorator.py
[2025-07-01T04:52:15.889+0000] {processor.py:914} INFO - Processing file /home/airflow/.local/lib/python3.12/site-packages/airflow/example_dags/example_branch_operator_decorator.py for tasks to queue
[2025-07-01T04:52:15.892+0000] {logging_mixin.py:190} INFO - [2025-07-01T04:52:15.891+0000] {dagbag.py:588} INFO - Filling up the DagBag from /home/airflow/.local/lib/python3.12/site-packages/airflow/example_dags/example_branch_operator_decorator.py
[2025-07-01T04:52:15.912+0000] {processor.py:925} INFO - DAG(s) 'example_branch_python_operator_decorator' retrieved from /home/airflow/.local/lib/python3.12/site-packages/airflow/example_dags/example_branch_operator_decorator.py
[2025-07-01T04:52:15.941+0000] {logging_mixin.py:190} INFO - [2025-07-01T04:52:15.941+0000] {dag.py:3239} INFO - Sync 1 DAGs
[2025-07-01T04:52:15.964+0000] {logging_mixin.py:190} INFO - [2025-07-01T04:52:15.964+0000] {dag.py:4180} INFO - Setting next_dagrun for example_branch_python_operator_decorator to 2025-06-30 00:00:00+00:00, run_after=2025-07-01 00:00:00+00:00
[2025-07-01T04:52:15.984+0000] {processor.py:208} INFO - Processing /home/airflow/.local/lib/python3.12/site-packages/airflow/example_dags/example_branch_operator_decorator.py took 0.104 seconds
[2025-07-01T04:52:46.339+0000] {processor.py:186} INFO - Started process (PID=23169) to work on /home/airflow/.local/lib/python3.12/site-packages/airflow/example_dags/example_branch_operator_decorator.py
[2025-07-01T04:52:46.340+0000] {processor.py:914} INFO - Processing file /home/airflow/.local/lib/python3.12/site-packages/airflow/example_dags/example_branch_operator_decorator.py for tasks to queue
[2025-07-01T04:52:46.343+0000] {logging_mixin.py:190} INFO - [2025-07-01T04:52:46.342+0000] {dagbag.py:588} INFO - Filling up the DagBag from /home/airflow/.local/lib/python3.12/site-packages/airflow/example_dags/example_branch_operator_decorator.py
[2025-07-01T04:52:46.363+0000] {processor.py:925} INFO - DAG(s) 'example_branch_python_operator_decorator' retrieved from /home/airflow/.local/lib/python3.12/site-packages/airflow/example_dags/example_branch_operator_decorator.py
[2025-07-01T04:52:46.389+0000] {logging_mixin.py:190} INFO - [2025-07-01T04:52:46.389+0000] {dag.py:3239} INFO - Sync 1 DAGs
[2025-07-01T04:52:46.415+0000] {logging_mixin.py:190} INFO - [2025-07-01T04:52:46.415+0000] {dag.py:4180} INFO - Setting next_dagrun for example_branch_python_operator_decorator to 2025-06-30 00:00:00+00:00, run_after=2025-07-01 00:00:00+00:00
[2025-07-01T04:52:46.435+0000] {processor.py:208} INFO - Processing /home/airflow/.local/lib/python3.12/site-packages/airflow/example_dags/example_branch_operator_decorator.py took 0.102 seconds
[2025-07-01T04:53:16.836+0000] {processor.py:186} INFO - Started process (PID=23231) to work on /home/airflow/.local/lib/python3.12/site-packages/airflow/example_dags/example_branch_operator_decorator.py
[2025-07-01T04:53:16.837+0000] {processor.py:914} INFO - Processing file /home/airflow/.local/lib/python3.12/site-packages/airflow/example_dags/example_branch_operator_decorator.py for tasks to queue
[2025-07-01T04:53:16.841+0000] {logging_mixin.py:190} INFO - [2025-07-01T04:53:16.840+0000] {dagbag.py:588} INFO - Filling up the DagBag from /home/airflow/.local/lib/python3.12/site-packages/airflow/example_dags/example_branch_operator_decorator.py
[2025-07-01T04:53:16.860+0000] {processor.py:925} INFO - DAG(s) 'example_branch_python_operator_decorator' retrieved from /home/airflow/.local/lib/python3.12/site-packages/airflow/example_dags/example_branch_operator_decorator.py
[2025-07-01T04:53:16.889+0000] {logging_mixin.py:190} INFO - [2025-07-01T04:53:16.888+0000] {dag.py:3239} INFO - Sync 1 DAGs
[2025-07-01T04:53:16.911+0000] {logging_mixin.py:190} INFO - [2025-07-01T04:53:16.911+0000] {dag.py:4180} INFO - Setting next_dagrun for example_branch_python_operator_decorator to 2025-06-30 00:00:00+00:00, run_after=2025-07-01 00:00:00+00:00
[2025-07-01T04:53:16.930+0000] {processor.py:208} INFO - Processing /home/airflow/.local/lib/python3.12/site-packages/airflow/example_dags/example_branch_operator_decorator.py took 0.100 seconds
[2025-07-01T04:53:47.024+0000] {processor.py:186} INFO - Started process (PID=23293) to work on /home/airflow/.local/lib/python3.12/site-packages/airflow/example_dags/example_branch_operator_decorator.py
[2025-07-01T04:53:47.026+0000] {processor.py:914} INFO - Processing file /home/airflow/.local/lib/python3.12/site-packages/airflow/example_dags/example_branch_operator_decorator.py for tasks to queue
[2025-07-01T04:53:47.028+0000] {logging_mixin.py:190} INFO - [2025-07-01T04:53:47.028+0000] {dagbag.py:588} INFO - Filling up the DagBag from /home/airflow/.local/lib/python3.12/site-packages/airflow/example_dags/example_branch_operator_decorator.py
[2025-07-01T04:53:47.051+0000] {processor.py:925} INFO - DAG(s) 'example_branch_python_operator_decorator' retrieved from /home/airflow/.local/lib/python3.12/site-packages/airflow/example_dags/example_branch_operator_decorator.py
[2025-07-01T04:53:47.078+0000] {logging_mixin.py:190} INFO - [2025-07-01T04:53:47.077+0000] {dag.py:3239} INFO - Sync 1 DAGs
[2025-07-01T04:53:47.100+0000] {logging_mixin.py:190} INFO - [2025-07-01T04:53:47.099+0000] {dag.py:4180} INFO - Setting next_dagrun for example_branch_python_operator_decorator to 2025-06-30 00:00:00+00:00, run_after=2025-07-01 00:00:00+00:00
[2025-07-01T04:53:47.116+0000] {processor.py:208} INFO - Processing /home/airflow/.local/lib/python3.12/site-packages/airflow/example_dags/example_branch_operator_decorator.py took 0.098 seconds
[2025-07-01T04:54:17.745+0000] {processor.py:186} INFO - Started process (PID=23355) to work on /home/airflow/.local/lib/python3.12/site-packages/airflow/example_dags/example_branch_operator_decorator.py
[2025-07-01T04:54:17.746+0000] {processor.py:914} INFO - Processing file /home/airflow/.local/lib/python3.12/site-packages/airflow/example_dags/example_branch_operator_decorator.py for tasks to queue
[2025-07-01T04:54:17.750+0000] {logging_mixin.py:190} INFO - [2025-07-01T04:54:17.750+0000] {dagbag.py:588} INFO - Filling up the DagBag from /home/airflow/.local/lib/python3.12/site-packages/airflow/example_dags/example_branch_operator_decorator.py
[2025-07-01T04:54:17.771+0000] {processor.py:925} INFO - DAG(s) 'example_branch_python_operator_decorator' retrieved from /home/airflow/.local/lib/python3.12/site-packages/airflow/example_dags/example_branch_operator_decorator.py
[2025-07-01T04:54:17.797+0000] {logging_mixin.py:190} INFO - [2025-07-01T04:54:17.797+0000] {dag.py:3239} INFO - Sync 1 DAGs
[2025-07-01T04:54:17.819+0000] {logging_mixin.py:190} INFO - [2025-07-01T04:54:17.818+0000] {dag.py:4180} INFO - Setting next_dagrun for example_branch_python_operator_decorator to 2025-06-30 00:00:00+00:00, run_after=2025-07-01 00:00:00+00:00
[2025-07-01T04:54:17.836+0000] {processor.py:208} INFO - Processing /home/airflow/.local/lib/python3.12/site-packages/airflow/example_dags/example_branch_operator_decorator.py took 0.097 seconds
[2025-07-01T04:54:48.623+0000] {processor.py:186} INFO - Started process (PID=23418) to work on /home/airflow/.local/lib/python3.12/site-packages/airflow/example_dags/example_branch_operator_decorator.py
[2025-07-01T04:54:48.624+0000] {processor.py:914} INFO - Processing file /home/airflow/.local/lib/python3.12/site-packages/airflow/example_dags/example_branch_operator_decorator.py for tasks to queue
[2025-07-01T04:54:48.627+0000] {logging_mixin.py:190} INFO - [2025-07-01T04:54:48.626+0000] {dagbag.py:588} INFO - Filling up the DagBag from /home/airflow/.local/lib/python3.12/site-packages/airflow/example_dags/example_branch_operator_decorator.py
[2025-07-01T04:54:48.648+0000] {processor.py:925} INFO - DAG(s) 'example_branch_python_operator_decorator' retrieved from /home/airflow/.local/lib/python3.12/site-packages/airflow/example_dags/example_branch_operator_decorator.py
[2025-07-01T04:54:48.674+0000] {logging_mixin.py:190} INFO - [2025-07-01T04:54:48.673+0000] {dag.py:3239} INFO - Sync 1 DAGs
[2025-07-01T04:54:48.696+0000] {logging_mixin.py:190} INFO - [2025-07-01T04:54:48.696+0000] {dag.py:4180} INFO - Setting next_dagrun for example_branch_python_operator_decorator to 2025-06-30 00:00:00+00:00, run_after=2025-07-01 00:00:00+00:00
[2025-07-01T04:54:48.714+0000] {processor.py:208} INFO - Processing /home/airflow/.local/lib/python3.12/site-packages/airflow/example_dags/example_branch_operator_decorator.py took 0.098 seconds
[2025-07-01T04:55:19.467+0000] {processor.py:186} INFO - Started process (PID=23480) to work on /home/airflow/.local/lib/python3.12/site-packages/airflow/example_dags/example_branch_operator_decorator.py
[2025-07-01T04:55:19.468+0000] {processor.py:914} INFO - Processing file /home/airflow/.local/lib/python3.12/site-packages/airflow/example_dags/example_branch_operator_decorator.py for tasks to queue
[2025-07-01T04:55:19.471+0000] {logging_mixin.py:190} INFO - [2025-07-01T04:55:19.471+0000] {dagbag.py:588} INFO - Filling up the DagBag from /home/airflow/.local/lib/python3.12/site-packages/airflow/example_dags/example_branch_operator_decorator.py
[2025-07-01T04:55:19.493+0000] {processor.py:925} INFO - DAG(s) 'example_branch_python_operator_decorator' retrieved from /home/airflow/.local/lib/python3.12/site-packages/airflow/example_dags/example_branch_operator_decorator.py
[2025-07-01T04:55:19.519+0000] {logging_mixin.py:190} INFO - [2025-07-01T04:55:19.519+0000] {dag.py:3239} INFO - Sync 1 DAGs
[2025-07-01T04:55:19.542+0000] {logging_mixin.py:190} INFO - [2025-07-01T04:55:19.542+0000] {dag.py:4180} INFO - Setting next_dagrun for example_branch_python_operator_decorator to 2025-06-30 00:00:00+00:00, run_after=2025-07-01 00:00:00+00:00
[2025-07-01T04:55:19.559+0000] {processor.py:208} INFO - Processing /home/airflow/.local/lib/python3.12/site-packages/airflow/example_dags/example_branch_operator_decorator.py took 0.098 seconds
[2025-07-01T04:55:50.108+0000] {processor.py:186} INFO - Started process (PID=23542) to work on /home/airflow/.local/lib/python3.12/site-packages/airflow/example_dags/example_branch_operator_decorator.py
[2025-07-01T04:55:50.109+0000] {processor.py:914} INFO - Processing file /home/airflow/.local/lib/python3.12/site-packages/airflow/example_dags/example_branch_operator_decorator.py for tasks to queue
[2025-07-01T04:55:50.112+0000] {logging_mixin.py:190} INFO - [2025-07-01T04:55:50.112+0000] {dagbag.py:588} INFO - Filling up the DagBag from /home/airflow/.local/lib/python3.12/site-packages/airflow/example_dags/example_branch_operator_decorator.py
[2025-07-01T04:55:50.132+0000] {processor.py:925} INFO - DAG(s) 'example_branch_python_operator_decorator' retrieved from /home/airflow/.local/lib/python3.12/site-packages/airflow/example_dags/example_branch_operator_decorator.py
[2025-07-01T04:55:50.158+0000] {logging_mixin.py:190} INFO - [2025-07-01T04:55:50.158+0000] {dag.py:3239} INFO - Sync 1 DAGs
[2025-07-01T04:55:50.182+0000] {logging_mixin.py:190} INFO - [2025-07-01T04:55:50.181+0000] {dag.py:4180} INFO - Setting next_dagrun for example_branch_python_operator_decorator to 2025-06-30 00:00:00+00:00, run_after=2025-07-01 00:00:00+00:00
[2025-07-01T04:55:50.199+0000] {processor.py:208} INFO - Processing /home/airflow/.local/lib/python3.12/site-packages/airflow/example_dags/example_branch_operator_decorator.py took 0.097 seconds
[2025-07-01T04:56:20.626+0000] {processor.py:186} INFO - Started process (PID=23604) to work on /home/airflow/.local/lib/python3.12/site-packages/airflow/example_dags/example_branch_operator_decorator.py
[2025-07-01T04:56:20.627+0000] {processor.py:914} INFO - Processing file /home/airflow/.local/lib/python3.12/site-packages/airflow/example_dags/example_branch_operator_decorator.py for tasks to queue
[2025-07-01T04:56:20.630+0000] {logging_mixin.py:190} INFO - [2025-07-01T04:56:20.629+0000] {dagbag.py:588} INFO - Filling up the DagBag from /home/airflow/.local/lib/python3.12/site-packages/airflow/example_dags/example_branch_operator_decorator.py
[2025-07-01T04:56:20.650+0000] {processor.py:925} INFO - DAG(s) 'example_branch_python_operator_decorator' retrieved from /home/airflow/.local/lib/python3.12/site-packages/airflow/example_dags/example_branch_operator_decorator.py
[2025-07-01T04:56:20.676+0000] {logging_mixin.py:190} INFO - [2025-07-01T04:56:20.675+0000] {dag.py:3239} INFO - Sync 1 DAGs
[2025-07-01T04:56:20.698+0000] {logging_mixin.py:190} INFO - [2025-07-01T04:56:20.698+0000] {dag.py:4180} INFO - Setting next_dagrun for example_branch_python_operator_decorator to 2025-06-30 00:00:00+00:00, run_after=2025-07-01 00:00:00+00:00
[2025-07-01T04:56:20.716+0000] {processor.py:208} INFO - Processing /home/airflow/.local/lib/python3.12/site-packages/airflow/example_dags/example_branch_operator_decorator.py took 0.096 seconds
[2025-07-01T04:56:51.242+0000] {processor.py:186} INFO - Started process (PID=23666) to work on /home/airflow/.local/lib/python3.12/site-packages/airflow/example_dags/example_branch_operator_decorator.py
[2025-07-01T04:56:51.243+0000] {processor.py:914} INFO - Processing file /home/airflow/.local/lib/python3.12/site-packages/airflow/example_dags/example_branch_operator_decorator.py for tasks to queue
[2025-07-01T04:56:51.245+0000] {logging_mixin.py:190} INFO - [2025-07-01T04:56:51.245+0000] {dagbag.py:588} INFO - Filling up the DagBag from /home/airflow/.local/lib/python3.12/site-packages/airflow/example_dags/example_branch_operator_decorator.py
[2025-07-01T04:56:51.266+0000] {processor.py:925} INFO - DAG(s) 'example_branch_python_operator_decorator' retrieved from /home/airflow/.local/lib/python3.12/site-packages/airflow/example_dags/example_branch_operator_decorator.py
[2025-07-01T04:56:51.292+0000] {logging_mixin.py:190} INFO - [2025-07-01T04:56:51.292+0000] {dag.py:3239} INFO - Sync 1 DAGs
[2025-07-01T04:56:51.315+0000] {logging_mixin.py:190} INFO - [2025-07-01T04:56:51.315+0000] {dag.py:4180} INFO - Setting next_dagrun for example_branch_python_operator_decorator to 2025-06-30 00:00:00+00:00, run_after=2025-07-01 00:00:00+00:00
[2025-07-01T04:56:51.334+0000] {processor.py:208} INFO - Processing /home/airflow/.local/lib/python3.12/site-packages/airflow/example_dags/example_branch_operator_decorator.py took 0.097 seconds
[2025-07-01T04:57:21.931+0000] {processor.py:186} INFO - Started process (PID=23728) to work on /home/airflow/.local/lib/python3.12/site-packages/airflow/example_dags/example_branch_operator_decorator.py
[2025-07-01T04:57:21.932+0000] {processor.py:914} INFO - Processing file /home/airflow/.local/lib/python3.12/site-packages/airflow/example_dags/example_branch_operator_decorator.py for tasks to queue
[2025-07-01T04:57:21.935+0000] {logging_mixin.py:190} INFO - [2025-07-01T04:57:21.934+0000] {dagbag.py:588} INFO - Filling up the DagBag from /home/airflow/.local/lib/python3.12/site-packages/airflow/example_dags/example_branch_operator_decorator.py
[2025-07-01T04:57:21.955+0000] {processor.py:925} INFO - DAG(s) 'example_branch_python_operator_decorator' retrieved from /home/airflow/.local/lib/python3.12/site-packages/airflow/example_dags/example_branch_operator_decorator.py
[2025-07-01T04:57:21.982+0000] {logging_mixin.py:190} INFO - [2025-07-01T04:57:21.982+0000] {dag.py:3239} INFO - Sync 1 DAGs
[2025-07-01T04:57:22.005+0000] {logging_mixin.py:190} INFO - [2025-07-01T04:57:22.004+0000] {dag.py:4180} INFO - Setting next_dagrun for example_branch_python_operator_decorator to 2025-06-30 00:00:00+00:00, run_after=2025-07-01 00:00:00+00:00
[2025-07-01T04:57:22.024+0000] {processor.py:208} INFO - Processing /home/airflow/.local/lib/python3.12/site-packages/airflow/example_dags/example_branch_operator_decorator.py took 0.099 seconds
[2025-07-01T04:57:52.635+0000] {processor.py:186} INFO - Started process (PID=23790) to work on /home/airflow/.local/lib/python3.12/site-packages/airflow/example_dags/example_branch_operator_decorator.py
[2025-07-01T04:57:52.636+0000] {processor.py:914} INFO - Processing file /home/airflow/.local/lib/python3.12/site-packages/airflow/example_dags/example_branch_operator_decorator.py for tasks to queue
[2025-07-01T04:57:52.639+0000] {logging_mixin.py:190} INFO - [2025-07-01T04:57:52.639+0000] {dagbag.py:588} INFO - Filling up the DagBag from /home/airflow/.local/lib/python3.12/site-packages/airflow/example_dags/example_branch_operator_decorator.py
[2025-07-01T04:57:52.660+0000] {processor.py:925} INFO - DAG(s) 'example_branch_python_operator_decorator' retrieved from /home/airflow/.local/lib/python3.12/site-packages/airflow/example_dags/example_branch_operator_decorator.py
[2025-07-01T04:57:52.687+0000] {logging_mixin.py:190} INFO - [2025-07-01T04:57:52.687+0000] {dag.py:3239} INFO - Sync 1 DAGs
[2025-07-01T04:57:52.713+0000] {logging_mixin.py:190} INFO - [2025-07-01T04:57:52.713+0000] {dag.py:4180} INFO - Setting next_dagrun for example_branch_python_operator_decorator to 2025-06-30 00:00:00+00:00, run_after=2025-07-01 00:00:00+00:00
[2025-07-01T04:57:52.738+0000] {processor.py:208} INFO - Processing /home/airflow/.local/lib/python3.12/site-packages/airflow/example_dags/example_branch_operator_decorator.py took 0.109 seconds
[2025-07-01T04:58:23.315+0000] {processor.py:186} INFO - Started process (PID=23852) to work on /home/airflow/.local/lib/python3.12/site-packages/airflow/example_dags/example_branch_operator_decorator.py
[2025-07-01T04:58:23.317+0000] {processor.py:914} INFO - Processing file /home/airflow/.local/lib/python3.12/site-packages/airflow/example_dags/example_branch_operator_decorator.py for tasks to queue
[2025-07-01T04:58:23.319+0000] {logging_mixin.py:190} INFO - [2025-07-01T04:58:23.319+0000] {dagbag.py:588} INFO - Filling up the DagBag from /home/airflow/.local/lib/python3.12/site-packages/airflow/example_dags/example_branch_operator_decorator.py
[2025-07-01T04:58:23.340+0000] {processor.py:925} INFO - DAG(s) 'example_branch_python_operator_decorator' retrieved from /home/airflow/.local/lib/python3.12/site-packages/airflow/example_dags/example_branch_operator_decorator.py
[2025-07-01T04:58:23.366+0000] {logging_mixin.py:190} INFO - [2025-07-01T04:58:23.366+0000] {dag.py:3239} INFO - Sync 1 DAGs
[2025-07-01T04:58:23.390+0000] {logging_mixin.py:190} INFO - [2025-07-01T04:58:23.390+0000] {dag.py:4180} INFO - Setting next_dagrun for example_branch_python_operator_decorator to 2025-06-30 00:00:00+00:00, run_after=2025-07-01 00:00:00+00:00
[2025-07-01T04:58:23.408+0000] {processor.py:208} INFO - Processing /home/airflow/.local/lib/python3.12/site-packages/airflow/example_dags/example_branch_operator_decorator.py took 0.099 seconds
[2025-07-01T04:58:53.990+0000] {processor.py:186} INFO - Started process (PID=23914) to work on /home/airflow/.local/lib/python3.12/site-packages/airflow/example_dags/example_branch_operator_decorator.py
[2025-07-01T04:58:53.991+0000] {processor.py:914} INFO - Processing file /home/airflow/.local/lib/python3.12/site-packages/airflow/example_dags/example_branch_operator_decorator.py for tasks to queue
[2025-07-01T04:58:53.994+0000] {logging_mixin.py:190} INFO - [2025-07-01T04:58:53.994+0000] {dagbag.py:588} INFO - Filling up the DagBag from /home/airflow/.local/lib/python3.12/site-packages/airflow/example_dags/example_branch_operator_decorator.py
[2025-07-01T04:58:54.015+0000] {processor.py:925} INFO - DAG(s) 'example_branch_python_operator_decorator' retrieved from /home/airflow/.local/lib/python3.12/site-packages/airflow/example_dags/example_branch_operator_decorator.py
[2025-07-01T04:58:54.039+0000] {logging_mixin.py:190} INFO - [2025-07-01T04:58:54.038+0000] {dag.py:3239} INFO - Sync 1 DAGs
[2025-07-01T04:58:54.061+0000] {logging_mixin.py:190} INFO - [2025-07-01T04:58:54.060+0000] {dag.py:4180} INFO - Setting next_dagrun for example_branch_python_operator_decorator to 2025-06-30 00:00:00+00:00, run_after=2025-07-01 00:00:00+00:00
[2025-07-01T04:58:54.078+0000] {processor.py:208} INFO - Processing /home/airflow/.local/lib/python3.12/site-packages/airflow/example_dags/example_branch_operator_decorator.py took 0.096 seconds
[2025-07-01T04:59:24.797+0000] {processor.py:186} INFO - Started process (PID=23976) to work on /home/airflow/.local/lib/python3.12/site-packages/airflow/example_dags/example_branch_operator_decorator.py
[2025-07-01T04:59:24.798+0000] {processor.py:914} INFO - Processing file /home/airflow/.local/lib/python3.12/site-packages/airflow/example_dags/example_branch_operator_decorator.py for tasks to queue
[2025-07-01T04:59:24.800+0000] {logging_mixin.py:190} INFO - [2025-07-01T04:59:24.800+0000] {dagbag.py:588} INFO - Filling up the DagBag from /home/airflow/.local/lib/python3.12/site-packages/airflow/example_dags/example_branch_operator_decorator.py
[2025-07-01T04:59:24.821+0000] {processor.py:925} INFO - DAG(s) 'example_branch_python_operator_decorator' retrieved from /home/airflow/.local/lib/python3.12/site-packages/airflow/example_dags/example_branch_operator_decorator.py
[2025-07-01T04:59:24.848+0000] {logging_mixin.py:190} INFO - [2025-07-01T04:59:24.847+0000] {dag.py:3239} INFO - Sync 1 DAGs
[2025-07-01T04:59:24.870+0000] {logging_mixin.py:190} INFO - [2025-07-01T04:59:24.869+0000] {dag.py:4180} INFO - Setting next_dagrun for example_branch_python_operator_decorator to 2025-06-30 00:00:00+00:00, run_after=2025-07-01 00:00:00+00:00
[2025-07-01T04:59:24.887+0000] {processor.py:208} INFO - Processing /home/airflow/.local/lib/python3.12/site-packages/airflow/example_dags/example_branch_operator_decorator.py took 0.096 seconds
[2025-07-01T04:59:55.428+0000] {processor.py:186} INFO - Started process (PID=24038) to work on /home/airflow/.local/lib/python3.12/site-packages/airflow/example_dags/example_branch_operator_decorator.py
[2025-07-01T04:59:55.430+0000] {processor.py:914} INFO - Processing file /home/airflow/.local/lib/python3.12/site-packages/airflow/example_dags/example_branch_operator_decorator.py for tasks to queue
[2025-07-01T04:59:55.432+0000] {logging_mixin.py:190} INFO - [2025-07-01T04:59:55.432+0000] {dagbag.py:588} INFO - Filling up the DagBag from /home/airflow/.local/lib/python3.12/site-packages/airflow/example_dags/example_branch_operator_decorator.py
[2025-07-01T04:59:55.453+0000] {processor.py:925} INFO - DAG(s) 'example_branch_python_operator_decorator' retrieved from /home/airflow/.local/lib/python3.12/site-packages/airflow/example_dags/example_branch_operator_decorator.py
[2025-07-01T04:59:55.479+0000] {logging_mixin.py:190} INFO - [2025-07-01T04:59:55.479+0000] {dag.py:3239} INFO - Sync 1 DAGs
[2025-07-01T04:59:55.502+0000] {logging_mixin.py:190} INFO - [2025-07-01T04:59:55.501+0000] {dag.py:4180} INFO - Setting next_dagrun for example_branch_python_operator_decorator to 2025-06-30 00:00:00+00:00, run_after=2025-07-01 00:00:00+00:00
[2025-07-01T04:59:55.521+0000] {processor.py:208} INFO - Processing /home/airflow/.local/lib/python3.12/site-packages/airflow/example_dags/example_branch_operator_decorator.py took 0.099 seconds
[2025-07-01T05:00:26.175+0000] {processor.py:186} INFO - Started process (PID=24100) to work on /home/airflow/.local/lib/python3.12/site-packages/airflow/example_dags/example_branch_operator_decorator.py
[2025-07-01T05:00:26.177+0000] {processor.py:914} INFO - Processing file /home/airflow/.local/lib/python3.12/site-packages/airflow/example_dags/example_branch_operator_decorator.py for tasks to queue
[2025-07-01T05:00:26.179+0000] {logging_mixin.py:190} INFO - [2025-07-01T05:00:26.179+0000] {dagbag.py:588} INFO - Filling up the DagBag from /home/airflow/.local/lib/python3.12/site-packages/airflow/example_dags/example_branch_operator_decorator.py
[2025-07-01T05:00:26.203+0000] {processor.py:925} INFO - DAG(s) 'example_branch_python_operator_decorator' retrieved from /home/airflow/.local/lib/python3.12/site-packages/airflow/example_dags/example_branch_operator_decorator.py
[2025-07-01T05:00:26.230+0000] {logging_mixin.py:190} INFO - [2025-07-01T05:00:26.230+0000] {dag.py:3239} INFO - Sync 1 DAGs
[2025-07-01T05:00:26.254+0000] {logging_mixin.py:190} INFO - [2025-07-01T05:00:26.254+0000] {dag.py:4180} INFO - Setting next_dagrun for example_branch_python_operator_decorator to 2025-06-30 00:00:00+00:00, run_after=2025-07-01 00:00:00+00:00
[2025-07-01T05:00:26.273+0000] {processor.py:208} INFO - Processing /home/airflow/.local/lib/python3.12/site-packages/airflow/example_dags/example_branch_operator_decorator.py took 0.103 seconds
[2025-07-01T05:00:56.457+0000] {processor.py:186} INFO - Started process (PID=24162) to work on /home/airflow/.local/lib/python3.12/site-packages/airflow/example_dags/example_branch_operator_decorator.py
[2025-07-01T05:00:56.459+0000] {processor.py:914} INFO - Processing file /home/airflow/.local/lib/python3.12/site-packages/airflow/example_dags/example_branch_operator_decorator.py for tasks to queue
[2025-07-01T05:00:56.462+0000] {logging_mixin.py:190} INFO - [2025-07-01T05:00:56.462+0000] {dagbag.py:588} INFO - Filling up the DagBag from /home/airflow/.local/lib/python3.12/site-packages/airflow/example_dags/example_branch_operator_decorator.py
[2025-07-01T05:00:56.495+0000] {processor.py:925} INFO - DAG(s) 'example_branch_python_operator_decorator' retrieved from /home/airflow/.local/lib/python3.12/site-packages/airflow/example_dags/example_branch_operator_decorator.py
[2025-07-01T05:00:56.532+0000] {logging_mixin.py:190} INFO - [2025-07-01T05:00:56.531+0000] {dag.py:3239} INFO - Sync 1 DAGs
[2025-07-01T05:00:56.561+0000] {logging_mixin.py:190} INFO - [2025-07-01T05:00:56.560+0000] {dag.py:4180} INFO - Setting next_dagrun for example_branch_python_operator_decorator to 2025-06-30 00:00:00+00:00, run_after=2025-07-01 00:00:00+00:00
[2025-07-01T05:00:56.578+0000] {processor.py:208} INFO - Processing /home/airflow/.local/lib/python3.12/site-packages/airflow/example_dags/example_branch_operator_decorator.py took 0.129 seconds
[2025-07-01T05:01:26.655+0000] {processor.py:186} INFO - Started process (PID=24224) to work on /home/airflow/.local/lib/python3.12/site-packages/airflow/example_dags/example_branch_operator_decorator.py
[2025-07-01T05:01:26.656+0000] {processor.py:914} INFO - Processing file /home/airflow/.local/lib/python3.12/site-packages/airflow/example_dags/example_branch_operator_decorator.py for tasks to queue
[2025-07-01T05:01:26.658+0000] {logging_mixin.py:190} INFO - [2025-07-01T05:01:26.658+0000] {dagbag.py:588} INFO - Filling up the DagBag from /home/airflow/.local/lib/python3.12/site-packages/airflow/example_dags/example_branch_operator_decorator.py
[2025-07-01T05:01:26.679+0000] {processor.py:925} INFO - DAG(s) 'example_branch_python_operator_decorator' retrieved from /home/airflow/.local/lib/python3.12/site-packages/airflow/example_dags/example_branch_operator_decorator.py
[2025-07-01T05:01:26.706+0000] {logging_mixin.py:190} INFO - [2025-07-01T05:01:26.706+0000] {dag.py:3239} INFO - Sync 1 DAGs
[2025-07-01T05:01:26.729+0000] {logging_mixin.py:190} INFO - [2025-07-01T05:01:26.728+0000] {dag.py:4180} INFO - Setting next_dagrun for example_branch_python_operator_decorator to 2025-06-30 00:00:00+00:00, run_after=2025-07-01 00:00:00+00:00
[2025-07-01T05:01:26.750+0000] {processor.py:208} INFO - Processing /home/airflow/.local/lib/python3.12/site-packages/airflow/example_dags/example_branch_operator_decorator.py took 0.101 seconds
[2025-07-01T05:01:56.845+0000] {processor.py:186} INFO - Started process (PID=24286) to work on /home/airflow/.local/lib/python3.12/site-packages/airflow/example_dags/example_branch_operator_decorator.py
[2025-07-01T05:01:56.847+0000] {processor.py:914} INFO - Processing file /home/airflow/.local/lib/python3.12/site-packages/airflow/example_dags/example_branch_operator_decorator.py for tasks to queue
[2025-07-01T05:01:56.849+0000] {logging_mixin.py:190} INFO - [2025-07-01T05:01:56.849+0000] {dagbag.py:588} INFO - Filling up the DagBag from /home/airflow/.local/lib/python3.12/site-packages/airflow/example_dags/example_branch_operator_decorator.py
[2025-07-01T05:01:56.869+0000] {processor.py:925} INFO - DAG(s) 'example_branch_python_operator_decorator' retrieved from /home/airflow/.local/lib/python3.12/site-packages/airflow/example_dags/example_branch_operator_decorator.py
[2025-07-01T05:01:56.895+0000] {logging_mixin.py:190} INFO - [2025-07-01T05:01:56.895+0000] {dag.py:3239} INFO - Sync 1 DAGs
[2025-07-01T05:01:56.918+0000] {logging_mixin.py:190} INFO - [2025-07-01T05:01:56.918+0000] {dag.py:4180} INFO - Setting next_dagrun for example_branch_python_operator_decorator to 2025-06-30 00:00:00+00:00, run_after=2025-07-01 00:00:00+00:00
[2025-07-01T05:01:56.935+0000] {processor.py:208} INFO - Processing /home/airflow/.local/lib/python3.12/site-packages/airflow/example_dags/example_branch_operator_decorator.py took 0.096 seconds
[2025-07-01T05:02:27.127+0000] {processor.py:186} INFO - Started process (PID=24348) to work on /home/airflow/.local/lib/python3.12/site-packages/airflow/example_dags/example_branch_operator_decorator.py
[2025-07-01T05:02:27.128+0000] {processor.py:914} INFO - Processing file /home/airflow/.local/lib/python3.12/site-packages/airflow/example_dags/example_branch_operator_decorator.py for tasks to queue
[2025-07-01T05:02:27.131+0000] {logging_mixin.py:190} INFO - [2025-07-01T05:02:27.131+0000] {dagbag.py:588} INFO - Filling up the DagBag from /home/airflow/.local/lib/python3.12/site-packages/airflow/example_dags/example_branch_operator_decorator.py
[2025-07-01T05:02:27.158+0000] {processor.py:925} INFO - DAG(s) 'example_branch_python_operator_decorator' retrieved from /home/airflow/.local/lib/python3.12/site-packages/airflow/example_dags/example_branch_operator_decorator.py
[2025-07-01T05:02:27.199+0000] {logging_mixin.py:190} INFO - [2025-07-01T05:02:27.199+0000] {dag.py:3239} INFO - Sync 1 DAGs
[2025-07-01T05:02:27.235+0000] {logging_mixin.py:190} INFO - [2025-07-01T05:02:27.235+0000] {dag.py:4180} INFO - Setting next_dagrun for example_branch_python_operator_decorator to 2025-06-30 00:00:00+00:00, run_after=2025-07-01 00:00:00+00:00
[2025-07-01T05:02:27.262+0000] {processor.py:208} INFO - Processing /home/airflow/.local/lib/python3.12/site-packages/airflow/example_dags/example_branch_operator_decorator.py took 0.141 seconds
[2025-07-01T05:02:57.522+0000] {processor.py:186} INFO - Started process (PID=24410) to work on /home/airflow/.local/lib/python3.12/site-packages/airflow/example_dags/example_branch_operator_decorator.py
[2025-07-01T05:02:57.523+0000] {processor.py:914} INFO - Processing file /home/airflow/.local/lib/python3.12/site-packages/airflow/example_dags/example_branch_operator_decorator.py for tasks to queue
[2025-07-01T05:02:57.526+0000] {logging_mixin.py:190} INFO - [2025-07-01T05:02:57.526+0000] {dagbag.py:588} INFO - Filling up the DagBag from /home/airflow/.local/lib/python3.12/site-packages/airflow/example_dags/example_branch_operator_decorator.py
[2025-07-01T05:02:57.548+0000] {processor.py:925} INFO - DAG(s) 'example_branch_python_operator_decorator' retrieved from /home/airflow/.local/lib/python3.12/site-packages/airflow/example_dags/example_branch_operator_decorator.py
[2025-07-01T05:02:57.574+0000] {logging_mixin.py:190} INFO - [2025-07-01T05:02:57.573+0000] {dag.py:3239} INFO - Sync 1 DAGs
[2025-07-01T05:02:57.596+0000] {logging_mixin.py:190} INFO - [2025-07-01T05:02:57.596+0000] {dag.py:4180} INFO - Setting next_dagrun for example_branch_python_operator_decorator to 2025-06-30 00:00:00+00:00, run_after=2025-07-01 00:00:00+00:00
[2025-07-01T05:02:57.614+0000] {processor.py:208} INFO - Processing /home/airflow/.local/lib/python3.12/site-packages/airflow/example_dags/example_branch_operator_decorator.py took 0.098 seconds
[2025-07-01T05:03:28.048+0000] {processor.py:186} INFO - Started process (PID=24472) to work on /home/airflow/.local/lib/python3.12/site-packages/airflow/example_dags/example_branch_operator_decorator.py
[2025-07-01T05:03:28.049+0000] {processor.py:914} INFO - Processing file /home/airflow/.local/lib/python3.12/site-packages/airflow/example_dags/example_branch_operator_decorator.py for tasks to queue
[2025-07-01T05:03:28.052+0000] {logging_mixin.py:190} INFO - [2025-07-01T05:03:28.052+0000] {dagbag.py:588} INFO - Filling up the DagBag from /home/airflow/.local/lib/python3.12/site-packages/airflow/example_dags/example_branch_operator_decorator.py
[2025-07-01T05:03:28.073+0000] {processor.py:925} INFO - DAG(s) 'example_branch_python_operator_decorator' retrieved from /home/airflow/.local/lib/python3.12/site-packages/airflow/example_dags/example_branch_operator_decorator.py
[2025-07-01T05:03:28.099+0000] {logging_mixin.py:190} INFO - [2025-07-01T05:03:28.098+0000] {dag.py:3239} INFO - Sync 1 DAGs
[2025-07-01T05:03:28.123+0000] {logging_mixin.py:190} INFO - [2025-07-01T05:03:28.123+0000] {dag.py:4180} INFO - Setting next_dagrun for example_branch_python_operator_decorator to 2025-06-30 00:00:00+00:00, run_after=2025-07-01 00:00:00+00:00
[2025-07-01T05:03:28.141+0000] {processor.py:208} INFO - Processing /home/airflow/.local/lib/python3.12/site-packages/airflow/example_dags/example_branch_operator_decorator.py took 0.099 seconds
[2025-07-01T05:03:58.824+0000] {processor.py:186} INFO - Started process (PID=24540) to work on /home/airflow/.local/lib/python3.12/site-packages/airflow/example_dags/example_branch_operator_decorator.py
[2025-07-01T05:03:58.825+0000] {processor.py:914} INFO - Processing file /home/airflow/.local/lib/python3.12/site-packages/airflow/example_dags/example_branch_operator_decorator.py for tasks to queue
[2025-07-01T05:03:58.828+0000] {logging_mixin.py:190} INFO - [2025-07-01T05:03:58.827+0000] {dagbag.py:588} INFO - Filling up the DagBag from /home/airflow/.local/lib/python3.12/site-packages/airflow/example_dags/example_branch_operator_decorator.py
[2025-07-01T05:03:58.848+0000] {processor.py:925} INFO - DAG(s) 'example_branch_python_operator_decorator' retrieved from /home/airflow/.local/lib/python3.12/site-packages/airflow/example_dags/example_branch_operator_decorator.py
[2025-07-01T05:03:58.872+0000] {logging_mixin.py:190} INFO - [2025-07-01T05:03:58.872+0000] {dag.py:3239} INFO - Sync 1 DAGs
[2025-07-01T05:03:58.895+0000] {logging_mixin.py:190} INFO - [2025-07-01T05:03:58.895+0000] {dag.py:4180} INFO - Setting next_dagrun for example_branch_python_operator_decorator to 2025-06-30 00:00:00+00:00, run_after=2025-07-01 00:00:00+00:00
[2025-07-01T05:03:58.915+0000] {processor.py:208} INFO - Processing /home/airflow/.local/lib/python3.12/site-packages/airflow/example_dags/example_branch_operator_decorator.py took 0.098 seconds
[2025-07-01T05:04:29.337+0000] {processor.py:186} INFO - Started process (PID=24602) to work on /home/airflow/.local/lib/python3.12/site-packages/airflow/example_dags/example_branch_operator_decorator.py
[2025-07-01T05:04:29.339+0000] {processor.py:914} INFO - Processing file /home/airflow/.local/lib/python3.12/site-packages/airflow/example_dags/example_branch_operator_decorator.py for tasks to queue
[2025-07-01T05:04:29.343+0000] {logging_mixin.py:190} INFO - [2025-07-01T05:04:29.343+0000] {dagbag.py:588} INFO - Filling up the DagBag from /home/airflow/.local/lib/python3.12/site-packages/airflow/example_dags/example_branch_operator_decorator.py
[2025-07-01T05:04:29.377+0000] {processor.py:925} INFO - DAG(s) 'example_branch_python_operator_decorator' retrieved from /home/airflow/.local/lib/python3.12/site-packages/airflow/example_dags/example_branch_operator_decorator.py
[2025-07-01T05:04:29.407+0000] {logging_mixin.py:190} INFO - [2025-07-01T05:04:29.406+0000] {dag.py:3239} INFO - Sync 1 DAGs
[2025-07-01T05:04:29.432+0000] {logging_mixin.py:190} INFO - [2025-07-01T05:04:29.431+0000] {dag.py:4180} INFO - Setting next_dagrun for example_branch_python_operator_decorator to 2025-06-30 00:00:00+00:00, run_after=2025-07-01 00:00:00+00:00
[2025-07-01T05:04:29.447+0000] {processor.py:208} INFO - Processing /home/airflow/.local/lib/python3.12/site-packages/airflow/example_dags/example_branch_operator_decorator.py took 0.117 seconds
[2025-07-01T05:05:00.012+0000] {processor.py:186} INFO - Started process (PID=24664) to work on /home/airflow/.local/lib/python3.12/site-packages/airflow/example_dags/example_branch_operator_decorator.py
[2025-07-01T05:05:00.013+0000] {processor.py:914} INFO - Processing file /home/airflow/.local/lib/python3.12/site-packages/airflow/example_dags/example_branch_operator_decorator.py for tasks to queue
[2025-07-01T05:05:00.017+0000] {logging_mixin.py:190} INFO - [2025-07-01T05:05:00.016+0000] {dagbag.py:588} INFO - Filling up the DagBag from /home/airflow/.local/lib/python3.12/site-packages/airflow/example_dags/example_branch_operator_decorator.py
[2025-07-01T05:05:00.045+0000] {processor.py:925} INFO - DAG(s) 'example_branch_python_operator_decorator' retrieved from /home/airflow/.local/lib/python3.12/site-packages/airflow/example_dags/example_branch_operator_decorator.py
[2025-07-01T05:05:00.076+0000] {logging_mixin.py:190} INFO - [2025-07-01T05:05:00.075+0000] {dag.py:3239} INFO - Sync 1 DAGs
[2025-07-01T05:05:00.104+0000] {logging_mixin.py:190} INFO - [2025-07-01T05:05:00.103+0000] {dag.py:4180} INFO - Setting next_dagrun for example_branch_python_operator_decorator to 2025-06-30 00:00:00+00:00, run_after=2025-07-01 00:00:00+00:00
[2025-07-01T05:05:00.124+0000] {processor.py:208} INFO - Processing /home/airflow/.local/lib/python3.12/site-packages/airflow/example_dags/example_branch_operator_decorator.py took 0.122 seconds
[2025-07-01T05:05:30.795+0000] {processor.py:186} INFO - Started process (PID=24726) to work on /home/airflow/.local/lib/python3.12/site-packages/airflow/example_dags/example_branch_operator_decorator.py
[2025-07-01T05:05:30.796+0000] {processor.py:914} INFO - Processing file /home/airflow/.local/lib/python3.12/site-packages/airflow/example_dags/example_branch_operator_decorator.py for tasks to queue
[2025-07-01T05:05:30.801+0000] {logging_mixin.py:190} INFO - [2025-07-01T05:05:30.801+0000] {dagbag.py:588} INFO - Filling up the DagBag from /home/airflow/.local/lib/python3.12/site-packages/airflow/example_dags/example_branch_operator_decorator.py
[2025-07-01T05:05:30.821+0000] {processor.py:925} INFO - DAG(s) 'example_branch_python_operator_decorator' retrieved from /home/airflow/.local/lib/python3.12/site-packages/airflow/example_dags/example_branch_operator_decorator.py
[2025-07-01T05:05:30.847+0000] {logging_mixin.py:190} INFO - [2025-07-01T05:05:30.847+0000] {dag.py:3239} INFO - Sync 1 DAGs
[2025-07-01T05:05:30.869+0000] {logging_mixin.py:190} INFO - [2025-07-01T05:05:30.868+0000] {dag.py:4180} INFO - Setting next_dagrun for example_branch_python_operator_decorator to 2025-06-30 00:00:00+00:00, run_after=2025-07-01 00:00:00+00:00
[2025-07-01T05:05:30.885+0000] {processor.py:208} INFO - Processing /home/airflow/.local/lib/python3.12/site-packages/airflow/example_dags/example_branch_operator_decorator.py took 0.096 seconds
[2025-07-01T05:06:01.637+0000] {processor.py:186} INFO - Started process (PID=24788) to work on /home/airflow/.local/lib/python3.12/site-packages/airflow/example_dags/example_branch_operator_decorator.py
[2025-07-01T05:06:01.638+0000] {processor.py:914} INFO - Processing file /home/airflow/.local/lib/python3.12/site-packages/airflow/example_dags/example_branch_operator_decorator.py for tasks to queue
[2025-07-01T05:06:01.641+0000] {logging_mixin.py:190} INFO - [2025-07-01T05:06:01.641+0000] {dagbag.py:588} INFO - Filling up the DagBag from /home/airflow/.local/lib/python3.12/site-packages/airflow/example_dags/example_branch_operator_decorator.py
[2025-07-01T05:06:01.661+0000] {processor.py:925} INFO - DAG(s) 'example_branch_python_operator_decorator' retrieved from /home/airflow/.local/lib/python3.12/site-packages/airflow/example_dags/example_branch_operator_decorator.py
[2025-07-01T05:06:01.688+0000] {logging_mixin.py:190} INFO - [2025-07-01T05:06:01.688+0000] {dag.py:3239} INFO - Sync 1 DAGs
[2025-07-01T05:06:01.712+0000] {logging_mixin.py:190} INFO - [2025-07-01T05:06:01.712+0000] {dag.py:4180} INFO - Setting next_dagrun for example_branch_python_operator_decorator to 2025-06-30 00:00:00+00:00, run_after=2025-07-01 00:00:00+00:00
[2025-07-01T05:06:01.730+0000] {processor.py:208} INFO - Processing /home/airflow/.local/lib/python3.12/site-packages/airflow/example_dags/example_branch_operator_decorator.py took 0.099 seconds
[2025-07-01T05:06:32.473+0000] {processor.py:186} INFO - Started process (PID=24850) to work on /home/airflow/.local/lib/python3.12/site-packages/airflow/example_dags/example_branch_operator_decorator.py
[2025-07-01T05:06:32.475+0000] {processor.py:914} INFO - Processing file /home/airflow/.local/lib/python3.12/site-packages/airflow/example_dags/example_branch_operator_decorator.py for tasks to queue
[2025-07-01T05:06:32.477+0000] {logging_mixin.py:190} INFO - [2025-07-01T05:06:32.477+0000] {dagbag.py:588} INFO - Filling up the DagBag from /home/airflow/.local/lib/python3.12/site-packages/airflow/example_dags/example_branch_operator_decorator.py
[2025-07-01T05:06:32.501+0000] {processor.py:925} INFO - DAG(s) 'example_branch_python_operator_decorator' retrieved from /home/airflow/.local/lib/python3.12/site-packages/airflow/example_dags/example_branch_operator_decorator.py
[2025-07-01T05:06:32.527+0000] {logging_mixin.py:190} INFO - [2025-07-01T05:06:32.527+0000] {dag.py:3239} INFO - Sync 1 DAGs
[2025-07-01T05:06:32.550+0000] {logging_mixin.py:190} INFO - [2025-07-01T05:06:32.550+0000] {dag.py:4180} INFO - Setting next_dagrun for example_branch_python_operator_decorator to 2025-06-30 00:00:00+00:00, run_after=2025-07-01 00:00:00+00:00
[2025-07-01T05:06:32.569+0000] {processor.py:208} INFO - Processing /home/airflow/.local/lib/python3.12/site-packages/airflow/example_dags/example_branch_operator_decorator.py took 0.102 seconds
[2025-07-01T05:07:03.130+0000] {processor.py:186} INFO - Started process (PID=24912) to work on /home/airflow/.local/lib/python3.12/site-packages/airflow/example_dags/example_branch_operator_decorator.py
[2025-07-01T05:07:03.131+0000] {processor.py:914} INFO - Processing file /home/airflow/.local/lib/python3.12/site-packages/airflow/example_dags/example_branch_operator_decorator.py for tasks to queue
[2025-07-01T05:07:03.134+0000] {logging_mixin.py:190} INFO - [2025-07-01T05:07:03.134+0000] {dagbag.py:588} INFO - Filling up the DagBag from /home/airflow/.local/lib/python3.12/site-packages/airflow/example_dags/example_branch_operator_decorator.py
[2025-07-01T05:07:03.155+0000] {processor.py:925} INFO - DAG(s) 'example_branch_python_operator_decorator' retrieved from /home/airflow/.local/lib/python3.12/site-packages/airflow/example_dags/example_branch_operator_decorator.py
[2025-07-01T05:07:03.181+0000] {logging_mixin.py:190} INFO - [2025-07-01T05:07:03.181+0000] {dag.py:3239} INFO - Sync 1 DAGs
[2025-07-01T05:07:03.204+0000] {logging_mixin.py:190} INFO - [2025-07-01T05:07:03.203+0000] {dag.py:4180} INFO - Setting next_dagrun for example_branch_python_operator_decorator to 2025-06-30 00:00:00+00:00, run_after=2025-07-01 00:00:00+00:00
[2025-07-01T05:07:03.222+0000] {processor.py:208} INFO - Processing /home/airflow/.local/lib/python3.12/site-packages/airflow/example_dags/example_branch_operator_decorator.py took 0.098 seconds
[2025-07-01T05:07:33.893+0000] {processor.py:186} INFO - Started process (PID=24974) to work on /home/airflow/.local/lib/python3.12/site-packages/airflow/example_dags/example_branch_operator_decorator.py
[2025-07-01T05:07:33.894+0000] {processor.py:914} INFO - Processing file /home/airflow/.local/lib/python3.12/site-packages/airflow/example_dags/example_branch_operator_decorator.py for tasks to queue
[2025-07-01T05:07:33.897+0000] {logging_mixin.py:190} INFO - [2025-07-01T05:07:33.897+0000] {dagbag.py:588} INFO - Filling up the DagBag from /home/airflow/.local/lib/python3.12/site-packages/airflow/example_dags/example_branch_operator_decorator.py
[2025-07-01T05:07:33.918+0000] {processor.py:925} INFO - DAG(s) 'example_branch_python_operator_decorator' retrieved from /home/airflow/.local/lib/python3.12/site-packages/airflow/example_dags/example_branch_operator_decorator.py
[2025-07-01T05:07:33.942+0000] {logging_mixin.py:190} INFO - [2025-07-01T05:07:33.942+0000] {dag.py:3239} INFO - Sync 1 DAGs
[2025-07-01T05:07:33.965+0000] {logging_mixin.py:190} INFO - [2025-07-01T05:07:33.965+0000] {dag.py:4180} INFO - Setting next_dagrun for example_branch_python_operator_decorator to 2025-06-30 00:00:00+00:00, run_after=2025-07-01 00:00:00+00:00
[2025-07-01T05:07:33.981+0000] {processor.py:208} INFO - Processing /home/airflow/.local/lib/python3.12/site-packages/airflow/example_dags/example_branch_operator_decorator.py took 0.094 seconds
[2025-07-01T05:08:04.841+0000] {processor.py:186} INFO - Started process (PID=25036) to work on /home/airflow/.local/lib/python3.12/site-packages/airflow/example_dags/example_branch_operator_decorator.py
[2025-07-01T05:08:04.842+0000] {processor.py:914} INFO - Processing file /home/airflow/.local/lib/python3.12/site-packages/airflow/example_dags/example_branch_operator_decorator.py for tasks to queue
[2025-07-01T05:08:04.845+0000] {logging_mixin.py:190} INFO - [2025-07-01T05:08:04.844+0000] {dagbag.py:588} INFO - Filling up the DagBag from /home/airflow/.local/lib/python3.12/site-packages/airflow/example_dags/example_branch_operator_decorator.py
[2025-07-01T05:08:04.866+0000] {processor.py:925} INFO - DAG(s) 'example_branch_python_operator_decorator' retrieved from /home/airflow/.local/lib/python3.12/site-packages/airflow/example_dags/example_branch_operator_decorator.py
[2025-07-01T05:08:04.893+0000] {logging_mixin.py:190} INFO - [2025-07-01T05:08:04.893+0000] {dag.py:3239} INFO - Sync 1 DAGs
[2025-07-01T05:08:04.917+0000] {logging_mixin.py:190} INFO - [2025-07-01T05:08:04.917+0000] {dag.py:4180} INFO - Setting next_dagrun for example_branch_python_operator_decorator to 2025-06-30 00:00:00+00:00, run_after=2025-07-01 00:00:00+00:00
[2025-07-01T05:08:04.935+0000] {processor.py:208} INFO - Processing /home/airflow/.local/lib/python3.12/site-packages/airflow/example_dags/example_branch_operator_decorator.py took 0.100 seconds
[2025-07-01T05:08:35.099+0000] {processor.py:186} INFO - Started process (PID=25098) to work on /home/airflow/.local/lib/python3.12/site-packages/airflow/example_dags/example_branch_operator_decorator.py
[2025-07-01T05:08:35.100+0000] {processor.py:914} INFO - Processing file /home/airflow/.local/lib/python3.12/site-packages/airflow/example_dags/example_branch_operator_decorator.py for tasks to queue
[2025-07-01T05:08:35.103+0000] {logging_mixin.py:190} INFO - [2025-07-01T05:08:35.103+0000] {dagbag.py:588} INFO - Filling up the DagBag from /home/airflow/.local/lib/python3.12/site-packages/airflow/example_dags/example_branch_operator_decorator.py
[2025-07-01T05:08:35.124+0000] {processor.py:925} INFO - DAG(s) 'example_branch_python_operator_decorator' retrieved from /home/airflow/.local/lib/python3.12/site-packages/airflow/example_dags/example_branch_operator_decorator.py
[2025-07-01T05:08:35.152+0000] {logging_mixin.py:190} INFO - [2025-07-01T05:08:35.151+0000] {dag.py:3239} INFO - Sync 1 DAGs
[2025-07-01T05:08:35.174+0000] {logging_mixin.py:190} INFO - [2025-07-01T05:08:35.173+0000] {dag.py:4180} INFO - Setting next_dagrun for example_branch_python_operator_decorator to 2025-06-30 00:00:00+00:00, run_after=2025-07-01 00:00:00+00:00
[2025-07-01T05:08:35.192+0000] {processor.py:208} INFO - Processing /home/airflow/.local/lib/python3.12/site-packages/airflow/example_dags/example_branch_operator_decorator.py took 0.099 seconds
[2025-07-01T05:09:05.233+0000] {processor.py:186} INFO - Started process (PID=25160) to work on /home/airflow/.local/lib/python3.12/site-packages/airflow/example_dags/example_branch_operator_decorator.py
[2025-07-01T05:09:05.234+0000] {processor.py:914} INFO - Processing file /home/airflow/.local/lib/python3.12/site-packages/airflow/example_dags/example_branch_operator_decorator.py for tasks to queue
[2025-07-01T05:09:05.237+0000] {logging_mixin.py:190} INFO - [2025-07-01T05:09:05.236+0000] {dagbag.py:588} INFO - Filling up the DagBag from /home/airflow/.local/lib/python3.12/site-packages/airflow/example_dags/example_branch_operator_decorator.py
[2025-07-01T05:09:05.258+0000] {processor.py:925} INFO - DAG(s) 'example_branch_python_operator_decorator' retrieved from /home/airflow/.local/lib/python3.12/site-packages/airflow/example_dags/example_branch_operator_decorator.py
[2025-07-01T05:09:05.283+0000] {logging_mixin.py:190} INFO - [2025-07-01T05:09:05.283+0000] {dag.py:3239} INFO - Sync 1 DAGs
[2025-07-01T05:09:05.304+0000] {logging_mixin.py:190} INFO - [2025-07-01T05:09:05.304+0000] {dag.py:4180} INFO - Setting next_dagrun for example_branch_python_operator_decorator to 2025-06-30 00:00:00+00:00, run_after=2025-07-01 00:00:00+00:00
[2025-07-01T05:09:05.322+0000] {processor.py:208} INFO - Processing /home/airflow/.local/lib/python3.12/site-packages/airflow/example_dags/example_branch_operator_decorator.py took 0.095 seconds
[2025-07-01T05:09:36.116+0000] {processor.py:186} INFO - Started process (PID=25222) to work on /home/airflow/.local/lib/python3.12/site-packages/airflow/example_dags/example_branch_operator_decorator.py
[2025-07-01T05:09:36.117+0000] {processor.py:914} INFO - Processing file /home/airflow/.local/lib/python3.12/site-packages/airflow/example_dags/example_branch_operator_decorator.py for tasks to queue
[2025-07-01T05:09:36.120+0000] {logging_mixin.py:190} INFO - [2025-07-01T05:09:36.119+0000] {dagbag.py:588} INFO - Filling up the DagBag from /home/airflow/.local/lib/python3.12/site-packages/airflow/example_dags/example_branch_operator_decorator.py
[2025-07-01T05:09:36.141+0000] {processor.py:925} INFO - DAG(s) 'example_branch_python_operator_decorator' retrieved from /home/airflow/.local/lib/python3.12/site-packages/airflow/example_dags/example_branch_operator_decorator.py
[2025-07-01T05:09:36.168+0000] {logging_mixin.py:190} INFO - [2025-07-01T05:09:36.167+0000] {dag.py:3239} INFO - Sync 1 DAGs
[2025-07-01T05:09:36.192+0000] {logging_mixin.py:190} INFO - [2025-07-01T05:09:36.191+0000] {dag.py:4180} INFO - Setting next_dagrun for example_branch_python_operator_decorator to 2025-06-30 00:00:00+00:00, run_after=2025-07-01 00:00:00+00:00
[2025-07-01T05:09:36.210+0000] {processor.py:208} INFO - Processing /home/airflow/.local/lib/python3.12/site-packages/airflow/example_dags/example_branch_operator_decorator.py took 0.101 seconds
[2025-07-01T05:10:06.846+0000] {processor.py:186} INFO - Started process (PID=25284) to work on /home/airflow/.local/lib/python3.12/site-packages/airflow/example_dags/example_branch_operator_decorator.py
[2025-07-01T05:10:06.848+0000] {processor.py:914} INFO - Processing file /home/airflow/.local/lib/python3.12/site-packages/airflow/example_dags/example_branch_operator_decorator.py for tasks to queue
[2025-07-01T05:10:06.852+0000] {logging_mixin.py:190} INFO - [2025-07-01T05:10:06.852+0000] {dagbag.py:588} INFO - Filling up the DagBag from /home/airflow/.local/lib/python3.12/site-packages/airflow/example_dags/example_branch_operator_decorator.py
[2025-07-01T05:10:06.881+0000] {processor.py:925} INFO - DAG(s) 'example_branch_python_operator_decorator' retrieved from /home/airflow/.local/lib/python3.12/site-packages/airflow/example_dags/example_branch_operator_decorator.py
[2025-07-01T05:10:06.913+0000] {logging_mixin.py:190} INFO - [2025-07-01T05:10:06.913+0000] {dag.py:3239} INFO - Sync 1 DAGs
[2025-07-01T05:10:06.949+0000] {logging_mixin.py:190} INFO - [2025-07-01T05:10:06.949+0000] {dag.py:4180} INFO - Setting next_dagrun for example_branch_python_operator_decorator to 2025-06-30 00:00:00+00:00, run_after=2025-07-01 00:00:00+00:00
[2025-07-01T05:10:06.978+0000] {processor.py:208} INFO - Processing /home/airflow/.local/lib/python3.12/site-packages/airflow/example_dags/example_branch_operator_decorator.py took 0.141 seconds
[2025-07-01T05:10:37.713+0000] {processor.py:186} INFO - Started process (PID=25346) to work on /home/airflow/.local/lib/python3.12/site-packages/airflow/example_dags/example_branch_operator_decorator.py
[2025-07-01T05:10:37.714+0000] {processor.py:914} INFO - Processing file /home/airflow/.local/lib/python3.12/site-packages/airflow/example_dags/example_branch_operator_decorator.py for tasks to queue
[2025-07-01T05:10:37.717+0000] {logging_mixin.py:190} INFO - [2025-07-01T05:10:37.716+0000] {dagbag.py:588} INFO - Filling up the DagBag from /home/airflow/.local/lib/python3.12/site-packages/airflow/example_dags/example_branch_operator_decorator.py
[2025-07-01T05:10:37.737+0000] {processor.py:925} INFO - DAG(s) 'example_branch_python_operator_decorator' retrieved from /home/airflow/.local/lib/python3.12/site-packages/airflow/example_dags/example_branch_operator_decorator.py
[2025-07-01T05:10:37.761+0000] {logging_mixin.py:190} INFO - [2025-07-01T05:10:37.761+0000] {dag.py:3239} INFO - Sync 1 DAGs
[2025-07-01T05:10:37.784+0000] {logging_mixin.py:190} INFO - [2025-07-01T05:10:37.784+0000] {dag.py:4180} INFO - Setting next_dagrun for example_branch_python_operator_decorator to 2025-06-30 00:00:00+00:00, run_after=2025-07-01 00:00:00+00:00
[2025-07-01T05:10:37.801+0000] {processor.py:208} INFO - Processing /home/airflow/.local/lib/python3.12/site-packages/airflow/example_dags/example_branch_operator_decorator.py took 0.094 seconds
[2025-07-01T05:11:08.487+0000] {processor.py:186} INFO - Started process (PID=25408) to work on /home/airflow/.local/lib/python3.12/site-packages/airflow/example_dags/example_branch_operator_decorator.py
[2025-07-01T05:11:08.489+0000] {processor.py:914} INFO - Processing file /home/airflow/.local/lib/python3.12/site-packages/airflow/example_dags/example_branch_operator_decorator.py for tasks to queue
[2025-07-01T05:11:08.491+0000] {logging_mixin.py:190} INFO - [2025-07-01T05:11:08.491+0000] {dagbag.py:588} INFO - Filling up the DagBag from /home/airflow/.local/lib/python3.12/site-packages/airflow/example_dags/example_branch_operator_decorator.py
[2025-07-01T05:11:08.511+0000] {processor.py:925} INFO - DAG(s) 'example_branch_python_operator_decorator' retrieved from /home/airflow/.local/lib/python3.12/site-packages/airflow/example_dags/example_branch_operator_decorator.py
[2025-07-01T05:11:08.537+0000] {logging_mixin.py:190} INFO - [2025-07-01T05:11:08.537+0000] {dag.py:3239} INFO - Sync 1 DAGs
[2025-07-01T05:11:08.558+0000] {logging_mixin.py:190} INFO - [2025-07-01T05:11:08.558+0000] {dag.py:4180} INFO - Setting next_dagrun for example_branch_python_operator_decorator to 2025-06-30 00:00:00+00:00, run_after=2025-07-01 00:00:00+00:00
[2025-07-01T05:11:08.575+0000] {processor.py:208} INFO - Processing /home/airflow/.local/lib/python3.12/site-packages/airflow/example_dags/example_branch_operator_decorator.py took 0.093 seconds
[2025-07-01T05:11:39.109+0000] {processor.py:186} INFO - Started process (PID=25470) to work on /home/airflow/.local/lib/python3.12/site-packages/airflow/example_dags/example_branch_operator_decorator.py
[2025-07-01T05:11:39.110+0000] {processor.py:914} INFO - Processing file /home/airflow/.local/lib/python3.12/site-packages/airflow/example_dags/example_branch_operator_decorator.py for tasks to queue
[2025-07-01T05:11:39.113+0000] {logging_mixin.py:190} INFO - [2025-07-01T05:11:39.113+0000] {dagbag.py:588} INFO - Filling up the DagBag from /home/airflow/.local/lib/python3.12/site-packages/airflow/example_dags/example_branch_operator_decorator.py
[2025-07-01T05:11:39.136+0000] {processor.py:925} INFO - DAG(s) 'example_branch_python_operator_decorator' retrieved from /home/airflow/.local/lib/python3.12/site-packages/airflow/example_dags/example_branch_operator_decorator.py
[2025-07-01T05:11:39.162+0000] {logging_mixin.py:190} INFO - [2025-07-01T05:11:39.162+0000] {dag.py:3239} INFO - Sync 1 DAGs
[2025-07-01T05:11:39.184+0000] {logging_mixin.py:190} INFO - [2025-07-01T05:11:39.184+0000] {dag.py:4180} INFO - Setting next_dagrun for example_branch_python_operator_decorator to 2025-06-30 00:00:00+00:00, run_after=2025-07-01 00:00:00+00:00
[2025-07-01T05:11:39.201+0000] {processor.py:208} INFO - Processing /home/airflow/.local/lib/python3.12/site-packages/airflow/example_dags/example_branch_operator_decorator.py took 0.098 seconds
[2025-07-01T05:12:09.976+0000] {processor.py:186} INFO - Started process (PID=25532) to work on /home/airflow/.local/lib/python3.12/site-packages/airflow/example_dags/example_branch_operator_decorator.py
[2025-07-01T05:12:09.977+0000] {processor.py:914} INFO - Processing file /home/airflow/.local/lib/python3.12/site-packages/airflow/example_dags/example_branch_operator_decorator.py for tasks to queue
[2025-07-01T05:12:09.979+0000] {logging_mixin.py:190} INFO - [2025-07-01T05:12:09.979+0000] {dagbag.py:588} INFO - Filling up the DagBag from /home/airflow/.local/lib/python3.12/site-packages/airflow/example_dags/example_branch_operator_decorator.py
[2025-07-01T05:12:10.001+0000] {processor.py:925} INFO - DAG(s) 'example_branch_python_operator_decorator' retrieved from /home/airflow/.local/lib/python3.12/site-packages/airflow/example_dags/example_branch_operator_decorator.py
[2025-07-01T05:12:10.028+0000] {logging_mixin.py:190} INFO - [2025-07-01T05:12:10.028+0000] {dag.py:3239} INFO - Sync 1 DAGs
[2025-07-01T05:12:10.051+0000] {logging_mixin.py:190} INFO - [2025-07-01T05:12:10.051+0000] {dag.py:4180} INFO - Setting next_dagrun for example_branch_python_operator_decorator to 2025-06-30 00:00:00+00:00, run_after=2025-07-01 00:00:00+00:00
[2025-07-01T05:12:10.068+0000] {processor.py:208} INFO - Processing /home/airflow/.local/lib/python3.12/site-packages/airflow/example_dags/example_branch_operator_decorator.py took 0.098 seconds
[2025-07-01T05:12:40.616+0000] {processor.py:186} INFO - Started process (PID=25594) to work on /home/airflow/.local/lib/python3.12/site-packages/airflow/example_dags/example_branch_operator_decorator.py
[2025-07-01T05:12:40.617+0000] {processor.py:914} INFO - Processing file /home/airflow/.local/lib/python3.12/site-packages/airflow/example_dags/example_branch_operator_decorator.py for tasks to queue
[2025-07-01T05:12:40.620+0000] {logging_mixin.py:190} INFO - [2025-07-01T05:12:40.620+0000] {dagbag.py:588} INFO - Filling up the DagBag from /home/airflow/.local/lib/python3.12/site-packages/airflow/example_dags/example_branch_operator_decorator.py
[2025-07-01T05:12:40.643+0000] {processor.py:925} INFO - DAG(s) 'example_branch_python_operator_decorator' retrieved from /home/airflow/.local/lib/python3.12/site-packages/airflow/example_dags/example_branch_operator_decorator.py
[2025-07-01T05:12:40.670+0000] {logging_mixin.py:190} INFO - [2025-07-01T05:12:40.670+0000] {dag.py:3239} INFO - Sync 1 DAGs
[2025-07-01T05:12:40.693+0000] {logging_mixin.py:190} INFO - [2025-07-01T05:12:40.693+0000] {dag.py:4180} INFO - Setting next_dagrun for example_branch_python_operator_decorator to 2025-06-30 00:00:00+00:00, run_after=2025-07-01 00:00:00+00:00
[2025-07-01T05:12:40.711+0000] {processor.py:208} INFO - Processing /home/airflow/.local/lib/python3.12/site-packages/airflow/example_dags/example_branch_operator_decorator.py took 0.101 seconds
[2025-07-01T05:13:11.162+0000] {processor.py:186} INFO - Started process (PID=25656) to work on /home/airflow/.local/lib/python3.12/site-packages/airflow/example_dags/example_branch_operator_decorator.py
[2025-07-01T05:13:11.163+0000] {processor.py:914} INFO - Processing file /home/airflow/.local/lib/python3.12/site-packages/airflow/example_dags/example_branch_operator_decorator.py for tasks to queue
[2025-07-01T05:13:11.166+0000] {logging_mixin.py:190} INFO - [2025-07-01T05:13:11.165+0000] {dagbag.py:588} INFO - Filling up the DagBag from /home/airflow/.local/lib/python3.12/site-packages/airflow/example_dags/example_branch_operator_decorator.py
[2025-07-01T05:13:11.185+0000] {processor.py:925} INFO - DAG(s) 'example_branch_python_operator_decorator' retrieved from /home/airflow/.local/lib/python3.12/site-packages/airflow/example_dags/example_branch_operator_decorator.py
[2025-07-01T05:13:11.210+0000] {logging_mixin.py:190} INFO - [2025-07-01T05:13:11.210+0000] {dag.py:3239} INFO - Sync 1 DAGs
[2025-07-01T05:13:11.233+0000] {logging_mixin.py:190} INFO - [2025-07-01T05:13:11.232+0000] {dag.py:4180} INFO - Setting next_dagrun for example_branch_python_operator_decorator to 2025-06-30 00:00:00+00:00, run_after=2025-07-01 00:00:00+00:00
[2025-07-01T05:13:11.249+0000] {processor.py:208} INFO - Processing /home/airflow/.local/lib/python3.12/site-packages/airflow/example_dags/example_branch_operator_decorator.py took 0.093 seconds
[2025-07-01T05:13:41.590+0000] {processor.py:186} INFO - Started process (PID=25718) to work on /home/airflow/.local/lib/python3.12/site-packages/airflow/example_dags/example_branch_operator_decorator.py
[2025-07-01T05:13:41.591+0000] {processor.py:914} INFO - Processing file /home/airflow/.local/lib/python3.12/site-packages/airflow/example_dags/example_branch_operator_decorator.py for tasks to queue
[2025-07-01T05:13:41.593+0000] {logging_mixin.py:190} INFO - [2025-07-01T05:13:41.593+0000] {dagbag.py:588} INFO - Filling up the DagBag from /home/airflow/.local/lib/python3.12/site-packages/airflow/example_dags/example_branch_operator_decorator.py
[2025-07-01T05:13:41.613+0000] {processor.py:925} INFO - DAG(s) 'example_branch_python_operator_decorator' retrieved from /home/airflow/.local/lib/python3.12/site-packages/airflow/example_dags/example_branch_operator_decorator.py
[2025-07-01T05:13:41.640+0000] {logging_mixin.py:190} INFO - [2025-07-01T05:13:41.640+0000] {dag.py:3239} INFO - Sync 1 DAGs
[2025-07-01T05:13:41.661+0000] {logging_mixin.py:190} INFO - [2025-07-01T05:13:41.661+0000] {dag.py:4180} INFO - Setting next_dagrun for example_branch_python_operator_decorator to 2025-06-30 00:00:00+00:00, run_after=2025-07-01 00:00:00+00:00
[2025-07-01T05:13:41.679+0000] {processor.py:208} INFO - Processing /home/airflow/.local/lib/python3.12/site-packages/airflow/example_dags/example_branch_operator_decorator.py took 0.095 seconds
[2025-07-01T05:14:12.152+0000] {processor.py:186} INFO - Started process (PID=25780) to work on /home/airflow/.local/lib/python3.12/site-packages/airflow/example_dags/example_branch_operator_decorator.py
[2025-07-01T05:14:12.153+0000] {processor.py:914} INFO - Processing file /home/airflow/.local/lib/python3.12/site-packages/airflow/example_dags/example_branch_operator_decorator.py for tasks to queue
[2025-07-01T05:14:12.156+0000] {logging_mixin.py:190} INFO - [2025-07-01T05:14:12.156+0000] {dagbag.py:588} INFO - Filling up the DagBag from /home/airflow/.local/lib/python3.12/site-packages/airflow/example_dags/example_branch_operator_decorator.py
[2025-07-01T05:14:12.176+0000] {processor.py:925} INFO - DAG(s) 'example_branch_python_operator_decorator' retrieved from /home/airflow/.local/lib/python3.12/site-packages/airflow/example_dags/example_branch_operator_decorator.py
[2025-07-01T05:14:12.201+0000] {logging_mixin.py:190} INFO - [2025-07-01T05:14:12.201+0000] {dag.py:3239} INFO - Sync 1 DAGs
[2025-07-01T05:14:12.224+0000] {logging_mixin.py:190} INFO - [2025-07-01T05:14:12.224+0000] {dag.py:4180} INFO - Setting next_dagrun for example_branch_python_operator_decorator to 2025-06-30 00:00:00+00:00, run_after=2025-07-01 00:00:00+00:00
[2025-07-01T05:14:12.241+0000] {processor.py:208} INFO - Processing /home/airflow/.local/lib/python3.12/site-packages/airflow/example_dags/example_branch_operator_decorator.py took 0.095 seconds
[2025-07-01T05:14:42.659+0000] {processor.py:186} INFO - Started process (PID=25842) to work on /home/airflow/.local/lib/python3.12/site-packages/airflow/example_dags/example_branch_operator_decorator.py
[2025-07-01T05:14:42.660+0000] {processor.py:914} INFO - Processing file /home/airflow/.local/lib/python3.12/site-packages/airflow/example_dags/example_branch_operator_decorator.py for tasks to queue
[2025-07-01T05:14:42.662+0000] {logging_mixin.py:190} INFO - [2025-07-01T05:14:42.662+0000] {dagbag.py:588} INFO - Filling up the DagBag from /home/airflow/.local/lib/python3.12/site-packages/airflow/example_dags/example_branch_operator_decorator.py
[2025-07-01T05:14:42.682+0000] {processor.py:925} INFO - DAG(s) 'example_branch_python_operator_decorator' retrieved from /home/airflow/.local/lib/python3.12/site-packages/airflow/example_dags/example_branch_operator_decorator.py
[2025-07-01T05:14:42.707+0000] {logging_mixin.py:190} INFO - [2025-07-01T05:14:42.707+0000] {dag.py:3239} INFO - Sync 1 DAGs
[2025-07-01T05:14:42.730+0000] {logging_mixin.py:190} INFO - [2025-07-01T05:14:42.730+0000] {dag.py:4180} INFO - Setting next_dagrun for example_branch_python_operator_decorator to 2025-06-30 00:00:00+00:00, run_after=2025-07-01 00:00:00+00:00
[2025-07-01T05:14:42.749+0000] {processor.py:208} INFO - Processing /home/airflow/.local/lib/python3.12/site-packages/airflow/example_dags/example_branch_operator_decorator.py took 0.095 seconds
[2025-07-01T05:15:13.325+0000] {processor.py:186} INFO - Started process (PID=25904) to work on /home/airflow/.local/lib/python3.12/site-packages/airflow/example_dags/example_branch_operator_decorator.py
[2025-07-01T05:15:13.326+0000] {processor.py:914} INFO - Processing file /home/airflow/.local/lib/python3.12/site-packages/airflow/example_dags/example_branch_operator_decorator.py for tasks to queue
[2025-07-01T05:15:13.329+0000] {logging_mixin.py:190} INFO - [2025-07-01T05:15:13.328+0000] {dagbag.py:588} INFO - Filling up the DagBag from /home/airflow/.local/lib/python3.12/site-packages/airflow/example_dags/example_branch_operator_decorator.py
[2025-07-01T05:15:13.352+0000] {processor.py:925} INFO - DAG(s) 'example_branch_python_operator_decorator' retrieved from /home/airflow/.local/lib/python3.12/site-packages/airflow/example_dags/example_branch_operator_decorator.py
[2025-07-01T05:15:13.380+0000] {logging_mixin.py:190} INFO - [2025-07-01T05:15:13.380+0000] {dag.py:3239} INFO - Sync 1 DAGs
[2025-07-01T05:15:13.405+0000] {logging_mixin.py:190} INFO - [2025-07-01T05:15:13.405+0000] {dag.py:4180} INFO - Setting next_dagrun for example_branch_python_operator_decorator to 2025-06-30 00:00:00+00:00, run_after=2025-07-01 00:00:00+00:00
[2025-07-01T05:15:13.425+0000] {processor.py:208} INFO - Processing /home/airflow/.local/lib/python3.12/site-packages/airflow/example_dags/example_branch_operator_decorator.py took 0.105 seconds
[2025-07-01T05:15:43.998+0000] {processor.py:186} INFO - Started process (PID=25966) to work on /home/airflow/.local/lib/python3.12/site-packages/airflow/example_dags/example_branch_operator_decorator.py
[2025-07-01T05:15:44.000+0000] {processor.py:914} INFO - Processing file /home/airflow/.local/lib/python3.12/site-packages/airflow/example_dags/example_branch_operator_decorator.py for tasks to queue
[2025-07-01T05:15:44.002+0000] {logging_mixin.py:190} INFO - [2025-07-01T05:15:44.002+0000] {dagbag.py:588} INFO - Filling up the DagBag from /home/airflow/.local/lib/python3.12/site-packages/airflow/example_dags/example_branch_operator_decorator.py
[2025-07-01T05:15:44.024+0000] {processor.py:925} INFO - DAG(s) 'example_branch_python_operator_decorator' retrieved from /home/airflow/.local/lib/python3.12/site-packages/airflow/example_dags/example_branch_operator_decorator.py
[2025-07-01T05:15:44.050+0000] {logging_mixin.py:190} INFO - [2025-07-01T05:15:44.050+0000] {dag.py:3239} INFO - Sync 1 DAGs
[2025-07-01T05:15:44.072+0000] {logging_mixin.py:190} INFO - [2025-07-01T05:15:44.072+0000] {dag.py:4180} INFO - Setting next_dagrun for example_branch_python_operator_decorator to 2025-06-30 00:00:00+00:00, run_after=2025-07-01 00:00:00+00:00
[2025-07-01T05:15:44.090+0000] {processor.py:208} INFO - Processing /home/airflow/.local/lib/python3.12/site-packages/airflow/example_dags/example_branch_operator_decorator.py took 0.099 seconds
[2025-07-01T05:16:14.737+0000] {processor.py:186} INFO - Started process (PID=26028) to work on /home/airflow/.local/lib/python3.12/site-packages/airflow/example_dags/example_branch_operator_decorator.py
[2025-07-01T05:16:14.738+0000] {processor.py:914} INFO - Processing file /home/airflow/.local/lib/python3.12/site-packages/airflow/example_dags/example_branch_operator_decorator.py for tasks to queue
[2025-07-01T05:16:14.740+0000] {logging_mixin.py:190} INFO - [2025-07-01T05:16:14.740+0000] {dagbag.py:588} INFO - Filling up the DagBag from /home/airflow/.local/lib/python3.12/site-packages/airflow/example_dags/example_branch_operator_decorator.py
[2025-07-01T05:16:14.761+0000] {processor.py:925} INFO - DAG(s) 'example_branch_python_operator_decorator' retrieved from /home/airflow/.local/lib/python3.12/site-packages/airflow/example_dags/example_branch_operator_decorator.py
[2025-07-01T05:16:14.787+0000] {logging_mixin.py:190} INFO - [2025-07-01T05:16:14.787+0000] {dag.py:3239} INFO - Sync 1 DAGs
[2025-07-01T05:16:14.809+0000] {logging_mixin.py:190} INFO - [2025-07-01T05:16:14.809+0000] {dag.py:4180} INFO - Setting next_dagrun for example_branch_python_operator_decorator to 2025-06-30 00:00:00+00:00, run_after=2025-07-01 00:00:00+00:00
[2025-07-01T05:16:14.825+0000] {processor.py:208} INFO - Processing /home/airflow/.local/lib/python3.12/site-packages/airflow/example_dags/example_branch_operator_decorator.py took 0.094 seconds
[2025-07-01T05:16:45.495+0000] {processor.py:186} INFO - Started process (PID=26090) to work on /home/airflow/.local/lib/python3.12/site-packages/airflow/example_dags/example_branch_operator_decorator.py
[2025-07-01T05:16:45.496+0000] {processor.py:914} INFO - Processing file /home/airflow/.local/lib/python3.12/site-packages/airflow/example_dags/example_branch_operator_decorator.py for tasks to queue
[2025-07-01T05:16:45.500+0000] {logging_mixin.py:190} INFO - [2025-07-01T05:16:45.499+0000] {dagbag.py:588} INFO - Filling up the DagBag from /home/airflow/.local/lib/python3.12/site-packages/airflow/example_dags/example_branch_operator_decorator.py
[2025-07-01T05:16:45.520+0000] {processor.py:925} INFO - DAG(s) 'example_branch_python_operator_decorator' retrieved from /home/airflow/.local/lib/python3.12/site-packages/airflow/example_dags/example_branch_operator_decorator.py
[2025-07-01T05:16:45.547+0000] {logging_mixin.py:190} INFO - [2025-07-01T05:16:45.547+0000] {dag.py:3239} INFO - Sync 1 DAGs
[2025-07-01T05:16:45.571+0000] {logging_mixin.py:190} INFO - [2025-07-01T05:16:45.570+0000] {dag.py:4180} INFO - Setting next_dagrun for example_branch_python_operator_decorator to 2025-06-30 00:00:00+00:00, run_after=2025-07-01 00:00:00+00:00
[2025-07-01T05:16:45.589+0000] {processor.py:208} INFO - Processing /home/airflow/.local/lib/python3.12/site-packages/airflow/example_dags/example_branch_operator_decorator.py took 0.100 seconds
[2025-07-01T05:17:16.234+0000] {processor.py:186} INFO - Started process (PID=26152) to work on /home/airflow/.local/lib/python3.12/site-packages/airflow/example_dags/example_branch_operator_decorator.py
[2025-07-01T05:17:16.235+0000] {processor.py:914} INFO - Processing file /home/airflow/.local/lib/python3.12/site-packages/airflow/example_dags/example_branch_operator_decorator.py for tasks to queue
[2025-07-01T05:17:16.237+0000] {logging_mixin.py:190} INFO - [2025-07-01T05:17:16.237+0000] {dagbag.py:588} INFO - Filling up the DagBag from /home/airflow/.local/lib/python3.12/site-packages/airflow/example_dags/example_branch_operator_decorator.py
[2025-07-01T05:17:16.259+0000] {processor.py:925} INFO - DAG(s) 'example_branch_python_operator_decorator' retrieved from /home/airflow/.local/lib/python3.12/site-packages/airflow/example_dags/example_branch_operator_decorator.py
[2025-07-01T05:17:16.284+0000] {logging_mixin.py:190} INFO - [2025-07-01T05:17:16.284+0000] {dag.py:3239} INFO - Sync 1 DAGs
[2025-07-01T05:17:16.307+0000] {logging_mixin.py:190} INFO - [2025-07-01T05:17:16.307+0000] {dag.py:4180} INFO - Setting next_dagrun for example_branch_python_operator_decorator to 2025-06-30 00:00:00+00:00, run_after=2025-07-01 00:00:00+00:00
[2025-07-01T05:17:16.325+0000] {processor.py:208} INFO - Processing /home/airflow/.local/lib/python3.12/site-packages/airflow/example_dags/example_branch_operator_decorator.py took 0.098 seconds
[2025-07-01T05:17:46.888+0000] {processor.py:186} INFO - Started process (PID=26214) to work on /home/airflow/.local/lib/python3.12/site-packages/airflow/example_dags/example_branch_operator_decorator.py
[2025-07-01T05:17:46.890+0000] {processor.py:914} INFO - Processing file /home/airflow/.local/lib/python3.12/site-packages/airflow/example_dags/example_branch_operator_decorator.py for tasks to queue
[2025-07-01T05:17:46.892+0000] {logging_mixin.py:190} INFO - [2025-07-01T05:17:46.892+0000] {dagbag.py:588} INFO - Filling up the DagBag from /home/airflow/.local/lib/python3.12/site-packages/airflow/example_dags/example_branch_operator_decorator.py
[2025-07-01T05:17:46.917+0000] {processor.py:925} INFO - DAG(s) 'example_branch_python_operator_decorator' retrieved from /home/airflow/.local/lib/python3.12/site-packages/airflow/example_dags/example_branch_operator_decorator.py
[2025-07-01T05:17:46.943+0000] {logging_mixin.py:190} INFO - [2025-07-01T05:17:46.943+0000] {dag.py:3239} INFO - Sync 1 DAGs
[2025-07-01T05:17:46.966+0000] {logging_mixin.py:190} INFO - [2025-07-01T05:17:46.966+0000] {dag.py:4180} INFO - Setting next_dagrun for example_branch_python_operator_decorator to 2025-06-30 00:00:00+00:00, run_after=2025-07-01 00:00:00+00:00
[2025-07-01T05:17:46.984+0000] {processor.py:208} INFO - Processing /home/airflow/.local/lib/python3.12/site-packages/airflow/example_dags/example_branch_operator_decorator.py took 0.103 seconds
[2025-07-01T05:18:17.686+0000] {processor.py:186} INFO - Started process (PID=26276) to work on /home/airflow/.local/lib/python3.12/site-packages/airflow/example_dags/example_branch_operator_decorator.py
[2025-07-01T05:18:17.687+0000] {processor.py:914} INFO - Processing file /home/airflow/.local/lib/python3.12/site-packages/airflow/example_dags/example_branch_operator_decorator.py for tasks to queue
[2025-07-01T05:18:17.690+0000] {logging_mixin.py:190} INFO - [2025-07-01T05:18:17.689+0000] {dagbag.py:588} INFO - Filling up the DagBag from /home/airflow/.local/lib/python3.12/site-packages/airflow/example_dags/example_branch_operator_decorator.py
[2025-07-01T05:18:17.710+0000] {processor.py:925} INFO - DAG(s) 'example_branch_python_operator_decorator' retrieved from /home/airflow/.local/lib/python3.12/site-packages/airflow/example_dags/example_branch_operator_decorator.py
[2025-07-01T05:18:17.736+0000] {logging_mixin.py:190} INFO - [2025-07-01T05:18:17.736+0000] {dag.py:3239} INFO - Sync 1 DAGs
[2025-07-01T05:18:17.758+0000] {logging_mixin.py:190} INFO - [2025-07-01T05:18:17.757+0000] {dag.py:4180} INFO - Setting next_dagrun for example_branch_python_operator_decorator to 2025-06-30 00:00:00+00:00, run_after=2025-07-01 00:00:00+00:00
[2025-07-01T05:18:17.775+0000] {processor.py:208} INFO - Processing /home/airflow/.local/lib/python3.12/site-packages/airflow/example_dags/example_branch_operator_decorator.py took 0.094 seconds
[2025-07-01T05:18:48.738+0000] {processor.py:186} INFO - Started process (PID=26338) to work on /home/airflow/.local/lib/python3.12/site-packages/airflow/example_dags/example_branch_operator_decorator.py
[2025-07-01T05:18:48.739+0000] {processor.py:914} INFO - Processing file /home/airflow/.local/lib/python3.12/site-packages/airflow/example_dags/example_branch_operator_decorator.py for tasks to queue
[2025-07-01T05:18:48.742+0000] {logging_mixin.py:190} INFO - [2025-07-01T05:18:48.742+0000] {dagbag.py:588} INFO - Filling up the DagBag from /home/airflow/.local/lib/python3.12/site-packages/airflow/example_dags/example_branch_operator_decorator.py
[2025-07-01T05:18:48.762+0000] {processor.py:925} INFO - DAG(s) 'example_branch_python_operator_decorator' retrieved from /home/airflow/.local/lib/python3.12/site-packages/airflow/example_dags/example_branch_operator_decorator.py
[2025-07-01T05:18:48.789+0000] {logging_mixin.py:190} INFO - [2025-07-01T05:18:48.789+0000] {dag.py:3239} INFO - Sync 1 DAGs
[2025-07-01T05:18:48.813+0000] {logging_mixin.py:190} INFO - [2025-07-01T05:18:48.812+0000] {dag.py:4180} INFO - Setting next_dagrun for example_branch_python_operator_decorator to 2025-06-30 00:00:00+00:00, run_after=2025-07-01 00:00:00+00:00
[2025-07-01T05:18:48.831+0000] {processor.py:208} INFO - Processing /home/airflow/.local/lib/python3.12/site-packages/airflow/example_dags/example_branch_operator_decorator.py took 0.099 seconds
[2025-07-01T05:19:19.415+0000] {processor.py:186} INFO - Started process (PID=26401) to work on /home/airflow/.local/lib/python3.12/site-packages/airflow/example_dags/example_branch_operator_decorator.py
[2025-07-01T05:19:19.416+0000] {processor.py:914} INFO - Processing file /home/airflow/.local/lib/python3.12/site-packages/airflow/example_dags/example_branch_operator_decorator.py for tasks to queue
[2025-07-01T05:19:19.419+0000] {logging_mixin.py:190} INFO - [2025-07-01T05:19:19.418+0000] {dagbag.py:588} INFO - Filling up the DagBag from /home/airflow/.local/lib/python3.12/site-packages/airflow/example_dags/example_branch_operator_decorator.py
[2025-07-01T05:19:19.447+0000] {processor.py:925} INFO - DAG(s) 'example_branch_python_operator_decorator' retrieved from /home/airflow/.local/lib/python3.12/site-packages/airflow/example_dags/example_branch_operator_decorator.py
[2025-07-01T05:19:19.474+0000] {logging_mixin.py:190} INFO - [2025-07-01T05:19:19.473+0000] {dag.py:3239} INFO - Sync 1 DAGs
[2025-07-01T05:19:19.496+0000] {logging_mixin.py:190} INFO - [2025-07-01T05:19:19.496+0000] {dag.py:4180} INFO - Setting next_dagrun for example_branch_python_operator_decorator to 2025-06-30 00:00:00+00:00, run_after=2025-07-01 00:00:00+00:00
[2025-07-01T05:19:19.513+0000] {processor.py:208} INFO - Processing /home/airflow/.local/lib/python3.12/site-packages/airflow/example_dags/example_branch_operator_decorator.py took 0.104 seconds
[2025-07-01T05:19:50.277+0000] {processor.py:186} INFO - Started process (PID=26463) to work on /home/airflow/.local/lib/python3.12/site-packages/airflow/example_dags/example_branch_operator_decorator.py
[2025-07-01T05:19:50.278+0000] {processor.py:914} INFO - Processing file /home/airflow/.local/lib/python3.12/site-packages/airflow/example_dags/example_branch_operator_decorator.py for tasks to queue
[2025-07-01T05:19:50.281+0000] {logging_mixin.py:190} INFO - [2025-07-01T05:19:50.280+0000] {dagbag.py:588} INFO - Filling up the DagBag from /home/airflow/.local/lib/python3.12/site-packages/airflow/example_dags/example_branch_operator_decorator.py
[2025-07-01T05:19:50.302+0000] {processor.py:925} INFO - DAG(s) 'example_branch_python_operator_decorator' retrieved from /home/airflow/.local/lib/python3.12/site-packages/airflow/example_dags/example_branch_operator_decorator.py
[2025-07-01T05:19:50.334+0000] {logging_mixin.py:190} INFO - [2025-07-01T05:19:50.333+0000] {dag.py:3239} INFO - Sync 1 DAGs
[2025-07-01T05:19:50.358+0000] {logging_mixin.py:190} INFO - [2025-07-01T05:19:50.358+0000] {dag.py:4180} INFO - Setting next_dagrun for example_branch_python_operator_decorator to 2025-06-30 00:00:00+00:00, run_after=2025-07-01 00:00:00+00:00
[2025-07-01T05:19:50.376+0000] {processor.py:208} INFO - Processing /home/airflow/.local/lib/python3.12/site-packages/airflow/example_dags/example_branch_operator_decorator.py took 0.105 seconds
[2025-07-01T05:20:21.161+0000] {processor.py:186} INFO - Started process (PID=26525) to work on /home/airflow/.local/lib/python3.12/site-packages/airflow/example_dags/example_branch_operator_decorator.py
[2025-07-01T05:20:21.162+0000] {processor.py:914} INFO - Processing file /home/airflow/.local/lib/python3.12/site-packages/airflow/example_dags/example_branch_operator_decorator.py for tasks to queue
[2025-07-01T05:20:21.165+0000] {logging_mixin.py:190} INFO - [2025-07-01T05:20:21.165+0000] {dagbag.py:588} INFO - Filling up the DagBag from /home/airflow/.local/lib/python3.12/site-packages/airflow/example_dags/example_branch_operator_decorator.py
[2025-07-01T05:20:21.186+0000] {processor.py:925} INFO - DAG(s) 'example_branch_python_operator_decorator' retrieved from /home/airflow/.local/lib/python3.12/site-packages/airflow/example_dags/example_branch_operator_decorator.py
[2025-07-01T05:20:21.213+0000] {logging_mixin.py:190} INFO - [2025-07-01T05:20:21.213+0000] {dag.py:3239} INFO - Sync 1 DAGs
[2025-07-01T05:20:21.235+0000] {logging_mixin.py:190} INFO - [2025-07-01T05:20:21.235+0000] {dag.py:4180} INFO - Setting next_dagrun for example_branch_python_operator_decorator to 2025-06-30 00:00:00+00:00, run_after=2025-07-01 00:00:00+00:00
[2025-07-01T05:20:21.254+0000] {processor.py:208} INFO - Processing /home/airflow/.local/lib/python3.12/site-packages/airflow/example_dags/example_branch_operator_decorator.py took 0.098 seconds
[2025-07-01T05:20:51.842+0000] {processor.py:186} INFO - Started process (PID=26587) to work on /home/airflow/.local/lib/python3.12/site-packages/airflow/example_dags/example_branch_operator_decorator.py
[2025-07-01T05:20:51.843+0000] {processor.py:914} INFO - Processing file /home/airflow/.local/lib/python3.12/site-packages/airflow/example_dags/example_branch_operator_decorator.py for tasks to queue
[2025-07-01T05:20:51.846+0000] {logging_mixin.py:190} INFO - [2025-07-01T05:20:51.846+0000] {dagbag.py:588} INFO - Filling up the DagBag from /home/airflow/.local/lib/python3.12/site-packages/airflow/example_dags/example_branch_operator_decorator.py
[2025-07-01T05:20:51.867+0000] {processor.py:925} INFO - DAG(s) 'example_branch_python_operator_decorator' retrieved from /home/airflow/.local/lib/python3.12/site-packages/airflow/example_dags/example_branch_operator_decorator.py
[2025-07-01T05:20:51.893+0000] {logging_mixin.py:190} INFO - [2025-07-01T05:20:51.893+0000] {dag.py:3239} INFO - Sync 1 DAGs
[2025-07-01T05:20:51.916+0000] {logging_mixin.py:190} INFO - [2025-07-01T05:20:51.916+0000] {dag.py:4180} INFO - Setting next_dagrun for example_branch_python_operator_decorator to 2025-06-30 00:00:00+00:00, run_after=2025-07-01 00:00:00+00:00
[2025-07-01T05:20:51.937+0000] {processor.py:208} INFO - Processing /home/airflow/.local/lib/python3.12/site-packages/airflow/example_dags/example_branch_operator_decorator.py took 0.103 seconds
[2025-07-01T05:21:22.317+0000] {processor.py:186} INFO - Started process (PID=26649) to work on /home/airflow/.local/lib/python3.12/site-packages/airflow/example_dags/example_branch_operator_decorator.py
[2025-07-01T05:21:22.318+0000] {processor.py:914} INFO - Processing file /home/airflow/.local/lib/python3.12/site-packages/airflow/example_dags/example_branch_operator_decorator.py for tasks to queue
[2025-07-01T05:21:22.321+0000] {logging_mixin.py:190} INFO - [2025-07-01T05:21:22.321+0000] {dagbag.py:588} INFO - Filling up the DagBag from /home/airflow/.local/lib/python3.12/site-packages/airflow/example_dags/example_branch_operator_decorator.py
[2025-07-01T05:21:22.340+0000] {processor.py:925} INFO - DAG(s) 'example_branch_python_operator_decorator' retrieved from /home/airflow/.local/lib/python3.12/site-packages/airflow/example_dags/example_branch_operator_decorator.py
[2025-07-01T05:21:22.367+0000] {logging_mixin.py:190} INFO - [2025-07-01T05:21:22.366+0000] {dag.py:3239} INFO - Sync 1 DAGs
[2025-07-01T05:21:22.388+0000] {logging_mixin.py:190} INFO - [2025-07-01T05:21:22.388+0000] {dag.py:4180} INFO - Setting next_dagrun for example_branch_python_operator_decorator to 2025-06-30 00:00:00+00:00, run_after=2025-07-01 00:00:00+00:00
[2025-07-01T05:21:22.405+0000] {processor.py:208} INFO - Processing /home/airflow/.local/lib/python3.12/site-packages/airflow/example_dags/example_branch_operator_decorator.py took 0.094 seconds
[2025-07-01T05:21:52.944+0000] {processor.py:186} INFO - Started process (PID=26711) to work on /home/airflow/.local/lib/python3.12/site-packages/airflow/example_dags/example_branch_operator_decorator.py
[2025-07-01T05:21:52.945+0000] {processor.py:914} INFO - Processing file /home/airflow/.local/lib/python3.12/site-packages/airflow/example_dags/example_branch_operator_decorator.py for tasks to queue
[2025-07-01T05:21:52.947+0000] {logging_mixin.py:190} INFO - [2025-07-01T05:21:52.947+0000] {dagbag.py:588} INFO - Filling up the DagBag from /home/airflow/.local/lib/python3.12/site-packages/airflow/example_dags/example_branch_operator_decorator.py
[2025-07-01T05:21:52.971+0000] {processor.py:925} INFO - DAG(s) 'example_branch_python_operator_decorator' retrieved from /home/airflow/.local/lib/python3.12/site-packages/airflow/example_dags/example_branch_operator_decorator.py
[2025-07-01T05:21:52.997+0000] {logging_mixin.py:190} INFO - [2025-07-01T05:21:52.997+0000] {dag.py:3239} INFO - Sync 1 DAGs
[2025-07-01T05:21:53.019+0000] {logging_mixin.py:190} INFO - [2025-07-01T05:21:53.018+0000] {dag.py:4180} INFO - Setting next_dagrun for example_branch_python_operator_decorator to 2025-06-30 00:00:00+00:00, run_after=2025-07-01 00:00:00+00:00
[2025-07-01T05:21:53.037+0000] {processor.py:208} INFO - Processing /home/airflow/.local/lib/python3.12/site-packages/airflow/example_dags/example_branch_operator_decorator.py took 0.099 seconds
[2025-07-01T05:22:24.082+0000] {processor.py:186} INFO - Started process (PID=26773) to work on /home/airflow/.local/lib/python3.12/site-packages/airflow/example_dags/example_branch_operator_decorator.py
[2025-07-01T05:22:24.083+0000] {processor.py:914} INFO - Processing file /home/airflow/.local/lib/python3.12/site-packages/airflow/example_dags/example_branch_operator_decorator.py for tasks to queue
[2025-07-01T05:22:24.086+0000] {logging_mixin.py:190} INFO - [2025-07-01T05:22:24.085+0000] {dagbag.py:588} INFO - Filling up the DagBag from /home/airflow/.local/lib/python3.12/site-packages/airflow/example_dags/example_branch_operator_decorator.py
[2025-07-01T05:22:24.103+0000] {processor.py:925} INFO - DAG(s) 'example_branch_python_operator_decorator' retrieved from /home/airflow/.local/lib/python3.12/site-packages/airflow/example_dags/example_branch_operator_decorator.py
[2025-07-01T05:22:24.129+0000] {logging_mixin.py:190} INFO - [2025-07-01T05:22:24.128+0000] {dag.py:3239} INFO - Sync 1 DAGs
[2025-07-01T05:22:24.150+0000] {logging_mixin.py:190} INFO - [2025-07-01T05:22:24.150+0000] {dag.py:4180} INFO - Setting next_dagrun for example_branch_python_operator_decorator to 2025-06-30 00:00:00+00:00, run_after=2025-07-01 00:00:00+00:00
[2025-07-01T05:22:24.166+0000] {processor.py:208} INFO - Processing /home/airflow/.local/lib/python3.12/site-packages/airflow/example_dags/example_branch_operator_decorator.py took 0.092 seconds
[2025-07-01T05:22:55.044+0000] {processor.py:186} INFO - Started process (PID=26835) to work on /home/airflow/.local/lib/python3.12/site-packages/airflow/example_dags/example_branch_operator_decorator.py
[2025-07-01T05:22:55.045+0000] {processor.py:914} INFO - Processing file /home/airflow/.local/lib/python3.12/site-packages/airflow/example_dags/example_branch_operator_decorator.py for tasks to queue
[2025-07-01T05:22:55.048+0000] {logging_mixin.py:190} INFO - [2025-07-01T05:22:55.047+0000] {dagbag.py:588} INFO - Filling up the DagBag from /home/airflow/.local/lib/python3.12/site-packages/airflow/example_dags/example_branch_operator_decorator.py
[2025-07-01T05:22:55.068+0000] {processor.py:925} INFO - DAG(s) 'example_branch_python_operator_decorator' retrieved from /home/airflow/.local/lib/python3.12/site-packages/airflow/example_dags/example_branch_operator_decorator.py
[2025-07-01T05:22:55.093+0000] {logging_mixin.py:190} INFO - [2025-07-01T05:22:55.093+0000] {dag.py:3239} INFO - Sync 1 DAGs
[2025-07-01T05:22:55.115+0000] {logging_mixin.py:190} INFO - [2025-07-01T05:22:55.115+0000] {dag.py:4180} INFO - Setting next_dagrun for example_branch_python_operator_decorator to 2025-06-30 00:00:00+00:00, run_after=2025-07-01 00:00:00+00:00
[2025-07-01T05:22:55.132+0000] {processor.py:208} INFO - Processing /home/airflow/.local/lib/python3.12/site-packages/airflow/example_dags/example_branch_operator_decorator.py took 0.095 seconds
[2025-07-01T05:23:25.606+0000] {processor.py:186} INFO - Started process (PID=26897) to work on /home/airflow/.local/lib/python3.12/site-packages/airflow/example_dags/example_branch_operator_decorator.py
[2025-07-01T05:23:25.609+0000] {processor.py:914} INFO - Processing file /home/airflow/.local/lib/python3.12/site-packages/airflow/example_dags/example_branch_operator_decorator.py for tasks to queue
[2025-07-01T05:23:25.612+0000] {logging_mixin.py:190} INFO - [2025-07-01T05:23:25.611+0000] {dagbag.py:588} INFO - Filling up the DagBag from /home/airflow/.local/lib/python3.12/site-packages/airflow/example_dags/example_branch_operator_decorator.py
[2025-07-01T05:23:25.632+0000] {processor.py:925} INFO - DAG(s) 'example_branch_python_operator_decorator' retrieved from /home/airflow/.local/lib/python3.12/site-packages/airflow/example_dags/example_branch_operator_decorator.py
[2025-07-01T05:23:25.657+0000] {logging_mixin.py:190} INFO - [2025-07-01T05:23:25.657+0000] {dag.py:3239} INFO - Sync 1 DAGs
[2025-07-01T05:23:25.679+0000] {logging_mixin.py:190} INFO - [2025-07-01T05:23:25.679+0000] {dag.py:4180} INFO - Setting next_dagrun for example_branch_python_operator_decorator to 2025-06-30 00:00:00+00:00, run_after=2025-07-01 00:00:00+00:00
[2025-07-01T05:23:25.696+0000] {processor.py:208} INFO - Processing /home/airflow/.local/lib/python3.12/site-packages/airflow/example_dags/example_branch_operator_decorator.py took 0.096 seconds
[2025-07-01T05:23:56.213+0000] {processor.py:186} INFO - Started process (PID=26959) to work on /home/airflow/.local/lib/python3.12/site-packages/airflow/example_dags/example_branch_operator_decorator.py
[2025-07-01T05:23:56.214+0000] {processor.py:914} INFO - Processing file /home/airflow/.local/lib/python3.12/site-packages/airflow/example_dags/example_branch_operator_decorator.py for tasks to queue
[2025-07-01T05:23:56.216+0000] {logging_mixin.py:190} INFO - [2025-07-01T05:23:56.216+0000] {dagbag.py:588} INFO - Filling up the DagBag from /home/airflow/.local/lib/python3.12/site-packages/airflow/example_dags/example_branch_operator_decorator.py
[2025-07-01T05:23:56.237+0000] {processor.py:925} INFO - DAG(s) 'example_branch_python_operator_decorator' retrieved from /home/airflow/.local/lib/python3.12/site-packages/airflow/example_dags/example_branch_operator_decorator.py
[2025-07-01T05:23:56.262+0000] {logging_mixin.py:190} INFO - [2025-07-01T05:23:56.261+0000] {dag.py:3239} INFO - Sync 1 DAGs
[2025-07-01T05:23:56.284+0000] {logging_mixin.py:190} INFO - [2025-07-01T05:23:56.283+0000] {dag.py:4180} INFO - Setting next_dagrun for example_branch_python_operator_decorator to 2025-06-30 00:00:00+00:00, run_after=2025-07-01 00:00:00+00:00
[2025-07-01T05:23:56.300+0000] {processor.py:208} INFO - Processing /home/airflow/.local/lib/python3.12/site-packages/airflow/example_dags/example_branch_operator_decorator.py took 0.094 seconds
[2025-07-01T05:24:26.810+0000] {processor.py:186} INFO - Started process (PID=27021) to work on /home/airflow/.local/lib/python3.12/site-packages/airflow/example_dags/example_branch_operator_decorator.py
[2025-07-01T05:24:26.811+0000] {processor.py:914} INFO - Processing file /home/airflow/.local/lib/python3.12/site-packages/airflow/example_dags/example_branch_operator_decorator.py for tasks to queue
[2025-07-01T05:24:26.814+0000] {logging_mixin.py:190} INFO - [2025-07-01T05:24:26.814+0000] {dagbag.py:588} INFO - Filling up the DagBag from /home/airflow/.local/lib/python3.12/site-packages/airflow/example_dags/example_branch_operator_decorator.py
[2025-07-01T05:24:26.837+0000] {processor.py:925} INFO - DAG(s) 'example_branch_python_operator_decorator' retrieved from /home/airflow/.local/lib/python3.12/site-packages/airflow/example_dags/example_branch_operator_decorator.py
[2025-07-01T05:24:26.865+0000] {logging_mixin.py:190} INFO - [2025-07-01T05:24:26.865+0000] {dag.py:3239} INFO - Sync 1 DAGs
[2025-07-01T05:24:26.887+0000] {logging_mixin.py:190} INFO - [2025-07-01T05:24:26.887+0000] {dag.py:4180} INFO - Setting next_dagrun for example_branch_python_operator_decorator to 2025-06-30 00:00:00+00:00, run_after=2025-07-01 00:00:00+00:00
[2025-07-01T05:24:26.905+0000] {processor.py:208} INFO - Processing /home/airflow/.local/lib/python3.12/site-packages/airflow/example_dags/example_branch_operator_decorator.py took 0.101 seconds
[2025-07-01T05:24:57.524+0000] {processor.py:186} INFO - Started process (PID=27083) to work on /home/airflow/.local/lib/python3.12/site-packages/airflow/example_dags/example_branch_operator_decorator.py
[2025-07-01T05:24:57.525+0000] {processor.py:914} INFO - Processing file /home/airflow/.local/lib/python3.12/site-packages/airflow/example_dags/example_branch_operator_decorator.py for tasks to queue
[2025-07-01T05:24:57.529+0000] {logging_mixin.py:190} INFO - [2025-07-01T05:24:57.528+0000] {dagbag.py:588} INFO - Filling up the DagBag from /home/airflow/.local/lib/python3.12/site-packages/airflow/example_dags/example_branch_operator_decorator.py
[2025-07-01T05:24:57.557+0000] {processor.py:925} INFO - DAG(s) 'example_branch_python_operator_decorator' retrieved from /home/airflow/.local/lib/python3.12/site-packages/airflow/example_dags/example_branch_operator_decorator.py
[2025-07-01T05:24:57.590+0000] {logging_mixin.py:190} INFO - [2025-07-01T05:24:57.590+0000] {dag.py:3239} INFO - Sync 1 DAGs
[2025-07-01T05:24:57.619+0000] {logging_mixin.py:190} INFO - [2025-07-01T05:24:57.619+0000] {dag.py:4180} INFO - Setting next_dagrun for example_branch_python_operator_decorator to 2025-06-30 00:00:00+00:00, run_after=2025-07-01 00:00:00+00:00
[2025-07-01T05:24:57.649+0000] {processor.py:208} INFO - Processing /home/airflow/.local/lib/python3.12/site-packages/airflow/example_dags/example_branch_operator_decorator.py took 0.131 seconds
[2025-07-01T05:25:28.611+0000] {processor.py:186} INFO - Started process (PID=27145) to work on /home/airflow/.local/lib/python3.12/site-packages/airflow/example_dags/example_branch_operator_decorator.py
[2025-07-01T05:25:28.612+0000] {processor.py:914} INFO - Processing file /home/airflow/.local/lib/python3.12/site-packages/airflow/example_dags/example_branch_operator_decorator.py for tasks to queue
[2025-07-01T05:25:28.615+0000] {logging_mixin.py:190} INFO - [2025-07-01T05:25:28.615+0000] {dagbag.py:588} INFO - Filling up the DagBag from /home/airflow/.local/lib/python3.12/site-packages/airflow/example_dags/example_branch_operator_decorator.py
[2025-07-01T05:25:28.649+0000] {processor.py:925} INFO - DAG(s) 'example_branch_python_operator_decorator' retrieved from /home/airflow/.local/lib/python3.12/site-packages/airflow/example_dags/example_branch_operator_decorator.py
[2025-07-01T05:25:28.683+0000] {logging_mixin.py:190} INFO - [2025-07-01T05:25:28.682+0000] {dag.py:3239} INFO - Sync 1 DAGs
[2025-07-01T05:25:28.714+0000] {logging_mixin.py:190} INFO - [2025-07-01T05:25:28.713+0000] {dag.py:4180} INFO - Setting next_dagrun for example_branch_python_operator_decorator to 2025-06-30 00:00:00+00:00, run_after=2025-07-01 00:00:00+00:00
[2025-07-01T05:25:28.738+0000] {processor.py:208} INFO - Processing /home/airflow/.local/lib/python3.12/site-packages/airflow/example_dags/example_branch_operator_decorator.py took 0.133 seconds
[2025-07-01T05:25:59.234+0000] {processor.py:186} INFO - Started process (PID=27207) to work on /home/airflow/.local/lib/python3.12/site-packages/airflow/example_dags/example_branch_operator_decorator.py
[2025-07-01T05:25:59.235+0000] {processor.py:914} INFO - Processing file /home/airflow/.local/lib/python3.12/site-packages/airflow/example_dags/example_branch_operator_decorator.py for tasks to queue
[2025-07-01T05:25:59.238+0000] {logging_mixin.py:190} INFO - [2025-07-01T05:25:59.238+0000] {dagbag.py:588} INFO - Filling up the DagBag from /home/airflow/.local/lib/python3.12/site-packages/airflow/example_dags/example_branch_operator_decorator.py
[2025-07-01T05:25:59.265+0000] {processor.py:925} INFO - DAG(s) 'example_branch_python_operator_decorator' retrieved from /home/airflow/.local/lib/python3.12/site-packages/airflow/example_dags/example_branch_operator_decorator.py
[2025-07-01T05:25:59.292+0000] {logging_mixin.py:190} INFO - [2025-07-01T05:25:59.292+0000] {dag.py:3239} INFO - Sync 1 DAGs
[2025-07-01T05:25:59.319+0000] {logging_mixin.py:190} INFO - [2025-07-01T05:25:59.319+0000] {dag.py:4180} INFO - Setting next_dagrun for example_branch_python_operator_decorator to 2025-06-30 00:00:00+00:00, run_after=2025-07-01 00:00:00+00:00
[2025-07-01T05:25:59.341+0000] {processor.py:208} INFO - Processing /home/airflow/.local/lib/python3.12/site-packages/airflow/example_dags/example_branch_operator_decorator.py took 0.112 seconds
[2025-07-01T05:26:29.772+0000] {processor.py:186} INFO - Started process (PID=27269) to work on /home/airflow/.local/lib/python3.12/site-packages/airflow/example_dags/example_branch_operator_decorator.py
[2025-07-01T05:26:29.773+0000] {processor.py:914} INFO - Processing file /home/airflow/.local/lib/python3.12/site-packages/airflow/example_dags/example_branch_operator_decorator.py for tasks to queue
[2025-07-01T05:26:29.775+0000] {logging_mixin.py:190} INFO - [2025-07-01T05:26:29.775+0000] {dagbag.py:588} INFO - Filling up the DagBag from /home/airflow/.local/lib/python3.12/site-packages/airflow/example_dags/example_branch_operator_decorator.py
[2025-07-01T05:26:29.796+0000] {processor.py:925} INFO - DAG(s) 'example_branch_python_operator_decorator' retrieved from /home/airflow/.local/lib/python3.12/site-packages/airflow/example_dags/example_branch_operator_decorator.py
[2025-07-01T05:26:29.823+0000] {logging_mixin.py:190} INFO - [2025-07-01T05:26:29.823+0000] {dag.py:3239} INFO - Sync 1 DAGs
[2025-07-01T05:26:29.848+0000] {logging_mixin.py:190} INFO - [2025-07-01T05:26:29.848+0000] {dag.py:4180} INFO - Setting next_dagrun for example_branch_python_operator_decorator to 2025-06-30 00:00:00+00:00, run_after=2025-07-01 00:00:00+00:00
[2025-07-01T05:26:29.865+0000] {processor.py:208} INFO - Processing /home/airflow/.local/lib/python3.12/site-packages/airflow/example_dags/example_branch_operator_decorator.py took 0.099 seconds
[2025-07-01T05:27:00.608+0000] {processor.py:186} INFO - Started process (PID=27331) to work on /home/airflow/.local/lib/python3.12/site-packages/airflow/example_dags/example_branch_operator_decorator.py
[2025-07-01T05:27:00.609+0000] {processor.py:914} INFO - Processing file /home/airflow/.local/lib/python3.12/site-packages/airflow/example_dags/example_branch_operator_decorator.py for tasks to queue
[2025-07-01T05:27:00.611+0000] {logging_mixin.py:190} INFO - [2025-07-01T05:27:00.611+0000] {dagbag.py:588} INFO - Filling up the DagBag from /home/airflow/.local/lib/python3.12/site-packages/airflow/example_dags/example_branch_operator_decorator.py
[2025-07-01T05:27:00.631+0000] {processor.py:925} INFO - DAG(s) 'example_branch_python_operator_decorator' retrieved from /home/airflow/.local/lib/python3.12/site-packages/airflow/example_dags/example_branch_operator_decorator.py
[2025-07-01T05:27:00.656+0000] {logging_mixin.py:190} INFO - [2025-07-01T05:27:00.656+0000] {dag.py:3239} INFO - Sync 1 DAGs
[2025-07-01T05:27:00.678+0000] {logging_mixin.py:190} INFO - [2025-07-01T05:27:00.678+0000] {dag.py:4180} INFO - Setting next_dagrun for example_branch_python_operator_decorator to 2025-06-30 00:00:00+00:00, run_after=2025-07-01 00:00:00+00:00
[2025-07-01T05:27:00.696+0000] {processor.py:208} INFO - Processing /home/airflow/.local/lib/python3.12/site-packages/airflow/example_dags/example_branch_operator_decorator.py took 0.094 seconds
[2025-07-01T05:27:31.141+0000] {processor.py:186} INFO - Started process (PID=27393) to work on /home/airflow/.local/lib/python3.12/site-packages/airflow/example_dags/example_branch_operator_decorator.py
[2025-07-01T05:27:31.142+0000] {processor.py:914} INFO - Processing file /home/airflow/.local/lib/python3.12/site-packages/airflow/example_dags/example_branch_operator_decorator.py for tasks to queue
[2025-07-01T05:27:31.144+0000] {logging_mixin.py:190} INFO - [2025-07-01T05:27:31.144+0000] {dagbag.py:588} INFO - Filling up the DagBag from /home/airflow/.local/lib/python3.12/site-packages/airflow/example_dags/example_branch_operator_decorator.py
[2025-07-01T05:27:31.165+0000] {processor.py:925} INFO - DAG(s) 'example_branch_python_operator_decorator' retrieved from /home/airflow/.local/lib/python3.12/site-packages/airflow/example_dags/example_branch_operator_decorator.py
[2025-07-01T05:27:31.190+0000] {logging_mixin.py:190} INFO - [2025-07-01T05:27:31.190+0000] {dag.py:3239} INFO - Sync 1 DAGs
[2025-07-01T05:27:31.213+0000] {logging_mixin.py:190} INFO - [2025-07-01T05:27:31.213+0000] {dag.py:4180} INFO - Setting next_dagrun for example_branch_python_operator_decorator to 2025-06-30 00:00:00+00:00, run_after=2025-07-01 00:00:00+00:00
[2025-07-01T05:27:31.232+0000] {processor.py:208} INFO - Processing /home/airflow/.local/lib/python3.12/site-packages/airflow/example_dags/example_branch_operator_decorator.py took 0.098 seconds
[2025-07-01T05:28:02.234+0000] {processor.py:186} INFO - Started process (PID=27461) to work on /home/airflow/.local/lib/python3.12/site-packages/airflow/example_dags/example_branch_operator_decorator.py
[2025-07-01T05:28:02.235+0000] {processor.py:914} INFO - Processing file /home/airflow/.local/lib/python3.12/site-packages/airflow/example_dags/example_branch_operator_decorator.py for tasks to queue
[2025-07-01T05:28:02.237+0000] {logging_mixin.py:190} INFO - [2025-07-01T05:28:02.237+0000] {dagbag.py:588} INFO - Filling up the DagBag from /home/airflow/.local/lib/python3.12/site-packages/airflow/example_dags/example_branch_operator_decorator.py
[2025-07-01T05:28:02.257+0000] {processor.py:925} INFO - DAG(s) 'example_branch_python_operator_decorator' retrieved from /home/airflow/.local/lib/python3.12/site-packages/airflow/example_dags/example_branch_operator_decorator.py
[2025-07-01T05:28:02.283+0000] {logging_mixin.py:190} INFO - [2025-07-01T05:28:02.283+0000] {dag.py:3239} INFO - Sync 1 DAGs
[2025-07-01T05:28:02.304+0000] {logging_mixin.py:190} INFO - [2025-07-01T05:28:02.304+0000] {dag.py:4180} INFO - Setting next_dagrun for example_branch_python_operator_decorator to 2025-06-30 00:00:00+00:00, run_after=2025-07-01 00:00:00+00:00
[2025-07-01T05:28:02.319+0000] {processor.py:208} INFO - Processing /home/airflow/.local/lib/python3.12/site-packages/airflow/example_dags/example_branch_operator_decorator.py took 0.092 seconds
[2025-07-01T05:28:32.640+0000] {processor.py:186} INFO - Started process (PID=27523) to work on /home/airflow/.local/lib/python3.12/site-packages/airflow/example_dags/example_branch_operator_decorator.py
[2025-07-01T05:28:32.641+0000] {processor.py:914} INFO - Processing file /home/airflow/.local/lib/python3.12/site-packages/airflow/example_dags/example_branch_operator_decorator.py for tasks to queue
[2025-07-01T05:28:32.644+0000] {logging_mixin.py:190} INFO - [2025-07-01T05:28:32.644+0000] {dagbag.py:588} INFO - Filling up the DagBag from /home/airflow/.local/lib/python3.12/site-packages/airflow/example_dags/example_branch_operator_decorator.py
[2025-07-01T05:28:32.664+0000] {processor.py:925} INFO - DAG(s) 'example_branch_python_operator_decorator' retrieved from /home/airflow/.local/lib/python3.12/site-packages/airflow/example_dags/example_branch_operator_decorator.py
[2025-07-01T05:28:32.692+0000] {logging_mixin.py:190} INFO - [2025-07-01T05:28:32.691+0000] {dag.py:3239} INFO - Sync 1 DAGs
[2025-07-01T05:28:32.717+0000] {logging_mixin.py:190} INFO - [2025-07-01T05:28:32.717+0000] {dag.py:4180} INFO - Setting next_dagrun for example_branch_python_operator_decorator to 2025-06-30 00:00:00+00:00, run_after=2025-07-01 00:00:00+00:00
[2025-07-01T05:28:32.734+0000] {processor.py:208} INFO - Processing /home/airflow/.local/lib/python3.12/site-packages/airflow/example_dags/example_branch_operator_decorator.py took 0.100 seconds
[2025-07-01T05:29:03.793+0000] {processor.py:186} INFO - Started process (PID=27585) to work on /home/airflow/.local/lib/python3.12/site-packages/airflow/example_dags/example_branch_operator_decorator.py
[2025-07-01T05:29:03.794+0000] {processor.py:914} INFO - Processing file /home/airflow/.local/lib/python3.12/site-packages/airflow/example_dags/example_branch_operator_decorator.py for tasks to queue
[2025-07-01T05:29:03.796+0000] {logging_mixin.py:190} INFO - [2025-07-01T05:29:03.796+0000] {dagbag.py:588} INFO - Filling up the DagBag from /home/airflow/.local/lib/python3.12/site-packages/airflow/example_dags/example_branch_operator_decorator.py
[2025-07-01T05:29:03.817+0000] {processor.py:925} INFO - DAG(s) 'example_branch_python_operator_decorator' retrieved from /home/airflow/.local/lib/python3.12/site-packages/airflow/example_dags/example_branch_operator_decorator.py
[2025-07-01T05:29:03.842+0000] {logging_mixin.py:190} INFO - [2025-07-01T05:29:03.842+0000] {dag.py:3239} INFO - Sync 1 DAGs
[2025-07-01T05:29:03.865+0000] {logging_mixin.py:190} INFO - [2025-07-01T05:29:03.865+0000] {dag.py:4180} INFO - Setting next_dagrun for example_branch_python_operator_decorator to 2025-06-30 00:00:00+00:00, run_after=2025-07-01 00:00:00+00:00
[2025-07-01T05:29:03.882+0000] {processor.py:208} INFO - Processing /home/airflow/.local/lib/python3.12/site-packages/airflow/example_dags/example_branch_operator_decorator.py took 0.095 seconds
[2025-07-01T05:29:34.056+0000] {processor.py:186} INFO - Started process (PID=27647) to work on /home/airflow/.local/lib/python3.12/site-packages/airflow/example_dags/example_branch_operator_decorator.py
[2025-07-01T05:29:34.058+0000] {processor.py:914} INFO - Processing file /home/airflow/.local/lib/python3.12/site-packages/airflow/example_dags/example_branch_operator_decorator.py for tasks to queue
[2025-07-01T05:29:34.061+0000] {logging_mixin.py:190} INFO - [2025-07-01T05:29:34.061+0000] {dagbag.py:588} INFO - Filling up the DagBag from /home/airflow/.local/lib/python3.12/site-packages/airflow/example_dags/example_branch_operator_decorator.py
[2025-07-01T05:29:34.085+0000] {processor.py:925} INFO - DAG(s) 'example_branch_python_operator_decorator' retrieved from /home/airflow/.local/lib/python3.12/site-packages/airflow/example_dags/example_branch_operator_decorator.py
[2025-07-01T05:29:34.114+0000] {logging_mixin.py:190} INFO - [2025-07-01T05:29:34.114+0000] {dag.py:3239} INFO - Sync 1 DAGs
[2025-07-01T05:29:34.144+0000] {logging_mixin.py:190} INFO - [2025-07-01T05:29:34.144+0000] {dag.py:4180} INFO - Setting next_dagrun for example_branch_python_operator_decorator to 2025-06-30 00:00:00+00:00, run_after=2025-07-01 00:00:00+00:00
[2025-07-01T05:29:34.160+0000] {processor.py:208} INFO - Processing /home/airflow/.local/lib/python3.12/site-packages/airflow/example_dags/example_branch_operator_decorator.py took 0.111 seconds
[2025-07-01T05:30:04.794+0000] {processor.py:186} INFO - Started process (PID=27709) to work on /home/airflow/.local/lib/python3.12/site-packages/airflow/example_dags/example_branch_operator_decorator.py
[2025-07-01T05:30:04.795+0000] {processor.py:914} INFO - Processing file /home/airflow/.local/lib/python3.12/site-packages/airflow/example_dags/example_branch_operator_decorator.py for tasks to queue
[2025-07-01T05:30:04.798+0000] {logging_mixin.py:190} INFO - [2025-07-01T05:30:04.797+0000] {dagbag.py:588} INFO - Filling up the DagBag from /home/airflow/.local/lib/python3.12/site-packages/airflow/example_dags/example_branch_operator_decorator.py
[2025-07-01T05:30:04.817+0000] {processor.py:925} INFO - DAG(s) 'example_branch_python_operator_decorator' retrieved from /home/airflow/.local/lib/python3.12/site-packages/airflow/example_dags/example_branch_operator_decorator.py
[2025-07-01T05:30:04.844+0000] {logging_mixin.py:190} INFO - [2025-07-01T05:30:04.843+0000] {dag.py:3239} INFO - Sync 1 DAGs
[2025-07-01T05:30:04.868+0000] {logging_mixin.py:190} INFO - [2025-07-01T05:30:04.868+0000] {dag.py:4180} INFO - Setting next_dagrun for example_branch_python_operator_decorator to 2025-06-30 00:00:00+00:00, run_after=2025-07-01 00:00:00+00:00
[2025-07-01T05:30:04.886+0000] {processor.py:208} INFO - Processing /home/airflow/.local/lib/python3.12/site-packages/airflow/example_dags/example_branch_operator_decorator.py took 0.097 seconds
[2025-07-01T05:30:35.277+0000] {processor.py:186} INFO - Started process (PID=27771) to work on /home/airflow/.local/lib/python3.12/site-packages/airflow/example_dags/example_branch_operator_decorator.py
[2025-07-01T05:30:35.278+0000] {processor.py:914} INFO - Processing file /home/airflow/.local/lib/python3.12/site-packages/airflow/example_dags/example_branch_operator_decorator.py for tasks to queue
[2025-07-01T05:30:35.281+0000] {logging_mixin.py:190} INFO - [2025-07-01T05:30:35.281+0000] {dagbag.py:588} INFO - Filling up the DagBag from /home/airflow/.local/lib/python3.12/site-packages/airflow/example_dags/example_branch_operator_decorator.py
[2025-07-01T05:30:35.301+0000] {processor.py:925} INFO - DAG(s) 'example_branch_python_operator_decorator' retrieved from /home/airflow/.local/lib/python3.12/site-packages/airflow/example_dags/example_branch_operator_decorator.py
[2025-07-01T05:30:35.328+0000] {logging_mixin.py:190} INFO - [2025-07-01T05:30:35.328+0000] {dag.py:3239} INFO - Sync 1 DAGs
[2025-07-01T05:30:35.352+0000] {logging_mixin.py:190} INFO - [2025-07-01T05:30:35.351+0000] {dag.py:4180} INFO - Setting next_dagrun for example_branch_python_operator_decorator to 2025-06-30 00:00:00+00:00, run_after=2025-07-01 00:00:00+00:00
[2025-07-01T05:30:35.370+0000] {processor.py:208} INFO - Processing /home/airflow/.local/lib/python3.12/site-packages/airflow/example_dags/example_branch_operator_decorator.py took 0.101 seconds
[2025-07-01T05:31:06.294+0000] {processor.py:186} INFO - Started process (PID=27837) to work on /home/airflow/.local/lib/python3.12/site-packages/airflow/example_dags/example_branch_operator_decorator.py
[2025-07-01T05:31:06.295+0000] {processor.py:914} INFO - Processing file /home/airflow/.local/lib/python3.12/site-packages/airflow/example_dags/example_branch_operator_decorator.py for tasks to queue
[2025-07-01T05:31:06.298+0000] {logging_mixin.py:190} INFO - [2025-07-01T05:31:06.298+0000] {dagbag.py:588} INFO - Filling up the DagBag from /home/airflow/.local/lib/python3.12/site-packages/airflow/example_dags/example_branch_operator_decorator.py
[2025-07-01T05:31:06.319+0000] {processor.py:925} INFO - DAG(s) 'example_branch_python_operator_decorator' retrieved from /home/airflow/.local/lib/python3.12/site-packages/airflow/example_dags/example_branch_operator_decorator.py
[2025-07-01T05:31:06.345+0000] {logging_mixin.py:190} INFO - [2025-07-01T05:31:06.344+0000] {dag.py:3239} INFO - Sync 1 DAGs
[2025-07-01T05:31:06.367+0000] {logging_mixin.py:190} INFO - [2025-07-01T05:31:06.367+0000] {dag.py:4180} INFO - Setting next_dagrun for example_branch_python_operator_decorator to 2025-06-30 00:00:00+00:00, run_after=2025-07-01 00:00:00+00:00
[2025-07-01T05:31:06.384+0000] {processor.py:208} INFO - Processing /home/airflow/.local/lib/python3.12/site-packages/airflow/example_dags/example_branch_operator_decorator.py took 0.096 seconds
[2025-07-01T05:31:37.102+0000] {processor.py:186} INFO - Started process (PID=27900) to work on /home/airflow/.local/lib/python3.12/site-packages/airflow/example_dags/example_branch_operator_decorator.py
[2025-07-01T05:31:37.103+0000] {processor.py:914} INFO - Processing file /home/airflow/.local/lib/python3.12/site-packages/airflow/example_dags/example_branch_operator_decorator.py for tasks to queue
[2025-07-01T05:31:37.105+0000] {logging_mixin.py:190} INFO - [2025-07-01T05:31:37.105+0000] {dagbag.py:588} INFO - Filling up the DagBag from /home/airflow/.local/lib/python3.12/site-packages/airflow/example_dags/example_branch_operator_decorator.py
[2025-07-01T05:31:37.127+0000] {processor.py:925} INFO - DAG(s) 'example_branch_python_operator_decorator' retrieved from /home/airflow/.local/lib/python3.12/site-packages/airflow/example_dags/example_branch_operator_decorator.py
[2025-07-01T05:31:37.156+0000] {logging_mixin.py:190} INFO - [2025-07-01T05:31:37.155+0000] {dag.py:3239} INFO - Sync 1 DAGs
[2025-07-01T05:31:37.181+0000] {logging_mixin.py:190} INFO - [2025-07-01T05:31:37.180+0000] {dag.py:4180} INFO - Setting next_dagrun for example_branch_python_operator_decorator to 2025-06-30 00:00:00+00:00, run_after=2025-07-01 00:00:00+00:00
[2025-07-01T05:31:37.198+0000] {processor.py:208} INFO - Processing /home/airflow/.local/lib/python3.12/site-packages/airflow/example_dags/example_branch_operator_decorator.py took 0.102 seconds
[2025-07-01T05:32:07.802+0000] {processor.py:186} INFO - Started process (PID=27962) to work on /home/airflow/.local/lib/python3.12/site-packages/airflow/example_dags/example_branch_operator_decorator.py
[2025-07-01T05:32:07.803+0000] {processor.py:914} INFO - Processing file /home/airflow/.local/lib/python3.12/site-packages/airflow/example_dags/example_branch_operator_decorator.py for tasks to queue
[2025-07-01T05:32:07.806+0000] {logging_mixin.py:190} INFO - [2025-07-01T05:32:07.805+0000] {dagbag.py:588} INFO - Filling up the DagBag from /home/airflow/.local/lib/python3.12/site-packages/airflow/example_dags/example_branch_operator_decorator.py
[2025-07-01T05:32:07.829+0000] {processor.py:925} INFO - DAG(s) 'example_branch_python_operator_decorator' retrieved from /home/airflow/.local/lib/python3.12/site-packages/airflow/example_dags/example_branch_operator_decorator.py
[2025-07-01T05:32:07.854+0000] {logging_mixin.py:190} INFO - [2025-07-01T05:32:07.854+0000] {dag.py:3239} INFO - Sync 1 DAGs
[2025-07-01T05:32:07.877+0000] {logging_mixin.py:190} INFO - [2025-07-01T05:32:07.877+0000] {dag.py:4180} INFO - Setting next_dagrun for example_branch_python_operator_decorator to 2025-06-30 00:00:00+00:00, run_after=2025-07-01 00:00:00+00:00
[2025-07-01T05:32:07.897+0000] {processor.py:208} INFO - Processing /home/airflow/.local/lib/python3.12/site-packages/airflow/example_dags/example_branch_operator_decorator.py took 0.101 seconds
[2025-07-01T05:32:38.645+0000] {processor.py:186} INFO - Started process (PID=28024) to work on /home/airflow/.local/lib/python3.12/site-packages/airflow/example_dags/example_branch_operator_decorator.py
[2025-07-01T05:32:38.646+0000] {processor.py:914} INFO - Processing file /home/airflow/.local/lib/python3.12/site-packages/airflow/example_dags/example_branch_operator_decorator.py for tasks to queue
[2025-07-01T05:32:38.651+0000] {logging_mixin.py:190} INFO - [2025-07-01T05:32:38.650+0000] {dagbag.py:588} INFO - Filling up the DagBag from /home/airflow/.local/lib/python3.12/site-packages/airflow/example_dags/example_branch_operator_decorator.py
[2025-07-01T05:32:38.682+0000] {processor.py:925} INFO - DAG(s) 'example_branch_python_operator_decorator' retrieved from /home/airflow/.local/lib/python3.12/site-packages/airflow/example_dags/example_branch_operator_decorator.py
[2025-07-01T05:32:38.711+0000] {logging_mixin.py:190} INFO - [2025-07-01T05:32:38.711+0000] {dag.py:3239} INFO - Sync 1 DAGs
[2025-07-01T05:32:38.735+0000] {logging_mixin.py:190} INFO - [2025-07-01T05:32:38.735+0000] {dag.py:4180} INFO - Setting next_dagrun for example_branch_python_operator_decorator to 2025-06-30 00:00:00+00:00, run_after=2025-07-01 00:00:00+00:00
[2025-07-01T05:32:38.751+0000] {processor.py:208} INFO - Processing /home/airflow/.local/lib/python3.12/site-packages/airflow/example_dags/example_branch_operator_decorator.py took 0.113 seconds
[2025-07-01T05:33:11.063+0000] {processor.py:186} INFO - Started process (PID=28086) to work on /home/airflow/.local/lib/python3.12/site-packages/airflow/example_dags/example_branch_operator_decorator.py
[2025-07-01T05:33:11.065+0000] {processor.py:914} INFO - Processing file /home/airflow/.local/lib/python3.12/site-packages/airflow/example_dags/example_branch_operator_decorator.py for tasks to queue
[2025-07-01T05:33:11.067+0000] {logging_mixin.py:190} INFO - [2025-07-01T05:33:11.067+0000] {dagbag.py:588} INFO - Filling up the DagBag from /home/airflow/.local/lib/python3.12/site-packages/airflow/example_dags/example_branch_operator_decorator.py
[2025-07-01T05:33:11.089+0000] {processor.py:925} INFO - DAG(s) 'example_branch_python_operator_decorator' retrieved from /home/airflow/.local/lib/python3.12/site-packages/airflow/example_dags/example_branch_operator_decorator.py
[2025-07-01T05:33:11.115+0000] {logging_mixin.py:190} INFO - [2025-07-01T05:33:11.115+0000] {dag.py:3239} INFO - Sync 1 DAGs
[2025-07-01T05:33:11.138+0000] {logging_mixin.py:190} INFO - [2025-07-01T05:33:11.137+0000] {dag.py:4180} INFO - Setting next_dagrun for example_branch_python_operator_decorator to 2025-06-30 00:00:00+00:00, run_after=2025-07-01 00:00:00+00:00
[2025-07-01T05:33:11.154+0000] {processor.py:208} INFO - Processing /home/airflow/.local/lib/python3.12/site-packages/airflow/example_dags/example_branch_operator_decorator.py took 0.097 seconds
[2025-07-01T05:33:42.525+0000] {processor.py:186} INFO - Started process (PID=28148) to work on /home/airflow/.local/lib/python3.12/site-packages/airflow/example_dags/example_branch_operator_decorator.py
[2025-07-01T05:33:42.526+0000] {processor.py:914} INFO - Processing file /home/airflow/.local/lib/python3.12/site-packages/airflow/example_dags/example_branch_operator_decorator.py for tasks to queue
[2025-07-01T05:33:42.529+0000] {logging_mixin.py:190} INFO - [2025-07-01T05:33:42.529+0000] {dagbag.py:588} INFO - Filling up the DagBag from /home/airflow/.local/lib/python3.12/site-packages/airflow/example_dags/example_branch_operator_decorator.py
[2025-07-01T05:33:42.549+0000] {processor.py:925} INFO - DAG(s) 'example_branch_python_operator_decorator' retrieved from /home/airflow/.local/lib/python3.12/site-packages/airflow/example_dags/example_branch_operator_decorator.py
[2025-07-01T05:33:42.577+0000] {logging_mixin.py:190} INFO - [2025-07-01T05:33:42.577+0000] {dag.py:3239} INFO - Sync 1 DAGs
[2025-07-01T05:33:42.766+0000] {logging_mixin.py:190} INFO - [2025-07-01T05:33:42.765+0000] {dag.py:4180} INFO - Setting next_dagrun for example_branch_python_operator_decorator to 2025-06-30 00:00:00+00:00, run_after=2025-07-01 00:00:00+00:00
[2025-07-01T05:33:42.783+0000] {processor.py:208} INFO - Processing /home/airflow/.local/lib/python3.12/site-packages/airflow/example_dags/example_branch_operator_decorator.py took 0.265 seconds
[2025-07-01T05:34:12.921+0000] {processor.py:186} INFO - Started process (PID=28210) to work on /home/airflow/.local/lib/python3.12/site-packages/airflow/example_dags/example_branch_operator_decorator.py
[2025-07-01T05:34:12.922+0000] {processor.py:914} INFO - Processing file /home/airflow/.local/lib/python3.12/site-packages/airflow/example_dags/example_branch_operator_decorator.py for tasks to queue
[2025-07-01T05:34:12.925+0000] {logging_mixin.py:190} INFO - [2025-07-01T05:34:12.925+0000] {dagbag.py:588} INFO - Filling up the DagBag from /home/airflow/.local/lib/python3.12/site-packages/airflow/example_dags/example_branch_operator_decorator.py
[2025-07-01T05:34:12.954+0000] {processor.py:925} INFO - DAG(s) 'example_branch_python_operator_decorator' retrieved from /home/airflow/.local/lib/python3.12/site-packages/airflow/example_dags/example_branch_operator_decorator.py
[2025-07-01T05:34:12.985+0000] {logging_mixin.py:190} INFO - [2025-07-01T05:34:12.985+0000] {dag.py:3239} INFO - Sync 1 DAGs
[2025-07-01T05:34:13.014+0000] {logging_mixin.py:190} INFO - [2025-07-01T05:34:13.013+0000] {dag.py:4180} INFO - Setting next_dagrun for example_branch_python_operator_decorator to 2025-06-30 00:00:00+00:00, run_after=2025-07-01 00:00:00+00:00
[2025-07-01T05:34:13.215+0000] {processor.py:208} INFO - Processing /home/airflow/.local/lib/python3.12/site-packages/airflow/example_dags/example_branch_operator_decorator.py took 0.301 seconds
[2025-07-01T05:34:43.438+0000] {processor.py:186} INFO - Started process (PID=28272) to work on /home/airflow/.local/lib/python3.12/site-packages/airflow/example_dags/example_branch_operator_decorator.py
[2025-07-01T05:34:43.439+0000] {processor.py:914} INFO - Processing file /home/airflow/.local/lib/python3.12/site-packages/airflow/example_dags/example_branch_operator_decorator.py for tasks to queue
[2025-07-01T05:34:43.442+0000] {logging_mixin.py:190} INFO - [2025-07-01T05:34:43.442+0000] {dagbag.py:588} INFO - Filling up the DagBag from /home/airflow/.local/lib/python3.12/site-packages/airflow/example_dags/example_branch_operator_decorator.py
[2025-07-01T05:34:43.464+0000] {processor.py:925} INFO - DAG(s) 'example_branch_python_operator_decorator' retrieved from /home/airflow/.local/lib/python3.12/site-packages/airflow/example_dags/example_branch_operator_decorator.py
[2025-07-01T05:34:43.491+0000] {logging_mixin.py:190} INFO - [2025-07-01T05:34:43.490+0000] {dag.py:3239} INFO - Sync 1 DAGs
[2025-07-01T05:34:43.513+0000] {logging_mixin.py:190} INFO - [2025-07-01T05:34:43.513+0000] {dag.py:4180} INFO - Setting next_dagrun for example_branch_python_operator_decorator to 2025-06-30 00:00:00+00:00, run_after=2025-07-01 00:00:00+00:00
[2025-07-01T05:34:43.531+0000] {processor.py:208} INFO - Processing /home/airflow/.local/lib/python3.12/site-packages/airflow/example_dags/example_branch_operator_decorator.py took 0.101 seconds
[2025-07-01T05:35:15.264+0000] {processor.py:186} INFO - Started process (PID=28334) to work on /home/airflow/.local/lib/python3.12/site-packages/airflow/example_dags/example_branch_operator_decorator.py
[2025-07-01T05:35:15.267+0000] {processor.py:914} INFO - Processing file /home/airflow/.local/lib/python3.12/site-packages/airflow/example_dags/example_branch_operator_decorator.py for tasks to queue
[2025-07-01T05:35:15.271+0000] {logging_mixin.py:190} INFO - [2025-07-01T05:35:15.270+0000] {dagbag.py:588} INFO - Filling up the DagBag from /home/airflow/.local/lib/python3.12/site-packages/airflow/example_dags/example_branch_operator_decorator.py
[2025-07-01T05:35:15.298+0000] {processor.py:925} INFO - DAG(s) 'example_branch_python_operator_decorator' retrieved from /home/airflow/.local/lib/python3.12/site-packages/airflow/example_dags/example_branch_operator_decorator.py
[2025-07-01T05:35:15.329+0000] {logging_mixin.py:190} INFO - [2025-07-01T05:35:15.329+0000] {dag.py:3239} INFO - Sync 1 DAGs
[2025-07-01T05:35:15.353+0000] {logging_mixin.py:190} INFO - [2025-07-01T05:35:15.353+0000] {dag.py:4180} INFO - Setting next_dagrun for example_branch_python_operator_decorator to 2025-06-30 00:00:00+00:00, run_after=2025-07-01 00:00:00+00:00
[2025-07-01T05:35:15.370+0000] {processor.py:208} INFO - Processing /home/airflow/.local/lib/python3.12/site-packages/airflow/example_dags/example_branch_operator_decorator.py took 0.112 seconds
[2025-07-01T05:35:46.381+0000] {processor.py:186} INFO - Started process (PID=28396) to work on /home/airflow/.local/lib/python3.12/site-packages/airflow/example_dags/example_branch_operator_decorator.py
[2025-07-01T05:35:46.383+0000] {processor.py:914} INFO - Processing file /home/airflow/.local/lib/python3.12/site-packages/airflow/example_dags/example_branch_operator_decorator.py for tasks to queue
[2025-07-01T05:35:46.386+0000] {logging_mixin.py:190} INFO - [2025-07-01T05:35:46.386+0000] {dagbag.py:588} INFO - Filling up the DagBag from /home/airflow/.local/lib/python3.12/site-packages/airflow/example_dags/example_branch_operator_decorator.py
[2025-07-01T05:35:46.580+0000] {processor.py:925} INFO - DAG(s) 'example_branch_python_operator_decorator' retrieved from /home/airflow/.local/lib/python3.12/site-packages/airflow/example_dags/example_branch_operator_decorator.py
[2025-07-01T05:35:46.606+0000] {logging_mixin.py:190} INFO - [2025-07-01T05:35:46.606+0000] {dag.py:3239} INFO - Sync 1 DAGs
[2025-07-01T05:35:46.626+0000] {logging_mixin.py:190} INFO - [2025-07-01T05:35:46.626+0000] {dag.py:4180} INFO - Setting next_dagrun for example_branch_python_operator_decorator to 2025-06-30 00:00:00+00:00, run_after=2025-07-01 00:00:00+00:00
[2025-07-01T05:35:46.642+0000] {processor.py:208} INFO - Processing /home/airflow/.local/lib/python3.12/site-packages/airflow/example_dags/example_branch_operator_decorator.py took 0.268 seconds
[2025-07-01T05:36:17.659+0000] {processor.py:186} INFO - Started process (PID=28460) to work on /home/airflow/.local/lib/python3.12/site-packages/airflow/example_dags/example_branch_operator_decorator.py
[2025-07-01T05:36:17.660+0000] {processor.py:914} INFO - Processing file /home/airflow/.local/lib/python3.12/site-packages/airflow/example_dags/example_branch_operator_decorator.py for tasks to queue
[2025-07-01T05:36:17.662+0000] {logging_mixin.py:190} INFO - [2025-07-01T05:36:17.662+0000] {dagbag.py:588} INFO - Filling up the DagBag from /home/airflow/.local/lib/python3.12/site-packages/airflow/example_dags/example_branch_operator_decorator.py
[2025-07-01T05:36:17.683+0000] {processor.py:925} INFO - DAG(s) 'example_branch_python_operator_decorator' retrieved from /home/airflow/.local/lib/python3.12/site-packages/airflow/example_dags/example_branch_operator_decorator.py
[2025-07-01T05:36:17.713+0000] {logging_mixin.py:190} INFO - [2025-07-01T05:36:17.713+0000] {dag.py:3239} INFO - Sync 1 DAGs
[2025-07-01T05:36:17.743+0000] {logging_mixin.py:190} INFO - [2025-07-01T05:36:17.742+0000] {dag.py:4180} INFO - Setting next_dagrun for example_branch_python_operator_decorator to 2025-06-30 00:00:00+00:00, run_after=2025-07-01 00:00:00+00:00
[2025-07-01T05:36:17.763+0000] {processor.py:208} INFO - Processing /home/airflow/.local/lib/python3.12/site-packages/airflow/example_dags/example_branch_operator_decorator.py took 0.111 seconds
[2025-07-01T05:36:48.636+0000] {processor.py:186} INFO - Started process (PID=28522) to work on /home/airflow/.local/lib/python3.12/site-packages/airflow/example_dags/example_branch_operator_decorator.py
[2025-07-01T05:36:48.637+0000] {processor.py:914} INFO - Processing file /home/airflow/.local/lib/python3.12/site-packages/airflow/example_dags/example_branch_operator_decorator.py for tasks to queue
[2025-07-01T05:36:48.640+0000] {logging_mixin.py:190} INFO - [2025-07-01T05:36:48.639+0000] {dagbag.py:588} INFO - Filling up the DagBag from /home/airflow/.local/lib/python3.12/site-packages/airflow/example_dags/example_branch_operator_decorator.py
[2025-07-01T05:36:48.660+0000] {processor.py:925} INFO - DAG(s) 'example_branch_python_operator_decorator' retrieved from /home/airflow/.local/lib/python3.12/site-packages/airflow/example_dags/example_branch_operator_decorator.py
[2025-07-01T05:36:48.694+0000] {logging_mixin.py:190} INFO - [2025-07-01T05:36:48.694+0000] {dag.py:3239} INFO - Sync 1 DAGs
[2025-07-01T05:36:48.736+0000] {logging_mixin.py:190} INFO - [2025-07-01T05:36:48.736+0000] {dag.py:4180} INFO - Setting next_dagrun for example_branch_python_operator_decorator to 2025-06-30 00:00:00+00:00, run_after=2025-07-01 00:00:00+00:00
[2025-07-01T05:36:48.761+0000] {processor.py:208} INFO - Processing /home/airflow/.local/lib/python3.12/site-packages/airflow/example_dags/example_branch_operator_decorator.py took 0.130 seconds
[2025-07-01T05:37:18.860+0000] {processor.py:186} INFO - Started process (PID=28584) to work on /home/airflow/.local/lib/python3.12/site-packages/airflow/example_dags/example_branch_operator_decorator.py
[2025-07-01T05:37:18.863+0000] {processor.py:914} INFO - Processing file /home/airflow/.local/lib/python3.12/site-packages/airflow/example_dags/example_branch_operator_decorator.py for tasks to queue
[2025-07-01T05:37:18.867+0000] {logging_mixin.py:190} INFO - [2025-07-01T05:37:18.866+0000] {dagbag.py:588} INFO - Filling up the DagBag from /home/airflow/.local/lib/python3.12/site-packages/airflow/example_dags/example_branch_operator_decorator.py
[2025-07-01T05:37:18.891+0000] {processor.py:925} INFO - DAG(s) 'example_branch_python_operator_decorator' retrieved from /home/airflow/.local/lib/python3.12/site-packages/airflow/example_dags/example_branch_operator_decorator.py
[2025-07-01T05:37:18.915+0000] {logging_mixin.py:190} INFO - [2025-07-01T05:37:18.915+0000] {dag.py:3239} INFO - Sync 1 DAGs
[2025-07-01T05:37:18.937+0000] {logging_mixin.py:190} INFO - [2025-07-01T05:37:18.937+0000] {dag.py:4180} INFO - Setting next_dagrun for example_branch_python_operator_decorator to 2025-06-30 00:00:00+00:00, run_after=2025-07-01 00:00:00+00:00
[2025-07-01T05:37:18.955+0000] {processor.py:208} INFO - Processing /home/airflow/.local/lib/python3.12/site-packages/airflow/example_dags/example_branch_operator_decorator.py took 0.101 seconds
[2025-07-01T05:37:49.246+0000] {processor.py:186} INFO - Started process (PID=28646) to work on /home/airflow/.local/lib/python3.12/site-packages/airflow/example_dags/example_branch_operator_decorator.py
[2025-07-01T05:37:49.247+0000] {processor.py:914} INFO - Processing file /home/airflow/.local/lib/python3.12/site-packages/airflow/example_dags/example_branch_operator_decorator.py for tasks to queue
[2025-07-01T05:37:49.251+0000] {logging_mixin.py:190} INFO - [2025-07-01T05:37:49.250+0000] {dagbag.py:588} INFO - Filling up the DagBag from /home/airflow/.local/lib/python3.12/site-packages/airflow/example_dags/example_branch_operator_decorator.py
[2025-07-01T05:37:49.272+0000] {processor.py:925} INFO - DAG(s) 'example_branch_python_operator_decorator' retrieved from /home/airflow/.local/lib/python3.12/site-packages/airflow/example_dags/example_branch_operator_decorator.py
[2025-07-01T05:37:49.299+0000] {logging_mixin.py:190} INFO - [2025-07-01T05:37:49.299+0000] {dag.py:3239} INFO - Sync 1 DAGs
[2025-07-01T05:37:49.324+0000] {logging_mixin.py:190} INFO - [2025-07-01T05:37:49.324+0000] {dag.py:4180} INFO - Setting next_dagrun for example_branch_python_operator_decorator to 2025-06-30 00:00:00+00:00, run_after=2025-07-01 00:00:00+00:00
[2025-07-01T05:37:49.341+0000] {processor.py:208} INFO - Processing /home/airflow/.local/lib/python3.12/site-packages/airflow/example_dags/example_branch_operator_decorator.py took 0.101 seconds
[2025-07-01T05:38:20.244+0000] {processor.py:186} INFO - Started process (PID=28708) to work on /home/airflow/.local/lib/python3.12/site-packages/airflow/example_dags/example_branch_operator_decorator.py
[2025-07-01T05:38:20.246+0000] {processor.py:914} INFO - Processing file /home/airflow/.local/lib/python3.12/site-packages/airflow/example_dags/example_branch_operator_decorator.py for tasks to queue
[2025-07-01T05:38:20.248+0000] {logging_mixin.py:190} INFO - [2025-07-01T05:38:20.248+0000] {dagbag.py:588} INFO - Filling up the DagBag from /home/airflow/.local/lib/python3.12/site-packages/airflow/example_dags/example_branch_operator_decorator.py
[2025-07-01T05:38:20.269+0000] {processor.py:925} INFO - DAG(s) 'example_branch_python_operator_decorator' retrieved from /home/airflow/.local/lib/python3.12/site-packages/airflow/example_dags/example_branch_operator_decorator.py
[2025-07-01T05:38:20.296+0000] {logging_mixin.py:190} INFO - [2025-07-01T05:38:20.295+0000] {dag.py:3239} INFO - Sync 1 DAGs
[2025-07-01T05:38:20.318+0000] {logging_mixin.py:190} INFO - [2025-07-01T05:38:20.318+0000] {dag.py:4180} INFO - Setting next_dagrun for example_branch_python_operator_decorator to 2025-06-30 00:00:00+00:00, run_after=2025-07-01 00:00:00+00:00
[2025-07-01T05:38:20.337+0000] {processor.py:208} INFO - Processing /home/airflow/.local/lib/python3.12/site-packages/airflow/example_dags/example_branch_operator_decorator.py took 0.098 seconds
[2025-07-01T05:38:50.830+0000] {processor.py:186} INFO - Started process (PID=28770) to work on /home/airflow/.local/lib/python3.12/site-packages/airflow/example_dags/example_branch_operator_decorator.py
[2025-07-01T05:38:50.831+0000] {processor.py:914} INFO - Processing file /home/airflow/.local/lib/python3.12/site-packages/airflow/example_dags/example_branch_operator_decorator.py for tasks to queue
[2025-07-01T05:38:50.834+0000] {logging_mixin.py:190} INFO - [2025-07-01T05:38:50.834+0000] {dagbag.py:588} INFO - Filling up the DagBag from /home/airflow/.local/lib/python3.12/site-packages/airflow/example_dags/example_branch_operator_decorator.py
[2025-07-01T05:38:50.855+0000] {processor.py:925} INFO - DAG(s) 'example_branch_python_operator_decorator' retrieved from /home/airflow/.local/lib/python3.12/site-packages/airflow/example_dags/example_branch_operator_decorator.py
[2025-07-01T05:38:50.880+0000] {logging_mixin.py:190} INFO - [2025-07-01T05:38:50.880+0000] {dag.py:3239} INFO - Sync 1 DAGs
[2025-07-01T05:38:50.903+0000] {logging_mixin.py:190} INFO - [2025-07-01T05:38:50.903+0000] {dag.py:4180} INFO - Setting next_dagrun for example_branch_python_operator_decorator to 2025-06-30 00:00:00+00:00, run_after=2025-07-01 00:00:00+00:00
[2025-07-01T05:38:50.921+0000] {processor.py:208} INFO - Processing /home/airflow/.local/lib/python3.12/site-packages/airflow/example_dags/example_branch_operator_decorator.py took 0.096 seconds
[2025-07-01T05:39:21.593+0000] {processor.py:186} INFO - Started process (PID=28832) to work on /home/airflow/.local/lib/python3.12/site-packages/airflow/example_dags/example_branch_operator_decorator.py
[2025-07-01T05:39:21.594+0000] {processor.py:914} INFO - Processing file /home/airflow/.local/lib/python3.12/site-packages/airflow/example_dags/example_branch_operator_decorator.py for tasks to queue
[2025-07-01T05:39:21.596+0000] {logging_mixin.py:190} INFO - [2025-07-01T05:39:21.596+0000] {dagbag.py:588} INFO - Filling up the DagBag from /home/airflow/.local/lib/python3.12/site-packages/airflow/example_dags/example_branch_operator_decorator.py
[2025-07-01T05:39:21.616+0000] {processor.py:925} INFO - DAG(s) 'example_branch_python_operator_decorator' retrieved from /home/airflow/.local/lib/python3.12/site-packages/airflow/example_dags/example_branch_operator_decorator.py
[2025-07-01T05:39:21.644+0000] {logging_mixin.py:190} INFO - [2025-07-01T05:39:21.644+0000] {dag.py:3239} INFO - Sync 1 DAGs
[2025-07-01T05:39:21.668+0000] {logging_mixin.py:190} INFO - [2025-07-01T05:39:21.668+0000] {dag.py:4180} INFO - Setting next_dagrun for example_branch_python_operator_decorator to 2025-06-30 00:00:00+00:00, run_after=2025-07-01 00:00:00+00:00
[2025-07-01T05:39:21.686+0000] {processor.py:208} INFO - Processing /home/airflow/.local/lib/python3.12/site-packages/airflow/example_dags/example_branch_operator_decorator.py took 0.101 seconds
[2025-07-01T05:39:52.229+0000] {processor.py:186} INFO - Started process (PID=28894) to work on /home/airflow/.local/lib/python3.12/site-packages/airflow/example_dags/example_branch_operator_decorator.py
[2025-07-01T05:39:52.230+0000] {processor.py:914} INFO - Processing file /home/airflow/.local/lib/python3.12/site-packages/airflow/example_dags/example_branch_operator_decorator.py for tasks to queue
[2025-07-01T05:39:52.232+0000] {logging_mixin.py:190} INFO - [2025-07-01T05:39:52.232+0000] {dagbag.py:588} INFO - Filling up the DagBag from /home/airflow/.local/lib/python3.12/site-packages/airflow/example_dags/example_branch_operator_decorator.py
[2025-07-01T05:39:52.255+0000] {processor.py:925} INFO - DAG(s) 'example_branch_python_operator_decorator' retrieved from /home/airflow/.local/lib/python3.12/site-packages/airflow/example_dags/example_branch_operator_decorator.py
[2025-07-01T05:39:52.280+0000] {logging_mixin.py:190} INFO - [2025-07-01T05:39:52.280+0000] {dag.py:3239} INFO - Sync 1 DAGs
[2025-07-01T05:39:52.302+0000] {logging_mixin.py:190} INFO - [2025-07-01T05:39:52.302+0000] {dag.py:4180} INFO - Setting next_dagrun for example_branch_python_operator_decorator to 2025-06-30 00:00:00+00:00, run_after=2025-07-01 00:00:00+00:00
[2025-07-01T05:39:52.318+0000] {processor.py:208} INFO - Processing /home/airflow/.local/lib/python3.12/site-packages/airflow/example_dags/example_branch_operator_decorator.py took 0.095 seconds
[2025-07-01T05:40:23.179+0000] {processor.py:186} INFO - Started process (PID=28956) to work on /home/airflow/.local/lib/python3.12/site-packages/airflow/example_dags/example_branch_operator_decorator.py
[2025-07-01T05:40:23.180+0000] {processor.py:914} INFO - Processing file /home/airflow/.local/lib/python3.12/site-packages/airflow/example_dags/example_branch_operator_decorator.py for tasks to queue
[2025-07-01T05:40:23.184+0000] {logging_mixin.py:190} INFO - [2025-07-01T05:40:23.183+0000] {dagbag.py:588} INFO - Filling up the DagBag from /home/airflow/.local/lib/python3.12/site-packages/airflow/example_dags/example_branch_operator_decorator.py
[2025-07-01T05:40:23.206+0000] {processor.py:925} INFO - DAG(s) 'example_branch_python_operator_decorator' retrieved from /home/airflow/.local/lib/python3.12/site-packages/airflow/example_dags/example_branch_operator_decorator.py
[2025-07-01T05:40:23.236+0000] {logging_mixin.py:190} INFO - [2025-07-01T05:40:23.235+0000] {dag.py:3239} INFO - Sync 1 DAGs
[2025-07-01T05:40:23.267+0000] {logging_mixin.py:190} INFO - [2025-07-01T05:40:23.266+0000] {dag.py:4180} INFO - Setting next_dagrun for example_branch_python_operator_decorator to 2025-06-30 00:00:00+00:00, run_after=2025-07-01 00:00:00+00:00
[2025-07-01T05:40:23.289+0000] {processor.py:208} INFO - Processing /home/airflow/.local/lib/python3.12/site-packages/airflow/example_dags/example_branch_operator_decorator.py took 0.115 seconds
[2025-07-01T05:40:54.260+0000] {processor.py:186} INFO - Started process (PID=29019) to work on /home/airflow/.local/lib/python3.12/site-packages/airflow/example_dags/example_branch_operator_decorator.py
[2025-07-01T05:40:54.261+0000] {processor.py:914} INFO - Processing file /home/airflow/.local/lib/python3.12/site-packages/airflow/example_dags/example_branch_operator_decorator.py for tasks to queue
[2025-07-01T05:40:54.263+0000] {logging_mixin.py:190} INFO - [2025-07-01T05:40:54.263+0000] {dagbag.py:588} INFO - Filling up the DagBag from /home/airflow/.local/lib/python3.12/site-packages/airflow/example_dags/example_branch_operator_decorator.py
[2025-07-01T05:40:54.285+0000] {processor.py:925} INFO - DAG(s) 'example_branch_python_operator_decorator' retrieved from /home/airflow/.local/lib/python3.12/site-packages/airflow/example_dags/example_branch_operator_decorator.py
[2025-07-01T05:40:54.311+0000] {logging_mixin.py:190} INFO - [2025-07-01T05:40:54.310+0000] {dag.py:3239} INFO - Sync 1 DAGs
[2025-07-01T05:40:54.337+0000] {logging_mixin.py:190} INFO - [2025-07-01T05:40:54.337+0000] {dag.py:4180} INFO - Setting next_dagrun for example_branch_python_operator_decorator to 2025-06-30 00:00:00+00:00, run_after=2025-07-01 00:00:00+00:00
[2025-07-01T05:40:54.361+0000] {processor.py:208} INFO - Processing /home/airflow/.local/lib/python3.12/site-packages/airflow/example_dags/example_branch_operator_decorator.py took 0.107 seconds
[2025-07-01T05:41:25.062+0000] {processor.py:186} INFO - Started process (PID=29081) to work on /home/airflow/.local/lib/python3.12/site-packages/airflow/example_dags/example_branch_operator_decorator.py
[2025-07-01T05:41:25.063+0000] {processor.py:914} INFO - Processing file /home/airflow/.local/lib/python3.12/site-packages/airflow/example_dags/example_branch_operator_decorator.py for tasks to queue
[2025-07-01T05:41:25.065+0000] {logging_mixin.py:190} INFO - [2025-07-01T05:41:25.065+0000] {dagbag.py:588} INFO - Filling up the DagBag from /home/airflow/.local/lib/python3.12/site-packages/airflow/example_dags/example_branch_operator_decorator.py
[2025-07-01T05:41:25.086+0000] {processor.py:925} INFO - DAG(s) 'example_branch_python_operator_decorator' retrieved from /home/airflow/.local/lib/python3.12/site-packages/airflow/example_dags/example_branch_operator_decorator.py
[2025-07-01T05:41:25.112+0000] {logging_mixin.py:190} INFO - [2025-07-01T05:41:25.111+0000] {dag.py:3239} INFO - Sync 1 DAGs
[2025-07-01T05:41:25.134+0000] {logging_mixin.py:190} INFO - [2025-07-01T05:41:25.134+0000] {dag.py:4180} INFO - Setting next_dagrun for example_branch_python_operator_decorator to 2025-06-30 00:00:00+00:00, run_after=2025-07-01 00:00:00+00:00
[2025-07-01T05:41:25.153+0000] {processor.py:208} INFO - Processing /home/airflow/.local/lib/python3.12/site-packages/airflow/example_dags/example_branch_operator_decorator.py took 0.097 seconds
[2025-07-01T05:41:55.995+0000] {processor.py:186} INFO - Started process (PID=29143) to work on /home/airflow/.local/lib/python3.12/site-packages/airflow/example_dags/example_branch_operator_decorator.py
[2025-07-01T05:41:55.996+0000] {processor.py:914} INFO - Processing file /home/airflow/.local/lib/python3.12/site-packages/airflow/example_dags/example_branch_operator_decorator.py for tasks to queue
[2025-07-01T05:41:55.999+0000] {logging_mixin.py:190} INFO - [2025-07-01T05:41:55.998+0000] {dagbag.py:588} INFO - Filling up the DagBag from /home/airflow/.local/lib/python3.12/site-packages/airflow/example_dags/example_branch_operator_decorator.py
[2025-07-01T05:41:56.020+0000] {processor.py:925} INFO - DAG(s) 'example_branch_python_operator_decorator' retrieved from /home/airflow/.local/lib/python3.12/site-packages/airflow/example_dags/example_branch_operator_decorator.py
[2025-07-01T05:41:56.046+0000] {logging_mixin.py:190} INFO - [2025-07-01T05:41:56.045+0000] {dag.py:3239} INFO - Sync 1 DAGs
[2025-07-01T05:41:56.069+0000] {logging_mixin.py:190} INFO - [2025-07-01T05:41:56.069+0000] {dag.py:4180} INFO - Setting next_dagrun for example_branch_python_operator_decorator to 2025-06-30 00:00:00+00:00, run_after=2025-07-01 00:00:00+00:00
[2025-07-01T05:41:56.088+0000] {processor.py:208} INFO - Processing /home/airflow/.local/lib/python3.12/site-packages/airflow/example_dags/example_branch_operator_decorator.py took 0.098 seconds
[2025-07-01T05:42:26.664+0000] {processor.py:186} INFO - Started process (PID=29205) to work on /home/airflow/.local/lib/python3.12/site-packages/airflow/example_dags/example_branch_operator_decorator.py
[2025-07-01T05:42:26.665+0000] {processor.py:914} INFO - Processing file /home/airflow/.local/lib/python3.12/site-packages/airflow/example_dags/example_branch_operator_decorator.py for tasks to queue
[2025-07-01T05:42:26.668+0000] {logging_mixin.py:190} INFO - [2025-07-01T05:42:26.667+0000] {dagbag.py:588} INFO - Filling up the DagBag from /home/airflow/.local/lib/python3.12/site-packages/airflow/example_dags/example_branch_operator_decorator.py
[2025-07-01T05:42:26.689+0000] {processor.py:925} INFO - DAG(s) 'example_branch_python_operator_decorator' retrieved from /home/airflow/.local/lib/python3.12/site-packages/airflow/example_dags/example_branch_operator_decorator.py
[2025-07-01T05:42:26.714+0000] {logging_mixin.py:190} INFO - [2025-07-01T05:42:26.714+0000] {dag.py:3239} INFO - Sync 1 DAGs
[2025-07-01T05:42:26.736+0000] {logging_mixin.py:190} INFO - [2025-07-01T05:42:26.736+0000] {dag.py:4180} INFO - Setting next_dagrun for example_branch_python_operator_decorator to 2025-06-30 00:00:00+00:00, run_after=2025-07-01 00:00:00+00:00
[2025-07-01T05:42:26.756+0000] {processor.py:208} INFO - Processing /home/airflow/.local/lib/python3.12/site-packages/airflow/example_dags/example_branch_operator_decorator.py took 0.099 seconds
[2025-07-01T05:42:57.413+0000] {processor.py:186} INFO - Started process (PID=29267) to work on /home/airflow/.local/lib/python3.12/site-packages/airflow/example_dags/example_branch_operator_decorator.py
[2025-07-01T05:42:57.414+0000] {processor.py:914} INFO - Processing file /home/airflow/.local/lib/python3.12/site-packages/airflow/example_dags/example_branch_operator_decorator.py for tasks to queue
[2025-07-01T05:42:57.418+0000] {logging_mixin.py:190} INFO - [2025-07-01T05:42:57.418+0000] {dagbag.py:588} INFO - Filling up the DagBag from /home/airflow/.local/lib/python3.12/site-packages/airflow/example_dags/example_branch_operator_decorator.py
[2025-07-01T05:42:57.450+0000] {processor.py:925} INFO - DAG(s) 'example_branch_python_operator_decorator' retrieved from /home/airflow/.local/lib/python3.12/site-packages/airflow/example_dags/example_branch_operator_decorator.py
[2025-07-01T05:42:57.492+0000] {logging_mixin.py:190} INFO - [2025-07-01T05:42:57.492+0000] {dag.py:3239} INFO - Sync 1 DAGs
[2025-07-01T05:42:57.526+0000] {logging_mixin.py:190} INFO - [2025-07-01T05:42:57.526+0000] {dag.py:4180} INFO - Setting next_dagrun for example_branch_python_operator_decorator to 2025-06-30 00:00:00+00:00, run_after=2025-07-01 00:00:00+00:00
[2025-07-01T05:42:57.554+0000] {processor.py:208} INFO - Processing /home/airflow/.local/lib/python3.12/site-packages/airflow/example_dags/example_branch_operator_decorator.py took 0.151 seconds
[2025-07-01T05:43:28.400+0000] {processor.py:186} INFO - Started process (PID=29329) to work on /home/airflow/.local/lib/python3.12/site-packages/airflow/example_dags/example_branch_operator_decorator.py
[2025-07-01T05:43:28.401+0000] {processor.py:914} INFO - Processing file /home/airflow/.local/lib/python3.12/site-packages/airflow/example_dags/example_branch_operator_decorator.py for tasks to queue
[2025-07-01T05:43:28.403+0000] {logging_mixin.py:190} INFO - [2025-07-01T05:43:28.403+0000] {dagbag.py:588} INFO - Filling up the DagBag from /home/airflow/.local/lib/python3.12/site-packages/airflow/example_dags/example_branch_operator_decorator.py
[2025-07-01T05:43:28.425+0000] {processor.py:925} INFO - DAG(s) 'example_branch_python_operator_decorator' retrieved from /home/airflow/.local/lib/python3.12/site-packages/airflow/example_dags/example_branch_operator_decorator.py
[2025-07-01T05:43:28.453+0000] {logging_mixin.py:190} INFO - [2025-07-01T05:43:28.453+0000] {dag.py:3239} INFO - Sync 1 DAGs
[2025-07-01T05:43:28.479+0000] {logging_mixin.py:190} INFO - [2025-07-01T05:43:28.479+0000] {dag.py:4180} INFO - Setting next_dagrun for example_branch_python_operator_decorator to 2025-06-30 00:00:00+00:00, run_after=2025-07-01 00:00:00+00:00
[2025-07-01T05:43:28.498+0000] {processor.py:208} INFO - Processing /home/airflow/.local/lib/python3.12/site-packages/airflow/example_dags/example_branch_operator_decorator.py took 0.104 seconds
[2025-07-01T05:43:59.274+0000] {processor.py:186} INFO - Started process (PID=29391) to work on /home/airflow/.local/lib/python3.12/site-packages/airflow/example_dags/example_branch_operator_decorator.py
[2025-07-01T05:43:59.275+0000] {processor.py:914} INFO - Processing file /home/airflow/.local/lib/python3.12/site-packages/airflow/example_dags/example_branch_operator_decorator.py for tasks to queue
[2025-07-01T05:43:59.277+0000] {logging_mixin.py:190} INFO - [2025-07-01T05:43:59.277+0000] {dagbag.py:588} INFO - Filling up the DagBag from /home/airflow/.local/lib/python3.12/site-packages/airflow/example_dags/example_branch_operator_decorator.py
[2025-07-01T05:43:59.299+0000] {processor.py:925} INFO - DAG(s) 'example_branch_python_operator_decorator' retrieved from /home/airflow/.local/lib/python3.12/site-packages/airflow/example_dags/example_branch_operator_decorator.py
[2025-07-01T05:43:59.324+0000] {logging_mixin.py:190} INFO - [2025-07-01T05:43:59.324+0000] {dag.py:3239} INFO - Sync 1 DAGs
[2025-07-01T05:43:59.347+0000] {logging_mixin.py:190} INFO - [2025-07-01T05:43:59.347+0000] {dag.py:4180} INFO - Setting next_dagrun for example_branch_python_operator_decorator to 2025-06-30 00:00:00+00:00, run_after=2025-07-01 00:00:00+00:00
[2025-07-01T05:43:59.367+0000] {processor.py:208} INFO - Processing /home/airflow/.local/lib/python3.12/site-packages/airflow/example_dags/example_branch_operator_decorator.py took 0.100 seconds
[2025-07-01T05:44:29.505+0000] {processor.py:186} INFO - Started process (PID=29453) to work on /home/airflow/.local/lib/python3.12/site-packages/airflow/example_dags/example_branch_operator_decorator.py
[2025-07-01T05:44:29.506+0000] {processor.py:914} INFO - Processing file /home/airflow/.local/lib/python3.12/site-packages/airflow/example_dags/example_branch_operator_decorator.py for tasks to queue
[2025-07-01T05:44:29.509+0000] {logging_mixin.py:190} INFO - [2025-07-01T05:44:29.508+0000] {dagbag.py:588} INFO - Filling up the DagBag from /home/airflow/.local/lib/python3.12/site-packages/airflow/example_dags/example_branch_operator_decorator.py
[2025-07-01T05:44:29.530+0000] {processor.py:925} INFO - DAG(s) 'example_branch_python_operator_decorator' retrieved from /home/airflow/.local/lib/python3.12/site-packages/airflow/example_dags/example_branch_operator_decorator.py
[2025-07-01T05:44:29.560+0000] {logging_mixin.py:190} INFO - [2025-07-01T05:44:29.560+0000] {dag.py:3239} INFO - Sync 1 DAGs
[2025-07-01T05:44:29.585+0000] {logging_mixin.py:190} INFO - [2025-07-01T05:44:29.584+0000] {dag.py:4180} INFO - Setting next_dagrun for example_branch_python_operator_decorator to 2025-06-30 00:00:00+00:00, run_after=2025-07-01 00:00:00+00:00
[2025-07-01T05:44:29.603+0000] {processor.py:208} INFO - Processing /home/airflow/.local/lib/python3.12/site-packages/airflow/example_dags/example_branch_operator_decorator.py took 0.104 seconds
[2025-07-01T05:45:00.509+0000] {processor.py:186} INFO - Started process (PID=29515) to work on /home/airflow/.local/lib/python3.12/site-packages/airflow/example_dags/example_branch_operator_decorator.py
[2025-07-01T05:45:00.510+0000] {processor.py:914} INFO - Processing file /home/airflow/.local/lib/python3.12/site-packages/airflow/example_dags/example_branch_operator_decorator.py for tasks to queue
[2025-07-01T05:45:00.513+0000] {logging_mixin.py:190} INFO - [2025-07-01T05:45:00.513+0000] {dagbag.py:588} INFO - Filling up the DagBag from /home/airflow/.local/lib/python3.12/site-packages/airflow/example_dags/example_branch_operator_decorator.py
[2025-07-01T05:45:00.535+0000] {processor.py:925} INFO - DAG(s) 'example_branch_python_operator_decorator' retrieved from /home/airflow/.local/lib/python3.12/site-packages/airflow/example_dags/example_branch_operator_decorator.py
[2025-07-01T05:45:00.560+0000] {logging_mixin.py:190} INFO - [2025-07-01T05:45:00.560+0000] {dag.py:3239} INFO - Sync 1 DAGs
[2025-07-01T05:45:00.584+0000] {logging_mixin.py:190} INFO - [2025-07-01T05:45:00.584+0000] {dag.py:4180} INFO - Setting next_dagrun for example_branch_python_operator_decorator to 2025-06-30 00:00:00+00:00, run_after=2025-07-01 00:00:00+00:00
[2025-07-01T05:45:00.603+0000] {processor.py:208} INFO - Processing /home/airflow/.local/lib/python3.12/site-packages/airflow/example_dags/example_branch_operator_decorator.py took 0.099 seconds
[2025-07-01T05:45:31.248+0000] {processor.py:186} INFO - Started process (PID=29577) to work on /home/airflow/.local/lib/python3.12/site-packages/airflow/example_dags/example_branch_operator_decorator.py
[2025-07-01T05:45:31.250+0000] {processor.py:914} INFO - Processing file /home/airflow/.local/lib/python3.12/site-packages/airflow/example_dags/example_branch_operator_decorator.py for tasks to queue
[2025-07-01T05:45:31.256+0000] {logging_mixin.py:190} INFO - [2025-07-01T05:45:31.255+0000] {dagbag.py:588} INFO - Filling up the DagBag from /home/airflow/.local/lib/python3.12/site-packages/airflow/example_dags/example_branch_operator_decorator.py
[2025-07-01T05:45:31.276+0000] {processor.py:925} INFO - DAG(s) 'example_branch_python_operator_decorator' retrieved from /home/airflow/.local/lib/python3.12/site-packages/airflow/example_dags/example_branch_operator_decorator.py
[2025-07-01T05:45:31.302+0000] {logging_mixin.py:190} INFO - [2025-07-01T05:45:31.302+0000] {dag.py:3239} INFO - Sync 1 DAGs
[2025-07-01T05:45:31.326+0000] {logging_mixin.py:190} INFO - [2025-07-01T05:45:31.326+0000] {dag.py:4180} INFO - Setting next_dagrun for example_branch_python_operator_decorator to 2025-06-30 00:00:00+00:00, run_after=2025-07-01 00:00:00+00:00
[2025-07-01T05:45:31.355+0000] {processor.py:208} INFO - Processing /home/airflow/.local/lib/python3.12/site-packages/airflow/example_dags/example_branch_operator_decorator.py took 0.114 seconds
[2025-07-01T05:46:02.080+0000] {processor.py:186} INFO - Started process (PID=29639) to work on /home/airflow/.local/lib/python3.12/site-packages/airflow/example_dags/example_branch_operator_decorator.py
[2025-07-01T05:46:02.081+0000] {processor.py:914} INFO - Processing file /home/airflow/.local/lib/python3.12/site-packages/airflow/example_dags/example_branch_operator_decorator.py for tasks to queue
[2025-07-01T05:46:02.084+0000] {logging_mixin.py:190} INFO - [2025-07-01T05:46:02.084+0000] {dagbag.py:588} INFO - Filling up the DagBag from /home/airflow/.local/lib/python3.12/site-packages/airflow/example_dags/example_branch_operator_decorator.py
[2025-07-01T05:46:02.105+0000] {processor.py:925} INFO - DAG(s) 'example_branch_python_operator_decorator' retrieved from /home/airflow/.local/lib/python3.12/site-packages/airflow/example_dags/example_branch_operator_decorator.py
[2025-07-01T05:46:02.130+0000] {logging_mixin.py:190} INFO - [2025-07-01T05:46:02.129+0000] {dag.py:3239} INFO - Sync 1 DAGs
[2025-07-01T05:46:02.153+0000] {logging_mixin.py:190} INFO - [2025-07-01T05:46:02.152+0000] {dag.py:4180} INFO - Setting next_dagrun for example_branch_python_operator_decorator to 2025-06-30 00:00:00+00:00, run_after=2025-07-01 00:00:00+00:00
[2025-07-01T05:46:02.170+0000] {processor.py:208} INFO - Processing /home/airflow/.local/lib/python3.12/site-packages/airflow/example_dags/example_branch_operator_decorator.py took 0.096 seconds
[2025-07-01T05:46:32.810+0000] {processor.py:186} INFO - Started process (PID=29701) to work on /home/airflow/.local/lib/python3.12/site-packages/airflow/example_dags/example_branch_operator_decorator.py
[2025-07-01T05:46:32.811+0000] {processor.py:914} INFO - Processing file /home/airflow/.local/lib/python3.12/site-packages/airflow/example_dags/example_branch_operator_decorator.py for tasks to queue
[2025-07-01T05:46:32.814+0000] {logging_mixin.py:190} INFO - [2025-07-01T05:46:32.813+0000] {dagbag.py:588} INFO - Filling up the DagBag from /home/airflow/.local/lib/python3.12/site-packages/airflow/example_dags/example_branch_operator_decorator.py
[2025-07-01T05:46:32.834+0000] {processor.py:925} INFO - DAG(s) 'example_branch_python_operator_decorator' retrieved from /home/airflow/.local/lib/python3.12/site-packages/airflow/example_dags/example_branch_operator_decorator.py
[2025-07-01T05:46:32.860+0000] {logging_mixin.py:190} INFO - [2025-07-01T05:46:32.860+0000] {dag.py:3239} INFO - Sync 1 DAGs
[2025-07-01T05:46:32.882+0000] {logging_mixin.py:190} INFO - [2025-07-01T05:46:32.882+0000] {dag.py:4180} INFO - Setting next_dagrun for example_branch_python_operator_decorator to 2025-06-30 00:00:00+00:00, run_after=2025-07-01 00:00:00+00:00
[2025-07-01T05:46:32.901+0000] {processor.py:208} INFO - Processing /home/airflow/.local/lib/python3.12/site-packages/airflow/example_dags/example_branch_operator_decorator.py took 0.097 seconds
[2025-07-01T05:47:03.552+0000] {processor.py:186} INFO - Started process (PID=29763) to work on /home/airflow/.local/lib/python3.12/site-packages/airflow/example_dags/example_branch_operator_decorator.py
[2025-07-01T05:47:03.554+0000] {processor.py:914} INFO - Processing file /home/airflow/.local/lib/python3.12/site-packages/airflow/example_dags/example_branch_operator_decorator.py for tasks to queue
[2025-07-01T05:47:03.557+0000] {logging_mixin.py:190} INFO - [2025-07-01T05:47:03.556+0000] {dagbag.py:588} INFO - Filling up the DagBag from /home/airflow/.local/lib/python3.12/site-packages/airflow/example_dags/example_branch_operator_decorator.py
[2025-07-01T05:47:03.582+0000] {processor.py:925} INFO - DAG(s) 'example_branch_python_operator_decorator' retrieved from /home/airflow/.local/lib/python3.12/site-packages/airflow/example_dags/example_branch_operator_decorator.py
[2025-07-01T05:47:03.609+0000] {logging_mixin.py:190} INFO - [2025-07-01T05:47:03.609+0000] {dag.py:3239} INFO - Sync 1 DAGs
[2025-07-01T05:47:03.634+0000] {logging_mixin.py:190} INFO - [2025-07-01T05:47:03.634+0000] {dag.py:4180} INFO - Setting next_dagrun for example_branch_python_operator_decorator to 2025-06-30 00:00:00+00:00, run_after=2025-07-01 00:00:00+00:00
[2025-07-01T05:47:03.651+0000] {processor.py:208} INFO - Processing /home/airflow/.local/lib/python3.12/site-packages/airflow/example_dags/example_branch_operator_decorator.py took 0.106 seconds
[2025-07-01T05:47:34.538+0000] {processor.py:186} INFO - Started process (PID=29825) to work on /home/airflow/.local/lib/python3.12/site-packages/airflow/example_dags/example_branch_operator_decorator.py
[2025-07-01T05:47:34.539+0000] {processor.py:914} INFO - Processing file /home/airflow/.local/lib/python3.12/site-packages/airflow/example_dags/example_branch_operator_decorator.py for tasks to queue
[2025-07-01T05:47:34.542+0000] {logging_mixin.py:190} INFO - [2025-07-01T05:47:34.542+0000] {dagbag.py:588} INFO - Filling up the DagBag from /home/airflow/.local/lib/python3.12/site-packages/airflow/example_dags/example_branch_operator_decorator.py
[2025-07-01T05:47:34.562+0000] {processor.py:925} INFO - DAG(s) 'example_branch_python_operator_decorator' retrieved from /home/airflow/.local/lib/python3.12/site-packages/airflow/example_dags/example_branch_operator_decorator.py
[2025-07-01T05:47:34.587+0000] {logging_mixin.py:190} INFO - [2025-07-01T05:47:34.587+0000] {dag.py:3239} INFO - Sync 1 DAGs
[2025-07-01T05:47:34.609+0000] {logging_mixin.py:190} INFO - [2025-07-01T05:47:34.609+0000] {dag.py:4180} INFO - Setting next_dagrun for example_branch_python_operator_decorator to 2025-06-30 00:00:00+00:00, run_after=2025-07-01 00:00:00+00:00
[2025-07-01T05:47:34.626+0000] {processor.py:208} INFO - Processing /home/airflow/.local/lib/python3.12/site-packages/airflow/example_dags/example_branch_operator_decorator.py took 0.093 seconds
[2025-07-01T05:48:05.070+0000] {processor.py:186} INFO - Started process (PID=29893) to work on /home/airflow/.local/lib/python3.12/site-packages/airflow/example_dags/example_branch_operator_decorator.py
[2025-07-01T05:48:05.071+0000] {processor.py:914} INFO - Processing file /home/airflow/.local/lib/python3.12/site-packages/airflow/example_dags/example_branch_operator_decorator.py for tasks to queue
[2025-07-01T05:48:05.074+0000] {logging_mixin.py:190} INFO - [2025-07-01T05:48:05.073+0000] {dagbag.py:588} INFO - Filling up the DagBag from /home/airflow/.local/lib/python3.12/site-packages/airflow/example_dags/example_branch_operator_decorator.py
[2025-07-01T05:48:05.103+0000] {processor.py:925} INFO - DAG(s) 'example_branch_python_operator_decorator' retrieved from /home/airflow/.local/lib/python3.12/site-packages/airflow/example_dags/example_branch_operator_decorator.py
[2025-07-01T05:48:05.131+0000] {logging_mixin.py:190} INFO - [2025-07-01T05:48:05.131+0000] {dag.py:3239} INFO - Sync 1 DAGs
[2025-07-01T05:48:05.158+0000] {logging_mixin.py:190} INFO - [2025-07-01T05:48:05.157+0000] {dag.py:4180} INFO - Setting next_dagrun for example_branch_python_operator_decorator to 2025-06-30 00:00:00+00:00, run_after=2025-07-01 00:00:00+00:00
[2025-07-01T05:48:05.175+0000] {processor.py:208} INFO - Processing /home/airflow/.local/lib/python3.12/site-packages/airflow/example_dags/example_branch_operator_decorator.py took 0.112 seconds
[2025-07-01T05:48:35.702+0000] {processor.py:186} INFO - Started process (PID=29955) to work on /home/airflow/.local/lib/python3.12/site-packages/airflow/example_dags/example_branch_operator_decorator.py
[2025-07-01T05:48:35.704+0000] {processor.py:914} INFO - Processing file /home/airflow/.local/lib/python3.12/site-packages/airflow/example_dags/example_branch_operator_decorator.py for tasks to queue
[2025-07-01T05:48:35.706+0000] {logging_mixin.py:190} INFO - [2025-07-01T05:48:35.706+0000] {dagbag.py:588} INFO - Filling up the DagBag from /home/airflow/.local/lib/python3.12/site-packages/airflow/example_dags/example_branch_operator_decorator.py
[2025-07-01T05:48:35.728+0000] {processor.py:925} INFO - DAG(s) 'example_branch_python_operator_decorator' retrieved from /home/airflow/.local/lib/python3.12/site-packages/airflow/example_dags/example_branch_operator_decorator.py
[2025-07-01T05:48:35.754+0000] {logging_mixin.py:190} INFO - [2025-07-01T05:48:35.753+0000] {dag.py:3239} INFO - Sync 1 DAGs
[2025-07-01T05:48:35.776+0000] {logging_mixin.py:190} INFO - [2025-07-01T05:48:35.775+0000] {dag.py:4180} INFO - Setting next_dagrun for example_branch_python_operator_decorator to 2025-06-30 00:00:00+00:00, run_after=2025-07-01 00:00:00+00:00
[2025-07-01T05:48:35.792+0000] {processor.py:208} INFO - Processing /home/airflow/.local/lib/python3.12/site-packages/airflow/example_dags/example_branch_operator_decorator.py took 0.097 seconds
[2025-07-01T05:49:06.518+0000] {processor.py:186} INFO - Started process (PID=30017) to work on /home/airflow/.local/lib/python3.12/site-packages/airflow/example_dags/example_branch_operator_decorator.py
[2025-07-01T05:49:06.519+0000] {processor.py:914} INFO - Processing file /home/airflow/.local/lib/python3.12/site-packages/airflow/example_dags/example_branch_operator_decorator.py for tasks to queue
[2025-07-01T05:49:06.522+0000] {logging_mixin.py:190} INFO - [2025-07-01T05:49:06.522+0000] {dagbag.py:588} INFO - Filling up the DagBag from /home/airflow/.local/lib/python3.12/site-packages/airflow/example_dags/example_branch_operator_decorator.py
[2025-07-01T05:49:06.544+0000] {processor.py:925} INFO - DAG(s) 'example_branch_python_operator_decorator' retrieved from /home/airflow/.local/lib/python3.12/site-packages/airflow/example_dags/example_branch_operator_decorator.py
[2025-07-01T05:49:06.569+0000] {logging_mixin.py:190} INFO - [2025-07-01T05:49:06.569+0000] {dag.py:3239} INFO - Sync 1 DAGs
[2025-07-01T05:49:06.591+0000] {logging_mixin.py:190} INFO - [2025-07-01T05:49:06.591+0000] {dag.py:4180} INFO - Setting next_dagrun for example_branch_python_operator_decorator to 2025-06-30 00:00:00+00:00, run_after=2025-07-01 00:00:00+00:00
[2025-07-01T05:49:06.609+0000] {processor.py:208} INFO - Processing /home/airflow/.local/lib/python3.12/site-packages/airflow/example_dags/example_branch_operator_decorator.py took 0.097 seconds
[2025-07-01T05:49:37.462+0000] {processor.py:186} INFO - Started process (PID=30079) to work on /home/airflow/.local/lib/python3.12/site-packages/airflow/example_dags/example_branch_operator_decorator.py
[2025-07-01T05:49:37.463+0000] {processor.py:914} INFO - Processing file /home/airflow/.local/lib/python3.12/site-packages/airflow/example_dags/example_branch_operator_decorator.py for tasks to queue
[2025-07-01T05:49:37.466+0000] {logging_mixin.py:190} INFO - [2025-07-01T05:49:37.466+0000] {dagbag.py:588} INFO - Filling up the DagBag from /home/airflow/.local/lib/python3.12/site-packages/airflow/example_dags/example_branch_operator_decorator.py
[2025-07-01T05:49:37.489+0000] {processor.py:925} INFO - DAG(s) 'example_branch_python_operator_decorator' retrieved from /home/airflow/.local/lib/python3.12/site-packages/airflow/example_dags/example_branch_operator_decorator.py
[2025-07-01T05:49:37.517+0000] {logging_mixin.py:190} INFO - [2025-07-01T05:49:37.516+0000] {dag.py:3239} INFO - Sync 1 DAGs
[2025-07-01T05:49:37.541+0000] {logging_mixin.py:190} INFO - [2025-07-01T05:49:37.541+0000] {dag.py:4180} INFO - Setting next_dagrun for example_branch_python_operator_decorator to 2025-06-30 00:00:00+00:00, run_after=2025-07-01 00:00:00+00:00
[2025-07-01T05:49:37.557+0000] {processor.py:208} INFO - Processing /home/airflow/.local/lib/python3.12/site-packages/airflow/example_dags/example_branch_operator_decorator.py took 0.101 seconds
[2025-07-01T05:50:08.233+0000] {processor.py:186} INFO - Started process (PID=30141) to work on /home/airflow/.local/lib/python3.12/site-packages/airflow/example_dags/example_branch_operator_decorator.py
[2025-07-01T05:50:08.235+0000] {processor.py:914} INFO - Processing file /home/airflow/.local/lib/python3.12/site-packages/airflow/example_dags/example_branch_operator_decorator.py for tasks to queue
[2025-07-01T05:50:08.238+0000] {logging_mixin.py:190} INFO - [2025-07-01T05:50:08.238+0000] {dagbag.py:588} INFO - Filling up the DagBag from /home/airflow/.local/lib/python3.12/site-packages/airflow/example_dags/example_branch_operator_decorator.py
[2025-07-01T05:50:08.261+0000] {processor.py:925} INFO - DAG(s) 'example_branch_python_operator_decorator' retrieved from /home/airflow/.local/lib/python3.12/site-packages/airflow/example_dags/example_branch_operator_decorator.py
[2025-07-01T05:50:08.288+0000] {logging_mixin.py:190} INFO - [2025-07-01T05:50:08.288+0000] {dag.py:3239} INFO - Sync 1 DAGs
[2025-07-01T05:50:08.310+0000] {logging_mixin.py:190} INFO - [2025-07-01T05:50:08.310+0000] {dag.py:4180} INFO - Setting next_dagrun for example_branch_python_operator_decorator to 2025-06-30 00:00:00+00:00, run_after=2025-07-01 00:00:00+00:00
[2025-07-01T05:50:08.326+0000] {processor.py:208} INFO - Processing /home/airflow/.local/lib/python3.12/site-packages/airflow/example_dags/example_branch_operator_decorator.py took 0.100 seconds
[2025-07-01T05:50:39.165+0000] {processor.py:186} INFO - Started process (PID=30203) to work on /home/airflow/.local/lib/python3.12/site-packages/airflow/example_dags/example_branch_operator_decorator.py
[2025-07-01T05:50:39.166+0000] {processor.py:914} INFO - Processing file /home/airflow/.local/lib/python3.12/site-packages/airflow/example_dags/example_branch_operator_decorator.py for tasks to queue
[2025-07-01T05:50:39.169+0000] {logging_mixin.py:190} INFO - [2025-07-01T05:50:39.169+0000] {dagbag.py:588} INFO - Filling up the DagBag from /home/airflow/.local/lib/python3.12/site-packages/airflow/example_dags/example_branch_operator_decorator.py
[2025-07-01T05:50:39.191+0000] {processor.py:925} INFO - DAG(s) 'example_branch_python_operator_decorator' retrieved from /home/airflow/.local/lib/python3.12/site-packages/airflow/example_dags/example_branch_operator_decorator.py
[2025-07-01T05:50:39.217+0000] {logging_mixin.py:190} INFO - [2025-07-01T05:50:39.217+0000] {dag.py:3239} INFO - Sync 1 DAGs
[2025-07-01T05:50:39.240+0000] {logging_mixin.py:190} INFO - [2025-07-01T05:50:39.240+0000] {dag.py:4180} INFO - Setting next_dagrun for example_branch_python_operator_decorator to 2025-06-30 00:00:00+00:00, run_after=2025-07-01 00:00:00+00:00
[2025-07-01T05:50:39.256+0000] {processor.py:208} INFO - Processing /home/airflow/.local/lib/python3.12/site-packages/airflow/example_dags/example_branch_operator_decorator.py took 0.098 seconds
[2025-07-01T05:51:10.088+0000] {processor.py:186} INFO - Started process (PID=30265) to work on /home/airflow/.local/lib/python3.12/site-packages/airflow/example_dags/example_branch_operator_decorator.py
[2025-07-01T05:51:10.089+0000] {processor.py:914} INFO - Processing file /home/airflow/.local/lib/python3.12/site-packages/airflow/example_dags/example_branch_operator_decorator.py for tasks to queue
[2025-07-01T05:51:10.092+0000] {logging_mixin.py:190} INFO - [2025-07-01T05:51:10.092+0000] {dagbag.py:588} INFO - Filling up the DagBag from /home/airflow/.local/lib/python3.12/site-packages/airflow/example_dags/example_branch_operator_decorator.py
[2025-07-01T05:51:10.113+0000] {processor.py:925} INFO - DAG(s) 'example_branch_python_operator_decorator' retrieved from /home/airflow/.local/lib/python3.12/site-packages/airflow/example_dags/example_branch_operator_decorator.py
[2025-07-01T05:51:10.139+0000] {logging_mixin.py:190} INFO - [2025-07-01T05:51:10.138+0000] {dag.py:3239} INFO - Sync 1 DAGs
[2025-07-01T05:51:10.161+0000] {logging_mixin.py:190} INFO - [2025-07-01T05:51:10.161+0000] {dag.py:4180} INFO - Setting next_dagrun for example_branch_python_operator_decorator to 2025-06-30 00:00:00+00:00, run_after=2025-07-01 00:00:00+00:00
[2025-07-01T05:51:10.179+0000] {processor.py:208} INFO - Processing /home/airflow/.local/lib/python3.12/site-packages/airflow/example_dags/example_branch_operator_decorator.py took 0.101 seconds
[2025-07-01T05:51:41.407+0000] {processor.py:186} INFO - Started process (PID=30327) to work on /home/airflow/.local/lib/python3.12/site-packages/airflow/example_dags/example_branch_operator_decorator.py
[2025-07-01T05:51:41.409+0000] {processor.py:914} INFO - Processing file /home/airflow/.local/lib/python3.12/site-packages/airflow/example_dags/example_branch_operator_decorator.py for tasks to queue
[2025-07-01T05:51:41.412+0000] {logging_mixin.py:190} INFO - [2025-07-01T05:51:41.412+0000] {dagbag.py:588} INFO - Filling up the DagBag from /home/airflow/.local/lib/python3.12/site-packages/airflow/example_dags/example_branch_operator_decorator.py
[2025-07-01T05:51:41.438+0000] {processor.py:925} INFO - DAG(s) 'example_branch_python_operator_decorator' retrieved from /home/airflow/.local/lib/python3.12/site-packages/airflow/example_dags/example_branch_operator_decorator.py
[2025-07-01T05:51:41.468+0000] {logging_mixin.py:190} INFO - [2025-07-01T05:51:41.468+0000] {dag.py:3239} INFO - Sync 1 DAGs
[2025-07-01T05:51:41.497+0000] {logging_mixin.py:190} INFO - [2025-07-01T05:51:41.497+0000] {dag.py:4180} INFO - Setting next_dagrun for example_branch_python_operator_decorator to 2025-06-30 00:00:00+00:00, run_after=2025-07-01 00:00:00+00:00
[2025-07-01T05:51:41.518+0000] {processor.py:208} INFO - Processing /home/airflow/.local/lib/python3.12/site-packages/airflow/example_dags/example_branch_operator_decorator.py took 0.120 seconds
[2025-07-01T05:52:12.620+0000] {processor.py:186} INFO - Started process (PID=30390) to work on /home/airflow/.local/lib/python3.12/site-packages/airflow/example_dags/example_branch_operator_decorator.py
[2025-07-01T05:52:12.621+0000] {processor.py:914} INFO - Processing file /home/airflow/.local/lib/python3.12/site-packages/airflow/example_dags/example_branch_operator_decorator.py for tasks to queue
[2025-07-01T05:52:12.624+0000] {logging_mixin.py:190} INFO - [2025-07-01T05:52:12.623+0000] {dagbag.py:588} INFO - Filling up the DagBag from /home/airflow/.local/lib/python3.12/site-packages/airflow/example_dags/example_branch_operator_decorator.py
[2025-07-01T05:52:12.649+0000] {processor.py:925} INFO - DAG(s) 'example_branch_python_operator_decorator' retrieved from /home/airflow/.local/lib/python3.12/site-packages/airflow/example_dags/example_branch_operator_decorator.py
[2025-07-01T05:52:12.675+0000] {logging_mixin.py:190} INFO - [2025-07-01T05:52:12.675+0000] {dag.py:3239} INFO - Sync 1 DAGs
[2025-07-01T05:52:12.698+0000] {logging_mixin.py:190} INFO - [2025-07-01T05:52:12.698+0000] {dag.py:4180} INFO - Setting next_dagrun for example_branch_python_operator_decorator to 2025-06-30 00:00:00+00:00, run_after=2025-07-01 00:00:00+00:00
[2025-07-01T05:52:12.729+0000] {processor.py:208} INFO - Processing /home/airflow/.local/lib/python3.12/site-packages/airflow/example_dags/example_branch_operator_decorator.py took 0.115 seconds
[2025-07-01T05:52:43.738+0000] {processor.py:186} INFO - Started process (PID=30452) to work on /home/airflow/.local/lib/python3.12/site-packages/airflow/example_dags/example_branch_operator_decorator.py
[2025-07-01T05:52:43.739+0000] {processor.py:914} INFO - Processing file /home/airflow/.local/lib/python3.12/site-packages/airflow/example_dags/example_branch_operator_decorator.py for tasks to queue
[2025-07-01T05:52:43.742+0000] {logging_mixin.py:190} INFO - [2025-07-01T05:52:43.742+0000] {dagbag.py:588} INFO - Filling up the DagBag from /home/airflow/.local/lib/python3.12/site-packages/airflow/example_dags/example_branch_operator_decorator.py
[2025-07-01T05:52:43.768+0000] {processor.py:925} INFO - DAG(s) 'example_branch_python_operator_decorator' retrieved from /home/airflow/.local/lib/python3.12/site-packages/airflow/example_dags/example_branch_operator_decorator.py
[2025-07-01T05:52:43.794+0000] {logging_mixin.py:190} INFO - [2025-07-01T05:52:43.794+0000] {dag.py:3239} INFO - Sync 1 DAGs
[2025-07-01T05:52:43.819+0000] {logging_mixin.py:190} INFO - [2025-07-01T05:52:43.818+0000] {dag.py:4180} INFO - Setting next_dagrun for example_branch_python_operator_decorator to 2025-06-30 00:00:00+00:00, run_after=2025-07-01 00:00:00+00:00
[2025-07-01T05:52:43.836+0000] {processor.py:208} INFO - Processing /home/airflow/.local/lib/python3.12/site-packages/airflow/example_dags/example_branch_operator_decorator.py took 0.104 seconds
[2025-07-01T05:53:14.674+0000] {processor.py:186} INFO - Started process (PID=30514) to work on /home/airflow/.local/lib/python3.12/site-packages/airflow/example_dags/example_branch_operator_decorator.py
[2025-07-01T05:53:14.675+0000] {processor.py:914} INFO - Processing file /home/airflow/.local/lib/python3.12/site-packages/airflow/example_dags/example_branch_operator_decorator.py for tasks to queue
[2025-07-01T05:53:14.678+0000] {logging_mixin.py:190} INFO - [2025-07-01T05:53:14.678+0000] {dagbag.py:588} INFO - Filling up the DagBag from /home/airflow/.local/lib/python3.12/site-packages/airflow/example_dags/example_branch_operator_decorator.py
[2025-07-01T05:53:14.700+0000] {processor.py:925} INFO - DAG(s) 'example_branch_python_operator_decorator' retrieved from /home/airflow/.local/lib/python3.12/site-packages/airflow/example_dags/example_branch_operator_decorator.py
[2025-07-01T05:53:14.726+0000] {logging_mixin.py:190} INFO - [2025-07-01T05:53:14.726+0000] {dag.py:3239} INFO - Sync 1 DAGs
[2025-07-01T05:53:14.749+0000] {logging_mixin.py:190} INFO - [2025-07-01T05:53:14.748+0000] {dag.py:4180} INFO - Setting next_dagrun for example_branch_python_operator_decorator to 2025-06-30 00:00:00+00:00, run_after=2025-07-01 00:00:00+00:00
[2025-07-01T05:53:14.767+0000] {processor.py:208} INFO - Processing /home/airflow/.local/lib/python3.12/site-packages/airflow/example_dags/example_branch_operator_decorator.py took 0.098 seconds
[2025-07-01T05:53:45.902+0000] {processor.py:186} INFO - Started process (PID=30580) to work on /home/airflow/.local/lib/python3.12/site-packages/airflow/example_dags/example_branch_operator_decorator.py
[2025-07-01T05:53:45.904+0000] {processor.py:914} INFO - Processing file /home/airflow/.local/lib/python3.12/site-packages/airflow/example_dags/example_branch_operator_decorator.py for tasks to queue
[2025-07-01T05:53:45.906+0000] {logging_mixin.py:190} INFO - [2025-07-01T05:53:45.906+0000] {dagbag.py:588} INFO - Filling up the DagBag from /home/airflow/.local/lib/python3.12/site-packages/airflow/example_dags/example_branch_operator_decorator.py
[2025-07-01T05:53:45.930+0000] {processor.py:925} INFO - DAG(s) 'example_branch_python_operator_decorator' retrieved from /home/airflow/.local/lib/python3.12/site-packages/airflow/example_dags/example_branch_operator_decorator.py
[2025-07-01T05:53:45.957+0000] {logging_mixin.py:190} INFO - [2025-07-01T05:53:45.957+0000] {dag.py:3239} INFO - Sync 1 DAGs
[2025-07-01T05:53:45.979+0000] {logging_mixin.py:190} INFO - [2025-07-01T05:53:45.979+0000] {dag.py:4180} INFO - Setting next_dagrun for example_branch_python_operator_decorator to 2025-06-30 00:00:00+00:00, run_after=2025-07-01 00:00:00+00:00
[2025-07-01T05:53:45.998+0000] {processor.py:208} INFO - Processing /home/airflow/.local/lib/python3.12/site-packages/airflow/example_dags/example_branch_operator_decorator.py took 0.101 seconds
[2025-07-01T05:54:16.975+0000] {processor.py:186} INFO - Started process (PID=30646) to work on /home/airflow/.local/lib/python3.12/site-packages/airflow/example_dags/example_branch_operator_decorator.py
[2025-07-01T05:54:16.976+0000] {processor.py:914} INFO - Processing file /home/airflow/.local/lib/python3.12/site-packages/airflow/example_dags/example_branch_operator_decorator.py for tasks to queue
[2025-07-01T05:54:16.979+0000] {logging_mixin.py:190} INFO - [2025-07-01T05:54:16.978+0000] {dagbag.py:588} INFO - Filling up the DagBag from /home/airflow/.local/lib/python3.12/site-packages/airflow/example_dags/example_branch_operator_decorator.py
[2025-07-01T05:54:16.999+0000] {processor.py:925} INFO - DAG(s) 'example_branch_python_operator_decorator' retrieved from /home/airflow/.local/lib/python3.12/site-packages/airflow/example_dags/example_branch_operator_decorator.py
[2025-07-01T05:54:17.025+0000] {logging_mixin.py:190} INFO - [2025-07-01T05:54:17.024+0000] {dag.py:3239} INFO - Sync 1 DAGs
[2025-07-01T05:54:17.047+0000] {logging_mixin.py:190} INFO - [2025-07-01T05:54:17.046+0000] {dag.py:4180} INFO - Setting next_dagrun for example_branch_python_operator_decorator to 2025-06-30 00:00:00+00:00, run_after=2025-07-01 00:00:00+00:00
[2025-07-01T05:54:17.063+0000] {processor.py:208} INFO - Processing /home/airflow/.local/lib/python3.12/site-packages/airflow/example_dags/example_branch_operator_decorator.py took 0.095 seconds
[2025-07-01T05:54:47.685+0000] {processor.py:186} INFO - Started process (PID=30709) to work on /home/airflow/.local/lib/python3.12/site-packages/airflow/example_dags/example_branch_operator_decorator.py
[2025-07-01T05:54:47.686+0000] {processor.py:914} INFO - Processing file /home/airflow/.local/lib/python3.12/site-packages/airflow/example_dags/example_branch_operator_decorator.py for tasks to queue
[2025-07-01T05:54:47.689+0000] {logging_mixin.py:190} INFO - [2025-07-01T05:54:47.688+0000] {dagbag.py:588} INFO - Filling up the DagBag from /home/airflow/.local/lib/python3.12/site-packages/airflow/example_dags/example_branch_operator_decorator.py
[2025-07-01T05:54:47.709+0000] {processor.py:925} INFO - DAG(s) 'example_branch_python_operator_decorator' retrieved from /home/airflow/.local/lib/python3.12/site-packages/airflow/example_dags/example_branch_operator_decorator.py
[2025-07-01T05:54:47.735+0000] {logging_mixin.py:190} INFO - [2025-07-01T05:54:47.734+0000] {dag.py:3239} INFO - Sync 1 DAGs
[2025-07-01T05:54:47.758+0000] {logging_mixin.py:190} INFO - [2025-07-01T05:54:47.757+0000] {dag.py:4180} INFO - Setting next_dagrun for example_branch_python_operator_decorator to 2025-06-30 00:00:00+00:00, run_after=2025-07-01 00:00:00+00:00
[2025-07-01T05:54:47.774+0000] {processor.py:208} INFO - Processing /home/airflow/.local/lib/python3.12/site-packages/airflow/example_dags/example_branch_operator_decorator.py took 0.095 seconds
[2025-07-01T05:55:18.336+0000] {processor.py:186} INFO - Started process (PID=30771) to work on /home/airflow/.local/lib/python3.12/site-packages/airflow/example_dags/example_branch_operator_decorator.py
[2025-07-01T05:55:18.337+0000] {processor.py:914} INFO - Processing file /home/airflow/.local/lib/python3.12/site-packages/airflow/example_dags/example_branch_operator_decorator.py for tasks to queue
[2025-07-01T05:55:18.339+0000] {logging_mixin.py:190} INFO - [2025-07-01T05:55:18.339+0000] {dagbag.py:588} INFO - Filling up the DagBag from /home/airflow/.local/lib/python3.12/site-packages/airflow/example_dags/example_branch_operator_decorator.py
[2025-07-01T05:55:18.361+0000] {processor.py:925} INFO - DAG(s) 'example_branch_python_operator_decorator' retrieved from /home/airflow/.local/lib/python3.12/site-packages/airflow/example_dags/example_branch_operator_decorator.py
[2025-07-01T05:55:18.386+0000] {logging_mixin.py:190} INFO - [2025-07-01T05:55:18.386+0000] {dag.py:3239} INFO - Sync 1 DAGs
[2025-07-01T05:55:18.410+0000] {logging_mixin.py:190} INFO - [2025-07-01T05:55:18.409+0000] {dag.py:4180} INFO - Setting next_dagrun for example_branch_python_operator_decorator to 2025-06-30 00:00:00+00:00, run_after=2025-07-01 00:00:00+00:00
[2025-07-01T05:55:18.427+0000] {processor.py:208} INFO - Processing /home/airflow/.local/lib/python3.12/site-packages/airflow/example_dags/example_branch_operator_decorator.py took 0.098 seconds
[2025-07-01T05:55:48.944+0000] {processor.py:186} INFO - Started process (PID=30834) to work on /home/airflow/.local/lib/python3.12/site-packages/airflow/example_dags/example_branch_operator_decorator.py
[2025-07-01T05:55:48.945+0000] {processor.py:914} INFO - Processing file /home/airflow/.local/lib/python3.12/site-packages/airflow/example_dags/example_branch_operator_decorator.py for tasks to queue
[2025-07-01T05:55:48.947+0000] {logging_mixin.py:190} INFO - [2025-07-01T05:55:48.947+0000] {dagbag.py:588} INFO - Filling up the DagBag from /home/airflow/.local/lib/python3.12/site-packages/airflow/example_dags/example_branch_operator_decorator.py
[2025-07-01T05:55:48.969+0000] {processor.py:925} INFO - DAG(s) 'example_branch_python_operator_decorator' retrieved from /home/airflow/.local/lib/python3.12/site-packages/airflow/example_dags/example_branch_operator_decorator.py
[2025-07-01T05:55:48.994+0000] {logging_mixin.py:190} INFO - [2025-07-01T05:55:48.994+0000] {dag.py:3239} INFO - Sync 1 DAGs
[2025-07-01T05:55:49.018+0000] {logging_mixin.py:190} INFO - [2025-07-01T05:55:49.018+0000] {dag.py:4180} INFO - Setting next_dagrun for example_branch_python_operator_decorator to 2025-06-30 00:00:00+00:00, run_after=2025-07-01 00:00:00+00:00
[2025-07-01T05:55:49.034+0000] {processor.py:208} INFO - Processing /home/airflow/.local/lib/python3.12/site-packages/airflow/example_dags/example_branch_operator_decorator.py took 0.097 seconds
[2025-07-01T05:56:19.831+0000] {processor.py:186} INFO - Started process (PID=30900) to work on /home/airflow/.local/lib/python3.12/site-packages/airflow/example_dags/example_branch_operator_decorator.py
[2025-07-01T05:56:19.832+0000] {processor.py:914} INFO - Processing file /home/airflow/.local/lib/python3.12/site-packages/airflow/example_dags/example_branch_operator_decorator.py for tasks to queue
[2025-07-01T05:56:19.834+0000] {logging_mixin.py:190} INFO - [2025-07-01T05:56:19.834+0000] {dagbag.py:588} INFO - Filling up the DagBag from /home/airflow/.local/lib/python3.12/site-packages/airflow/example_dags/example_branch_operator_decorator.py
[2025-07-01T05:56:19.855+0000] {processor.py:925} INFO - DAG(s) 'example_branch_python_operator_decorator' retrieved from /home/airflow/.local/lib/python3.12/site-packages/airflow/example_dags/example_branch_operator_decorator.py
[2025-07-01T05:56:19.880+0000] {logging_mixin.py:190} INFO - [2025-07-01T05:56:19.880+0000] {dag.py:3239} INFO - Sync 1 DAGs
[2025-07-01T05:56:19.904+0000] {logging_mixin.py:190} INFO - [2025-07-01T05:56:19.904+0000] {dag.py:4180} INFO - Setting next_dagrun for example_branch_python_operator_decorator to 2025-06-30 00:00:00+00:00, run_after=2025-07-01 00:00:00+00:00
[2025-07-01T05:56:19.921+0000] {processor.py:208} INFO - Processing /home/airflow/.local/lib/python3.12/site-packages/airflow/example_dags/example_branch_operator_decorator.py took 0.097 seconds
[2025-07-01T05:56:51.144+0000] {processor.py:186} INFO - Started process (PID=30962) to work on /home/airflow/.local/lib/python3.12/site-packages/airflow/example_dags/example_branch_operator_decorator.py
[2025-07-01T05:56:51.145+0000] {processor.py:914} INFO - Processing file /home/airflow/.local/lib/python3.12/site-packages/airflow/example_dags/example_branch_operator_decorator.py for tasks to queue
[2025-07-01T05:56:51.147+0000] {logging_mixin.py:190} INFO - [2025-07-01T05:56:51.147+0000] {dagbag.py:588} INFO - Filling up the DagBag from /home/airflow/.local/lib/python3.12/site-packages/airflow/example_dags/example_branch_operator_decorator.py
[2025-07-01T05:56:51.168+0000] {processor.py:925} INFO - DAG(s) 'example_branch_python_operator_decorator' retrieved from /home/airflow/.local/lib/python3.12/site-packages/airflow/example_dags/example_branch_operator_decorator.py
[2025-07-01T05:56:51.194+0000] {logging_mixin.py:190} INFO - [2025-07-01T05:56:51.194+0000] {dag.py:3239} INFO - Sync 1 DAGs
[2025-07-01T05:56:51.219+0000] {logging_mixin.py:190} INFO - [2025-07-01T05:56:51.219+0000] {dag.py:4180} INFO - Setting next_dagrun for example_branch_python_operator_decorator to 2025-06-30 00:00:00+00:00, run_after=2025-07-01 00:00:00+00:00
[2025-07-01T05:56:51.238+0000] {processor.py:208} INFO - Processing /home/airflow/.local/lib/python3.12/site-packages/airflow/example_dags/example_branch_operator_decorator.py took 0.100 seconds
[2025-07-01T05:57:22.204+0000] {processor.py:186} INFO - Started process (PID=31024) to work on /home/airflow/.local/lib/python3.12/site-packages/airflow/example_dags/example_branch_operator_decorator.py
[2025-07-01T05:57:22.205+0000] {processor.py:914} INFO - Processing file /home/airflow/.local/lib/python3.12/site-packages/airflow/example_dags/example_branch_operator_decorator.py for tasks to queue
[2025-07-01T05:57:22.208+0000] {logging_mixin.py:190} INFO - [2025-07-01T05:57:22.207+0000] {dagbag.py:588} INFO - Filling up the DagBag from /home/airflow/.local/lib/python3.12/site-packages/airflow/example_dags/example_branch_operator_decorator.py
[2025-07-01T05:57:22.229+0000] {processor.py:925} INFO - DAG(s) 'example_branch_python_operator_decorator' retrieved from /home/airflow/.local/lib/python3.12/site-packages/airflow/example_dags/example_branch_operator_decorator.py
[2025-07-01T05:57:22.255+0000] {logging_mixin.py:190} INFO - [2025-07-01T05:57:22.255+0000] {dag.py:3239} INFO - Sync 1 DAGs
[2025-07-01T05:57:22.277+0000] {logging_mixin.py:190} INFO - [2025-07-01T05:57:22.277+0000] {dag.py:4180} INFO - Setting next_dagrun for example_branch_python_operator_decorator to 2025-06-30 00:00:00+00:00, run_after=2025-07-01 00:00:00+00:00
[2025-07-01T05:57:22.294+0000] {processor.py:208} INFO - Processing /home/airflow/.local/lib/python3.12/site-packages/airflow/example_dags/example_branch_operator_decorator.py took 0.096 seconds
[2025-07-01T05:57:52.457+0000] {processor.py:186} INFO - Started process (PID=31086) to work on /home/airflow/.local/lib/python3.12/site-packages/airflow/example_dags/example_branch_operator_decorator.py
[2025-07-01T05:57:52.458+0000] {processor.py:914} INFO - Processing file /home/airflow/.local/lib/python3.12/site-packages/airflow/example_dags/example_branch_operator_decorator.py for tasks to queue
[2025-07-01T05:57:52.461+0000] {logging_mixin.py:190} INFO - [2025-07-01T05:57:52.461+0000] {dagbag.py:588} INFO - Filling up the DagBag from /home/airflow/.local/lib/python3.12/site-packages/airflow/example_dags/example_branch_operator_decorator.py
[2025-07-01T05:57:52.481+0000] {processor.py:925} INFO - DAG(s) 'example_branch_python_operator_decorator' retrieved from /home/airflow/.local/lib/python3.12/site-packages/airflow/example_dags/example_branch_operator_decorator.py
[2025-07-01T05:57:52.508+0000] {logging_mixin.py:190} INFO - [2025-07-01T05:57:52.507+0000] {dag.py:3239} INFO - Sync 1 DAGs
[2025-07-01T05:57:52.529+0000] {logging_mixin.py:190} INFO - [2025-07-01T05:57:52.529+0000] {dag.py:4180} INFO - Setting next_dagrun for example_branch_python_operator_decorator to 2025-06-30 00:00:00+00:00, run_after=2025-07-01 00:00:00+00:00
[2025-07-01T05:57:52.545+0000] {processor.py:208} INFO - Processing /home/airflow/.local/lib/python3.12/site-packages/airflow/example_dags/example_branch_operator_decorator.py took 0.093 seconds
[2025-07-01T05:58:23.065+0000] {processor.py:186} INFO - Started process (PID=31148) to work on /home/airflow/.local/lib/python3.12/site-packages/airflow/example_dags/example_branch_operator_decorator.py
[2025-07-01T05:58:23.066+0000] {processor.py:914} INFO - Processing file /home/airflow/.local/lib/python3.12/site-packages/airflow/example_dags/example_branch_operator_decorator.py for tasks to queue
[2025-07-01T05:58:23.071+0000] {logging_mixin.py:190} INFO - [2025-07-01T05:58:23.071+0000] {dagbag.py:588} INFO - Filling up the DagBag from /home/airflow/.local/lib/python3.12/site-packages/airflow/example_dags/example_branch_operator_decorator.py
[2025-07-01T05:58:23.091+0000] {processor.py:925} INFO - DAG(s) 'example_branch_python_operator_decorator' retrieved from /home/airflow/.local/lib/python3.12/site-packages/airflow/example_dags/example_branch_operator_decorator.py
[2025-07-01T05:58:23.117+0000] {logging_mixin.py:190} INFO - [2025-07-01T05:58:23.117+0000] {dag.py:3239} INFO - Sync 1 DAGs
[2025-07-01T05:58:23.139+0000] {logging_mixin.py:190} INFO - [2025-07-01T05:58:23.139+0000] {dag.py:4180} INFO - Setting next_dagrun for example_branch_python_operator_decorator to 2025-06-30 00:00:00+00:00, run_after=2025-07-01 00:00:00+00:00
[2025-07-01T05:58:23.156+0000] {processor.py:208} INFO - Processing /home/airflow/.local/lib/python3.12/site-packages/airflow/example_dags/example_branch_operator_decorator.py took 0.096 seconds
[2025-07-01T05:58:53.757+0000] {processor.py:186} INFO - Started process (PID=31210) to work on /home/airflow/.local/lib/python3.12/site-packages/airflow/example_dags/example_branch_operator_decorator.py
[2025-07-01T05:58:53.759+0000] {processor.py:914} INFO - Processing file /home/airflow/.local/lib/python3.12/site-packages/airflow/example_dags/example_branch_operator_decorator.py for tasks to queue
[2025-07-01T05:58:53.761+0000] {logging_mixin.py:190} INFO - [2025-07-01T05:58:53.761+0000] {dagbag.py:588} INFO - Filling up the DagBag from /home/airflow/.local/lib/python3.12/site-packages/airflow/example_dags/example_branch_operator_decorator.py
[2025-07-01T05:58:53.781+0000] {processor.py:925} INFO - DAG(s) 'example_branch_python_operator_decorator' retrieved from /home/airflow/.local/lib/python3.12/site-packages/airflow/example_dags/example_branch_operator_decorator.py
[2025-07-01T05:58:53.807+0000] {logging_mixin.py:190} INFO - [2025-07-01T05:58:53.807+0000] {dag.py:3239} INFO - Sync 1 DAGs
[2025-07-01T05:58:53.830+0000] {logging_mixin.py:190} INFO - [2025-07-01T05:58:53.829+0000] {dag.py:4180} INFO - Setting next_dagrun for example_branch_python_operator_decorator to 2025-06-30 00:00:00+00:00, run_after=2025-07-01 00:00:00+00:00
[2025-07-01T05:58:53.848+0000] {processor.py:208} INFO - Processing /home/airflow/.local/lib/python3.12/site-packages/airflow/example_dags/example_branch_operator_decorator.py took 0.096 seconds
[2025-07-01T05:59:24.070+0000] {processor.py:186} INFO - Started process (PID=31272) to work on /home/airflow/.local/lib/python3.12/site-packages/airflow/example_dags/example_branch_operator_decorator.py
[2025-07-01T05:59:24.071+0000] {processor.py:914} INFO - Processing file /home/airflow/.local/lib/python3.12/site-packages/airflow/example_dags/example_branch_operator_decorator.py for tasks to queue
[2025-07-01T05:59:24.073+0000] {logging_mixin.py:190} INFO - [2025-07-01T05:59:24.073+0000] {dagbag.py:588} INFO - Filling up the DagBag from /home/airflow/.local/lib/python3.12/site-packages/airflow/example_dags/example_branch_operator_decorator.py
[2025-07-01T05:59:24.093+0000] {processor.py:925} INFO - DAG(s) 'example_branch_python_operator_decorator' retrieved from /home/airflow/.local/lib/python3.12/site-packages/airflow/example_dags/example_branch_operator_decorator.py
[2025-07-01T05:59:24.120+0000] {logging_mixin.py:190} INFO - [2025-07-01T05:59:24.120+0000] {dag.py:3239} INFO - Sync 1 DAGs
[2025-07-01T05:59:24.142+0000] {logging_mixin.py:190} INFO - [2025-07-01T05:59:24.142+0000] {dag.py:4180} INFO - Setting next_dagrun for example_branch_python_operator_decorator to 2025-06-30 00:00:00+00:00, run_after=2025-07-01 00:00:00+00:00
[2025-07-01T05:59:24.161+0000] {processor.py:208} INFO - Processing /home/airflow/.local/lib/python3.12/site-packages/airflow/example_dags/example_branch_operator_decorator.py took 0.097 seconds
[2025-07-01T05:59:54.772+0000] {processor.py:186} INFO - Started process (PID=31334) to work on /home/airflow/.local/lib/python3.12/site-packages/airflow/example_dags/example_branch_operator_decorator.py
[2025-07-01T05:59:54.773+0000] {processor.py:914} INFO - Processing file /home/airflow/.local/lib/python3.12/site-packages/airflow/example_dags/example_branch_operator_decorator.py for tasks to queue
[2025-07-01T05:59:54.776+0000] {logging_mixin.py:190} INFO - [2025-07-01T05:59:54.775+0000] {dagbag.py:588} INFO - Filling up the DagBag from /home/airflow/.local/lib/python3.12/site-packages/airflow/example_dags/example_branch_operator_decorator.py
[2025-07-01T05:59:54.796+0000] {processor.py:925} INFO - DAG(s) 'example_branch_python_operator_decorator' retrieved from /home/airflow/.local/lib/python3.12/site-packages/airflow/example_dags/example_branch_operator_decorator.py
[2025-07-01T05:59:54.821+0000] {logging_mixin.py:190} INFO - [2025-07-01T05:59:54.821+0000] {dag.py:3239} INFO - Sync 1 DAGs
[2025-07-01T05:59:54.843+0000] {logging_mixin.py:190} INFO - [2025-07-01T05:59:54.843+0000] {dag.py:4180} INFO - Setting next_dagrun for example_branch_python_operator_decorator to 2025-06-30 00:00:00+00:00, run_after=2025-07-01 00:00:00+00:00
[2025-07-01T05:59:54.861+0000] {processor.py:208} INFO - Processing /home/airflow/.local/lib/python3.12/site-packages/airflow/example_dags/example_branch_operator_decorator.py took 0.094 seconds
[2025-07-01T06:00:25.050+0000] {processor.py:186} INFO - Started process (PID=31396) to work on /home/airflow/.local/lib/python3.12/site-packages/airflow/example_dags/example_branch_operator_decorator.py
[2025-07-01T06:00:25.051+0000] {processor.py:914} INFO - Processing file /home/airflow/.local/lib/python3.12/site-packages/airflow/example_dags/example_branch_operator_decorator.py for tasks to queue
[2025-07-01T06:00:25.053+0000] {logging_mixin.py:190} INFO - [2025-07-01T06:00:25.053+0000] {dagbag.py:588} INFO - Filling up the DagBag from /home/airflow/.local/lib/python3.12/site-packages/airflow/example_dags/example_branch_operator_decorator.py
[2025-07-01T06:00:25.073+0000] {processor.py:925} INFO - DAG(s) 'example_branch_python_operator_decorator' retrieved from /home/airflow/.local/lib/python3.12/site-packages/airflow/example_dags/example_branch_operator_decorator.py
[2025-07-01T06:00:25.098+0000] {logging_mixin.py:190} INFO - [2025-07-01T06:00:25.098+0000] {dag.py:3239} INFO - Sync 1 DAGs
[2025-07-01T06:00:25.120+0000] {logging_mixin.py:190} INFO - [2025-07-01T06:00:25.120+0000] {dag.py:4180} INFO - Setting next_dagrun for example_branch_python_operator_decorator to 2025-06-30 00:00:00+00:00, run_after=2025-07-01 00:00:00+00:00
[2025-07-01T06:00:25.139+0000] {processor.py:208} INFO - Processing /home/airflow/.local/lib/python3.12/site-packages/airflow/example_dags/example_branch_operator_decorator.py took 0.095 seconds
[2025-07-01T06:00:55.292+0000] {processor.py:186} INFO - Started process (PID=31458) to work on /home/airflow/.local/lib/python3.12/site-packages/airflow/example_dags/example_branch_operator_decorator.py
[2025-07-01T06:00:55.293+0000] {processor.py:914} INFO - Processing file /home/airflow/.local/lib/python3.12/site-packages/airflow/example_dags/example_branch_operator_decorator.py for tasks to queue
[2025-07-01T06:00:55.296+0000] {logging_mixin.py:190} INFO - [2025-07-01T06:00:55.296+0000] {dagbag.py:588} INFO - Filling up the DagBag from /home/airflow/.local/lib/python3.12/site-packages/airflow/example_dags/example_branch_operator_decorator.py
[2025-07-01T06:00:55.316+0000] {processor.py:925} INFO - DAG(s) 'example_branch_python_operator_decorator' retrieved from /home/airflow/.local/lib/python3.12/site-packages/airflow/example_dags/example_branch_operator_decorator.py
[2025-07-01T06:00:55.343+0000] {logging_mixin.py:190} INFO - [2025-07-01T06:00:55.342+0000] {dag.py:3239} INFO - Sync 1 DAGs
[2025-07-01T06:00:55.366+0000] {logging_mixin.py:190} INFO - [2025-07-01T06:00:55.366+0000] {dag.py:4180} INFO - Setting next_dagrun for example_branch_python_operator_decorator to 2025-06-30 00:00:00+00:00, run_after=2025-07-01 00:00:00+00:00
[2025-07-01T06:00:55.383+0000] {processor.py:208} INFO - Processing /home/airflow/.local/lib/python3.12/site-packages/airflow/example_dags/example_branch_operator_decorator.py took 0.096 seconds
[2025-07-01T06:01:25.643+0000] {processor.py:186} INFO - Started process (PID=31520) to work on /home/airflow/.local/lib/python3.12/site-packages/airflow/example_dags/example_branch_operator_decorator.py
[2025-07-01T06:01:25.644+0000] {processor.py:914} INFO - Processing file /home/airflow/.local/lib/python3.12/site-packages/airflow/example_dags/example_branch_operator_decorator.py for tasks to queue
[2025-07-01T06:01:25.647+0000] {logging_mixin.py:190} INFO - [2025-07-01T06:01:25.646+0000] {dagbag.py:588} INFO - Filling up the DagBag from /home/airflow/.local/lib/python3.12/site-packages/airflow/example_dags/example_branch_operator_decorator.py
[2025-07-01T06:01:25.667+0000] {processor.py:925} INFO - DAG(s) 'example_branch_python_operator_decorator' retrieved from /home/airflow/.local/lib/python3.12/site-packages/airflow/example_dags/example_branch_operator_decorator.py
[2025-07-01T06:01:25.694+0000] {logging_mixin.py:190} INFO - [2025-07-01T06:01:25.694+0000] {dag.py:3239} INFO - Sync 1 DAGs
[2025-07-01T06:01:25.716+0000] {logging_mixin.py:190} INFO - [2025-07-01T06:01:25.716+0000] {dag.py:4180} INFO - Setting next_dagrun for example_branch_python_operator_decorator to 2025-06-30 00:00:00+00:00, run_after=2025-07-01 00:00:00+00:00
[2025-07-01T06:01:25.734+0000] {processor.py:208} INFO - Processing /home/airflow/.local/lib/python3.12/site-packages/airflow/example_dags/example_branch_operator_decorator.py took 0.096 seconds
[2025-07-01T06:01:55.899+0000] {processor.py:186} INFO - Started process (PID=31582) to work on /home/airflow/.local/lib/python3.12/site-packages/airflow/example_dags/example_branch_operator_decorator.py
[2025-07-01T06:01:55.900+0000] {processor.py:914} INFO - Processing file /home/airflow/.local/lib/python3.12/site-packages/airflow/example_dags/example_branch_operator_decorator.py for tasks to queue
[2025-07-01T06:01:55.903+0000] {logging_mixin.py:190} INFO - [2025-07-01T06:01:55.902+0000] {dagbag.py:588} INFO - Filling up the DagBag from /home/airflow/.local/lib/python3.12/site-packages/airflow/example_dags/example_branch_operator_decorator.py
[2025-07-01T06:01:55.923+0000] {processor.py:925} INFO - DAG(s) 'example_branch_python_operator_decorator' retrieved from /home/airflow/.local/lib/python3.12/site-packages/airflow/example_dags/example_branch_operator_decorator.py
[2025-07-01T06:01:55.948+0000] {logging_mixin.py:190} INFO - [2025-07-01T06:01:55.948+0000] {dag.py:3239} INFO - Sync 1 DAGs
[2025-07-01T06:01:55.971+0000] {logging_mixin.py:190} INFO - [2025-07-01T06:01:55.970+0000] {dag.py:4180} INFO - Setting next_dagrun for example_branch_python_operator_decorator to 2025-06-30 00:00:00+00:00, run_after=2025-07-01 00:00:00+00:00
[2025-07-01T06:01:55.988+0000] {processor.py:208} INFO - Processing /home/airflow/.local/lib/python3.12/site-packages/airflow/example_dags/example_branch_operator_decorator.py took 0.094 seconds
[2025-07-01T06:02:26.602+0000] {processor.py:186} INFO - Started process (PID=31644) to work on /home/airflow/.local/lib/python3.12/site-packages/airflow/example_dags/example_branch_operator_decorator.py
[2025-07-01T06:02:26.603+0000] {processor.py:914} INFO - Processing file /home/airflow/.local/lib/python3.12/site-packages/airflow/example_dags/example_branch_operator_decorator.py for tasks to queue
[2025-07-01T06:02:26.606+0000] {logging_mixin.py:190} INFO - [2025-07-01T06:02:26.605+0000] {dagbag.py:588} INFO - Filling up the DagBag from /home/airflow/.local/lib/python3.12/site-packages/airflow/example_dags/example_branch_operator_decorator.py
[2025-07-01T06:02:26.627+0000] {processor.py:925} INFO - DAG(s) 'example_branch_python_operator_decorator' retrieved from /home/airflow/.local/lib/python3.12/site-packages/airflow/example_dags/example_branch_operator_decorator.py
[2025-07-01T06:02:26.655+0000] {logging_mixin.py:190} INFO - [2025-07-01T06:02:26.654+0000] {dag.py:3239} INFO - Sync 1 DAGs
[2025-07-01T06:02:26.681+0000] {logging_mixin.py:190} INFO - [2025-07-01T06:02:26.681+0000] {dag.py:4180} INFO - Setting next_dagrun for example_branch_python_operator_decorator to 2025-06-30 00:00:00+00:00, run_after=2025-07-01 00:00:00+00:00
[2025-07-01T06:02:26.698+0000] {processor.py:208} INFO - Processing /home/airflow/.local/lib/python3.12/site-packages/airflow/example_dags/example_branch_operator_decorator.py took 0.103 seconds
[2025-07-01T06:02:57.424+0000] {processor.py:186} INFO - Started process (PID=31706) to work on /home/airflow/.local/lib/python3.12/site-packages/airflow/example_dags/example_branch_operator_decorator.py
[2025-07-01T06:02:57.425+0000] {processor.py:914} INFO - Processing file /home/airflow/.local/lib/python3.12/site-packages/airflow/example_dags/example_branch_operator_decorator.py for tasks to queue
[2025-07-01T06:02:57.428+0000] {logging_mixin.py:190} INFO - [2025-07-01T06:02:57.428+0000] {dagbag.py:588} INFO - Filling up the DagBag from /home/airflow/.local/lib/python3.12/site-packages/airflow/example_dags/example_branch_operator_decorator.py
[2025-07-01T06:02:57.450+0000] {processor.py:925} INFO - DAG(s) 'example_branch_python_operator_decorator' retrieved from /home/airflow/.local/lib/python3.12/site-packages/airflow/example_dags/example_branch_operator_decorator.py
[2025-07-01T06:02:57.476+0000] {logging_mixin.py:190} INFO - [2025-07-01T06:02:57.475+0000] {dag.py:3239} INFO - Sync 1 DAGs
[2025-07-01T06:02:57.502+0000] {logging_mixin.py:190} INFO - [2025-07-01T06:02:57.501+0000] {dag.py:4180} INFO - Setting next_dagrun for example_branch_python_operator_decorator to 2025-06-30 00:00:00+00:00, run_after=2025-07-01 00:00:00+00:00
[2025-07-01T06:02:57.520+0000] {processor.py:208} INFO - Processing /home/airflow/.local/lib/python3.12/site-packages/airflow/example_dags/example_branch_operator_decorator.py took 0.103 seconds
[2025-07-01T06:03:27.725+0000] {processor.py:186} INFO - Started process (PID=31768) to work on /home/airflow/.local/lib/python3.12/site-packages/airflow/example_dags/example_branch_operator_decorator.py
[2025-07-01T06:03:27.727+0000] {processor.py:914} INFO - Processing file /home/airflow/.local/lib/python3.12/site-packages/airflow/example_dags/example_branch_operator_decorator.py for tasks to queue
[2025-07-01T06:03:27.731+0000] {logging_mixin.py:190} INFO - [2025-07-01T06:03:27.731+0000] {dagbag.py:588} INFO - Filling up the DagBag from /home/airflow/.local/lib/python3.12/site-packages/airflow/example_dags/example_branch_operator_decorator.py
[2025-07-01T06:03:27.752+0000] {processor.py:925} INFO - DAG(s) 'example_branch_python_operator_decorator' retrieved from /home/airflow/.local/lib/python3.12/site-packages/airflow/example_dags/example_branch_operator_decorator.py
[2025-07-01T06:03:27.786+0000] {logging_mixin.py:190} INFO - [2025-07-01T06:03:27.785+0000] {dag.py:3239} INFO - Sync 1 DAGs
[2025-07-01T06:03:27.810+0000] {logging_mixin.py:190} INFO - [2025-07-01T06:03:27.810+0000] {dag.py:4180} INFO - Setting next_dagrun for example_branch_python_operator_decorator to 2025-06-30 00:00:00+00:00, run_after=2025-07-01 00:00:00+00:00
[2025-07-01T06:03:27.831+0000] {processor.py:208} INFO - Processing /home/airflow/.local/lib/python3.12/site-packages/airflow/example_dags/example_branch_operator_decorator.py took 0.112 seconds
[2025-07-01T06:03:58.412+0000] {processor.py:186} INFO - Started process (PID=31831) to work on /home/airflow/.local/lib/python3.12/site-packages/airflow/example_dags/example_branch_operator_decorator.py
[2025-07-01T06:03:58.412+0000] {processor.py:914} INFO - Processing file /home/airflow/.local/lib/python3.12/site-packages/airflow/example_dags/example_branch_operator_decorator.py for tasks to queue
[2025-07-01T06:03:58.415+0000] {logging_mixin.py:190} INFO - [2025-07-01T06:03:58.415+0000] {dagbag.py:588} INFO - Filling up the DagBag from /home/airflow/.local/lib/python3.12/site-packages/airflow/example_dags/example_branch_operator_decorator.py
[2025-07-01T06:03:58.437+0000] {processor.py:925} INFO - DAG(s) 'example_branch_python_operator_decorator' retrieved from /home/airflow/.local/lib/python3.12/site-packages/airflow/example_dags/example_branch_operator_decorator.py
[2025-07-01T06:03:58.465+0000] {logging_mixin.py:190} INFO - [2025-07-01T06:03:58.465+0000] {dag.py:3239} INFO - Sync 1 DAGs
[2025-07-01T06:03:58.490+0000] {logging_mixin.py:190} INFO - [2025-07-01T06:03:58.490+0000] {dag.py:4180} INFO - Setting next_dagrun for example_branch_python_operator_decorator to 2025-06-30 00:00:00+00:00, run_after=2025-07-01 00:00:00+00:00
[2025-07-01T06:03:58.510+0000] {processor.py:208} INFO - Processing /home/airflow/.local/lib/python3.12/site-packages/airflow/example_dags/example_branch_operator_decorator.py took 0.105 seconds
[2025-07-01T06:04:29.324+0000] {processor.py:186} INFO - Started process (PID=31893) to work on /home/airflow/.local/lib/python3.12/site-packages/airflow/example_dags/example_branch_operator_decorator.py
[2025-07-01T06:04:29.325+0000] {processor.py:914} INFO - Processing file /home/airflow/.local/lib/python3.12/site-packages/airflow/example_dags/example_branch_operator_decorator.py for tasks to queue
[2025-07-01T06:04:29.327+0000] {logging_mixin.py:190} INFO - [2025-07-01T06:04:29.327+0000] {dagbag.py:588} INFO - Filling up the DagBag from /home/airflow/.local/lib/python3.12/site-packages/airflow/example_dags/example_branch_operator_decorator.py
[2025-07-01T06:04:29.348+0000] {processor.py:925} INFO - DAG(s) 'example_branch_python_operator_decorator' retrieved from /home/airflow/.local/lib/python3.12/site-packages/airflow/example_dags/example_branch_operator_decorator.py
[2025-07-01T06:04:29.375+0000] {logging_mixin.py:190} INFO - [2025-07-01T06:04:29.375+0000] {dag.py:3239} INFO - Sync 1 DAGs
[2025-07-01T06:04:29.398+0000] {logging_mixin.py:190} INFO - [2025-07-01T06:04:29.397+0000] {dag.py:4180} INFO - Setting next_dagrun for example_branch_python_operator_decorator to 2025-06-30 00:00:00+00:00, run_after=2025-07-01 00:00:00+00:00
[2025-07-01T06:04:29.415+0000] {processor.py:208} INFO - Processing /home/airflow/.local/lib/python3.12/site-packages/airflow/example_dags/example_branch_operator_decorator.py took 0.097 seconds
[2025-07-01T06:05:00.194+0000] {processor.py:186} INFO - Started process (PID=31955) to work on /home/airflow/.local/lib/python3.12/site-packages/airflow/example_dags/example_branch_operator_decorator.py
[2025-07-01T06:05:00.197+0000] {processor.py:914} INFO - Processing file /home/airflow/.local/lib/python3.12/site-packages/airflow/example_dags/example_branch_operator_decorator.py for tasks to queue
[2025-07-01T06:05:00.200+0000] {logging_mixin.py:190} INFO - [2025-07-01T06:05:00.199+0000] {dagbag.py:588} INFO - Filling up the DagBag from /home/airflow/.local/lib/python3.12/site-packages/airflow/example_dags/example_branch_operator_decorator.py
[2025-07-01T06:05:00.227+0000] {processor.py:925} INFO - DAG(s) 'example_branch_python_operator_decorator' retrieved from /home/airflow/.local/lib/python3.12/site-packages/airflow/example_dags/example_branch_operator_decorator.py
[2025-07-01T06:05:00.257+0000] {logging_mixin.py:190} INFO - [2025-07-01T06:05:00.257+0000] {dag.py:3239} INFO - Sync 1 DAGs
[2025-07-01T06:05:00.279+0000] {logging_mixin.py:190} INFO - [2025-07-01T06:05:00.279+0000] {dag.py:4180} INFO - Setting next_dagrun for example_branch_python_operator_decorator to 2025-06-30 00:00:00+00:00, run_after=2025-07-01 00:00:00+00:00
[2025-07-01T06:05:00.295+0000] {processor.py:208} INFO - Processing /home/airflow/.local/lib/python3.12/site-packages/airflow/example_dags/example_branch_operator_decorator.py took 0.111 seconds
[2025-07-01T06:05:31.227+0000] {processor.py:186} INFO - Started process (PID=32017) to work on /home/airflow/.local/lib/python3.12/site-packages/airflow/example_dags/example_branch_operator_decorator.py
[2025-07-01T06:05:31.228+0000] {processor.py:914} INFO - Processing file /home/airflow/.local/lib/python3.12/site-packages/airflow/example_dags/example_branch_operator_decorator.py for tasks to queue
[2025-07-01T06:05:31.230+0000] {logging_mixin.py:190} INFO - [2025-07-01T06:05:31.230+0000] {dagbag.py:588} INFO - Filling up the DagBag from /home/airflow/.local/lib/python3.12/site-packages/airflow/example_dags/example_branch_operator_decorator.py
[2025-07-01T06:05:31.251+0000] {processor.py:925} INFO - DAG(s) 'example_branch_python_operator_decorator' retrieved from /home/airflow/.local/lib/python3.12/site-packages/airflow/example_dags/example_branch_operator_decorator.py
[2025-07-01T06:05:31.277+0000] {logging_mixin.py:190} INFO - [2025-07-01T06:05:31.277+0000] {dag.py:3239} INFO - Sync 1 DAGs
[2025-07-01T06:05:31.299+0000] {logging_mixin.py:190} INFO - [2025-07-01T06:05:31.299+0000] {dag.py:4180} INFO - Setting next_dagrun for example_branch_python_operator_decorator to 2025-06-30 00:00:00+00:00, run_after=2025-07-01 00:00:00+00:00
[2025-07-01T06:05:31.317+0000] {processor.py:208} INFO - Processing /home/airflow/.local/lib/python3.12/site-packages/airflow/example_dags/example_branch_operator_decorator.py took 0.096 seconds
[2025-07-01T06:06:01.546+0000] {processor.py:186} INFO - Started process (PID=32079) to work on /home/airflow/.local/lib/python3.12/site-packages/airflow/example_dags/example_branch_operator_decorator.py
[2025-07-01T06:06:01.547+0000] {processor.py:914} INFO - Processing file /home/airflow/.local/lib/python3.12/site-packages/airflow/example_dags/example_branch_operator_decorator.py for tasks to queue
[2025-07-01T06:06:01.549+0000] {logging_mixin.py:190} INFO - [2025-07-01T06:06:01.549+0000] {dagbag.py:588} INFO - Filling up the DagBag from /home/airflow/.local/lib/python3.12/site-packages/airflow/example_dags/example_branch_operator_decorator.py
[2025-07-01T06:06:01.569+0000] {processor.py:925} INFO - DAG(s) 'example_branch_python_operator_decorator' retrieved from /home/airflow/.local/lib/python3.12/site-packages/airflow/example_dags/example_branch_operator_decorator.py
[2025-07-01T06:06:01.595+0000] {logging_mixin.py:190} INFO - [2025-07-01T06:06:01.595+0000] {dag.py:3239} INFO - Sync 1 DAGs
[2025-07-01T06:06:01.617+0000] {logging_mixin.py:190} INFO - [2025-07-01T06:06:01.617+0000] {dag.py:4180} INFO - Setting next_dagrun for example_branch_python_operator_decorator to 2025-06-30 00:00:00+00:00, run_after=2025-07-01 00:00:00+00:00
[2025-07-01T06:06:01.634+0000] {processor.py:208} INFO - Processing /home/airflow/.local/lib/python3.12/site-packages/airflow/example_dags/example_branch_operator_decorator.py took 0.094 seconds
[2025-07-01T06:06:32.090+0000] {processor.py:186} INFO - Started process (PID=32141) to work on /home/airflow/.local/lib/python3.12/site-packages/airflow/example_dags/example_branch_operator_decorator.py
[2025-07-01T06:06:32.091+0000] {processor.py:914} INFO - Processing file /home/airflow/.local/lib/python3.12/site-packages/airflow/example_dags/example_branch_operator_decorator.py for tasks to queue
[2025-07-01T06:06:32.094+0000] {logging_mixin.py:190} INFO - [2025-07-01T06:06:32.094+0000] {dagbag.py:588} INFO - Filling up the DagBag from /home/airflow/.local/lib/python3.12/site-packages/airflow/example_dags/example_branch_operator_decorator.py
[2025-07-01T06:06:32.117+0000] {processor.py:925} INFO - DAG(s) 'example_branch_python_operator_decorator' retrieved from /home/airflow/.local/lib/python3.12/site-packages/airflow/example_dags/example_branch_operator_decorator.py
[2025-07-01T06:06:32.144+0000] {logging_mixin.py:190} INFO - [2025-07-01T06:06:32.144+0000] {dag.py:3239} INFO - Sync 1 DAGs
[2025-07-01T06:06:32.166+0000] {logging_mixin.py:190} INFO - [2025-07-01T06:06:32.166+0000] {dag.py:4180} INFO - Setting next_dagrun for example_branch_python_operator_decorator to 2025-06-30 00:00:00+00:00, run_after=2025-07-01 00:00:00+00:00
[2025-07-01T06:06:32.182+0000] {processor.py:208} INFO - Processing /home/airflow/.local/lib/python3.12/site-packages/airflow/example_dags/example_branch_operator_decorator.py took 0.100 seconds
[2025-07-01T06:07:03.176+0000] {processor.py:186} INFO - Started process (PID=32203) to work on /home/airflow/.local/lib/python3.12/site-packages/airflow/example_dags/example_branch_operator_decorator.py
[2025-07-01T06:07:03.177+0000] {processor.py:914} INFO - Processing file /home/airflow/.local/lib/python3.12/site-packages/airflow/example_dags/example_branch_operator_decorator.py for tasks to queue
[2025-07-01T06:07:03.180+0000] {logging_mixin.py:190} INFO - [2025-07-01T06:07:03.179+0000] {dagbag.py:588} INFO - Filling up the DagBag from /home/airflow/.local/lib/python3.12/site-packages/airflow/example_dags/example_branch_operator_decorator.py
[2025-07-01T06:07:03.200+0000] {processor.py:925} INFO - DAG(s) 'example_branch_python_operator_decorator' retrieved from /home/airflow/.local/lib/python3.12/site-packages/airflow/example_dags/example_branch_operator_decorator.py
[2025-07-01T06:07:03.227+0000] {logging_mixin.py:190} INFO - [2025-07-01T06:07:03.227+0000] {dag.py:3239} INFO - Sync 1 DAGs
[2025-07-01T06:07:03.251+0000] {logging_mixin.py:190} INFO - [2025-07-01T06:07:03.251+0000] {dag.py:4180} INFO - Setting next_dagrun for example_branch_python_operator_decorator to 2025-06-30 00:00:00+00:00, run_after=2025-07-01 00:00:00+00:00
[2025-07-01T06:07:03.268+0000] {processor.py:208} INFO - Processing /home/airflow/.local/lib/python3.12/site-packages/airflow/example_dags/example_branch_operator_decorator.py took 0.098 seconds
[2025-07-01T06:07:34.043+0000] {processor.py:186} INFO - Started process (PID=32265) to work on /home/airflow/.local/lib/python3.12/site-packages/airflow/example_dags/example_branch_operator_decorator.py
[2025-07-01T06:07:34.044+0000] {processor.py:914} INFO - Processing file /home/airflow/.local/lib/python3.12/site-packages/airflow/example_dags/example_branch_operator_decorator.py for tasks to queue
[2025-07-01T06:07:34.047+0000] {logging_mixin.py:190} INFO - [2025-07-01T06:07:34.046+0000] {dagbag.py:588} INFO - Filling up the DagBag from /home/airflow/.local/lib/python3.12/site-packages/airflow/example_dags/example_branch_operator_decorator.py
[2025-07-01T06:07:34.067+0000] {processor.py:925} INFO - DAG(s) 'example_branch_python_operator_decorator' retrieved from /home/airflow/.local/lib/python3.12/site-packages/airflow/example_dags/example_branch_operator_decorator.py
[2025-07-01T06:07:34.092+0000] {logging_mixin.py:190} INFO - [2025-07-01T06:07:34.092+0000] {dag.py:3239} INFO - Sync 1 DAGs
[2025-07-01T06:07:34.117+0000] {logging_mixin.py:190} INFO - [2025-07-01T06:07:34.116+0000] {dag.py:4180} INFO - Setting next_dagrun for example_branch_python_operator_decorator to 2025-06-30 00:00:00+00:00, run_after=2025-07-01 00:00:00+00:00
[2025-07-01T06:07:34.134+0000] {processor.py:208} INFO - Processing /home/airflow/.local/lib/python3.12/site-packages/airflow/example_dags/example_branch_operator_decorator.py took 0.098 seconds
[2025-07-01T06:08:05.187+0000] {processor.py:186} INFO - Started process (PID=32327) to work on /home/airflow/.local/lib/python3.12/site-packages/airflow/example_dags/example_branch_operator_decorator.py
[2025-07-01T06:08:05.188+0000] {processor.py:914} INFO - Processing file /home/airflow/.local/lib/python3.12/site-packages/airflow/example_dags/example_branch_operator_decorator.py for tasks to queue
[2025-07-01T06:08:05.191+0000] {logging_mixin.py:190} INFO - [2025-07-01T06:08:05.191+0000] {dagbag.py:588} INFO - Filling up the DagBag from /home/airflow/.local/lib/python3.12/site-packages/airflow/example_dags/example_branch_operator_decorator.py
[2025-07-01T06:08:05.214+0000] {processor.py:925} INFO - DAG(s) 'example_branch_python_operator_decorator' retrieved from /home/airflow/.local/lib/python3.12/site-packages/airflow/example_dags/example_branch_operator_decorator.py
[2025-07-01T06:08:05.239+0000] {logging_mixin.py:190} INFO - [2025-07-01T06:08:05.239+0000] {dag.py:3239} INFO - Sync 1 DAGs
[2025-07-01T06:08:05.262+0000] {logging_mixin.py:190} INFO - [2025-07-01T06:08:05.262+0000] {dag.py:4180} INFO - Setting next_dagrun for example_branch_python_operator_decorator to 2025-06-30 00:00:00+00:00, run_after=2025-07-01 00:00:00+00:00
[2025-07-01T06:08:05.281+0000] {processor.py:208} INFO - Processing /home/airflow/.local/lib/python3.12/site-packages/airflow/example_dags/example_branch_operator_decorator.py took 0.100 seconds
[2025-07-01T06:08:35.753+0000] {processor.py:186} INFO - Started process (PID=32390) to work on /home/airflow/.local/lib/python3.12/site-packages/airflow/example_dags/example_branch_operator_decorator.py
[2025-07-01T06:08:35.754+0000] {processor.py:914} INFO - Processing file /home/airflow/.local/lib/python3.12/site-packages/airflow/example_dags/example_branch_operator_decorator.py for tasks to queue
[2025-07-01T06:08:35.757+0000] {logging_mixin.py:190} INFO - [2025-07-01T06:08:35.757+0000] {dagbag.py:588} INFO - Filling up the DagBag from /home/airflow/.local/lib/python3.12/site-packages/airflow/example_dags/example_branch_operator_decorator.py
[2025-07-01T06:08:35.780+0000] {processor.py:925} INFO - DAG(s) 'example_branch_python_operator_decorator' retrieved from /home/airflow/.local/lib/python3.12/site-packages/airflow/example_dags/example_branch_operator_decorator.py
[2025-07-01T06:08:35.807+0000] {logging_mixin.py:190} INFO - [2025-07-01T06:08:35.806+0000] {dag.py:3239} INFO - Sync 1 DAGs
[2025-07-01T06:08:35.829+0000] {logging_mixin.py:190} INFO - [2025-07-01T06:08:35.829+0000] {dag.py:4180} INFO - Setting next_dagrun for example_branch_python_operator_decorator to 2025-06-30 00:00:00+00:00, run_after=2025-07-01 00:00:00+00:00
[2025-07-01T06:08:35.848+0000] {processor.py:208} INFO - Processing /home/airflow/.local/lib/python3.12/site-packages/airflow/example_dags/example_branch_operator_decorator.py took 0.102 seconds
[2025-07-01T06:09:06.432+0000] {processor.py:186} INFO - Started process (PID=32452) to work on /home/airflow/.local/lib/python3.12/site-packages/airflow/example_dags/example_branch_operator_decorator.py
[2025-07-01T06:09:06.433+0000] {processor.py:914} INFO - Processing file /home/airflow/.local/lib/python3.12/site-packages/airflow/example_dags/example_branch_operator_decorator.py for tasks to queue
[2025-07-01T06:09:06.438+0000] {logging_mixin.py:190} INFO - [2025-07-01T06:09:06.438+0000] {dagbag.py:588} INFO - Filling up the DagBag from /home/airflow/.local/lib/python3.12/site-packages/airflow/example_dags/example_branch_operator_decorator.py
[2025-07-01T06:09:06.462+0000] {processor.py:925} INFO - DAG(s) 'example_branch_python_operator_decorator' retrieved from /home/airflow/.local/lib/python3.12/site-packages/airflow/example_dags/example_branch_operator_decorator.py
[2025-07-01T06:09:06.488+0000] {logging_mixin.py:190} INFO - [2025-07-01T06:09:06.488+0000] {dag.py:3239} INFO - Sync 1 DAGs
[2025-07-01T06:09:06.511+0000] {logging_mixin.py:190} INFO - [2025-07-01T06:09:06.511+0000] {dag.py:4180} INFO - Setting next_dagrun for example_branch_python_operator_decorator to 2025-06-30 00:00:00+00:00, run_after=2025-07-01 00:00:00+00:00
[2025-07-01T06:09:06.528+0000] {processor.py:208} INFO - Processing /home/airflow/.local/lib/python3.12/site-packages/airflow/example_dags/example_branch_operator_decorator.py took 0.102 seconds
[2025-07-01T06:09:37.005+0000] {processor.py:186} INFO - Started process (PID=32514) to work on /home/airflow/.local/lib/python3.12/site-packages/airflow/example_dags/example_branch_operator_decorator.py
[2025-07-01T06:09:37.006+0000] {processor.py:914} INFO - Processing file /home/airflow/.local/lib/python3.12/site-packages/airflow/example_dags/example_branch_operator_decorator.py for tasks to queue
[2025-07-01T06:09:37.009+0000] {logging_mixin.py:190} INFO - [2025-07-01T06:09:37.009+0000] {dagbag.py:588} INFO - Filling up the DagBag from /home/airflow/.local/lib/python3.12/site-packages/airflow/example_dags/example_branch_operator_decorator.py
[2025-07-01T06:09:37.033+0000] {processor.py:925} INFO - DAG(s) 'example_branch_python_operator_decorator' retrieved from /home/airflow/.local/lib/python3.12/site-packages/airflow/example_dags/example_branch_operator_decorator.py
[2025-07-01T06:09:37.063+0000] {logging_mixin.py:190} INFO - [2025-07-01T06:09:37.063+0000] {dag.py:3239} INFO - Sync 1 DAGs
[2025-07-01T06:09:37.088+0000] {logging_mixin.py:190} INFO - [2025-07-01T06:09:37.088+0000] {dag.py:4180} INFO - Setting next_dagrun for example_branch_python_operator_decorator to 2025-06-30 00:00:00+00:00, run_after=2025-07-01 00:00:00+00:00
[2025-07-01T06:09:37.110+0000] {processor.py:208} INFO - Processing /home/airflow/.local/lib/python3.12/site-packages/airflow/example_dags/example_branch_operator_decorator.py took 0.112 seconds
[2025-07-01T06:10:08.399+0000] {processor.py:186} INFO - Started process (PID=32582) to work on /home/airflow/.local/lib/python3.12/site-packages/airflow/example_dags/example_branch_operator_decorator.py
[2025-07-01T06:10:08.400+0000] {processor.py:914} INFO - Processing file /home/airflow/.local/lib/python3.12/site-packages/airflow/example_dags/example_branch_operator_decorator.py for tasks to queue
[2025-07-01T06:10:08.403+0000] {logging_mixin.py:190} INFO - [2025-07-01T06:10:08.403+0000] {dagbag.py:588} INFO - Filling up the DagBag from /home/airflow/.local/lib/python3.12/site-packages/airflow/example_dags/example_branch_operator_decorator.py
[2025-07-01T06:10:08.427+0000] {processor.py:925} INFO - DAG(s) 'example_branch_python_operator_decorator' retrieved from /home/airflow/.local/lib/python3.12/site-packages/airflow/example_dags/example_branch_operator_decorator.py
[2025-07-01T06:10:08.454+0000] {logging_mixin.py:190} INFO - [2025-07-01T06:10:08.453+0000] {dag.py:3239} INFO - Sync 1 DAGs
[2025-07-01T06:10:08.479+0000] {logging_mixin.py:190} INFO - [2025-07-01T06:10:08.479+0000] {dag.py:4180} INFO - Setting next_dagrun for example_branch_python_operator_decorator to 2025-06-30 00:00:00+00:00, run_after=2025-07-01 00:00:00+00:00
[2025-07-01T06:10:08.499+0000] {processor.py:208} INFO - Processing /home/airflow/.local/lib/python3.12/site-packages/airflow/example_dags/example_branch_operator_decorator.py took 0.108 seconds
[2025-07-01T12:18:44.253+0000] {processor.py:186} INFO - Started process (PID=113) to work on /home/airflow/.local/lib/python3.12/site-packages/airflow/example_dags/example_branch_operator_decorator.py
[2025-07-01T12:18:44.254+0000] {processor.py:914} INFO - Processing file /home/airflow/.local/lib/python3.12/site-packages/airflow/example_dags/example_branch_operator_decorator.py for tasks to queue
[2025-07-01T12:18:44.258+0000] {logging_mixin.py:190} INFO - [2025-07-01T12:18:44.257+0000] {dagbag.py:588} INFO - Filling up the DagBag from /home/airflow/.local/lib/python3.12/site-packages/airflow/example_dags/example_branch_operator_decorator.py
[2025-07-01T12:18:44.295+0000] {processor.py:925} INFO - DAG(s) 'example_branch_python_operator_decorator' retrieved from /home/airflow/.local/lib/python3.12/site-packages/airflow/example_dags/example_branch_operator_decorator.py
[2025-07-01T12:18:44.479+0000] {logging_mixin.py:190} INFO - [2025-07-01T12:18:44.479+0000] {dag.py:3239} INFO - Sync 1 DAGs
[2025-07-01T12:18:44.506+0000] {logging_mixin.py:190} INFO - [2025-07-01T12:18:44.506+0000] {dag.py:4180} INFO - Setting next_dagrun for example_branch_python_operator_decorator to 2025-06-30 00:00:00+00:00, run_after=2025-07-01 00:00:00+00:00
[2025-07-01T12:18:44.542+0000] {processor.py:208} INFO - Processing /home/airflow/.local/lib/python3.12/site-packages/airflow/example_dags/example_branch_operator_decorator.py took 0.298 seconds
