[2025-07-01T01:06:57.248+0000] {processor.py:186} INFO - Started process (PID=67) to work on /home/airflow/.local/lib/python3.12/site-packages/airflow/example_dags/example_short_circuit_decorator.py
[2025-07-01T01:06:57.251+0000] {processor.py:914} INFO - Processing file /home/airflow/.local/lib/python3.12/site-packages/airflow/example_dags/example_short_circuit_decorator.py for tasks to queue
[2025-07-01T01:06:57.274+0000] {logging_mixin.py:190} INFO - [2025-07-01T01:06:57.271+0000] {dagbag.py:588} INFO - Filling up the DagBag from /home/airflow/.local/lib/python3.12/site-packages/airflow/example_dags/example_short_circuit_decorator.py
[2025-07-01T01:06:57.401+0000] {processor.py:925} INFO - DAG(s) 'example_short_circuit_decorator' retrieved from /home/airflow/.local/lib/python3.12/site-packages/airflow/example_dags/example_short_circuit_decorator.py
[2025-07-01T01:06:58.318+0000] {logging_mixin.py:190} INFO - [2025-07-01T01:06:58.316+0000] {override.py:1900} INFO - Created Permission View: can delete on DAG:example_short_circuit_decorator
[2025-07-01T01:06:58.349+0000] {logging_mixin.py:190} INFO - [2025-07-01T01:06:58.349+0000] {override.py:1900} INFO - Created Permission View: can edit on DAG:example_short_circuit_decorator
[2025-07-01T01:06:58.367+0000] {logging_mixin.py:190} INFO - [2025-07-01T01:06:58.366+0000] {override.py:1900} INFO - Created Permission View: can read on DAG:example_short_circuit_decorator
[2025-07-01T01:06:58.384+0000] {logging_mixin.py:190} INFO - [2025-07-01T01:06:58.383+0000] {override.py:1900} INFO - Created Permission View: can delete on DAG Run:example_short_circuit_decorator
[2025-07-01T01:06:58.403+0000] {logging_mixin.py:190} INFO - [2025-07-01T01:06:58.402+0000] {override.py:1900} INFO - Created Permission View: menu access on DAG Run:example_short_circuit_decorator
[2025-07-01T01:06:58.420+0000] {logging_mixin.py:190} INFO - [2025-07-01T01:06:58.420+0000] {override.py:1900} INFO - Created Permission View: can create on DAG Run:example_short_circuit_decorator
[2025-07-01T01:06:58.438+0000] {logging_mixin.py:190} INFO - [2025-07-01T01:06:58.437+0000] {override.py:1900} INFO - Created Permission View: can read on DAG Run:example_short_circuit_decorator
[2025-07-01T01:06:58.440+0000] {logging_mixin.py:190} INFO - [2025-07-01T01:06:58.440+0000] {dag.py:3239} INFO - Sync 1 DAGs
[2025-07-01T01:06:58.544+0000] {logging_mixin.py:190} INFO - [2025-07-01T01:06:58.544+0000] {dag.py:3262} INFO - Creating ORM DAG for example_short_circuit_decorator
[2025-07-01T01:06:58.549+0000] {logging_mixin.py:190} INFO - [2025-07-01T01:06:58.549+0000] {dag.py:4180} INFO - Setting next_dagrun for example_short_circuit_decorator to None, run_after=None
[2025-07-01T01:06:58.619+0000] {processor.py:208} INFO - Processing /home/airflow/.local/lib/python3.12/site-packages/airflow/example_dags/example_short_circuit_decorator.py took 1.439 seconds
[2025-07-01T01:07:28.769+0000] {processor.py:186} INFO - Started process (PID=130) to work on /home/airflow/.local/lib/python3.12/site-packages/airflow/example_dags/example_short_circuit_decorator.py
[2025-07-01T01:07:28.771+0000] {processor.py:914} INFO - Processing file /home/airflow/.local/lib/python3.12/site-packages/airflow/example_dags/example_short_circuit_decorator.py for tasks to queue
[2025-07-01T01:07:28.776+0000] {logging_mixin.py:190} INFO - [2025-07-01T01:07:28.776+0000] {dagbag.py:588} INFO - Filling up the DagBag from /home/airflow/.local/lib/python3.12/site-packages/airflow/example_dags/example_short_circuit_decorator.py
[2025-07-01T01:07:28.799+0000] {processor.py:925} INFO - DAG(s) 'example_short_circuit_decorator' retrieved from /home/airflow/.local/lib/python3.12/site-packages/airflow/example_dags/example_short_circuit_decorator.py
[2025-07-01T01:07:28.852+0000] {logging_mixin.py:190} INFO - [2025-07-01T01:07:28.852+0000] {dag.py:3239} INFO - Sync 1 DAGs
[2025-07-01T01:07:28.891+0000] {logging_mixin.py:190} INFO - [2025-07-01T01:07:28.890+0000] {dag.py:4180} INFO - Setting next_dagrun for example_short_circuit_decorator to None, run_after=None
[2025-07-01T01:07:28.929+0000] {processor.py:208} INFO - Processing /home/airflow/.local/lib/python3.12/site-packages/airflow/example_dags/example_short_circuit_decorator.py took 0.172 seconds
[2025-07-01T01:07:59.913+0000] {processor.py:186} INFO - Started process (PID=192) to work on /home/airflow/.local/lib/python3.12/site-packages/airflow/example_dags/example_short_circuit_decorator.py
[2025-07-01T01:07:59.921+0000] {processor.py:914} INFO - Processing file /home/airflow/.local/lib/python3.12/site-packages/airflow/example_dags/example_short_circuit_decorator.py for tasks to queue
[2025-07-01T01:07:59.931+0000] {logging_mixin.py:190} INFO - [2025-07-01T01:07:59.929+0000] {dagbag.py:588} INFO - Filling up the DagBag from /home/airflow/.local/lib/python3.12/site-packages/airflow/example_dags/example_short_circuit_decorator.py
[2025-07-01T01:07:59.979+0000] {processor.py:925} INFO - DAG(s) 'example_short_circuit_decorator' retrieved from /home/airflow/.local/lib/python3.12/site-packages/airflow/example_dags/example_short_circuit_decorator.py
[2025-07-01T01:08:00.118+0000] {logging_mixin.py:190} INFO - [2025-07-01T01:08:00.117+0000] {dag.py:3239} INFO - Sync 1 DAGs
[2025-07-01T01:08:00.161+0000] {logging_mixin.py:190} INFO - [2025-07-01T01:08:00.161+0000] {dag.py:4180} INFO - Setting next_dagrun for example_short_circuit_decorator to None, run_after=None
[2025-07-01T01:08:00.232+0000] {processor.py:208} INFO - Processing /home/airflow/.local/lib/python3.12/site-packages/airflow/example_dags/example_short_circuit_decorator.py took 0.344 seconds
[2025-07-01T01:08:30.759+0000] {processor.py:186} INFO - Started process (PID=254) to work on /home/airflow/.local/lib/python3.12/site-packages/airflow/example_dags/example_short_circuit_decorator.py
[2025-07-01T01:08:30.760+0000] {processor.py:914} INFO - Processing file /home/airflow/.local/lib/python3.12/site-packages/airflow/example_dags/example_short_circuit_decorator.py for tasks to queue
[2025-07-01T01:08:30.764+0000] {logging_mixin.py:190} INFO - [2025-07-01T01:08:30.763+0000] {dagbag.py:588} INFO - Filling up the DagBag from /home/airflow/.local/lib/python3.12/site-packages/airflow/example_dags/example_short_circuit_decorator.py
[2025-07-01T01:08:30.779+0000] {processor.py:925} INFO - DAG(s) 'example_short_circuit_decorator' retrieved from /home/airflow/.local/lib/python3.12/site-packages/airflow/example_dags/example_short_circuit_decorator.py
[2025-07-01T01:08:30.807+0000] {logging_mixin.py:190} INFO - [2025-07-01T01:08:30.807+0000] {dag.py:3239} INFO - Sync 1 DAGs
[2025-07-01T01:08:30.824+0000] {logging_mixin.py:190} INFO - [2025-07-01T01:08:30.824+0000] {dag.py:4180} INFO - Setting next_dagrun for example_short_circuit_decorator to None, run_after=None
[2025-07-01T01:08:30.847+0000] {processor.py:208} INFO - Processing /home/airflow/.local/lib/python3.12/site-packages/airflow/example_dags/example_short_circuit_decorator.py took 0.096 seconds
[2025-07-01T01:09:01.465+0000] {processor.py:186} INFO - Started process (PID=316) to work on /home/airflow/.local/lib/python3.12/site-packages/airflow/example_dags/example_short_circuit_decorator.py
[2025-07-01T01:09:01.466+0000] {processor.py:914} INFO - Processing file /home/airflow/.local/lib/python3.12/site-packages/airflow/example_dags/example_short_circuit_decorator.py for tasks to queue
[2025-07-01T01:09:01.471+0000] {logging_mixin.py:190} INFO - [2025-07-01T01:09:01.470+0000] {dagbag.py:588} INFO - Filling up the DagBag from /home/airflow/.local/lib/python3.12/site-packages/airflow/example_dags/example_short_circuit_decorator.py
[2025-07-01T01:09:01.488+0000] {processor.py:925} INFO - DAG(s) 'example_short_circuit_decorator' retrieved from /home/airflow/.local/lib/python3.12/site-packages/airflow/example_dags/example_short_circuit_decorator.py
[2025-07-01T01:09:01.532+0000] {logging_mixin.py:190} INFO - [2025-07-01T01:09:01.532+0000] {dag.py:3239} INFO - Sync 1 DAGs
[2025-07-01T01:09:01.559+0000] {logging_mixin.py:190} INFO - [2025-07-01T01:09:01.558+0000] {dag.py:4180} INFO - Setting next_dagrun for example_short_circuit_decorator to None, run_after=None
[2025-07-01T01:09:01.588+0000] {processor.py:208} INFO - Processing /home/airflow/.local/lib/python3.12/site-packages/airflow/example_dags/example_short_circuit_decorator.py took 0.134 seconds
[2025-07-01T01:09:31.969+0000] {processor.py:186} INFO - Started process (PID=378) to work on /home/airflow/.local/lib/python3.12/site-packages/airflow/example_dags/example_short_circuit_decorator.py
[2025-07-01T01:09:31.971+0000] {processor.py:914} INFO - Processing file /home/airflow/.local/lib/python3.12/site-packages/airflow/example_dags/example_short_circuit_decorator.py for tasks to queue
[2025-07-01T01:09:31.974+0000] {logging_mixin.py:190} INFO - [2025-07-01T01:09:31.974+0000] {dagbag.py:588} INFO - Filling up the DagBag from /home/airflow/.local/lib/python3.12/site-packages/airflow/example_dags/example_short_circuit_decorator.py
[2025-07-01T01:09:31.987+0000] {processor.py:925} INFO - DAG(s) 'example_short_circuit_decorator' retrieved from /home/airflow/.local/lib/python3.12/site-packages/airflow/example_dags/example_short_circuit_decorator.py
[2025-07-01T01:09:32.023+0000] {logging_mixin.py:190} INFO - [2025-07-01T01:09:32.022+0000] {dag.py:3239} INFO - Sync 1 DAGs
[2025-07-01T01:09:32.052+0000] {logging_mixin.py:190} INFO - [2025-07-01T01:09:32.052+0000] {dag.py:4180} INFO - Setting next_dagrun for example_short_circuit_decorator to None, run_after=None
[2025-07-01T01:09:32.087+0000] {processor.py:208} INFO - Processing /home/airflow/.local/lib/python3.12/site-packages/airflow/example_dags/example_short_circuit_decorator.py took 0.125 seconds
[2025-07-01T01:10:02.562+0000] {processor.py:186} INFO - Started process (PID=440) to work on /home/airflow/.local/lib/python3.12/site-packages/airflow/example_dags/example_short_circuit_decorator.py
[2025-07-01T01:10:02.563+0000] {processor.py:914} INFO - Processing file /home/airflow/.local/lib/python3.12/site-packages/airflow/example_dags/example_short_circuit_decorator.py for tasks to queue
[2025-07-01T01:10:02.567+0000] {logging_mixin.py:190} INFO - [2025-07-01T01:10:02.566+0000] {dagbag.py:588} INFO - Filling up the DagBag from /home/airflow/.local/lib/python3.12/site-packages/airflow/example_dags/example_short_circuit_decorator.py
[2025-07-01T01:10:02.578+0000] {processor.py:925} INFO - DAG(s) 'example_short_circuit_decorator' retrieved from /home/airflow/.local/lib/python3.12/site-packages/airflow/example_dags/example_short_circuit_decorator.py
[2025-07-01T01:10:02.606+0000] {logging_mixin.py:190} INFO - [2025-07-01T01:10:02.605+0000] {dag.py:3239} INFO - Sync 1 DAGs
[2025-07-01T01:10:02.622+0000] {logging_mixin.py:190} INFO - [2025-07-01T01:10:02.622+0000] {dag.py:4180} INFO - Setting next_dagrun for example_short_circuit_decorator to None, run_after=None
[2025-07-01T01:10:02.642+0000] {processor.py:208} INFO - Processing /home/airflow/.local/lib/python3.12/site-packages/airflow/example_dags/example_short_circuit_decorator.py took 0.090 seconds
[2025-07-01T01:10:32.982+0000] {processor.py:186} INFO - Started process (PID=502) to work on /home/airflow/.local/lib/python3.12/site-packages/airflow/example_dags/example_short_circuit_decorator.py
[2025-07-01T01:10:32.983+0000] {processor.py:914} INFO - Processing file /home/airflow/.local/lib/python3.12/site-packages/airflow/example_dags/example_short_circuit_decorator.py for tasks to queue
[2025-07-01T01:10:32.986+0000] {logging_mixin.py:190} INFO - [2025-07-01T01:10:32.986+0000] {dagbag.py:588} INFO - Filling up the DagBag from /home/airflow/.local/lib/python3.12/site-packages/airflow/example_dags/example_short_circuit_decorator.py
[2025-07-01T01:10:32.999+0000] {processor.py:925} INFO - DAG(s) 'example_short_circuit_decorator' retrieved from /home/airflow/.local/lib/python3.12/site-packages/airflow/example_dags/example_short_circuit_decorator.py
[2025-07-01T01:10:33.032+0000] {logging_mixin.py:190} INFO - [2025-07-01T01:10:33.032+0000] {dag.py:3239} INFO - Sync 1 DAGs
[2025-07-01T01:10:33.051+0000] {logging_mixin.py:190} INFO - [2025-07-01T01:10:33.051+0000] {dag.py:4180} INFO - Setting next_dagrun for example_short_circuit_decorator to None, run_after=None
[2025-07-01T01:10:33.074+0000] {processor.py:208} INFO - Processing /home/airflow/.local/lib/python3.12/site-packages/airflow/example_dags/example_short_circuit_decorator.py took 0.099 seconds
[2025-07-01T01:11:03.441+0000] {processor.py:186} INFO - Started process (PID=564) to work on /home/airflow/.local/lib/python3.12/site-packages/airflow/example_dags/example_short_circuit_decorator.py
[2025-07-01T01:11:03.443+0000] {processor.py:914} INFO - Processing file /home/airflow/.local/lib/python3.12/site-packages/airflow/example_dags/example_short_circuit_decorator.py for tasks to queue
[2025-07-01T01:11:03.446+0000] {logging_mixin.py:190} INFO - [2025-07-01T01:11:03.446+0000] {dagbag.py:588} INFO - Filling up the DagBag from /home/airflow/.local/lib/python3.12/site-packages/airflow/example_dags/example_short_circuit_decorator.py
[2025-07-01T01:11:03.458+0000] {processor.py:925} INFO - DAG(s) 'example_short_circuit_decorator' retrieved from /home/airflow/.local/lib/python3.12/site-packages/airflow/example_dags/example_short_circuit_decorator.py
[2025-07-01T01:11:03.486+0000] {logging_mixin.py:190} INFO - [2025-07-01T01:11:03.486+0000] {dag.py:3239} INFO - Sync 1 DAGs
[2025-07-01T01:11:03.505+0000] {logging_mixin.py:190} INFO - [2025-07-01T01:11:03.505+0000] {dag.py:4180} INFO - Setting next_dagrun for example_short_circuit_decorator to None, run_after=None
[2025-07-01T01:11:03.529+0000] {processor.py:208} INFO - Processing /home/airflow/.local/lib/python3.12/site-packages/airflow/example_dags/example_short_circuit_decorator.py took 0.096 seconds
[2025-07-01T01:11:34.297+0000] {processor.py:186} INFO - Started process (PID=626) to work on /home/airflow/.local/lib/python3.12/site-packages/airflow/example_dags/example_short_circuit_decorator.py
[2025-07-01T01:11:34.299+0000] {processor.py:914} INFO - Processing file /home/airflow/.local/lib/python3.12/site-packages/airflow/example_dags/example_short_circuit_decorator.py for tasks to queue
[2025-07-01T01:11:34.302+0000] {logging_mixin.py:190} INFO - [2025-07-01T01:11:34.301+0000] {dagbag.py:588} INFO - Filling up the DagBag from /home/airflow/.local/lib/python3.12/site-packages/airflow/example_dags/example_short_circuit_decorator.py
[2025-07-01T01:11:34.314+0000] {processor.py:925} INFO - DAG(s) 'example_short_circuit_decorator' retrieved from /home/airflow/.local/lib/python3.12/site-packages/airflow/example_dags/example_short_circuit_decorator.py
[2025-07-01T01:11:34.345+0000] {logging_mixin.py:190} INFO - [2025-07-01T01:11:34.344+0000] {dag.py:3239} INFO - Sync 1 DAGs
[2025-07-01T01:11:34.361+0000] {logging_mixin.py:190} INFO - [2025-07-01T01:11:34.361+0000] {dag.py:4180} INFO - Setting next_dagrun for example_short_circuit_decorator to None, run_after=None
[2025-07-01T01:11:34.381+0000] {processor.py:208} INFO - Processing /home/airflow/.local/lib/python3.12/site-packages/airflow/example_dags/example_short_circuit_decorator.py took 0.091 seconds
[2025-07-01T01:12:04.714+0000] {processor.py:186} INFO - Started process (PID=689) to work on /home/airflow/.local/lib/python3.12/site-packages/airflow/example_dags/example_short_circuit_decorator.py
[2025-07-01T01:12:04.716+0000] {processor.py:914} INFO - Processing file /home/airflow/.local/lib/python3.12/site-packages/airflow/example_dags/example_short_circuit_decorator.py for tasks to queue
[2025-07-01T01:12:04.720+0000] {logging_mixin.py:190} INFO - [2025-07-01T01:12:04.720+0000] {dagbag.py:588} INFO - Filling up the DagBag from /home/airflow/.local/lib/python3.12/site-packages/airflow/example_dags/example_short_circuit_decorator.py
[2025-07-01T01:12:04.733+0000] {processor.py:925} INFO - DAG(s) 'example_short_circuit_decorator' retrieved from /home/airflow/.local/lib/python3.12/site-packages/airflow/example_dags/example_short_circuit_decorator.py
[2025-07-01T01:12:04.771+0000] {logging_mixin.py:190} INFO - [2025-07-01T01:12:04.770+0000] {dag.py:3239} INFO - Sync 1 DAGs
[2025-07-01T01:12:04.788+0000] {logging_mixin.py:190} INFO - [2025-07-01T01:12:04.788+0000] {dag.py:4180} INFO - Setting next_dagrun for example_short_circuit_decorator to None, run_after=None
[2025-07-01T01:12:04.811+0000] {processor.py:208} INFO - Processing /home/airflow/.local/lib/python3.12/site-packages/airflow/example_dags/example_short_circuit_decorator.py took 0.104 seconds
[2025-07-01T01:12:35.092+0000] {processor.py:186} INFO - Started process (PID=751) to work on /home/airflow/.local/lib/python3.12/site-packages/airflow/example_dags/example_short_circuit_decorator.py
[2025-07-01T01:12:35.093+0000] {processor.py:914} INFO - Processing file /home/airflow/.local/lib/python3.12/site-packages/airflow/example_dags/example_short_circuit_decorator.py for tasks to queue
[2025-07-01T01:12:35.097+0000] {logging_mixin.py:190} INFO - [2025-07-01T01:12:35.097+0000] {dagbag.py:588} INFO - Filling up the DagBag from /home/airflow/.local/lib/python3.12/site-packages/airflow/example_dags/example_short_circuit_decorator.py
[2025-07-01T01:12:35.111+0000] {processor.py:925} INFO - DAG(s) 'example_short_circuit_decorator' retrieved from /home/airflow/.local/lib/python3.12/site-packages/airflow/example_dags/example_short_circuit_decorator.py
[2025-07-01T01:12:35.147+0000] {logging_mixin.py:190} INFO - [2025-07-01T01:12:35.146+0000] {dag.py:3239} INFO - Sync 1 DAGs
[2025-07-01T01:12:35.166+0000] {logging_mixin.py:190} INFO - [2025-07-01T01:12:35.166+0000] {dag.py:4180} INFO - Setting next_dagrun for example_short_circuit_decorator to None, run_after=None
[2025-07-01T01:12:35.191+0000] {processor.py:208} INFO - Processing /home/airflow/.local/lib/python3.12/site-packages/airflow/example_dags/example_short_circuit_decorator.py took 0.108 seconds
[2025-07-01T01:13:05.861+0000] {processor.py:186} INFO - Started process (PID=813) to work on /home/airflow/.local/lib/python3.12/site-packages/airflow/example_dags/example_short_circuit_decorator.py
[2025-07-01T01:13:05.863+0000] {processor.py:914} INFO - Processing file /home/airflow/.local/lib/python3.12/site-packages/airflow/example_dags/example_short_circuit_decorator.py for tasks to queue
[2025-07-01T01:13:05.866+0000] {logging_mixin.py:190} INFO - [2025-07-01T01:13:05.866+0000] {dagbag.py:588} INFO - Filling up the DagBag from /home/airflow/.local/lib/python3.12/site-packages/airflow/example_dags/example_short_circuit_decorator.py
[2025-07-01T01:13:05.883+0000] {processor.py:925} INFO - DAG(s) 'example_short_circuit_decorator' retrieved from /home/airflow/.local/lib/python3.12/site-packages/airflow/example_dags/example_short_circuit_decorator.py
[2025-07-01T01:13:05.916+0000] {logging_mixin.py:190} INFO - [2025-07-01T01:13:05.916+0000] {dag.py:3239} INFO - Sync 1 DAGs
[2025-07-01T01:13:05.935+0000] {logging_mixin.py:190} INFO - [2025-07-01T01:13:05.935+0000] {dag.py:4180} INFO - Setting next_dagrun for example_short_circuit_decorator to None, run_after=None
[2025-07-01T01:13:05.961+0000] {processor.py:208} INFO - Processing /home/airflow/.local/lib/python3.12/site-packages/airflow/example_dags/example_short_circuit_decorator.py took 0.110 seconds
[2025-07-01T01:13:36.088+0000] {processor.py:186} INFO - Started process (PID=876) to work on /home/airflow/.local/lib/python3.12/site-packages/airflow/example_dags/example_short_circuit_decorator.py
[2025-07-01T01:13:36.090+0000] {processor.py:914} INFO - Processing file /home/airflow/.local/lib/python3.12/site-packages/airflow/example_dags/example_short_circuit_decorator.py for tasks to queue
[2025-07-01T01:13:36.092+0000] {logging_mixin.py:190} INFO - [2025-07-01T01:13:36.092+0000] {dagbag.py:588} INFO - Filling up the DagBag from /home/airflow/.local/lib/python3.12/site-packages/airflow/example_dags/example_short_circuit_decorator.py
[2025-07-01T01:13:36.101+0000] {processor.py:925} INFO - DAG(s) 'example_short_circuit_decorator' retrieved from /home/airflow/.local/lib/python3.12/site-packages/airflow/example_dags/example_short_circuit_decorator.py
[2025-07-01T01:13:36.130+0000] {logging_mixin.py:190} INFO - [2025-07-01T01:13:36.129+0000] {dag.py:3239} INFO - Sync 1 DAGs
[2025-07-01T01:13:36.144+0000] {logging_mixin.py:190} INFO - [2025-07-01T01:13:36.144+0000] {dag.py:4180} INFO - Setting next_dagrun for example_short_circuit_decorator to None, run_after=None
[2025-07-01T01:13:36.163+0000] {processor.py:208} INFO - Processing /home/airflow/.local/lib/python3.12/site-packages/airflow/example_dags/example_short_circuit_decorator.py took 0.080 seconds
[2025-07-01T01:14:06.569+0000] {processor.py:186} INFO - Started process (PID=938) to work on /home/airflow/.local/lib/python3.12/site-packages/airflow/example_dags/example_short_circuit_decorator.py
[2025-07-01T01:14:06.570+0000] {processor.py:914} INFO - Processing file /home/airflow/.local/lib/python3.12/site-packages/airflow/example_dags/example_short_circuit_decorator.py for tasks to queue
[2025-07-01T01:14:06.573+0000] {logging_mixin.py:190} INFO - [2025-07-01T01:14:06.573+0000] {dagbag.py:588} INFO - Filling up the DagBag from /home/airflow/.local/lib/python3.12/site-packages/airflow/example_dags/example_short_circuit_decorator.py
[2025-07-01T01:14:06.586+0000] {processor.py:925} INFO - DAG(s) 'example_short_circuit_decorator' retrieved from /home/airflow/.local/lib/python3.12/site-packages/airflow/example_dags/example_short_circuit_decorator.py
[2025-07-01T01:14:06.612+0000] {logging_mixin.py:190} INFO - [2025-07-01T01:14:06.612+0000] {dag.py:3239} INFO - Sync 1 DAGs
[2025-07-01T01:14:06.626+0000] {logging_mixin.py:190} INFO - [2025-07-01T01:14:06.626+0000] {dag.py:4180} INFO - Setting next_dagrun for example_short_circuit_decorator to None, run_after=None
[2025-07-01T01:14:06.645+0000] {processor.py:208} INFO - Processing /home/airflow/.local/lib/python3.12/site-packages/airflow/example_dags/example_short_circuit_decorator.py took 0.082 seconds
[2025-07-01T01:14:36.974+0000] {processor.py:186} INFO - Started process (PID=1000) to work on /home/airflow/.local/lib/python3.12/site-packages/airflow/example_dags/example_short_circuit_decorator.py
[2025-07-01T01:14:36.975+0000] {processor.py:914} INFO - Processing file /home/airflow/.local/lib/python3.12/site-packages/airflow/example_dags/example_short_circuit_decorator.py for tasks to queue
[2025-07-01T01:14:36.979+0000] {logging_mixin.py:190} INFO - [2025-07-01T01:14:36.978+0000] {dagbag.py:588} INFO - Filling up the DagBag from /home/airflow/.local/lib/python3.12/site-packages/airflow/example_dags/example_short_circuit_decorator.py
[2025-07-01T01:14:36.991+0000] {processor.py:925} INFO - DAG(s) 'example_short_circuit_decorator' retrieved from /home/airflow/.local/lib/python3.12/site-packages/airflow/example_dags/example_short_circuit_decorator.py
[2025-07-01T01:14:37.024+0000] {logging_mixin.py:190} INFO - [2025-07-01T01:14:37.024+0000] {dag.py:3239} INFO - Sync 1 DAGs
[2025-07-01T01:14:37.046+0000] {logging_mixin.py:190} INFO - [2025-07-01T01:14:37.046+0000] {dag.py:4180} INFO - Setting next_dagrun for example_short_circuit_decorator to None, run_after=None
[2025-07-01T01:14:37.074+0000] {processor.py:208} INFO - Processing /home/airflow/.local/lib/python3.12/site-packages/airflow/example_dags/example_short_circuit_decorator.py took 0.109 seconds
[2025-07-01T01:15:07.393+0000] {processor.py:186} INFO - Started process (PID=1062) to work on /home/airflow/.local/lib/python3.12/site-packages/airflow/example_dags/example_short_circuit_decorator.py
[2025-07-01T01:15:07.394+0000] {processor.py:914} INFO - Processing file /home/airflow/.local/lib/python3.12/site-packages/airflow/example_dags/example_short_circuit_decorator.py for tasks to queue
[2025-07-01T01:15:07.397+0000] {logging_mixin.py:190} INFO - [2025-07-01T01:15:07.397+0000] {dagbag.py:588} INFO - Filling up the DagBag from /home/airflow/.local/lib/python3.12/site-packages/airflow/example_dags/example_short_circuit_decorator.py
[2025-07-01T01:15:07.410+0000] {processor.py:925} INFO - DAG(s) 'example_short_circuit_decorator' retrieved from /home/airflow/.local/lib/python3.12/site-packages/airflow/example_dags/example_short_circuit_decorator.py
[2025-07-01T01:15:07.438+0000] {logging_mixin.py:190} INFO - [2025-07-01T01:15:07.438+0000] {dag.py:3239} INFO - Sync 1 DAGs
[2025-07-01T01:15:07.453+0000] {logging_mixin.py:190} INFO - [2025-07-01T01:15:07.453+0000] {dag.py:4180} INFO - Setting next_dagrun for example_short_circuit_decorator to None, run_after=None
[2025-07-01T01:15:07.484+0000] {processor.py:208} INFO - Processing /home/airflow/.local/lib/python3.12/site-packages/airflow/example_dags/example_short_circuit_decorator.py took 0.097 seconds
[2025-07-01T01:15:37.800+0000] {processor.py:186} INFO - Started process (PID=1124) to work on /home/airflow/.local/lib/python3.12/site-packages/airflow/example_dags/example_short_circuit_decorator.py
[2025-07-01T01:15:37.802+0000] {processor.py:914} INFO - Processing file /home/airflow/.local/lib/python3.12/site-packages/airflow/example_dags/example_short_circuit_decorator.py for tasks to queue
[2025-07-01T01:15:37.806+0000] {logging_mixin.py:190} INFO - [2025-07-01T01:15:37.805+0000] {dagbag.py:588} INFO - Filling up the DagBag from /home/airflow/.local/lib/python3.12/site-packages/airflow/example_dags/example_short_circuit_decorator.py
[2025-07-01T01:15:37.818+0000] {processor.py:925} INFO - DAG(s) 'example_short_circuit_decorator' retrieved from /home/airflow/.local/lib/python3.12/site-packages/airflow/example_dags/example_short_circuit_decorator.py
[2025-07-01T01:15:37.848+0000] {logging_mixin.py:190} INFO - [2025-07-01T01:15:37.848+0000] {dag.py:3239} INFO - Sync 1 DAGs
[2025-07-01T01:15:37.865+0000] {logging_mixin.py:190} INFO - [2025-07-01T01:15:37.865+0000] {dag.py:4180} INFO - Setting next_dagrun for example_short_circuit_decorator to None, run_after=None
[2025-07-01T01:15:37.887+0000] {processor.py:208} INFO - Processing /home/airflow/.local/lib/python3.12/site-packages/airflow/example_dags/example_short_circuit_decorator.py took 0.095 seconds
[2025-07-01T01:16:08.035+0000] {processor.py:186} INFO - Started process (PID=1186) to work on /home/airflow/.local/lib/python3.12/site-packages/airflow/example_dags/example_short_circuit_decorator.py
[2025-07-01T01:16:08.036+0000] {processor.py:914} INFO - Processing file /home/airflow/.local/lib/python3.12/site-packages/airflow/example_dags/example_short_circuit_decorator.py for tasks to queue
[2025-07-01T01:16:08.039+0000] {logging_mixin.py:190} INFO - [2025-07-01T01:16:08.039+0000] {dagbag.py:588} INFO - Filling up the DagBag from /home/airflow/.local/lib/python3.12/site-packages/airflow/example_dags/example_short_circuit_decorator.py
[2025-07-01T01:16:08.048+0000] {processor.py:925} INFO - DAG(s) 'example_short_circuit_decorator' retrieved from /home/airflow/.local/lib/python3.12/site-packages/airflow/example_dags/example_short_circuit_decorator.py
[2025-07-01T01:16:08.074+0000] {logging_mixin.py:190} INFO - [2025-07-01T01:16:08.073+0000] {dag.py:3239} INFO - Sync 1 DAGs
[2025-07-01T01:16:08.088+0000] {logging_mixin.py:190} INFO - [2025-07-01T01:16:08.087+0000] {dag.py:4180} INFO - Setting next_dagrun for example_short_circuit_decorator to None, run_after=None
[2025-07-01T01:16:08.106+0000] {processor.py:208} INFO - Processing /home/airflow/.local/lib/python3.12/site-packages/airflow/example_dags/example_short_circuit_decorator.py took 0.077 seconds
[2025-07-01T01:16:38.214+0000] {processor.py:186} INFO - Started process (PID=1248) to work on /home/airflow/.local/lib/python3.12/site-packages/airflow/example_dags/example_short_circuit_decorator.py
[2025-07-01T01:16:38.216+0000] {processor.py:914} INFO - Processing file /home/airflow/.local/lib/python3.12/site-packages/airflow/example_dags/example_short_circuit_decorator.py for tasks to queue
[2025-07-01T01:16:38.218+0000] {logging_mixin.py:190} INFO - [2025-07-01T01:16:38.218+0000] {dagbag.py:588} INFO - Filling up the DagBag from /home/airflow/.local/lib/python3.12/site-packages/airflow/example_dags/example_short_circuit_decorator.py
[2025-07-01T01:16:38.229+0000] {processor.py:925} INFO - DAG(s) 'example_short_circuit_decorator' retrieved from /home/airflow/.local/lib/python3.12/site-packages/airflow/example_dags/example_short_circuit_decorator.py
[2025-07-01T01:16:38.258+0000] {logging_mixin.py:190} INFO - [2025-07-01T01:16:38.258+0000] {dag.py:3239} INFO - Sync 1 DAGs
[2025-07-01T01:16:38.273+0000] {logging_mixin.py:190} INFO - [2025-07-01T01:16:38.273+0000] {dag.py:4180} INFO - Setting next_dagrun for example_short_circuit_decorator to None, run_after=None
[2025-07-01T01:16:38.292+0000] {processor.py:208} INFO - Processing /home/airflow/.local/lib/python3.12/site-packages/airflow/example_dags/example_short_circuit_decorator.py took 0.083 seconds
[2025-07-01T01:17:08.705+0000] {processor.py:186} INFO - Started process (PID=1310) to work on /home/airflow/.local/lib/python3.12/site-packages/airflow/example_dags/example_short_circuit_decorator.py
[2025-07-01T01:17:08.707+0000] {processor.py:914} INFO - Processing file /home/airflow/.local/lib/python3.12/site-packages/airflow/example_dags/example_short_circuit_decorator.py for tasks to queue
[2025-07-01T01:17:08.710+0000] {logging_mixin.py:190} INFO - [2025-07-01T01:17:08.709+0000] {dagbag.py:588} INFO - Filling up the DagBag from /home/airflow/.local/lib/python3.12/site-packages/airflow/example_dags/example_short_circuit_decorator.py
[2025-07-01T01:17:08.721+0000] {processor.py:925} INFO - DAG(s) 'example_short_circuit_decorator' retrieved from /home/airflow/.local/lib/python3.12/site-packages/airflow/example_dags/example_short_circuit_decorator.py
[2025-07-01T01:17:08.748+0000] {logging_mixin.py:190} INFO - [2025-07-01T01:17:08.748+0000] {dag.py:3239} INFO - Sync 1 DAGs
[2025-07-01T01:17:08.766+0000] {logging_mixin.py:190} INFO - [2025-07-01T01:17:08.766+0000] {dag.py:4180} INFO - Setting next_dagrun for example_short_circuit_decorator to None, run_after=None
[2025-07-01T01:17:08.788+0000] {processor.py:208} INFO - Processing /home/airflow/.local/lib/python3.12/site-packages/airflow/example_dags/example_short_circuit_decorator.py took 0.089 seconds
[2025-07-01T01:17:39.334+0000] {processor.py:186} INFO - Started process (PID=1372) to work on /home/airflow/.local/lib/python3.12/site-packages/airflow/example_dags/example_short_circuit_decorator.py
[2025-07-01T01:17:39.336+0000] {processor.py:914} INFO - Processing file /home/airflow/.local/lib/python3.12/site-packages/airflow/example_dags/example_short_circuit_decorator.py for tasks to queue
[2025-07-01T01:17:39.339+0000] {logging_mixin.py:190} INFO - [2025-07-01T01:17:39.338+0000] {dagbag.py:588} INFO - Filling up the DagBag from /home/airflow/.local/lib/python3.12/site-packages/airflow/example_dags/example_short_circuit_decorator.py
[2025-07-01T01:17:39.349+0000] {processor.py:925} INFO - DAG(s) 'example_short_circuit_decorator' retrieved from /home/airflow/.local/lib/python3.12/site-packages/airflow/example_dags/example_short_circuit_decorator.py
[2025-07-01T01:17:39.374+0000] {logging_mixin.py:190} INFO - [2025-07-01T01:17:39.374+0000] {dag.py:3239} INFO - Sync 1 DAGs
[2025-07-01T01:17:39.388+0000] {logging_mixin.py:190} INFO - [2025-07-01T01:17:39.388+0000] {dag.py:4180} INFO - Setting next_dagrun for example_short_circuit_decorator to None, run_after=None
[2025-07-01T01:17:39.407+0000] {processor.py:208} INFO - Processing /home/airflow/.local/lib/python3.12/site-packages/airflow/example_dags/example_short_circuit_decorator.py took 0.079 seconds
[2025-07-01T01:18:09.633+0000] {processor.py:186} INFO - Started process (PID=1434) to work on /home/airflow/.local/lib/python3.12/site-packages/airflow/example_dags/example_short_circuit_decorator.py
[2025-07-01T01:18:09.634+0000] {processor.py:914} INFO - Processing file /home/airflow/.local/lib/python3.12/site-packages/airflow/example_dags/example_short_circuit_decorator.py for tasks to queue
[2025-07-01T01:18:09.638+0000] {logging_mixin.py:190} INFO - [2025-07-01T01:18:09.638+0000] {dagbag.py:588} INFO - Filling up the DagBag from /home/airflow/.local/lib/python3.12/site-packages/airflow/example_dags/example_short_circuit_decorator.py
[2025-07-01T01:18:09.653+0000] {processor.py:925} INFO - DAG(s) 'example_short_circuit_decorator' retrieved from /home/airflow/.local/lib/python3.12/site-packages/airflow/example_dags/example_short_circuit_decorator.py
[2025-07-01T01:18:09.681+0000] {logging_mixin.py:190} INFO - [2025-07-01T01:18:09.681+0000] {dag.py:3239} INFO - Sync 1 DAGs
[2025-07-01T01:18:09.706+0000] {logging_mixin.py:190} INFO - [2025-07-01T01:18:09.706+0000] {dag.py:4180} INFO - Setting next_dagrun for example_short_circuit_decorator to None, run_after=None
[2025-07-01T01:18:09.736+0000] {processor.py:208} INFO - Processing /home/airflow/.local/lib/python3.12/site-packages/airflow/example_dags/example_short_circuit_decorator.py took 0.111 seconds
[2025-07-01T01:18:40.090+0000] {processor.py:186} INFO - Started process (PID=1496) to work on /home/airflow/.local/lib/python3.12/site-packages/airflow/example_dags/example_short_circuit_decorator.py
[2025-07-01T01:18:40.092+0000] {processor.py:914} INFO - Processing file /home/airflow/.local/lib/python3.12/site-packages/airflow/example_dags/example_short_circuit_decorator.py for tasks to queue
[2025-07-01T01:18:40.094+0000] {logging_mixin.py:190} INFO - [2025-07-01T01:18:40.094+0000] {dagbag.py:588} INFO - Filling up the DagBag from /home/airflow/.local/lib/python3.12/site-packages/airflow/example_dags/example_short_circuit_decorator.py
[2025-07-01T01:18:40.104+0000] {processor.py:925} INFO - DAG(s) 'example_short_circuit_decorator' retrieved from /home/airflow/.local/lib/python3.12/site-packages/airflow/example_dags/example_short_circuit_decorator.py
[2025-07-01T01:18:40.130+0000] {logging_mixin.py:190} INFO - [2025-07-01T01:18:40.130+0000] {dag.py:3239} INFO - Sync 1 DAGs
[2025-07-01T01:18:40.146+0000] {logging_mixin.py:190} INFO - [2025-07-01T01:18:40.145+0000] {dag.py:4180} INFO - Setting next_dagrun for example_short_circuit_decorator to None, run_after=None
[2025-07-01T01:18:40.175+0000] {processor.py:208} INFO - Processing /home/airflow/.local/lib/python3.12/site-packages/airflow/example_dags/example_short_circuit_decorator.py took 0.092 seconds
[2025-07-01T01:19:10.432+0000] {processor.py:186} INFO - Started process (PID=1558) to work on /home/airflow/.local/lib/python3.12/site-packages/airflow/example_dags/example_short_circuit_decorator.py
[2025-07-01T01:19:10.434+0000] {processor.py:914} INFO - Processing file /home/airflow/.local/lib/python3.12/site-packages/airflow/example_dags/example_short_circuit_decorator.py for tasks to queue
[2025-07-01T01:19:10.438+0000] {logging_mixin.py:190} INFO - [2025-07-01T01:19:10.438+0000] {dagbag.py:588} INFO - Filling up the DagBag from /home/airflow/.local/lib/python3.12/site-packages/airflow/example_dags/example_short_circuit_decorator.py
[2025-07-01T01:19:10.454+0000] {processor.py:925} INFO - DAG(s) 'example_short_circuit_decorator' retrieved from /home/airflow/.local/lib/python3.12/site-packages/airflow/example_dags/example_short_circuit_decorator.py
[2025-07-01T01:19:10.488+0000] {logging_mixin.py:190} INFO - [2025-07-01T01:19:10.488+0000] {dag.py:3239} INFO - Sync 1 DAGs
[2025-07-01T01:19:10.511+0000] {logging_mixin.py:190} INFO - [2025-07-01T01:19:10.511+0000] {dag.py:4180} INFO - Setting next_dagrun for example_short_circuit_decorator to None, run_after=None
[2025-07-01T01:19:10.538+0000] {processor.py:208} INFO - Processing /home/airflow/.local/lib/python3.12/site-packages/airflow/example_dags/example_short_circuit_decorator.py took 0.113 seconds
[2025-07-01T01:19:40.718+0000] {processor.py:186} INFO - Started process (PID=1620) to work on /home/airflow/.local/lib/python3.12/site-packages/airflow/example_dags/example_short_circuit_decorator.py
[2025-07-01T01:19:40.720+0000] {processor.py:914} INFO - Processing file /home/airflow/.local/lib/python3.12/site-packages/airflow/example_dags/example_short_circuit_decorator.py for tasks to queue
[2025-07-01T01:19:40.722+0000] {logging_mixin.py:190} INFO - [2025-07-01T01:19:40.722+0000] {dagbag.py:588} INFO - Filling up the DagBag from /home/airflow/.local/lib/python3.12/site-packages/airflow/example_dags/example_short_circuit_decorator.py
[2025-07-01T01:19:40.732+0000] {processor.py:925} INFO - DAG(s) 'example_short_circuit_decorator' retrieved from /home/airflow/.local/lib/python3.12/site-packages/airflow/example_dags/example_short_circuit_decorator.py
[2025-07-01T01:19:40.759+0000] {logging_mixin.py:190} INFO - [2025-07-01T01:19:40.759+0000] {dag.py:3239} INFO - Sync 1 DAGs
[2025-07-01T01:19:40.776+0000] {logging_mixin.py:190} INFO - [2025-07-01T01:19:40.775+0000] {dag.py:4180} INFO - Setting next_dagrun for example_short_circuit_decorator to None, run_after=None
[2025-07-01T01:19:40.796+0000] {processor.py:208} INFO - Processing /home/airflow/.local/lib/python3.12/site-packages/airflow/example_dags/example_short_circuit_decorator.py took 0.085 seconds
[2025-07-01T01:20:11.048+0000] {processor.py:186} INFO - Started process (PID=1682) to work on /home/airflow/.local/lib/python3.12/site-packages/airflow/example_dags/example_short_circuit_decorator.py
[2025-07-01T01:20:11.049+0000] {processor.py:914} INFO - Processing file /home/airflow/.local/lib/python3.12/site-packages/airflow/example_dags/example_short_circuit_decorator.py for tasks to queue
[2025-07-01T01:20:11.052+0000] {logging_mixin.py:190} INFO - [2025-07-01T01:20:11.052+0000] {dagbag.py:588} INFO - Filling up the DagBag from /home/airflow/.local/lib/python3.12/site-packages/airflow/example_dags/example_short_circuit_decorator.py
[2025-07-01T01:20:11.062+0000] {processor.py:925} INFO - DAG(s) 'example_short_circuit_decorator' retrieved from /home/airflow/.local/lib/python3.12/site-packages/airflow/example_dags/example_short_circuit_decorator.py
[2025-07-01T01:20:11.087+0000] {logging_mixin.py:190} INFO - [2025-07-01T01:20:11.087+0000] {dag.py:3239} INFO - Sync 1 DAGs
[2025-07-01T01:20:11.102+0000] {logging_mixin.py:190} INFO - [2025-07-01T01:20:11.102+0000] {dag.py:4180} INFO - Setting next_dagrun for example_short_circuit_decorator to None, run_after=None
[2025-07-01T01:20:11.121+0000] {processor.py:208} INFO - Processing /home/airflow/.local/lib/python3.12/site-packages/airflow/example_dags/example_short_circuit_decorator.py took 0.079 seconds
[2025-07-01T01:20:41.557+0000] {processor.py:186} INFO - Started process (PID=1744) to work on /home/airflow/.local/lib/python3.12/site-packages/airflow/example_dags/example_short_circuit_decorator.py
[2025-07-01T01:20:41.558+0000] {processor.py:914} INFO - Processing file /home/airflow/.local/lib/python3.12/site-packages/airflow/example_dags/example_short_circuit_decorator.py for tasks to queue
[2025-07-01T01:20:41.561+0000] {logging_mixin.py:190} INFO - [2025-07-01T01:20:41.561+0000] {dagbag.py:588} INFO - Filling up the DagBag from /home/airflow/.local/lib/python3.12/site-packages/airflow/example_dags/example_short_circuit_decorator.py
[2025-07-01T01:20:41.571+0000] {processor.py:925} INFO - DAG(s) 'example_short_circuit_decorator' retrieved from /home/airflow/.local/lib/python3.12/site-packages/airflow/example_dags/example_short_circuit_decorator.py
[2025-07-01T01:20:41.594+0000] {logging_mixin.py:190} INFO - [2025-07-01T01:20:41.594+0000] {dag.py:3239} INFO - Sync 1 DAGs
[2025-07-01T01:20:41.609+0000] {logging_mixin.py:190} INFO - [2025-07-01T01:20:41.608+0000] {dag.py:4180} INFO - Setting next_dagrun for example_short_circuit_decorator to None, run_after=None
[2025-07-01T01:20:41.636+0000] {processor.py:208} INFO - Processing /home/airflow/.local/lib/python3.12/site-packages/airflow/example_dags/example_short_circuit_decorator.py took 0.085 seconds
[2025-07-01T01:21:11.722+0000] {processor.py:186} INFO - Started process (PID=1806) to work on /home/airflow/.local/lib/python3.12/site-packages/airflow/example_dags/example_short_circuit_decorator.py
[2025-07-01T01:21:11.723+0000] {processor.py:914} INFO - Processing file /home/airflow/.local/lib/python3.12/site-packages/airflow/example_dags/example_short_circuit_decorator.py for tasks to queue
[2025-07-01T01:21:11.726+0000] {logging_mixin.py:190} INFO - [2025-07-01T01:21:11.725+0000] {dagbag.py:588} INFO - Filling up the DagBag from /home/airflow/.local/lib/python3.12/site-packages/airflow/example_dags/example_short_circuit_decorator.py
[2025-07-01T01:21:11.734+0000] {processor.py:925} INFO - DAG(s) 'example_short_circuit_decorator' retrieved from /home/airflow/.local/lib/python3.12/site-packages/airflow/example_dags/example_short_circuit_decorator.py
[2025-07-01T01:21:11.759+0000] {logging_mixin.py:190} INFO - [2025-07-01T01:21:11.758+0000] {dag.py:3239} INFO - Sync 1 DAGs
[2025-07-01T01:21:11.773+0000] {logging_mixin.py:190} INFO - [2025-07-01T01:21:11.772+0000] {dag.py:4180} INFO - Setting next_dagrun for example_short_circuit_decorator to None, run_after=None
[2025-07-01T01:21:11.791+0000] {processor.py:208} INFO - Processing /home/airflow/.local/lib/python3.12/site-packages/airflow/example_dags/example_short_circuit_decorator.py took 0.075 seconds
[2025-07-01T01:21:42.029+0000] {processor.py:186} INFO - Started process (PID=1868) to work on /home/airflow/.local/lib/python3.12/site-packages/airflow/example_dags/example_short_circuit_decorator.py
[2025-07-01T01:21:42.030+0000] {processor.py:914} INFO - Processing file /home/airflow/.local/lib/python3.12/site-packages/airflow/example_dags/example_short_circuit_decorator.py for tasks to queue
[2025-07-01T01:21:42.033+0000] {logging_mixin.py:190} INFO - [2025-07-01T01:21:42.033+0000] {dagbag.py:588} INFO - Filling up the DagBag from /home/airflow/.local/lib/python3.12/site-packages/airflow/example_dags/example_short_circuit_decorator.py
[2025-07-01T01:21:42.042+0000] {processor.py:925} INFO - DAG(s) 'example_short_circuit_decorator' retrieved from /home/airflow/.local/lib/python3.12/site-packages/airflow/example_dags/example_short_circuit_decorator.py
[2025-07-01T01:21:42.069+0000] {logging_mixin.py:190} INFO - [2025-07-01T01:21:42.069+0000] {dag.py:3239} INFO - Sync 1 DAGs
[2025-07-01T01:21:42.084+0000] {logging_mixin.py:190} INFO - [2025-07-01T01:21:42.084+0000] {dag.py:4180} INFO - Setting next_dagrun for example_short_circuit_decorator to None, run_after=None
[2025-07-01T01:21:42.106+0000] {processor.py:208} INFO - Processing /home/airflow/.local/lib/python3.12/site-packages/airflow/example_dags/example_short_circuit_decorator.py took 0.085 seconds
[2025-07-01T01:22:12.861+0000] {processor.py:186} INFO - Started process (PID=1930) to work on /home/airflow/.local/lib/python3.12/site-packages/airflow/example_dags/example_short_circuit_decorator.py
[2025-07-01T01:22:12.862+0000] {processor.py:914} INFO - Processing file /home/airflow/.local/lib/python3.12/site-packages/airflow/example_dags/example_short_circuit_decorator.py for tasks to queue
[2025-07-01T01:22:12.865+0000] {logging_mixin.py:190} INFO - [2025-07-01T01:22:12.865+0000] {dagbag.py:588} INFO - Filling up the DagBag from /home/airflow/.local/lib/python3.12/site-packages/airflow/example_dags/example_short_circuit_decorator.py
[2025-07-01T01:22:12.877+0000] {processor.py:925} INFO - DAG(s) 'example_short_circuit_decorator' retrieved from /home/airflow/.local/lib/python3.12/site-packages/airflow/example_dags/example_short_circuit_decorator.py
[2025-07-01T01:22:12.906+0000] {logging_mixin.py:190} INFO - [2025-07-01T01:22:12.905+0000] {dag.py:3239} INFO - Sync 1 DAGs
[2025-07-01T01:22:12.922+0000] {logging_mixin.py:190} INFO - [2025-07-01T01:22:12.922+0000] {dag.py:4180} INFO - Setting next_dagrun for example_short_circuit_decorator to None, run_after=None
[2025-07-01T01:22:12.942+0000] {processor.py:208} INFO - Processing /home/airflow/.local/lib/python3.12/site-packages/airflow/example_dags/example_short_circuit_decorator.py took 0.087 seconds
[2025-07-01T01:22:43.042+0000] {processor.py:186} INFO - Started process (PID=1992) to work on /home/airflow/.local/lib/python3.12/site-packages/airflow/example_dags/example_short_circuit_decorator.py
[2025-07-01T01:22:43.043+0000] {processor.py:914} INFO - Processing file /home/airflow/.local/lib/python3.12/site-packages/airflow/example_dags/example_short_circuit_decorator.py for tasks to queue
[2025-07-01T01:22:43.047+0000] {logging_mixin.py:190} INFO - [2025-07-01T01:22:43.046+0000] {dagbag.py:588} INFO - Filling up the DagBag from /home/airflow/.local/lib/python3.12/site-packages/airflow/example_dags/example_short_circuit_decorator.py
[2025-07-01T01:22:43.060+0000] {processor.py:925} INFO - DAG(s) 'example_short_circuit_decorator' retrieved from /home/airflow/.local/lib/python3.12/site-packages/airflow/example_dags/example_short_circuit_decorator.py
[2025-07-01T01:22:43.089+0000] {logging_mixin.py:190} INFO - [2025-07-01T01:22:43.088+0000] {dag.py:3239} INFO - Sync 1 DAGs
[2025-07-01T01:22:43.106+0000] {logging_mixin.py:190} INFO - [2025-07-01T01:22:43.106+0000] {dag.py:4180} INFO - Setting next_dagrun for example_short_circuit_decorator to None, run_after=None
[2025-07-01T01:22:43.137+0000] {processor.py:208} INFO - Processing /home/airflow/.local/lib/python3.12/site-packages/airflow/example_dags/example_short_circuit_decorator.py took 0.102 seconds
[2025-07-01T01:23:13.499+0000] {processor.py:186} INFO - Started process (PID=2054) to work on /home/airflow/.local/lib/python3.12/site-packages/airflow/example_dags/example_short_circuit_decorator.py
[2025-07-01T01:23:13.500+0000] {processor.py:914} INFO - Processing file /home/airflow/.local/lib/python3.12/site-packages/airflow/example_dags/example_short_circuit_decorator.py for tasks to queue
[2025-07-01T01:23:13.503+0000] {logging_mixin.py:190} INFO - [2025-07-01T01:23:13.502+0000] {dagbag.py:588} INFO - Filling up the DagBag from /home/airflow/.local/lib/python3.12/site-packages/airflow/example_dags/example_short_circuit_decorator.py
[2025-07-01T01:23:13.512+0000] {processor.py:925} INFO - DAG(s) 'example_short_circuit_decorator' retrieved from /home/airflow/.local/lib/python3.12/site-packages/airflow/example_dags/example_short_circuit_decorator.py
[2025-07-01T01:23:13.536+0000] {logging_mixin.py:190} INFO - [2025-07-01T01:23:13.535+0000] {dag.py:3239} INFO - Sync 1 DAGs
[2025-07-01T01:23:13.549+0000] {logging_mixin.py:190} INFO - [2025-07-01T01:23:13.549+0000] {dag.py:4180} INFO - Setting next_dagrun for example_short_circuit_decorator to None, run_after=None
[2025-07-01T01:23:13.578+0000] {processor.py:208} INFO - Processing /home/airflow/.local/lib/python3.12/site-packages/airflow/example_dags/example_short_circuit_decorator.py took 0.086 seconds
[2025-07-01T01:23:43.898+0000] {processor.py:186} INFO - Started process (PID=2116) to work on /home/airflow/.local/lib/python3.12/site-packages/airflow/example_dags/example_short_circuit_decorator.py
[2025-07-01T01:23:43.899+0000] {processor.py:914} INFO - Processing file /home/airflow/.local/lib/python3.12/site-packages/airflow/example_dags/example_short_circuit_decorator.py for tasks to queue
[2025-07-01T01:23:43.902+0000] {logging_mixin.py:190} INFO - [2025-07-01T01:23:43.902+0000] {dagbag.py:588} INFO - Filling up the DagBag from /home/airflow/.local/lib/python3.12/site-packages/airflow/example_dags/example_short_circuit_decorator.py
[2025-07-01T01:23:43.914+0000] {processor.py:925} INFO - DAG(s) 'example_short_circuit_decorator' retrieved from /home/airflow/.local/lib/python3.12/site-packages/airflow/example_dags/example_short_circuit_decorator.py
[2025-07-01T01:23:43.940+0000] {logging_mixin.py:190} INFO - [2025-07-01T01:23:43.940+0000] {dag.py:3239} INFO - Sync 1 DAGs
[2025-07-01T01:23:43.960+0000] {logging_mixin.py:190} INFO - [2025-07-01T01:23:43.960+0000] {dag.py:4180} INFO - Setting next_dagrun for example_short_circuit_decorator to None, run_after=None
[2025-07-01T01:23:43.978+0000] {processor.py:208} INFO - Processing /home/airflow/.local/lib/python3.12/site-packages/airflow/example_dags/example_short_circuit_decorator.py took 0.086 seconds
[2025-07-01T01:24:14.973+0000] {processor.py:186} INFO - Started process (PID=2178) to work on /home/airflow/.local/lib/python3.12/site-packages/airflow/example_dags/example_short_circuit_decorator.py
[2025-07-01T01:24:14.974+0000] {processor.py:914} INFO - Processing file /home/airflow/.local/lib/python3.12/site-packages/airflow/example_dags/example_short_circuit_decorator.py for tasks to queue
[2025-07-01T01:24:14.977+0000] {logging_mixin.py:190} INFO - [2025-07-01T01:24:14.977+0000] {dagbag.py:588} INFO - Filling up the DagBag from /home/airflow/.local/lib/python3.12/site-packages/airflow/example_dags/example_short_circuit_decorator.py
[2025-07-01T01:24:14.989+0000] {processor.py:925} INFO - DAG(s) 'example_short_circuit_decorator' retrieved from /home/airflow/.local/lib/python3.12/site-packages/airflow/example_dags/example_short_circuit_decorator.py
[2025-07-01T01:24:15.017+0000] {logging_mixin.py:190} INFO - [2025-07-01T01:24:15.016+0000] {dag.py:3239} INFO - Sync 1 DAGs
[2025-07-01T01:24:15.032+0000] {logging_mixin.py:190} INFO - [2025-07-01T01:24:15.032+0000] {dag.py:4180} INFO - Setting next_dagrun for example_short_circuit_decorator to None, run_after=None
[2025-07-01T01:24:15.054+0000] {processor.py:208} INFO - Processing /home/airflow/.local/lib/python3.12/site-packages/airflow/example_dags/example_short_circuit_decorator.py took 0.089 seconds
[2025-07-01T01:24:45.647+0000] {processor.py:186} INFO - Started process (PID=2240) to work on /home/airflow/.local/lib/python3.12/site-packages/airflow/example_dags/example_short_circuit_decorator.py
[2025-07-01T01:24:45.648+0000] {processor.py:914} INFO - Processing file /home/airflow/.local/lib/python3.12/site-packages/airflow/example_dags/example_short_circuit_decorator.py for tasks to queue
[2025-07-01T01:24:45.650+0000] {logging_mixin.py:190} INFO - [2025-07-01T01:24:45.650+0000] {dagbag.py:588} INFO - Filling up the DagBag from /home/airflow/.local/lib/python3.12/site-packages/airflow/example_dags/example_short_circuit_decorator.py
[2025-07-01T01:24:45.660+0000] {processor.py:925} INFO - DAG(s) 'example_short_circuit_decorator' retrieved from /home/airflow/.local/lib/python3.12/site-packages/airflow/example_dags/example_short_circuit_decorator.py
[2025-07-01T01:24:45.687+0000] {logging_mixin.py:190} INFO - [2025-07-01T01:24:45.687+0000] {dag.py:3239} INFO - Sync 1 DAGs
[2025-07-01T01:24:45.702+0000] {logging_mixin.py:190} INFO - [2025-07-01T01:24:45.702+0000] {dag.py:4180} INFO - Setting next_dagrun for example_short_circuit_decorator to None, run_after=None
[2025-07-01T01:24:45.721+0000] {processor.py:208} INFO - Processing /home/airflow/.local/lib/python3.12/site-packages/airflow/example_dags/example_short_circuit_decorator.py took 0.080 seconds
[2025-07-01T01:25:16.491+0000] {processor.py:186} INFO - Started process (PID=2302) to work on /home/airflow/.local/lib/python3.12/site-packages/airflow/example_dags/example_short_circuit_decorator.py
[2025-07-01T01:25:16.492+0000] {processor.py:914} INFO - Processing file /home/airflow/.local/lib/python3.12/site-packages/airflow/example_dags/example_short_circuit_decorator.py for tasks to queue
[2025-07-01T01:25:16.495+0000] {logging_mixin.py:190} INFO - [2025-07-01T01:25:16.494+0000] {dagbag.py:588} INFO - Filling up the DagBag from /home/airflow/.local/lib/python3.12/site-packages/airflow/example_dags/example_short_circuit_decorator.py
[2025-07-01T01:25:16.506+0000] {processor.py:925} INFO - DAG(s) 'example_short_circuit_decorator' retrieved from /home/airflow/.local/lib/python3.12/site-packages/airflow/example_dags/example_short_circuit_decorator.py
[2025-07-01T01:25:16.530+0000] {logging_mixin.py:190} INFO - [2025-07-01T01:25:16.530+0000] {dag.py:3239} INFO - Sync 1 DAGs
[2025-07-01T01:25:16.544+0000] {logging_mixin.py:190} INFO - [2025-07-01T01:25:16.544+0000] {dag.py:4180} INFO - Setting next_dagrun for example_short_circuit_decorator to None, run_after=None
[2025-07-01T01:25:16.563+0000] {processor.py:208} INFO - Processing /home/airflow/.local/lib/python3.12/site-packages/airflow/example_dags/example_short_circuit_decorator.py took 0.078 seconds
[2025-07-01T01:25:46.958+0000] {processor.py:186} INFO - Started process (PID=2364) to work on /home/airflow/.local/lib/python3.12/site-packages/airflow/example_dags/example_short_circuit_decorator.py
[2025-07-01T01:25:46.959+0000] {processor.py:914} INFO - Processing file /home/airflow/.local/lib/python3.12/site-packages/airflow/example_dags/example_short_circuit_decorator.py for tasks to queue
[2025-07-01T01:25:46.963+0000] {logging_mixin.py:190} INFO - [2025-07-01T01:25:46.962+0000] {dagbag.py:588} INFO - Filling up the DagBag from /home/airflow/.local/lib/python3.12/site-packages/airflow/example_dags/example_short_circuit_decorator.py
[2025-07-01T01:25:46.977+0000] {processor.py:925} INFO - DAG(s) 'example_short_circuit_decorator' retrieved from /home/airflow/.local/lib/python3.12/site-packages/airflow/example_dags/example_short_circuit_decorator.py
[2025-07-01T01:25:47.006+0000] {logging_mixin.py:190} INFO - [2025-07-01T01:25:47.006+0000] {dag.py:3239} INFO - Sync 1 DAGs
[2025-07-01T01:25:47.026+0000] {logging_mixin.py:190} INFO - [2025-07-01T01:25:47.025+0000] {dag.py:4180} INFO - Setting next_dagrun for example_short_circuit_decorator to None, run_after=None
[2025-07-01T01:25:47.050+0000] {processor.py:208} INFO - Processing /home/airflow/.local/lib/python3.12/site-packages/airflow/example_dags/example_short_circuit_decorator.py took 0.102 seconds
[2025-07-01T01:26:17.122+0000] {processor.py:186} INFO - Started process (PID=2427) to work on /home/airflow/.local/lib/python3.12/site-packages/airflow/example_dags/example_short_circuit_decorator.py
[2025-07-01T01:26:17.123+0000] {processor.py:914} INFO - Processing file /home/airflow/.local/lib/python3.12/site-packages/airflow/example_dags/example_short_circuit_decorator.py for tasks to queue
[2025-07-01T01:26:17.125+0000] {logging_mixin.py:190} INFO - [2025-07-01T01:26:17.125+0000] {dagbag.py:588} INFO - Filling up the DagBag from /home/airflow/.local/lib/python3.12/site-packages/airflow/example_dags/example_short_circuit_decorator.py
[2025-07-01T01:26:17.135+0000] {processor.py:925} INFO - DAG(s) 'example_short_circuit_decorator' retrieved from /home/airflow/.local/lib/python3.12/site-packages/airflow/example_dags/example_short_circuit_decorator.py
[2025-07-01T01:26:17.157+0000] {logging_mixin.py:190} INFO - [2025-07-01T01:26:17.157+0000] {dag.py:3239} INFO - Sync 1 DAGs
[2025-07-01T01:26:17.172+0000] {logging_mixin.py:190} INFO - [2025-07-01T01:26:17.172+0000] {dag.py:4180} INFO - Setting next_dagrun for example_short_circuit_decorator to None, run_after=None
[2025-07-01T01:26:17.199+0000] {processor.py:208} INFO - Processing /home/airflow/.local/lib/python3.12/site-packages/airflow/example_dags/example_short_circuit_decorator.py took 0.083 seconds
[2025-07-01T01:26:47.457+0000] {processor.py:186} INFO - Started process (PID=2489) to work on /home/airflow/.local/lib/python3.12/site-packages/airflow/example_dags/example_short_circuit_decorator.py
[2025-07-01T01:26:47.458+0000] {processor.py:914} INFO - Processing file /home/airflow/.local/lib/python3.12/site-packages/airflow/example_dags/example_short_circuit_decorator.py for tasks to queue
[2025-07-01T01:26:47.461+0000] {logging_mixin.py:190} INFO - [2025-07-01T01:26:47.460+0000] {dagbag.py:588} INFO - Filling up the DagBag from /home/airflow/.local/lib/python3.12/site-packages/airflow/example_dags/example_short_circuit_decorator.py
[2025-07-01T01:26:47.471+0000] {processor.py:925} INFO - DAG(s) 'example_short_circuit_decorator' retrieved from /home/airflow/.local/lib/python3.12/site-packages/airflow/example_dags/example_short_circuit_decorator.py
[2025-07-01T01:26:47.506+0000] {logging_mixin.py:190} INFO - [2025-07-01T01:26:47.506+0000] {dag.py:3239} INFO - Sync 1 DAGs
[2025-07-01T01:26:47.523+0000] {logging_mixin.py:190} INFO - [2025-07-01T01:26:47.523+0000] {dag.py:4180} INFO - Setting next_dagrun for example_short_circuit_decorator to None, run_after=None
[2025-07-01T01:26:47.546+0000] {processor.py:208} INFO - Processing /home/airflow/.local/lib/python3.12/site-packages/airflow/example_dags/example_short_circuit_decorator.py took 0.096 seconds
[2025-07-01T01:27:18.169+0000] {processor.py:186} INFO - Started process (PID=2551) to work on /home/airflow/.local/lib/python3.12/site-packages/airflow/example_dags/example_short_circuit_decorator.py
[2025-07-01T01:27:18.171+0000] {processor.py:914} INFO - Processing file /home/airflow/.local/lib/python3.12/site-packages/airflow/example_dags/example_short_circuit_decorator.py for tasks to queue
[2025-07-01T01:27:18.173+0000] {logging_mixin.py:190} INFO - [2025-07-01T01:27:18.173+0000] {dagbag.py:588} INFO - Filling up the DagBag from /home/airflow/.local/lib/python3.12/site-packages/airflow/example_dags/example_short_circuit_decorator.py
[2025-07-01T01:27:18.183+0000] {processor.py:925} INFO - DAG(s) 'example_short_circuit_decorator' retrieved from /home/airflow/.local/lib/python3.12/site-packages/airflow/example_dags/example_short_circuit_decorator.py
[2025-07-01T01:27:18.207+0000] {logging_mixin.py:190} INFO - [2025-07-01T01:27:18.206+0000] {dag.py:3239} INFO - Sync 1 DAGs
[2025-07-01T01:27:18.220+0000] {logging_mixin.py:190} INFO - [2025-07-01T01:27:18.220+0000] {dag.py:4180} INFO - Setting next_dagrun for example_short_circuit_decorator to None, run_after=None
[2025-07-01T01:27:18.238+0000] {processor.py:208} INFO - Processing /home/airflow/.local/lib/python3.12/site-packages/airflow/example_dags/example_short_circuit_decorator.py took 0.075 seconds
[2025-07-01T01:27:48.406+0000] {processor.py:186} INFO - Started process (PID=2613) to work on /home/airflow/.local/lib/python3.12/site-packages/airflow/example_dags/example_short_circuit_decorator.py
[2025-07-01T01:27:48.407+0000] {processor.py:914} INFO - Processing file /home/airflow/.local/lib/python3.12/site-packages/airflow/example_dags/example_short_circuit_decorator.py for tasks to queue
[2025-07-01T01:27:48.410+0000] {logging_mixin.py:190} INFO - [2025-07-01T01:27:48.410+0000] {dagbag.py:588} INFO - Filling up the DagBag from /home/airflow/.local/lib/python3.12/site-packages/airflow/example_dags/example_short_circuit_decorator.py
[2025-07-01T01:27:48.422+0000] {processor.py:925} INFO - DAG(s) 'example_short_circuit_decorator' retrieved from /home/airflow/.local/lib/python3.12/site-packages/airflow/example_dags/example_short_circuit_decorator.py
[2025-07-01T01:27:48.449+0000] {logging_mixin.py:190} INFO - [2025-07-01T01:27:48.448+0000] {dag.py:3239} INFO - Sync 1 DAGs
[2025-07-01T01:27:48.464+0000] {logging_mixin.py:190} INFO - [2025-07-01T01:27:48.464+0000] {dag.py:4180} INFO - Setting next_dagrun for example_short_circuit_decorator to None, run_after=None
[2025-07-01T01:27:48.485+0000] {processor.py:208} INFO - Processing /home/airflow/.local/lib/python3.12/site-packages/airflow/example_dags/example_short_circuit_decorator.py took 0.086 seconds
[2025-07-01T01:28:18.723+0000] {processor.py:186} INFO - Started process (PID=2675) to work on /home/airflow/.local/lib/python3.12/site-packages/airflow/example_dags/example_short_circuit_decorator.py
[2025-07-01T01:28:18.724+0000] {processor.py:914} INFO - Processing file /home/airflow/.local/lib/python3.12/site-packages/airflow/example_dags/example_short_circuit_decorator.py for tasks to queue
[2025-07-01T01:28:18.726+0000] {logging_mixin.py:190} INFO - [2025-07-01T01:28:18.726+0000] {dagbag.py:588} INFO - Filling up the DagBag from /home/airflow/.local/lib/python3.12/site-packages/airflow/example_dags/example_short_circuit_decorator.py
[2025-07-01T01:28:18.737+0000] {processor.py:925} INFO - DAG(s) 'example_short_circuit_decorator' retrieved from /home/airflow/.local/lib/python3.12/site-packages/airflow/example_dags/example_short_circuit_decorator.py
[2025-07-01T01:28:18.761+0000] {logging_mixin.py:190} INFO - [2025-07-01T01:28:18.761+0000] {dag.py:3239} INFO - Sync 1 DAGs
[2025-07-01T01:28:18.776+0000] {logging_mixin.py:190} INFO - [2025-07-01T01:28:18.775+0000] {dag.py:4180} INFO - Setting next_dagrun for example_short_circuit_decorator to None, run_after=None
[2025-07-01T01:28:18.798+0000] {processor.py:208} INFO - Processing /home/airflow/.local/lib/python3.12/site-packages/airflow/example_dags/example_short_circuit_decorator.py took 0.082 seconds
[2025-07-01T01:28:49.009+0000] {processor.py:186} INFO - Started process (PID=2737) to work on /home/airflow/.local/lib/python3.12/site-packages/airflow/example_dags/example_short_circuit_decorator.py
[2025-07-01T01:28:49.014+0000] {processor.py:914} INFO - Processing file /home/airflow/.local/lib/python3.12/site-packages/airflow/example_dags/example_short_circuit_decorator.py for tasks to queue
[2025-07-01T01:28:49.019+0000] {logging_mixin.py:190} INFO - [2025-07-01T01:28:49.018+0000] {dagbag.py:588} INFO - Filling up the DagBag from /home/airflow/.local/lib/python3.12/site-packages/airflow/example_dags/example_short_circuit_decorator.py
[2025-07-01T01:28:49.047+0000] {processor.py:925} INFO - DAG(s) 'example_short_circuit_decorator' retrieved from /home/airflow/.local/lib/python3.12/site-packages/airflow/example_dags/example_short_circuit_decorator.py
[2025-07-01T01:28:49.100+0000] {logging_mixin.py:190} INFO - [2025-07-01T01:28:49.100+0000] {dag.py:3239} INFO - Sync 1 DAGs
[2025-07-01T01:28:49.134+0000] {logging_mixin.py:190} INFO - [2025-07-01T01:28:49.133+0000] {dag.py:4180} INFO - Setting next_dagrun for example_short_circuit_decorator to None, run_after=None
[2025-07-01T01:28:49.171+0000] {processor.py:208} INFO - Processing /home/airflow/.local/lib/python3.12/site-packages/airflow/example_dags/example_short_circuit_decorator.py took 0.184 seconds
[2025-07-01T01:29:19.719+0000] {processor.py:186} INFO - Started process (PID=2799) to work on /home/airflow/.local/lib/python3.12/site-packages/airflow/example_dags/example_short_circuit_decorator.py
[2025-07-01T01:29:19.720+0000] {processor.py:914} INFO - Processing file /home/airflow/.local/lib/python3.12/site-packages/airflow/example_dags/example_short_circuit_decorator.py for tasks to queue
[2025-07-01T01:29:19.723+0000] {logging_mixin.py:190} INFO - [2025-07-01T01:29:19.722+0000] {dagbag.py:588} INFO - Filling up the DagBag from /home/airflow/.local/lib/python3.12/site-packages/airflow/example_dags/example_short_circuit_decorator.py
[2025-07-01T01:29:19.737+0000] {processor.py:925} INFO - DAG(s) 'example_short_circuit_decorator' retrieved from /home/airflow/.local/lib/python3.12/site-packages/airflow/example_dags/example_short_circuit_decorator.py
[2025-07-01T01:29:19.760+0000] {logging_mixin.py:190} INFO - [2025-07-01T01:29:19.760+0000] {dag.py:3239} INFO - Sync 1 DAGs
[2025-07-01T01:29:19.775+0000] {logging_mixin.py:190} INFO - [2025-07-01T01:29:19.775+0000] {dag.py:4180} INFO - Setting next_dagrun for example_short_circuit_decorator to None, run_after=None
[2025-07-01T01:29:19.803+0000] {processor.py:208} INFO - Processing /home/airflow/.local/lib/python3.12/site-packages/airflow/example_dags/example_short_circuit_decorator.py took 0.091 seconds
[2025-07-01T01:29:49.919+0000] {processor.py:186} INFO - Started process (PID=2861) to work on /home/airflow/.local/lib/python3.12/site-packages/airflow/example_dags/example_short_circuit_decorator.py
[2025-07-01T01:29:49.920+0000] {processor.py:914} INFO - Processing file /home/airflow/.local/lib/python3.12/site-packages/airflow/example_dags/example_short_circuit_decorator.py for tasks to queue
[2025-07-01T01:29:49.922+0000] {logging_mixin.py:190} INFO - [2025-07-01T01:29:49.922+0000] {dagbag.py:588} INFO - Filling up the DagBag from /home/airflow/.local/lib/python3.12/site-packages/airflow/example_dags/example_short_circuit_decorator.py
[2025-07-01T01:29:49.932+0000] {processor.py:925} INFO - DAG(s) 'example_short_circuit_decorator' retrieved from /home/airflow/.local/lib/python3.12/site-packages/airflow/example_dags/example_short_circuit_decorator.py
[2025-07-01T01:29:49.954+0000] {logging_mixin.py:190} INFO - [2025-07-01T01:29:49.954+0000] {dag.py:3239} INFO - Sync 1 DAGs
[2025-07-01T01:29:49.968+0000] {logging_mixin.py:190} INFO - [2025-07-01T01:29:49.968+0000] {dag.py:4180} INFO - Setting next_dagrun for example_short_circuit_decorator to None, run_after=None
[2025-07-01T01:29:49.986+0000] {processor.py:208} INFO - Processing /home/airflow/.local/lib/python3.12/site-packages/airflow/example_dags/example_short_circuit_decorator.py took 0.073 seconds
[2025-07-01T01:30:20.400+0000] {processor.py:186} INFO - Started process (PID=2923) to work on /home/airflow/.local/lib/python3.12/site-packages/airflow/example_dags/example_short_circuit_decorator.py
[2025-07-01T01:30:20.401+0000] {processor.py:914} INFO - Processing file /home/airflow/.local/lib/python3.12/site-packages/airflow/example_dags/example_short_circuit_decorator.py for tasks to queue
[2025-07-01T01:30:20.404+0000] {logging_mixin.py:190} INFO - [2025-07-01T01:30:20.404+0000] {dagbag.py:588} INFO - Filling up the DagBag from /home/airflow/.local/lib/python3.12/site-packages/airflow/example_dags/example_short_circuit_decorator.py
[2025-07-01T01:30:20.415+0000] {processor.py:925} INFO - DAG(s) 'example_short_circuit_decorator' retrieved from /home/airflow/.local/lib/python3.12/site-packages/airflow/example_dags/example_short_circuit_decorator.py
[2025-07-01T01:30:20.441+0000] {logging_mixin.py:190} INFO - [2025-07-01T01:30:20.441+0000] {dag.py:3239} INFO - Sync 1 DAGs
[2025-07-01T01:30:20.456+0000] {logging_mixin.py:190} INFO - [2025-07-01T01:30:20.456+0000] {dag.py:4180} INFO - Setting next_dagrun for example_short_circuit_decorator to None, run_after=None
[2025-07-01T01:30:20.483+0000] {processor.py:208} INFO - Processing /home/airflow/.local/lib/python3.12/site-packages/airflow/example_dags/example_short_circuit_decorator.py took 0.089 seconds
[2025-07-01T01:30:50.608+0000] {processor.py:186} INFO - Started process (PID=2985) to work on /home/airflow/.local/lib/python3.12/site-packages/airflow/example_dags/example_short_circuit_decorator.py
[2025-07-01T01:30:50.609+0000] {processor.py:914} INFO - Processing file /home/airflow/.local/lib/python3.12/site-packages/airflow/example_dags/example_short_circuit_decorator.py for tasks to queue
[2025-07-01T01:30:50.612+0000] {logging_mixin.py:190} INFO - [2025-07-01T01:30:50.612+0000] {dagbag.py:588} INFO - Filling up the DagBag from /home/airflow/.local/lib/python3.12/site-packages/airflow/example_dags/example_short_circuit_decorator.py
[2025-07-01T01:30:50.623+0000] {processor.py:925} INFO - DAG(s) 'example_short_circuit_decorator' retrieved from /home/airflow/.local/lib/python3.12/site-packages/airflow/example_dags/example_short_circuit_decorator.py
[2025-07-01T01:30:50.647+0000] {logging_mixin.py:190} INFO - [2025-07-01T01:30:50.647+0000] {dag.py:3239} INFO - Sync 1 DAGs
[2025-07-01T01:30:50.661+0000] {logging_mixin.py:190} INFO - [2025-07-01T01:30:50.661+0000] {dag.py:4180} INFO - Setting next_dagrun for example_short_circuit_decorator to None, run_after=None
[2025-07-01T01:30:50.680+0000] {processor.py:208} INFO - Processing /home/airflow/.local/lib/python3.12/site-packages/airflow/example_dags/example_short_circuit_decorator.py took 0.079 seconds
[2025-07-01T01:31:21.042+0000] {processor.py:186} INFO - Started process (PID=3047) to work on /home/airflow/.local/lib/python3.12/site-packages/airflow/example_dags/example_short_circuit_decorator.py
[2025-07-01T01:31:21.044+0000] {processor.py:914} INFO - Processing file /home/airflow/.local/lib/python3.12/site-packages/airflow/example_dags/example_short_circuit_decorator.py for tasks to queue
[2025-07-01T01:31:21.046+0000] {logging_mixin.py:190} INFO - [2025-07-01T01:31:21.046+0000] {dagbag.py:588} INFO - Filling up the DagBag from /home/airflow/.local/lib/python3.12/site-packages/airflow/example_dags/example_short_circuit_decorator.py
[2025-07-01T01:31:21.056+0000] {processor.py:925} INFO - DAG(s) 'example_short_circuit_decorator' retrieved from /home/airflow/.local/lib/python3.12/site-packages/airflow/example_dags/example_short_circuit_decorator.py
[2025-07-01T01:31:21.081+0000] {logging_mixin.py:190} INFO - [2025-07-01T01:31:21.080+0000] {dag.py:3239} INFO - Sync 1 DAGs
[2025-07-01T01:31:21.096+0000] {logging_mixin.py:190} INFO - [2025-07-01T01:31:21.095+0000] {dag.py:4180} INFO - Setting next_dagrun for example_short_circuit_decorator to None, run_after=None
[2025-07-01T01:31:21.126+0000] {processor.py:208} INFO - Processing /home/airflow/.local/lib/python3.12/site-packages/airflow/example_dags/example_short_circuit_decorator.py took 0.090 seconds
[2025-07-01T01:31:51.603+0000] {processor.py:186} INFO - Started process (PID=3109) to work on /home/airflow/.local/lib/python3.12/site-packages/airflow/example_dags/example_short_circuit_decorator.py
[2025-07-01T01:31:51.605+0000] {processor.py:914} INFO - Processing file /home/airflow/.local/lib/python3.12/site-packages/airflow/example_dags/example_short_circuit_decorator.py for tasks to queue
[2025-07-01T01:31:51.609+0000] {logging_mixin.py:190} INFO - [2025-07-01T01:31:51.608+0000] {dagbag.py:588} INFO - Filling up the DagBag from /home/airflow/.local/lib/python3.12/site-packages/airflow/example_dags/example_short_circuit_decorator.py
[2025-07-01T01:31:51.621+0000] {processor.py:925} INFO - DAG(s) 'example_short_circuit_decorator' retrieved from /home/airflow/.local/lib/python3.12/site-packages/airflow/example_dags/example_short_circuit_decorator.py
[2025-07-01T01:31:51.644+0000] {logging_mixin.py:190} INFO - [2025-07-01T01:31:51.644+0000] {dag.py:3239} INFO - Sync 1 DAGs
[2025-07-01T01:31:51.659+0000] {logging_mixin.py:190} INFO - [2025-07-01T01:31:51.658+0000] {dag.py:4180} INFO - Setting next_dagrun for example_short_circuit_decorator to None, run_after=None
[2025-07-01T01:31:51.679+0000] {processor.py:208} INFO - Processing /home/airflow/.local/lib/python3.12/site-packages/airflow/example_dags/example_short_circuit_decorator.py took 0.081 seconds
[2025-07-01T01:32:22.012+0000] {processor.py:186} INFO - Started process (PID=3171) to work on /home/airflow/.local/lib/python3.12/site-packages/airflow/example_dags/example_short_circuit_decorator.py
[2025-07-01T01:32:22.013+0000] {processor.py:914} INFO - Processing file /home/airflow/.local/lib/python3.12/site-packages/airflow/example_dags/example_short_circuit_decorator.py for tasks to queue
[2025-07-01T01:32:22.016+0000] {logging_mixin.py:190} INFO - [2025-07-01T01:32:22.016+0000] {dagbag.py:588} INFO - Filling up the DagBag from /home/airflow/.local/lib/python3.12/site-packages/airflow/example_dags/example_short_circuit_decorator.py
[2025-07-01T01:32:22.027+0000] {processor.py:925} INFO - DAG(s) 'example_short_circuit_decorator' retrieved from /home/airflow/.local/lib/python3.12/site-packages/airflow/example_dags/example_short_circuit_decorator.py
[2025-07-01T01:32:22.051+0000] {logging_mixin.py:190} INFO - [2025-07-01T01:32:22.051+0000] {dag.py:3239} INFO - Sync 1 DAGs
[2025-07-01T01:32:22.065+0000] {logging_mixin.py:190} INFO - [2025-07-01T01:32:22.065+0000] {dag.py:4180} INFO - Setting next_dagrun for example_short_circuit_decorator to None, run_after=None
[2025-07-01T01:32:22.094+0000] {processor.py:208} INFO - Processing /home/airflow/.local/lib/python3.12/site-packages/airflow/example_dags/example_short_circuit_decorator.py took 0.089 seconds
[2025-07-01T01:32:52.645+0000] {processor.py:186} INFO - Started process (PID=3233) to work on /home/airflow/.local/lib/python3.12/site-packages/airflow/example_dags/example_short_circuit_decorator.py
[2025-07-01T01:32:52.646+0000] {processor.py:914} INFO - Processing file /home/airflow/.local/lib/python3.12/site-packages/airflow/example_dags/example_short_circuit_decorator.py for tasks to queue
[2025-07-01T01:32:52.649+0000] {logging_mixin.py:190} INFO - [2025-07-01T01:32:52.649+0000] {dagbag.py:588} INFO - Filling up the DagBag from /home/airflow/.local/lib/python3.12/site-packages/airflow/example_dags/example_short_circuit_decorator.py
[2025-07-01T01:32:52.658+0000] {processor.py:925} INFO - DAG(s) 'example_short_circuit_decorator' retrieved from /home/airflow/.local/lib/python3.12/site-packages/airflow/example_dags/example_short_circuit_decorator.py
[2025-07-01T01:32:52.682+0000] {logging_mixin.py:190} INFO - [2025-07-01T01:32:52.682+0000] {dag.py:3239} INFO - Sync 1 DAGs
[2025-07-01T01:32:52.696+0000] {logging_mixin.py:190} INFO - [2025-07-01T01:32:52.696+0000] {dag.py:4180} INFO - Setting next_dagrun for example_short_circuit_decorator to None, run_after=None
[2025-07-01T01:32:52.717+0000] {processor.py:208} INFO - Processing /home/airflow/.local/lib/python3.12/site-packages/airflow/example_dags/example_short_circuit_decorator.py took 0.078 seconds
[2025-07-01T01:33:23.006+0000] {processor.py:186} INFO - Started process (PID=3295) to work on /home/airflow/.local/lib/python3.12/site-packages/airflow/example_dags/example_short_circuit_decorator.py
[2025-07-01T01:33:23.007+0000] {processor.py:914} INFO - Processing file /home/airflow/.local/lib/python3.12/site-packages/airflow/example_dags/example_short_circuit_decorator.py for tasks to queue
[2025-07-01T01:33:23.011+0000] {logging_mixin.py:190} INFO - [2025-07-01T01:33:23.010+0000] {dagbag.py:588} INFO - Filling up the DagBag from /home/airflow/.local/lib/python3.12/site-packages/airflow/example_dags/example_short_circuit_decorator.py
[2025-07-01T01:33:23.024+0000] {processor.py:925} INFO - DAG(s) 'example_short_circuit_decorator' retrieved from /home/airflow/.local/lib/python3.12/site-packages/airflow/example_dags/example_short_circuit_decorator.py
[2025-07-01T01:33:23.053+0000] {logging_mixin.py:190} INFO - [2025-07-01T01:33:23.052+0000] {dag.py:3239} INFO - Sync 1 DAGs
[2025-07-01T01:33:23.070+0000] {logging_mixin.py:190} INFO - [2025-07-01T01:33:23.070+0000] {dag.py:4180} INFO - Setting next_dagrun for example_short_circuit_decorator to None, run_after=None
[2025-07-01T01:33:23.091+0000] {processor.py:208} INFO - Processing /home/airflow/.local/lib/python3.12/site-packages/airflow/example_dags/example_short_circuit_decorator.py took 0.094 seconds
[2025-07-01T01:33:53.577+0000] {processor.py:186} INFO - Started process (PID=3357) to work on /home/airflow/.local/lib/python3.12/site-packages/airflow/example_dags/example_short_circuit_decorator.py
[2025-07-01T01:33:53.578+0000] {processor.py:914} INFO - Processing file /home/airflow/.local/lib/python3.12/site-packages/airflow/example_dags/example_short_circuit_decorator.py for tasks to queue
[2025-07-01T01:33:53.581+0000] {logging_mixin.py:190} INFO - [2025-07-01T01:33:53.581+0000] {dagbag.py:588} INFO - Filling up the DagBag from /home/airflow/.local/lib/python3.12/site-packages/airflow/example_dags/example_short_circuit_decorator.py
[2025-07-01T01:33:53.590+0000] {processor.py:925} INFO - DAG(s) 'example_short_circuit_decorator' retrieved from /home/airflow/.local/lib/python3.12/site-packages/airflow/example_dags/example_short_circuit_decorator.py
[2025-07-01T01:33:53.615+0000] {logging_mixin.py:190} INFO - [2025-07-01T01:33:53.614+0000] {dag.py:3239} INFO - Sync 1 DAGs
[2025-07-01T01:33:53.629+0000] {logging_mixin.py:190} INFO - [2025-07-01T01:33:53.628+0000] {dag.py:4180} INFO - Setting next_dagrun for example_short_circuit_decorator to None, run_after=None
[2025-07-01T01:33:53.655+0000] {processor.py:208} INFO - Processing /home/airflow/.local/lib/python3.12/site-packages/airflow/example_dags/example_short_circuit_decorator.py took 0.084 seconds
[2025-07-01T01:34:23.981+0000] {processor.py:186} INFO - Started process (PID=3419) to work on /home/airflow/.local/lib/python3.12/site-packages/airflow/example_dags/example_short_circuit_decorator.py
[2025-07-01T01:34:23.982+0000] {processor.py:914} INFO - Processing file /home/airflow/.local/lib/python3.12/site-packages/airflow/example_dags/example_short_circuit_decorator.py for tasks to queue
[2025-07-01T01:34:23.985+0000] {logging_mixin.py:190} INFO - [2025-07-01T01:34:23.984+0000] {dagbag.py:588} INFO - Filling up the DagBag from /home/airflow/.local/lib/python3.12/site-packages/airflow/example_dags/example_short_circuit_decorator.py
[2025-07-01T01:34:23.994+0000] {processor.py:925} INFO - DAG(s) 'example_short_circuit_decorator' retrieved from /home/airflow/.local/lib/python3.12/site-packages/airflow/example_dags/example_short_circuit_decorator.py
[2025-07-01T01:34:24.019+0000] {logging_mixin.py:190} INFO - [2025-07-01T01:34:24.019+0000] {dag.py:3239} INFO - Sync 1 DAGs
[2025-07-01T01:34:24.034+0000] {logging_mixin.py:190} INFO - [2025-07-01T01:34:24.034+0000] {dag.py:4180} INFO - Setting next_dagrun for example_short_circuit_decorator to None, run_after=None
[2025-07-01T01:34:24.054+0000] {processor.py:208} INFO - Processing /home/airflow/.local/lib/python3.12/site-packages/airflow/example_dags/example_short_circuit_decorator.py took 0.080 seconds
[2025-07-01T01:34:54.124+0000] {processor.py:186} INFO - Started process (PID=3481) to work on /home/airflow/.local/lib/python3.12/site-packages/airflow/example_dags/example_short_circuit_decorator.py
[2025-07-01T01:34:54.126+0000] {processor.py:914} INFO - Processing file /home/airflow/.local/lib/python3.12/site-packages/airflow/example_dags/example_short_circuit_decorator.py for tasks to queue
[2025-07-01T01:34:54.132+0000] {logging_mixin.py:190} INFO - [2025-07-01T01:34:54.132+0000] {dagbag.py:588} INFO - Filling up the DagBag from /home/airflow/.local/lib/python3.12/site-packages/airflow/example_dags/example_short_circuit_decorator.py
[2025-07-01T01:34:54.147+0000] {processor.py:925} INFO - DAG(s) 'example_short_circuit_decorator' retrieved from /home/airflow/.local/lib/python3.12/site-packages/airflow/example_dags/example_short_circuit_decorator.py
[2025-07-01T01:34:54.180+0000] {logging_mixin.py:190} INFO - [2025-07-01T01:34:54.180+0000] {dag.py:3239} INFO - Sync 1 DAGs
[2025-07-01T01:34:54.200+0000] {logging_mixin.py:190} INFO - [2025-07-01T01:34:54.200+0000] {dag.py:4180} INFO - Setting next_dagrun for example_short_circuit_decorator to None, run_after=None
[2025-07-01T01:34:54.224+0000] {processor.py:208} INFO - Processing /home/airflow/.local/lib/python3.12/site-packages/airflow/example_dags/example_short_circuit_decorator.py took 0.113 seconds
[2025-07-01T01:35:24.369+0000] {processor.py:186} INFO - Started process (PID=3543) to work on /home/airflow/.local/lib/python3.12/site-packages/airflow/example_dags/example_short_circuit_decorator.py
[2025-07-01T01:35:24.370+0000] {processor.py:914} INFO - Processing file /home/airflow/.local/lib/python3.12/site-packages/airflow/example_dags/example_short_circuit_decorator.py for tasks to queue
[2025-07-01T01:35:24.373+0000] {logging_mixin.py:190} INFO - [2025-07-01T01:35:24.372+0000] {dagbag.py:588} INFO - Filling up the DagBag from /home/airflow/.local/lib/python3.12/site-packages/airflow/example_dags/example_short_circuit_decorator.py
[2025-07-01T01:35:24.382+0000] {processor.py:925} INFO - DAG(s) 'example_short_circuit_decorator' retrieved from /home/airflow/.local/lib/python3.12/site-packages/airflow/example_dags/example_short_circuit_decorator.py
[2025-07-01T01:35:24.405+0000] {logging_mixin.py:190} INFO - [2025-07-01T01:35:24.404+0000] {dag.py:3239} INFO - Sync 1 DAGs
[2025-07-01T01:35:24.418+0000] {logging_mixin.py:190} INFO - [2025-07-01T01:35:24.418+0000] {dag.py:4180} INFO - Setting next_dagrun for example_short_circuit_decorator to None, run_after=None
[2025-07-01T01:35:24.436+0000] {processor.py:208} INFO - Processing /home/airflow/.local/lib/python3.12/site-packages/airflow/example_dags/example_short_circuit_decorator.py took 0.073 seconds
[2025-07-01T01:35:55.069+0000] {processor.py:186} INFO - Started process (PID=3605) to work on /home/airflow/.local/lib/python3.12/site-packages/airflow/example_dags/example_short_circuit_decorator.py
[2025-07-01T01:35:55.070+0000] {processor.py:914} INFO - Processing file /home/airflow/.local/lib/python3.12/site-packages/airflow/example_dags/example_short_circuit_decorator.py for tasks to queue
[2025-07-01T01:35:55.073+0000] {logging_mixin.py:190} INFO - [2025-07-01T01:35:55.073+0000] {dagbag.py:588} INFO - Filling up the DagBag from /home/airflow/.local/lib/python3.12/site-packages/airflow/example_dags/example_short_circuit_decorator.py
[2025-07-01T01:35:55.082+0000] {processor.py:925} INFO - DAG(s) 'example_short_circuit_decorator' retrieved from /home/airflow/.local/lib/python3.12/site-packages/airflow/example_dags/example_short_circuit_decorator.py
[2025-07-01T01:35:55.104+0000] {logging_mixin.py:190} INFO - [2025-07-01T01:35:55.104+0000] {dag.py:3239} INFO - Sync 1 DAGs
[2025-07-01T01:35:55.118+0000] {logging_mixin.py:190} INFO - [2025-07-01T01:35:55.118+0000] {dag.py:4180} INFO - Setting next_dagrun for example_short_circuit_decorator to None, run_after=None
[2025-07-01T01:35:55.135+0000] {processor.py:208} INFO - Processing /home/airflow/.local/lib/python3.12/site-packages/airflow/example_dags/example_short_circuit_decorator.py took 0.072 seconds
[2025-07-01T01:36:25.255+0000] {processor.py:186} INFO - Started process (PID=3667) to work on /home/airflow/.local/lib/python3.12/site-packages/airflow/example_dags/example_short_circuit_decorator.py
[2025-07-01T01:36:25.257+0000] {processor.py:914} INFO - Processing file /home/airflow/.local/lib/python3.12/site-packages/airflow/example_dags/example_short_circuit_decorator.py for tasks to queue
[2025-07-01T01:36:25.261+0000] {logging_mixin.py:190} INFO - [2025-07-01T01:36:25.260+0000] {dagbag.py:588} INFO - Filling up the DagBag from /home/airflow/.local/lib/python3.12/site-packages/airflow/example_dags/example_short_circuit_decorator.py
[2025-07-01T01:36:25.272+0000] {processor.py:925} INFO - DAG(s) 'example_short_circuit_decorator' retrieved from /home/airflow/.local/lib/python3.12/site-packages/airflow/example_dags/example_short_circuit_decorator.py
[2025-07-01T01:36:25.297+0000] {logging_mixin.py:190} INFO - [2025-07-01T01:36:25.297+0000] {dag.py:3239} INFO - Sync 1 DAGs
[2025-07-01T01:36:25.311+0000] {logging_mixin.py:190} INFO - [2025-07-01T01:36:25.311+0000] {dag.py:4180} INFO - Setting next_dagrun for example_short_circuit_decorator to None, run_after=None
[2025-07-01T01:36:25.327+0000] {processor.py:208} INFO - Processing /home/airflow/.local/lib/python3.12/site-packages/airflow/example_dags/example_short_circuit_decorator.py took 0.080 seconds
[2025-07-01T01:36:55.937+0000] {processor.py:186} INFO - Started process (PID=3729) to work on /home/airflow/.local/lib/python3.12/site-packages/airflow/example_dags/example_short_circuit_decorator.py
[2025-07-01T01:36:55.938+0000] {processor.py:914} INFO - Processing file /home/airflow/.local/lib/python3.12/site-packages/airflow/example_dags/example_short_circuit_decorator.py for tasks to queue
[2025-07-01T01:36:55.940+0000] {logging_mixin.py:190} INFO - [2025-07-01T01:36:55.940+0000] {dagbag.py:588} INFO - Filling up the DagBag from /home/airflow/.local/lib/python3.12/site-packages/airflow/example_dags/example_short_circuit_decorator.py
[2025-07-01T01:36:55.950+0000] {processor.py:925} INFO - DAG(s) 'example_short_circuit_decorator' retrieved from /home/airflow/.local/lib/python3.12/site-packages/airflow/example_dags/example_short_circuit_decorator.py
[2025-07-01T01:36:55.972+0000] {logging_mixin.py:190} INFO - [2025-07-01T01:36:55.972+0000] {dag.py:3239} INFO - Sync 1 DAGs
[2025-07-01T01:36:55.985+0000] {logging_mixin.py:190} INFO - [2025-07-01T01:36:55.985+0000] {dag.py:4180} INFO - Setting next_dagrun for example_short_circuit_decorator to None, run_after=None
[2025-07-01T01:36:56.002+0000] {processor.py:208} INFO - Processing /home/airflow/.local/lib/python3.12/site-packages/airflow/example_dags/example_short_circuit_decorator.py took 0.071 seconds
[2025-07-01T01:37:26.095+0000] {processor.py:186} INFO - Started process (PID=3790) to work on /home/airflow/.local/lib/python3.12/site-packages/airflow/example_dags/example_short_circuit_decorator.py
[2025-07-01T01:37:26.097+0000] {processor.py:914} INFO - Processing file /home/airflow/.local/lib/python3.12/site-packages/airflow/example_dags/example_short_circuit_decorator.py for tasks to queue
[2025-07-01T01:37:26.099+0000] {logging_mixin.py:190} INFO - [2025-07-01T01:37:26.099+0000] {dagbag.py:588} INFO - Filling up the DagBag from /home/airflow/.local/lib/python3.12/site-packages/airflow/example_dags/example_short_circuit_decorator.py
[2025-07-01T01:37:26.109+0000] {processor.py:925} INFO - DAG(s) 'example_short_circuit_decorator' retrieved from /home/airflow/.local/lib/python3.12/site-packages/airflow/example_dags/example_short_circuit_decorator.py
[2025-07-01T01:37:26.145+0000] {logging_mixin.py:190} INFO - [2025-07-01T01:37:26.144+0000] {dag.py:3239} INFO - Sync 1 DAGs
[2025-07-01T01:37:26.162+0000] {logging_mixin.py:190} INFO - [2025-07-01T01:37:26.162+0000] {dag.py:4180} INFO - Setting next_dagrun for example_short_circuit_decorator to None, run_after=None
[2025-07-01T01:37:26.183+0000] {processor.py:208} INFO - Processing /home/airflow/.local/lib/python3.12/site-packages/airflow/example_dags/example_short_circuit_decorator.py took 0.093 seconds
[2025-07-01T01:37:57.228+0000] {processor.py:186} INFO - Started process (PID=3858) to work on /home/airflow/.local/lib/python3.12/site-packages/airflow/example_dags/example_short_circuit_decorator.py
[2025-07-01T01:37:57.229+0000] {processor.py:914} INFO - Processing file /home/airflow/.local/lib/python3.12/site-packages/airflow/example_dags/example_short_circuit_decorator.py for tasks to queue
[2025-07-01T01:37:57.232+0000] {logging_mixin.py:190} INFO - [2025-07-01T01:37:57.231+0000] {dagbag.py:588} INFO - Filling up the DagBag from /home/airflow/.local/lib/python3.12/site-packages/airflow/example_dags/example_short_circuit_decorator.py
[2025-07-01T01:37:57.243+0000] {processor.py:925} INFO - DAG(s) 'example_short_circuit_decorator' retrieved from /home/airflow/.local/lib/python3.12/site-packages/airflow/example_dags/example_short_circuit_decorator.py
[2025-07-01T01:37:57.267+0000] {logging_mixin.py:190} INFO - [2025-07-01T01:37:57.266+0000] {dag.py:3239} INFO - Sync 1 DAGs
[2025-07-01T01:37:57.282+0000] {logging_mixin.py:190} INFO - [2025-07-01T01:37:57.282+0000] {dag.py:4180} INFO - Setting next_dagrun for example_short_circuit_decorator to None, run_after=None
[2025-07-01T01:37:57.299+0000] {processor.py:208} INFO - Processing /home/airflow/.local/lib/python3.12/site-packages/airflow/example_dags/example_short_circuit_decorator.py took 0.077 seconds
[2025-07-01T01:38:28.080+0000] {processor.py:186} INFO - Started process (PID=3920) to work on /home/airflow/.local/lib/python3.12/site-packages/airflow/example_dags/example_short_circuit_decorator.py
[2025-07-01T01:38:28.081+0000] {processor.py:914} INFO - Processing file /home/airflow/.local/lib/python3.12/site-packages/airflow/example_dags/example_short_circuit_decorator.py for tasks to queue
[2025-07-01T01:38:28.083+0000] {logging_mixin.py:190} INFO - [2025-07-01T01:38:28.083+0000] {dagbag.py:588} INFO - Filling up the DagBag from /home/airflow/.local/lib/python3.12/site-packages/airflow/example_dags/example_short_circuit_decorator.py
[2025-07-01T01:38:28.093+0000] {processor.py:925} INFO - DAG(s) 'example_short_circuit_decorator' retrieved from /home/airflow/.local/lib/python3.12/site-packages/airflow/example_dags/example_short_circuit_decorator.py
[2025-07-01T01:38:28.117+0000] {logging_mixin.py:190} INFO - [2025-07-01T01:38:28.117+0000] {dag.py:3239} INFO - Sync 1 DAGs
[2025-07-01T01:38:28.131+0000] {logging_mixin.py:190} INFO - [2025-07-01T01:38:28.131+0000] {dag.py:4180} INFO - Setting next_dagrun for example_short_circuit_decorator to None, run_after=None
[2025-07-01T01:38:28.149+0000] {processor.py:208} INFO - Processing /home/airflow/.local/lib/python3.12/site-packages/airflow/example_dags/example_short_circuit_decorator.py took 0.075 seconds
[2025-07-01T01:38:58.910+0000] {processor.py:186} INFO - Started process (PID=3982) to work on /home/airflow/.local/lib/python3.12/site-packages/airflow/example_dags/example_short_circuit_decorator.py
[2025-07-01T01:38:58.911+0000] {processor.py:914} INFO - Processing file /home/airflow/.local/lib/python3.12/site-packages/airflow/example_dags/example_short_circuit_decorator.py for tasks to queue
[2025-07-01T01:38:58.914+0000] {logging_mixin.py:190} INFO - [2025-07-01T01:38:58.913+0000] {dagbag.py:588} INFO - Filling up the DagBag from /home/airflow/.local/lib/python3.12/site-packages/airflow/example_dags/example_short_circuit_decorator.py
[2025-07-01T01:38:58.924+0000] {processor.py:925} INFO - DAG(s) 'example_short_circuit_decorator' retrieved from /home/airflow/.local/lib/python3.12/site-packages/airflow/example_dags/example_short_circuit_decorator.py
[2025-07-01T01:38:58.948+0000] {logging_mixin.py:190} INFO - [2025-07-01T01:38:58.948+0000] {dag.py:3239} INFO - Sync 1 DAGs
[2025-07-01T01:38:58.963+0000] {logging_mixin.py:190} INFO - [2025-07-01T01:38:58.963+0000] {dag.py:4180} INFO - Setting next_dagrun for example_short_circuit_decorator to None, run_after=None
[2025-07-01T01:38:58.983+0000] {processor.py:208} INFO - Processing /home/airflow/.local/lib/python3.12/site-packages/airflow/example_dags/example_short_circuit_decorator.py took 0.080 seconds
[2025-07-01T01:39:29.522+0000] {processor.py:186} INFO - Started process (PID=4044) to work on /home/airflow/.local/lib/python3.12/site-packages/airflow/example_dags/example_short_circuit_decorator.py
[2025-07-01T01:39:29.523+0000] {processor.py:914} INFO - Processing file /home/airflow/.local/lib/python3.12/site-packages/airflow/example_dags/example_short_circuit_decorator.py for tasks to queue
[2025-07-01T01:39:29.526+0000] {logging_mixin.py:190} INFO - [2025-07-01T01:39:29.526+0000] {dagbag.py:588} INFO - Filling up the DagBag from /home/airflow/.local/lib/python3.12/site-packages/airflow/example_dags/example_short_circuit_decorator.py
[2025-07-01T01:39:29.536+0000] {processor.py:925} INFO - DAG(s) 'example_short_circuit_decorator' retrieved from /home/airflow/.local/lib/python3.12/site-packages/airflow/example_dags/example_short_circuit_decorator.py
[2025-07-01T01:39:29.565+0000] {logging_mixin.py:190} INFO - [2025-07-01T01:39:29.565+0000] {dag.py:3239} INFO - Sync 1 DAGs
[2025-07-01T01:39:29.580+0000] {logging_mixin.py:190} INFO - [2025-07-01T01:39:29.579+0000] {dag.py:4180} INFO - Setting next_dagrun for example_short_circuit_decorator to None, run_after=None
[2025-07-01T01:39:29.597+0000] {processor.py:208} INFO - Processing /home/airflow/.local/lib/python3.12/site-packages/airflow/example_dags/example_short_circuit_decorator.py took 0.084 seconds
[2025-07-01T01:40:00.117+0000] {processor.py:186} INFO - Started process (PID=4106) to work on /home/airflow/.local/lib/python3.12/site-packages/airflow/example_dags/example_short_circuit_decorator.py
[2025-07-01T01:40:00.118+0000] {processor.py:914} INFO - Processing file /home/airflow/.local/lib/python3.12/site-packages/airflow/example_dags/example_short_circuit_decorator.py for tasks to queue
[2025-07-01T01:40:00.120+0000] {logging_mixin.py:190} INFO - [2025-07-01T01:40:00.120+0000] {dagbag.py:588} INFO - Filling up the DagBag from /home/airflow/.local/lib/python3.12/site-packages/airflow/example_dags/example_short_circuit_decorator.py
[2025-07-01T01:40:00.130+0000] {processor.py:925} INFO - DAG(s) 'example_short_circuit_decorator' retrieved from /home/airflow/.local/lib/python3.12/site-packages/airflow/example_dags/example_short_circuit_decorator.py
[2025-07-01T01:40:00.155+0000] {logging_mixin.py:190} INFO - [2025-07-01T01:40:00.155+0000] {dag.py:3239} INFO - Sync 1 DAGs
[2025-07-01T01:40:00.172+0000] {logging_mixin.py:190} INFO - [2025-07-01T01:40:00.172+0000] {dag.py:4180} INFO - Setting next_dagrun for example_short_circuit_decorator to None, run_after=None
[2025-07-01T01:40:00.203+0000] {processor.py:208} INFO - Processing /home/airflow/.local/lib/python3.12/site-packages/airflow/example_dags/example_short_circuit_decorator.py took 0.093 seconds
[2025-07-01T01:40:30.658+0000] {processor.py:186} INFO - Started process (PID=4168) to work on /home/airflow/.local/lib/python3.12/site-packages/airflow/example_dags/example_short_circuit_decorator.py
[2025-07-01T01:40:30.659+0000] {processor.py:914} INFO - Processing file /home/airflow/.local/lib/python3.12/site-packages/airflow/example_dags/example_short_circuit_decorator.py for tasks to queue
[2025-07-01T01:40:30.662+0000] {logging_mixin.py:190} INFO - [2025-07-01T01:40:30.662+0000] {dagbag.py:588} INFO - Filling up the DagBag from /home/airflow/.local/lib/python3.12/site-packages/airflow/example_dags/example_short_circuit_decorator.py
[2025-07-01T01:40:30.671+0000] {processor.py:925} INFO - DAG(s) 'example_short_circuit_decorator' retrieved from /home/airflow/.local/lib/python3.12/site-packages/airflow/example_dags/example_short_circuit_decorator.py
[2025-07-01T01:40:30.695+0000] {logging_mixin.py:190} INFO - [2025-07-01T01:40:30.695+0000] {dag.py:3239} INFO - Sync 1 DAGs
[2025-07-01T01:40:30.708+0000] {logging_mixin.py:190} INFO - [2025-07-01T01:40:30.708+0000] {dag.py:4180} INFO - Setting next_dagrun for example_short_circuit_decorator to None, run_after=None
[2025-07-01T01:40:30.725+0000] {processor.py:208} INFO - Processing /home/airflow/.local/lib/python3.12/site-packages/airflow/example_dags/example_short_circuit_decorator.py took 0.073 seconds
[2025-07-01T01:41:01.356+0000] {processor.py:186} INFO - Started process (PID=4231) to work on /home/airflow/.local/lib/python3.12/site-packages/airflow/example_dags/example_short_circuit_decorator.py
[2025-07-01T01:41:01.357+0000] {processor.py:914} INFO - Processing file /home/airflow/.local/lib/python3.12/site-packages/airflow/example_dags/example_short_circuit_decorator.py for tasks to queue
[2025-07-01T01:41:01.360+0000] {logging_mixin.py:190} INFO - [2025-07-01T01:41:01.360+0000] {dagbag.py:588} INFO - Filling up the DagBag from /home/airflow/.local/lib/python3.12/site-packages/airflow/example_dags/example_short_circuit_decorator.py
[2025-07-01T01:41:01.370+0000] {processor.py:925} INFO - DAG(s) 'example_short_circuit_decorator' retrieved from /home/airflow/.local/lib/python3.12/site-packages/airflow/example_dags/example_short_circuit_decorator.py
[2025-07-01T01:41:01.393+0000] {logging_mixin.py:190} INFO - [2025-07-01T01:41:01.393+0000] {dag.py:3239} INFO - Sync 1 DAGs
[2025-07-01T01:41:01.407+0000] {logging_mixin.py:190} INFO - [2025-07-01T01:41:01.407+0000] {dag.py:4180} INFO - Setting next_dagrun for example_short_circuit_decorator to None, run_after=None
[2025-07-01T01:41:01.426+0000] {processor.py:208} INFO - Processing /home/airflow/.local/lib/python3.12/site-packages/airflow/example_dags/example_short_circuit_decorator.py took 0.077 seconds
[2025-07-01T01:41:31.743+0000] {processor.py:186} INFO - Started process (PID=4293) to work on /home/airflow/.local/lib/python3.12/site-packages/airflow/example_dags/example_short_circuit_decorator.py
[2025-07-01T01:41:31.745+0000] {processor.py:914} INFO - Processing file /home/airflow/.local/lib/python3.12/site-packages/airflow/example_dags/example_short_circuit_decorator.py for tasks to queue
[2025-07-01T01:41:31.747+0000] {logging_mixin.py:190} INFO - [2025-07-01T01:41:31.747+0000] {dagbag.py:588} INFO - Filling up the DagBag from /home/airflow/.local/lib/python3.12/site-packages/airflow/example_dags/example_short_circuit_decorator.py
[2025-07-01T01:41:31.758+0000] {processor.py:925} INFO - DAG(s) 'example_short_circuit_decorator' retrieved from /home/airflow/.local/lib/python3.12/site-packages/airflow/example_dags/example_short_circuit_decorator.py
[2025-07-01T01:41:31.781+0000] {logging_mixin.py:190} INFO - [2025-07-01T01:41:31.781+0000] {dag.py:3239} INFO - Sync 1 DAGs
[2025-07-01T01:41:31.795+0000] {logging_mixin.py:190} INFO - [2025-07-01T01:41:31.795+0000] {dag.py:4180} INFO - Setting next_dagrun for example_short_circuit_decorator to None, run_after=None
[2025-07-01T01:41:31.812+0000] {processor.py:208} INFO - Processing /home/airflow/.local/lib/python3.12/site-packages/airflow/example_dags/example_short_circuit_decorator.py took 0.075 seconds
[2025-07-01T01:42:02.324+0000] {processor.py:186} INFO - Started process (PID=4354) to work on /home/airflow/.local/lib/python3.12/site-packages/airflow/example_dags/example_short_circuit_decorator.py
[2025-07-01T01:42:02.326+0000] {processor.py:914} INFO - Processing file /home/airflow/.local/lib/python3.12/site-packages/airflow/example_dags/example_short_circuit_decorator.py for tasks to queue
[2025-07-01T01:42:02.329+0000] {logging_mixin.py:190} INFO - [2025-07-01T01:42:02.328+0000] {dagbag.py:588} INFO - Filling up the DagBag from /home/airflow/.local/lib/python3.12/site-packages/airflow/example_dags/example_short_circuit_decorator.py
[2025-07-01T01:42:02.341+0000] {processor.py:925} INFO - DAG(s) 'example_short_circuit_decorator' retrieved from /home/airflow/.local/lib/python3.12/site-packages/airflow/example_dags/example_short_circuit_decorator.py
[2025-07-01T01:42:02.373+0000] {logging_mixin.py:190} INFO - [2025-07-01T01:42:02.373+0000] {dag.py:3239} INFO - Sync 1 DAGs
[2025-07-01T01:42:02.389+0000] {logging_mixin.py:190} INFO - [2025-07-01T01:42:02.389+0000] {dag.py:4180} INFO - Setting next_dagrun for example_short_circuit_decorator to None, run_after=None
[2025-07-01T01:42:02.408+0000] {processor.py:208} INFO - Processing /home/airflow/.local/lib/python3.12/site-packages/airflow/example_dags/example_short_circuit_decorator.py took 0.092 seconds
[2025-07-01T01:42:33.091+0000] {processor.py:186} INFO - Started process (PID=4416) to work on /home/airflow/.local/lib/python3.12/site-packages/airflow/example_dags/example_short_circuit_decorator.py
[2025-07-01T01:42:33.092+0000] {processor.py:914} INFO - Processing file /home/airflow/.local/lib/python3.12/site-packages/airflow/example_dags/example_short_circuit_decorator.py for tasks to queue
[2025-07-01T01:42:33.095+0000] {logging_mixin.py:190} INFO - [2025-07-01T01:42:33.095+0000] {dagbag.py:588} INFO - Filling up the DagBag from /home/airflow/.local/lib/python3.12/site-packages/airflow/example_dags/example_short_circuit_decorator.py
[2025-07-01T01:42:33.105+0000] {processor.py:925} INFO - DAG(s) 'example_short_circuit_decorator' retrieved from /home/airflow/.local/lib/python3.12/site-packages/airflow/example_dags/example_short_circuit_decorator.py
[2025-07-01T01:42:33.130+0000] {logging_mixin.py:190} INFO - [2025-07-01T01:42:33.130+0000] {dag.py:3239} INFO - Sync 1 DAGs
[2025-07-01T01:42:33.143+0000] {logging_mixin.py:190} INFO - [2025-07-01T01:42:33.143+0000] {dag.py:4180} INFO - Setting next_dagrun for example_short_circuit_decorator to None, run_after=None
[2025-07-01T01:42:33.163+0000] {processor.py:208} INFO - Processing /home/airflow/.local/lib/python3.12/site-packages/airflow/example_dags/example_short_circuit_decorator.py took 0.079 seconds
[2025-07-01T01:43:03.681+0000] {processor.py:186} INFO - Started process (PID=4478) to work on /home/airflow/.local/lib/python3.12/site-packages/airflow/example_dags/example_short_circuit_decorator.py
[2025-07-01T01:43:03.683+0000] {processor.py:914} INFO - Processing file /home/airflow/.local/lib/python3.12/site-packages/airflow/example_dags/example_short_circuit_decorator.py for tasks to queue
[2025-07-01T01:43:03.688+0000] {logging_mixin.py:190} INFO - [2025-07-01T01:43:03.687+0000] {dagbag.py:588} INFO - Filling up the DagBag from /home/airflow/.local/lib/python3.12/site-packages/airflow/example_dags/example_short_circuit_decorator.py
[2025-07-01T01:43:03.704+0000] {processor.py:925} INFO - DAG(s) 'example_short_circuit_decorator' retrieved from /home/airflow/.local/lib/python3.12/site-packages/airflow/example_dags/example_short_circuit_decorator.py
[2025-07-01T01:43:03.732+0000] {logging_mixin.py:190} INFO - [2025-07-01T01:43:03.732+0000] {dag.py:3239} INFO - Sync 1 DAGs
[2025-07-01T01:43:03.751+0000] {logging_mixin.py:190} INFO - [2025-07-01T01:43:03.750+0000] {dag.py:4180} INFO - Setting next_dagrun for example_short_circuit_decorator to None, run_after=None
[2025-07-01T01:43:03.767+0000] {processor.py:208} INFO - Processing /home/airflow/.local/lib/python3.12/site-packages/airflow/example_dags/example_short_circuit_decorator.py took 0.095 seconds
[2025-07-01T01:43:34.333+0000] {processor.py:186} INFO - Started process (PID=4540) to work on /home/airflow/.local/lib/python3.12/site-packages/airflow/example_dags/example_short_circuit_decorator.py
[2025-07-01T01:43:34.334+0000] {processor.py:914} INFO - Processing file /home/airflow/.local/lib/python3.12/site-packages/airflow/example_dags/example_short_circuit_decorator.py for tasks to queue
[2025-07-01T01:43:34.337+0000] {logging_mixin.py:190} INFO - [2025-07-01T01:43:34.336+0000] {dagbag.py:588} INFO - Filling up the DagBag from /home/airflow/.local/lib/python3.12/site-packages/airflow/example_dags/example_short_circuit_decorator.py
[2025-07-01T01:43:34.347+0000] {processor.py:925} INFO - DAG(s) 'example_short_circuit_decorator' retrieved from /home/airflow/.local/lib/python3.12/site-packages/airflow/example_dags/example_short_circuit_decorator.py
[2025-07-01T01:43:34.371+0000] {logging_mixin.py:190} INFO - [2025-07-01T01:43:34.371+0000] {dag.py:3239} INFO - Sync 1 DAGs
[2025-07-01T01:43:34.389+0000] {logging_mixin.py:190} INFO - [2025-07-01T01:43:34.389+0000] {dag.py:4180} INFO - Setting next_dagrun for example_short_circuit_decorator to None, run_after=None
[2025-07-01T01:43:34.407+0000] {processor.py:208} INFO - Processing /home/airflow/.local/lib/python3.12/site-packages/airflow/example_dags/example_short_circuit_decorator.py took 0.080 seconds
[2025-07-01T01:44:04.972+0000] {processor.py:186} INFO - Started process (PID=4602) to work on /home/airflow/.local/lib/python3.12/site-packages/airflow/example_dags/example_short_circuit_decorator.py
[2025-07-01T01:44:04.973+0000] {processor.py:914} INFO - Processing file /home/airflow/.local/lib/python3.12/site-packages/airflow/example_dags/example_short_circuit_decorator.py for tasks to queue
[2025-07-01T01:44:04.975+0000] {logging_mixin.py:190} INFO - [2025-07-01T01:44:04.975+0000] {dagbag.py:588} INFO - Filling up the DagBag from /home/airflow/.local/lib/python3.12/site-packages/airflow/example_dags/example_short_circuit_decorator.py
[2025-07-01T01:44:04.985+0000] {processor.py:925} INFO - DAG(s) 'example_short_circuit_decorator' retrieved from /home/airflow/.local/lib/python3.12/site-packages/airflow/example_dags/example_short_circuit_decorator.py
[2025-07-01T01:44:05.011+0000] {logging_mixin.py:190} INFO - [2025-07-01T01:44:05.011+0000] {dag.py:3239} INFO - Sync 1 DAGs
[2025-07-01T01:44:05.025+0000] {logging_mixin.py:190} INFO - [2025-07-01T01:44:05.024+0000] {dag.py:4180} INFO - Setting next_dagrun for example_short_circuit_decorator to None, run_after=None
[2025-07-01T01:44:05.052+0000] {processor.py:208} INFO - Processing /home/airflow/.local/lib/python3.12/site-packages/airflow/example_dags/example_short_circuit_decorator.py took 0.086 seconds
[2025-07-01T01:44:35.793+0000] {processor.py:186} INFO - Started process (PID=4664) to work on /home/airflow/.local/lib/python3.12/site-packages/airflow/example_dags/example_short_circuit_decorator.py
[2025-07-01T01:44:35.794+0000] {processor.py:914} INFO - Processing file /home/airflow/.local/lib/python3.12/site-packages/airflow/example_dags/example_short_circuit_decorator.py for tasks to queue
[2025-07-01T01:44:35.797+0000] {logging_mixin.py:190} INFO - [2025-07-01T01:44:35.796+0000] {dagbag.py:588} INFO - Filling up the DagBag from /home/airflow/.local/lib/python3.12/site-packages/airflow/example_dags/example_short_circuit_decorator.py
[2025-07-01T01:44:35.807+0000] {processor.py:925} INFO - DAG(s) 'example_short_circuit_decorator' retrieved from /home/airflow/.local/lib/python3.12/site-packages/airflow/example_dags/example_short_circuit_decorator.py
[2025-07-01T01:44:35.837+0000] {logging_mixin.py:190} INFO - [2025-07-01T01:44:35.836+0000] {dag.py:3239} INFO - Sync 1 DAGs
[2025-07-01T01:44:35.850+0000] {logging_mixin.py:190} INFO - [2025-07-01T01:44:35.850+0000] {dag.py:4180} INFO - Setting next_dagrun for example_short_circuit_decorator to None, run_after=None
[2025-07-01T01:44:35.872+0000] {processor.py:208} INFO - Processing /home/airflow/.local/lib/python3.12/site-packages/airflow/example_dags/example_short_circuit_decorator.py took 0.086 seconds
[2025-07-01T01:45:06.425+0000] {processor.py:186} INFO - Started process (PID=4726) to work on /home/airflow/.local/lib/python3.12/site-packages/airflow/example_dags/example_short_circuit_decorator.py
[2025-07-01T01:45:06.427+0000] {processor.py:914} INFO - Processing file /home/airflow/.local/lib/python3.12/site-packages/airflow/example_dags/example_short_circuit_decorator.py for tasks to queue
[2025-07-01T01:45:06.430+0000] {logging_mixin.py:190} INFO - [2025-07-01T01:45:06.430+0000] {dagbag.py:588} INFO - Filling up the DagBag from /home/airflow/.local/lib/python3.12/site-packages/airflow/example_dags/example_short_circuit_decorator.py
[2025-07-01T01:45:06.444+0000] {processor.py:925} INFO - DAG(s) 'example_short_circuit_decorator' retrieved from /home/airflow/.local/lib/python3.12/site-packages/airflow/example_dags/example_short_circuit_decorator.py
[2025-07-01T01:45:06.487+0000] {logging_mixin.py:190} INFO - [2025-07-01T01:45:06.486+0000] {dag.py:3239} INFO - Sync 1 DAGs
[2025-07-01T01:45:06.509+0000] {logging_mixin.py:190} INFO - [2025-07-01T01:45:06.509+0000] {dag.py:4180} INFO - Setting next_dagrun for example_short_circuit_decorator to None, run_after=None
[2025-07-01T01:45:06.546+0000] {processor.py:208} INFO - Processing /home/airflow/.local/lib/python3.12/site-packages/airflow/example_dags/example_short_circuit_decorator.py took 0.133 seconds
[2025-07-01T01:45:37.341+0000] {processor.py:186} INFO - Started process (PID=4788) to work on /home/airflow/.local/lib/python3.12/site-packages/airflow/example_dags/example_short_circuit_decorator.py
[2025-07-01T01:45:37.342+0000] {processor.py:914} INFO - Processing file /home/airflow/.local/lib/python3.12/site-packages/airflow/example_dags/example_short_circuit_decorator.py for tasks to queue
[2025-07-01T01:45:37.344+0000] {logging_mixin.py:190} INFO - [2025-07-01T01:45:37.344+0000] {dagbag.py:588} INFO - Filling up the DagBag from /home/airflow/.local/lib/python3.12/site-packages/airflow/example_dags/example_short_circuit_decorator.py
[2025-07-01T01:45:37.355+0000] {processor.py:925} INFO - DAG(s) 'example_short_circuit_decorator' retrieved from /home/airflow/.local/lib/python3.12/site-packages/airflow/example_dags/example_short_circuit_decorator.py
[2025-07-01T01:45:37.379+0000] {logging_mixin.py:190} INFO - [2025-07-01T01:45:37.379+0000] {dag.py:3239} INFO - Sync 1 DAGs
[2025-07-01T01:45:37.393+0000] {logging_mixin.py:190} INFO - [2025-07-01T01:45:37.393+0000] {dag.py:4180} INFO - Setting next_dagrun for example_short_circuit_decorator to None, run_after=None
[2025-07-01T01:45:37.413+0000] {processor.py:208} INFO - Processing /home/airflow/.local/lib/python3.12/site-packages/airflow/example_dags/example_short_circuit_decorator.py took 0.078 seconds
[2025-07-01T01:46:07.949+0000] {processor.py:186} INFO - Started process (PID=4850) to work on /home/airflow/.local/lib/python3.12/site-packages/airflow/example_dags/example_short_circuit_decorator.py
[2025-07-01T01:46:07.950+0000] {processor.py:914} INFO - Processing file /home/airflow/.local/lib/python3.12/site-packages/airflow/example_dags/example_short_circuit_decorator.py for tasks to queue
[2025-07-01T01:46:07.953+0000] {logging_mixin.py:190} INFO - [2025-07-01T01:46:07.953+0000] {dagbag.py:588} INFO - Filling up the DagBag from /home/airflow/.local/lib/python3.12/site-packages/airflow/example_dags/example_short_circuit_decorator.py
[2025-07-01T01:46:07.963+0000] {processor.py:925} INFO - DAG(s) 'example_short_circuit_decorator' retrieved from /home/airflow/.local/lib/python3.12/site-packages/airflow/example_dags/example_short_circuit_decorator.py
[2025-07-01T01:46:07.985+0000] {logging_mixin.py:190} INFO - [2025-07-01T01:46:07.985+0000] {dag.py:3239} INFO - Sync 1 DAGs
[2025-07-01T01:46:07.999+0000] {logging_mixin.py:190} INFO - [2025-07-01T01:46:07.999+0000] {dag.py:4180} INFO - Setting next_dagrun for example_short_circuit_decorator to None, run_after=None
[2025-07-01T01:46:08.017+0000] {processor.py:208} INFO - Processing /home/airflow/.local/lib/python3.12/site-packages/airflow/example_dags/example_short_circuit_decorator.py took 0.075 seconds
[2025-07-01T01:46:38.395+0000] {processor.py:186} INFO - Started process (PID=4912) to work on /home/airflow/.local/lib/python3.12/site-packages/airflow/example_dags/example_short_circuit_decorator.py
[2025-07-01T01:46:38.396+0000] {processor.py:914} INFO - Processing file /home/airflow/.local/lib/python3.12/site-packages/airflow/example_dags/example_short_circuit_decorator.py for tasks to queue
[2025-07-01T01:46:38.398+0000] {logging_mixin.py:190} INFO - [2025-07-01T01:46:38.398+0000] {dagbag.py:588} INFO - Filling up the DagBag from /home/airflow/.local/lib/python3.12/site-packages/airflow/example_dags/example_short_circuit_decorator.py
[2025-07-01T01:46:38.407+0000] {processor.py:925} INFO - DAG(s) 'example_short_circuit_decorator' retrieved from /home/airflow/.local/lib/python3.12/site-packages/airflow/example_dags/example_short_circuit_decorator.py
[2025-07-01T01:46:38.433+0000] {logging_mixin.py:190} INFO - [2025-07-01T01:46:38.433+0000] {dag.py:3239} INFO - Sync 1 DAGs
[2025-07-01T01:46:38.446+0000] {logging_mixin.py:190} INFO - [2025-07-01T01:46:38.446+0000] {dag.py:4180} INFO - Setting next_dagrun for example_short_circuit_decorator to None, run_after=None
[2025-07-01T01:46:38.464+0000] {processor.py:208} INFO - Processing /home/airflow/.local/lib/python3.12/site-packages/airflow/example_dags/example_short_circuit_decorator.py took 0.075 seconds
[2025-07-01T01:47:08.910+0000] {processor.py:186} INFO - Started process (PID=4974) to work on /home/airflow/.local/lib/python3.12/site-packages/airflow/example_dags/example_short_circuit_decorator.py
[2025-07-01T01:47:08.911+0000] {processor.py:914} INFO - Processing file /home/airflow/.local/lib/python3.12/site-packages/airflow/example_dags/example_short_circuit_decorator.py for tasks to queue
[2025-07-01T01:47:08.913+0000] {logging_mixin.py:190} INFO - [2025-07-01T01:47:08.913+0000] {dagbag.py:588} INFO - Filling up the DagBag from /home/airflow/.local/lib/python3.12/site-packages/airflow/example_dags/example_short_circuit_decorator.py
[2025-07-01T01:47:08.922+0000] {processor.py:925} INFO - DAG(s) 'example_short_circuit_decorator' retrieved from /home/airflow/.local/lib/python3.12/site-packages/airflow/example_dags/example_short_circuit_decorator.py
[2025-07-01T01:47:08.946+0000] {logging_mixin.py:190} INFO - [2025-07-01T01:47:08.946+0000] {dag.py:3239} INFO - Sync 1 DAGs
[2025-07-01T01:47:08.959+0000] {logging_mixin.py:190} INFO - [2025-07-01T01:47:08.959+0000] {dag.py:4180} INFO - Setting next_dagrun for example_short_circuit_decorator to None, run_after=None
[2025-07-01T01:47:08.976+0000] {processor.py:208} INFO - Processing /home/airflow/.local/lib/python3.12/site-packages/airflow/example_dags/example_short_circuit_decorator.py took 0.072 seconds
[2025-07-01T01:47:39.612+0000] {processor.py:186} INFO - Started process (PID=5036) to work on /home/airflow/.local/lib/python3.12/site-packages/airflow/example_dags/example_short_circuit_decorator.py
[2025-07-01T01:47:39.613+0000] {processor.py:914} INFO - Processing file /home/airflow/.local/lib/python3.12/site-packages/airflow/example_dags/example_short_circuit_decorator.py for tasks to queue
[2025-07-01T01:47:39.615+0000] {logging_mixin.py:190} INFO - [2025-07-01T01:47:39.615+0000] {dagbag.py:588} INFO - Filling up the DagBag from /home/airflow/.local/lib/python3.12/site-packages/airflow/example_dags/example_short_circuit_decorator.py
[2025-07-01T01:47:39.625+0000] {processor.py:925} INFO - DAG(s) 'example_short_circuit_decorator' retrieved from /home/airflow/.local/lib/python3.12/site-packages/airflow/example_dags/example_short_circuit_decorator.py
[2025-07-01T01:47:39.647+0000] {logging_mixin.py:190} INFO - [2025-07-01T01:47:39.647+0000] {dag.py:3239} INFO - Sync 1 DAGs
[2025-07-01T01:47:39.662+0000] {logging_mixin.py:190} INFO - [2025-07-01T01:47:39.661+0000] {dag.py:4180} INFO - Setting next_dagrun for example_short_circuit_decorator to None, run_after=None
[2025-07-01T01:47:39.679+0000] {processor.py:208} INFO - Processing /home/airflow/.local/lib/python3.12/site-packages/airflow/example_dags/example_short_circuit_decorator.py took 0.073 seconds
[2025-07-01T01:48:10.588+0000] {processor.py:186} INFO - Started process (PID=5098) to work on /home/airflow/.local/lib/python3.12/site-packages/airflow/example_dags/example_short_circuit_decorator.py
[2025-07-01T01:48:10.589+0000] {processor.py:914} INFO - Processing file /home/airflow/.local/lib/python3.12/site-packages/airflow/example_dags/example_short_circuit_decorator.py for tasks to queue
[2025-07-01T01:48:10.592+0000] {logging_mixin.py:190} INFO - [2025-07-01T01:48:10.592+0000] {dagbag.py:588} INFO - Filling up the DagBag from /home/airflow/.local/lib/python3.12/site-packages/airflow/example_dags/example_short_circuit_decorator.py
[2025-07-01T01:48:10.602+0000] {processor.py:925} INFO - DAG(s) 'example_short_circuit_decorator' retrieved from /home/airflow/.local/lib/python3.12/site-packages/airflow/example_dags/example_short_circuit_decorator.py
[2025-07-01T01:48:10.630+0000] {logging_mixin.py:190} INFO - [2025-07-01T01:48:10.630+0000] {dag.py:3239} INFO - Sync 1 DAGs
[2025-07-01T01:48:10.644+0000] {logging_mixin.py:190} INFO - [2025-07-01T01:48:10.644+0000] {dag.py:4180} INFO - Setting next_dagrun for example_short_circuit_decorator to None, run_after=None
[2025-07-01T01:48:10.661+0000] {processor.py:208} INFO - Processing /home/airflow/.local/lib/python3.12/site-packages/airflow/example_dags/example_short_circuit_decorator.py took 0.080 seconds
[2025-07-01T01:48:40.914+0000] {processor.py:186} INFO - Started process (PID=5160) to work on /home/airflow/.local/lib/python3.12/site-packages/airflow/example_dags/example_short_circuit_decorator.py
[2025-07-01T01:48:40.916+0000] {processor.py:914} INFO - Processing file /home/airflow/.local/lib/python3.12/site-packages/airflow/example_dags/example_short_circuit_decorator.py for tasks to queue
[2025-07-01T01:48:40.919+0000] {logging_mixin.py:190} INFO - [2025-07-01T01:48:40.918+0000] {dagbag.py:588} INFO - Filling up the DagBag from /home/airflow/.local/lib/python3.12/site-packages/airflow/example_dags/example_short_circuit_decorator.py
[2025-07-01T01:48:40.932+0000] {processor.py:925} INFO - DAG(s) 'example_short_circuit_decorator' retrieved from /home/airflow/.local/lib/python3.12/site-packages/airflow/example_dags/example_short_circuit_decorator.py
[2025-07-01T01:48:40.961+0000] {logging_mixin.py:190} INFO - [2025-07-01T01:48:40.961+0000] {dag.py:3239} INFO - Sync 1 DAGs
[2025-07-01T01:48:40.977+0000] {logging_mixin.py:190} INFO - [2025-07-01T01:48:40.977+0000] {dag.py:4180} INFO - Setting next_dagrun for example_short_circuit_decorator to None, run_after=None
[2025-07-01T01:48:40.995+0000] {processor.py:208} INFO - Processing /home/airflow/.local/lib/python3.12/site-packages/airflow/example_dags/example_short_circuit_decorator.py took 0.087 seconds
[2025-07-01T01:49:11.882+0000] {processor.py:186} INFO - Started process (PID=5223) to work on /home/airflow/.local/lib/python3.12/site-packages/airflow/example_dags/example_short_circuit_decorator.py
[2025-07-01T01:49:11.884+0000] {processor.py:914} INFO - Processing file /home/airflow/.local/lib/python3.12/site-packages/airflow/example_dags/example_short_circuit_decorator.py for tasks to queue
[2025-07-01T01:49:11.887+0000] {logging_mixin.py:190} INFO - [2025-07-01T01:49:11.886+0000] {dagbag.py:588} INFO - Filling up the DagBag from /home/airflow/.local/lib/python3.12/site-packages/airflow/example_dags/example_short_circuit_decorator.py
[2025-07-01T01:49:11.898+0000] {processor.py:925} INFO - DAG(s) 'example_short_circuit_decorator' retrieved from /home/airflow/.local/lib/python3.12/site-packages/airflow/example_dags/example_short_circuit_decorator.py
[2025-07-01T01:49:11.922+0000] {logging_mixin.py:190} INFO - [2025-07-01T01:49:11.922+0000] {dag.py:3239} INFO - Sync 1 DAGs
[2025-07-01T01:49:11.936+0000] {logging_mixin.py:190} INFO - [2025-07-01T01:49:11.936+0000] {dag.py:4180} INFO - Setting next_dagrun for example_short_circuit_decorator to None, run_after=None
[2025-07-01T01:49:11.964+0000] {processor.py:208} INFO - Processing /home/airflow/.local/lib/python3.12/site-packages/airflow/example_dags/example_short_circuit_decorator.py took 0.088 seconds
[2025-07-01T01:49:42.626+0000] {processor.py:186} INFO - Started process (PID=5285) to work on /home/airflow/.local/lib/python3.12/site-packages/airflow/example_dags/example_short_circuit_decorator.py
[2025-07-01T01:49:42.627+0000] {processor.py:914} INFO - Processing file /home/airflow/.local/lib/python3.12/site-packages/airflow/example_dags/example_short_circuit_decorator.py for tasks to queue
[2025-07-01T01:49:42.629+0000] {logging_mixin.py:190} INFO - [2025-07-01T01:49:42.629+0000] {dagbag.py:588} INFO - Filling up the DagBag from /home/airflow/.local/lib/python3.12/site-packages/airflow/example_dags/example_short_circuit_decorator.py
[2025-07-01T01:49:42.639+0000] {processor.py:925} INFO - DAG(s) 'example_short_circuit_decorator' retrieved from /home/airflow/.local/lib/python3.12/site-packages/airflow/example_dags/example_short_circuit_decorator.py
[2025-07-01T01:49:42.662+0000] {logging_mixin.py:190} INFO - [2025-07-01T01:49:42.662+0000] {dag.py:3239} INFO - Sync 1 DAGs
[2025-07-01T01:49:42.677+0000] {logging_mixin.py:190} INFO - [2025-07-01T01:49:42.676+0000] {dag.py:4180} INFO - Setting next_dagrun for example_short_circuit_decorator to None, run_after=None
[2025-07-01T01:49:42.695+0000] {processor.py:208} INFO - Processing /home/airflow/.local/lib/python3.12/site-packages/airflow/example_dags/example_short_circuit_decorator.py took 0.075 seconds
[2025-07-01T01:50:13.068+0000] {processor.py:186} INFO - Started process (PID=5347) to work on /home/airflow/.local/lib/python3.12/site-packages/airflow/example_dags/example_short_circuit_decorator.py
[2025-07-01T01:50:13.070+0000] {processor.py:914} INFO - Processing file /home/airflow/.local/lib/python3.12/site-packages/airflow/example_dags/example_short_circuit_decorator.py for tasks to queue
[2025-07-01T01:50:13.074+0000] {logging_mixin.py:190} INFO - [2025-07-01T01:50:13.073+0000] {dagbag.py:588} INFO - Filling up the DagBag from /home/airflow/.local/lib/python3.12/site-packages/airflow/example_dags/example_short_circuit_decorator.py
[2025-07-01T01:50:13.087+0000] {processor.py:925} INFO - DAG(s) 'example_short_circuit_decorator' retrieved from /home/airflow/.local/lib/python3.12/site-packages/airflow/example_dags/example_short_circuit_decorator.py
[2025-07-01T01:50:13.122+0000] {logging_mixin.py:190} INFO - [2025-07-01T01:50:13.122+0000] {dag.py:3239} INFO - Sync 1 DAGs
[2025-07-01T01:50:13.145+0000] {logging_mixin.py:190} INFO - [2025-07-01T01:50:13.145+0000] {dag.py:4180} INFO - Setting next_dagrun for example_short_circuit_decorator to None, run_after=None
[2025-07-01T01:50:13.170+0000] {processor.py:208} INFO - Processing /home/airflow/.local/lib/python3.12/site-packages/airflow/example_dags/example_short_circuit_decorator.py took 0.109 seconds
[2025-07-01T01:50:44.222+0000] {processor.py:186} INFO - Started process (PID=5409) to work on /home/airflow/.local/lib/python3.12/site-packages/airflow/example_dags/example_short_circuit_decorator.py
[2025-07-01T01:50:44.223+0000] {processor.py:914} INFO - Processing file /home/airflow/.local/lib/python3.12/site-packages/airflow/example_dags/example_short_circuit_decorator.py for tasks to queue
[2025-07-01T01:50:44.226+0000] {logging_mixin.py:190} INFO - [2025-07-01T01:50:44.226+0000] {dagbag.py:588} INFO - Filling up the DagBag from /home/airflow/.local/lib/python3.12/site-packages/airflow/example_dags/example_short_circuit_decorator.py
[2025-07-01T01:50:44.236+0000] {processor.py:925} INFO - DAG(s) 'example_short_circuit_decorator' retrieved from /home/airflow/.local/lib/python3.12/site-packages/airflow/example_dags/example_short_circuit_decorator.py
[2025-07-01T01:50:44.262+0000] {logging_mixin.py:190} INFO - [2025-07-01T01:50:44.262+0000] {dag.py:3239} INFO - Sync 1 DAGs
[2025-07-01T01:50:44.276+0000] {logging_mixin.py:190} INFO - [2025-07-01T01:50:44.275+0000] {dag.py:4180} INFO - Setting next_dagrun for example_short_circuit_decorator to None, run_after=None
[2025-07-01T01:50:44.295+0000] {processor.py:208} INFO - Processing /home/airflow/.local/lib/python3.12/site-packages/airflow/example_dags/example_short_circuit_decorator.py took 0.079 seconds
[2025-07-01T01:51:14.748+0000] {processor.py:186} INFO - Started process (PID=5471) to work on /home/airflow/.local/lib/python3.12/site-packages/airflow/example_dags/example_short_circuit_decorator.py
[2025-07-01T01:51:14.750+0000] {processor.py:914} INFO - Processing file /home/airflow/.local/lib/python3.12/site-packages/airflow/example_dags/example_short_circuit_decorator.py for tasks to queue
[2025-07-01T01:51:14.752+0000] {logging_mixin.py:190} INFO - [2025-07-01T01:51:14.752+0000] {dagbag.py:588} INFO - Filling up the DagBag from /home/airflow/.local/lib/python3.12/site-packages/airflow/example_dags/example_short_circuit_decorator.py
[2025-07-01T01:51:14.761+0000] {processor.py:925} INFO - DAG(s) 'example_short_circuit_decorator' retrieved from /home/airflow/.local/lib/python3.12/site-packages/airflow/example_dags/example_short_circuit_decorator.py
[2025-07-01T01:51:14.783+0000] {logging_mixin.py:190} INFO - [2025-07-01T01:51:14.783+0000] {dag.py:3239} INFO - Sync 1 DAGs
[2025-07-01T01:51:14.797+0000] {logging_mixin.py:190} INFO - [2025-07-01T01:51:14.797+0000] {dag.py:4180} INFO - Setting next_dagrun for example_short_circuit_decorator to None, run_after=None
[2025-07-01T01:51:14.814+0000] {processor.py:208} INFO - Processing /home/airflow/.local/lib/python3.12/site-packages/airflow/example_dags/example_short_circuit_decorator.py took 0.072 seconds
[2025-07-01T01:51:45.540+0000] {processor.py:186} INFO - Started process (PID=5533) to work on /home/airflow/.local/lib/python3.12/site-packages/airflow/example_dags/example_short_circuit_decorator.py
[2025-07-01T01:51:45.541+0000] {processor.py:914} INFO - Processing file /home/airflow/.local/lib/python3.12/site-packages/airflow/example_dags/example_short_circuit_decorator.py for tasks to queue
[2025-07-01T01:51:45.544+0000] {logging_mixin.py:190} INFO - [2025-07-01T01:51:45.543+0000] {dagbag.py:588} INFO - Filling up the DagBag from /home/airflow/.local/lib/python3.12/site-packages/airflow/example_dags/example_short_circuit_decorator.py
[2025-07-01T01:51:45.555+0000] {processor.py:925} INFO - DAG(s) 'example_short_circuit_decorator' retrieved from /home/airflow/.local/lib/python3.12/site-packages/airflow/example_dags/example_short_circuit_decorator.py
[2025-07-01T01:51:45.581+0000] {logging_mixin.py:190} INFO - [2025-07-01T01:51:45.581+0000] {dag.py:3239} INFO - Sync 1 DAGs
[2025-07-01T01:51:45.599+0000] {logging_mixin.py:190} INFO - [2025-07-01T01:51:45.598+0000] {dag.py:4180} INFO - Setting next_dagrun for example_short_circuit_decorator to None, run_after=None
[2025-07-01T01:51:45.619+0000] {processor.py:208} INFO - Processing /home/airflow/.local/lib/python3.12/site-packages/airflow/example_dags/example_short_circuit_decorator.py took 0.085 seconds
[2025-07-01T01:52:15.689+0000] {processor.py:186} INFO - Started process (PID=5595) to work on /home/airflow/.local/lib/python3.12/site-packages/airflow/example_dags/example_short_circuit_decorator.py
[2025-07-01T01:52:15.690+0000] {processor.py:914} INFO - Processing file /home/airflow/.local/lib/python3.12/site-packages/airflow/example_dags/example_short_circuit_decorator.py for tasks to queue
[2025-07-01T01:52:15.693+0000] {logging_mixin.py:190} INFO - [2025-07-01T01:52:15.692+0000] {dagbag.py:588} INFO - Filling up the DagBag from /home/airflow/.local/lib/python3.12/site-packages/airflow/example_dags/example_short_circuit_decorator.py
[2025-07-01T01:52:15.704+0000] {processor.py:925} INFO - DAG(s) 'example_short_circuit_decorator' retrieved from /home/airflow/.local/lib/python3.12/site-packages/airflow/example_dags/example_short_circuit_decorator.py
[2025-07-01T01:52:15.727+0000] {logging_mixin.py:190} INFO - [2025-07-01T01:52:15.727+0000] {dag.py:3239} INFO - Sync 1 DAGs
[2025-07-01T01:52:15.741+0000] {logging_mixin.py:190} INFO - [2025-07-01T01:52:15.741+0000] {dag.py:4180} INFO - Setting next_dagrun for example_short_circuit_decorator to None, run_after=None
[2025-07-01T01:52:15.757+0000] {processor.py:208} INFO - Processing /home/airflow/.local/lib/python3.12/site-packages/airflow/example_dags/example_short_circuit_decorator.py took 0.075 seconds
[2025-07-01T01:52:45.858+0000] {processor.py:186} INFO - Started process (PID=5657) to work on /home/airflow/.local/lib/python3.12/site-packages/airflow/example_dags/example_short_circuit_decorator.py
[2025-07-01T01:52:45.859+0000] {processor.py:914} INFO - Processing file /home/airflow/.local/lib/python3.12/site-packages/airflow/example_dags/example_short_circuit_decorator.py for tasks to queue
[2025-07-01T01:52:45.862+0000] {logging_mixin.py:190} INFO - [2025-07-01T01:52:45.861+0000] {dagbag.py:588} INFO - Filling up the DagBag from /home/airflow/.local/lib/python3.12/site-packages/airflow/example_dags/example_short_circuit_decorator.py
[2025-07-01T01:52:45.871+0000] {processor.py:925} INFO - DAG(s) 'example_short_circuit_decorator' retrieved from /home/airflow/.local/lib/python3.12/site-packages/airflow/example_dags/example_short_circuit_decorator.py
[2025-07-01T01:52:45.902+0000] {logging_mixin.py:190} INFO - [2025-07-01T01:52:45.902+0000] {dag.py:3239} INFO - Sync 1 DAGs
[2025-07-01T01:52:45.918+0000] {logging_mixin.py:190} INFO - [2025-07-01T01:52:45.918+0000] {dag.py:4180} INFO - Setting next_dagrun for example_short_circuit_decorator to None, run_after=None
[2025-07-01T01:52:45.945+0000] {processor.py:208} INFO - Processing /home/airflow/.local/lib/python3.12/site-packages/airflow/example_dags/example_short_circuit_decorator.py took 0.093 seconds
[2025-07-01T01:53:16.155+0000] {processor.py:186} INFO - Started process (PID=5719) to work on /home/airflow/.local/lib/python3.12/site-packages/airflow/example_dags/example_short_circuit_decorator.py
[2025-07-01T01:53:16.156+0000] {processor.py:914} INFO - Processing file /home/airflow/.local/lib/python3.12/site-packages/airflow/example_dags/example_short_circuit_decorator.py for tasks to queue
[2025-07-01T01:53:16.159+0000] {logging_mixin.py:190} INFO - [2025-07-01T01:53:16.159+0000] {dagbag.py:588} INFO - Filling up the DagBag from /home/airflow/.local/lib/python3.12/site-packages/airflow/example_dags/example_short_circuit_decorator.py
[2025-07-01T01:53:16.171+0000] {processor.py:925} INFO - DAG(s) 'example_short_circuit_decorator' retrieved from /home/airflow/.local/lib/python3.12/site-packages/airflow/example_dags/example_short_circuit_decorator.py
[2025-07-01T01:53:16.195+0000] {logging_mixin.py:190} INFO - [2025-07-01T01:53:16.195+0000] {dag.py:3239} INFO - Sync 1 DAGs
[2025-07-01T01:53:16.210+0000] {logging_mixin.py:190} INFO - [2025-07-01T01:53:16.210+0000] {dag.py:4180} INFO - Setting next_dagrun for example_short_circuit_decorator to None, run_after=None
[2025-07-01T01:53:16.228+0000] {processor.py:208} INFO - Processing /home/airflow/.local/lib/python3.12/site-packages/airflow/example_dags/example_short_circuit_decorator.py took 0.081 seconds
[2025-07-01T01:53:46.581+0000] {processor.py:186} INFO - Started process (PID=5781) to work on /home/airflow/.local/lib/python3.12/site-packages/airflow/example_dags/example_short_circuit_decorator.py
[2025-07-01T01:53:46.582+0000] {processor.py:914} INFO - Processing file /home/airflow/.local/lib/python3.12/site-packages/airflow/example_dags/example_short_circuit_decorator.py for tasks to queue
[2025-07-01T01:53:46.587+0000] {logging_mixin.py:190} INFO - [2025-07-01T01:53:46.585+0000] {dagbag.py:588} INFO - Filling up the DagBag from /home/airflow/.local/lib/python3.12/site-packages/airflow/example_dags/example_short_circuit_decorator.py
[2025-07-01T01:53:46.602+0000] {processor.py:925} INFO - DAG(s) 'example_short_circuit_decorator' retrieved from /home/airflow/.local/lib/python3.12/site-packages/airflow/example_dags/example_short_circuit_decorator.py
[2025-07-01T01:53:46.624+0000] {logging_mixin.py:190} INFO - [2025-07-01T01:53:46.624+0000] {dag.py:3239} INFO - Sync 1 DAGs
[2025-07-01T01:53:46.639+0000] {logging_mixin.py:190} INFO - [2025-07-01T01:53:46.638+0000] {dag.py:4180} INFO - Setting next_dagrun for example_short_circuit_decorator to None, run_after=None
[2025-07-01T01:53:46.667+0000] {processor.py:208} INFO - Processing /home/airflow/.local/lib/python3.12/site-packages/airflow/example_dags/example_short_circuit_decorator.py took 0.093 seconds
[2025-07-01T01:54:16.867+0000] {processor.py:186} INFO - Started process (PID=5843) to work on /home/airflow/.local/lib/python3.12/site-packages/airflow/example_dags/example_short_circuit_decorator.py
[2025-07-01T01:54:16.868+0000] {processor.py:914} INFO - Processing file /home/airflow/.local/lib/python3.12/site-packages/airflow/example_dags/example_short_circuit_decorator.py for tasks to queue
[2025-07-01T01:54:16.870+0000] {logging_mixin.py:190} INFO - [2025-07-01T01:54:16.870+0000] {dagbag.py:588} INFO - Filling up the DagBag from /home/airflow/.local/lib/python3.12/site-packages/airflow/example_dags/example_short_circuit_decorator.py
[2025-07-01T01:54:16.880+0000] {processor.py:925} INFO - DAG(s) 'example_short_circuit_decorator' retrieved from /home/airflow/.local/lib/python3.12/site-packages/airflow/example_dags/example_short_circuit_decorator.py
[2025-07-01T01:54:16.904+0000] {logging_mixin.py:190} INFO - [2025-07-01T01:54:16.904+0000] {dag.py:3239} INFO - Sync 1 DAGs
[2025-07-01T01:54:16.918+0000] {logging_mixin.py:190} INFO - [2025-07-01T01:54:16.918+0000] {dag.py:4180} INFO - Setting next_dagrun for example_short_circuit_decorator to None, run_after=None
[2025-07-01T01:54:16.936+0000] {processor.py:208} INFO - Processing /home/airflow/.local/lib/python3.12/site-packages/airflow/example_dags/example_short_circuit_decorator.py took 0.075 seconds
[2025-07-01T01:54:47.023+0000] {processor.py:186} INFO - Started process (PID=5905) to work on /home/airflow/.local/lib/python3.12/site-packages/airflow/example_dags/example_short_circuit_decorator.py
[2025-07-01T01:54:47.024+0000] {processor.py:914} INFO - Processing file /home/airflow/.local/lib/python3.12/site-packages/airflow/example_dags/example_short_circuit_decorator.py for tasks to queue
[2025-07-01T01:54:47.027+0000] {logging_mixin.py:190} INFO - [2025-07-01T01:54:47.026+0000] {dagbag.py:588} INFO - Filling up the DagBag from /home/airflow/.local/lib/python3.12/site-packages/airflow/example_dags/example_short_circuit_decorator.py
[2025-07-01T01:54:47.037+0000] {processor.py:925} INFO - DAG(s) 'example_short_circuit_decorator' retrieved from /home/airflow/.local/lib/python3.12/site-packages/airflow/example_dags/example_short_circuit_decorator.py
[2025-07-01T01:54:47.062+0000] {logging_mixin.py:190} INFO - [2025-07-01T01:54:47.062+0000] {dag.py:3239} INFO - Sync 1 DAGs
[2025-07-01T01:54:47.077+0000] {logging_mixin.py:190} INFO - [2025-07-01T01:54:47.077+0000] {dag.py:4180} INFO - Setting next_dagrun for example_short_circuit_decorator to None, run_after=None
[2025-07-01T01:54:47.095+0000] {processor.py:208} INFO - Processing /home/airflow/.local/lib/python3.12/site-packages/airflow/example_dags/example_short_circuit_decorator.py took 0.078 seconds
[2025-07-01T01:55:17.936+0000] {processor.py:186} INFO - Started process (PID=5967) to work on /home/airflow/.local/lib/python3.12/site-packages/airflow/example_dags/example_short_circuit_decorator.py
[2025-07-01T01:55:17.938+0000] {processor.py:914} INFO - Processing file /home/airflow/.local/lib/python3.12/site-packages/airflow/example_dags/example_short_circuit_decorator.py for tasks to queue
[2025-07-01T01:55:17.940+0000] {logging_mixin.py:190} INFO - [2025-07-01T01:55:17.940+0000] {dagbag.py:588} INFO - Filling up the DagBag from /home/airflow/.local/lib/python3.12/site-packages/airflow/example_dags/example_short_circuit_decorator.py
[2025-07-01T01:55:17.949+0000] {processor.py:925} INFO - DAG(s) 'example_short_circuit_decorator' retrieved from /home/airflow/.local/lib/python3.12/site-packages/airflow/example_dags/example_short_circuit_decorator.py
[2025-07-01T01:55:17.974+0000] {logging_mixin.py:190} INFO - [2025-07-01T01:55:17.974+0000] {dag.py:3239} INFO - Sync 1 DAGs
[2025-07-01T01:55:17.987+0000] {logging_mixin.py:190} INFO - [2025-07-01T01:55:17.987+0000] {dag.py:4180} INFO - Setting next_dagrun for example_short_circuit_decorator to None, run_after=None
[2025-07-01T01:55:18.006+0000] {processor.py:208} INFO - Processing /home/airflow/.local/lib/python3.12/site-packages/airflow/example_dags/example_short_circuit_decorator.py took 0.077 seconds
[2025-07-01T01:55:48.804+0000] {processor.py:186} INFO - Started process (PID=6029) to work on /home/airflow/.local/lib/python3.12/site-packages/airflow/example_dags/example_short_circuit_decorator.py
[2025-07-01T01:55:48.806+0000] {processor.py:914} INFO - Processing file /home/airflow/.local/lib/python3.12/site-packages/airflow/example_dags/example_short_circuit_decorator.py for tasks to queue
[2025-07-01T01:55:48.810+0000] {logging_mixin.py:190} INFO - [2025-07-01T01:55:48.809+0000] {dagbag.py:588} INFO - Filling up the DagBag from /home/airflow/.local/lib/python3.12/site-packages/airflow/example_dags/example_short_circuit_decorator.py
[2025-07-01T01:55:48.824+0000] {processor.py:925} INFO - DAG(s) 'example_short_circuit_decorator' retrieved from /home/airflow/.local/lib/python3.12/site-packages/airflow/example_dags/example_short_circuit_decorator.py
[2025-07-01T01:55:48.854+0000] {logging_mixin.py:190} INFO - [2025-07-01T01:55:48.854+0000] {dag.py:3239} INFO - Sync 1 DAGs
[2025-07-01T01:55:48.874+0000] {logging_mixin.py:190} INFO - [2025-07-01T01:55:48.873+0000] {dag.py:4180} INFO - Setting next_dagrun for example_short_circuit_decorator to None, run_after=None
[2025-07-01T01:55:48.895+0000] {processor.py:208} INFO - Processing /home/airflow/.local/lib/python3.12/site-packages/airflow/example_dags/example_short_circuit_decorator.py took 0.099 seconds
[2025-07-01T01:56:19.724+0000] {processor.py:186} INFO - Started process (PID=6091) to work on /home/airflow/.local/lib/python3.12/site-packages/airflow/example_dags/example_short_circuit_decorator.py
[2025-07-01T01:56:19.725+0000] {processor.py:914} INFO - Processing file /home/airflow/.local/lib/python3.12/site-packages/airflow/example_dags/example_short_circuit_decorator.py for tasks to queue
[2025-07-01T01:56:19.728+0000] {logging_mixin.py:190} INFO - [2025-07-01T01:56:19.728+0000] {dagbag.py:588} INFO - Filling up the DagBag from /home/airflow/.local/lib/python3.12/site-packages/airflow/example_dags/example_short_circuit_decorator.py
[2025-07-01T01:56:19.738+0000] {processor.py:925} INFO - DAG(s) 'example_short_circuit_decorator' retrieved from /home/airflow/.local/lib/python3.12/site-packages/airflow/example_dags/example_short_circuit_decorator.py
[2025-07-01T01:56:19.763+0000] {logging_mixin.py:190} INFO - [2025-07-01T01:56:19.763+0000] {dag.py:3239} INFO - Sync 1 DAGs
[2025-07-01T01:56:19.778+0000] {logging_mixin.py:190} INFO - [2025-07-01T01:56:19.777+0000] {dag.py:4180} INFO - Setting next_dagrun for example_short_circuit_decorator to None, run_after=None
[2025-07-01T01:56:19.805+0000] {processor.py:208} INFO - Processing /home/airflow/.local/lib/python3.12/site-packages/airflow/example_dags/example_short_circuit_decorator.py took 0.088 seconds
[2025-07-01T01:56:49.873+0000] {processor.py:186} INFO - Started process (PID=6153) to work on /home/airflow/.local/lib/python3.12/site-packages/airflow/example_dags/example_short_circuit_decorator.py
[2025-07-01T01:56:49.874+0000] {processor.py:914} INFO - Processing file /home/airflow/.local/lib/python3.12/site-packages/airflow/example_dags/example_short_circuit_decorator.py for tasks to queue
[2025-07-01T01:56:49.877+0000] {logging_mixin.py:190} INFO - [2025-07-01T01:56:49.876+0000] {dagbag.py:588} INFO - Filling up the DagBag from /home/airflow/.local/lib/python3.12/site-packages/airflow/example_dags/example_short_circuit_decorator.py
[2025-07-01T01:56:49.886+0000] {processor.py:925} INFO - DAG(s) 'example_short_circuit_decorator' retrieved from /home/airflow/.local/lib/python3.12/site-packages/airflow/example_dags/example_short_circuit_decorator.py
[2025-07-01T01:56:49.909+0000] {logging_mixin.py:190} INFO - [2025-07-01T01:56:49.909+0000] {dag.py:3239} INFO - Sync 1 DAGs
[2025-07-01T01:56:49.923+0000] {logging_mixin.py:190} INFO - [2025-07-01T01:56:49.923+0000] {dag.py:4180} INFO - Setting next_dagrun for example_short_circuit_decorator to None, run_after=None
[2025-07-01T01:56:49.941+0000] {processor.py:208} INFO - Processing /home/airflow/.local/lib/python3.12/site-packages/airflow/example_dags/example_short_circuit_decorator.py took 0.073 seconds
[2025-07-01T01:57:20.046+0000] {processor.py:186} INFO - Started process (PID=6215) to work on /home/airflow/.local/lib/python3.12/site-packages/airflow/example_dags/example_short_circuit_decorator.py
[2025-07-01T01:57:20.047+0000] {processor.py:914} INFO - Processing file /home/airflow/.local/lib/python3.12/site-packages/airflow/example_dags/example_short_circuit_decorator.py for tasks to queue
[2025-07-01T01:57:20.050+0000] {logging_mixin.py:190} INFO - [2025-07-01T01:57:20.050+0000] {dagbag.py:588} INFO - Filling up the DagBag from /home/airflow/.local/lib/python3.12/site-packages/airflow/example_dags/example_short_circuit_decorator.py
[2025-07-01T01:57:20.061+0000] {processor.py:925} INFO - DAG(s) 'example_short_circuit_decorator' retrieved from /home/airflow/.local/lib/python3.12/site-packages/airflow/example_dags/example_short_circuit_decorator.py
[2025-07-01T01:57:20.087+0000] {logging_mixin.py:190} INFO - [2025-07-01T01:57:20.087+0000] {dag.py:3239} INFO - Sync 1 DAGs
[2025-07-01T01:57:20.102+0000] {logging_mixin.py:190} INFO - [2025-07-01T01:57:20.102+0000] {dag.py:4180} INFO - Setting next_dagrun for example_short_circuit_decorator to None, run_after=None
[2025-07-01T01:57:20.132+0000] {processor.py:208} INFO - Processing /home/airflow/.local/lib/python3.12/site-packages/airflow/example_dags/example_short_circuit_decorator.py took 0.093 seconds
[2025-07-01T01:57:50.287+0000] {processor.py:186} INFO - Started process (PID=6262) to work on /home/airflow/.local/lib/python3.12/site-packages/airflow/example_dags/example_short_circuit_decorator.py
[2025-07-01T01:57:50.288+0000] {processor.py:914} INFO - Processing file /home/airflow/.local/lib/python3.12/site-packages/airflow/example_dags/example_short_circuit_decorator.py for tasks to queue
[2025-07-01T01:57:50.291+0000] {logging_mixin.py:190} INFO - [2025-07-01T01:57:50.291+0000] {dagbag.py:588} INFO - Filling up the DagBag from /home/airflow/.local/lib/python3.12/site-packages/airflow/example_dags/example_short_circuit_decorator.py
[2025-07-01T01:57:50.302+0000] {processor.py:925} INFO - DAG(s) 'example_short_circuit_decorator' retrieved from /home/airflow/.local/lib/python3.12/site-packages/airflow/example_dags/example_short_circuit_decorator.py
[2025-07-01T01:57:50.325+0000] {logging_mixin.py:190} INFO - [2025-07-01T01:57:50.325+0000] {dag.py:3239} INFO - Sync 1 DAGs
[2025-07-01T01:57:50.339+0000] {logging_mixin.py:190} INFO - [2025-07-01T01:57:50.338+0000] {dag.py:4180} INFO - Setting next_dagrun for example_short_circuit_decorator to None, run_after=None
[2025-07-01T01:57:50.356+0000] {processor.py:208} INFO - Processing /home/airflow/.local/lib/python3.12/site-packages/airflow/example_dags/example_short_circuit_decorator.py took 0.076 seconds
[2025-07-01T01:58:20.424+0000] {processor.py:186} INFO - Started process (PID=6315) to work on /home/airflow/.local/lib/python3.12/site-packages/airflow/example_dags/example_short_circuit_decorator.py
[2025-07-01T01:58:20.425+0000] {processor.py:914} INFO - Processing file /home/airflow/.local/lib/python3.12/site-packages/airflow/example_dags/example_short_circuit_decorator.py for tasks to queue
[2025-07-01T01:58:20.428+0000] {logging_mixin.py:190} INFO - [2025-07-01T01:58:20.428+0000] {dagbag.py:588} INFO - Filling up the DagBag from /home/airflow/.local/lib/python3.12/site-packages/airflow/example_dags/example_short_circuit_decorator.py
[2025-07-01T01:58:20.438+0000] {processor.py:925} INFO - DAG(s) 'example_short_circuit_decorator' retrieved from /home/airflow/.local/lib/python3.12/site-packages/airflow/example_dags/example_short_circuit_decorator.py
[2025-07-01T01:58:20.461+0000] {logging_mixin.py:190} INFO - [2025-07-01T01:58:20.461+0000] {dag.py:3239} INFO - Sync 1 DAGs
[2025-07-01T01:58:20.474+0000] {logging_mixin.py:190} INFO - [2025-07-01T01:58:20.474+0000] {dag.py:4180} INFO - Setting next_dagrun for example_short_circuit_decorator to None, run_after=None
[2025-07-01T01:58:20.492+0000] {processor.py:208} INFO - Processing /home/airflow/.local/lib/python3.12/site-packages/airflow/example_dags/example_short_circuit_decorator.py took 0.074 seconds
[2025-07-01T01:58:50.605+0000] {processor.py:186} INFO - Started process (PID=6371) to work on /home/airflow/.local/lib/python3.12/site-packages/airflow/example_dags/example_short_circuit_decorator.py
[2025-07-01T01:58:50.607+0000] {processor.py:914} INFO - Processing file /home/airflow/.local/lib/python3.12/site-packages/airflow/example_dags/example_short_circuit_decorator.py for tasks to queue
[2025-07-01T01:58:50.612+0000] {logging_mixin.py:190} INFO - [2025-07-01T01:58:50.612+0000] {dagbag.py:588} INFO - Filling up the DagBag from /home/airflow/.local/lib/python3.12/site-packages/airflow/example_dags/example_short_circuit_decorator.py
[2025-07-01T01:58:50.625+0000] {processor.py:925} INFO - DAG(s) 'example_short_circuit_decorator' retrieved from /home/airflow/.local/lib/python3.12/site-packages/airflow/example_dags/example_short_circuit_decorator.py
[2025-07-01T01:58:50.652+0000] {logging_mixin.py:190} INFO - [2025-07-01T01:58:50.652+0000] {dag.py:3239} INFO - Sync 1 DAGs
[2025-07-01T01:58:50.669+0000] {logging_mixin.py:190} INFO - [2025-07-01T01:58:50.668+0000] {dag.py:4180} INFO - Setting next_dagrun for example_short_circuit_decorator to None, run_after=None
[2025-07-01T01:58:50.690+0000] {processor.py:208} INFO - Processing /home/airflow/.local/lib/python3.12/site-packages/airflow/example_dags/example_short_circuit_decorator.py took 0.094 seconds
[2025-07-01T01:59:21.310+0000] {processor.py:186} INFO - Started process (PID=6433) to work on /home/airflow/.local/lib/python3.12/site-packages/airflow/example_dags/example_short_circuit_decorator.py
[2025-07-01T01:59:21.311+0000] {processor.py:914} INFO - Processing file /home/airflow/.local/lib/python3.12/site-packages/airflow/example_dags/example_short_circuit_decorator.py for tasks to queue
[2025-07-01T01:59:21.314+0000] {logging_mixin.py:190} INFO - [2025-07-01T01:59:21.314+0000] {dagbag.py:588} INFO - Filling up the DagBag from /home/airflow/.local/lib/python3.12/site-packages/airflow/example_dags/example_short_circuit_decorator.py
[2025-07-01T01:59:21.324+0000] {processor.py:925} INFO - DAG(s) 'example_short_circuit_decorator' retrieved from /home/airflow/.local/lib/python3.12/site-packages/airflow/example_dags/example_short_circuit_decorator.py
[2025-07-01T01:59:21.348+0000] {logging_mixin.py:190} INFO - [2025-07-01T01:59:21.347+0000] {dag.py:3239} INFO - Sync 1 DAGs
[2025-07-01T01:59:21.363+0000] {logging_mixin.py:190} INFO - [2025-07-01T01:59:21.362+0000] {dag.py:4180} INFO - Setting next_dagrun for example_short_circuit_decorator to None, run_after=None
[2025-07-01T01:59:21.391+0000] {processor.py:208} INFO - Processing /home/airflow/.local/lib/python3.12/site-packages/airflow/example_dags/example_short_circuit_decorator.py took 0.088 seconds
[2025-07-01T01:59:52.246+0000] {processor.py:186} INFO - Started process (PID=6495) to work on /home/airflow/.local/lib/python3.12/site-packages/airflow/example_dags/example_short_circuit_decorator.py
[2025-07-01T01:59:52.247+0000] {processor.py:914} INFO - Processing file /home/airflow/.local/lib/python3.12/site-packages/airflow/example_dags/example_short_circuit_decorator.py for tasks to queue
[2025-07-01T01:59:52.251+0000] {logging_mixin.py:190} INFO - [2025-07-01T01:59:52.250+0000] {dagbag.py:588} INFO - Filling up the DagBag from /home/airflow/.local/lib/python3.12/site-packages/airflow/example_dags/example_short_circuit_decorator.py
[2025-07-01T01:59:52.262+0000] {processor.py:925} INFO - DAG(s) 'example_short_circuit_decorator' retrieved from /home/airflow/.local/lib/python3.12/site-packages/airflow/example_dags/example_short_circuit_decorator.py
[2025-07-01T01:59:52.291+0000] {logging_mixin.py:190} INFO - [2025-07-01T01:59:52.291+0000] {dag.py:3239} INFO - Sync 1 DAGs
[2025-07-01T01:59:52.305+0000] {logging_mixin.py:190} INFO - [2025-07-01T01:59:52.305+0000] {dag.py:4180} INFO - Setting next_dagrun for example_short_circuit_decorator to None, run_after=None
[2025-07-01T01:59:52.324+0000] {processor.py:208} INFO - Processing /home/airflow/.local/lib/python3.12/site-packages/airflow/example_dags/example_short_circuit_decorator.py took 0.086 seconds
[2025-07-01T02:00:22.465+0000] {processor.py:186} INFO - Started process (PID=6557) to work on /home/airflow/.local/lib/python3.12/site-packages/airflow/example_dags/example_short_circuit_decorator.py
[2025-07-01T02:00:22.466+0000] {processor.py:914} INFO - Processing file /home/airflow/.local/lib/python3.12/site-packages/airflow/example_dags/example_short_circuit_decorator.py for tasks to queue
[2025-07-01T02:00:22.469+0000] {logging_mixin.py:190} INFO - [2025-07-01T02:00:22.469+0000] {dagbag.py:588} INFO - Filling up the DagBag from /home/airflow/.local/lib/python3.12/site-packages/airflow/example_dags/example_short_circuit_decorator.py
[2025-07-01T02:00:22.478+0000] {processor.py:925} INFO - DAG(s) 'example_short_circuit_decorator' retrieved from /home/airflow/.local/lib/python3.12/site-packages/airflow/example_dags/example_short_circuit_decorator.py
[2025-07-01T02:00:22.500+0000] {logging_mixin.py:190} INFO - [2025-07-01T02:00:22.500+0000] {dag.py:3239} INFO - Sync 1 DAGs
[2025-07-01T02:00:22.513+0000] {logging_mixin.py:190} INFO - [2025-07-01T02:00:22.513+0000] {dag.py:4180} INFO - Setting next_dagrun for example_short_circuit_decorator to None, run_after=None
[2025-07-01T02:00:22.529+0000] {processor.py:208} INFO - Processing /home/airflow/.local/lib/python3.12/site-packages/airflow/example_dags/example_short_circuit_decorator.py took 0.070 seconds
[2025-07-01T02:00:52.594+0000] {processor.py:186} INFO - Started process (PID=6619) to work on /home/airflow/.local/lib/python3.12/site-packages/airflow/example_dags/example_short_circuit_decorator.py
[2025-07-01T02:00:52.595+0000] {processor.py:914} INFO - Processing file /home/airflow/.local/lib/python3.12/site-packages/airflow/example_dags/example_short_circuit_decorator.py for tasks to queue
[2025-07-01T02:00:52.599+0000] {logging_mixin.py:190} INFO - [2025-07-01T02:00:52.598+0000] {dagbag.py:588} INFO - Filling up the DagBag from /home/airflow/.local/lib/python3.12/site-packages/airflow/example_dags/example_short_circuit_decorator.py
[2025-07-01T02:00:52.610+0000] {processor.py:925} INFO - DAG(s) 'example_short_circuit_decorator' retrieved from /home/airflow/.local/lib/python3.12/site-packages/airflow/example_dags/example_short_circuit_decorator.py
[2025-07-01T02:00:52.634+0000] {logging_mixin.py:190} INFO - [2025-07-01T02:00:52.634+0000] {dag.py:3239} INFO - Sync 1 DAGs
[2025-07-01T02:00:52.649+0000] {logging_mixin.py:190} INFO - [2025-07-01T02:00:52.649+0000] {dag.py:4180} INFO - Setting next_dagrun for example_short_circuit_decorator to None, run_after=None
[2025-07-01T02:00:52.669+0000] {processor.py:208} INFO - Processing /home/airflow/.local/lib/python3.12/site-packages/airflow/example_dags/example_short_circuit_decorator.py took 0.081 seconds
[2025-07-01T02:01:22.795+0000] {processor.py:186} INFO - Started process (PID=6681) to work on /home/airflow/.local/lib/python3.12/site-packages/airflow/example_dags/example_short_circuit_decorator.py
[2025-07-01T02:01:22.796+0000] {processor.py:914} INFO - Processing file /home/airflow/.local/lib/python3.12/site-packages/airflow/example_dags/example_short_circuit_decorator.py for tasks to queue
[2025-07-01T02:01:22.799+0000] {logging_mixin.py:190} INFO - [2025-07-01T02:01:22.799+0000] {dagbag.py:588} INFO - Filling up the DagBag from /home/airflow/.local/lib/python3.12/site-packages/airflow/example_dags/example_short_circuit_decorator.py
[2025-07-01T02:01:22.809+0000] {processor.py:925} INFO - DAG(s) 'example_short_circuit_decorator' retrieved from /home/airflow/.local/lib/python3.12/site-packages/airflow/example_dags/example_short_circuit_decorator.py
[2025-07-01T02:01:22.832+0000] {logging_mixin.py:190} INFO - [2025-07-01T02:01:22.831+0000] {dag.py:3239} INFO - Sync 1 DAGs
[2025-07-01T02:01:22.847+0000] {logging_mixin.py:190} INFO - [2025-07-01T02:01:22.846+0000] {dag.py:4180} INFO - Setting next_dagrun for example_short_circuit_decorator to None, run_after=None
[2025-07-01T02:01:22.868+0000] {processor.py:208} INFO - Processing /home/airflow/.local/lib/python3.12/site-packages/airflow/example_dags/example_short_circuit_decorator.py took 0.079 seconds
[2025-07-01T02:01:53.243+0000] {processor.py:186} INFO - Started process (PID=6743) to work on /home/airflow/.local/lib/python3.12/site-packages/airflow/example_dags/example_short_circuit_decorator.py
[2025-07-01T02:01:53.244+0000] {processor.py:914} INFO - Processing file /home/airflow/.local/lib/python3.12/site-packages/airflow/example_dags/example_short_circuit_decorator.py for tasks to queue
[2025-07-01T02:01:53.247+0000] {logging_mixin.py:190} INFO - [2025-07-01T02:01:53.247+0000] {dagbag.py:588} INFO - Filling up the DagBag from /home/airflow/.local/lib/python3.12/site-packages/airflow/example_dags/example_short_circuit_decorator.py
[2025-07-01T02:01:53.257+0000] {processor.py:925} INFO - DAG(s) 'example_short_circuit_decorator' retrieved from /home/airflow/.local/lib/python3.12/site-packages/airflow/example_dags/example_short_circuit_decorator.py
[2025-07-01T02:01:53.279+0000] {logging_mixin.py:190} INFO - [2025-07-01T02:01:53.278+0000] {dag.py:3239} INFO - Sync 1 DAGs
[2025-07-01T02:01:53.292+0000] {logging_mixin.py:190} INFO - [2025-07-01T02:01:53.292+0000] {dag.py:4180} INFO - Setting next_dagrun for example_short_circuit_decorator to None, run_after=None
[2025-07-01T02:01:53.310+0000] {processor.py:208} INFO - Processing /home/airflow/.local/lib/python3.12/site-packages/airflow/example_dags/example_short_circuit_decorator.py took 0.072 seconds
[2025-07-01T02:02:23.559+0000] {processor.py:186} INFO - Started process (PID=6805) to work on /home/airflow/.local/lib/python3.12/site-packages/airflow/example_dags/example_short_circuit_decorator.py
[2025-07-01T02:02:23.560+0000] {processor.py:914} INFO - Processing file /home/airflow/.local/lib/python3.12/site-packages/airflow/example_dags/example_short_circuit_decorator.py for tasks to queue
[2025-07-01T02:02:23.563+0000] {logging_mixin.py:190} INFO - [2025-07-01T02:02:23.563+0000] {dagbag.py:588} INFO - Filling up the DagBag from /home/airflow/.local/lib/python3.12/site-packages/airflow/example_dags/example_short_circuit_decorator.py
[2025-07-01T02:02:23.573+0000] {processor.py:925} INFO - DAG(s) 'example_short_circuit_decorator' retrieved from /home/airflow/.local/lib/python3.12/site-packages/airflow/example_dags/example_short_circuit_decorator.py
[2025-07-01T02:02:23.596+0000] {logging_mixin.py:190} INFO - [2025-07-01T02:02:23.596+0000] {dag.py:3239} INFO - Sync 1 DAGs
[2025-07-01T02:02:23.611+0000] {logging_mixin.py:190} INFO - [2025-07-01T02:02:23.610+0000] {dag.py:4180} INFO - Setting next_dagrun for example_short_circuit_decorator to None, run_after=None
[2025-07-01T02:02:23.629+0000] {processor.py:208} INFO - Processing /home/airflow/.local/lib/python3.12/site-packages/airflow/example_dags/example_short_circuit_decorator.py took 0.077 seconds
[2025-07-01T02:02:54.516+0000] {processor.py:186} INFO - Started process (PID=6867) to work on /home/airflow/.local/lib/python3.12/site-packages/airflow/example_dags/example_short_circuit_decorator.py
[2025-07-01T02:02:54.518+0000] {processor.py:914} INFO - Processing file /home/airflow/.local/lib/python3.12/site-packages/airflow/example_dags/example_short_circuit_decorator.py for tasks to queue
[2025-07-01T02:02:54.522+0000] {logging_mixin.py:190} INFO - [2025-07-01T02:02:54.522+0000] {dagbag.py:588} INFO - Filling up the DagBag from /home/airflow/.local/lib/python3.12/site-packages/airflow/example_dags/example_short_circuit_decorator.py
[2025-07-01T02:02:54.533+0000] {processor.py:925} INFO - DAG(s) 'example_short_circuit_decorator' retrieved from /home/airflow/.local/lib/python3.12/site-packages/airflow/example_dags/example_short_circuit_decorator.py
[2025-07-01T02:02:54.556+0000] {logging_mixin.py:190} INFO - [2025-07-01T02:02:54.556+0000] {dag.py:3239} INFO - Sync 1 DAGs
[2025-07-01T02:02:54.571+0000] {logging_mixin.py:190} INFO - [2025-07-01T02:02:54.571+0000] {dag.py:4180} INFO - Setting next_dagrun for example_short_circuit_decorator to None, run_after=None
[2025-07-01T02:02:54.601+0000] {processor.py:208} INFO - Processing /home/airflow/.local/lib/python3.12/site-packages/airflow/example_dags/example_short_circuit_decorator.py took 0.092 seconds
[2025-07-01T02:03:25.520+0000] {processor.py:186} INFO - Started process (PID=6929) to work on /home/airflow/.local/lib/python3.12/site-packages/airflow/example_dags/example_short_circuit_decorator.py
[2025-07-01T02:03:25.521+0000] {processor.py:914} INFO - Processing file /home/airflow/.local/lib/python3.12/site-packages/airflow/example_dags/example_short_circuit_decorator.py for tasks to queue
[2025-07-01T02:03:25.525+0000] {logging_mixin.py:190} INFO - [2025-07-01T02:03:25.524+0000] {dagbag.py:588} INFO - Filling up the DagBag from /home/airflow/.local/lib/python3.12/site-packages/airflow/example_dags/example_short_circuit_decorator.py
[2025-07-01T02:03:25.535+0000] {processor.py:925} INFO - DAG(s) 'example_short_circuit_decorator' retrieved from /home/airflow/.local/lib/python3.12/site-packages/airflow/example_dags/example_short_circuit_decorator.py
[2025-07-01T02:03:25.562+0000] {logging_mixin.py:190} INFO - [2025-07-01T02:03:25.562+0000] {dag.py:3239} INFO - Sync 1 DAGs
[2025-07-01T02:03:25.576+0000] {logging_mixin.py:190} INFO - [2025-07-01T02:03:25.576+0000] {dag.py:4180} INFO - Setting next_dagrun for example_short_circuit_decorator to None, run_after=None
[2025-07-01T02:03:25.598+0000] {processor.py:208} INFO - Processing /home/airflow/.local/lib/python3.12/site-packages/airflow/example_dags/example_short_circuit_decorator.py took 0.085 seconds
[2025-07-01T02:03:55.887+0000] {processor.py:186} INFO - Started process (PID=6991) to work on /home/airflow/.local/lib/python3.12/site-packages/airflow/example_dags/example_short_circuit_decorator.py
[2025-07-01T02:03:55.888+0000] {processor.py:914} INFO - Processing file /home/airflow/.local/lib/python3.12/site-packages/airflow/example_dags/example_short_circuit_decorator.py for tasks to queue
[2025-07-01T02:03:55.892+0000] {logging_mixin.py:190} INFO - [2025-07-01T02:03:55.891+0000] {dagbag.py:588} INFO - Filling up the DagBag from /home/airflow/.local/lib/python3.12/site-packages/airflow/example_dags/example_short_circuit_decorator.py
[2025-07-01T02:03:55.903+0000] {processor.py:925} INFO - DAG(s) 'example_short_circuit_decorator' retrieved from /home/airflow/.local/lib/python3.12/site-packages/airflow/example_dags/example_short_circuit_decorator.py
[2025-07-01T02:03:55.927+0000] {logging_mixin.py:190} INFO - [2025-07-01T02:03:55.926+0000] {dag.py:3239} INFO - Sync 1 DAGs
[2025-07-01T02:03:55.939+0000] {logging_mixin.py:190} INFO - [2025-07-01T02:03:55.939+0000] {dag.py:4180} INFO - Setting next_dagrun for example_short_circuit_decorator to None, run_after=None
[2025-07-01T02:03:55.965+0000] {processor.py:208} INFO - Processing /home/airflow/.local/lib/python3.12/site-packages/airflow/example_dags/example_short_circuit_decorator.py took 0.086 seconds
[2025-07-01T02:04:26.331+0000] {processor.py:186} INFO - Started process (PID=7053) to work on /home/airflow/.local/lib/python3.12/site-packages/airflow/example_dags/example_short_circuit_decorator.py
[2025-07-01T02:04:26.332+0000] {processor.py:914} INFO - Processing file /home/airflow/.local/lib/python3.12/site-packages/airflow/example_dags/example_short_circuit_decorator.py for tasks to queue
[2025-07-01T02:04:26.337+0000] {logging_mixin.py:190} INFO - [2025-07-01T02:04:26.337+0000] {dagbag.py:588} INFO - Filling up the DagBag from /home/airflow/.local/lib/python3.12/site-packages/airflow/example_dags/example_short_circuit_decorator.py
[2025-07-01T02:04:26.350+0000] {processor.py:925} INFO - DAG(s) 'example_short_circuit_decorator' retrieved from /home/airflow/.local/lib/python3.12/site-packages/airflow/example_dags/example_short_circuit_decorator.py
[2025-07-01T02:04:26.375+0000] {logging_mixin.py:190} INFO - [2025-07-01T02:04:26.374+0000] {dag.py:3239} INFO - Sync 1 DAGs
[2025-07-01T02:04:26.390+0000] {logging_mixin.py:190} INFO - [2025-07-01T02:04:26.390+0000] {dag.py:4180} INFO - Setting next_dagrun for example_short_circuit_decorator to None, run_after=None
[2025-07-01T02:04:26.412+0000] {processor.py:208} INFO - Processing /home/airflow/.local/lib/python3.12/site-packages/airflow/example_dags/example_short_circuit_decorator.py took 0.089 seconds
[2025-07-01T02:04:56.749+0000] {processor.py:186} INFO - Started process (PID=7115) to work on /home/airflow/.local/lib/python3.12/site-packages/airflow/example_dags/example_short_circuit_decorator.py
[2025-07-01T02:04:56.750+0000] {processor.py:914} INFO - Processing file /home/airflow/.local/lib/python3.12/site-packages/airflow/example_dags/example_short_circuit_decorator.py for tasks to queue
[2025-07-01T02:04:56.754+0000] {logging_mixin.py:190} INFO - [2025-07-01T02:04:56.753+0000] {dagbag.py:588} INFO - Filling up the DagBag from /home/airflow/.local/lib/python3.12/site-packages/airflow/example_dags/example_short_circuit_decorator.py
[2025-07-01T02:04:56.764+0000] {processor.py:925} INFO - DAG(s) 'example_short_circuit_decorator' retrieved from /home/airflow/.local/lib/python3.12/site-packages/airflow/example_dags/example_short_circuit_decorator.py
[2025-07-01T02:04:56.790+0000] {logging_mixin.py:190} INFO - [2025-07-01T02:04:56.790+0000] {dag.py:3239} INFO - Sync 1 DAGs
[2025-07-01T02:04:56.806+0000] {logging_mixin.py:190} INFO - [2025-07-01T02:04:56.806+0000] {dag.py:4180} INFO - Setting next_dagrun for example_short_circuit_decorator to None, run_after=None
[2025-07-01T02:04:56.822+0000] {processor.py:208} INFO - Processing /home/airflow/.local/lib/python3.12/site-packages/airflow/example_dags/example_short_circuit_decorator.py took 0.080 seconds
[2025-07-01T02:05:27.103+0000] {processor.py:186} INFO - Started process (PID=7177) to work on /home/airflow/.local/lib/python3.12/site-packages/airflow/example_dags/example_short_circuit_decorator.py
[2025-07-01T02:05:27.104+0000] {processor.py:914} INFO - Processing file /home/airflow/.local/lib/python3.12/site-packages/airflow/example_dags/example_short_circuit_decorator.py for tasks to queue
[2025-07-01T02:05:27.107+0000] {logging_mixin.py:190} INFO - [2025-07-01T02:05:27.107+0000] {dagbag.py:588} INFO - Filling up the DagBag from /home/airflow/.local/lib/python3.12/site-packages/airflow/example_dags/example_short_circuit_decorator.py
[2025-07-01T02:05:27.117+0000] {processor.py:925} INFO - DAG(s) 'example_short_circuit_decorator' retrieved from /home/airflow/.local/lib/python3.12/site-packages/airflow/example_dags/example_short_circuit_decorator.py
[2025-07-01T02:05:27.139+0000] {logging_mixin.py:190} INFO - [2025-07-01T02:05:27.139+0000] {dag.py:3239} INFO - Sync 1 DAGs
[2025-07-01T02:05:27.158+0000] {logging_mixin.py:190} INFO - [2025-07-01T02:05:27.158+0000] {dag.py:4180} INFO - Setting next_dagrun for example_short_circuit_decorator to None, run_after=None
[2025-07-01T02:05:27.176+0000] {processor.py:208} INFO - Processing /home/airflow/.local/lib/python3.12/site-packages/airflow/example_dags/example_short_circuit_decorator.py took 0.079 seconds
[2025-07-01T02:05:57.724+0000] {processor.py:186} INFO - Started process (PID=7239) to work on /home/airflow/.local/lib/python3.12/site-packages/airflow/example_dags/example_short_circuit_decorator.py
[2025-07-01T02:05:57.725+0000] {processor.py:914} INFO - Processing file /home/airflow/.local/lib/python3.12/site-packages/airflow/example_dags/example_short_circuit_decorator.py for tasks to queue
[2025-07-01T02:05:57.729+0000] {logging_mixin.py:190} INFO - [2025-07-01T02:05:57.728+0000] {dagbag.py:588} INFO - Filling up the DagBag from /home/airflow/.local/lib/python3.12/site-packages/airflow/example_dags/example_short_circuit_decorator.py
[2025-07-01T02:05:57.740+0000] {processor.py:925} INFO - DAG(s) 'example_short_circuit_decorator' retrieved from /home/airflow/.local/lib/python3.12/site-packages/airflow/example_dags/example_short_circuit_decorator.py
[2025-07-01T02:05:57.765+0000] {logging_mixin.py:190} INFO - [2025-07-01T02:05:57.765+0000] {dag.py:3239} INFO - Sync 1 DAGs
[2025-07-01T02:05:57.782+0000] {logging_mixin.py:190} INFO - [2025-07-01T02:05:57.781+0000] {dag.py:4180} INFO - Setting next_dagrun for example_short_circuit_decorator to None, run_after=None
[2025-07-01T02:05:57.800+0000] {processor.py:208} INFO - Processing /home/airflow/.local/lib/python3.12/site-packages/airflow/example_dags/example_short_circuit_decorator.py took 0.083 seconds
[2025-07-01T02:06:28.530+0000] {processor.py:186} INFO - Started process (PID=7300) to work on /home/airflow/.local/lib/python3.12/site-packages/airflow/example_dags/example_short_circuit_decorator.py
[2025-07-01T02:06:28.532+0000] {processor.py:914} INFO - Processing file /home/airflow/.local/lib/python3.12/site-packages/airflow/example_dags/example_short_circuit_decorator.py for tasks to queue
[2025-07-01T02:06:28.539+0000] {logging_mixin.py:190} INFO - [2025-07-01T02:06:28.538+0000] {dagbag.py:588} INFO - Filling up the DagBag from /home/airflow/.local/lib/python3.12/site-packages/airflow/example_dags/example_short_circuit_decorator.py
[2025-07-01T02:06:28.555+0000] {processor.py:925} INFO - DAG(s) 'example_short_circuit_decorator' retrieved from /home/airflow/.local/lib/python3.12/site-packages/airflow/example_dags/example_short_circuit_decorator.py
[2025-07-01T02:06:28.583+0000] {logging_mixin.py:190} INFO - [2025-07-01T02:06:28.582+0000] {dag.py:3239} INFO - Sync 1 DAGs
[2025-07-01T02:06:28.599+0000] {logging_mixin.py:190} INFO - [2025-07-01T02:06:28.599+0000] {dag.py:4180} INFO - Setting next_dagrun for example_short_circuit_decorator to None, run_after=None
[2025-07-01T02:06:28.619+0000] {processor.py:208} INFO - Processing /home/airflow/.local/lib/python3.12/site-packages/airflow/example_dags/example_short_circuit_decorator.py took 0.101 seconds
[2025-07-01T02:06:58.850+0000] {processor.py:186} INFO - Started process (PID=7362) to work on /home/airflow/.local/lib/python3.12/site-packages/airflow/example_dags/example_short_circuit_decorator.py
[2025-07-01T02:06:58.852+0000] {processor.py:914} INFO - Processing file /home/airflow/.local/lib/python3.12/site-packages/airflow/example_dags/example_short_circuit_decorator.py for tasks to queue
[2025-07-01T02:06:58.856+0000] {logging_mixin.py:190} INFO - [2025-07-01T02:06:58.856+0000] {dagbag.py:588} INFO - Filling up the DagBag from /home/airflow/.local/lib/python3.12/site-packages/airflow/example_dags/example_short_circuit_decorator.py
[2025-07-01T02:06:58.869+0000] {processor.py:925} INFO - DAG(s) 'example_short_circuit_decorator' retrieved from /home/airflow/.local/lib/python3.12/site-packages/airflow/example_dags/example_short_circuit_decorator.py
[2025-07-01T02:06:58.895+0000] {logging_mixin.py:190} INFO - [2025-07-01T02:06:58.895+0000] {dag.py:3239} INFO - Sync 1 DAGs
[2025-07-01T02:06:58.912+0000] {logging_mixin.py:190} INFO - [2025-07-01T02:06:58.912+0000] {dag.py:4180} INFO - Setting next_dagrun for example_short_circuit_decorator to None, run_after=None
[2025-07-01T02:06:58.933+0000] {processor.py:208} INFO - Processing /home/airflow/.local/lib/python3.12/site-packages/airflow/example_dags/example_short_circuit_decorator.py took 0.093 seconds
[2025-07-01T02:07:29.239+0000] {processor.py:186} INFO - Started process (PID=7425) to work on /home/airflow/.local/lib/python3.12/site-packages/airflow/example_dags/example_short_circuit_decorator.py
[2025-07-01T02:07:29.240+0000] {processor.py:914} INFO - Processing file /home/airflow/.local/lib/python3.12/site-packages/airflow/example_dags/example_short_circuit_decorator.py for tasks to queue
[2025-07-01T02:07:29.243+0000] {logging_mixin.py:190} INFO - [2025-07-01T02:07:29.243+0000] {dagbag.py:588} INFO - Filling up the DagBag from /home/airflow/.local/lib/python3.12/site-packages/airflow/example_dags/example_short_circuit_decorator.py
[2025-07-01T02:07:29.252+0000] {processor.py:925} INFO - DAG(s) 'example_short_circuit_decorator' retrieved from /home/airflow/.local/lib/python3.12/site-packages/airflow/example_dags/example_short_circuit_decorator.py
[2025-07-01T02:07:29.277+0000] {logging_mixin.py:190} INFO - [2025-07-01T02:07:29.276+0000] {dag.py:3239} INFO - Sync 1 DAGs
[2025-07-01T02:07:29.291+0000] {logging_mixin.py:190} INFO - [2025-07-01T02:07:29.291+0000] {dag.py:4180} INFO - Setting next_dagrun for example_short_circuit_decorator to None, run_after=None
[2025-07-01T02:07:29.309+0000] {processor.py:208} INFO - Processing /home/airflow/.local/lib/python3.12/site-packages/airflow/example_dags/example_short_circuit_decorator.py took 0.076 seconds
[2025-07-01T02:07:59.700+0000] {processor.py:186} INFO - Started process (PID=7487) to work on /home/airflow/.local/lib/python3.12/site-packages/airflow/example_dags/example_short_circuit_decorator.py
[2025-07-01T02:07:59.701+0000] {processor.py:914} INFO - Processing file /home/airflow/.local/lib/python3.12/site-packages/airflow/example_dags/example_short_circuit_decorator.py for tasks to queue
[2025-07-01T02:07:59.706+0000] {logging_mixin.py:190} INFO - [2025-07-01T02:07:59.705+0000] {dagbag.py:588} INFO - Filling up the DagBag from /home/airflow/.local/lib/python3.12/site-packages/airflow/example_dags/example_short_circuit_decorator.py
[2025-07-01T02:07:59.716+0000] {processor.py:925} INFO - DAG(s) 'example_short_circuit_decorator' retrieved from /home/airflow/.local/lib/python3.12/site-packages/airflow/example_dags/example_short_circuit_decorator.py
[2025-07-01T02:07:59.742+0000] {logging_mixin.py:190} INFO - [2025-07-01T02:07:59.742+0000] {dag.py:3239} INFO - Sync 1 DAGs
[2025-07-01T02:07:59.759+0000] {logging_mixin.py:190} INFO - [2025-07-01T02:07:59.759+0000] {dag.py:4180} INFO - Setting next_dagrun for example_short_circuit_decorator to None, run_after=None
[2025-07-01T02:07:59.787+0000] {processor.py:208} INFO - Processing /home/airflow/.local/lib/python3.12/site-packages/airflow/example_dags/example_short_circuit_decorator.py took 0.093 seconds
[2025-07-01T02:08:30.064+0000] {processor.py:186} INFO - Started process (PID=7549) to work on /home/airflow/.local/lib/python3.12/site-packages/airflow/example_dags/example_short_circuit_decorator.py
[2025-07-01T02:08:30.065+0000] {processor.py:914} INFO - Processing file /home/airflow/.local/lib/python3.12/site-packages/airflow/example_dags/example_short_circuit_decorator.py for tasks to queue
[2025-07-01T02:08:30.068+0000] {logging_mixin.py:190} INFO - [2025-07-01T02:08:30.068+0000] {dagbag.py:588} INFO - Filling up the DagBag from /home/airflow/.local/lib/python3.12/site-packages/airflow/example_dags/example_short_circuit_decorator.py
[2025-07-01T02:08:30.078+0000] {processor.py:925} INFO - DAG(s) 'example_short_circuit_decorator' retrieved from /home/airflow/.local/lib/python3.12/site-packages/airflow/example_dags/example_short_circuit_decorator.py
[2025-07-01T02:08:30.103+0000] {logging_mixin.py:190} INFO - [2025-07-01T02:08:30.103+0000] {dag.py:3239} INFO - Sync 1 DAGs
[2025-07-01T02:08:30.116+0000] {logging_mixin.py:190} INFO - [2025-07-01T02:08:30.116+0000] {dag.py:4180} INFO - Setting next_dagrun for example_short_circuit_decorator to None, run_after=None
[2025-07-01T02:08:30.137+0000] {processor.py:208} INFO - Processing /home/airflow/.local/lib/python3.12/site-packages/airflow/example_dags/example_short_circuit_decorator.py took 0.080 seconds
[2025-07-01T02:09:00.524+0000] {processor.py:186} INFO - Started process (PID=7611) to work on /home/airflow/.local/lib/python3.12/site-packages/airflow/example_dags/example_short_circuit_decorator.py
[2025-07-01T02:09:00.525+0000] {processor.py:914} INFO - Processing file /home/airflow/.local/lib/python3.12/site-packages/airflow/example_dags/example_short_circuit_decorator.py for tasks to queue
[2025-07-01T02:09:00.529+0000] {logging_mixin.py:190} INFO - [2025-07-01T02:09:00.529+0000] {dagbag.py:588} INFO - Filling up the DagBag from /home/airflow/.local/lib/python3.12/site-packages/airflow/example_dags/example_short_circuit_decorator.py
[2025-07-01T02:09:00.539+0000] {processor.py:925} INFO - DAG(s) 'example_short_circuit_decorator' retrieved from /home/airflow/.local/lib/python3.12/site-packages/airflow/example_dags/example_short_circuit_decorator.py
[2025-07-01T02:09:00.561+0000] {logging_mixin.py:190} INFO - [2025-07-01T02:09:00.560+0000] {dag.py:3239} INFO - Sync 1 DAGs
[2025-07-01T02:09:00.575+0000] {logging_mixin.py:190} INFO - [2025-07-01T02:09:00.575+0000] {dag.py:4180} INFO - Setting next_dagrun for example_short_circuit_decorator to None, run_after=None
[2025-07-01T02:09:00.592+0000] {processor.py:208} INFO - Processing /home/airflow/.local/lib/python3.12/site-packages/airflow/example_dags/example_short_circuit_decorator.py took 0.074 seconds
[2025-07-01T02:09:30.857+0000] {processor.py:186} INFO - Started process (PID=7673) to work on /home/airflow/.local/lib/python3.12/site-packages/airflow/example_dags/example_short_circuit_decorator.py
[2025-07-01T02:09:30.859+0000] {processor.py:914} INFO - Processing file /home/airflow/.local/lib/python3.12/site-packages/airflow/example_dags/example_short_circuit_decorator.py for tasks to queue
[2025-07-01T02:09:30.864+0000] {logging_mixin.py:190} INFO - [2025-07-01T02:09:30.863+0000] {dagbag.py:588} INFO - Filling up the DagBag from /home/airflow/.local/lib/python3.12/site-packages/airflow/example_dags/example_short_circuit_decorator.py
[2025-07-01T02:09:30.876+0000] {processor.py:925} INFO - DAG(s) 'example_short_circuit_decorator' retrieved from /home/airflow/.local/lib/python3.12/site-packages/airflow/example_dags/example_short_circuit_decorator.py
[2025-07-01T02:09:30.903+0000] {logging_mixin.py:190} INFO - [2025-07-01T02:09:30.903+0000] {dag.py:3239} INFO - Sync 1 DAGs
[2025-07-01T02:09:30.919+0000] {logging_mixin.py:190} INFO - [2025-07-01T02:09:30.919+0000] {dag.py:4180} INFO - Setting next_dagrun for example_short_circuit_decorator to None, run_after=None
[2025-07-01T02:09:30.942+0000] {processor.py:208} INFO - Processing /home/airflow/.local/lib/python3.12/site-packages/airflow/example_dags/example_short_circuit_decorator.py took 0.097 seconds
[2025-07-01T02:10:01.662+0000] {processor.py:186} INFO - Started process (PID=7742) to work on /home/airflow/.local/lib/python3.12/site-packages/airflow/example_dags/example_short_circuit_decorator.py
[2025-07-01T02:10:01.663+0000] {processor.py:914} INFO - Processing file /home/airflow/.local/lib/python3.12/site-packages/airflow/example_dags/example_short_circuit_decorator.py for tasks to queue
[2025-07-01T02:10:01.667+0000] {logging_mixin.py:190} INFO - [2025-07-01T02:10:01.666+0000] {dagbag.py:588} INFO - Filling up the DagBag from /home/airflow/.local/lib/python3.12/site-packages/airflow/example_dags/example_short_circuit_decorator.py
[2025-07-01T02:10:01.678+0000] {processor.py:925} INFO - DAG(s) 'example_short_circuit_decorator' retrieved from /home/airflow/.local/lib/python3.12/site-packages/airflow/example_dags/example_short_circuit_decorator.py
[2025-07-01T02:10:01.702+0000] {logging_mixin.py:190} INFO - [2025-07-01T02:10:01.702+0000] {dag.py:3239} INFO - Sync 1 DAGs
[2025-07-01T02:10:01.717+0000] {logging_mixin.py:190} INFO - [2025-07-01T02:10:01.717+0000] {dag.py:4180} INFO - Setting next_dagrun for example_short_circuit_decorator to None, run_after=None
[2025-07-01T02:10:01.734+0000] {processor.py:208} INFO - Processing /home/airflow/.local/lib/python3.12/site-packages/airflow/example_dags/example_short_circuit_decorator.py took 0.080 seconds
[2025-07-01T02:10:32.299+0000] {processor.py:186} INFO - Started process (PID=7804) to work on /home/airflow/.local/lib/python3.12/site-packages/airflow/example_dags/example_short_circuit_decorator.py
[2025-07-01T02:10:32.300+0000] {processor.py:914} INFO - Processing file /home/airflow/.local/lib/python3.12/site-packages/airflow/example_dags/example_short_circuit_decorator.py for tasks to queue
[2025-07-01T02:10:32.303+0000] {logging_mixin.py:190} INFO - [2025-07-01T02:10:32.302+0000] {dagbag.py:588} INFO - Filling up the DagBag from /home/airflow/.local/lib/python3.12/site-packages/airflow/example_dags/example_short_circuit_decorator.py
[2025-07-01T02:10:32.312+0000] {processor.py:925} INFO - DAG(s) 'example_short_circuit_decorator' retrieved from /home/airflow/.local/lib/python3.12/site-packages/airflow/example_dags/example_short_circuit_decorator.py
[2025-07-01T02:10:32.334+0000] {logging_mixin.py:190} INFO - [2025-07-01T02:10:32.334+0000] {dag.py:3239} INFO - Sync 1 DAGs
[2025-07-01T02:10:32.348+0000] {logging_mixin.py:190} INFO - [2025-07-01T02:10:32.348+0000] {dag.py:4180} INFO - Setting next_dagrun for example_short_circuit_decorator to None, run_after=None
[2025-07-01T02:10:32.375+0000] {processor.py:208} INFO - Processing /home/airflow/.local/lib/python3.12/site-packages/airflow/example_dags/example_short_circuit_decorator.py took 0.082 seconds
[2025-07-01T02:11:03.241+0000] {processor.py:186} INFO - Started process (PID=7866) to work on /home/airflow/.local/lib/python3.12/site-packages/airflow/example_dags/example_short_circuit_decorator.py
[2025-07-01T02:11:03.242+0000] {processor.py:914} INFO - Processing file /home/airflow/.local/lib/python3.12/site-packages/airflow/example_dags/example_short_circuit_decorator.py for tasks to queue
[2025-07-01T02:11:03.246+0000] {logging_mixin.py:190} INFO - [2025-07-01T02:11:03.246+0000] {dagbag.py:588} INFO - Filling up the DagBag from /home/airflow/.local/lib/python3.12/site-packages/airflow/example_dags/example_short_circuit_decorator.py
[2025-07-01T02:11:03.261+0000] {processor.py:925} INFO - DAG(s) 'example_short_circuit_decorator' retrieved from /home/airflow/.local/lib/python3.12/site-packages/airflow/example_dags/example_short_circuit_decorator.py
[2025-07-01T02:11:03.291+0000] {logging_mixin.py:190} INFO - [2025-07-01T02:11:03.291+0000] {dag.py:3239} INFO - Sync 1 DAGs
[2025-07-01T02:11:03.312+0000] {logging_mixin.py:190} INFO - [2025-07-01T02:11:03.311+0000] {dag.py:4180} INFO - Setting next_dagrun for example_short_circuit_decorator to None, run_after=None
[2025-07-01T02:11:03.338+0000] {processor.py:208} INFO - Processing /home/airflow/.local/lib/python3.12/site-packages/airflow/example_dags/example_short_circuit_decorator.py took 0.103 seconds
[2025-07-01T02:11:34.004+0000] {processor.py:186} INFO - Started process (PID=7928) to work on /home/airflow/.local/lib/python3.12/site-packages/airflow/example_dags/example_short_circuit_decorator.py
[2025-07-01T02:11:34.005+0000] {processor.py:914} INFO - Processing file /home/airflow/.local/lib/python3.12/site-packages/airflow/example_dags/example_short_circuit_decorator.py for tasks to queue
[2025-07-01T02:11:34.008+0000] {logging_mixin.py:190} INFO - [2025-07-01T02:11:34.008+0000] {dagbag.py:588} INFO - Filling up the DagBag from /home/airflow/.local/lib/python3.12/site-packages/airflow/example_dags/example_short_circuit_decorator.py
[2025-07-01T02:11:34.018+0000] {processor.py:925} INFO - DAG(s) 'example_short_circuit_decorator' retrieved from /home/airflow/.local/lib/python3.12/site-packages/airflow/example_dags/example_short_circuit_decorator.py
[2025-07-01T02:11:34.042+0000] {logging_mixin.py:190} INFO - [2025-07-01T02:11:34.041+0000] {dag.py:3239} INFO - Sync 1 DAGs
[2025-07-01T02:11:34.057+0000] {logging_mixin.py:190} INFO - [2025-07-01T02:11:34.057+0000] {dag.py:4180} INFO - Setting next_dagrun for example_short_circuit_decorator to None, run_after=None
[2025-07-01T02:11:34.076+0000] {processor.py:208} INFO - Processing /home/airflow/.local/lib/python3.12/site-packages/airflow/example_dags/example_short_circuit_decorator.py took 0.078 seconds
[2025-07-01T02:12:04.864+0000] {processor.py:186} INFO - Started process (PID=7990) to work on /home/airflow/.local/lib/python3.12/site-packages/airflow/example_dags/example_short_circuit_decorator.py
[2025-07-01T02:12:04.866+0000] {processor.py:914} INFO - Processing file /home/airflow/.local/lib/python3.12/site-packages/airflow/example_dags/example_short_circuit_decorator.py for tasks to queue
[2025-07-01T02:12:04.871+0000] {logging_mixin.py:190} INFO - [2025-07-01T02:12:04.870+0000] {dagbag.py:588} INFO - Filling up the DagBag from /home/airflow/.local/lib/python3.12/site-packages/airflow/example_dags/example_short_circuit_decorator.py
[2025-07-01T02:12:04.903+0000] {processor.py:925} INFO - DAG(s) 'example_short_circuit_decorator' retrieved from /home/airflow/.local/lib/python3.12/site-packages/airflow/example_dags/example_short_circuit_decorator.py
[2025-07-01T02:12:04.948+0000] {logging_mixin.py:190} INFO - [2025-07-01T02:12:04.947+0000] {dag.py:3239} INFO - Sync 1 DAGs
[2025-07-01T02:12:04.991+0000] {logging_mixin.py:190} INFO - [2025-07-01T02:12:04.991+0000] {dag.py:4180} INFO - Setting next_dagrun for example_short_circuit_decorator to None, run_after=None
[2025-07-01T02:12:05.021+0000] {processor.py:208} INFO - Processing /home/airflow/.local/lib/python3.12/site-packages/airflow/example_dags/example_short_circuit_decorator.py took 0.169 seconds
[2025-07-01T02:12:35.827+0000] {processor.py:186} INFO - Started process (PID=8052) to work on /home/airflow/.local/lib/python3.12/site-packages/airflow/example_dags/example_short_circuit_decorator.py
[2025-07-01T02:12:35.828+0000] {processor.py:914} INFO - Processing file /home/airflow/.local/lib/python3.12/site-packages/airflow/example_dags/example_short_circuit_decorator.py for tasks to queue
[2025-07-01T02:12:35.831+0000] {logging_mixin.py:190} INFO - [2025-07-01T02:12:35.831+0000] {dagbag.py:588} INFO - Filling up the DagBag from /home/airflow/.local/lib/python3.12/site-packages/airflow/example_dags/example_short_circuit_decorator.py
[2025-07-01T02:12:35.840+0000] {processor.py:925} INFO - DAG(s) 'example_short_circuit_decorator' retrieved from /home/airflow/.local/lib/python3.12/site-packages/airflow/example_dags/example_short_circuit_decorator.py
[2025-07-01T02:12:35.862+0000] {logging_mixin.py:190} INFO - [2025-07-01T02:12:35.861+0000] {dag.py:3239} INFO - Sync 1 DAGs
[2025-07-01T02:12:35.876+0000] {logging_mixin.py:190} INFO - [2025-07-01T02:12:35.875+0000] {dag.py:4180} INFO - Setting next_dagrun for example_short_circuit_decorator to None, run_after=None
[2025-07-01T02:12:35.893+0000] {processor.py:208} INFO - Processing /home/airflow/.local/lib/python3.12/site-packages/airflow/example_dags/example_short_circuit_decorator.py took 0.074 seconds
[2025-07-01T02:13:06.136+0000] {processor.py:186} INFO - Started process (PID=8114) to work on /home/airflow/.local/lib/python3.12/site-packages/airflow/example_dags/example_short_circuit_decorator.py
[2025-07-01T02:13:06.137+0000] {processor.py:914} INFO - Processing file /home/airflow/.local/lib/python3.12/site-packages/airflow/example_dags/example_short_circuit_decorator.py for tasks to queue
[2025-07-01T02:13:06.140+0000] {logging_mixin.py:190} INFO - [2025-07-01T02:13:06.140+0000] {dagbag.py:588} INFO - Filling up the DagBag from /home/airflow/.local/lib/python3.12/site-packages/airflow/example_dags/example_short_circuit_decorator.py
[2025-07-01T02:13:06.149+0000] {processor.py:925} INFO - DAG(s) 'example_short_circuit_decorator' retrieved from /home/airflow/.local/lib/python3.12/site-packages/airflow/example_dags/example_short_circuit_decorator.py
[2025-07-01T02:13:06.172+0000] {logging_mixin.py:190} INFO - [2025-07-01T02:13:06.172+0000] {dag.py:3239} INFO - Sync 1 DAGs
[2025-07-01T02:13:06.187+0000] {logging_mixin.py:190} INFO - [2025-07-01T02:13:06.187+0000] {dag.py:4180} INFO - Setting next_dagrun for example_short_circuit_decorator to None, run_after=None
[2025-07-01T02:13:06.205+0000] {processor.py:208} INFO - Processing /home/airflow/.local/lib/python3.12/site-packages/airflow/example_dags/example_short_circuit_decorator.py took 0.075 seconds
[2025-07-01T02:13:36.465+0000] {processor.py:186} INFO - Started process (PID=8176) to work on /home/airflow/.local/lib/python3.12/site-packages/airflow/example_dags/example_short_circuit_decorator.py
[2025-07-01T02:13:36.466+0000] {processor.py:914} INFO - Processing file /home/airflow/.local/lib/python3.12/site-packages/airflow/example_dags/example_short_circuit_decorator.py for tasks to queue
[2025-07-01T02:13:36.470+0000] {logging_mixin.py:190} INFO - [2025-07-01T02:13:36.469+0000] {dagbag.py:588} INFO - Filling up the DagBag from /home/airflow/.local/lib/python3.12/site-packages/airflow/example_dags/example_short_circuit_decorator.py
[2025-07-01T02:13:36.481+0000] {processor.py:925} INFO - DAG(s) 'example_short_circuit_decorator' retrieved from /home/airflow/.local/lib/python3.12/site-packages/airflow/example_dags/example_short_circuit_decorator.py
[2025-07-01T02:13:36.505+0000] {logging_mixin.py:190} INFO - [2025-07-01T02:13:36.505+0000] {dag.py:3239} INFO - Sync 1 DAGs
[2025-07-01T02:13:36.521+0000] {logging_mixin.py:190} INFO - [2025-07-01T02:13:36.521+0000] {dag.py:4180} INFO - Setting next_dagrun for example_short_circuit_decorator to None, run_after=None
[2025-07-01T02:13:36.540+0000] {processor.py:208} INFO - Processing /home/airflow/.local/lib/python3.12/site-packages/airflow/example_dags/example_short_circuit_decorator.py took 0.081 seconds
[2025-07-01T02:14:06.789+0000] {processor.py:186} INFO - Started process (PID=8238) to work on /home/airflow/.local/lib/python3.12/site-packages/airflow/example_dags/example_short_circuit_decorator.py
[2025-07-01T02:14:06.790+0000] {processor.py:914} INFO - Processing file /home/airflow/.local/lib/python3.12/site-packages/airflow/example_dags/example_short_circuit_decorator.py for tasks to queue
[2025-07-01T02:14:06.793+0000] {logging_mixin.py:190} INFO - [2025-07-01T02:14:06.792+0000] {dagbag.py:588} INFO - Filling up the DagBag from /home/airflow/.local/lib/python3.12/site-packages/airflow/example_dags/example_short_circuit_decorator.py
[2025-07-01T02:14:06.801+0000] {processor.py:925} INFO - DAG(s) 'example_short_circuit_decorator' retrieved from /home/airflow/.local/lib/python3.12/site-packages/airflow/example_dags/example_short_circuit_decorator.py
[2025-07-01T02:14:06.822+0000] {logging_mixin.py:190} INFO - [2025-07-01T02:14:06.822+0000] {dag.py:3239} INFO - Sync 1 DAGs
[2025-07-01T02:14:06.835+0000] {logging_mixin.py:190} INFO - [2025-07-01T02:14:06.835+0000] {dag.py:4180} INFO - Setting next_dagrun for example_short_circuit_decorator to None, run_after=None
[2025-07-01T02:14:06.851+0000] {processor.py:208} INFO - Processing /home/airflow/.local/lib/python3.12/site-packages/airflow/example_dags/example_short_circuit_decorator.py took 0.068 seconds
[2025-07-01T02:14:37.153+0000] {processor.py:186} INFO - Started process (PID=8300) to work on /home/airflow/.local/lib/python3.12/site-packages/airflow/example_dags/example_short_circuit_decorator.py
[2025-07-01T02:14:37.154+0000] {processor.py:914} INFO - Processing file /home/airflow/.local/lib/python3.12/site-packages/airflow/example_dags/example_short_circuit_decorator.py for tasks to queue
[2025-07-01T02:14:37.157+0000] {logging_mixin.py:190} INFO - [2025-07-01T02:14:37.157+0000] {dagbag.py:588} INFO - Filling up the DagBag from /home/airflow/.local/lib/python3.12/site-packages/airflow/example_dags/example_short_circuit_decorator.py
[2025-07-01T02:14:37.167+0000] {processor.py:925} INFO - DAG(s) 'example_short_circuit_decorator' retrieved from /home/airflow/.local/lib/python3.12/site-packages/airflow/example_dags/example_short_circuit_decorator.py
[2025-07-01T02:14:37.191+0000] {logging_mixin.py:190} INFO - [2025-07-01T02:14:37.191+0000] {dag.py:3239} INFO - Sync 1 DAGs
[2025-07-01T02:14:37.205+0000] {logging_mixin.py:190} INFO - [2025-07-01T02:14:37.205+0000] {dag.py:4180} INFO - Setting next_dagrun for example_short_circuit_decorator to None, run_after=None
[2025-07-01T02:14:37.222+0000] {processor.py:208} INFO - Processing /home/airflow/.local/lib/python3.12/site-packages/airflow/example_dags/example_short_circuit_decorator.py took 0.076 seconds
[2025-07-01T02:15:07.296+0000] {processor.py:186} INFO - Started process (PID=8362) to work on /home/airflow/.local/lib/python3.12/site-packages/airflow/example_dags/example_short_circuit_decorator.py
[2025-07-01T02:15:07.297+0000] {processor.py:914} INFO - Processing file /home/airflow/.local/lib/python3.12/site-packages/airflow/example_dags/example_short_circuit_decorator.py for tasks to queue
[2025-07-01T02:15:07.300+0000] {logging_mixin.py:190} INFO - [2025-07-01T02:15:07.299+0000] {dagbag.py:588} INFO - Filling up the DagBag from /home/airflow/.local/lib/python3.12/site-packages/airflow/example_dags/example_short_circuit_decorator.py
[2025-07-01T02:15:07.309+0000] {processor.py:925} INFO - DAG(s) 'example_short_circuit_decorator' retrieved from /home/airflow/.local/lib/python3.12/site-packages/airflow/example_dags/example_short_circuit_decorator.py
[2025-07-01T02:15:07.333+0000] {logging_mixin.py:190} INFO - [2025-07-01T02:15:07.333+0000] {dag.py:3239} INFO - Sync 1 DAGs
[2025-07-01T02:15:07.347+0000] {logging_mixin.py:190} INFO - [2025-07-01T02:15:07.347+0000] {dag.py:4180} INFO - Setting next_dagrun for example_short_circuit_decorator to None, run_after=None
[2025-07-01T02:15:07.365+0000] {processor.py:208} INFO - Processing /home/airflow/.local/lib/python3.12/site-packages/airflow/example_dags/example_short_circuit_decorator.py took 0.076 seconds
[2025-07-01T02:15:37.792+0000] {processor.py:186} INFO - Started process (PID=8424) to work on /home/airflow/.local/lib/python3.12/site-packages/airflow/example_dags/example_short_circuit_decorator.py
[2025-07-01T02:15:37.793+0000] {processor.py:914} INFO - Processing file /home/airflow/.local/lib/python3.12/site-packages/airflow/example_dags/example_short_circuit_decorator.py for tasks to queue
[2025-07-01T02:15:37.796+0000] {logging_mixin.py:190} INFO - [2025-07-01T02:15:37.796+0000] {dagbag.py:588} INFO - Filling up the DagBag from /home/airflow/.local/lib/python3.12/site-packages/airflow/example_dags/example_short_circuit_decorator.py
[2025-07-01T02:15:37.806+0000] {processor.py:925} INFO - DAG(s) 'example_short_circuit_decorator' retrieved from /home/airflow/.local/lib/python3.12/site-packages/airflow/example_dags/example_short_circuit_decorator.py
[2025-07-01T02:15:37.829+0000] {logging_mixin.py:190} INFO - [2025-07-01T02:15:37.829+0000] {dag.py:3239} INFO - Sync 1 DAGs
[2025-07-01T02:15:37.844+0000] {logging_mixin.py:190} INFO - [2025-07-01T02:15:37.843+0000] {dag.py:4180} INFO - Setting next_dagrun for example_short_circuit_decorator to None, run_after=None
[2025-07-01T02:15:37.861+0000] {processor.py:208} INFO - Processing /home/airflow/.local/lib/python3.12/site-packages/airflow/example_dags/example_short_circuit_decorator.py took 0.074 seconds
[2025-07-01T02:16:08.583+0000] {processor.py:186} INFO - Started process (PID=8486) to work on /home/airflow/.local/lib/python3.12/site-packages/airflow/example_dags/example_short_circuit_decorator.py
[2025-07-01T02:16:08.584+0000] {processor.py:914} INFO - Processing file /home/airflow/.local/lib/python3.12/site-packages/airflow/example_dags/example_short_circuit_decorator.py for tasks to queue
[2025-07-01T02:16:08.587+0000] {logging_mixin.py:190} INFO - [2025-07-01T02:16:08.587+0000] {dagbag.py:588} INFO - Filling up the DagBag from /home/airflow/.local/lib/python3.12/site-packages/airflow/example_dags/example_short_circuit_decorator.py
[2025-07-01T02:16:08.597+0000] {processor.py:925} INFO - DAG(s) 'example_short_circuit_decorator' retrieved from /home/airflow/.local/lib/python3.12/site-packages/airflow/example_dags/example_short_circuit_decorator.py
[2025-07-01T02:16:08.619+0000] {logging_mixin.py:190} INFO - [2025-07-01T02:16:08.619+0000] {dag.py:3239} INFO - Sync 1 DAGs
[2025-07-01T02:16:08.633+0000] {logging_mixin.py:190} INFO - [2025-07-01T02:16:08.633+0000] {dag.py:4180} INFO - Setting next_dagrun for example_short_circuit_decorator to None, run_after=None
[2025-07-01T02:16:08.653+0000] {processor.py:208} INFO - Processing /home/airflow/.local/lib/python3.12/site-packages/airflow/example_dags/example_short_circuit_decorator.py took 0.076 seconds
[2025-07-01T02:16:38.878+0000] {processor.py:186} INFO - Started process (PID=8548) to work on /home/airflow/.local/lib/python3.12/site-packages/airflow/example_dags/example_short_circuit_decorator.py
[2025-07-01T02:16:38.879+0000] {processor.py:914} INFO - Processing file /home/airflow/.local/lib/python3.12/site-packages/airflow/example_dags/example_short_circuit_decorator.py for tasks to queue
[2025-07-01T02:16:38.882+0000] {logging_mixin.py:190} INFO - [2025-07-01T02:16:38.882+0000] {dagbag.py:588} INFO - Filling up the DagBag from /home/airflow/.local/lib/python3.12/site-packages/airflow/example_dags/example_short_circuit_decorator.py
[2025-07-01T02:16:38.892+0000] {processor.py:925} INFO - DAG(s) 'example_short_circuit_decorator' retrieved from /home/airflow/.local/lib/python3.12/site-packages/airflow/example_dags/example_short_circuit_decorator.py
[2025-07-01T02:16:38.915+0000] {logging_mixin.py:190} INFO - [2025-07-01T02:16:38.915+0000] {dag.py:3239} INFO - Sync 1 DAGs
[2025-07-01T02:16:38.929+0000] {logging_mixin.py:190} INFO - [2025-07-01T02:16:38.928+0000] {dag.py:4180} INFO - Setting next_dagrun for example_short_circuit_decorator to None, run_after=None
[2025-07-01T02:16:38.946+0000] {processor.py:208} INFO - Processing /home/airflow/.local/lib/python3.12/site-packages/airflow/example_dags/example_short_circuit_decorator.py took 0.074 seconds
[2025-07-01T02:17:09.309+0000] {processor.py:186} INFO - Started process (PID=8610) to work on /home/airflow/.local/lib/python3.12/site-packages/airflow/example_dags/example_short_circuit_decorator.py
[2025-07-01T02:17:09.310+0000] {processor.py:914} INFO - Processing file /home/airflow/.local/lib/python3.12/site-packages/airflow/example_dags/example_short_circuit_decorator.py for tasks to queue
[2025-07-01T02:17:09.314+0000] {logging_mixin.py:190} INFO - [2025-07-01T02:17:09.313+0000] {dagbag.py:588} INFO - Filling up the DagBag from /home/airflow/.local/lib/python3.12/site-packages/airflow/example_dags/example_short_circuit_decorator.py
[2025-07-01T02:17:09.325+0000] {processor.py:925} INFO - DAG(s) 'example_short_circuit_decorator' retrieved from /home/airflow/.local/lib/python3.12/site-packages/airflow/example_dags/example_short_circuit_decorator.py
[2025-07-01T02:17:09.350+0000] {logging_mixin.py:190} INFO - [2025-07-01T02:17:09.350+0000] {dag.py:3239} INFO - Sync 1 DAGs
[2025-07-01T02:17:09.366+0000] {logging_mixin.py:190} INFO - [2025-07-01T02:17:09.366+0000] {dag.py:4180} INFO - Setting next_dagrun for example_short_circuit_decorator to None, run_after=None
[2025-07-01T02:17:09.387+0000] {processor.py:208} INFO - Processing /home/airflow/.local/lib/python3.12/site-packages/airflow/example_dags/example_short_circuit_decorator.py took 0.085 seconds
[2025-07-01T02:17:39.617+0000] {processor.py:186} INFO - Started process (PID=8672) to work on /home/airflow/.local/lib/python3.12/site-packages/airflow/example_dags/example_short_circuit_decorator.py
[2025-07-01T02:17:39.618+0000] {processor.py:914} INFO - Processing file /home/airflow/.local/lib/python3.12/site-packages/airflow/example_dags/example_short_circuit_decorator.py for tasks to queue
[2025-07-01T02:17:39.621+0000] {logging_mixin.py:190} INFO - [2025-07-01T02:17:39.621+0000] {dagbag.py:588} INFO - Filling up the DagBag from /home/airflow/.local/lib/python3.12/site-packages/airflow/example_dags/example_short_circuit_decorator.py
[2025-07-01T02:17:39.630+0000] {processor.py:925} INFO - DAG(s) 'example_short_circuit_decorator' retrieved from /home/airflow/.local/lib/python3.12/site-packages/airflow/example_dags/example_short_circuit_decorator.py
[2025-07-01T02:17:39.653+0000] {logging_mixin.py:190} INFO - [2025-07-01T02:17:39.652+0000] {dag.py:3239} INFO - Sync 1 DAGs
[2025-07-01T02:17:39.666+0000] {logging_mixin.py:190} INFO - [2025-07-01T02:17:39.665+0000] {dag.py:4180} INFO - Setting next_dagrun for example_short_circuit_decorator to None, run_after=None
[2025-07-01T02:17:39.682+0000] {processor.py:208} INFO - Processing /home/airflow/.local/lib/python3.12/site-packages/airflow/example_dags/example_short_circuit_decorator.py took 0.071 seconds
[2025-07-01T02:18:09.731+0000] {processor.py:186} INFO - Started process (PID=8734) to work on /home/airflow/.local/lib/python3.12/site-packages/airflow/example_dags/example_short_circuit_decorator.py
[2025-07-01T02:18:09.733+0000] {processor.py:914} INFO - Processing file /home/airflow/.local/lib/python3.12/site-packages/airflow/example_dags/example_short_circuit_decorator.py for tasks to queue
[2025-07-01T02:18:09.738+0000] {logging_mixin.py:190} INFO - [2025-07-01T02:18:09.737+0000] {dagbag.py:588} INFO - Filling up the DagBag from /home/airflow/.local/lib/python3.12/site-packages/airflow/example_dags/example_short_circuit_decorator.py
[2025-07-01T02:18:09.750+0000] {processor.py:925} INFO - DAG(s) 'example_short_circuit_decorator' retrieved from /home/airflow/.local/lib/python3.12/site-packages/airflow/example_dags/example_short_circuit_decorator.py
[2025-07-01T02:18:09.775+0000] {logging_mixin.py:190} INFO - [2025-07-01T02:18:09.775+0000] {dag.py:3239} INFO - Sync 1 DAGs
[2025-07-01T02:18:09.792+0000] {logging_mixin.py:190} INFO - [2025-07-01T02:18:09.792+0000] {dag.py:4180} INFO - Setting next_dagrun for example_short_circuit_decorator to None, run_after=None
[2025-07-01T02:18:09.813+0000] {processor.py:208} INFO - Processing /home/airflow/.local/lib/python3.12/site-packages/airflow/example_dags/example_short_circuit_decorator.py took 0.089 seconds
[2025-07-01T02:18:40.170+0000] {processor.py:186} INFO - Started process (PID=8796) to work on /home/airflow/.local/lib/python3.12/site-packages/airflow/example_dags/example_short_circuit_decorator.py
[2025-07-01T02:18:40.171+0000] {processor.py:914} INFO - Processing file /home/airflow/.local/lib/python3.12/site-packages/airflow/example_dags/example_short_circuit_decorator.py for tasks to queue
[2025-07-01T02:18:40.174+0000] {logging_mixin.py:190} INFO - [2025-07-01T02:18:40.173+0000] {dagbag.py:588} INFO - Filling up the DagBag from /home/airflow/.local/lib/python3.12/site-packages/airflow/example_dags/example_short_circuit_decorator.py
[2025-07-01T02:18:40.183+0000] {processor.py:925} INFO - DAG(s) 'example_short_circuit_decorator' retrieved from /home/airflow/.local/lib/python3.12/site-packages/airflow/example_dags/example_short_circuit_decorator.py
[2025-07-01T02:18:40.205+0000] {logging_mixin.py:190} INFO - [2025-07-01T02:18:40.205+0000] {dag.py:3239} INFO - Sync 1 DAGs
[2025-07-01T02:18:40.218+0000] {logging_mixin.py:190} INFO - [2025-07-01T02:18:40.218+0000] {dag.py:4180} INFO - Setting next_dagrun for example_short_circuit_decorator to None, run_after=None
[2025-07-01T02:18:40.236+0000] {processor.py:208} INFO - Processing /home/airflow/.local/lib/python3.12/site-packages/airflow/example_dags/example_short_circuit_decorator.py took 0.073 seconds
[2025-07-01T02:26:29.283+0000] {processor.py:186} INFO - Started process (PID=8858) to work on /home/airflow/.local/lib/python3.12/site-packages/airflow/example_dags/example_short_circuit_decorator.py
[2025-07-01T02:26:29.314+0000] {processor.py:914} INFO - Processing file /home/airflow/.local/lib/python3.12/site-packages/airflow/example_dags/example_short_circuit_decorator.py for tasks to queue
[2025-07-01T02:26:29.434+0000] {logging_mixin.py:190} INFO - [2025-07-01T02:26:29.381+0000] {dagbag.py:588} INFO - Filling up the DagBag from /home/airflow/.local/lib/python3.12/site-packages/airflow/example_dags/example_short_circuit_decorator.py
[2025-07-01T02:26:29.519+0000] {processor.py:925} INFO - DAG(s) 'example_short_circuit_decorator' retrieved from /home/airflow/.local/lib/python3.12/site-packages/airflow/example_dags/example_short_circuit_decorator.py
[2025-07-01T02:26:29.693+0000] {logging_mixin.py:190} INFO - [2025-07-01T02:26:29.692+0000] {dag.py:3239} INFO - Sync 1 DAGs
[2025-07-01T02:26:29.811+0000] {logging_mixin.py:190} INFO - [2025-07-01T02:26:29.810+0000] {dag.py:4180} INFO - Setting next_dagrun for example_short_circuit_decorator to None, run_after=None
[2025-07-01T02:26:29.982+0000] {processor.py:208} INFO - Processing /home/airflow/.local/lib/python3.12/site-packages/airflow/example_dags/example_short_circuit_decorator.py took 0.721 seconds
[2025-07-01T02:27:00.234+0000] {processor.py:186} INFO - Started process (PID=8920) to work on /home/airflow/.local/lib/python3.12/site-packages/airflow/example_dags/example_short_circuit_decorator.py
[2025-07-01T02:27:00.236+0000] {processor.py:914} INFO - Processing file /home/airflow/.local/lib/python3.12/site-packages/airflow/example_dags/example_short_circuit_decorator.py for tasks to queue
[2025-07-01T02:27:00.244+0000] {logging_mixin.py:190} INFO - [2025-07-01T02:27:00.243+0000] {dagbag.py:588} INFO - Filling up the DagBag from /home/airflow/.local/lib/python3.12/site-packages/airflow/example_dags/example_short_circuit_decorator.py
[2025-07-01T02:27:00.268+0000] {processor.py:925} INFO - DAG(s) 'example_short_circuit_decorator' retrieved from /home/airflow/.local/lib/python3.12/site-packages/airflow/example_dags/example_short_circuit_decorator.py
[2025-07-01T02:27:00.314+0000] {logging_mixin.py:190} INFO - [2025-07-01T02:27:00.313+0000] {dag.py:3239} INFO - Sync 1 DAGs
[2025-07-01T02:27:00.348+0000] {logging_mixin.py:190} INFO - [2025-07-01T02:27:00.348+0000] {dag.py:4180} INFO - Setting next_dagrun for example_short_circuit_decorator to None, run_after=None
[2025-07-01T02:27:00.381+0000] {processor.py:208} INFO - Processing /home/airflow/.local/lib/python3.12/site-packages/airflow/example_dags/example_short_circuit_decorator.py took 0.156 seconds
[2025-07-01T02:27:30.708+0000] {processor.py:186} INFO - Started process (PID=8983) to work on /home/airflow/.local/lib/python3.12/site-packages/airflow/example_dags/example_short_circuit_decorator.py
[2025-07-01T02:27:30.710+0000] {processor.py:914} INFO - Processing file /home/airflow/.local/lib/python3.12/site-packages/airflow/example_dags/example_short_circuit_decorator.py for tasks to queue
[2025-07-01T02:27:30.714+0000] {logging_mixin.py:190} INFO - [2025-07-01T02:27:30.714+0000] {dagbag.py:588} INFO - Filling up the DagBag from /home/airflow/.local/lib/python3.12/site-packages/airflow/example_dags/example_short_circuit_decorator.py
[2025-07-01T02:27:30.730+0000] {processor.py:925} INFO - DAG(s) 'example_short_circuit_decorator' retrieved from /home/airflow/.local/lib/python3.12/site-packages/airflow/example_dags/example_short_circuit_decorator.py
[2025-07-01T02:27:30.762+0000] {logging_mixin.py:190} INFO - [2025-07-01T02:27:30.761+0000] {dag.py:3239} INFO - Sync 1 DAGs
[2025-07-01T02:27:30.782+0000] {logging_mixin.py:190} INFO - [2025-07-01T02:27:30.782+0000] {dag.py:4180} INFO - Setting next_dagrun for example_short_circuit_decorator to None, run_after=None
[2025-07-01T02:27:30.806+0000] {processor.py:208} INFO - Processing /home/airflow/.local/lib/python3.12/site-packages/airflow/example_dags/example_short_circuit_decorator.py took 0.106 seconds
[2025-07-01T02:28:00.956+0000] {processor.py:186} INFO - Started process (PID=9045) to work on /home/airflow/.local/lib/python3.12/site-packages/airflow/example_dags/example_short_circuit_decorator.py
[2025-07-01T02:28:00.957+0000] {processor.py:914} INFO - Processing file /home/airflow/.local/lib/python3.12/site-packages/airflow/example_dags/example_short_circuit_decorator.py for tasks to queue
[2025-07-01T02:28:00.961+0000] {logging_mixin.py:190} INFO - [2025-07-01T02:28:00.960+0000] {dagbag.py:588} INFO - Filling up the DagBag from /home/airflow/.local/lib/python3.12/site-packages/airflow/example_dags/example_short_circuit_decorator.py
[2025-07-01T02:28:00.971+0000] {processor.py:925} INFO - DAG(s) 'example_short_circuit_decorator' retrieved from /home/airflow/.local/lib/python3.12/site-packages/airflow/example_dags/example_short_circuit_decorator.py
[2025-07-01T02:28:00.996+0000] {logging_mixin.py:190} INFO - [2025-07-01T02:28:00.996+0000] {dag.py:3239} INFO - Sync 1 DAGs
[2025-07-01T02:28:01.010+0000] {logging_mixin.py:190} INFO - [2025-07-01T02:28:01.010+0000] {dag.py:4180} INFO - Setting next_dagrun for example_short_circuit_decorator to None, run_after=None
[2025-07-01T02:28:01.027+0000] {processor.py:208} INFO - Processing /home/airflow/.local/lib/python3.12/site-packages/airflow/example_dags/example_short_circuit_decorator.py took 0.077 seconds
[2025-07-01T02:28:31.078+0000] {processor.py:186} INFO - Started process (PID=9106) to work on /home/airflow/.local/lib/python3.12/site-packages/airflow/example_dags/example_short_circuit_decorator.py
[2025-07-01T02:28:31.079+0000] {processor.py:914} INFO - Processing file /home/airflow/.local/lib/python3.12/site-packages/airflow/example_dags/example_short_circuit_decorator.py for tasks to queue
[2025-07-01T02:28:31.082+0000] {logging_mixin.py:190} INFO - [2025-07-01T02:28:31.081+0000] {dagbag.py:588} INFO - Filling up the DagBag from /home/airflow/.local/lib/python3.12/site-packages/airflow/example_dags/example_short_circuit_decorator.py
[2025-07-01T02:28:31.090+0000] {processor.py:925} INFO - DAG(s) 'example_short_circuit_decorator' retrieved from /home/airflow/.local/lib/python3.12/site-packages/airflow/example_dags/example_short_circuit_decorator.py
[2025-07-01T02:28:31.115+0000] {logging_mixin.py:190} INFO - [2025-07-01T02:28:31.115+0000] {dag.py:3239} INFO - Sync 1 DAGs
[2025-07-01T02:28:31.128+0000] {logging_mixin.py:190} INFO - [2025-07-01T02:28:31.128+0000] {dag.py:4180} INFO - Setting next_dagrun for example_short_circuit_decorator to None, run_after=None
[2025-07-01T02:28:31.146+0000] {processor.py:208} INFO - Processing /home/airflow/.local/lib/python3.12/site-packages/airflow/example_dags/example_short_circuit_decorator.py took 0.075 seconds
[2025-07-01T02:29:01.656+0000] {processor.py:186} INFO - Started process (PID=9168) to work on /home/airflow/.local/lib/python3.12/site-packages/airflow/example_dags/example_short_circuit_decorator.py
[2025-07-01T02:29:01.657+0000] {processor.py:914} INFO - Processing file /home/airflow/.local/lib/python3.12/site-packages/airflow/example_dags/example_short_circuit_decorator.py for tasks to queue
[2025-07-01T02:29:01.659+0000] {logging_mixin.py:190} INFO - [2025-07-01T02:29:01.659+0000] {dagbag.py:588} INFO - Filling up the DagBag from /home/airflow/.local/lib/python3.12/site-packages/airflow/example_dags/example_short_circuit_decorator.py
[2025-07-01T02:29:01.669+0000] {processor.py:925} INFO - DAG(s) 'example_short_circuit_decorator' retrieved from /home/airflow/.local/lib/python3.12/site-packages/airflow/example_dags/example_short_circuit_decorator.py
[2025-07-01T02:29:01.694+0000] {logging_mixin.py:190} INFO - [2025-07-01T02:29:01.694+0000] {dag.py:3239} INFO - Sync 1 DAGs
[2025-07-01T02:29:01.708+0000] {logging_mixin.py:190} INFO - [2025-07-01T02:29:01.708+0000] {dag.py:4180} INFO - Setting next_dagrun for example_short_circuit_decorator to None, run_after=None
[2025-07-01T02:29:01.725+0000] {processor.py:208} INFO - Processing /home/airflow/.local/lib/python3.12/site-packages/airflow/example_dags/example_short_circuit_decorator.py took 0.075 seconds
[2025-07-01T02:29:32.466+0000] {processor.py:186} INFO - Started process (PID=9230) to work on /home/airflow/.local/lib/python3.12/site-packages/airflow/example_dags/example_short_circuit_decorator.py
[2025-07-01T02:29:32.468+0000] {processor.py:914} INFO - Processing file /home/airflow/.local/lib/python3.12/site-packages/airflow/example_dags/example_short_circuit_decorator.py for tasks to queue
[2025-07-01T02:29:32.471+0000] {logging_mixin.py:190} INFO - [2025-07-01T02:29:32.471+0000] {dagbag.py:588} INFO - Filling up the DagBag from /home/airflow/.local/lib/python3.12/site-packages/airflow/example_dags/example_short_circuit_decorator.py
[2025-07-01T02:29:32.484+0000] {processor.py:925} INFO - DAG(s) 'example_short_circuit_decorator' retrieved from /home/airflow/.local/lib/python3.12/site-packages/airflow/example_dags/example_short_circuit_decorator.py
[2025-07-01T02:29:32.533+0000] {logging_mixin.py:190} INFO - [2025-07-01T02:29:32.533+0000] {dag.py:3239} INFO - Sync 1 DAGs
[2025-07-01T02:29:32.549+0000] {logging_mixin.py:190} INFO - [2025-07-01T02:29:32.549+0000] {dag.py:4180} INFO - Setting next_dagrun for example_short_circuit_decorator to None, run_after=None
[2025-07-01T02:29:32.567+0000] {processor.py:208} INFO - Processing /home/airflow/.local/lib/python3.12/site-packages/airflow/example_dags/example_short_circuit_decorator.py took 0.109 seconds
[2025-07-01T02:30:03.095+0000] {processor.py:186} INFO - Started process (PID=9292) to work on /home/airflow/.local/lib/python3.12/site-packages/airflow/example_dags/example_short_circuit_decorator.py
[2025-07-01T02:30:03.096+0000] {processor.py:914} INFO - Processing file /home/airflow/.local/lib/python3.12/site-packages/airflow/example_dags/example_short_circuit_decorator.py for tasks to queue
[2025-07-01T02:30:03.099+0000] {logging_mixin.py:190} INFO - [2025-07-01T02:30:03.099+0000] {dagbag.py:588} INFO - Filling up the DagBag from /home/airflow/.local/lib/python3.12/site-packages/airflow/example_dags/example_short_circuit_decorator.py
[2025-07-01T02:30:03.111+0000] {processor.py:925} INFO - DAG(s) 'example_short_circuit_decorator' retrieved from /home/airflow/.local/lib/python3.12/site-packages/airflow/example_dags/example_short_circuit_decorator.py
[2025-07-01T02:30:03.140+0000] {logging_mixin.py:190} INFO - [2025-07-01T02:30:03.140+0000] {dag.py:3239} INFO - Sync 1 DAGs
[2025-07-01T02:30:03.158+0000] {logging_mixin.py:190} INFO - [2025-07-01T02:30:03.158+0000] {dag.py:4180} INFO - Setting next_dagrun for example_short_circuit_decorator to None, run_after=None
[2025-07-01T02:30:03.179+0000] {processor.py:208} INFO - Processing /home/airflow/.local/lib/python3.12/site-packages/airflow/example_dags/example_short_circuit_decorator.py took 0.091 seconds
[2025-07-01T02:30:33.711+0000] {processor.py:186} INFO - Started process (PID=9355) to work on /home/airflow/.local/lib/python3.12/site-packages/airflow/example_dags/example_short_circuit_decorator.py
[2025-07-01T02:30:33.712+0000] {processor.py:914} INFO - Processing file /home/airflow/.local/lib/python3.12/site-packages/airflow/example_dags/example_short_circuit_decorator.py for tasks to queue
[2025-07-01T02:30:33.715+0000] {logging_mixin.py:190} INFO - [2025-07-01T02:30:33.714+0000] {dagbag.py:588} INFO - Filling up the DagBag from /home/airflow/.local/lib/python3.12/site-packages/airflow/example_dags/example_short_circuit_decorator.py
[2025-07-01T02:30:33.724+0000] {processor.py:925} INFO - DAG(s) 'example_short_circuit_decorator' retrieved from /home/airflow/.local/lib/python3.12/site-packages/airflow/example_dags/example_short_circuit_decorator.py
[2025-07-01T02:30:33.747+0000] {logging_mixin.py:190} INFO - [2025-07-01T02:30:33.747+0000] {dag.py:3239} INFO - Sync 1 DAGs
[2025-07-01T02:30:33.760+0000] {logging_mixin.py:190} INFO - [2025-07-01T02:30:33.760+0000] {dag.py:4180} INFO - Setting next_dagrun for example_short_circuit_decorator to None, run_after=None
[2025-07-01T02:30:33.778+0000] {processor.py:208} INFO - Processing /home/airflow/.local/lib/python3.12/site-packages/airflow/example_dags/example_short_circuit_decorator.py took 0.073 seconds
[2025-07-01T02:31:04.544+0000] {processor.py:186} INFO - Started process (PID=9417) to work on /home/airflow/.local/lib/python3.12/site-packages/airflow/example_dags/example_short_circuit_decorator.py
[2025-07-01T02:31:04.545+0000] {processor.py:914} INFO - Processing file /home/airflow/.local/lib/python3.12/site-packages/airflow/example_dags/example_short_circuit_decorator.py for tasks to queue
[2025-07-01T02:31:04.547+0000] {logging_mixin.py:190} INFO - [2025-07-01T02:31:04.547+0000] {dagbag.py:588} INFO - Filling up the DagBag from /home/airflow/.local/lib/python3.12/site-packages/airflow/example_dags/example_short_circuit_decorator.py
[2025-07-01T02:31:04.558+0000] {processor.py:925} INFO - DAG(s) 'example_short_circuit_decorator' retrieved from /home/airflow/.local/lib/python3.12/site-packages/airflow/example_dags/example_short_circuit_decorator.py
[2025-07-01T02:31:04.581+0000] {logging_mixin.py:190} INFO - [2025-07-01T02:31:04.581+0000] {dag.py:3239} INFO - Sync 1 DAGs
[2025-07-01T02:31:04.594+0000] {logging_mixin.py:190} INFO - [2025-07-01T02:31:04.594+0000] {dag.py:4180} INFO - Setting next_dagrun for example_short_circuit_decorator to None, run_after=None
[2025-07-01T02:31:04.612+0000] {processor.py:208} INFO - Processing /home/airflow/.local/lib/python3.12/site-packages/airflow/example_dags/example_short_circuit_decorator.py took 0.073 seconds
[2025-07-01T02:31:35.127+0000] {processor.py:186} INFO - Started process (PID=9479) to work on /home/airflow/.local/lib/python3.12/site-packages/airflow/example_dags/example_short_circuit_decorator.py
[2025-07-01T02:31:35.128+0000] {processor.py:914} INFO - Processing file /home/airflow/.local/lib/python3.12/site-packages/airflow/example_dags/example_short_circuit_decorator.py for tasks to queue
[2025-07-01T02:31:35.134+0000] {logging_mixin.py:190} INFO - [2025-07-01T02:31:35.133+0000] {dagbag.py:588} INFO - Filling up the DagBag from /home/airflow/.local/lib/python3.12/site-packages/airflow/example_dags/example_short_circuit_decorator.py
[2025-07-01T02:31:35.150+0000] {processor.py:925} INFO - DAG(s) 'example_short_circuit_decorator' retrieved from /home/airflow/.local/lib/python3.12/site-packages/airflow/example_dags/example_short_circuit_decorator.py
[2025-07-01T02:31:35.179+0000] {logging_mixin.py:190} INFO - [2025-07-01T02:31:35.179+0000] {dag.py:3239} INFO - Sync 1 DAGs
[2025-07-01T02:31:35.199+0000] {logging_mixin.py:190} INFO - [2025-07-01T02:31:35.199+0000] {dag.py:4180} INFO - Setting next_dagrun for example_short_circuit_decorator to None, run_after=None
[2025-07-01T02:31:35.218+0000] {processor.py:208} INFO - Processing /home/airflow/.local/lib/python3.12/site-packages/airflow/example_dags/example_short_circuit_decorator.py took 0.100 seconds
[2025-07-01T02:32:05.440+0000] {processor.py:186} INFO - Started process (PID=9541) to work on /home/airflow/.local/lib/python3.12/site-packages/airflow/example_dags/example_short_circuit_decorator.py
[2025-07-01T02:32:05.441+0000] {processor.py:914} INFO - Processing file /home/airflow/.local/lib/python3.12/site-packages/airflow/example_dags/example_short_circuit_decorator.py for tasks to queue
[2025-07-01T02:32:05.444+0000] {logging_mixin.py:190} INFO - [2025-07-01T02:32:05.444+0000] {dagbag.py:588} INFO - Filling up the DagBag from /home/airflow/.local/lib/python3.12/site-packages/airflow/example_dags/example_short_circuit_decorator.py
[2025-07-01T02:32:05.454+0000] {processor.py:925} INFO - DAG(s) 'example_short_circuit_decorator' retrieved from /home/airflow/.local/lib/python3.12/site-packages/airflow/example_dags/example_short_circuit_decorator.py
[2025-07-01T02:32:05.476+0000] {logging_mixin.py:190} INFO - [2025-07-01T02:32:05.476+0000] {dag.py:3239} INFO - Sync 1 DAGs
[2025-07-01T02:32:05.490+0000] {logging_mixin.py:190} INFO - [2025-07-01T02:32:05.490+0000] {dag.py:4180} INFO - Setting next_dagrun for example_short_circuit_decorator to None, run_after=None
[2025-07-01T02:32:05.508+0000] {processor.py:208} INFO - Processing /home/airflow/.local/lib/python3.12/site-packages/airflow/example_dags/example_short_circuit_decorator.py took 0.074 seconds
[2025-07-01T02:32:35.696+0000] {processor.py:186} INFO - Started process (PID=9603) to work on /home/airflow/.local/lib/python3.12/site-packages/airflow/example_dags/example_short_circuit_decorator.py
[2025-07-01T02:32:35.697+0000] {processor.py:914} INFO - Processing file /home/airflow/.local/lib/python3.12/site-packages/airflow/example_dags/example_short_circuit_decorator.py for tasks to queue
[2025-07-01T02:32:35.699+0000] {logging_mixin.py:190} INFO - [2025-07-01T02:32:35.699+0000] {dagbag.py:588} INFO - Filling up the DagBag from /home/airflow/.local/lib/python3.12/site-packages/airflow/example_dags/example_short_circuit_decorator.py
[2025-07-01T02:32:35.709+0000] {processor.py:925} INFO - DAG(s) 'example_short_circuit_decorator' retrieved from /home/airflow/.local/lib/python3.12/site-packages/airflow/example_dags/example_short_circuit_decorator.py
[2025-07-01T02:32:35.731+0000] {logging_mixin.py:190} INFO - [2025-07-01T02:32:35.731+0000] {dag.py:3239} INFO - Sync 1 DAGs
[2025-07-01T02:32:35.744+0000] {logging_mixin.py:190} INFO - [2025-07-01T02:32:35.744+0000] {dag.py:4180} INFO - Setting next_dagrun for example_short_circuit_decorator to None, run_after=None
[2025-07-01T02:32:35.764+0000] {processor.py:208} INFO - Processing /home/airflow/.local/lib/python3.12/site-packages/airflow/example_dags/example_short_circuit_decorator.py took 0.075 seconds
[2025-07-01T02:33:06.601+0000] {processor.py:186} INFO - Started process (PID=9665) to work on /home/airflow/.local/lib/python3.12/site-packages/airflow/example_dags/example_short_circuit_decorator.py
[2025-07-01T02:33:06.603+0000] {processor.py:914} INFO - Processing file /home/airflow/.local/lib/python3.12/site-packages/airflow/example_dags/example_short_circuit_decorator.py for tasks to queue
[2025-07-01T02:33:06.606+0000] {logging_mixin.py:190} INFO - [2025-07-01T02:33:06.605+0000] {dagbag.py:588} INFO - Filling up the DagBag from /home/airflow/.local/lib/python3.12/site-packages/airflow/example_dags/example_short_circuit_decorator.py
[2025-07-01T02:33:06.617+0000] {processor.py:925} INFO - DAG(s) 'example_short_circuit_decorator' retrieved from /home/airflow/.local/lib/python3.12/site-packages/airflow/example_dags/example_short_circuit_decorator.py
[2025-07-01T02:33:06.643+0000] {logging_mixin.py:190} INFO - [2025-07-01T02:33:06.643+0000] {dag.py:3239} INFO - Sync 1 DAGs
[2025-07-01T02:33:06.659+0000] {logging_mixin.py:190} INFO - [2025-07-01T02:33:06.658+0000] {dag.py:4180} INFO - Setting next_dagrun for example_short_circuit_decorator to None, run_after=None
[2025-07-01T02:33:06.676+0000] {processor.py:208} INFO - Processing /home/airflow/.local/lib/python3.12/site-packages/airflow/example_dags/example_short_circuit_decorator.py took 0.081 seconds
[2025-07-01T02:33:37.475+0000] {processor.py:186} INFO - Started process (PID=9727) to work on /home/airflow/.local/lib/python3.12/site-packages/airflow/example_dags/example_short_circuit_decorator.py
[2025-07-01T02:33:37.477+0000] {processor.py:914} INFO - Processing file /home/airflow/.local/lib/python3.12/site-packages/airflow/example_dags/example_short_circuit_decorator.py for tasks to queue
[2025-07-01T02:33:37.480+0000] {logging_mixin.py:190} INFO - [2025-07-01T02:33:37.479+0000] {dagbag.py:588} INFO - Filling up the DagBag from /home/airflow/.local/lib/python3.12/site-packages/airflow/example_dags/example_short_circuit_decorator.py
[2025-07-01T02:33:37.489+0000] {processor.py:925} INFO - DAG(s) 'example_short_circuit_decorator' retrieved from /home/airflow/.local/lib/python3.12/site-packages/airflow/example_dags/example_short_circuit_decorator.py
[2025-07-01T02:33:37.513+0000] {logging_mixin.py:190} INFO - [2025-07-01T02:33:37.513+0000] {dag.py:3239} INFO - Sync 1 DAGs
[2025-07-01T02:33:37.527+0000] {logging_mixin.py:190} INFO - [2025-07-01T02:33:37.526+0000] {dag.py:4180} INFO - Setting next_dagrun for example_short_circuit_decorator to None, run_after=None
[2025-07-01T02:33:37.544+0000] {processor.py:208} INFO - Processing /home/airflow/.local/lib/python3.12/site-packages/airflow/example_dags/example_short_circuit_decorator.py took 0.075 seconds
[2025-07-01T02:34:07.621+0000] {processor.py:186} INFO - Started process (PID=9789) to work on /home/airflow/.local/lib/python3.12/site-packages/airflow/example_dags/example_short_circuit_decorator.py
[2025-07-01T02:34:07.622+0000] {processor.py:914} INFO - Processing file /home/airflow/.local/lib/python3.12/site-packages/airflow/example_dags/example_short_circuit_decorator.py for tasks to queue
[2025-07-01T02:34:07.626+0000] {logging_mixin.py:190} INFO - [2025-07-01T02:34:07.625+0000] {dagbag.py:588} INFO - Filling up the DagBag from /home/airflow/.local/lib/python3.12/site-packages/airflow/example_dags/example_short_circuit_decorator.py
[2025-07-01T02:34:07.637+0000] {processor.py:925} INFO - DAG(s) 'example_short_circuit_decorator' retrieved from /home/airflow/.local/lib/python3.12/site-packages/airflow/example_dags/example_short_circuit_decorator.py
[2025-07-01T02:34:07.661+0000] {logging_mixin.py:190} INFO - [2025-07-01T02:34:07.660+0000] {dag.py:3239} INFO - Sync 1 DAGs
[2025-07-01T02:34:07.674+0000] {logging_mixin.py:190} INFO - [2025-07-01T02:34:07.674+0000] {dag.py:4180} INFO - Setting next_dagrun for example_short_circuit_decorator to None, run_after=None
[2025-07-01T02:34:07.692+0000] {processor.py:208} INFO - Processing /home/airflow/.local/lib/python3.12/site-packages/airflow/example_dags/example_short_circuit_decorator.py took 0.077 seconds
[2025-07-01T02:34:38.723+0000] {processor.py:186} INFO - Started process (PID=9851) to work on /home/airflow/.local/lib/python3.12/site-packages/airflow/example_dags/example_short_circuit_decorator.py
[2025-07-01T02:34:38.725+0000] {processor.py:914} INFO - Processing file /home/airflow/.local/lib/python3.12/site-packages/airflow/example_dags/example_short_circuit_decorator.py for tasks to queue
[2025-07-01T02:34:38.730+0000] {logging_mixin.py:190} INFO - [2025-07-01T02:34:38.729+0000] {dagbag.py:588} INFO - Filling up the DagBag from /home/airflow/.local/lib/python3.12/site-packages/airflow/example_dags/example_short_circuit_decorator.py
[2025-07-01T02:34:38.743+0000] {processor.py:925} INFO - DAG(s) 'example_short_circuit_decorator' retrieved from /home/airflow/.local/lib/python3.12/site-packages/airflow/example_dags/example_short_circuit_decorator.py
[2025-07-01T02:34:38.952+0000] {logging_mixin.py:190} INFO - [2025-07-01T02:34:38.952+0000] {dag.py:3239} INFO - Sync 1 DAGs
[2025-07-01T02:34:38.967+0000] {logging_mixin.py:190} INFO - [2025-07-01T02:34:38.966+0000] {dag.py:4180} INFO - Setting next_dagrun for example_short_circuit_decorator to None, run_after=None
[2025-07-01T02:34:38.985+0000] {processor.py:208} INFO - Processing /home/airflow/.local/lib/python3.12/site-packages/airflow/example_dags/example_short_circuit_decorator.py took 0.272 seconds
[2025-07-01T02:35:09.740+0000] {processor.py:186} INFO - Started process (PID=9913) to work on /home/airflow/.local/lib/python3.12/site-packages/airflow/example_dags/example_short_circuit_decorator.py
[2025-07-01T02:35:09.742+0000] {processor.py:914} INFO - Processing file /home/airflow/.local/lib/python3.12/site-packages/airflow/example_dags/example_short_circuit_decorator.py for tasks to queue
[2025-07-01T02:35:09.744+0000] {logging_mixin.py:190} INFO - [2025-07-01T02:35:09.744+0000] {dagbag.py:588} INFO - Filling up the DagBag from /home/airflow/.local/lib/python3.12/site-packages/airflow/example_dags/example_short_circuit_decorator.py
[2025-07-01T02:35:09.754+0000] {processor.py:925} INFO - DAG(s) 'example_short_circuit_decorator' retrieved from /home/airflow/.local/lib/python3.12/site-packages/airflow/example_dags/example_short_circuit_decorator.py
[2025-07-01T02:35:09.777+0000] {logging_mixin.py:190} INFO - [2025-07-01T02:35:09.777+0000] {dag.py:3239} INFO - Sync 1 DAGs
[2025-07-01T02:35:09.792+0000] {logging_mixin.py:190} INFO - [2025-07-01T02:35:09.792+0000] {dag.py:4180} INFO - Setting next_dagrun for example_short_circuit_decorator to None, run_after=None
[2025-07-01T02:35:09.810+0000] {processor.py:208} INFO - Processing /home/airflow/.local/lib/python3.12/site-packages/airflow/example_dags/example_short_circuit_decorator.py took 0.076 seconds
[2025-07-01T02:35:39.957+0000] {processor.py:186} INFO - Started process (PID=9975) to work on /home/airflow/.local/lib/python3.12/site-packages/airflow/example_dags/example_short_circuit_decorator.py
[2025-07-01T02:35:39.958+0000] {processor.py:914} INFO - Processing file /home/airflow/.local/lib/python3.12/site-packages/airflow/example_dags/example_short_circuit_decorator.py for tasks to queue
[2025-07-01T02:35:39.961+0000] {logging_mixin.py:190} INFO - [2025-07-01T02:35:39.961+0000] {dagbag.py:588} INFO - Filling up the DagBag from /home/airflow/.local/lib/python3.12/site-packages/airflow/example_dags/example_short_circuit_decorator.py
[2025-07-01T02:35:39.970+0000] {processor.py:925} INFO - DAG(s) 'example_short_circuit_decorator' retrieved from /home/airflow/.local/lib/python3.12/site-packages/airflow/example_dags/example_short_circuit_decorator.py
[2025-07-01T02:35:39.994+0000] {logging_mixin.py:190} INFO - [2025-07-01T02:35:39.994+0000] {dag.py:3239} INFO - Sync 1 DAGs
[2025-07-01T02:35:40.008+0000] {logging_mixin.py:190} INFO - [2025-07-01T02:35:40.008+0000] {dag.py:4180} INFO - Setting next_dagrun for example_short_circuit_decorator to None, run_after=None
[2025-07-01T02:35:40.026+0000] {processor.py:208} INFO - Processing /home/airflow/.local/lib/python3.12/site-packages/airflow/example_dags/example_short_circuit_decorator.py took 0.076 seconds
[2025-07-01T02:36:10.738+0000] {processor.py:186} INFO - Started process (PID=10037) to work on /home/airflow/.local/lib/python3.12/site-packages/airflow/example_dags/example_short_circuit_decorator.py
[2025-07-01T02:36:10.740+0000] {processor.py:914} INFO - Processing file /home/airflow/.local/lib/python3.12/site-packages/airflow/example_dags/example_short_circuit_decorator.py for tasks to queue
[2025-07-01T02:36:10.744+0000] {logging_mixin.py:190} INFO - [2025-07-01T02:36:10.744+0000] {dagbag.py:588} INFO - Filling up the DagBag from /home/airflow/.local/lib/python3.12/site-packages/airflow/example_dags/example_short_circuit_decorator.py
[2025-07-01T02:36:10.761+0000] {processor.py:925} INFO - DAG(s) 'example_short_circuit_decorator' retrieved from /home/airflow/.local/lib/python3.12/site-packages/airflow/example_dags/example_short_circuit_decorator.py
[2025-07-01T02:36:10.802+0000] {logging_mixin.py:190} INFO - [2025-07-01T02:36:10.802+0000] {dag.py:3239} INFO - Sync 1 DAGs
[2025-07-01T02:36:10.825+0000] {logging_mixin.py:190} INFO - [2025-07-01T02:36:10.824+0000] {dag.py:4180} INFO - Setting next_dagrun for example_short_circuit_decorator to None, run_after=None
[2025-07-01T02:36:10.849+0000] {processor.py:208} INFO - Processing /home/airflow/.local/lib/python3.12/site-packages/airflow/example_dags/example_short_circuit_decorator.py took 0.119 seconds
[2025-07-01T02:36:41.656+0000] {processor.py:186} INFO - Started process (PID=10099) to work on /home/airflow/.local/lib/python3.12/site-packages/airflow/example_dags/example_short_circuit_decorator.py
[2025-07-01T02:36:41.657+0000] {processor.py:914} INFO - Processing file /home/airflow/.local/lib/python3.12/site-packages/airflow/example_dags/example_short_circuit_decorator.py for tasks to queue
[2025-07-01T02:36:41.662+0000] {logging_mixin.py:190} INFO - [2025-07-01T02:36:41.662+0000] {dagbag.py:588} INFO - Filling up the DagBag from /home/airflow/.local/lib/python3.12/site-packages/airflow/example_dags/example_short_circuit_decorator.py
[2025-07-01T02:36:41.679+0000] {processor.py:925} INFO - DAG(s) 'example_short_circuit_decorator' retrieved from /home/airflow/.local/lib/python3.12/site-packages/airflow/example_dags/example_short_circuit_decorator.py
[2025-07-01T02:36:41.716+0000] {logging_mixin.py:190} INFO - [2025-07-01T02:36:41.715+0000] {dag.py:3239} INFO - Sync 1 DAGs
[2025-07-01T02:36:41.739+0000] {logging_mixin.py:190} INFO - [2025-07-01T02:36:41.739+0000] {dag.py:4180} INFO - Setting next_dagrun for example_short_circuit_decorator to None, run_after=None
[2025-07-01T02:36:41.762+0000] {processor.py:208} INFO - Processing /home/airflow/.local/lib/python3.12/site-packages/airflow/example_dags/example_short_circuit_decorator.py took 0.115 seconds
[2025-07-01T02:37:12.084+0000] {processor.py:186} INFO - Started process (PID=10161) to work on /home/airflow/.local/lib/python3.12/site-packages/airflow/example_dags/example_short_circuit_decorator.py
[2025-07-01T02:37:12.085+0000] {processor.py:914} INFO - Processing file /home/airflow/.local/lib/python3.12/site-packages/airflow/example_dags/example_short_circuit_decorator.py for tasks to queue
[2025-07-01T02:37:12.088+0000] {logging_mixin.py:190} INFO - [2025-07-01T02:37:12.087+0000] {dagbag.py:588} INFO - Filling up the DagBag from /home/airflow/.local/lib/python3.12/site-packages/airflow/example_dags/example_short_circuit_decorator.py
[2025-07-01T02:37:12.097+0000] {processor.py:925} INFO - DAG(s) 'example_short_circuit_decorator' retrieved from /home/airflow/.local/lib/python3.12/site-packages/airflow/example_dags/example_short_circuit_decorator.py
[2025-07-01T02:37:12.120+0000] {logging_mixin.py:190} INFO - [2025-07-01T02:37:12.120+0000] {dag.py:3239} INFO - Sync 1 DAGs
[2025-07-01T02:37:12.135+0000] {logging_mixin.py:190} INFO - [2025-07-01T02:37:12.135+0000] {dag.py:4180} INFO - Setting next_dagrun for example_short_circuit_decorator to None, run_after=None
[2025-07-01T02:37:12.159+0000] {processor.py:208} INFO - Processing /home/airflow/.local/lib/python3.12/site-packages/airflow/example_dags/example_short_circuit_decorator.py took 0.082 seconds
[2025-07-01T02:37:42.390+0000] {processor.py:186} INFO - Started process (PID=10224) to work on /home/airflow/.local/lib/python3.12/site-packages/airflow/example_dags/example_short_circuit_decorator.py
[2025-07-01T02:37:42.391+0000] {processor.py:914} INFO - Processing file /home/airflow/.local/lib/python3.12/site-packages/airflow/example_dags/example_short_circuit_decorator.py for tasks to queue
[2025-07-01T02:37:42.394+0000] {logging_mixin.py:190} INFO - [2025-07-01T02:37:42.393+0000] {dagbag.py:588} INFO - Filling up the DagBag from /home/airflow/.local/lib/python3.12/site-packages/airflow/example_dags/example_short_circuit_decorator.py
[2025-07-01T02:37:42.403+0000] {processor.py:925} INFO - DAG(s) 'example_short_circuit_decorator' retrieved from /home/airflow/.local/lib/python3.12/site-packages/airflow/example_dags/example_short_circuit_decorator.py
[2025-07-01T02:37:42.430+0000] {logging_mixin.py:190} INFO - [2025-07-01T02:37:42.429+0000] {dag.py:3239} INFO - Sync 1 DAGs
[2025-07-01T02:37:42.443+0000] {logging_mixin.py:190} INFO - [2025-07-01T02:37:42.443+0000] {dag.py:4180} INFO - Setting next_dagrun for example_short_circuit_decorator to None, run_after=None
[2025-07-01T02:37:42.461+0000] {processor.py:208} INFO - Processing /home/airflow/.local/lib/python3.12/site-packages/airflow/example_dags/example_short_circuit_decorator.py took 0.078 seconds
[2025-07-01T02:38:12.632+0000] {processor.py:186} INFO - Started process (PID=10286) to work on /home/airflow/.local/lib/python3.12/site-packages/airflow/example_dags/example_short_circuit_decorator.py
[2025-07-01T02:38:12.633+0000] {processor.py:914} INFO - Processing file /home/airflow/.local/lib/python3.12/site-packages/airflow/example_dags/example_short_circuit_decorator.py for tasks to queue
[2025-07-01T02:38:12.636+0000] {logging_mixin.py:190} INFO - [2025-07-01T02:38:12.636+0000] {dagbag.py:588} INFO - Filling up the DagBag from /home/airflow/.local/lib/python3.12/site-packages/airflow/example_dags/example_short_circuit_decorator.py
[2025-07-01T02:38:12.651+0000] {processor.py:925} INFO - DAG(s) 'example_short_circuit_decorator' retrieved from /home/airflow/.local/lib/python3.12/site-packages/airflow/example_dags/example_short_circuit_decorator.py
[2025-07-01T02:38:12.678+0000] {logging_mixin.py:190} INFO - [2025-07-01T02:38:12.678+0000] {dag.py:3239} INFO - Sync 1 DAGs
[2025-07-01T02:38:12.692+0000] {logging_mixin.py:190} INFO - [2025-07-01T02:38:12.692+0000] {dag.py:4180} INFO - Setting next_dagrun for example_short_circuit_decorator to None, run_after=None
[2025-07-01T02:38:12.710+0000] {processor.py:208} INFO - Processing /home/airflow/.local/lib/python3.12/site-packages/airflow/example_dags/example_short_circuit_decorator.py took 0.084 seconds
[2025-07-01T02:38:43.286+0000] {processor.py:186} INFO - Started process (PID=10348) to work on /home/airflow/.local/lib/python3.12/site-packages/airflow/example_dags/example_short_circuit_decorator.py
[2025-07-01T02:38:43.287+0000] {processor.py:914} INFO - Processing file /home/airflow/.local/lib/python3.12/site-packages/airflow/example_dags/example_short_circuit_decorator.py for tasks to queue
[2025-07-01T02:38:43.289+0000] {logging_mixin.py:190} INFO - [2025-07-01T02:38:43.289+0000] {dagbag.py:588} INFO - Filling up the DagBag from /home/airflow/.local/lib/python3.12/site-packages/airflow/example_dags/example_short_circuit_decorator.py
[2025-07-01T02:38:43.299+0000] {processor.py:925} INFO - DAG(s) 'example_short_circuit_decorator' retrieved from /home/airflow/.local/lib/python3.12/site-packages/airflow/example_dags/example_short_circuit_decorator.py
[2025-07-01T02:38:43.321+0000] {logging_mixin.py:190} INFO - [2025-07-01T02:38:43.321+0000] {dag.py:3239} INFO - Sync 1 DAGs
[2025-07-01T02:38:43.335+0000] {logging_mixin.py:190} INFO - [2025-07-01T02:38:43.335+0000] {dag.py:4180} INFO - Setting next_dagrun for example_short_circuit_decorator to None, run_after=None
[2025-07-01T02:38:43.352+0000] {processor.py:208} INFO - Processing /home/airflow/.local/lib/python3.12/site-packages/airflow/example_dags/example_short_circuit_decorator.py took 0.073 seconds
[2025-07-01T02:39:14.064+0000] {processor.py:186} INFO - Started process (PID=10410) to work on /home/airflow/.local/lib/python3.12/site-packages/airflow/example_dags/example_short_circuit_decorator.py
[2025-07-01T02:39:14.066+0000] {processor.py:914} INFO - Processing file /home/airflow/.local/lib/python3.12/site-packages/airflow/example_dags/example_short_circuit_decorator.py for tasks to queue
[2025-07-01T02:39:14.069+0000] {logging_mixin.py:190} INFO - [2025-07-01T02:39:14.069+0000] {dagbag.py:588} INFO - Filling up the DagBag from /home/airflow/.local/lib/python3.12/site-packages/airflow/example_dags/example_short_circuit_decorator.py
[2025-07-01T02:39:14.082+0000] {processor.py:925} INFO - DAG(s) 'example_short_circuit_decorator' retrieved from /home/airflow/.local/lib/python3.12/site-packages/airflow/example_dags/example_short_circuit_decorator.py
[2025-07-01T02:39:14.109+0000] {logging_mixin.py:190} INFO - [2025-07-01T02:39:14.109+0000] {dag.py:3239} INFO - Sync 1 DAGs
[2025-07-01T02:39:14.129+0000] {logging_mixin.py:190} INFO - [2025-07-01T02:39:14.129+0000] {dag.py:4180} INFO - Setting next_dagrun for example_short_circuit_decorator to None, run_after=None
[2025-07-01T02:39:14.155+0000] {processor.py:208} INFO - Processing /home/airflow/.local/lib/python3.12/site-packages/airflow/example_dags/example_short_circuit_decorator.py took 0.098 seconds
[2025-07-01T02:39:44.954+0000] {processor.py:186} INFO - Started process (PID=10472) to work on /home/airflow/.local/lib/python3.12/site-packages/airflow/example_dags/example_short_circuit_decorator.py
[2025-07-01T02:39:44.955+0000] {processor.py:914} INFO - Processing file /home/airflow/.local/lib/python3.12/site-packages/airflow/example_dags/example_short_circuit_decorator.py for tasks to queue
[2025-07-01T02:39:44.958+0000] {logging_mixin.py:190} INFO - [2025-07-01T02:39:44.958+0000] {dagbag.py:588} INFO - Filling up the DagBag from /home/airflow/.local/lib/python3.12/site-packages/airflow/example_dags/example_short_circuit_decorator.py
[2025-07-01T02:39:44.968+0000] {processor.py:925} INFO - DAG(s) 'example_short_circuit_decorator' retrieved from /home/airflow/.local/lib/python3.12/site-packages/airflow/example_dags/example_short_circuit_decorator.py
[2025-07-01T02:39:44.990+0000] {logging_mixin.py:190} INFO - [2025-07-01T02:39:44.990+0000] {dag.py:3239} INFO - Sync 1 DAGs
[2025-07-01T02:39:45.003+0000] {logging_mixin.py:190} INFO - [2025-07-01T02:39:45.003+0000] {dag.py:4180} INFO - Setting next_dagrun for example_short_circuit_decorator to None, run_after=None
[2025-07-01T02:39:45.020+0000] {processor.py:208} INFO - Processing /home/airflow/.local/lib/python3.12/site-packages/airflow/example_dags/example_short_circuit_decorator.py took 0.072 seconds
[2025-07-01T02:40:16.012+0000] {processor.py:186} INFO - Started process (PID=10534) to work on /home/airflow/.local/lib/python3.12/site-packages/airflow/example_dags/example_short_circuit_decorator.py
[2025-07-01T02:40:16.013+0000] {processor.py:914} INFO - Processing file /home/airflow/.local/lib/python3.12/site-packages/airflow/example_dags/example_short_circuit_decorator.py for tasks to queue
[2025-07-01T02:40:16.016+0000] {logging_mixin.py:190} INFO - [2025-07-01T02:40:16.015+0000] {dagbag.py:588} INFO - Filling up the DagBag from /home/airflow/.local/lib/python3.12/site-packages/airflow/example_dags/example_short_circuit_decorator.py
[2025-07-01T02:40:16.026+0000] {processor.py:925} INFO - DAG(s) 'example_short_circuit_decorator' retrieved from /home/airflow/.local/lib/python3.12/site-packages/airflow/example_dags/example_short_circuit_decorator.py
[2025-07-01T02:40:16.052+0000] {logging_mixin.py:190} INFO - [2025-07-01T02:40:16.052+0000] {dag.py:3239} INFO - Sync 1 DAGs
[2025-07-01T02:40:16.068+0000] {logging_mixin.py:190} INFO - [2025-07-01T02:40:16.067+0000] {dag.py:4180} INFO - Setting next_dagrun for example_short_circuit_decorator to None, run_after=None
[2025-07-01T02:40:16.089+0000] {processor.py:208} INFO - Processing /home/airflow/.local/lib/python3.12/site-packages/airflow/example_dags/example_short_circuit_decorator.py took 0.083 seconds
[2025-07-01T02:40:46.743+0000] {processor.py:186} INFO - Started process (PID=10596) to work on /home/airflow/.local/lib/python3.12/site-packages/airflow/example_dags/example_short_circuit_decorator.py
[2025-07-01T02:40:46.745+0000] {processor.py:914} INFO - Processing file /home/airflow/.local/lib/python3.12/site-packages/airflow/example_dags/example_short_circuit_decorator.py for tasks to queue
[2025-07-01T02:40:46.747+0000] {logging_mixin.py:190} INFO - [2025-07-01T02:40:46.747+0000] {dagbag.py:588} INFO - Filling up the DagBag from /home/airflow/.local/lib/python3.12/site-packages/airflow/example_dags/example_short_circuit_decorator.py
[2025-07-01T02:40:46.757+0000] {processor.py:925} INFO - DAG(s) 'example_short_circuit_decorator' retrieved from /home/airflow/.local/lib/python3.12/site-packages/airflow/example_dags/example_short_circuit_decorator.py
[2025-07-01T02:40:46.783+0000] {logging_mixin.py:190} INFO - [2025-07-01T02:40:46.782+0000] {dag.py:3239} INFO - Sync 1 DAGs
[2025-07-01T02:40:46.796+0000] {logging_mixin.py:190} INFO - [2025-07-01T02:40:46.796+0000] {dag.py:4180} INFO - Setting next_dagrun for example_short_circuit_decorator to None, run_after=None
[2025-07-01T02:40:46.814+0000] {processor.py:208} INFO - Processing /home/airflow/.local/lib/python3.12/site-packages/airflow/example_dags/example_short_circuit_decorator.py took 0.077 seconds
[2025-07-01T02:41:17.682+0000] {processor.py:186} INFO - Started process (PID=10658) to work on /home/airflow/.local/lib/python3.12/site-packages/airflow/example_dags/example_short_circuit_decorator.py
[2025-07-01T02:41:17.683+0000] {processor.py:914} INFO - Processing file /home/airflow/.local/lib/python3.12/site-packages/airflow/example_dags/example_short_circuit_decorator.py for tasks to queue
[2025-07-01T02:41:17.686+0000] {logging_mixin.py:190} INFO - [2025-07-01T02:41:17.685+0000] {dagbag.py:588} INFO - Filling up the DagBag from /home/airflow/.local/lib/python3.12/site-packages/airflow/example_dags/example_short_circuit_decorator.py
[2025-07-01T02:41:17.695+0000] {processor.py:925} INFO - DAG(s) 'example_short_circuit_decorator' retrieved from /home/airflow/.local/lib/python3.12/site-packages/airflow/example_dags/example_short_circuit_decorator.py
[2025-07-01T02:41:17.719+0000] {logging_mixin.py:190} INFO - [2025-07-01T02:41:17.718+0000] {dag.py:3239} INFO - Sync 1 DAGs
[2025-07-01T02:41:17.732+0000] {logging_mixin.py:190} INFO - [2025-07-01T02:41:17.732+0000] {dag.py:4180} INFO - Setting next_dagrun for example_short_circuit_decorator to None, run_after=None
[2025-07-01T02:41:17.749+0000] {processor.py:208} INFO - Processing /home/airflow/.local/lib/python3.12/site-packages/airflow/example_dags/example_short_circuit_decorator.py took 0.073 seconds
[2025-07-01T02:48:40.121+0000] {processor.py:186} INFO - Started process (PID=10688) to work on /home/airflow/.local/lib/python3.12/site-packages/airflow/example_dags/example_short_circuit_decorator.py
[2025-07-01T02:48:40.149+0000] {processor.py:914} INFO - Processing file /home/airflow/.local/lib/python3.12/site-packages/airflow/example_dags/example_short_circuit_decorator.py for tasks to queue
[2025-07-01T02:48:40.167+0000] {logging_mixin.py:190} INFO - [2025-07-01T02:48:40.161+0000] {dagbag.py:588} INFO - Filling up the DagBag from /home/airflow/.local/lib/python3.12/site-packages/airflow/example_dags/example_short_circuit_decorator.py
[2025-07-01T02:48:40.234+0000] {processor.py:925} INFO - DAG(s) 'example_short_circuit_decorator' retrieved from /home/airflow/.local/lib/python3.12/site-packages/airflow/example_dags/example_short_circuit_decorator.py
[2025-07-01T02:48:40.360+0000] {logging_mixin.py:190} INFO - [2025-07-01T02:48:40.359+0000] {dag.py:3239} INFO - Sync 1 DAGs
[2025-07-01T02:48:40.434+0000] {logging_mixin.py:190} INFO - [2025-07-01T02:48:40.428+0000] {dag.py:4180} INFO - Setting next_dagrun for example_short_circuit_decorator to None, run_after=None
[2025-07-01T02:48:40.536+0000] {processor.py:208} INFO - Processing /home/airflow/.local/lib/python3.12/site-packages/airflow/example_dags/example_short_circuit_decorator.py took 0.441 seconds
[2025-07-01T02:49:10.812+0000] {processor.py:186} INFO - Started process (PID=10750) to work on /home/airflow/.local/lib/python3.12/site-packages/airflow/example_dags/example_short_circuit_decorator.py
[2025-07-01T02:49:10.813+0000] {processor.py:914} INFO - Processing file /home/airflow/.local/lib/python3.12/site-packages/airflow/example_dags/example_short_circuit_decorator.py for tasks to queue
[2025-07-01T02:49:10.816+0000] {logging_mixin.py:190} INFO - [2025-07-01T02:49:10.816+0000] {dagbag.py:588} INFO - Filling up the DagBag from /home/airflow/.local/lib/python3.12/site-packages/airflow/example_dags/example_short_circuit_decorator.py
[2025-07-01T02:49:10.828+0000] {processor.py:925} INFO - DAG(s) 'example_short_circuit_decorator' retrieved from /home/airflow/.local/lib/python3.12/site-packages/airflow/example_dags/example_short_circuit_decorator.py
[2025-07-01T02:49:10.856+0000] {logging_mixin.py:190} INFO - [2025-07-01T02:49:10.855+0000] {dag.py:3239} INFO - Sync 1 DAGs
[2025-07-01T02:49:10.873+0000] {logging_mixin.py:190} INFO - [2025-07-01T02:49:10.872+0000] {dag.py:4180} INFO - Setting next_dagrun for example_short_circuit_decorator to None, run_after=None
[2025-07-01T02:49:10.903+0000] {processor.py:208} INFO - Processing /home/airflow/.local/lib/python3.12/site-packages/airflow/example_dags/example_short_circuit_decorator.py took 0.099 seconds
[2025-07-01T02:49:41.254+0000] {processor.py:186} INFO - Started process (PID=10812) to work on /home/airflow/.local/lib/python3.12/site-packages/airflow/example_dags/example_short_circuit_decorator.py
[2025-07-01T02:49:41.255+0000] {processor.py:914} INFO - Processing file /home/airflow/.local/lib/python3.12/site-packages/airflow/example_dags/example_short_circuit_decorator.py for tasks to queue
[2025-07-01T02:49:41.259+0000] {logging_mixin.py:190} INFO - [2025-07-01T02:49:41.258+0000] {dagbag.py:588} INFO - Filling up the DagBag from /home/airflow/.local/lib/python3.12/site-packages/airflow/example_dags/example_short_circuit_decorator.py
[2025-07-01T02:49:41.271+0000] {processor.py:925} INFO - DAG(s) 'example_short_circuit_decorator' retrieved from /home/airflow/.local/lib/python3.12/site-packages/airflow/example_dags/example_short_circuit_decorator.py
[2025-07-01T02:49:41.303+0000] {logging_mixin.py:190} INFO - [2025-07-01T02:49:41.303+0000] {dag.py:3239} INFO - Sync 1 DAGs
[2025-07-01T02:49:41.322+0000] {logging_mixin.py:190} INFO - [2025-07-01T02:49:41.321+0000] {dag.py:4180} INFO - Setting next_dagrun for example_short_circuit_decorator to None, run_after=None
[2025-07-01T02:49:41.354+0000] {processor.py:208} INFO - Processing /home/airflow/.local/lib/python3.12/site-packages/airflow/example_dags/example_short_circuit_decorator.py took 0.108 seconds
[2025-07-01T02:50:11.414+0000] {processor.py:186} INFO - Started process (PID=10874) to work on /home/airflow/.local/lib/python3.12/site-packages/airflow/example_dags/example_short_circuit_decorator.py
[2025-07-01T02:50:11.415+0000] {processor.py:914} INFO - Processing file /home/airflow/.local/lib/python3.12/site-packages/airflow/example_dags/example_short_circuit_decorator.py for tasks to queue
[2025-07-01T02:50:11.418+0000] {logging_mixin.py:190} INFO - [2025-07-01T02:50:11.417+0000] {dagbag.py:588} INFO - Filling up the DagBag from /home/airflow/.local/lib/python3.12/site-packages/airflow/example_dags/example_short_circuit_decorator.py
[2025-07-01T02:50:11.428+0000] {processor.py:925} INFO - DAG(s) 'example_short_circuit_decorator' retrieved from /home/airflow/.local/lib/python3.12/site-packages/airflow/example_dags/example_short_circuit_decorator.py
[2025-07-01T02:50:11.452+0000] {logging_mixin.py:190} INFO - [2025-07-01T02:50:11.452+0000] {dag.py:3239} INFO - Sync 1 DAGs
[2025-07-01T02:50:11.465+0000] {logging_mixin.py:190} INFO - [2025-07-01T02:50:11.465+0000] {dag.py:4180} INFO - Setting next_dagrun for example_short_circuit_decorator to None, run_after=None
[2025-07-01T02:50:11.492+0000] {processor.py:208} INFO - Processing /home/airflow/.local/lib/python3.12/site-packages/airflow/example_dags/example_short_circuit_decorator.py took 0.084 seconds
[2025-07-01T02:50:42.162+0000] {processor.py:186} INFO - Started process (PID=10935) to work on /home/airflow/.local/lib/python3.12/site-packages/airflow/example_dags/example_short_circuit_decorator.py
[2025-07-01T02:50:42.163+0000] {processor.py:914} INFO - Processing file /home/airflow/.local/lib/python3.12/site-packages/airflow/example_dags/example_short_circuit_decorator.py for tasks to queue
[2025-07-01T02:50:42.167+0000] {logging_mixin.py:190} INFO - [2025-07-01T02:50:42.166+0000] {dagbag.py:588} INFO - Filling up the DagBag from /home/airflow/.local/lib/python3.12/site-packages/airflow/example_dags/example_short_circuit_decorator.py
[2025-07-01T02:50:42.176+0000] {processor.py:925} INFO - DAG(s) 'example_short_circuit_decorator' retrieved from /home/airflow/.local/lib/python3.12/site-packages/airflow/example_dags/example_short_circuit_decorator.py
[2025-07-01T02:50:42.207+0000] {logging_mixin.py:190} INFO - [2025-07-01T02:50:42.207+0000] {dag.py:3239} INFO - Sync 1 DAGs
[2025-07-01T02:50:42.224+0000] {logging_mixin.py:190} INFO - [2025-07-01T02:50:42.223+0000] {dag.py:4180} INFO - Setting next_dagrun for example_short_circuit_decorator to None, run_after=None
[2025-07-01T02:50:42.251+0000] {processor.py:208} INFO - Processing /home/airflow/.local/lib/python3.12/site-packages/airflow/example_dags/example_short_circuit_decorator.py took 0.095 seconds
[2025-07-01T02:51:12.357+0000] {processor.py:186} INFO - Started process (PID=10998) to work on /home/airflow/.local/lib/python3.12/site-packages/airflow/example_dags/example_short_circuit_decorator.py
[2025-07-01T02:51:12.359+0000] {processor.py:914} INFO - Processing file /home/airflow/.local/lib/python3.12/site-packages/airflow/example_dags/example_short_circuit_decorator.py for tasks to queue
[2025-07-01T02:51:12.361+0000] {logging_mixin.py:190} INFO - [2025-07-01T02:51:12.361+0000] {dagbag.py:588} INFO - Filling up the DagBag from /home/airflow/.local/lib/python3.12/site-packages/airflow/example_dags/example_short_circuit_decorator.py
[2025-07-01T02:51:12.370+0000] {processor.py:925} INFO - DAG(s) 'example_short_circuit_decorator' retrieved from /home/airflow/.local/lib/python3.12/site-packages/airflow/example_dags/example_short_circuit_decorator.py
[2025-07-01T02:51:12.392+0000] {logging_mixin.py:190} INFO - [2025-07-01T02:51:12.392+0000] {dag.py:3239} INFO - Sync 1 DAGs
[2025-07-01T02:51:12.405+0000] {logging_mixin.py:190} INFO - [2025-07-01T02:51:12.405+0000] {dag.py:4180} INFO - Setting next_dagrun for example_short_circuit_decorator to None, run_after=None
[2025-07-01T02:51:12.431+0000] {processor.py:208} INFO - Processing /home/airflow/.local/lib/python3.12/site-packages/airflow/example_dags/example_short_circuit_decorator.py took 0.079 seconds
[2025-07-01T02:51:42.476+0000] {processor.py:186} INFO - Started process (PID=11060) to work on /home/airflow/.local/lib/python3.12/site-packages/airflow/example_dags/example_short_circuit_decorator.py
[2025-07-01T02:51:42.478+0000] {processor.py:914} INFO - Processing file /home/airflow/.local/lib/python3.12/site-packages/airflow/example_dags/example_short_circuit_decorator.py for tasks to queue
[2025-07-01T02:51:42.481+0000] {logging_mixin.py:190} INFO - [2025-07-01T02:51:42.480+0000] {dagbag.py:588} INFO - Filling up the DagBag from /home/airflow/.local/lib/python3.12/site-packages/airflow/example_dags/example_short_circuit_decorator.py
[2025-07-01T02:51:42.490+0000] {processor.py:925} INFO - DAG(s) 'example_short_circuit_decorator' retrieved from /home/airflow/.local/lib/python3.12/site-packages/airflow/example_dags/example_short_circuit_decorator.py
[2025-07-01T02:51:42.513+0000] {logging_mixin.py:190} INFO - [2025-07-01T02:51:42.513+0000] {dag.py:3239} INFO - Sync 1 DAGs
[2025-07-01T02:51:42.526+0000] {logging_mixin.py:190} INFO - [2025-07-01T02:51:42.525+0000] {dag.py:4180} INFO - Setting next_dagrun for example_short_circuit_decorator to None, run_after=None
[2025-07-01T02:51:42.553+0000] {processor.py:208} INFO - Processing /home/airflow/.local/lib/python3.12/site-packages/airflow/example_dags/example_short_circuit_decorator.py took 0.082 seconds
[2025-07-01T02:52:12.901+0000] {processor.py:186} INFO - Started process (PID=11122) to work on /home/airflow/.local/lib/python3.12/site-packages/airflow/example_dags/example_short_circuit_decorator.py
[2025-07-01T02:52:12.903+0000] {processor.py:914} INFO - Processing file /home/airflow/.local/lib/python3.12/site-packages/airflow/example_dags/example_short_circuit_decorator.py for tasks to queue
[2025-07-01T02:52:12.908+0000] {logging_mixin.py:190} INFO - [2025-07-01T02:52:12.907+0000] {dagbag.py:588} INFO - Filling up the DagBag from /home/airflow/.local/lib/python3.12/site-packages/airflow/example_dags/example_short_circuit_decorator.py
[2025-07-01T02:52:12.924+0000] {processor.py:925} INFO - DAG(s) 'example_short_circuit_decorator' retrieved from /home/airflow/.local/lib/python3.12/site-packages/airflow/example_dags/example_short_circuit_decorator.py
[2025-07-01T02:52:12.956+0000] {logging_mixin.py:190} INFO - [2025-07-01T02:52:12.956+0000] {dag.py:3239} INFO - Sync 1 DAGs
[2025-07-01T02:52:12.977+0000] {logging_mixin.py:190} INFO - [2025-07-01T02:52:12.977+0000] {dag.py:4180} INFO - Setting next_dagrun for example_short_circuit_decorator to None, run_after=None
[2025-07-01T02:52:12.996+0000] {processor.py:208} INFO - Processing /home/airflow/.local/lib/python3.12/site-packages/airflow/example_dags/example_short_circuit_decorator.py took 0.111 seconds
[2025-07-01T02:52:43.244+0000] {processor.py:186} INFO - Started process (PID=11184) to work on /home/airflow/.local/lib/python3.12/site-packages/airflow/example_dags/example_short_circuit_decorator.py
[2025-07-01T02:52:43.245+0000] {processor.py:914} INFO - Processing file /home/airflow/.local/lib/python3.12/site-packages/airflow/example_dags/example_short_circuit_decorator.py for tasks to queue
[2025-07-01T02:52:43.248+0000] {logging_mixin.py:190} INFO - [2025-07-01T02:52:43.248+0000] {dagbag.py:588} INFO - Filling up the DagBag from /home/airflow/.local/lib/python3.12/site-packages/airflow/example_dags/example_short_circuit_decorator.py
[2025-07-01T02:52:43.257+0000] {processor.py:925} INFO - DAG(s) 'example_short_circuit_decorator' retrieved from /home/airflow/.local/lib/python3.12/site-packages/airflow/example_dags/example_short_circuit_decorator.py
[2025-07-01T02:52:43.281+0000] {logging_mixin.py:190} INFO - [2025-07-01T02:52:43.281+0000] {dag.py:3239} INFO - Sync 1 DAGs
[2025-07-01T02:52:43.296+0000] {logging_mixin.py:190} INFO - [2025-07-01T02:52:43.295+0000] {dag.py:4180} INFO - Setting next_dagrun for example_short_circuit_decorator to None, run_after=None
[2025-07-01T02:52:43.313+0000] {processor.py:208} INFO - Processing /home/airflow/.local/lib/python3.12/site-packages/airflow/example_dags/example_short_circuit_decorator.py took 0.075 seconds
[2025-07-01T02:53:13.453+0000] {processor.py:186} INFO - Started process (PID=11246) to work on /home/airflow/.local/lib/python3.12/site-packages/airflow/example_dags/example_short_circuit_decorator.py
[2025-07-01T02:53:13.454+0000] {processor.py:914} INFO - Processing file /home/airflow/.local/lib/python3.12/site-packages/airflow/example_dags/example_short_circuit_decorator.py for tasks to queue
[2025-07-01T02:53:13.457+0000] {logging_mixin.py:190} INFO - [2025-07-01T02:53:13.457+0000] {dagbag.py:588} INFO - Filling up the DagBag from /home/airflow/.local/lib/python3.12/site-packages/airflow/example_dags/example_short_circuit_decorator.py
[2025-07-01T02:53:13.467+0000] {processor.py:925} INFO - DAG(s) 'example_short_circuit_decorator' retrieved from /home/airflow/.local/lib/python3.12/site-packages/airflow/example_dags/example_short_circuit_decorator.py
[2025-07-01T02:53:13.489+0000] {logging_mixin.py:190} INFO - [2025-07-01T02:53:13.488+0000] {dag.py:3239} INFO - Sync 1 DAGs
[2025-07-01T02:53:13.502+0000] {logging_mixin.py:190} INFO - [2025-07-01T02:53:13.502+0000] {dag.py:4180} INFO - Setting next_dagrun for example_short_circuit_decorator to None, run_after=None
[2025-07-01T02:53:13.518+0000] {processor.py:208} INFO - Processing /home/airflow/.local/lib/python3.12/site-packages/airflow/example_dags/example_short_circuit_decorator.py took 0.072 seconds
[2025-07-01T02:53:43.767+0000] {processor.py:186} INFO - Started process (PID=11308) to work on /home/airflow/.local/lib/python3.12/site-packages/airflow/example_dags/example_short_circuit_decorator.py
[2025-07-01T02:53:43.768+0000] {processor.py:914} INFO - Processing file /home/airflow/.local/lib/python3.12/site-packages/airflow/example_dags/example_short_circuit_decorator.py for tasks to queue
[2025-07-01T02:53:43.771+0000] {logging_mixin.py:190} INFO - [2025-07-01T02:53:43.771+0000] {dagbag.py:588} INFO - Filling up the DagBag from /home/airflow/.local/lib/python3.12/site-packages/airflow/example_dags/example_short_circuit_decorator.py
[2025-07-01T02:53:43.780+0000] {processor.py:925} INFO - DAG(s) 'example_short_circuit_decorator' retrieved from /home/airflow/.local/lib/python3.12/site-packages/airflow/example_dags/example_short_circuit_decorator.py
[2025-07-01T02:53:43.803+0000] {logging_mixin.py:190} INFO - [2025-07-01T02:53:43.802+0000] {dag.py:3239} INFO - Sync 1 DAGs
[2025-07-01T02:53:43.816+0000] {logging_mixin.py:190} INFO - [2025-07-01T02:53:43.816+0000] {dag.py:4180} INFO - Setting next_dagrun for example_short_circuit_decorator to None, run_after=None
[2025-07-01T02:53:43.847+0000] {processor.py:208} INFO - Processing /home/airflow/.local/lib/python3.12/site-packages/airflow/example_dags/example_short_circuit_decorator.py took 0.087 seconds
[2025-07-01T02:54:13.985+0000] {processor.py:186} INFO - Started process (PID=11370) to work on /home/airflow/.local/lib/python3.12/site-packages/airflow/example_dags/example_short_circuit_decorator.py
[2025-07-01T02:54:13.986+0000] {processor.py:914} INFO - Processing file /home/airflow/.local/lib/python3.12/site-packages/airflow/example_dags/example_short_circuit_decorator.py for tasks to queue
[2025-07-01T02:54:13.989+0000] {logging_mixin.py:190} INFO - [2025-07-01T02:54:13.989+0000] {dagbag.py:588} INFO - Filling up the DagBag from /home/airflow/.local/lib/python3.12/site-packages/airflow/example_dags/example_short_circuit_decorator.py
[2025-07-01T02:54:13.999+0000] {processor.py:925} INFO - DAG(s) 'example_short_circuit_decorator' retrieved from /home/airflow/.local/lib/python3.12/site-packages/airflow/example_dags/example_short_circuit_decorator.py
[2025-07-01T02:54:14.024+0000] {logging_mixin.py:190} INFO - [2025-07-01T02:54:14.023+0000] {dag.py:3239} INFO - Sync 1 DAGs
[2025-07-01T02:54:14.038+0000] {logging_mixin.py:190} INFO - [2025-07-01T02:54:14.038+0000] {dag.py:4180} INFO - Setting next_dagrun for example_short_circuit_decorator to None, run_after=None
[2025-07-01T02:54:14.056+0000] {processor.py:208} INFO - Processing /home/airflow/.local/lib/python3.12/site-packages/airflow/example_dags/example_short_circuit_decorator.py took 0.077 seconds
[2025-07-01T02:54:44.766+0000] {processor.py:186} INFO - Started process (PID=11432) to work on /home/airflow/.local/lib/python3.12/site-packages/airflow/example_dags/example_short_circuit_decorator.py
[2025-07-01T02:54:44.768+0000] {processor.py:914} INFO - Processing file /home/airflow/.local/lib/python3.12/site-packages/airflow/example_dags/example_short_circuit_decorator.py for tasks to queue
[2025-07-01T02:54:44.771+0000] {logging_mixin.py:190} INFO - [2025-07-01T02:54:44.771+0000] {dagbag.py:588} INFO - Filling up the DagBag from /home/airflow/.local/lib/python3.12/site-packages/airflow/example_dags/example_short_circuit_decorator.py
[2025-07-01T02:54:44.780+0000] {processor.py:925} INFO - DAG(s) 'example_short_circuit_decorator' retrieved from /home/airflow/.local/lib/python3.12/site-packages/airflow/example_dags/example_short_circuit_decorator.py
[2025-07-01T02:54:44.802+0000] {logging_mixin.py:190} INFO - [2025-07-01T02:54:44.802+0000] {dag.py:3239} INFO - Sync 1 DAGs
[2025-07-01T02:54:44.816+0000] {logging_mixin.py:190} INFO - [2025-07-01T02:54:44.816+0000] {dag.py:4180} INFO - Setting next_dagrun for example_short_circuit_decorator to None, run_after=None
[2025-07-01T02:54:44.832+0000] {processor.py:208} INFO - Processing /home/airflow/.local/lib/python3.12/site-packages/airflow/example_dags/example_short_circuit_decorator.py took 0.072 seconds
[2025-07-01T02:55:15.629+0000] {processor.py:186} INFO - Started process (PID=11494) to work on /home/airflow/.local/lib/python3.12/site-packages/airflow/example_dags/example_short_circuit_decorator.py
[2025-07-01T02:55:15.630+0000] {processor.py:914} INFO - Processing file /home/airflow/.local/lib/python3.12/site-packages/airflow/example_dags/example_short_circuit_decorator.py for tasks to queue
[2025-07-01T02:55:15.634+0000] {logging_mixin.py:190} INFO - [2025-07-01T02:55:15.634+0000] {dagbag.py:588} INFO - Filling up the DagBag from /home/airflow/.local/lib/python3.12/site-packages/airflow/example_dags/example_short_circuit_decorator.py
[2025-07-01T02:55:15.645+0000] {processor.py:925} INFO - DAG(s) 'example_short_circuit_decorator' retrieved from /home/airflow/.local/lib/python3.12/site-packages/airflow/example_dags/example_short_circuit_decorator.py
[2025-07-01T02:55:15.668+0000] {logging_mixin.py:190} INFO - [2025-07-01T02:55:15.668+0000] {dag.py:3239} INFO - Sync 1 DAGs
[2025-07-01T02:55:15.682+0000] {logging_mixin.py:190} INFO - [2025-07-01T02:55:15.682+0000] {dag.py:4180} INFO - Setting next_dagrun for example_short_circuit_decorator to None, run_after=None
[2025-07-01T02:55:15.701+0000] {processor.py:208} INFO - Processing /home/airflow/.local/lib/python3.12/site-packages/airflow/example_dags/example_short_circuit_decorator.py took 0.080 seconds
[2025-07-01T02:55:46.010+0000] {processor.py:186} INFO - Started process (PID=11556) to work on /home/airflow/.local/lib/python3.12/site-packages/airflow/example_dags/example_short_circuit_decorator.py
[2025-07-01T02:55:46.011+0000] {processor.py:914} INFO - Processing file /home/airflow/.local/lib/python3.12/site-packages/airflow/example_dags/example_short_circuit_decorator.py for tasks to queue
[2025-07-01T02:55:46.015+0000] {logging_mixin.py:190} INFO - [2025-07-01T02:55:46.014+0000] {dagbag.py:588} INFO - Filling up the DagBag from /home/airflow/.local/lib/python3.12/site-packages/airflow/example_dags/example_short_circuit_decorator.py
[2025-07-01T02:55:46.025+0000] {processor.py:925} INFO - DAG(s) 'example_short_circuit_decorator' retrieved from /home/airflow/.local/lib/python3.12/site-packages/airflow/example_dags/example_short_circuit_decorator.py
[2025-07-01T02:55:46.052+0000] {logging_mixin.py:190} INFO - [2025-07-01T02:55:46.052+0000] {dag.py:3239} INFO - Sync 1 DAGs
[2025-07-01T02:55:46.067+0000] {logging_mixin.py:190} INFO - [2025-07-01T02:55:46.066+0000] {dag.py:4180} INFO - Setting next_dagrun for example_short_circuit_decorator to None, run_after=None
[2025-07-01T02:55:46.085+0000] {processor.py:208} INFO - Processing /home/airflow/.local/lib/python3.12/site-packages/airflow/example_dags/example_short_circuit_decorator.py took 0.081 seconds
[2025-07-01T02:56:16.614+0000] {processor.py:186} INFO - Started process (PID=11618) to work on /home/airflow/.local/lib/python3.12/site-packages/airflow/example_dags/example_short_circuit_decorator.py
[2025-07-01T02:56:16.615+0000] {processor.py:914} INFO - Processing file /home/airflow/.local/lib/python3.12/site-packages/airflow/example_dags/example_short_circuit_decorator.py for tasks to queue
[2025-07-01T02:56:16.618+0000] {logging_mixin.py:190} INFO - [2025-07-01T02:56:16.618+0000] {dagbag.py:588} INFO - Filling up the DagBag from /home/airflow/.local/lib/python3.12/site-packages/airflow/example_dags/example_short_circuit_decorator.py
[2025-07-01T02:56:16.628+0000] {processor.py:925} INFO - DAG(s) 'example_short_circuit_decorator' retrieved from /home/airflow/.local/lib/python3.12/site-packages/airflow/example_dags/example_short_circuit_decorator.py
[2025-07-01T02:56:16.651+0000] {logging_mixin.py:190} INFO - [2025-07-01T02:56:16.651+0000] {dag.py:3239} INFO - Sync 1 DAGs
[2025-07-01T02:56:16.666+0000] {logging_mixin.py:190} INFO - [2025-07-01T02:56:16.666+0000] {dag.py:4180} INFO - Setting next_dagrun for example_short_circuit_decorator to None, run_after=None
[2025-07-01T02:56:16.683+0000] {processor.py:208} INFO - Processing /home/airflow/.local/lib/python3.12/site-packages/airflow/example_dags/example_short_circuit_decorator.py took 0.075 seconds
[2025-07-01T02:56:47.021+0000] {processor.py:186} INFO - Started process (PID=11680) to work on /home/airflow/.local/lib/python3.12/site-packages/airflow/example_dags/example_short_circuit_decorator.py
[2025-07-01T02:56:47.022+0000] {processor.py:914} INFO - Processing file /home/airflow/.local/lib/python3.12/site-packages/airflow/example_dags/example_short_circuit_decorator.py for tasks to queue
[2025-07-01T02:56:47.025+0000] {logging_mixin.py:190} INFO - [2025-07-01T02:56:47.025+0000] {dagbag.py:588} INFO - Filling up the DagBag from /home/airflow/.local/lib/python3.12/site-packages/airflow/example_dags/example_short_circuit_decorator.py
[2025-07-01T02:56:47.034+0000] {processor.py:925} INFO - DAG(s) 'example_short_circuit_decorator' retrieved from /home/airflow/.local/lib/python3.12/site-packages/airflow/example_dags/example_short_circuit_decorator.py
[2025-07-01T02:56:47.057+0000] {logging_mixin.py:190} INFO - [2025-07-01T02:56:47.057+0000] {dag.py:3239} INFO - Sync 1 DAGs
[2025-07-01T02:56:47.070+0000] {logging_mixin.py:190} INFO - [2025-07-01T02:56:47.070+0000] {dag.py:4180} INFO - Setting next_dagrun for example_short_circuit_decorator to None, run_after=None
[2025-07-01T02:56:47.086+0000] {processor.py:208} INFO - Processing /home/airflow/.local/lib/python3.12/site-packages/airflow/example_dags/example_short_circuit_decorator.py took 0.072 seconds
[2025-07-01T02:57:17.463+0000] {processor.py:186} INFO - Started process (PID=11742) to work on /home/airflow/.local/lib/python3.12/site-packages/airflow/example_dags/example_short_circuit_decorator.py
[2025-07-01T02:57:17.464+0000] {processor.py:914} INFO - Processing file /home/airflow/.local/lib/python3.12/site-packages/airflow/example_dags/example_short_circuit_decorator.py for tasks to queue
[2025-07-01T02:57:17.467+0000] {logging_mixin.py:190} INFO - [2025-07-01T02:57:17.467+0000] {dagbag.py:588} INFO - Filling up the DagBag from /home/airflow/.local/lib/python3.12/site-packages/airflow/example_dags/example_short_circuit_decorator.py
[2025-07-01T02:57:17.476+0000] {processor.py:925} INFO - DAG(s) 'example_short_circuit_decorator' retrieved from /home/airflow/.local/lib/python3.12/site-packages/airflow/example_dags/example_short_circuit_decorator.py
[2025-07-01T02:57:17.498+0000] {logging_mixin.py:190} INFO - [2025-07-01T02:57:17.498+0000] {dag.py:3239} INFO - Sync 1 DAGs
[2025-07-01T02:57:17.511+0000] {logging_mixin.py:190} INFO - [2025-07-01T02:57:17.511+0000] {dag.py:4180} INFO - Setting next_dagrun for example_short_circuit_decorator to None, run_after=None
[2025-07-01T02:57:17.527+0000] {processor.py:208} INFO - Processing /home/airflow/.local/lib/python3.12/site-packages/airflow/example_dags/example_short_circuit_decorator.py took 0.070 seconds
[2025-07-01T02:57:47.718+0000] {processor.py:186} INFO - Started process (PID=11804) to work on /home/airflow/.local/lib/python3.12/site-packages/airflow/example_dags/example_short_circuit_decorator.py
[2025-07-01T02:57:47.719+0000] {processor.py:914} INFO - Processing file /home/airflow/.local/lib/python3.12/site-packages/airflow/example_dags/example_short_circuit_decorator.py for tasks to queue
[2025-07-01T02:57:47.722+0000] {logging_mixin.py:190} INFO - [2025-07-01T02:57:47.722+0000] {dagbag.py:588} INFO - Filling up the DagBag from /home/airflow/.local/lib/python3.12/site-packages/airflow/example_dags/example_short_circuit_decorator.py
[2025-07-01T02:57:47.732+0000] {processor.py:925} INFO - DAG(s) 'example_short_circuit_decorator' retrieved from /home/airflow/.local/lib/python3.12/site-packages/airflow/example_dags/example_short_circuit_decorator.py
[2025-07-01T02:57:47.755+0000] {logging_mixin.py:190} INFO - [2025-07-01T02:57:47.755+0000] {dag.py:3239} INFO - Sync 1 DAGs
[2025-07-01T02:57:47.769+0000] {logging_mixin.py:190} INFO - [2025-07-01T02:57:47.769+0000] {dag.py:4180} INFO - Setting next_dagrun for example_short_circuit_decorator to None, run_after=None
[2025-07-01T02:57:47.789+0000] {processor.py:208} INFO - Processing /home/airflow/.local/lib/python3.12/site-packages/airflow/example_dags/example_short_circuit_decorator.py took 0.077 seconds
[2025-07-01T02:58:18.445+0000] {processor.py:186} INFO - Started process (PID=11866) to work on /home/airflow/.local/lib/python3.12/site-packages/airflow/example_dags/example_short_circuit_decorator.py
[2025-07-01T02:58:18.446+0000] {processor.py:914} INFO - Processing file /home/airflow/.local/lib/python3.12/site-packages/airflow/example_dags/example_short_circuit_decorator.py for tasks to queue
[2025-07-01T02:58:18.449+0000] {logging_mixin.py:190} INFO - [2025-07-01T02:58:18.449+0000] {dagbag.py:588} INFO - Filling up the DagBag from /home/airflow/.local/lib/python3.12/site-packages/airflow/example_dags/example_short_circuit_decorator.py
[2025-07-01T02:58:18.459+0000] {processor.py:925} INFO - DAG(s) 'example_short_circuit_decorator' retrieved from /home/airflow/.local/lib/python3.12/site-packages/airflow/example_dags/example_short_circuit_decorator.py
[2025-07-01T02:58:18.481+0000] {logging_mixin.py:190} INFO - [2025-07-01T02:58:18.480+0000] {dag.py:3239} INFO - Sync 1 DAGs
[2025-07-01T02:58:18.494+0000] {logging_mixin.py:190} INFO - [2025-07-01T02:58:18.493+0000] {dag.py:4180} INFO - Setting next_dagrun for example_short_circuit_decorator to None, run_after=None
[2025-07-01T02:58:18.530+0000] {processor.py:208} INFO - Processing /home/airflow/.local/lib/python3.12/site-packages/airflow/example_dags/example_short_circuit_decorator.py took 0.092 seconds
[2025-07-01T02:58:49.321+0000] {processor.py:186} INFO - Started process (PID=11928) to work on /home/airflow/.local/lib/python3.12/site-packages/airflow/example_dags/example_short_circuit_decorator.py
[2025-07-01T02:58:49.322+0000] {processor.py:914} INFO - Processing file /home/airflow/.local/lib/python3.12/site-packages/airflow/example_dags/example_short_circuit_decorator.py for tasks to queue
[2025-07-01T02:58:49.325+0000] {logging_mixin.py:190} INFO - [2025-07-01T02:58:49.325+0000] {dagbag.py:588} INFO - Filling up the DagBag from /home/airflow/.local/lib/python3.12/site-packages/airflow/example_dags/example_short_circuit_decorator.py
[2025-07-01T02:58:49.335+0000] {processor.py:925} INFO - DAG(s) 'example_short_circuit_decorator' retrieved from /home/airflow/.local/lib/python3.12/site-packages/airflow/example_dags/example_short_circuit_decorator.py
[2025-07-01T02:58:49.357+0000] {logging_mixin.py:190} INFO - [2025-07-01T02:58:49.356+0000] {dag.py:3239} INFO - Sync 1 DAGs
[2025-07-01T02:58:49.370+0000] {logging_mixin.py:190} INFO - [2025-07-01T02:58:49.370+0000] {dag.py:4180} INFO - Setting next_dagrun for example_short_circuit_decorator to None, run_after=None
[2025-07-01T02:58:49.388+0000] {processor.py:208} INFO - Processing /home/airflow/.local/lib/python3.12/site-packages/airflow/example_dags/example_short_circuit_decorator.py took 0.073 seconds
[2025-07-01T02:59:20.316+0000] {processor.py:186} INFO - Started process (PID=11990) to work on /home/airflow/.local/lib/python3.12/site-packages/airflow/example_dags/example_short_circuit_decorator.py
[2025-07-01T02:59:20.317+0000] {processor.py:914} INFO - Processing file /home/airflow/.local/lib/python3.12/site-packages/airflow/example_dags/example_short_circuit_decorator.py for tasks to queue
[2025-07-01T02:59:20.321+0000] {logging_mixin.py:190} INFO - [2025-07-01T02:59:20.321+0000] {dagbag.py:588} INFO - Filling up the DagBag from /home/airflow/.local/lib/python3.12/site-packages/airflow/example_dags/example_short_circuit_decorator.py
[2025-07-01T02:59:20.331+0000] {processor.py:925} INFO - DAG(s) 'example_short_circuit_decorator' retrieved from /home/airflow/.local/lib/python3.12/site-packages/airflow/example_dags/example_short_circuit_decorator.py
[2025-07-01T02:59:20.353+0000] {logging_mixin.py:190} INFO - [2025-07-01T02:59:20.353+0000] {dag.py:3239} INFO - Sync 1 DAGs
[2025-07-01T02:59:20.369+0000] {logging_mixin.py:190} INFO - [2025-07-01T02:59:20.369+0000] {dag.py:4180} INFO - Setting next_dagrun for example_short_circuit_decorator to None, run_after=None
[2025-07-01T02:59:20.390+0000] {processor.py:208} INFO - Processing /home/airflow/.local/lib/python3.12/site-packages/airflow/example_dags/example_short_circuit_decorator.py took 0.080 seconds
[2025-07-01T02:59:51.261+0000] {processor.py:186} INFO - Started process (PID=12052) to work on /home/airflow/.local/lib/python3.12/site-packages/airflow/example_dags/example_short_circuit_decorator.py
[2025-07-01T02:59:51.263+0000] {processor.py:914} INFO - Processing file /home/airflow/.local/lib/python3.12/site-packages/airflow/example_dags/example_short_circuit_decorator.py for tasks to queue
[2025-07-01T02:59:51.266+0000] {logging_mixin.py:190} INFO - [2025-07-01T02:59:51.265+0000] {dagbag.py:588} INFO - Filling up the DagBag from /home/airflow/.local/lib/python3.12/site-packages/airflow/example_dags/example_short_circuit_decorator.py
[2025-07-01T02:59:51.275+0000] {processor.py:925} INFO - DAG(s) 'example_short_circuit_decorator' retrieved from /home/airflow/.local/lib/python3.12/site-packages/airflow/example_dags/example_short_circuit_decorator.py
[2025-07-01T02:59:51.297+0000] {logging_mixin.py:190} INFO - [2025-07-01T02:59:51.297+0000] {dag.py:3239} INFO - Sync 1 DAGs
[2025-07-01T02:59:51.310+0000] {logging_mixin.py:190} INFO - [2025-07-01T02:59:51.310+0000] {dag.py:4180} INFO - Setting next_dagrun for example_short_circuit_decorator to None, run_after=None
[2025-07-01T02:59:51.326+0000] {processor.py:208} INFO - Processing /home/airflow/.local/lib/python3.12/site-packages/airflow/example_dags/example_short_circuit_decorator.py took 0.071 seconds
[2025-07-01T03:00:21.387+0000] {processor.py:186} INFO - Started process (PID=12114) to work on /home/airflow/.local/lib/python3.12/site-packages/airflow/example_dags/example_short_circuit_decorator.py
[2025-07-01T03:00:21.388+0000] {processor.py:914} INFO - Processing file /home/airflow/.local/lib/python3.12/site-packages/airflow/example_dags/example_short_circuit_decorator.py for tasks to queue
[2025-07-01T03:00:21.391+0000] {logging_mixin.py:190} INFO - [2025-07-01T03:00:21.391+0000] {dagbag.py:588} INFO - Filling up the DagBag from /home/airflow/.local/lib/python3.12/site-packages/airflow/example_dags/example_short_circuit_decorator.py
[2025-07-01T03:00:21.402+0000] {processor.py:925} INFO - DAG(s) 'example_short_circuit_decorator' retrieved from /home/airflow/.local/lib/python3.12/site-packages/airflow/example_dags/example_short_circuit_decorator.py
[2025-07-01T03:00:21.427+0000] {logging_mixin.py:190} INFO - [2025-07-01T03:00:21.427+0000] {dag.py:3239} INFO - Sync 1 DAGs
[2025-07-01T03:00:21.441+0000] {logging_mixin.py:190} INFO - [2025-07-01T03:00:21.441+0000] {dag.py:4180} INFO - Setting next_dagrun for example_short_circuit_decorator to None, run_after=None
[2025-07-01T03:00:21.458+0000] {processor.py:208} INFO - Processing /home/airflow/.local/lib/python3.12/site-packages/airflow/example_dags/example_short_circuit_decorator.py took 0.078 seconds
[2025-07-01T03:00:51.501+0000] {processor.py:186} INFO - Started process (PID=12176) to work on /home/airflow/.local/lib/python3.12/site-packages/airflow/example_dags/example_short_circuit_decorator.py
[2025-07-01T03:00:51.502+0000] {processor.py:914} INFO - Processing file /home/airflow/.local/lib/python3.12/site-packages/airflow/example_dags/example_short_circuit_decorator.py for tasks to queue
[2025-07-01T03:00:51.505+0000] {logging_mixin.py:190} INFO - [2025-07-01T03:00:51.505+0000] {dagbag.py:588} INFO - Filling up the DagBag from /home/airflow/.local/lib/python3.12/site-packages/airflow/example_dags/example_short_circuit_decorator.py
[2025-07-01T03:00:51.516+0000] {processor.py:925} INFO - DAG(s) 'example_short_circuit_decorator' retrieved from /home/airflow/.local/lib/python3.12/site-packages/airflow/example_dags/example_short_circuit_decorator.py
[2025-07-01T03:00:51.540+0000] {logging_mixin.py:190} INFO - [2025-07-01T03:00:51.540+0000] {dag.py:3239} INFO - Sync 1 DAGs
[2025-07-01T03:00:51.555+0000] {logging_mixin.py:190} INFO - [2025-07-01T03:00:51.555+0000] {dag.py:4180} INFO - Setting next_dagrun for example_short_circuit_decorator to None, run_after=None
[2025-07-01T03:00:51.573+0000] {processor.py:208} INFO - Processing /home/airflow/.local/lib/python3.12/site-packages/airflow/example_dags/example_short_circuit_decorator.py took 0.078 seconds
[2025-07-01T03:01:21.728+0000] {processor.py:186} INFO - Started process (PID=12237) to work on /home/airflow/.local/lib/python3.12/site-packages/airflow/example_dags/example_short_circuit_decorator.py
[2025-07-01T03:01:21.730+0000] {processor.py:914} INFO - Processing file /home/airflow/.local/lib/python3.12/site-packages/airflow/example_dags/example_short_circuit_decorator.py for tasks to queue
[2025-07-01T03:01:21.733+0000] {logging_mixin.py:190} INFO - [2025-07-01T03:01:21.732+0000] {dagbag.py:588} INFO - Filling up the DagBag from /home/airflow/.local/lib/python3.12/site-packages/airflow/example_dags/example_short_circuit_decorator.py
[2025-07-01T03:01:21.744+0000] {processor.py:925} INFO - DAG(s) 'example_short_circuit_decorator' retrieved from /home/airflow/.local/lib/python3.12/site-packages/airflow/example_dags/example_short_circuit_decorator.py
[2025-07-01T03:01:21.770+0000] {logging_mixin.py:190} INFO - [2025-07-01T03:01:21.769+0000] {dag.py:3239} INFO - Sync 1 DAGs
[2025-07-01T03:01:21.785+0000] {logging_mixin.py:190} INFO - [2025-07-01T03:01:21.785+0000] {dag.py:4180} INFO - Setting next_dagrun for example_short_circuit_decorator to None, run_after=None
[2025-07-01T03:01:21.805+0000] {processor.py:208} INFO - Processing /home/airflow/.local/lib/python3.12/site-packages/airflow/example_dags/example_short_circuit_decorator.py took 0.083 seconds
[2025-07-01T03:01:51.981+0000] {processor.py:186} INFO - Started process (PID=12299) to work on /home/airflow/.local/lib/python3.12/site-packages/airflow/example_dags/example_short_circuit_decorator.py
[2025-07-01T03:01:51.983+0000] {processor.py:914} INFO - Processing file /home/airflow/.local/lib/python3.12/site-packages/airflow/example_dags/example_short_circuit_decorator.py for tasks to queue
[2025-07-01T03:01:51.988+0000] {logging_mixin.py:190} INFO - [2025-07-01T03:01:51.987+0000] {dagbag.py:588} INFO - Filling up the DagBag from /home/airflow/.local/lib/python3.12/site-packages/airflow/example_dags/example_short_circuit_decorator.py
[2025-07-01T03:01:52.092+0000] {processor.py:925} INFO - DAG(s) 'example_short_circuit_decorator' retrieved from /home/airflow/.local/lib/python3.12/site-packages/airflow/example_dags/example_short_circuit_decorator.py
[2025-07-01T03:01:52.154+0000] {logging_mixin.py:190} INFO - [2025-07-01T03:01:52.154+0000] {dag.py:3239} INFO - Sync 1 DAGs
[2025-07-01T03:01:52.246+0000] {logging_mixin.py:190} INFO - [2025-07-01T03:01:52.246+0000] {dag.py:4180} INFO - Setting next_dagrun for example_short_circuit_decorator to None, run_after=None
[2025-07-01T03:01:52.274+0000] {processor.py:208} INFO - Processing /home/airflow/.local/lib/python3.12/site-packages/airflow/example_dags/example_short_circuit_decorator.py took 0.301 seconds
[2025-07-01T03:02:23.068+0000] {processor.py:186} INFO - Started process (PID=12361) to work on /home/airflow/.local/lib/python3.12/site-packages/airflow/example_dags/example_short_circuit_decorator.py
[2025-07-01T03:02:23.072+0000] {processor.py:914} INFO - Processing file /home/airflow/.local/lib/python3.12/site-packages/airflow/example_dags/example_short_circuit_decorator.py for tasks to queue
[2025-07-01T03:02:23.075+0000] {logging_mixin.py:190} INFO - [2025-07-01T03:02:23.075+0000] {dagbag.py:588} INFO - Filling up the DagBag from /home/airflow/.local/lib/python3.12/site-packages/airflow/example_dags/example_short_circuit_decorator.py
[2025-07-01T03:02:23.085+0000] {processor.py:925} INFO - DAG(s) 'example_short_circuit_decorator' retrieved from /home/airflow/.local/lib/python3.12/site-packages/airflow/example_dags/example_short_circuit_decorator.py
[2025-07-01T03:02:23.114+0000] {logging_mixin.py:190} INFO - [2025-07-01T03:02:23.114+0000] {dag.py:3239} INFO - Sync 1 DAGs
[2025-07-01T03:02:23.128+0000] {logging_mixin.py:190} INFO - [2025-07-01T03:02:23.128+0000] {dag.py:4180} INFO - Setting next_dagrun for example_short_circuit_decorator to None, run_after=None
[2025-07-01T03:02:23.149+0000] {processor.py:208} INFO - Processing /home/airflow/.local/lib/python3.12/site-packages/airflow/example_dags/example_short_circuit_decorator.py took 0.088 seconds
[2025-07-01T03:02:53.302+0000] {processor.py:186} INFO - Started process (PID=12423) to work on /home/airflow/.local/lib/python3.12/site-packages/airflow/example_dags/example_short_circuit_decorator.py
[2025-07-01T03:02:53.304+0000] {processor.py:914} INFO - Processing file /home/airflow/.local/lib/python3.12/site-packages/airflow/example_dags/example_short_circuit_decorator.py for tasks to queue
[2025-07-01T03:02:53.309+0000] {logging_mixin.py:190} INFO - [2025-07-01T03:02:53.308+0000] {dagbag.py:588} INFO - Filling up the DagBag from /home/airflow/.local/lib/python3.12/site-packages/airflow/example_dags/example_short_circuit_decorator.py
[2025-07-01T03:02:53.326+0000] {processor.py:925} INFO - DAG(s) 'example_short_circuit_decorator' retrieved from /home/airflow/.local/lib/python3.12/site-packages/airflow/example_dags/example_short_circuit_decorator.py
[2025-07-01T03:02:53.368+0000] {logging_mixin.py:190} INFO - [2025-07-01T03:02:53.368+0000] {dag.py:3239} INFO - Sync 1 DAGs
[2025-07-01T03:02:53.390+0000] {logging_mixin.py:190} INFO - [2025-07-01T03:02:53.390+0000] {dag.py:4180} INFO - Setting next_dagrun for example_short_circuit_decorator to None, run_after=None
[2025-07-01T03:02:53.414+0000] {processor.py:208} INFO - Processing /home/airflow/.local/lib/python3.12/site-packages/airflow/example_dags/example_short_circuit_decorator.py took 0.125 seconds
[2025-07-01T03:03:24.173+0000] {processor.py:186} INFO - Started process (PID=12485) to work on /home/airflow/.local/lib/python3.12/site-packages/airflow/example_dags/example_short_circuit_decorator.py
[2025-07-01T03:03:24.174+0000] {processor.py:914} INFO - Processing file /home/airflow/.local/lib/python3.12/site-packages/airflow/example_dags/example_short_circuit_decorator.py for tasks to queue
[2025-07-01T03:03:24.179+0000] {logging_mixin.py:190} INFO - [2025-07-01T03:03:24.179+0000] {dagbag.py:588} INFO - Filling up the DagBag from /home/airflow/.local/lib/python3.12/site-packages/airflow/example_dags/example_short_circuit_decorator.py
[2025-07-01T03:03:24.192+0000] {processor.py:925} INFO - DAG(s) 'example_short_circuit_decorator' retrieved from /home/airflow/.local/lib/python3.12/site-packages/airflow/example_dags/example_short_circuit_decorator.py
[2025-07-01T03:03:24.220+0000] {logging_mixin.py:190} INFO - [2025-07-01T03:03:24.220+0000] {dag.py:3239} INFO - Sync 1 DAGs
[2025-07-01T03:03:24.239+0000] {logging_mixin.py:190} INFO - [2025-07-01T03:03:24.238+0000] {dag.py:4180} INFO - Setting next_dagrun for example_short_circuit_decorator to None, run_after=None
[2025-07-01T03:03:24.258+0000] {processor.py:208} INFO - Processing /home/airflow/.local/lib/python3.12/site-packages/airflow/example_dags/example_short_circuit_decorator.py took 0.094 seconds
[2025-07-01T03:03:54.370+0000] {processor.py:186} INFO - Started process (PID=12547) to work on /home/airflow/.local/lib/python3.12/site-packages/airflow/example_dags/example_short_circuit_decorator.py
[2025-07-01T03:03:54.371+0000] {processor.py:914} INFO - Processing file /home/airflow/.local/lib/python3.12/site-packages/airflow/example_dags/example_short_circuit_decorator.py for tasks to queue
[2025-07-01T03:03:54.374+0000] {logging_mixin.py:190} INFO - [2025-07-01T03:03:54.374+0000] {dagbag.py:588} INFO - Filling up the DagBag from /home/airflow/.local/lib/python3.12/site-packages/airflow/example_dags/example_short_circuit_decorator.py
[2025-07-01T03:03:54.384+0000] {processor.py:925} INFO - DAG(s) 'example_short_circuit_decorator' retrieved from /home/airflow/.local/lib/python3.12/site-packages/airflow/example_dags/example_short_circuit_decorator.py
[2025-07-01T03:03:54.406+0000] {logging_mixin.py:190} INFO - [2025-07-01T03:03:54.406+0000] {dag.py:3239} INFO - Sync 1 DAGs
[2025-07-01T03:03:54.420+0000] {logging_mixin.py:190} INFO - [2025-07-01T03:03:54.419+0000] {dag.py:4180} INFO - Setting next_dagrun for example_short_circuit_decorator to None, run_after=None
[2025-07-01T03:03:54.437+0000] {processor.py:208} INFO - Processing /home/airflow/.local/lib/python3.12/site-packages/airflow/example_dags/example_short_circuit_decorator.py took 0.072 seconds
[2025-07-01T03:04:24.619+0000] {processor.py:186} INFO - Started process (PID=12609) to work on /home/airflow/.local/lib/python3.12/site-packages/airflow/example_dags/example_short_circuit_decorator.py
[2025-07-01T03:04:24.621+0000] {processor.py:914} INFO - Processing file /home/airflow/.local/lib/python3.12/site-packages/airflow/example_dags/example_short_circuit_decorator.py for tasks to queue
[2025-07-01T03:04:24.623+0000] {logging_mixin.py:190} INFO - [2025-07-01T03:04:24.623+0000] {dagbag.py:588} INFO - Filling up the DagBag from /home/airflow/.local/lib/python3.12/site-packages/airflow/example_dags/example_short_circuit_decorator.py
[2025-07-01T03:04:24.636+0000] {processor.py:925} INFO - DAG(s) 'example_short_circuit_decorator' retrieved from /home/airflow/.local/lib/python3.12/site-packages/airflow/example_dags/example_short_circuit_decorator.py
[2025-07-01T03:04:24.660+0000] {logging_mixin.py:190} INFO - [2025-07-01T03:04:24.659+0000] {dag.py:3239} INFO - Sync 1 DAGs
[2025-07-01T03:04:24.674+0000] {logging_mixin.py:190} INFO - [2025-07-01T03:04:24.673+0000] {dag.py:4180} INFO - Setting next_dagrun for example_short_circuit_decorator to None, run_after=None
[2025-07-01T03:04:24.692+0000] {processor.py:208} INFO - Processing /home/airflow/.local/lib/python3.12/site-packages/airflow/example_dags/example_short_circuit_decorator.py took 0.081 seconds
[2025-07-01T03:04:55.228+0000] {processor.py:186} INFO - Started process (PID=12671) to work on /home/airflow/.local/lib/python3.12/site-packages/airflow/example_dags/example_short_circuit_decorator.py
[2025-07-01T03:04:55.229+0000] {processor.py:914} INFO - Processing file /home/airflow/.local/lib/python3.12/site-packages/airflow/example_dags/example_short_circuit_decorator.py for tasks to queue
[2025-07-01T03:04:55.233+0000] {logging_mixin.py:190} INFO - [2025-07-01T03:04:55.232+0000] {dagbag.py:588} INFO - Filling up the DagBag from /home/airflow/.local/lib/python3.12/site-packages/airflow/example_dags/example_short_circuit_decorator.py
[2025-07-01T03:04:55.244+0000] {processor.py:925} INFO - DAG(s) 'example_short_circuit_decorator' retrieved from /home/airflow/.local/lib/python3.12/site-packages/airflow/example_dags/example_short_circuit_decorator.py
[2025-07-01T03:04:55.269+0000] {logging_mixin.py:190} INFO - [2025-07-01T03:04:55.268+0000] {dag.py:3239} INFO - Sync 1 DAGs
[2025-07-01T03:04:55.285+0000] {logging_mixin.py:190} INFO - [2025-07-01T03:04:55.285+0000] {dag.py:4180} INFO - Setting next_dagrun for example_short_circuit_decorator to None, run_after=None
[2025-07-01T03:04:55.304+0000] {processor.py:208} INFO - Processing /home/airflow/.local/lib/python3.12/site-packages/airflow/example_dags/example_short_circuit_decorator.py took 0.083 seconds
[2025-07-01T03:05:26.253+0000] {processor.py:186} INFO - Started process (PID=12733) to work on /home/airflow/.local/lib/python3.12/site-packages/airflow/example_dags/example_short_circuit_decorator.py
[2025-07-01T03:05:26.254+0000] {processor.py:914} INFO - Processing file /home/airflow/.local/lib/python3.12/site-packages/airflow/example_dags/example_short_circuit_decorator.py for tasks to queue
[2025-07-01T03:05:26.258+0000] {logging_mixin.py:190} INFO - [2025-07-01T03:05:26.257+0000] {dagbag.py:588} INFO - Filling up the DagBag from /home/airflow/.local/lib/python3.12/site-packages/airflow/example_dags/example_short_circuit_decorator.py
[2025-07-01T03:05:26.268+0000] {processor.py:925} INFO - DAG(s) 'example_short_circuit_decorator' retrieved from /home/airflow/.local/lib/python3.12/site-packages/airflow/example_dags/example_short_circuit_decorator.py
[2025-07-01T03:05:26.293+0000] {logging_mixin.py:190} INFO - [2025-07-01T03:05:26.293+0000] {dag.py:3239} INFO - Sync 1 DAGs
[2025-07-01T03:05:26.307+0000] {logging_mixin.py:190} INFO - [2025-07-01T03:05:26.306+0000] {dag.py:4180} INFO - Setting next_dagrun for example_short_circuit_decorator to None, run_after=None
[2025-07-01T03:05:26.327+0000] {processor.py:208} INFO - Processing /home/airflow/.local/lib/python3.12/site-packages/airflow/example_dags/example_short_circuit_decorator.py took 0.081 seconds
[2025-07-01T03:05:56.399+0000] {processor.py:186} INFO - Started process (PID=12795) to work on /home/airflow/.local/lib/python3.12/site-packages/airflow/example_dags/example_short_circuit_decorator.py
[2025-07-01T03:05:56.401+0000] {processor.py:914} INFO - Processing file /home/airflow/.local/lib/python3.12/site-packages/airflow/example_dags/example_short_circuit_decorator.py for tasks to queue
[2025-07-01T03:05:56.404+0000] {logging_mixin.py:190} INFO - [2025-07-01T03:05:56.404+0000] {dagbag.py:588} INFO - Filling up the DagBag from /home/airflow/.local/lib/python3.12/site-packages/airflow/example_dags/example_short_circuit_decorator.py
[2025-07-01T03:05:56.417+0000] {processor.py:925} INFO - DAG(s) 'example_short_circuit_decorator' retrieved from /home/airflow/.local/lib/python3.12/site-packages/airflow/example_dags/example_short_circuit_decorator.py
[2025-07-01T03:05:56.439+0000] {logging_mixin.py:190} INFO - [2025-07-01T03:05:56.439+0000] {dag.py:3239} INFO - Sync 1 DAGs
[2025-07-01T03:05:56.453+0000] {logging_mixin.py:190} INFO - [2025-07-01T03:05:56.453+0000] {dag.py:4180} INFO - Setting next_dagrun for example_short_circuit_decorator to None, run_after=None
[2025-07-01T03:05:56.471+0000] {processor.py:208} INFO - Processing /home/airflow/.local/lib/python3.12/site-packages/airflow/example_dags/example_short_circuit_decorator.py took 0.077 seconds
[2025-07-01T03:06:26.541+0000] {processor.py:186} INFO - Started process (PID=12857) to work on /home/airflow/.local/lib/python3.12/site-packages/airflow/example_dags/example_short_circuit_decorator.py
[2025-07-01T03:06:26.542+0000] {processor.py:914} INFO - Processing file /home/airflow/.local/lib/python3.12/site-packages/airflow/example_dags/example_short_circuit_decorator.py for tasks to queue
[2025-07-01T03:06:26.545+0000] {logging_mixin.py:190} INFO - [2025-07-01T03:06:26.544+0000] {dagbag.py:588} INFO - Filling up the DagBag from /home/airflow/.local/lib/python3.12/site-packages/airflow/example_dags/example_short_circuit_decorator.py
[2025-07-01T03:06:26.554+0000] {processor.py:925} INFO - DAG(s) 'example_short_circuit_decorator' retrieved from /home/airflow/.local/lib/python3.12/site-packages/airflow/example_dags/example_short_circuit_decorator.py
[2025-07-01T03:06:26.577+0000] {logging_mixin.py:190} INFO - [2025-07-01T03:06:26.577+0000] {dag.py:3239} INFO - Sync 1 DAGs
[2025-07-01T03:06:26.590+0000] {logging_mixin.py:190} INFO - [2025-07-01T03:06:26.590+0000] {dag.py:4180} INFO - Setting next_dagrun for example_short_circuit_decorator to None, run_after=None
[2025-07-01T03:06:26.607+0000] {processor.py:208} INFO - Processing /home/airflow/.local/lib/python3.12/site-packages/airflow/example_dags/example_short_circuit_decorator.py took 0.073 seconds
[2025-07-01T03:06:57.479+0000] {processor.py:186} INFO - Started process (PID=12919) to work on /home/airflow/.local/lib/python3.12/site-packages/airflow/example_dags/example_short_circuit_decorator.py
[2025-07-01T03:06:57.480+0000] {processor.py:914} INFO - Processing file /home/airflow/.local/lib/python3.12/site-packages/airflow/example_dags/example_short_circuit_decorator.py for tasks to queue
[2025-07-01T03:06:57.484+0000] {logging_mixin.py:190} INFO - [2025-07-01T03:06:57.483+0000] {dagbag.py:588} INFO - Filling up the DagBag from /home/airflow/.local/lib/python3.12/site-packages/airflow/example_dags/example_short_circuit_decorator.py
[2025-07-01T03:06:57.493+0000] {processor.py:925} INFO - DAG(s) 'example_short_circuit_decorator' retrieved from /home/airflow/.local/lib/python3.12/site-packages/airflow/example_dags/example_short_circuit_decorator.py
[2025-07-01T03:06:57.517+0000] {logging_mixin.py:190} INFO - [2025-07-01T03:06:57.517+0000] {dag.py:3239} INFO - Sync 1 DAGs
[2025-07-01T03:06:57.530+0000] {logging_mixin.py:190} INFO - [2025-07-01T03:06:57.530+0000] {dag.py:4180} INFO - Setting next_dagrun for example_short_circuit_decorator to None, run_after=None
[2025-07-01T03:06:57.547+0000] {processor.py:208} INFO - Processing /home/airflow/.local/lib/python3.12/site-packages/airflow/example_dags/example_short_circuit_decorator.py took 0.075 seconds
[2025-07-01T03:07:28.453+0000] {processor.py:186} INFO - Started process (PID=12981) to work on /home/airflow/.local/lib/python3.12/site-packages/airflow/example_dags/example_short_circuit_decorator.py
[2025-07-01T03:07:28.454+0000] {processor.py:914} INFO - Processing file /home/airflow/.local/lib/python3.12/site-packages/airflow/example_dags/example_short_circuit_decorator.py for tasks to queue
[2025-07-01T03:07:28.457+0000] {logging_mixin.py:190} INFO - [2025-07-01T03:07:28.457+0000] {dagbag.py:588} INFO - Filling up the DagBag from /home/airflow/.local/lib/python3.12/site-packages/airflow/example_dags/example_short_circuit_decorator.py
[2025-07-01T03:07:28.466+0000] {processor.py:925} INFO - DAG(s) 'example_short_circuit_decorator' retrieved from /home/airflow/.local/lib/python3.12/site-packages/airflow/example_dags/example_short_circuit_decorator.py
[2025-07-01T03:07:28.493+0000] {logging_mixin.py:190} INFO - [2025-07-01T03:07:28.493+0000] {dag.py:3239} INFO - Sync 1 DAGs
[2025-07-01T03:07:28.508+0000] {logging_mixin.py:190} INFO - [2025-07-01T03:07:28.508+0000] {dag.py:4180} INFO - Setting next_dagrun for example_short_circuit_decorator to None, run_after=None
[2025-07-01T03:07:28.527+0000] {processor.py:208} INFO - Processing /home/airflow/.local/lib/python3.12/site-packages/airflow/example_dags/example_short_circuit_decorator.py took 0.080 seconds
[2025-07-01T03:07:58.859+0000] {processor.py:186} INFO - Started process (PID=13043) to work on /home/airflow/.local/lib/python3.12/site-packages/airflow/example_dags/example_short_circuit_decorator.py
[2025-07-01T03:07:58.860+0000] {processor.py:914} INFO - Processing file /home/airflow/.local/lib/python3.12/site-packages/airflow/example_dags/example_short_circuit_decorator.py for tasks to queue
[2025-07-01T03:07:58.863+0000] {logging_mixin.py:190} INFO - [2025-07-01T03:07:58.863+0000] {dagbag.py:588} INFO - Filling up the DagBag from /home/airflow/.local/lib/python3.12/site-packages/airflow/example_dags/example_short_circuit_decorator.py
[2025-07-01T03:07:58.873+0000] {processor.py:925} INFO - DAG(s) 'example_short_circuit_decorator' retrieved from /home/airflow/.local/lib/python3.12/site-packages/airflow/example_dags/example_short_circuit_decorator.py
[2025-07-01T03:07:58.899+0000] {logging_mixin.py:190} INFO - [2025-07-01T03:07:58.899+0000] {dag.py:3239} INFO - Sync 1 DAGs
[2025-07-01T03:07:58.913+0000] {logging_mixin.py:190} INFO - [2025-07-01T03:07:58.913+0000] {dag.py:4180} INFO - Setting next_dagrun for example_short_circuit_decorator to None, run_after=None
[2025-07-01T03:07:58.931+0000] {processor.py:208} INFO - Processing /home/airflow/.local/lib/python3.12/site-packages/airflow/example_dags/example_short_circuit_decorator.py took 0.079 seconds
[2025-07-01T03:08:29.136+0000] {processor.py:186} INFO - Started process (PID=13105) to work on /home/airflow/.local/lib/python3.12/site-packages/airflow/example_dags/example_short_circuit_decorator.py
[2025-07-01T03:08:29.137+0000] {processor.py:914} INFO - Processing file /home/airflow/.local/lib/python3.12/site-packages/airflow/example_dags/example_short_circuit_decorator.py for tasks to queue
[2025-07-01T03:08:29.140+0000] {logging_mixin.py:190} INFO - [2025-07-01T03:08:29.140+0000] {dagbag.py:588} INFO - Filling up the DagBag from /home/airflow/.local/lib/python3.12/site-packages/airflow/example_dags/example_short_circuit_decorator.py
[2025-07-01T03:08:29.150+0000] {processor.py:925} INFO - DAG(s) 'example_short_circuit_decorator' retrieved from /home/airflow/.local/lib/python3.12/site-packages/airflow/example_dags/example_short_circuit_decorator.py
[2025-07-01T03:08:29.175+0000] {logging_mixin.py:190} INFO - [2025-07-01T03:08:29.175+0000] {dag.py:3239} INFO - Sync 1 DAGs
[2025-07-01T03:08:29.189+0000] {logging_mixin.py:190} INFO - [2025-07-01T03:08:29.189+0000] {dag.py:4180} INFO - Setting next_dagrun for example_short_circuit_decorator to None, run_after=None
[2025-07-01T03:08:29.207+0000] {processor.py:208} INFO - Processing /home/airflow/.local/lib/python3.12/site-packages/airflow/example_dags/example_short_circuit_decorator.py took 0.077 seconds
[2025-07-01T03:30:09.883+0000] {processor.py:186} INFO - Started process (PID=13116) to work on /home/airflow/.local/lib/python3.12/site-packages/airflow/example_dags/example_short_circuit_decorator.py
[2025-07-01T03:30:09.943+0000] {processor.py:914} INFO - Processing file /home/airflow/.local/lib/python3.12/site-packages/airflow/example_dags/example_short_circuit_decorator.py for tasks to queue
[2025-07-01T03:30:10.049+0000] {logging_mixin.py:190} INFO - [2025-07-01T03:30:10.049+0000] {dagbag.py:588} INFO - Filling up the DagBag from /home/airflow/.local/lib/python3.12/site-packages/airflow/example_dags/example_short_circuit_decorator.py
[2025-07-01T03:30:10.308+0000] {processor.py:925} INFO - DAG(s) 'example_short_circuit_decorator' retrieved from /home/airflow/.local/lib/python3.12/site-packages/airflow/example_dags/example_short_circuit_decorator.py
[2025-07-01T03:30:10.491+0000] {logging_mixin.py:190} INFO - [2025-07-01T03:30:10.480+0000] {dag.py:3239} INFO - Sync 1 DAGs
[2025-07-01T03:30:10.589+0000] {logging_mixin.py:190} INFO - [2025-07-01T03:30:10.588+0000] {dag.py:4180} INFO - Setting next_dagrun for example_short_circuit_decorator to None, run_after=None
[2025-07-01T03:30:10.947+0000] {processor.py:208} INFO - Processing /home/airflow/.local/lib/python3.12/site-packages/airflow/example_dags/example_short_circuit_decorator.py took 1.084 seconds
[2025-07-01T03:30:41.687+0000] {processor.py:186} INFO - Started process (PID=13178) to work on /home/airflow/.local/lib/python3.12/site-packages/airflow/example_dags/example_short_circuit_decorator.py
[2025-07-01T03:30:41.688+0000] {processor.py:914} INFO - Processing file /home/airflow/.local/lib/python3.12/site-packages/airflow/example_dags/example_short_circuit_decorator.py for tasks to queue
[2025-07-01T03:30:41.692+0000] {logging_mixin.py:190} INFO - [2025-07-01T03:30:41.692+0000] {dagbag.py:588} INFO - Filling up the DagBag from /home/airflow/.local/lib/python3.12/site-packages/airflow/example_dags/example_short_circuit_decorator.py
[2025-07-01T03:30:41.704+0000] {processor.py:925} INFO - DAG(s) 'example_short_circuit_decorator' retrieved from /home/airflow/.local/lib/python3.12/site-packages/airflow/example_dags/example_short_circuit_decorator.py
[2025-07-01T03:30:41.732+0000] {logging_mixin.py:190} INFO - [2025-07-01T03:30:41.732+0000] {dag.py:3239} INFO - Sync 1 DAGs
[2025-07-01T03:30:41.755+0000] {logging_mixin.py:190} INFO - [2025-07-01T03:30:41.755+0000] {dag.py:4180} INFO - Setting next_dagrun for example_short_circuit_decorator to None, run_after=None
[2025-07-01T03:30:41.784+0000] {processor.py:208} INFO - Processing /home/airflow/.local/lib/python3.12/site-packages/airflow/example_dags/example_short_circuit_decorator.py took 0.105 seconds
[2025-07-01T03:31:11.869+0000] {processor.py:186} INFO - Started process (PID=13240) to work on /home/airflow/.local/lib/python3.12/site-packages/airflow/example_dags/example_short_circuit_decorator.py
[2025-07-01T03:31:11.871+0000] {processor.py:914} INFO - Processing file /home/airflow/.local/lib/python3.12/site-packages/airflow/example_dags/example_short_circuit_decorator.py for tasks to queue
[2025-07-01T03:31:11.875+0000] {logging_mixin.py:190} INFO - [2025-07-01T03:31:11.875+0000] {dagbag.py:588} INFO - Filling up the DagBag from /home/airflow/.local/lib/python3.12/site-packages/airflow/example_dags/example_short_circuit_decorator.py
[2025-07-01T03:31:11.890+0000] {processor.py:925} INFO - DAG(s) 'example_short_circuit_decorator' retrieved from /home/airflow/.local/lib/python3.12/site-packages/airflow/example_dags/example_short_circuit_decorator.py
[2025-07-01T03:31:11.920+0000] {logging_mixin.py:190} INFO - [2025-07-01T03:31:11.920+0000] {dag.py:3239} INFO - Sync 1 DAGs
[2025-07-01T03:31:11.944+0000] {logging_mixin.py:190} INFO - [2025-07-01T03:31:11.944+0000] {dag.py:4180} INFO - Setting next_dagrun for example_short_circuit_decorator to None, run_after=None
[2025-07-01T03:31:11.967+0000] {processor.py:208} INFO - Processing /home/airflow/.local/lib/python3.12/site-packages/airflow/example_dags/example_short_circuit_decorator.py took 0.106 seconds
[2025-07-01T03:31:42.618+0000] {processor.py:186} INFO - Started process (PID=13302) to work on /home/airflow/.local/lib/python3.12/site-packages/airflow/example_dags/example_short_circuit_decorator.py
[2025-07-01T03:31:42.619+0000] {processor.py:914} INFO - Processing file /home/airflow/.local/lib/python3.12/site-packages/airflow/example_dags/example_short_circuit_decorator.py for tasks to queue
[2025-07-01T03:31:42.622+0000] {logging_mixin.py:190} INFO - [2025-07-01T03:31:42.622+0000] {dagbag.py:588} INFO - Filling up the DagBag from /home/airflow/.local/lib/python3.12/site-packages/airflow/example_dags/example_short_circuit_decorator.py
[2025-07-01T03:31:42.631+0000] {processor.py:925} INFO - DAG(s) 'example_short_circuit_decorator' retrieved from /home/airflow/.local/lib/python3.12/site-packages/airflow/example_dags/example_short_circuit_decorator.py
[2025-07-01T03:31:42.655+0000] {logging_mixin.py:190} INFO - [2025-07-01T03:31:42.654+0000] {dag.py:3239} INFO - Sync 1 DAGs
[2025-07-01T03:31:42.668+0000] {logging_mixin.py:190} INFO - [2025-07-01T03:31:42.668+0000] {dag.py:4180} INFO - Setting next_dagrun for example_short_circuit_decorator to None, run_after=None
[2025-07-01T03:31:42.686+0000] {processor.py:208} INFO - Processing /home/airflow/.local/lib/python3.12/site-packages/airflow/example_dags/example_short_circuit_decorator.py took 0.074 seconds
[2025-07-01T03:32:12.957+0000] {processor.py:186} INFO - Started process (PID=13364) to work on /home/airflow/.local/lib/python3.12/site-packages/airflow/example_dags/example_short_circuit_decorator.py
[2025-07-01T03:32:12.959+0000] {processor.py:914} INFO - Processing file /home/airflow/.local/lib/python3.12/site-packages/airflow/example_dags/example_short_circuit_decorator.py for tasks to queue
[2025-07-01T03:32:12.962+0000] {logging_mixin.py:190} INFO - [2025-07-01T03:32:12.961+0000] {dagbag.py:588} INFO - Filling up the DagBag from /home/airflow/.local/lib/python3.12/site-packages/airflow/example_dags/example_short_circuit_decorator.py
[2025-07-01T03:32:12.972+0000] {processor.py:925} INFO - DAG(s) 'example_short_circuit_decorator' retrieved from /home/airflow/.local/lib/python3.12/site-packages/airflow/example_dags/example_short_circuit_decorator.py
[2025-07-01T03:32:12.998+0000] {logging_mixin.py:190} INFO - [2025-07-01T03:32:12.998+0000] {dag.py:3239} INFO - Sync 1 DAGs
[2025-07-01T03:32:13.014+0000] {logging_mixin.py:190} INFO - [2025-07-01T03:32:13.014+0000] {dag.py:4180} INFO - Setting next_dagrun for example_short_circuit_decorator to None, run_after=None
[2025-07-01T03:32:13.032+0000] {processor.py:208} INFO - Processing /home/airflow/.local/lib/python3.12/site-packages/airflow/example_dags/example_short_circuit_decorator.py took 0.081 seconds
[2025-07-01T03:32:43.587+0000] {processor.py:186} INFO - Started process (PID=13426) to work on /home/airflow/.local/lib/python3.12/site-packages/airflow/example_dags/example_short_circuit_decorator.py
[2025-07-01T03:32:43.589+0000] {processor.py:914} INFO - Processing file /home/airflow/.local/lib/python3.12/site-packages/airflow/example_dags/example_short_circuit_decorator.py for tasks to queue
[2025-07-01T03:32:43.593+0000] {logging_mixin.py:190} INFO - [2025-07-01T03:32:43.592+0000] {dagbag.py:588} INFO - Filling up the DagBag from /home/airflow/.local/lib/python3.12/site-packages/airflow/example_dags/example_short_circuit_decorator.py
[2025-07-01T03:32:43.606+0000] {processor.py:925} INFO - DAG(s) 'example_short_circuit_decorator' retrieved from /home/airflow/.local/lib/python3.12/site-packages/airflow/example_dags/example_short_circuit_decorator.py
[2025-07-01T03:32:43.639+0000] {logging_mixin.py:190} INFO - [2025-07-01T03:32:43.639+0000] {dag.py:3239} INFO - Sync 1 DAGs
[2025-07-01T03:32:43.663+0000] {logging_mixin.py:190} INFO - [2025-07-01T03:32:43.663+0000] {dag.py:4180} INFO - Setting next_dagrun for example_short_circuit_decorator to None, run_after=None
[2025-07-01T03:32:43.687+0000] {processor.py:208} INFO - Processing /home/airflow/.local/lib/python3.12/site-packages/airflow/example_dags/example_short_circuit_decorator.py took 0.109 seconds
[2025-07-01T03:33:14.006+0000] {processor.py:186} INFO - Started process (PID=13488) to work on /home/airflow/.local/lib/python3.12/site-packages/airflow/example_dags/example_short_circuit_decorator.py
[2025-07-01T03:33:14.007+0000] {processor.py:914} INFO - Processing file /home/airflow/.local/lib/python3.12/site-packages/airflow/example_dags/example_short_circuit_decorator.py for tasks to queue
[2025-07-01T03:33:14.010+0000] {logging_mixin.py:190} INFO - [2025-07-01T03:33:14.010+0000] {dagbag.py:588} INFO - Filling up the DagBag from /home/airflow/.local/lib/python3.12/site-packages/airflow/example_dags/example_short_circuit_decorator.py
[2025-07-01T03:33:14.020+0000] {processor.py:925} INFO - DAG(s) 'example_short_circuit_decorator' retrieved from /home/airflow/.local/lib/python3.12/site-packages/airflow/example_dags/example_short_circuit_decorator.py
[2025-07-01T03:33:14.043+0000] {logging_mixin.py:190} INFO - [2025-07-01T03:33:14.042+0000] {dag.py:3239} INFO - Sync 1 DAGs
[2025-07-01T03:33:14.056+0000] {logging_mixin.py:190} INFO - [2025-07-01T03:33:14.056+0000] {dag.py:4180} INFO - Setting next_dagrun for example_short_circuit_decorator to None, run_after=None
[2025-07-01T03:33:14.075+0000] {processor.py:208} INFO - Processing /home/airflow/.local/lib/python3.12/site-packages/airflow/example_dags/example_short_circuit_decorator.py took 0.074 seconds
[2025-07-01T03:33:44.425+0000] {processor.py:186} INFO - Started process (PID=13551) to work on /home/airflow/.local/lib/python3.12/site-packages/airflow/example_dags/example_short_circuit_decorator.py
[2025-07-01T03:33:44.426+0000] {processor.py:914} INFO - Processing file /home/airflow/.local/lib/python3.12/site-packages/airflow/example_dags/example_short_circuit_decorator.py for tasks to queue
[2025-07-01T03:33:44.429+0000] {logging_mixin.py:190} INFO - [2025-07-01T03:33:44.429+0000] {dagbag.py:588} INFO - Filling up the DagBag from /home/airflow/.local/lib/python3.12/site-packages/airflow/example_dags/example_short_circuit_decorator.py
[2025-07-01T03:33:44.441+0000] {processor.py:925} INFO - DAG(s) 'example_short_circuit_decorator' retrieved from /home/airflow/.local/lib/python3.12/site-packages/airflow/example_dags/example_short_circuit_decorator.py
[2025-07-01T03:33:44.464+0000] {logging_mixin.py:190} INFO - [2025-07-01T03:33:44.464+0000] {dag.py:3239} INFO - Sync 1 DAGs
[2025-07-01T03:33:44.479+0000] {logging_mixin.py:190} INFO - [2025-07-01T03:33:44.479+0000] {dag.py:4180} INFO - Setting next_dagrun for example_short_circuit_decorator to None, run_after=None
[2025-07-01T03:33:44.498+0000] {processor.py:208} INFO - Processing /home/airflow/.local/lib/python3.12/site-packages/airflow/example_dags/example_short_circuit_decorator.py took 0.080 seconds
[2025-07-01T03:34:15.133+0000] {processor.py:186} INFO - Started process (PID=13613) to work on /home/airflow/.local/lib/python3.12/site-packages/airflow/example_dags/example_short_circuit_decorator.py
[2025-07-01T03:34:15.135+0000] {processor.py:914} INFO - Processing file /home/airflow/.local/lib/python3.12/site-packages/airflow/example_dags/example_short_circuit_decorator.py for tasks to queue
[2025-07-01T03:34:15.138+0000] {logging_mixin.py:190} INFO - [2025-07-01T03:34:15.137+0000] {dagbag.py:588} INFO - Filling up the DagBag from /home/airflow/.local/lib/python3.12/site-packages/airflow/example_dags/example_short_circuit_decorator.py
[2025-07-01T03:34:15.148+0000] {processor.py:925} INFO - DAG(s) 'example_short_circuit_decorator' retrieved from /home/airflow/.local/lib/python3.12/site-packages/airflow/example_dags/example_short_circuit_decorator.py
[2025-07-01T03:34:15.171+0000] {logging_mixin.py:190} INFO - [2025-07-01T03:34:15.171+0000] {dag.py:3239} INFO - Sync 1 DAGs
[2025-07-01T03:34:15.185+0000] {logging_mixin.py:190} INFO - [2025-07-01T03:34:15.185+0000] {dag.py:4180} INFO - Setting next_dagrun for example_short_circuit_decorator to None, run_after=None
[2025-07-01T03:34:15.202+0000] {processor.py:208} INFO - Processing /home/airflow/.local/lib/python3.12/site-packages/airflow/example_dags/example_short_circuit_decorator.py took 0.076 seconds
[2025-07-01T03:34:45.668+0000] {processor.py:186} INFO - Started process (PID=13675) to work on /home/airflow/.local/lib/python3.12/site-packages/airflow/example_dags/example_short_circuit_decorator.py
[2025-07-01T03:34:45.669+0000] {processor.py:914} INFO - Processing file /home/airflow/.local/lib/python3.12/site-packages/airflow/example_dags/example_short_circuit_decorator.py for tasks to queue
[2025-07-01T03:34:45.672+0000] {logging_mixin.py:190} INFO - [2025-07-01T03:34:45.672+0000] {dagbag.py:588} INFO - Filling up the DagBag from /home/airflow/.local/lib/python3.12/site-packages/airflow/example_dags/example_short_circuit_decorator.py
[2025-07-01T03:34:45.685+0000] {processor.py:925} INFO - DAG(s) 'example_short_circuit_decorator' retrieved from /home/airflow/.local/lib/python3.12/site-packages/airflow/example_dags/example_short_circuit_decorator.py
[2025-07-01T03:34:45.710+0000] {logging_mixin.py:190} INFO - [2025-07-01T03:34:45.710+0000] {dag.py:3239} INFO - Sync 1 DAGs
[2025-07-01T03:34:45.724+0000] {logging_mixin.py:190} INFO - [2025-07-01T03:34:45.724+0000] {dag.py:4180} INFO - Setting next_dagrun for example_short_circuit_decorator to None, run_after=None
[2025-07-01T03:34:45.742+0000] {processor.py:208} INFO - Processing /home/airflow/.local/lib/python3.12/site-packages/airflow/example_dags/example_short_circuit_decorator.py took 0.080 seconds
[2025-07-01T03:35:16.149+0000] {processor.py:186} INFO - Started process (PID=13743) to work on /home/airflow/.local/lib/python3.12/site-packages/airflow/example_dags/example_short_circuit_decorator.py
[2025-07-01T03:35:16.150+0000] {processor.py:914} INFO - Processing file /home/airflow/.local/lib/python3.12/site-packages/airflow/example_dags/example_short_circuit_decorator.py for tasks to queue
[2025-07-01T03:35:16.153+0000] {logging_mixin.py:190} INFO - [2025-07-01T03:35:16.152+0000] {dagbag.py:588} INFO - Filling up the DagBag from /home/airflow/.local/lib/python3.12/site-packages/airflow/example_dags/example_short_circuit_decorator.py
[2025-07-01T03:35:16.162+0000] {processor.py:925} INFO - DAG(s) 'example_short_circuit_decorator' retrieved from /home/airflow/.local/lib/python3.12/site-packages/airflow/example_dags/example_short_circuit_decorator.py
[2025-07-01T03:35:16.188+0000] {logging_mixin.py:190} INFO - [2025-07-01T03:35:16.187+0000] {dag.py:3239} INFO - Sync 1 DAGs
[2025-07-01T03:35:16.204+0000] {logging_mixin.py:190} INFO - [2025-07-01T03:35:16.204+0000] {dag.py:4180} INFO - Setting next_dagrun for example_short_circuit_decorator to None, run_after=None
[2025-07-01T03:35:16.224+0000] {processor.py:208} INFO - Processing /home/airflow/.local/lib/python3.12/site-packages/airflow/example_dags/example_short_circuit_decorator.py took 0.082 seconds
[2025-07-01T03:35:46.306+0000] {processor.py:186} INFO - Started process (PID=13805) to work on /home/airflow/.local/lib/python3.12/site-packages/airflow/example_dags/example_short_circuit_decorator.py
[2025-07-01T03:35:46.307+0000] {processor.py:914} INFO - Processing file /home/airflow/.local/lib/python3.12/site-packages/airflow/example_dags/example_short_circuit_decorator.py for tasks to queue
[2025-07-01T03:35:46.311+0000] {logging_mixin.py:190} INFO - [2025-07-01T03:35:46.311+0000] {dagbag.py:588} INFO - Filling up the DagBag from /home/airflow/.local/lib/python3.12/site-packages/airflow/example_dags/example_short_circuit_decorator.py
[2025-07-01T03:35:46.323+0000] {processor.py:925} INFO - DAG(s) 'example_short_circuit_decorator' retrieved from /home/airflow/.local/lib/python3.12/site-packages/airflow/example_dags/example_short_circuit_decorator.py
[2025-07-01T03:35:46.345+0000] {logging_mixin.py:190} INFO - [2025-07-01T03:35:46.345+0000] {dag.py:3239} INFO - Sync 1 DAGs
[2025-07-01T03:35:46.359+0000] {logging_mixin.py:190} INFO - [2025-07-01T03:35:46.359+0000] {dag.py:4180} INFO - Setting next_dagrun for example_short_circuit_decorator to None, run_after=None
[2025-07-01T03:35:46.377+0000] {processor.py:208} INFO - Processing /home/airflow/.local/lib/python3.12/site-packages/airflow/example_dags/example_short_circuit_decorator.py took 0.077 seconds
[2025-07-01T03:36:16.724+0000] {processor.py:186} INFO - Started process (PID=13867) to work on /home/airflow/.local/lib/python3.12/site-packages/airflow/example_dags/example_short_circuit_decorator.py
[2025-07-01T03:36:16.725+0000] {processor.py:914} INFO - Processing file /home/airflow/.local/lib/python3.12/site-packages/airflow/example_dags/example_short_circuit_decorator.py for tasks to queue
[2025-07-01T03:36:16.729+0000] {logging_mixin.py:190} INFO - [2025-07-01T03:36:16.728+0000] {dagbag.py:588} INFO - Filling up the DagBag from /home/airflow/.local/lib/python3.12/site-packages/airflow/example_dags/example_short_circuit_decorator.py
[2025-07-01T03:36:16.741+0000] {processor.py:925} INFO - DAG(s) 'example_short_circuit_decorator' retrieved from /home/airflow/.local/lib/python3.12/site-packages/airflow/example_dags/example_short_circuit_decorator.py
[2025-07-01T03:36:16.770+0000] {logging_mixin.py:190} INFO - [2025-07-01T03:36:16.770+0000] {dag.py:3239} INFO - Sync 1 DAGs
[2025-07-01T03:36:16.787+0000] {logging_mixin.py:190} INFO - [2025-07-01T03:36:16.787+0000] {dag.py:4180} INFO - Setting next_dagrun for example_short_circuit_decorator to None, run_after=None
[2025-07-01T03:36:16.809+0000] {processor.py:208} INFO - Processing /home/airflow/.local/lib/python3.12/site-packages/airflow/example_dags/example_short_circuit_decorator.py took 0.092 seconds
[2025-07-01T03:36:46.854+0000] {processor.py:186} INFO - Started process (PID=13929) to work on /home/airflow/.local/lib/python3.12/site-packages/airflow/example_dags/example_short_circuit_decorator.py
[2025-07-01T03:36:46.856+0000] {processor.py:914} INFO - Processing file /home/airflow/.local/lib/python3.12/site-packages/airflow/example_dags/example_short_circuit_decorator.py for tasks to queue
[2025-07-01T03:36:46.859+0000] {logging_mixin.py:190} INFO - [2025-07-01T03:36:46.858+0000] {dagbag.py:588} INFO - Filling up the DagBag from /home/airflow/.local/lib/python3.12/site-packages/airflow/example_dags/example_short_circuit_decorator.py
[2025-07-01T03:36:46.879+0000] {processor.py:925} INFO - DAG(s) 'example_short_circuit_decorator' retrieved from /home/airflow/.local/lib/python3.12/site-packages/airflow/example_dags/example_short_circuit_decorator.py
[2025-07-01T03:36:46.902+0000] {logging_mixin.py:190} INFO - [2025-07-01T03:36:46.902+0000] {dag.py:3239} INFO - Sync 1 DAGs
[2025-07-01T03:36:46.916+0000] {logging_mixin.py:190} INFO - [2025-07-01T03:36:46.915+0000] {dag.py:4180} INFO - Setting next_dagrun for example_short_circuit_decorator to None, run_after=None
[2025-07-01T03:36:46.934+0000] {processor.py:208} INFO - Processing /home/airflow/.local/lib/python3.12/site-packages/airflow/example_dags/example_short_circuit_decorator.py took 0.085 seconds
[2025-07-01T03:37:17.365+0000] {processor.py:186} INFO - Started process (PID=13991) to work on /home/airflow/.local/lib/python3.12/site-packages/airflow/example_dags/example_short_circuit_decorator.py
[2025-07-01T03:37:17.366+0000] {processor.py:914} INFO - Processing file /home/airflow/.local/lib/python3.12/site-packages/airflow/example_dags/example_short_circuit_decorator.py for tasks to queue
[2025-07-01T03:37:17.369+0000] {logging_mixin.py:190} INFO - [2025-07-01T03:37:17.369+0000] {dagbag.py:588} INFO - Filling up the DagBag from /home/airflow/.local/lib/python3.12/site-packages/airflow/example_dags/example_short_circuit_decorator.py
[2025-07-01T03:37:17.378+0000] {processor.py:925} INFO - DAG(s) 'example_short_circuit_decorator' retrieved from /home/airflow/.local/lib/python3.12/site-packages/airflow/example_dags/example_short_circuit_decorator.py
[2025-07-01T03:37:17.405+0000] {logging_mixin.py:190} INFO - [2025-07-01T03:37:17.405+0000] {dag.py:3239} INFO - Sync 1 DAGs
[2025-07-01T03:37:17.418+0000] {logging_mixin.py:190} INFO - [2025-07-01T03:37:17.418+0000] {dag.py:4180} INFO - Setting next_dagrun for example_short_circuit_decorator to None, run_after=None
[2025-07-01T03:37:17.437+0000] {processor.py:208} INFO - Processing /home/airflow/.local/lib/python3.12/site-packages/airflow/example_dags/example_short_circuit_decorator.py took 0.077 seconds
[2025-07-01T03:37:47.687+0000] {processor.py:186} INFO - Started process (PID=14053) to work on /home/airflow/.local/lib/python3.12/site-packages/airflow/example_dags/example_short_circuit_decorator.py
[2025-07-01T03:37:47.689+0000] {processor.py:914} INFO - Processing file /home/airflow/.local/lib/python3.12/site-packages/airflow/example_dags/example_short_circuit_decorator.py for tasks to queue
[2025-07-01T03:37:47.693+0000] {logging_mixin.py:190} INFO - [2025-07-01T03:37:47.692+0000] {dagbag.py:588} INFO - Filling up the DagBag from /home/airflow/.local/lib/python3.12/site-packages/airflow/example_dags/example_short_circuit_decorator.py
[2025-07-01T03:37:47.703+0000] {processor.py:925} INFO - DAG(s) 'example_short_circuit_decorator' retrieved from /home/airflow/.local/lib/python3.12/site-packages/airflow/example_dags/example_short_circuit_decorator.py
[2025-07-01T03:37:47.726+0000] {logging_mixin.py:190} INFO - [2025-07-01T03:37:47.726+0000] {dag.py:3239} INFO - Sync 1 DAGs
[2025-07-01T03:37:47.740+0000] {logging_mixin.py:190} INFO - [2025-07-01T03:37:47.740+0000] {dag.py:4180} INFO - Setting next_dagrun for example_short_circuit_decorator to None, run_after=None
[2025-07-01T03:37:47.758+0000] {processor.py:208} INFO - Processing /home/airflow/.local/lib/python3.12/site-packages/airflow/example_dags/example_short_circuit_decorator.py took 0.078 seconds
[2025-07-01T03:38:18.717+0000] {processor.py:186} INFO - Started process (PID=14115) to work on /home/airflow/.local/lib/python3.12/site-packages/airflow/example_dags/example_short_circuit_decorator.py
[2025-07-01T03:38:18.718+0000] {processor.py:914} INFO - Processing file /home/airflow/.local/lib/python3.12/site-packages/airflow/example_dags/example_short_circuit_decorator.py for tasks to queue
[2025-07-01T03:38:18.721+0000] {logging_mixin.py:190} INFO - [2025-07-01T03:38:18.721+0000] {dagbag.py:588} INFO - Filling up the DagBag from /home/airflow/.local/lib/python3.12/site-packages/airflow/example_dags/example_short_circuit_decorator.py
[2025-07-01T03:38:18.731+0000] {processor.py:925} INFO - DAG(s) 'example_short_circuit_decorator' retrieved from /home/airflow/.local/lib/python3.12/site-packages/airflow/example_dags/example_short_circuit_decorator.py
[2025-07-01T03:38:18.755+0000] {logging_mixin.py:190} INFO - [2025-07-01T03:38:18.755+0000] {dag.py:3239} INFO - Sync 1 DAGs
[2025-07-01T03:38:18.770+0000] {logging_mixin.py:190} INFO - [2025-07-01T03:38:18.770+0000] {dag.py:4180} INFO - Setting next_dagrun for example_short_circuit_decorator to None, run_after=None
[2025-07-01T03:38:18.788+0000] {processor.py:208} INFO - Processing /home/airflow/.local/lib/python3.12/site-packages/airflow/example_dags/example_short_circuit_decorator.py took 0.079 seconds
[2025-07-01T03:38:49.476+0000] {processor.py:186} INFO - Started process (PID=14177) to work on /home/airflow/.local/lib/python3.12/site-packages/airflow/example_dags/example_short_circuit_decorator.py
[2025-07-01T03:38:49.478+0000] {processor.py:914} INFO - Processing file /home/airflow/.local/lib/python3.12/site-packages/airflow/example_dags/example_short_circuit_decorator.py for tasks to queue
[2025-07-01T03:38:49.480+0000] {logging_mixin.py:190} INFO - [2025-07-01T03:38:49.480+0000] {dagbag.py:588} INFO - Filling up the DagBag from /home/airflow/.local/lib/python3.12/site-packages/airflow/example_dags/example_short_circuit_decorator.py
[2025-07-01T03:38:49.489+0000] {processor.py:925} INFO - DAG(s) 'example_short_circuit_decorator' retrieved from /home/airflow/.local/lib/python3.12/site-packages/airflow/example_dags/example_short_circuit_decorator.py
[2025-07-01T03:38:49.513+0000] {logging_mixin.py:190} INFO - [2025-07-01T03:38:49.513+0000] {dag.py:3239} INFO - Sync 1 DAGs
[2025-07-01T03:38:49.527+0000] {logging_mixin.py:190} INFO - [2025-07-01T03:38:49.527+0000] {dag.py:4180} INFO - Setting next_dagrun for example_short_circuit_decorator to None, run_after=None
[2025-07-01T03:38:49.545+0000] {processor.py:208} INFO - Processing /home/airflow/.local/lib/python3.12/site-packages/airflow/example_dags/example_short_circuit_decorator.py took 0.074 seconds
[2025-07-01T03:39:20.263+0000] {processor.py:186} INFO - Started process (PID=14239) to work on /home/airflow/.local/lib/python3.12/site-packages/airflow/example_dags/example_short_circuit_decorator.py
[2025-07-01T03:39:20.264+0000] {processor.py:914} INFO - Processing file /home/airflow/.local/lib/python3.12/site-packages/airflow/example_dags/example_short_circuit_decorator.py for tasks to queue
[2025-07-01T03:39:20.267+0000] {logging_mixin.py:190} INFO - [2025-07-01T03:39:20.267+0000] {dagbag.py:588} INFO - Filling up the DagBag from /home/airflow/.local/lib/python3.12/site-packages/airflow/example_dags/example_short_circuit_decorator.py
[2025-07-01T03:39:20.276+0000] {processor.py:925} INFO - DAG(s) 'example_short_circuit_decorator' retrieved from /home/airflow/.local/lib/python3.12/site-packages/airflow/example_dags/example_short_circuit_decorator.py
[2025-07-01T03:39:20.302+0000] {logging_mixin.py:190} INFO - [2025-07-01T03:39:20.302+0000] {dag.py:3239} INFO - Sync 1 DAGs
[2025-07-01T03:39:20.317+0000] {logging_mixin.py:190} INFO - [2025-07-01T03:39:20.317+0000] {dag.py:4180} INFO - Setting next_dagrun for example_short_circuit_decorator to None, run_after=None
[2025-07-01T03:39:20.336+0000] {processor.py:208} INFO - Processing /home/airflow/.local/lib/python3.12/site-packages/airflow/example_dags/example_short_circuit_decorator.py took 0.080 seconds
[2025-07-01T03:39:51.065+0000] {processor.py:186} INFO - Started process (PID=14301) to work on /home/airflow/.local/lib/python3.12/site-packages/airflow/example_dags/example_short_circuit_decorator.py
[2025-07-01T03:39:51.067+0000] {processor.py:914} INFO - Processing file /home/airflow/.local/lib/python3.12/site-packages/airflow/example_dags/example_short_circuit_decorator.py for tasks to queue
[2025-07-01T03:39:51.070+0000] {logging_mixin.py:190} INFO - [2025-07-01T03:39:51.070+0000] {dagbag.py:588} INFO - Filling up the DagBag from /home/airflow/.local/lib/python3.12/site-packages/airflow/example_dags/example_short_circuit_decorator.py
[2025-07-01T03:39:51.087+0000] {processor.py:925} INFO - DAG(s) 'example_short_circuit_decorator' retrieved from /home/airflow/.local/lib/python3.12/site-packages/airflow/example_dags/example_short_circuit_decorator.py
[2025-07-01T03:39:51.116+0000] {logging_mixin.py:190} INFO - [2025-07-01T03:39:51.115+0000] {dag.py:3239} INFO - Sync 1 DAGs
[2025-07-01T03:39:51.135+0000] {logging_mixin.py:190} INFO - [2025-07-01T03:39:51.134+0000] {dag.py:4180} INFO - Setting next_dagrun for example_short_circuit_decorator to None, run_after=None
[2025-07-01T03:39:51.164+0000] {processor.py:208} INFO - Processing /home/airflow/.local/lib/python3.12/site-packages/airflow/example_dags/example_short_circuit_decorator.py took 0.107 seconds
[2025-07-01T03:40:21.679+0000] {processor.py:186} INFO - Started process (PID=14363) to work on /home/airflow/.local/lib/python3.12/site-packages/airflow/example_dags/example_short_circuit_decorator.py
[2025-07-01T03:40:21.680+0000] {processor.py:914} INFO - Processing file /home/airflow/.local/lib/python3.12/site-packages/airflow/example_dags/example_short_circuit_decorator.py for tasks to queue
[2025-07-01T03:40:21.682+0000] {logging_mixin.py:190} INFO - [2025-07-01T03:40:21.682+0000] {dagbag.py:588} INFO - Filling up the DagBag from /home/airflow/.local/lib/python3.12/site-packages/airflow/example_dags/example_short_circuit_decorator.py
[2025-07-01T03:40:21.692+0000] {processor.py:925} INFO - DAG(s) 'example_short_circuit_decorator' retrieved from /home/airflow/.local/lib/python3.12/site-packages/airflow/example_dags/example_short_circuit_decorator.py
[2025-07-01T03:40:21.722+0000] {logging_mixin.py:190} INFO - [2025-07-01T03:40:21.722+0000] {dag.py:3239} INFO - Sync 1 DAGs
[2025-07-01T03:40:21.745+0000] {logging_mixin.py:190} INFO - [2025-07-01T03:40:21.745+0000] {dag.py:4180} INFO - Setting next_dagrun for example_short_circuit_decorator to None, run_after=None
[2025-07-01T03:40:21.771+0000] {processor.py:208} INFO - Processing /home/airflow/.local/lib/python3.12/site-packages/airflow/example_dags/example_short_circuit_decorator.py took 0.099 seconds
[2025-07-01T03:40:52.642+0000] {processor.py:186} INFO - Started process (PID=14425) to work on /home/airflow/.local/lib/python3.12/site-packages/airflow/example_dags/example_short_circuit_decorator.py
[2025-07-01T03:40:52.643+0000] {processor.py:914} INFO - Processing file /home/airflow/.local/lib/python3.12/site-packages/airflow/example_dags/example_short_circuit_decorator.py for tasks to queue
[2025-07-01T03:40:52.646+0000] {logging_mixin.py:190} INFO - [2025-07-01T03:40:52.646+0000] {dagbag.py:588} INFO - Filling up the DagBag from /home/airflow/.local/lib/python3.12/site-packages/airflow/example_dags/example_short_circuit_decorator.py
[2025-07-01T03:40:52.660+0000] {processor.py:925} INFO - DAG(s) 'example_short_circuit_decorator' retrieved from /home/airflow/.local/lib/python3.12/site-packages/airflow/example_dags/example_short_circuit_decorator.py
[2025-07-01T03:40:52.694+0000] {logging_mixin.py:190} INFO - [2025-07-01T03:40:52.693+0000] {dag.py:3239} INFO - Sync 1 DAGs
[2025-07-01T03:40:52.719+0000] {logging_mixin.py:190} INFO - [2025-07-01T03:40:52.718+0000] {dag.py:4180} INFO - Setting next_dagrun for example_short_circuit_decorator to None, run_after=None
[2025-07-01T03:40:52.746+0000] {processor.py:208} INFO - Processing /home/airflow/.local/lib/python3.12/site-packages/airflow/example_dags/example_short_circuit_decorator.py took 0.113 seconds
[2025-07-01T03:41:23.450+0000] {processor.py:186} INFO - Started process (PID=14487) to work on /home/airflow/.local/lib/python3.12/site-packages/airflow/example_dags/example_short_circuit_decorator.py
[2025-07-01T03:41:23.451+0000] {processor.py:914} INFO - Processing file /home/airflow/.local/lib/python3.12/site-packages/airflow/example_dags/example_short_circuit_decorator.py for tasks to queue
[2025-07-01T03:41:23.453+0000] {logging_mixin.py:190} INFO - [2025-07-01T03:41:23.453+0000] {dagbag.py:588} INFO - Filling up the DagBag from /home/airflow/.local/lib/python3.12/site-packages/airflow/example_dags/example_short_circuit_decorator.py
[2025-07-01T03:41:23.464+0000] {processor.py:925} INFO - DAG(s) 'example_short_circuit_decorator' retrieved from /home/airflow/.local/lib/python3.12/site-packages/airflow/example_dags/example_short_circuit_decorator.py
[2025-07-01T03:41:23.488+0000] {logging_mixin.py:190} INFO - [2025-07-01T03:41:23.488+0000] {dag.py:3239} INFO - Sync 1 DAGs
[2025-07-01T03:41:23.502+0000] {logging_mixin.py:190} INFO - [2025-07-01T03:41:23.501+0000] {dag.py:4180} INFO - Setting next_dagrun for example_short_circuit_decorator to None, run_after=None
[2025-07-01T03:41:23.519+0000] {processor.py:208} INFO - Processing /home/airflow/.local/lib/python3.12/site-packages/airflow/example_dags/example_short_circuit_decorator.py took 0.076 seconds
[2025-07-01T03:41:53.695+0000] {processor.py:186} INFO - Started process (PID=14549) to work on /home/airflow/.local/lib/python3.12/site-packages/airflow/example_dags/example_short_circuit_decorator.py
[2025-07-01T03:41:53.696+0000] {processor.py:914} INFO - Processing file /home/airflow/.local/lib/python3.12/site-packages/airflow/example_dags/example_short_circuit_decorator.py for tasks to queue
[2025-07-01T03:41:53.699+0000] {logging_mixin.py:190} INFO - [2025-07-01T03:41:53.699+0000] {dagbag.py:588} INFO - Filling up the DagBag from /home/airflow/.local/lib/python3.12/site-packages/airflow/example_dags/example_short_circuit_decorator.py
[2025-07-01T03:41:53.709+0000] {processor.py:925} INFO - DAG(s) 'example_short_circuit_decorator' retrieved from /home/airflow/.local/lib/python3.12/site-packages/airflow/example_dags/example_short_circuit_decorator.py
[2025-07-01T03:41:53.734+0000] {logging_mixin.py:190} INFO - [2025-07-01T03:41:53.734+0000] {dag.py:3239} INFO - Sync 1 DAGs
[2025-07-01T03:41:53.750+0000] {logging_mixin.py:190} INFO - [2025-07-01T03:41:53.749+0000] {dag.py:4180} INFO - Setting next_dagrun for example_short_circuit_decorator to None, run_after=None
[2025-07-01T03:41:53.780+0000] {processor.py:208} INFO - Processing /home/airflow/.local/lib/python3.12/site-packages/airflow/example_dags/example_short_circuit_decorator.py took 0.093 seconds
[2025-07-01T03:42:24.257+0000] {processor.py:186} INFO - Started process (PID=14611) to work on /home/airflow/.local/lib/python3.12/site-packages/airflow/example_dags/example_short_circuit_decorator.py
[2025-07-01T03:42:24.258+0000] {processor.py:914} INFO - Processing file /home/airflow/.local/lib/python3.12/site-packages/airflow/example_dags/example_short_circuit_decorator.py for tasks to queue
[2025-07-01T03:42:24.261+0000] {logging_mixin.py:190} INFO - [2025-07-01T03:42:24.260+0000] {dagbag.py:588} INFO - Filling up the DagBag from /home/airflow/.local/lib/python3.12/site-packages/airflow/example_dags/example_short_circuit_decorator.py
[2025-07-01T03:42:24.270+0000] {processor.py:925} INFO - DAG(s) 'example_short_circuit_decorator' retrieved from /home/airflow/.local/lib/python3.12/site-packages/airflow/example_dags/example_short_circuit_decorator.py
[2025-07-01T03:42:24.298+0000] {logging_mixin.py:190} INFO - [2025-07-01T03:42:24.298+0000] {dag.py:3239} INFO - Sync 1 DAGs
[2025-07-01T03:42:24.313+0000] {logging_mixin.py:190} INFO - [2025-07-01T03:42:24.312+0000] {dag.py:4180} INFO - Setting next_dagrun for example_short_circuit_decorator to None, run_after=None
[2025-07-01T03:42:24.332+0000] {processor.py:208} INFO - Processing /home/airflow/.local/lib/python3.12/site-packages/airflow/example_dags/example_short_circuit_decorator.py took 0.081 seconds
[2025-07-01T03:42:55.113+0000] {processor.py:186} INFO - Started process (PID=14673) to work on /home/airflow/.local/lib/python3.12/site-packages/airflow/example_dags/example_short_circuit_decorator.py
[2025-07-01T03:42:55.114+0000] {processor.py:914} INFO - Processing file /home/airflow/.local/lib/python3.12/site-packages/airflow/example_dags/example_short_circuit_decorator.py for tasks to queue
[2025-07-01T03:42:55.117+0000] {logging_mixin.py:190} INFO - [2025-07-01T03:42:55.116+0000] {dagbag.py:588} INFO - Filling up the DagBag from /home/airflow/.local/lib/python3.12/site-packages/airflow/example_dags/example_short_circuit_decorator.py
[2025-07-01T03:42:55.126+0000] {processor.py:925} INFO - DAG(s) 'example_short_circuit_decorator' retrieved from /home/airflow/.local/lib/python3.12/site-packages/airflow/example_dags/example_short_circuit_decorator.py
[2025-07-01T03:42:55.149+0000] {logging_mixin.py:190} INFO - [2025-07-01T03:42:55.149+0000] {dag.py:3239} INFO - Sync 1 DAGs
[2025-07-01T03:42:55.162+0000] {logging_mixin.py:190} INFO - [2025-07-01T03:42:55.162+0000] {dag.py:4180} INFO - Setting next_dagrun for example_short_circuit_decorator to None, run_after=None
[2025-07-01T03:42:55.179+0000] {processor.py:208} INFO - Processing /home/airflow/.local/lib/python3.12/site-packages/airflow/example_dags/example_short_circuit_decorator.py took 0.071 seconds
[2025-07-01T03:43:25.323+0000] {processor.py:186} INFO - Started process (PID=14735) to work on /home/airflow/.local/lib/python3.12/site-packages/airflow/example_dags/example_short_circuit_decorator.py
[2025-07-01T03:43:25.324+0000] {processor.py:914} INFO - Processing file /home/airflow/.local/lib/python3.12/site-packages/airflow/example_dags/example_short_circuit_decorator.py for tasks to queue
[2025-07-01T03:43:25.326+0000] {logging_mixin.py:190} INFO - [2025-07-01T03:43:25.326+0000] {dagbag.py:588} INFO - Filling up the DagBag from /home/airflow/.local/lib/python3.12/site-packages/airflow/example_dags/example_short_circuit_decorator.py
[2025-07-01T03:43:25.336+0000] {processor.py:925} INFO - DAG(s) 'example_short_circuit_decorator' retrieved from /home/airflow/.local/lib/python3.12/site-packages/airflow/example_dags/example_short_circuit_decorator.py
[2025-07-01T03:43:25.362+0000] {logging_mixin.py:190} INFO - [2025-07-01T03:43:25.362+0000] {dag.py:3239} INFO - Sync 1 DAGs
[2025-07-01T03:43:25.376+0000] {logging_mixin.py:190} INFO - [2025-07-01T03:43:25.376+0000] {dag.py:4180} INFO - Setting next_dagrun for example_short_circuit_decorator to None, run_after=None
[2025-07-01T03:43:25.399+0000] {processor.py:208} INFO - Processing /home/airflow/.local/lib/python3.12/site-packages/airflow/example_dags/example_short_circuit_decorator.py took 0.083 seconds
[2025-07-01T03:43:55.470+0000] {processor.py:186} INFO - Started process (PID=14797) to work on /home/airflow/.local/lib/python3.12/site-packages/airflow/example_dags/example_short_circuit_decorator.py
[2025-07-01T03:43:55.471+0000] {processor.py:914} INFO - Processing file /home/airflow/.local/lib/python3.12/site-packages/airflow/example_dags/example_short_circuit_decorator.py for tasks to queue
[2025-07-01T03:43:55.475+0000] {logging_mixin.py:190} INFO - [2025-07-01T03:43:55.474+0000] {dagbag.py:588} INFO - Filling up the DagBag from /home/airflow/.local/lib/python3.12/site-packages/airflow/example_dags/example_short_circuit_decorator.py
[2025-07-01T03:43:55.485+0000] {processor.py:925} INFO - DAG(s) 'example_short_circuit_decorator' retrieved from /home/airflow/.local/lib/python3.12/site-packages/airflow/example_dags/example_short_circuit_decorator.py
[2025-07-01T03:43:55.509+0000] {logging_mixin.py:190} INFO - [2025-07-01T03:43:55.509+0000] {dag.py:3239} INFO - Sync 1 DAGs
[2025-07-01T03:43:55.525+0000] {logging_mixin.py:190} INFO - [2025-07-01T03:43:55.525+0000] {dag.py:4180} INFO - Setting next_dagrun for example_short_circuit_decorator to None, run_after=None
[2025-07-01T03:43:55.552+0000] {processor.py:208} INFO - Processing /home/airflow/.local/lib/python3.12/site-packages/airflow/example_dags/example_short_circuit_decorator.py took 0.089 seconds
[2025-07-01T03:44:26.481+0000] {processor.py:186} INFO - Started process (PID=14859) to work on /home/airflow/.local/lib/python3.12/site-packages/airflow/example_dags/example_short_circuit_decorator.py
[2025-07-01T03:44:26.482+0000] {processor.py:914} INFO - Processing file /home/airflow/.local/lib/python3.12/site-packages/airflow/example_dags/example_short_circuit_decorator.py for tasks to queue
[2025-07-01T03:44:26.485+0000] {logging_mixin.py:190} INFO - [2025-07-01T03:44:26.484+0000] {dagbag.py:588} INFO - Filling up the DagBag from /home/airflow/.local/lib/python3.12/site-packages/airflow/example_dags/example_short_circuit_decorator.py
[2025-07-01T03:44:26.494+0000] {processor.py:925} INFO - DAG(s) 'example_short_circuit_decorator' retrieved from /home/airflow/.local/lib/python3.12/site-packages/airflow/example_dags/example_short_circuit_decorator.py
[2025-07-01T03:44:26.519+0000] {logging_mixin.py:190} INFO - [2025-07-01T03:44:26.519+0000] {dag.py:3239} INFO - Sync 1 DAGs
[2025-07-01T03:44:26.533+0000] {logging_mixin.py:190} INFO - [2025-07-01T03:44:26.533+0000] {dag.py:4180} INFO - Setting next_dagrun for example_short_circuit_decorator to None, run_after=None
[2025-07-01T03:44:26.550+0000] {processor.py:208} INFO - Processing /home/airflow/.local/lib/python3.12/site-packages/airflow/example_dags/example_short_circuit_decorator.py took 0.075 seconds
[2025-07-01T03:44:57.096+0000] {processor.py:186} INFO - Started process (PID=14921) to work on /home/airflow/.local/lib/python3.12/site-packages/airflow/example_dags/example_short_circuit_decorator.py
[2025-07-01T03:44:57.098+0000] {processor.py:914} INFO - Processing file /home/airflow/.local/lib/python3.12/site-packages/airflow/example_dags/example_short_circuit_decorator.py for tasks to queue
[2025-07-01T03:44:57.100+0000] {logging_mixin.py:190} INFO - [2025-07-01T03:44:57.100+0000] {dagbag.py:588} INFO - Filling up the DagBag from /home/airflow/.local/lib/python3.12/site-packages/airflow/example_dags/example_short_circuit_decorator.py
[2025-07-01T03:44:57.110+0000] {processor.py:925} INFO - DAG(s) 'example_short_circuit_decorator' retrieved from /home/airflow/.local/lib/python3.12/site-packages/airflow/example_dags/example_short_circuit_decorator.py
[2025-07-01T03:44:57.134+0000] {logging_mixin.py:190} INFO - [2025-07-01T03:44:57.134+0000] {dag.py:3239} INFO - Sync 1 DAGs
[2025-07-01T03:44:57.147+0000] {logging_mixin.py:190} INFO - [2025-07-01T03:44:57.147+0000] {dag.py:4180} INFO - Setting next_dagrun for example_short_circuit_decorator to None, run_after=None
[2025-07-01T03:44:57.165+0000] {processor.py:208} INFO - Processing /home/airflow/.local/lib/python3.12/site-packages/airflow/example_dags/example_short_circuit_decorator.py took 0.075 seconds
[2025-07-01T03:45:27.474+0000] {processor.py:186} INFO - Started process (PID=14983) to work on /home/airflow/.local/lib/python3.12/site-packages/airflow/example_dags/example_short_circuit_decorator.py
[2025-07-01T03:45:27.475+0000] {processor.py:914} INFO - Processing file /home/airflow/.local/lib/python3.12/site-packages/airflow/example_dags/example_short_circuit_decorator.py for tasks to queue
[2025-07-01T03:45:27.478+0000] {logging_mixin.py:190} INFO - [2025-07-01T03:45:27.478+0000] {dagbag.py:588} INFO - Filling up the DagBag from /home/airflow/.local/lib/python3.12/site-packages/airflow/example_dags/example_short_circuit_decorator.py
[2025-07-01T03:45:27.487+0000] {processor.py:925} INFO - DAG(s) 'example_short_circuit_decorator' retrieved from /home/airflow/.local/lib/python3.12/site-packages/airflow/example_dags/example_short_circuit_decorator.py
[2025-07-01T03:45:27.510+0000] {logging_mixin.py:190} INFO - [2025-07-01T03:45:27.509+0000] {dag.py:3239} INFO - Sync 1 DAGs
[2025-07-01T03:45:27.523+0000] {logging_mixin.py:190} INFO - [2025-07-01T03:45:27.522+0000] {dag.py:4180} INFO - Setting next_dagrun for example_short_circuit_decorator to None, run_after=None
[2025-07-01T03:45:27.549+0000] {processor.py:208} INFO - Processing /home/airflow/.local/lib/python3.12/site-packages/airflow/example_dags/example_short_circuit_decorator.py took 0.081 seconds
[2025-07-01T03:45:58.270+0000] {processor.py:186} INFO - Started process (PID=15045) to work on /home/airflow/.local/lib/python3.12/site-packages/airflow/example_dags/example_short_circuit_decorator.py
[2025-07-01T03:45:58.271+0000] {processor.py:914} INFO - Processing file /home/airflow/.local/lib/python3.12/site-packages/airflow/example_dags/example_short_circuit_decorator.py for tasks to queue
[2025-07-01T03:45:58.274+0000] {logging_mixin.py:190} INFO - [2025-07-01T03:45:58.273+0000] {dagbag.py:588} INFO - Filling up the DagBag from /home/airflow/.local/lib/python3.12/site-packages/airflow/example_dags/example_short_circuit_decorator.py
[2025-07-01T03:45:58.283+0000] {processor.py:925} INFO - DAG(s) 'example_short_circuit_decorator' retrieved from /home/airflow/.local/lib/python3.12/site-packages/airflow/example_dags/example_short_circuit_decorator.py
[2025-07-01T03:45:58.307+0000] {logging_mixin.py:190} INFO - [2025-07-01T03:45:58.307+0000] {dag.py:3239} INFO - Sync 1 DAGs
[2025-07-01T03:45:58.320+0000] {logging_mixin.py:190} INFO - [2025-07-01T03:45:58.320+0000] {dag.py:4180} INFO - Setting next_dagrun for example_short_circuit_decorator to None, run_after=None
[2025-07-01T03:45:58.337+0000] {processor.py:208} INFO - Processing /home/airflow/.local/lib/python3.12/site-packages/airflow/example_dags/example_short_circuit_decorator.py took 0.074 seconds
[2025-07-01T03:46:28.543+0000] {processor.py:186} INFO - Started process (PID=15107) to work on /home/airflow/.local/lib/python3.12/site-packages/airflow/example_dags/example_short_circuit_decorator.py
[2025-07-01T03:46:28.544+0000] {processor.py:914} INFO - Processing file /home/airflow/.local/lib/python3.12/site-packages/airflow/example_dags/example_short_circuit_decorator.py for tasks to queue
[2025-07-01T03:46:28.546+0000] {logging_mixin.py:190} INFO - [2025-07-01T03:46:28.546+0000] {dagbag.py:588} INFO - Filling up the DagBag from /home/airflow/.local/lib/python3.12/site-packages/airflow/example_dags/example_short_circuit_decorator.py
[2025-07-01T03:46:28.558+0000] {processor.py:925} INFO - DAG(s) 'example_short_circuit_decorator' retrieved from /home/airflow/.local/lib/python3.12/site-packages/airflow/example_dags/example_short_circuit_decorator.py
[2025-07-01T03:46:28.581+0000] {logging_mixin.py:190} INFO - [2025-07-01T03:46:28.581+0000] {dag.py:3239} INFO - Sync 1 DAGs
[2025-07-01T03:46:28.594+0000] {logging_mixin.py:190} INFO - [2025-07-01T03:46:28.594+0000] {dag.py:4180} INFO - Setting next_dagrun for example_short_circuit_decorator to None, run_after=None
[2025-07-01T03:46:28.611+0000] {processor.py:208} INFO - Processing /home/airflow/.local/lib/python3.12/site-packages/airflow/example_dags/example_short_circuit_decorator.py took 0.074 seconds
[2025-07-01T03:46:58.697+0000] {processor.py:186} INFO - Started process (PID=15169) to work on /home/airflow/.local/lib/python3.12/site-packages/airflow/example_dags/example_short_circuit_decorator.py
[2025-07-01T03:46:58.699+0000] {processor.py:914} INFO - Processing file /home/airflow/.local/lib/python3.12/site-packages/airflow/example_dags/example_short_circuit_decorator.py for tasks to queue
[2025-07-01T03:46:58.703+0000] {logging_mixin.py:190} INFO - [2025-07-01T03:46:58.703+0000] {dagbag.py:588} INFO - Filling up the DagBag from /home/airflow/.local/lib/python3.12/site-packages/airflow/example_dags/example_short_circuit_decorator.py
[2025-07-01T03:46:58.716+0000] {processor.py:925} INFO - DAG(s) 'example_short_circuit_decorator' retrieved from /home/airflow/.local/lib/python3.12/site-packages/airflow/example_dags/example_short_circuit_decorator.py
[2025-07-01T03:46:58.746+0000] {logging_mixin.py:190} INFO - [2025-07-01T03:46:58.746+0000] {dag.py:3239} INFO - Sync 1 DAGs
[2025-07-01T03:46:58.772+0000] {logging_mixin.py:190} INFO - [2025-07-01T03:46:58.772+0000] {dag.py:4180} INFO - Setting next_dagrun for example_short_circuit_decorator to None, run_after=None
[2025-07-01T03:46:58.800+0000] {processor.py:208} INFO - Processing /home/airflow/.local/lib/python3.12/site-packages/airflow/example_dags/example_short_circuit_decorator.py took 0.110 seconds
[2025-07-01T03:47:28.955+0000] {processor.py:186} INFO - Started process (PID=15231) to work on /home/airflow/.local/lib/python3.12/site-packages/airflow/example_dags/example_short_circuit_decorator.py
[2025-07-01T03:47:28.957+0000] {processor.py:914} INFO - Processing file /home/airflow/.local/lib/python3.12/site-packages/airflow/example_dags/example_short_circuit_decorator.py for tasks to queue
[2025-07-01T03:47:28.959+0000] {logging_mixin.py:190} INFO - [2025-07-01T03:47:28.959+0000] {dagbag.py:588} INFO - Filling up the DagBag from /home/airflow/.local/lib/python3.12/site-packages/airflow/example_dags/example_short_circuit_decorator.py
[2025-07-01T03:47:28.969+0000] {processor.py:925} INFO - DAG(s) 'example_short_circuit_decorator' retrieved from /home/airflow/.local/lib/python3.12/site-packages/airflow/example_dags/example_short_circuit_decorator.py
[2025-07-01T03:47:28.993+0000] {logging_mixin.py:190} INFO - [2025-07-01T03:47:28.992+0000] {dag.py:3239} INFO - Sync 1 DAGs
[2025-07-01T03:47:29.006+0000] {logging_mixin.py:190} INFO - [2025-07-01T03:47:29.006+0000] {dag.py:4180} INFO - Setting next_dagrun for example_short_circuit_decorator to None, run_after=None
[2025-07-01T03:47:29.024+0000] {processor.py:208} INFO - Processing /home/airflow/.local/lib/python3.12/site-packages/airflow/example_dags/example_short_circuit_decorator.py took 0.075 seconds
[2025-07-01T03:47:59.723+0000] {processor.py:186} INFO - Started process (PID=15293) to work on /home/airflow/.local/lib/python3.12/site-packages/airflow/example_dags/example_short_circuit_decorator.py
[2025-07-01T03:47:59.724+0000] {processor.py:914} INFO - Processing file /home/airflow/.local/lib/python3.12/site-packages/airflow/example_dags/example_short_circuit_decorator.py for tasks to queue
[2025-07-01T03:47:59.728+0000] {logging_mixin.py:190} INFO - [2025-07-01T03:47:59.727+0000] {dagbag.py:588} INFO - Filling up the DagBag from /home/airflow/.local/lib/python3.12/site-packages/airflow/example_dags/example_short_circuit_decorator.py
[2025-07-01T03:47:59.741+0000] {processor.py:925} INFO - DAG(s) 'example_short_circuit_decorator' retrieved from /home/airflow/.local/lib/python3.12/site-packages/airflow/example_dags/example_short_circuit_decorator.py
[2025-07-01T03:47:59.771+0000] {logging_mixin.py:190} INFO - [2025-07-01T03:47:59.771+0000] {dag.py:3239} INFO - Sync 1 DAGs
[2025-07-01T03:47:59.788+0000] {logging_mixin.py:190} INFO - [2025-07-01T03:47:59.788+0000] {dag.py:4180} INFO - Setting next_dagrun for example_short_circuit_decorator to None, run_after=None
[2025-07-01T03:47:59.811+0000] {processor.py:208} INFO - Processing /home/airflow/.local/lib/python3.12/site-packages/airflow/example_dags/example_short_circuit_decorator.py took 0.096 seconds
[2025-07-01T03:48:30.091+0000] {processor.py:186} INFO - Started process (PID=15355) to work on /home/airflow/.local/lib/python3.12/site-packages/airflow/example_dags/example_short_circuit_decorator.py
[2025-07-01T03:48:30.093+0000] {processor.py:914} INFO - Processing file /home/airflow/.local/lib/python3.12/site-packages/airflow/example_dags/example_short_circuit_decorator.py for tasks to queue
[2025-07-01T03:48:30.096+0000] {logging_mixin.py:190} INFO - [2025-07-01T03:48:30.095+0000] {dagbag.py:588} INFO - Filling up the DagBag from /home/airflow/.local/lib/python3.12/site-packages/airflow/example_dags/example_short_circuit_decorator.py
[2025-07-01T03:48:30.106+0000] {processor.py:925} INFO - DAG(s) 'example_short_circuit_decorator' retrieved from /home/airflow/.local/lib/python3.12/site-packages/airflow/example_dags/example_short_circuit_decorator.py
[2025-07-01T03:48:30.132+0000] {logging_mixin.py:190} INFO - [2025-07-01T03:48:30.132+0000] {dag.py:3239} INFO - Sync 1 DAGs
[2025-07-01T03:48:30.150+0000] {logging_mixin.py:190} INFO - [2025-07-01T03:48:30.150+0000] {dag.py:4180} INFO - Setting next_dagrun for example_short_circuit_decorator to None, run_after=None
[2025-07-01T03:48:30.180+0000] {processor.py:208} INFO - Processing /home/airflow/.local/lib/python3.12/site-packages/airflow/example_dags/example_short_circuit_decorator.py took 0.096 seconds
[2025-07-01T03:49:00.596+0000] {processor.py:186} INFO - Started process (PID=15417) to work on /home/airflow/.local/lib/python3.12/site-packages/airflow/example_dags/example_short_circuit_decorator.py
[2025-07-01T03:49:00.597+0000] {processor.py:914} INFO - Processing file /home/airflow/.local/lib/python3.12/site-packages/airflow/example_dags/example_short_circuit_decorator.py for tasks to queue
[2025-07-01T03:49:00.600+0000] {logging_mixin.py:190} INFO - [2025-07-01T03:49:00.599+0000] {dagbag.py:588} INFO - Filling up the DagBag from /home/airflow/.local/lib/python3.12/site-packages/airflow/example_dags/example_short_circuit_decorator.py
[2025-07-01T03:49:00.610+0000] {processor.py:925} INFO - DAG(s) 'example_short_circuit_decorator' retrieved from /home/airflow/.local/lib/python3.12/site-packages/airflow/example_dags/example_short_circuit_decorator.py
[2025-07-01T03:49:00.632+0000] {logging_mixin.py:190} INFO - [2025-07-01T03:49:00.632+0000] {dag.py:3239} INFO - Sync 1 DAGs
[2025-07-01T03:49:00.646+0000] {logging_mixin.py:190} INFO - [2025-07-01T03:49:00.645+0000] {dag.py:4180} INFO - Setting next_dagrun for example_short_circuit_decorator to None, run_after=None
[2025-07-01T03:49:00.663+0000] {processor.py:208} INFO - Processing /home/airflow/.local/lib/python3.12/site-packages/airflow/example_dags/example_short_circuit_decorator.py took 0.074 seconds
[2025-07-01T03:49:31.247+0000] {processor.py:186} INFO - Started process (PID=15479) to work on /home/airflow/.local/lib/python3.12/site-packages/airflow/example_dags/example_short_circuit_decorator.py
[2025-07-01T03:49:31.248+0000] {processor.py:914} INFO - Processing file /home/airflow/.local/lib/python3.12/site-packages/airflow/example_dags/example_short_circuit_decorator.py for tasks to queue
[2025-07-01T03:49:31.251+0000] {logging_mixin.py:190} INFO - [2025-07-01T03:49:31.251+0000] {dagbag.py:588} INFO - Filling up the DagBag from /home/airflow/.local/lib/python3.12/site-packages/airflow/example_dags/example_short_circuit_decorator.py
[2025-07-01T03:49:31.260+0000] {processor.py:925} INFO - DAG(s) 'example_short_circuit_decorator' retrieved from /home/airflow/.local/lib/python3.12/site-packages/airflow/example_dags/example_short_circuit_decorator.py
[2025-07-01T03:49:31.284+0000] {logging_mixin.py:190} INFO - [2025-07-01T03:49:31.284+0000] {dag.py:3239} INFO - Sync 1 DAGs
[2025-07-01T03:49:31.297+0000] {logging_mixin.py:190} INFO - [2025-07-01T03:49:31.297+0000] {dag.py:4180} INFO - Setting next_dagrun for example_short_circuit_decorator to None, run_after=None
[2025-07-01T03:49:31.315+0000] {processor.py:208} INFO - Processing /home/airflow/.local/lib/python3.12/site-packages/airflow/example_dags/example_short_circuit_decorator.py took 0.074 seconds
[2025-07-01T03:50:01.873+0000] {processor.py:186} INFO - Started process (PID=15541) to work on /home/airflow/.local/lib/python3.12/site-packages/airflow/example_dags/example_short_circuit_decorator.py
[2025-07-01T03:50:01.874+0000] {processor.py:914} INFO - Processing file /home/airflow/.local/lib/python3.12/site-packages/airflow/example_dags/example_short_circuit_decorator.py for tasks to queue
[2025-07-01T03:50:01.877+0000] {logging_mixin.py:190} INFO - [2025-07-01T03:50:01.877+0000] {dagbag.py:588} INFO - Filling up the DagBag from /home/airflow/.local/lib/python3.12/site-packages/airflow/example_dags/example_short_circuit_decorator.py
[2025-07-01T03:50:01.887+0000] {processor.py:925} INFO - DAG(s) 'example_short_circuit_decorator' retrieved from /home/airflow/.local/lib/python3.12/site-packages/airflow/example_dags/example_short_circuit_decorator.py
[2025-07-01T03:50:01.912+0000] {logging_mixin.py:190} INFO - [2025-07-01T03:50:01.912+0000] {dag.py:3239} INFO - Sync 1 DAGs
[2025-07-01T03:50:01.925+0000] {logging_mixin.py:190} INFO - [2025-07-01T03:50:01.925+0000] {dag.py:4180} INFO - Setting next_dagrun for example_short_circuit_decorator to None, run_after=None
[2025-07-01T03:50:01.952+0000] {processor.py:208} INFO - Processing /home/airflow/.local/lib/python3.12/site-packages/airflow/example_dags/example_short_circuit_decorator.py took 0.086 seconds
[2025-07-01T03:50:32.247+0000] {processor.py:186} INFO - Started process (PID=15603) to work on /home/airflow/.local/lib/python3.12/site-packages/airflow/example_dags/example_short_circuit_decorator.py
[2025-07-01T03:50:32.248+0000] {processor.py:914} INFO - Processing file /home/airflow/.local/lib/python3.12/site-packages/airflow/example_dags/example_short_circuit_decorator.py for tasks to queue
[2025-07-01T03:50:32.250+0000] {logging_mixin.py:190} INFO - [2025-07-01T03:50:32.250+0000] {dagbag.py:588} INFO - Filling up the DagBag from /home/airflow/.local/lib/python3.12/site-packages/airflow/example_dags/example_short_circuit_decorator.py
[2025-07-01T03:50:32.260+0000] {processor.py:925} INFO - DAG(s) 'example_short_circuit_decorator' retrieved from /home/airflow/.local/lib/python3.12/site-packages/airflow/example_dags/example_short_circuit_decorator.py
[2025-07-01T03:50:32.282+0000] {logging_mixin.py:190} INFO - [2025-07-01T03:50:32.282+0000] {dag.py:3239} INFO - Sync 1 DAGs
[2025-07-01T03:50:32.295+0000] {logging_mixin.py:190} INFO - [2025-07-01T03:50:32.295+0000] {dag.py:4180} INFO - Setting next_dagrun for example_short_circuit_decorator to None, run_after=None
[2025-07-01T03:50:32.314+0000] {processor.py:208} INFO - Processing /home/airflow/.local/lib/python3.12/site-packages/airflow/example_dags/example_short_circuit_decorator.py took 0.073 seconds
[2025-07-01T03:51:02.782+0000] {processor.py:186} INFO - Started process (PID=15665) to work on /home/airflow/.local/lib/python3.12/site-packages/airflow/example_dags/example_short_circuit_decorator.py
[2025-07-01T03:51:02.784+0000] {processor.py:914} INFO - Processing file /home/airflow/.local/lib/python3.12/site-packages/airflow/example_dags/example_short_circuit_decorator.py for tasks to queue
[2025-07-01T03:51:02.786+0000] {logging_mixin.py:190} INFO - [2025-07-01T03:51:02.786+0000] {dagbag.py:588} INFO - Filling up the DagBag from /home/airflow/.local/lib/python3.12/site-packages/airflow/example_dags/example_short_circuit_decorator.py
[2025-07-01T03:51:02.796+0000] {processor.py:925} INFO - DAG(s) 'example_short_circuit_decorator' retrieved from /home/airflow/.local/lib/python3.12/site-packages/airflow/example_dags/example_short_circuit_decorator.py
[2025-07-01T03:51:02.821+0000] {logging_mixin.py:190} INFO - [2025-07-01T03:51:02.821+0000] {dag.py:3239} INFO - Sync 1 DAGs
[2025-07-01T03:51:02.836+0000] {logging_mixin.py:190} INFO - [2025-07-01T03:51:02.836+0000] {dag.py:4180} INFO - Setting next_dagrun for example_short_circuit_decorator to None, run_after=None
[2025-07-01T03:51:02.853+0000] {processor.py:208} INFO - Processing /home/airflow/.local/lib/python3.12/site-packages/airflow/example_dags/example_short_circuit_decorator.py took 0.077 seconds
[2025-07-01T03:51:33.606+0000] {processor.py:186} INFO - Started process (PID=15727) to work on /home/airflow/.local/lib/python3.12/site-packages/airflow/example_dags/example_short_circuit_decorator.py
[2025-07-01T03:51:33.607+0000] {processor.py:914} INFO - Processing file /home/airflow/.local/lib/python3.12/site-packages/airflow/example_dags/example_short_circuit_decorator.py for tasks to queue
[2025-07-01T03:51:33.610+0000] {logging_mixin.py:190} INFO - [2025-07-01T03:51:33.609+0000] {dagbag.py:588} INFO - Filling up the DagBag from /home/airflow/.local/lib/python3.12/site-packages/airflow/example_dags/example_short_circuit_decorator.py
[2025-07-01T03:51:33.622+0000] {processor.py:925} INFO - DAG(s) 'example_short_circuit_decorator' retrieved from /home/airflow/.local/lib/python3.12/site-packages/airflow/example_dags/example_short_circuit_decorator.py
[2025-07-01T03:51:33.654+0000] {logging_mixin.py:190} INFO - [2025-07-01T03:51:33.653+0000] {dag.py:3239} INFO - Sync 1 DAGs
[2025-07-01T03:51:33.677+0000] {logging_mixin.py:190} INFO - [2025-07-01T03:51:33.676+0000] {dag.py:4180} INFO - Setting next_dagrun for example_short_circuit_decorator to None, run_after=None
[2025-07-01T03:51:33.704+0000] {processor.py:208} INFO - Processing /home/airflow/.local/lib/python3.12/site-packages/airflow/example_dags/example_short_circuit_decorator.py took 0.104 seconds
[2025-07-01T03:52:04.342+0000] {processor.py:186} INFO - Started process (PID=15789) to work on /home/airflow/.local/lib/python3.12/site-packages/airflow/example_dags/example_short_circuit_decorator.py
[2025-07-01T03:52:04.345+0000] {processor.py:914} INFO - Processing file /home/airflow/.local/lib/python3.12/site-packages/airflow/example_dags/example_short_circuit_decorator.py for tasks to queue
[2025-07-01T03:52:04.348+0000] {logging_mixin.py:190} INFO - [2025-07-01T03:52:04.347+0000] {dagbag.py:588} INFO - Filling up the DagBag from /home/airflow/.local/lib/python3.12/site-packages/airflow/example_dags/example_short_circuit_decorator.py
[2025-07-01T03:52:04.357+0000] {processor.py:925} INFO - DAG(s) 'example_short_circuit_decorator' retrieved from /home/airflow/.local/lib/python3.12/site-packages/airflow/example_dags/example_short_circuit_decorator.py
[2025-07-01T03:52:04.380+0000] {logging_mixin.py:190} INFO - [2025-07-01T03:52:04.380+0000] {dag.py:3239} INFO - Sync 1 DAGs
[2025-07-01T03:52:04.393+0000] {logging_mixin.py:190} INFO - [2025-07-01T03:52:04.393+0000] {dag.py:4180} INFO - Setting next_dagrun for example_short_circuit_decorator to None, run_after=None
[2025-07-01T03:52:04.413+0000] {processor.py:208} INFO - Processing /home/airflow/.local/lib/python3.12/site-packages/airflow/example_dags/example_short_circuit_decorator.py took 0.077 seconds
[2025-07-01T03:52:34.591+0000] {processor.py:186} INFO - Started process (PID=15851) to work on /home/airflow/.local/lib/python3.12/site-packages/airflow/example_dags/example_short_circuit_decorator.py
[2025-07-01T03:52:34.592+0000] {processor.py:914} INFO - Processing file /home/airflow/.local/lib/python3.12/site-packages/airflow/example_dags/example_short_circuit_decorator.py for tasks to queue
[2025-07-01T03:52:34.606+0000] {logging_mixin.py:190} INFO - [2025-07-01T03:52:34.605+0000] {dagbag.py:588} INFO - Filling up the DagBag from /home/airflow/.local/lib/python3.12/site-packages/airflow/example_dags/example_short_circuit_decorator.py
[2025-07-01T03:52:34.615+0000] {processor.py:925} INFO - DAG(s) 'example_short_circuit_decorator' retrieved from /home/airflow/.local/lib/python3.12/site-packages/airflow/example_dags/example_short_circuit_decorator.py
[2025-07-01T03:52:34.640+0000] {logging_mixin.py:190} INFO - [2025-07-01T03:52:34.640+0000] {dag.py:3239} INFO - Sync 1 DAGs
[2025-07-01T03:52:34.654+0000] {logging_mixin.py:190} INFO - [2025-07-01T03:52:34.654+0000] {dag.py:4180} INFO - Setting next_dagrun for example_short_circuit_decorator to None, run_after=None
[2025-07-01T03:52:34.672+0000] {processor.py:208} INFO - Processing /home/airflow/.local/lib/python3.12/site-packages/airflow/example_dags/example_short_circuit_decorator.py took 0.087 seconds
[2025-07-01T03:53:05.310+0000] {processor.py:186} INFO - Started process (PID=15913) to work on /home/airflow/.local/lib/python3.12/site-packages/airflow/example_dags/example_short_circuit_decorator.py
[2025-07-01T03:53:05.311+0000] {processor.py:914} INFO - Processing file /home/airflow/.local/lib/python3.12/site-packages/airflow/example_dags/example_short_circuit_decorator.py for tasks to queue
[2025-07-01T03:53:05.313+0000] {logging_mixin.py:190} INFO - [2025-07-01T03:53:05.313+0000] {dagbag.py:588} INFO - Filling up the DagBag from /home/airflow/.local/lib/python3.12/site-packages/airflow/example_dags/example_short_circuit_decorator.py
[2025-07-01T03:53:05.323+0000] {processor.py:925} INFO - DAG(s) 'example_short_circuit_decorator' retrieved from /home/airflow/.local/lib/python3.12/site-packages/airflow/example_dags/example_short_circuit_decorator.py
[2025-07-01T03:53:05.352+0000] {logging_mixin.py:190} INFO - [2025-07-01T03:53:05.351+0000] {dag.py:3239} INFO - Sync 1 DAGs
[2025-07-01T03:53:05.370+0000] {logging_mixin.py:190} INFO - [2025-07-01T03:53:05.369+0000] {dag.py:4180} INFO - Setting next_dagrun for example_short_circuit_decorator to None, run_after=None
[2025-07-01T03:53:05.389+0000] {processor.py:208} INFO - Processing /home/airflow/.local/lib/python3.12/site-packages/airflow/example_dags/example_short_circuit_decorator.py took 0.084 seconds
[2025-07-01T03:53:35.699+0000] {processor.py:186} INFO - Started process (PID=15975) to work on /home/airflow/.local/lib/python3.12/site-packages/airflow/example_dags/example_short_circuit_decorator.py
[2025-07-01T03:53:35.700+0000] {processor.py:914} INFO - Processing file /home/airflow/.local/lib/python3.12/site-packages/airflow/example_dags/example_short_circuit_decorator.py for tasks to queue
[2025-07-01T03:53:35.702+0000] {logging_mixin.py:190} INFO - [2025-07-01T03:53:35.702+0000] {dagbag.py:588} INFO - Filling up the DagBag from /home/airflow/.local/lib/python3.12/site-packages/airflow/example_dags/example_short_circuit_decorator.py
[2025-07-01T03:53:35.712+0000] {processor.py:925} INFO - DAG(s) 'example_short_circuit_decorator' retrieved from /home/airflow/.local/lib/python3.12/site-packages/airflow/example_dags/example_short_circuit_decorator.py
[2025-07-01T03:53:35.735+0000] {logging_mixin.py:190} INFO - [2025-07-01T03:53:35.735+0000] {dag.py:3239} INFO - Sync 1 DAGs
[2025-07-01T03:53:35.749+0000] {logging_mixin.py:190} INFO - [2025-07-01T03:53:35.749+0000] {dag.py:4180} INFO - Setting next_dagrun for example_short_circuit_decorator to None, run_after=None
[2025-07-01T03:53:35.766+0000] {processor.py:208} INFO - Processing /home/airflow/.local/lib/python3.12/site-packages/airflow/example_dags/example_short_circuit_decorator.py took 0.074 seconds
[2025-07-01T03:54:05.849+0000] {processor.py:186} INFO - Started process (PID=16037) to work on /home/airflow/.local/lib/python3.12/site-packages/airflow/example_dags/example_short_circuit_decorator.py
[2025-07-01T03:54:05.850+0000] {processor.py:914} INFO - Processing file /home/airflow/.local/lib/python3.12/site-packages/airflow/example_dags/example_short_circuit_decorator.py for tasks to queue
[2025-07-01T03:54:05.852+0000] {logging_mixin.py:190} INFO - [2025-07-01T03:54:05.852+0000] {dagbag.py:588} INFO - Filling up the DagBag from /home/airflow/.local/lib/python3.12/site-packages/airflow/example_dags/example_short_circuit_decorator.py
[2025-07-01T03:54:05.862+0000] {processor.py:925} INFO - DAG(s) 'example_short_circuit_decorator' retrieved from /home/airflow/.local/lib/python3.12/site-packages/airflow/example_dags/example_short_circuit_decorator.py
[2025-07-01T03:54:05.886+0000] {logging_mixin.py:190} INFO - [2025-07-01T03:54:05.886+0000] {dag.py:3239} INFO - Sync 1 DAGs
[2025-07-01T03:54:05.901+0000] {logging_mixin.py:190} INFO - [2025-07-01T03:54:05.900+0000] {dag.py:4180} INFO - Setting next_dagrun for example_short_circuit_decorator to None, run_after=None
[2025-07-01T03:54:05.923+0000] {processor.py:208} INFO - Processing /home/airflow/.local/lib/python3.12/site-packages/airflow/example_dags/example_short_circuit_decorator.py took 0.080 seconds
[2025-07-01T03:54:36.645+0000] {processor.py:186} INFO - Started process (PID=16099) to work on /home/airflow/.local/lib/python3.12/site-packages/airflow/example_dags/example_short_circuit_decorator.py
[2025-07-01T03:54:36.646+0000] {processor.py:914} INFO - Processing file /home/airflow/.local/lib/python3.12/site-packages/airflow/example_dags/example_short_circuit_decorator.py for tasks to queue
[2025-07-01T03:54:36.649+0000] {logging_mixin.py:190} INFO - [2025-07-01T03:54:36.649+0000] {dagbag.py:588} INFO - Filling up the DagBag from /home/airflow/.local/lib/python3.12/site-packages/airflow/example_dags/example_short_circuit_decorator.py
[2025-07-01T03:54:36.658+0000] {processor.py:925} INFO - DAG(s) 'example_short_circuit_decorator' retrieved from /home/airflow/.local/lib/python3.12/site-packages/airflow/example_dags/example_short_circuit_decorator.py
[2025-07-01T03:54:36.681+0000] {logging_mixin.py:190} INFO - [2025-07-01T03:54:36.681+0000] {dag.py:3239} INFO - Sync 1 DAGs
[2025-07-01T03:54:36.869+0000] {logging_mixin.py:190} INFO - [2025-07-01T03:54:36.869+0000] {dag.py:4180} INFO - Setting next_dagrun for example_short_circuit_decorator to None, run_after=None
[2025-07-01T03:54:36.889+0000] {processor.py:208} INFO - Processing /home/airflow/.local/lib/python3.12/site-packages/airflow/example_dags/example_short_circuit_decorator.py took 0.250 seconds
[2025-07-01T03:55:07.703+0000] {processor.py:186} INFO - Started process (PID=16161) to work on /home/airflow/.local/lib/python3.12/site-packages/airflow/example_dags/example_short_circuit_decorator.py
[2025-07-01T03:55:07.704+0000] {processor.py:914} INFO - Processing file /home/airflow/.local/lib/python3.12/site-packages/airflow/example_dags/example_short_circuit_decorator.py for tasks to queue
[2025-07-01T03:55:07.708+0000] {logging_mixin.py:190} INFO - [2025-07-01T03:55:07.707+0000] {dagbag.py:588} INFO - Filling up the DagBag from /home/airflow/.local/lib/python3.12/site-packages/airflow/example_dags/example_short_circuit_decorator.py
[2025-07-01T03:55:07.720+0000] {processor.py:925} INFO - DAG(s) 'example_short_circuit_decorator' retrieved from /home/airflow/.local/lib/python3.12/site-packages/airflow/example_dags/example_short_circuit_decorator.py
[2025-07-01T03:55:07.753+0000] {logging_mixin.py:190} INFO - [2025-07-01T03:55:07.752+0000] {dag.py:3239} INFO - Sync 1 DAGs
[2025-07-01T03:55:07.769+0000] {logging_mixin.py:190} INFO - [2025-07-01T03:55:07.768+0000] {dag.py:4180} INFO - Setting next_dagrun for example_short_circuit_decorator to None, run_after=None
[2025-07-01T03:55:08.012+0000] {processor.py:208} INFO - Processing /home/airflow/.local/lib/python3.12/site-packages/airflow/example_dags/example_short_circuit_decorator.py took 0.317 seconds
[2025-07-01T03:55:38.087+0000] {processor.py:186} INFO - Started process (PID=16223) to work on /home/airflow/.local/lib/python3.12/site-packages/airflow/example_dags/example_short_circuit_decorator.py
[2025-07-01T03:55:38.088+0000] {processor.py:914} INFO - Processing file /home/airflow/.local/lib/python3.12/site-packages/airflow/example_dags/example_short_circuit_decorator.py for tasks to queue
[2025-07-01T03:55:38.091+0000] {logging_mixin.py:190} INFO - [2025-07-01T03:55:38.090+0000] {dagbag.py:588} INFO - Filling up the DagBag from /home/airflow/.local/lib/python3.12/site-packages/airflow/example_dags/example_short_circuit_decorator.py
[2025-07-01T03:55:38.100+0000] {processor.py:925} INFO - DAG(s) 'example_short_circuit_decorator' retrieved from /home/airflow/.local/lib/python3.12/site-packages/airflow/example_dags/example_short_circuit_decorator.py
[2025-07-01T03:55:38.124+0000] {logging_mixin.py:190} INFO - [2025-07-01T03:55:38.124+0000] {dag.py:3239} INFO - Sync 1 DAGs
[2025-07-01T03:55:38.139+0000] {logging_mixin.py:190} INFO - [2025-07-01T03:55:38.138+0000] {dag.py:4180} INFO - Setting next_dagrun for example_short_circuit_decorator to None, run_after=None
[2025-07-01T03:55:38.159+0000] {processor.py:208} INFO - Processing /home/airflow/.local/lib/python3.12/site-packages/airflow/example_dags/example_short_circuit_decorator.py took 0.078 seconds
[2025-07-01T03:56:08.521+0000] {processor.py:186} INFO - Started process (PID=16285) to work on /home/airflow/.local/lib/python3.12/site-packages/airflow/example_dags/example_short_circuit_decorator.py
[2025-07-01T03:56:08.522+0000] {processor.py:914} INFO - Processing file /home/airflow/.local/lib/python3.12/site-packages/airflow/example_dags/example_short_circuit_decorator.py for tasks to queue
[2025-07-01T03:56:08.525+0000] {logging_mixin.py:190} INFO - [2025-07-01T03:56:08.525+0000] {dagbag.py:588} INFO - Filling up the DagBag from /home/airflow/.local/lib/python3.12/site-packages/airflow/example_dags/example_short_circuit_decorator.py
[2025-07-01T03:56:08.537+0000] {processor.py:925} INFO - DAG(s) 'example_short_circuit_decorator' retrieved from /home/airflow/.local/lib/python3.12/site-packages/airflow/example_dags/example_short_circuit_decorator.py
[2025-07-01T03:56:08.560+0000] {logging_mixin.py:190} INFO - [2025-07-01T03:56:08.560+0000] {dag.py:3239} INFO - Sync 1 DAGs
[2025-07-01T03:56:08.577+0000] {logging_mixin.py:190} INFO - [2025-07-01T03:56:08.577+0000] {dag.py:4180} INFO - Setting next_dagrun for example_short_circuit_decorator to None, run_after=None
[2025-07-01T03:56:08.594+0000] {processor.py:208} INFO - Processing /home/airflow/.local/lib/python3.12/site-packages/airflow/example_dags/example_short_circuit_decorator.py took 0.079 seconds
[2025-07-01T03:56:38.823+0000] {processor.py:186} INFO - Started process (PID=16347) to work on /home/airflow/.local/lib/python3.12/site-packages/airflow/example_dags/example_short_circuit_decorator.py
[2025-07-01T03:56:38.824+0000] {processor.py:914} INFO - Processing file /home/airflow/.local/lib/python3.12/site-packages/airflow/example_dags/example_short_circuit_decorator.py for tasks to queue
[2025-07-01T03:56:38.826+0000] {logging_mixin.py:190} INFO - [2025-07-01T03:56:38.826+0000] {dagbag.py:588} INFO - Filling up the DagBag from /home/airflow/.local/lib/python3.12/site-packages/airflow/example_dags/example_short_circuit_decorator.py
[2025-07-01T03:56:38.837+0000] {processor.py:925} INFO - DAG(s) 'example_short_circuit_decorator' retrieved from /home/airflow/.local/lib/python3.12/site-packages/airflow/example_dags/example_short_circuit_decorator.py
[2025-07-01T03:56:38.866+0000] {logging_mixin.py:190} INFO - [2025-07-01T03:56:38.866+0000] {dag.py:3239} INFO - Sync 1 DAGs
[2025-07-01T03:56:38.880+0000] {logging_mixin.py:190} INFO - [2025-07-01T03:56:38.880+0000] {dag.py:4180} INFO - Setting next_dagrun for example_short_circuit_decorator to None, run_after=None
[2025-07-01T03:56:38.896+0000] {processor.py:208} INFO - Processing /home/airflow/.local/lib/python3.12/site-packages/airflow/example_dags/example_short_circuit_decorator.py took 0.090 seconds
[2025-07-01T03:57:09.534+0000] {processor.py:186} INFO - Started process (PID=16409) to work on /home/airflow/.local/lib/python3.12/site-packages/airflow/example_dags/example_short_circuit_decorator.py
[2025-07-01T03:57:09.535+0000] {processor.py:914} INFO - Processing file /home/airflow/.local/lib/python3.12/site-packages/airflow/example_dags/example_short_circuit_decorator.py for tasks to queue
[2025-07-01T03:57:09.538+0000] {logging_mixin.py:190} INFO - [2025-07-01T03:57:09.537+0000] {dagbag.py:588} INFO - Filling up the DagBag from /home/airflow/.local/lib/python3.12/site-packages/airflow/example_dags/example_short_circuit_decorator.py
[2025-07-01T03:57:09.547+0000] {processor.py:925} INFO - DAG(s) 'example_short_circuit_decorator' retrieved from /home/airflow/.local/lib/python3.12/site-packages/airflow/example_dags/example_short_circuit_decorator.py
[2025-07-01T03:57:09.571+0000] {logging_mixin.py:190} INFO - [2025-07-01T03:57:09.571+0000] {dag.py:3239} INFO - Sync 1 DAGs
[2025-07-01T03:57:09.585+0000] {logging_mixin.py:190} INFO - [2025-07-01T03:57:09.585+0000] {dag.py:4180} INFO - Setting next_dagrun for example_short_circuit_decorator to None, run_after=None
[2025-07-01T03:57:09.603+0000] {processor.py:208} INFO - Processing /home/airflow/.local/lib/python3.12/site-packages/airflow/example_dags/example_short_circuit_decorator.py took 0.076 seconds
[2025-07-01T03:57:40.368+0000] {processor.py:186} INFO - Started process (PID=16471) to work on /home/airflow/.local/lib/python3.12/site-packages/airflow/example_dags/example_short_circuit_decorator.py
[2025-07-01T03:57:40.370+0000] {processor.py:914} INFO - Processing file /home/airflow/.local/lib/python3.12/site-packages/airflow/example_dags/example_short_circuit_decorator.py for tasks to queue
[2025-07-01T03:57:40.372+0000] {logging_mixin.py:190} INFO - [2025-07-01T03:57:40.372+0000] {dagbag.py:588} INFO - Filling up the DagBag from /home/airflow/.local/lib/python3.12/site-packages/airflow/example_dags/example_short_circuit_decorator.py
[2025-07-01T03:57:40.382+0000] {processor.py:925} INFO - DAG(s) 'example_short_circuit_decorator' retrieved from /home/airflow/.local/lib/python3.12/site-packages/airflow/example_dags/example_short_circuit_decorator.py
[2025-07-01T03:57:40.407+0000] {logging_mixin.py:190} INFO - [2025-07-01T03:57:40.407+0000] {dag.py:3239} INFO - Sync 1 DAGs
[2025-07-01T03:57:40.421+0000] {logging_mixin.py:190} INFO - [2025-07-01T03:57:40.421+0000] {dag.py:4180} INFO - Setting next_dagrun for example_short_circuit_decorator to None, run_after=None
[2025-07-01T03:57:40.438+0000] {processor.py:208} INFO - Processing /home/airflow/.local/lib/python3.12/site-packages/airflow/example_dags/example_short_circuit_decorator.py took 0.076 seconds
[2025-07-01T03:58:10.566+0000] {processor.py:186} INFO - Started process (PID=16533) to work on /home/airflow/.local/lib/python3.12/site-packages/airflow/example_dags/example_short_circuit_decorator.py
[2025-07-01T03:58:10.568+0000] {processor.py:914} INFO - Processing file /home/airflow/.local/lib/python3.12/site-packages/airflow/example_dags/example_short_circuit_decorator.py for tasks to queue
[2025-07-01T03:58:10.570+0000] {logging_mixin.py:190} INFO - [2025-07-01T03:58:10.570+0000] {dagbag.py:588} INFO - Filling up the DagBag from /home/airflow/.local/lib/python3.12/site-packages/airflow/example_dags/example_short_circuit_decorator.py
[2025-07-01T03:58:10.582+0000] {processor.py:925} INFO - DAG(s) 'example_short_circuit_decorator' retrieved from /home/airflow/.local/lib/python3.12/site-packages/airflow/example_dags/example_short_circuit_decorator.py
[2025-07-01T03:58:10.606+0000] {logging_mixin.py:190} INFO - [2025-07-01T03:58:10.605+0000] {dag.py:3239} INFO - Sync 1 DAGs
[2025-07-01T03:58:10.619+0000] {logging_mixin.py:190} INFO - [2025-07-01T03:58:10.618+0000] {dag.py:4180} INFO - Setting next_dagrun for example_short_circuit_decorator to None, run_after=None
[2025-07-01T03:58:10.636+0000] {processor.py:208} INFO - Processing /home/airflow/.local/lib/python3.12/site-packages/airflow/example_dags/example_short_circuit_decorator.py took 0.076 seconds
[2025-07-01T03:58:40.927+0000] {processor.py:186} INFO - Started process (PID=16595) to work on /home/airflow/.local/lib/python3.12/site-packages/airflow/example_dags/example_short_circuit_decorator.py
[2025-07-01T03:58:40.929+0000] {processor.py:914} INFO - Processing file /home/airflow/.local/lib/python3.12/site-packages/airflow/example_dags/example_short_circuit_decorator.py for tasks to queue
[2025-07-01T03:58:40.932+0000] {logging_mixin.py:190} INFO - [2025-07-01T03:58:40.932+0000] {dagbag.py:588} INFO - Filling up the DagBag from /home/airflow/.local/lib/python3.12/site-packages/airflow/example_dags/example_short_circuit_decorator.py
[2025-07-01T03:58:40.943+0000] {processor.py:925} INFO - DAG(s) 'example_short_circuit_decorator' retrieved from /home/airflow/.local/lib/python3.12/site-packages/airflow/example_dags/example_short_circuit_decorator.py
[2025-07-01T03:58:40.967+0000] {logging_mixin.py:190} INFO - [2025-07-01T03:58:40.967+0000] {dag.py:3239} INFO - Sync 1 DAGs
[2025-07-01T03:58:40.980+0000] {logging_mixin.py:190} INFO - [2025-07-01T03:58:40.980+0000] {dag.py:4180} INFO - Setting next_dagrun for example_short_circuit_decorator to None, run_after=None
[2025-07-01T03:58:40.998+0000] {processor.py:208} INFO - Processing /home/airflow/.local/lib/python3.12/site-packages/airflow/example_dags/example_short_circuit_decorator.py took 0.077 seconds
[2025-07-01T03:59:12.040+0000] {processor.py:186} INFO - Started process (PID=16657) to work on /home/airflow/.local/lib/python3.12/site-packages/airflow/example_dags/example_short_circuit_decorator.py
[2025-07-01T03:59:12.042+0000] {processor.py:914} INFO - Processing file /home/airflow/.local/lib/python3.12/site-packages/airflow/example_dags/example_short_circuit_decorator.py for tasks to queue
[2025-07-01T03:59:12.044+0000] {logging_mixin.py:190} INFO - [2025-07-01T03:59:12.044+0000] {dagbag.py:588} INFO - Filling up the DagBag from /home/airflow/.local/lib/python3.12/site-packages/airflow/example_dags/example_short_circuit_decorator.py
[2025-07-01T03:59:12.054+0000] {processor.py:925} INFO - DAG(s) 'example_short_circuit_decorator' retrieved from /home/airflow/.local/lib/python3.12/site-packages/airflow/example_dags/example_short_circuit_decorator.py
[2025-07-01T03:59:12.077+0000] {logging_mixin.py:190} INFO - [2025-07-01T03:59:12.077+0000] {dag.py:3239} INFO - Sync 1 DAGs
[2025-07-01T03:59:12.090+0000] {logging_mixin.py:190} INFO - [2025-07-01T03:59:12.090+0000] {dag.py:4180} INFO - Setting next_dagrun for example_short_circuit_decorator to None, run_after=None
[2025-07-01T03:59:12.119+0000] {processor.py:208} INFO - Processing /home/airflow/.local/lib/python3.12/site-packages/airflow/example_dags/example_short_circuit_decorator.py took 0.085 seconds
[2025-07-01T03:59:42.851+0000] {processor.py:186} INFO - Started process (PID=16719) to work on /home/airflow/.local/lib/python3.12/site-packages/airflow/example_dags/example_short_circuit_decorator.py
[2025-07-01T03:59:42.853+0000] {processor.py:914} INFO - Processing file /home/airflow/.local/lib/python3.12/site-packages/airflow/example_dags/example_short_circuit_decorator.py for tasks to queue
[2025-07-01T03:59:42.855+0000] {logging_mixin.py:190} INFO - [2025-07-01T03:59:42.855+0000] {dagbag.py:588} INFO - Filling up the DagBag from /home/airflow/.local/lib/python3.12/site-packages/airflow/example_dags/example_short_circuit_decorator.py
[2025-07-01T03:59:42.865+0000] {processor.py:925} INFO - DAG(s) 'example_short_circuit_decorator' retrieved from /home/airflow/.local/lib/python3.12/site-packages/airflow/example_dags/example_short_circuit_decorator.py
[2025-07-01T03:59:42.889+0000] {logging_mixin.py:190} INFO - [2025-07-01T03:59:42.889+0000] {dag.py:3239} INFO - Sync 1 DAGs
[2025-07-01T03:59:42.902+0000] {logging_mixin.py:190} INFO - [2025-07-01T03:59:42.902+0000] {dag.py:4180} INFO - Setting next_dagrun for example_short_circuit_decorator to None, run_after=None
[2025-07-01T03:59:42.919+0000] {processor.py:208} INFO - Processing /home/airflow/.local/lib/python3.12/site-packages/airflow/example_dags/example_short_circuit_decorator.py took 0.074 seconds
[2025-07-01T04:00:13.674+0000] {processor.py:186} INFO - Started process (PID=16781) to work on /home/airflow/.local/lib/python3.12/site-packages/airflow/example_dags/example_short_circuit_decorator.py
[2025-07-01T04:00:13.676+0000] {processor.py:914} INFO - Processing file /home/airflow/.local/lib/python3.12/site-packages/airflow/example_dags/example_short_circuit_decorator.py for tasks to queue
[2025-07-01T04:00:13.679+0000] {logging_mixin.py:190} INFO - [2025-07-01T04:00:13.678+0000] {dagbag.py:588} INFO - Filling up the DagBag from /home/airflow/.local/lib/python3.12/site-packages/airflow/example_dags/example_short_circuit_decorator.py
[2025-07-01T04:00:13.694+0000] {processor.py:925} INFO - DAG(s) 'example_short_circuit_decorator' retrieved from /home/airflow/.local/lib/python3.12/site-packages/airflow/example_dags/example_short_circuit_decorator.py
[2025-07-01T04:00:13.722+0000] {logging_mixin.py:190} INFO - [2025-07-01T04:00:13.722+0000] {dag.py:3239} INFO - Sync 1 DAGs
[2025-07-01T04:00:13.737+0000] {logging_mixin.py:190} INFO - [2025-07-01T04:00:13.736+0000] {dag.py:4180} INFO - Setting next_dagrun for example_short_circuit_decorator to None, run_after=None
[2025-07-01T04:00:13.755+0000] {processor.py:208} INFO - Processing /home/airflow/.local/lib/python3.12/site-packages/airflow/example_dags/example_short_circuit_decorator.py took 0.088 seconds
[2025-07-01T04:00:44.644+0000] {processor.py:186} INFO - Started process (PID=16843) to work on /home/airflow/.local/lib/python3.12/site-packages/airflow/example_dags/example_short_circuit_decorator.py
[2025-07-01T04:00:44.645+0000] {processor.py:914} INFO - Processing file /home/airflow/.local/lib/python3.12/site-packages/airflow/example_dags/example_short_circuit_decorator.py for tasks to queue
[2025-07-01T04:00:44.649+0000] {logging_mixin.py:190} INFO - [2025-07-01T04:00:44.648+0000] {dagbag.py:588} INFO - Filling up the DagBag from /home/airflow/.local/lib/python3.12/site-packages/airflow/example_dags/example_short_circuit_decorator.py
[2025-07-01T04:00:44.659+0000] {processor.py:925} INFO - DAG(s) 'example_short_circuit_decorator' retrieved from /home/airflow/.local/lib/python3.12/site-packages/airflow/example_dags/example_short_circuit_decorator.py
[2025-07-01T04:00:44.686+0000] {logging_mixin.py:190} INFO - [2025-07-01T04:00:44.686+0000] {dag.py:3239} INFO - Sync 1 DAGs
[2025-07-01T04:00:44.700+0000] {logging_mixin.py:190} INFO - [2025-07-01T04:00:44.700+0000] {dag.py:4180} INFO - Setting next_dagrun for example_short_circuit_decorator to None, run_after=None
[2025-07-01T04:00:44.721+0000] {processor.py:208} INFO - Processing /home/airflow/.local/lib/python3.12/site-packages/airflow/example_dags/example_short_circuit_decorator.py took 0.083 seconds
[2025-07-01T04:01:15.525+0000] {processor.py:186} INFO - Started process (PID=16905) to work on /home/airflow/.local/lib/python3.12/site-packages/airflow/example_dags/example_short_circuit_decorator.py
[2025-07-01T04:01:15.526+0000] {processor.py:914} INFO - Processing file /home/airflow/.local/lib/python3.12/site-packages/airflow/example_dags/example_short_circuit_decorator.py for tasks to queue
[2025-07-01T04:01:15.529+0000] {logging_mixin.py:190} INFO - [2025-07-01T04:01:15.528+0000] {dagbag.py:588} INFO - Filling up the DagBag from /home/airflow/.local/lib/python3.12/site-packages/airflow/example_dags/example_short_circuit_decorator.py
[2025-07-01T04:01:15.538+0000] {processor.py:925} INFO - DAG(s) 'example_short_circuit_decorator' retrieved from /home/airflow/.local/lib/python3.12/site-packages/airflow/example_dags/example_short_circuit_decorator.py
[2025-07-01T04:01:15.564+0000] {logging_mixin.py:190} INFO - [2025-07-01T04:01:15.564+0000] {dag.py:3239} INFO - Sync 1 DAGs
[2025-07-01T04:01:15.578+0000] {logging_mixin.py:190} INFO - [2025-07-01T04:01:15.578+0000] {dag.py:4180} INFO - Setting next_dagrun for example_short_circuit_decorator to None, run_after=None
[2025-07-01T04:01:15.597+0000] {processor.py:208} INFO - Processing /home/airflow/.local/lib/python3.12/site-packages/airflow/example_dags/example_short_circuit_decorator.py took 0.078 seconds
[2025-07-01T04:01:46.320+0000] {processor.py:186} INFO - Started process (PID=16967) to work on /home/airflow/.local/lib/python3.12/site-packages/airflow/example_dags/example_short_circuit_decorator.py
[2025-07-01T04:01:46.321+0000] {processor.py:914} INFO - Processing file /home/airflow/.local/lib/python3.12/site-packages/airflow/example_dags/example_short_circuit_decorator.py for tasks to queue
[2025-07-01T04:01:46.324+0000] {logging_mixin.py:190} INFO - [2025-07-01T04:01:46.324+0000] {dagbag.py:588} INFO - Filling up the DagBag from /home/airflow/.local/lib/python3.12/site-packages/airflow/example_dags/example_short_circuit_decorator.py
[2025-07-01T04:01:46.335+0000] {processor.py:925} INFO - DAG(s) 'example_short_circuit_decorator' retrieved from /home/airflow/.local/lib/python3.12/site-packages/airflow/example_dags/example_short_circuit_decorator.py
[2025-07-01T04:01:46.378+0000] {logging_mixin.py:190} INFO - [2025-07-01T04:01:46.378+0000] {dag.py:3239} INFO - Sync 1 DAGs
[2025-07-01T04:01:46.397+0000] {logging_mixin.py:190} INFO - [2025-07-01T04:01:46.397+0000] {dag.py:4180} INFO - Setting next_dagrun for example_short_circuit_decorator to None, run_after=None
[2025-07-01T04:01:46.423+0000] {processor.py:208} INFO - Processing /home/airflow/.local/lib/python3.12/site-packages/airflow/example_dags/example_short_circuit_decorator.py took 0.111 seconds
[2025-07-01T04:02:17.145+0000] {processor.py:186} INFO - Started process (PID=17029) to work on /home/airflow/.local/lib/python3.12/site-packages/airflow/example_dags/example_short_circuit_decorator.py
[2025-07-01T04:02:17.146+0000] {processor.py:914} INFO - Processing file /home/airflow/.local/lib/python3.12/site-packages/airflow/example_dags/example_short_circuit_decorator.py for tasks to queue
[2025-07-01T04:02:17.149+0000] {logging_mixin.py:190} INFO - [2025-07-01T04:02:17.149+0000] {dagbag.py:588} INFO - Filling up the DagBag from /home/airflow/.local/lib/python3.12/site-packages/airflow/example_dags/example_short_circuit_decorator.py
[2025-07-01T04:02:17.161+0000] {processor.py:925} INFO - DAG(s) 'example_short_circuit_decorator' retrieved from /home/airflow/.local/lib/python3.12/site-packages/airflow/example_dags/example_short_circuit_decorator.py
[2025-07-01T04:02:17.188+0000] {logging_mixin.py:190} INFO - [2025-07-01T04:02:17.187+0000] {dag.py:3239} INFO - Sync 1 DAGs
[2025-07-01T04:02:17.201+0000] {logging_mixin.py:190} INFO - [2025-07-01T04:02:17.200+0000] {dag.py:4180} INFO - Setting next_dagrun for example_short_circuit_decorator to None, run_after=None
[2025-07-01T04:02:17.218+0000] {processor.py:208} INFO - Processing /home/airflow/.local/lib/python3.12/site-packages/airflow/example_dags/example_short_circuit_decorator.py took 0.080 seconds
[2025-07-01T04:02:47.298+0000] {processor.py:186} INFO - Started process (PID=17091) to work on /home/airflow/.local/lib/python3.12/site-packages/airflow/example_dags/example_short_circuit_decorator.py
[2025-07-01T04:02:47.300+0000] {processor.py:914} INFO - Processing file /home/airflow/.local/lib/python3.12/site-packages/airflow/example_dags/example_short_circuit_decorator.py for tasks to queue
[2025-07-01T04:02:47.303+0000] {logging_mixin.py:190} INFO - [2025-07-01T04:02:47.303+0000] {dagbag.py:588} INFO - Filling up the DagBag from /home/airflow/.local/lib/python3.12/site-packages/airflow/example_dags/example_short_circuit_decorator.py
[2025-07-01T04:02:47.314+0000] {processor.py:925} INFO - DAG(s) 'example_short_circuit_decorator' retrieved from /home/airflow/.local/lib/python3.12/site-packages/airflow/example_dags/example_short_circuit_decorator.py
[2025-07-01T04:02:47.336+0000] {logging_mixin.py:190} INFO - [2025-07-01T04:02:47.336+0000] {dag.py:3239} INFO - Sync 1 DAGs
[2025-07-01T04:02:47.349+0000] {logging_mixin.py:190} INFO - [2025-07-01T04:02:47.349+0000] {dag.py:4180} INFO - Setting next_dagrun for example_short_circuit_decorator to None, run_after=None
[2025-07-01T04:02:47.366+0000] {processor.py:208} INFO - Processing /home/airflow/.local/lib/python3.12/site-packages/airflow/example_dags/example_short_circuit_decorator.py took 0.074 seconds
[2025-07-01T04:03:18.371+0000] {processor.py:186} INFO - Started process (PID=17153) to work on /home/airflow/.local/lib/python3.12/site-packages/airflow/example_dags/example_short_circuit_decorator.py
[2025-07-01T04:03:18.372+0000] {processor.py:914} INFO - Processing file /home/airflow/.local/lib/python3.12/site-packages/airflow/example_dags/example_short_circuit_decorator.py for tasks to queue
[2025-07-01T04:03:18.375+0000] {logging_mixin.py:190} INFO - [2025-07-01T04:03:18.375+0000] {dagbag.py:588} INFO - Filling up the DagBag from /home/airflow/.local/lib/python3.12/site-packages/airflow/example_dags/example_short_circuit_decorator.py
[2025-07-01T04:03:18.384+0000] {processor.py:925} INFO - DAG(s) 'example_short_circuit_decorator' retrieved from /home/airflow/.local/lib/python3.12/site-packages/airflow/example_dags/example_short_circuit_decorator.py
[2025-07-01T04:03:18.406+0000] {logging_mixin.py:190} INFO - [2025-07-01T04:03:18.406+0000] {dag.py:3239} INFO - Sync 1 DAGs
[2025-07-01T04:03:18.420+0000] {logging_mixin.py:190} INFO - [2025-07-01T04:03:18.420+0000] {dag.py:4180} INFO - Setting next_dagrun for example_short_circuit_decorator to None, run_after=None
[2025-07-01T04:03:18.437+0000] {processor.py:208} INFO - Processing /home/airflow/.local/lib/python3.12/site-packages/airflow/example_dags/example_short_circuit_decorator.py took 0.072 seconds
[2025-07-01T04:03:48.662+0000] {processor.py:186} INFO - Started process (PID=17215) to work on /home/airflow/.local/lib/python3.12/site-packages/airflow/example_dags/example_short_circuit_decorator.py
[2025-07-01T04:03:48.663+0000] {processor.py:914} INFO - Processing file /home/airflow/.local/lib/python3.12/site-packages/airflow/example_dags/example_short_circuit_decorator.py for tasks to queue
[2025-07-01T04:03:48.667+0000] {logging_mixin.py:190} INFO - [2025-07-01T04:03:48.667+0000] {dagbag.py:588} INFO - Filling up the DagBag from /home/airflow/.local/lib/python3.12/site-packages/airflow/example_dags/example_short_circuit_decorator.py
[2025-07-01T04:03:48.680+0000] {processor.py:925} INFO - DAG(s) 'example_short_circuit_decorator' retrieved from /home/airflow/.local/lib/python3.12/site-packages/airflow/example_dags/example_short_circuit_decorator.py
[2025-07-01T04:03:48.707+0000] {logging_mixin.py:190} INFO - [2025-07-01T04:03:48.707+0000] {dag.py:3239} INFO - Sync 1 DAGs
[2025-07-01T04:03:48.725+0000] {logging_mixin.py:190} INFO - [2025-07-01T04:03:48.725+0000] {dag.py:4180} INFO - Setting next_dagrun for example_short_circuit_decorator to None, run_after=None
[2025-07-01T04:03:48.745+0000] {processor.py:208} INFO - Processing /home/airflow/.local/lib/python3.12/site-packages/airflow/example_dags/example_short_circuit_decorator.py took 0.089 seconds
[2025-07-01T04:04:18.791+0000] {processor.py:186} INFO - Started process (PID=17277) to work on /home/airflow/.local/lib/python3.12/site-packages/airflow/example_dags/example_short_circuit_decorator.py
[2025-07-01T04:04:18.792+0000] {processor.py:914} INFO - Processing file /home/airflow/.local/lib/python3.12/site-packages/airflow/example_dags/example_short_circuit_decorator.py for tasks to queue
[2025-07-01T04:04:18.796+0000] {logging_mixin.py:190} INFO - [2025-07-01T04:04:18.795+0000] {dagbag.py:588} INFO - Filling up the DagBag from /home/airflow/.local/lib/python3.12/site-packages/airflow/example_dags/example_short_circuit_decorator.py
[2025-07-01T04:04:18.806+0000] {processor.py:925} INFO - DAG(s) 'example_short_circuit_decorator' retrieved from /home/airflow/.local/lib/python3.12/site-packages/airflow/example_dags/example_short_circuit_decorator.py
[2025-07-01T04:04:18.828+0000] {logging_mixin.py:190} INFO - [2025-07-01T04:04:18.828+0000] {dag.py:3239} INFO - Sync 1 DAGs
[2025-07-01T04:04:18.842+0000] {logging_mixin.py:190} INFO - [2025-07-01T04:04:18.842+0000] {dag.py:4180} INFO - Setting next_dagrun for example_short_circuit_decorator to None, run_after=None
[2025-07-01T04:04:18.869+0000] {processor.py:208} INFO - Processing /home/airflow/.local/lib/python3.12/site-packages/airflow/example_dags/example_short_circuit_decorator.py took 0.083 seconds
[2025-07-01T04:04:49.050+0000] {processor.py:186} INFO - Started process (PID=17339) to work on /home/airflow/.local/lib/python3.12/site-packages/airflow/example_dags/example_short_circuit_decorator.py
[2025-07-01T04:04:49.051+0000] {processor.py:914} INFO - Processing file /home/airflow/.local/lib/python3.12/site-packages/airflow/example_dags/example_short_circuit_decorator.py for tasks to queue
[2025-07-01T04:04:49.054+0000] {logging_mixin.py:190} INFO - [2025-07-01T04:04:49.054+0000] {dagbag.py:588} INFO - Filling up the DagBag from /home/airflow/.local/lib/python3.12/site-packages/airflow/example_dags/example_short_circuit_decorator.py
[2025-07-01T04:04:49.064+0000] {processor.py:925} INFO - DAG(s) 'example_short_circuit_decorator' retrieved from /home/airflow/.local/lib/python3.12/site-packages/airflow/example_dags/example_short_circuit_decorator.py
[2025-07-01T04:04:49.088+0000] {logging_mixin.py:190} INFO - [2025-07-01T04:04:49.088+0000] {dag.py:3239} INFO - Sync 1 DAGs
[2025-07-01T04:04:49.102+0000] {logging_mixin.py:190} INFO - [2025-07-01T04:04:49.101+0000] {dag.py:4180} INFO - Setting next_dagrun for example_short_circuit_decorator to None, run_after=None
[2025-07-01T04:04:49.119+0000] {processor.py:208} INFO - Processing /home/airflow/.local/lib/python3.12/site-packages/airflow/example_dags/example_short_circuit_decorator.py took 0.075 seconds
[2025-07-01T04:05:19.164+0000] {processor.py:186} INFO - Started process (PID=17401) to work on /home/airflow/.local/lib/python3.12/site-packages/airflow/example_dags/example_short_circuit_decorator.py
[2025-07-01T04:05:19.165+0000] {processor.py:914} INFO - Processing file /home/airflow/.local/lib/python3.12/site-packages/airflow/example_dags/example_short_circuit_decorator.py for tasks to queue
[2025-07-01T04:05:19.169+0000] {logging_mixin.py:190} INFO - [2025-07-01T04:05:19.169+0000] {dagbag.py:588} INFO - Filling up the DagBag from /home/airflow/.local/lib/python3.12/site-packages/airflow/example_dags/example_short_circuit_decorator.py
[2025-07-01T04:05:19.180+0000] {processor.py:925} INFO - DAG(s) 'example_short_circuit_decorator' retrieved from /home/airflow/.local/lib/python3.12/site-packages/airflow/example_dags/example_short_circuit_decorator.py
[2025-07-01T04:05:19.204+0000] {logging_mixin.py:190} INFO - [2025-07-01T04:05:19.204+0000] {dag.py:3239} INFO - Sync 1 DAGs
[2025-07-01T04:05:19.219+0000] {logging_mixin.py:190} INFO - [2025-07-01T04:05:19.219+0000] {dag.py:4180} INFO - Setting next_dagrun for example_short_circuit_decorator to None, run_after=None
[2025-07-01T04:05:19.240+0000] {processor.py:208} INFO - Processing /home/airflow/.local/lib/python3.12/site-packages/airflow/example_dags/example_short_circuit_decorator.py took 0.081 seconds
[2025-07-01T04:05:49.470+0000] {processor.py:186} INFO - Started process (PID=17463) to work on /home/airflow/.local/lib/python3.12/site-packages/airflow/example_dags/example_short_circuit_decorator.py
[2025-07-01T04:05:49.471+0000] {processor.py:914} INFO - Processing file /home/airflow/.local/lib/python3.12/site-packages/airflow/example_dags/example_short_circuit_decorator.py for tasks to queue
[2025-07-01T04:05:49.475+0000] {logging_mixin.py:190} INFO - [2025-07-01T04:05:49.474+0000] {dagbag.py:588} INFO - Filling up the DagBag from /home/airflow/.local/lib/python3.12/site-packages/airflow/example_dags/example_short_circuit_decorator.py
[2025-07-01T04:05:49.484+0000] {processor.py:925} INFO - DAG(s) 'example_short_circuit_decorator' retrieved from /home/airflow/.local/lib/python3.12/site-packages/airflow/example_dags/example_short_circuit_decorator.py
[2025-07-01T04:05:49.510+0000] {logging_mixin.py:190} INFO - [2025-07-01T04:05:49.509+0000] {dag.py:3239} INFO - Sync 1 DAGs
[2025-07-01T04:05:49.526+0000] {logging_mixin.py:190} INFO - [2025-07-01T04:05:49.526+0000] {dag.py:4180} INFO - Setting next_dagrun for example_short_circuit_decorator to None, run_after=None
[2025-07-01T04:05:49.544+0000] {processor.py:208} INFO - Processing /home/airflow/.local/lib/python3.12/site-packages/airflow/example_dags/example_short_circuit_decorator.py took 0.079 seconds
[2025-07-01T04:06:19.800+0000] {processor.py:186} INFO - Started process (PID=17525) to work on /home/airflow/.local/lib/python3.12/site-packages/airflow/example_dags/example_short_circuit_decorator.py
[2025-07-01T04:06:19.801+0000] {processor.py:914} INFO - Processing file /home/airflow/.local/lib/python3.12/site-packages/airflow/example_dags/example_short_circuit_decorator.py for tasks to queue
[2025-07-01T04:06:19.804+0000] {logging_mixin.py:190} INFO - [2025-07-01T04:06:19.804+0000] {dagbag.py:588} INFO - Filling up the DagBag from /home/airflow/.local/lib/python3.12/site-packages/airflow/example_dags/example_short_circuit_decorator.py
[2025-07-01T04:06:19.817+0000] {processor.py:925} INFO - DAG(s) 'example_short_circuit_decorator' retrieved from /home/airflow/.local/lib/python3.12/site-packages/airflow/example_dags/example_short_circuit_decorator.py
[2025-07-01T04:06:19.842+0000] {logging_mixin.py:190} INFO - [2025-07-01T04:06:19.841+0000] {dag.py:3239} INFO - Sync 1 DAGs
[2025-07-01T04:06:19.856+0000] {logging_mixin.py:190} INFO - [2025-07-01T04:06:19.856+0000] {dag.py:4180} INFO - Setting next_dagrun for example_short_circuit_decorator to None, run_after=None
[2025-07-01T04:06:19.874+0000] {processor.py:208} INFO - Processing /home/airflow/.local/lib/python3.12/site-packages/airflow/example_dags/example_short_circuit_decorator.py took 0.080 seconds
[2025-07-01T04:06:49.930+0000] {processor.py:186} INFO - Started process (PID=17587) to work on /home/airflow/.local/lib/python3.12/site-packages/airflow/example_dags/example_short_circuit_decorator.py
[2025-07-01T04:06:49.931+0000] {processor.py:914} INFO - Processing file /home/airflow/.local/lib/python3.12/site-packages/airflow/example_dags/example_short_circuit_decorator.py for tasks to queue
[2025-07-01T04:06:49.934+0000] {logging_mixin.py:190} INFO - [2025-07-01T04:06:49.934+0000] {dagbag.py:588} INFO - Filling up the DagBag from /home/airflow/.local/lib/python3.12/site-packages/airflow/example_dags/example_short_circuit_decorator.py
[2025-07-01T04:06:49.944+0000] {processor.py:925} INFO - DAG(s) 'example_short_circuit_decorator' retrieved from /home/airflow/.local/lib/python3.12/site-packages/airflow/example_dags/example_short_circuit_decorator.py
[2025-07-01T04:06:49.967+0000] {logging_mixin.py:190} INFO - [2025-07-01T04:06:49.967+0000] {dag.py:3239} INFO - Sync 1 DAGs
[2025-07-01T04:06:49.980+0000] {logging_mixin.py:190} INFO - [2025-07-01T04:06:49.980+0000] {dag.py:4180} INFO - Setting next_dagrun for example_short_circuit_decorator to None, run_after=None
[2025-07-01T04:06:49.997+0000] {processor.py:208} INFO - Processing /home/airflow/.local/lib/python3.12/site-packages/airflow/example_dags/example_short_circuit_decorator.py took 0.073 seconds
[2025-07-01T04:07:20.827+0000] {processor.py:186} INFO - Started process (PID=17655) to work on /home/airflow/.local/lib/python3.12/site-packages/airflow/example_dags/example_short_circuit_decorator.py
[2025-07-01T04:07:20.828+0000] {processor.py:914} INFO - Processing file /home/airflow/.local/lib/python3.12/site-packages/airflow/example_dags/example_short_circuit_decorator.py for tasks to queue
[2025-07-01T04:07:20.831+0000] {logging_mixin.py:190} INFO - [2025-07-01T04:07:20.831+0000] {dagbag.py:588} INFO - Filling up the DagBag from /home/airflow/.local/lib/python3.12/site-packages/airflow/example_dags/example_short_circuit_decorator.py
[2025-07-01T04:07:20.840+0000] {processor.py:925} INFO - DAG(s) 'example_short_circuit_decorator' retrieved from /home/airflow/.local/lib/python3.12/site-packages/airflow/example_dags/example_short_circuit_decorator.py
[2025-07-01T04:07:20.864+0000] {logging_mixin.py:190} INFO - [2025-07-01T04:07:20.863+0000] {dag.py:3239} INFO - Sync 1 DAGs
[2025-07-01T04:07:20.879+0000] {logging_mixin.py:190} INFO - [2025-07-01T04:07:20.878+0000] {dag.py:4180} INFO - Setting next_dagrun for example_short_circuit_decorator to None, run_after=None
[2025-07-01T04:07:20.896+0000] {processor.py:208} INFO - Processing /home/airflow/.local/lib/python3.12/site-packages/airflow/example_dags/example_short_circuit_decorator.py took 0.076 seconds
[2025-07-01T04:07:51.670+0000] {processor.py:186} INFO - Started process (PID=17717) to work on /home/airflow/.local/lib/python3.12/site-packages/airflow/example_dags/example_short_circuit_decorator.py
[2025-07-01T04:07:51.671+0000] {processor.py:914} INFO - Processing file /home/airflow/.local/lib/python3.12/site-packages/airflow/example_dags/example_short_circuit_decorator.py for tasks to queue
[2025-07-01T04:07:51.673+0000] {logging_mixin.py:190} INFO - [2025-07-01T04:07:51.673+0000] {dagbag.py:588} INFO - Filling up the DagBag from /home/airflow/.local/lib/python3.12/site-packages/airflow/example_dags/example_short_circuit_decorator.py
[2025-07-01T04:07:51.683+0000] {processor.py:925} INFO - DAG(s) 'example_short_circuit_decorator' retrieved from /home/airflow/.local/lib/python3.12/site-packages/airflow/example_dags/example_short_circuit_decorator.py
[2025-07-01T04:07:51.708+0000] {logging_mixin.py:190} INFO - [2025-07-01T04:07:51.708+0000] {dag.py:3239} INFO - Sync 1 DAGs
[2025-07-01T04:07:51.722+0000] {logging_mixin.py:190} INFO - [2025-07-01T04:07:51.722+0000] {dag.py:4180} INFO - Setting next_dagrun for example_short_circuit_decorator to None, run_after=None
[2025-07-01T04:07:51.741+0000] {processor.py:208} INFO - Processing /home/airflow/.local/lib/python3.12/site-packages/airflow/example_dags/example_short_circuit_decorator.py took 0.078 seconds
[2025-07-01T04:08:22.421+0000] {processor.py:186} INFO - Started process (PID=17779) to work on /home/airflow/.local/lib/python3.12/site-packages/airflow/example_dags/example_short_circuit_decorator.py
[2025-07-01T04:08:22.423+0000] {processor.py:914} INFO - Processing file /home/airflow/.local/lib/python3.12/site-packages/airflow/example_dags/example_short_circuit_decorator.py for tasks to queue
[2025-07-01T04:08:22.425+0000] {logging_mixin.py:190} INFO - [2025-07-01T04:08:22.425+0000] {dagbag.py:588} INFO - Filling up the DagBag from /home/airflow/.local/lib/python3.12/site-packages/airflow/example_dags/example_short_circuit_decorator.py
[2025-07-01T04:08:22.435+0000] {processor.py:925} INFO - DAG(s) 'example_short_circuit_decorator' retrieved from /home/airflow/.local/lib/python3.12/site-packages/airflow/example_dags/example_short_circuit_decorator.py
[2025-07-01T04:08:22.458+0000] {logging_mixin.py:190} INFO - [2025-07-01T04:08:22.457+0000] {dag.py:3239} INFO - Sync 1 DAGs
[2025-07-01T04:08:22.471+0000] {logging_mixin.py:190} INFO - [2025-07-01T04:08:22.471+0000] {dag.py:4180} INFO - Setting next_dagrun for example_short_circuit_decorator to None, run_after=None
[2025-07-01T04:08:22.490+0000] {processor.py:208} INFO - Processing /home/airflow/.local/lib/python3.12/site-packages/airflow/example_dags/example_short_circuit_decorator.py took 0.075 seconds
[2025-07-01T04:08:53.116+0000] {processor.py:186} INFO - Started process (PID=17841) to work on /home/airflow/.local/lib/python3.12/site-packages/airflow/example_dags/example_short_circuit_decorator.py
[2025-07-01T04:08:53.118+0000] {processor.py:914} INFO - Processing file /home/airflow/.local/lib/python3.12/site-packages/airflow/example_dags/example_short_circuit_decorator.py for tasks to queue
[2025-07-01T04:08:53.120+0000] {logging_mixin.py:190} INFO - [2025-07-01T04:08:53.120+0000] {dagbag.py:588} INFO - Filling up the DagBag from /home/airflow/.local/lib/python3.12/site-packages/airflow/example_dags/example_short_circuit_decorator.py
[2025-07-01T04:08:53.130+0000] {processor.py:925} INFO - DAG(s) 'example_short_circuit_decorator' retrieved from /home/airflow/.local/lib/python3.12/site-packages/airflow/example_dags/example_short_circuit_decorator.py
[2025-07-01T04:08:53.155+0000] {logging_mixin.py:190} INFO - [2025-07-01T04:08:53.154+0000] {dag.py:3239} INFO - Sync 1 DAGs
[2025-07-01T04:08:53.168+0000] {logging_mixin.py:190} INFO - [2025-07-01T04:08:53.168+0000] {dag.py:4180} INFO - Setting next_dagrun for example_short_circuit_decorator to None, run_after=None
[2025-07-01T04:08:53.185+0000] {processor.py:208} INFO - Processing /home/airflow/.local/lib/python3.12/site-packages/airflow/example_dags/example_short_circuit_decorator.py took 0.075 seconds
[2025-07-01T04:09:23.801+0000] {processor.py:186} INFO - Started process (PID=17903) to work on /home/airflow/.local/lib/python3.12/site-packages/airflow/example_dags/example_short_circuit_decorator.py
[2025-07-01T04:09:23.802+0000] {processor.py:914} INFO - Processing file /home/airflow/.local/lib/python3.12/site-packages/airflow/example_dags/example_short_circuit_decorator.py for tasks to queue
[2025-07-01T04:09:23.805+0000] {logging_mixin.py:190} INFO - [2025-07-01T04:09:23.804+0000] {dagbag.py:588} INFO - Filling up the DagBag from /home/airflow/.local/lib/python3.12/site-packages/airflow/example_dags/example_short_circuit_decorator.py
[2025-07-01T04:09:23.815+0000] {processor.py:925} INFO - DAG(s) 'example_short_circuit_decorator' retrieved from /home/airflow/.local/lib/python3.12/site-packages/airflow/example_dags/example_short_circuit_decorator.py
[2025-07-01T04:09:23.839+0000] {logging_mixin.py:190} INFO - [2025-07-01T04:09:23.839+0000] {dag.py:3239} INFO - Sync 1 DAGs
[2025-07-01T04:09:23.856+0000] {logging_mixin.py:190} INFO - [2025-07-01T04:09:23.856+0000] {dag.py:4180} INFO - Setting next_dagrun for example_short_circuit_decorator to None, run_after=None
[2025-07-01T04:09:23.876+0000] {processor.py:208} INFO - Processing /home/airflow/.local/lib/python3.12/site-packages/airflow/example_dags/example_short_circuit_decorator.py took 0.081 seconds
[2025-07-01T04:09:54.486+0000] {processor.py:186} INFO - Started process (PID=17965) to work on /home/airflow/.local/lib/python3.12/site-packages/airflow/example_dags/example_short_circuit_decorator.py
[2025-07-01T04:09:54.488+0000] {processor.py:914} INFO - Processing file /home/airflow/.local/lib/python3.12/site-packages/airflow/example_dags/example_short_circuit_decorator.py for tasks to queue
[2025-07-01T04:09:54.491+0000] {logging_mixin.py:190} INFO - [2025-07-01T04:09:54.490+0000] {dagbag.py:588} INFO - Filling up the DagBag from /home/airflow/.local/lib/python3.12/site-packages/airflow/example_dags/example_short_circuit_decorator.py
[2025-07-01T04:09:54.502+0000] {processor.py:925} INFO - DAG(s) 'example_short_circuit_decorator' retrieved from /home/airflow/.local/lib/python3.12/site-packages/airflow/example_dags/example_short_circuit_decorator.py
[2025-07-01T04:09:54.526+0000] {logging_mixin.py:190} INFO - [2025-07-01T04:09:54.526+0000] {dag.py:3239} INFO - Sync 1 DAGs
[2025-07-01T04:09:54.540+0000] {logging_mixin.py:190} INFO - [2025-07-01T04:09:54.540+0000] {dag.py:4180} INFO - Setting next_dagrun for example_short_circuit_decorator to None, run_after=None
[2025-07-01T04:09:54.561+0000] {processor.py:208} INFO - Processing /home/airflow/.local/lib/python3.12/site-packages/airflow/example_dags/example_short_circuit_decorator.py took 0.082 seconds
[2025-07-01T04:10:25.091+0000] {processor.py:186} INFO - Started process (PID=18027) to work on /home/airflow/.local/lib/python3.12/site-packages/airflow/example_dags/example_short_circuit_decorator.py
[2025-07-01T04:10:25.092+0000] {processor.py:914} INFO - Processing file /home/airflow/.local/lib/python3.12/site-packages/airflow/example_dags/example_short_circuit_decorator.py for tasks to queue
[2025-07-01T04:10:25.094+0000] {logging_mixin.py:190} INFO - [2025-07-01T04:10:25.094+0000] {dagbag.py:588} INFO - Filling up the DagBag from /home/airflow/.local/lib/python3.12/site-packages/airflow/example_dags/example_short_circuit_decorator.py
[2025-07-01T04:10:25.103+0000] {processor.py:925} INFO - DAG(s) 'example_short_circuit_decorator' retrieved from /home/airflow/.local/lib/python3.12/site-packages/airflow/example_dags/example_short_circuit_decorator.py
[2025-07-01T04:10:25.131+0000] {logging_mixin.py:190} INFO - [2025-07-01T04:10:25.130+0000] {dag.py:3239} INFO - Sync 1 DAGs
[2025-07-01T04:10:25.146+0000] {logging_mixin.py:190} INFO - [2025-07-01T04:10:25.145+0000] {dag.py:4180} INFO - Setting next_dagrun for example_short_circuit_decorator to None, run_after=None
[2025-07-01T04:10:25.164+0000] {processor.py:208} INFO - Processing /home/airflow/.local/lib/python3.12/site-packages/airflow/example_dags/example_short_circuit_decorator.py took 0.079 seconds
[2025-07-01T04:10:55.667+0000] {processor.py:186} INFO - Started process (PID=18089) to work on /home/airflow/.local/lib/python3.12/site-packages/airflow/example_dags/example_short_circuit_decorator.py
[2025-07-01T04:10:55.668+0000] {processor.py:914} INFO - Processing file /home/airflow/.local/lib/python3.12/site-packages/airflow/example_dags/example_short_circuit_decorator.py for tasks to queue
[2025-07-01T04:10:55.672+0000] {logging_mixin.py:190} INFO - [2025-07-01T04:10:55.671+0000] {dagbag.py:588} INFO - Filling up the DagBag from /home/airflow/.local/lib/python3.12/site-packages/airflow/example_dags/example_short_circuit_decorator.py
[2025-07-01T04:10:55.689+0000] {processor.py:925} INFO - DAG(s) 'example_short_circuit_decorator' retrieved from /home/airflow/.local/lib/python3.12/site-packages/airflow/example_dags/example_short_circuit_decorator.py
[2025-07-01T04:10:55.724+0000] {logging_mixin.py:190} INFO - [2025-07-01T04:10:55.723+0000] {dag.py:3239} INFO - Sync 1 DAGs
[2025-07-01T04:10:55.738+0000] {logging_mixin.py:190} INFO - [2025-07-01T04:10:55.737+0000] {dag.py:4180} INFO - Setting next_dagrun for example_short_circuit_decorator to None, run_after=None
[2025-07-01T04:10:55.755+0000] {processor.py:208} INFO - Processing /home/airflow/.local/lib/python3.12/site-packages/airflow/example_dags/example_short_circuit_decorator.py took 0.096 seconds
[2025-07-01T04:11:26.438+0000] {processor.py:186} INFO - Started process (PID=18151) to work on /home/airflow/.local/lib/python3.12/site-packages/airflow/example_dags/example_short_circuit_decorator.py
[2025-07-01T04:11:26.440+0000] {processor.py:914} INFO - Processing file /home/airflow/.local/lib/python3.12/site-packages/airflow/example_dags/example_short_circuit_decorator.py for tasks to queue
[2025-07-01T04:11:26.447+0000] {logging_mixin.py:190} INFO - [2025-07-01T04:11:26.446+0000] {dagbag.py:588} INFO - Filling up the DagBag from /home/airflow/.local/lib/python3.12/site-packages/airflow/example_dags/example_short_circuit_decorator.py
[2025-07-01T04:11:26.461+0000] {processor.py:925} INFO - DAG(s) 'example_short_circuit_decorator' retrieved from /home/airflow/.local/lib/python3.12/site-packages/airflow/example_dags/example_short_circuit_decorator.py
[2025-07-01T04:11:26.498+0000] {logging_mixin.py:190} INFO - [2025-07-01T04:11:26.498+0000] {dag.py:3239} INFO - Sync 1 DAGs
[2025-07-01T04:11:26.516+0000] {logging_mixin.py:190} INFO - [2025-07-01T04:11:26.516+0000] {dag.py:4180} INFO - Setting next_dagrun for example_short_circuit_decorator to None, run_after=None
[2025-07-01T04:11:26.538+0000] {processor.py:208} INFO - Processing /home/airflow/.local/lib/python3.12/site-packages/airflow/example_dags/example_short_circuit_decorator.py took 0.109 seconds
[2025-07-01T04:11:57.201+0000] {processor.py:186} INFO - Started process (PID=18213) to work on /home/airflow/.local/lib/python3.12/site-packages/airflow/example_dags/example_short_circuit_decorator.py
[2025-07-01T04:11:57.202+0000] {processor.py:914} INFO - Processing file /home/airflow/.local/lib/python3.12/site-packages/airflow/example_dags/example_short_circuit_decorator.py for tasks to queue
[2025-07-01T04:11:57.205+0000] {logging_mixin.py:190} INFO - [2025-07-01T04:11:57.204+0000] {dagbag.py:588} INFO - Filling up the DagBag from /home/airflow/.local/lib/python3.12/site-packages/airflow/example_dags/example_short_circuit_decorator.py
[2025-07-01T04:11:57.214+0000] {processor.py:925} INFO - DAG(s) 'example_short_circuit_decorator' retrieved from /home/airflow/.local/lib/python3.12/site-packages/airflow/example_dags/example_short_circuit_decorator.py
[2025-07-01T04:11:57.238+0000] {logging_mixin.py:190} INFO - [2025-07-01T04:11:57.238+0000] {dag.py:3239} INFO - Sync 1 DAGs
[2025-07-01T04:11:57.252+0000] {logging_mixin.py:190} INFO - [2025-07-01T04:11:57.252+0000] {dag.py:4180} INFO - Setting next_dagrun for example_short_circuit_decorator to None, run_after=None
[2025-07-01T04:11:57.271+0000] {processor.py:208} INFO - Processing /home/airflow/.local/lib/python3.12/site-packages/airflow/example_dags/example_short_circuit_decorator.py took 0.075 seconds
[2025-07-01T04:12:27.805+0000] {processor.py:186} INFO - Started process (PID=18275) to work on /home/airflow/.local/lib/python3.12/site-packages/airflow/example_dags/example_short_circuit_decorator.py
[2025-07-01T04:12:27.807+0000] {processor.py:914} INFO - Processing file /home/airflow/.local/lib/python3.12/site-packages/airflow/example_dags/example_short_circuit_decorator.py for tasks to queue
[2025-07-01T04:12:27.810+0000] {logging_mixin.py:190} INFO - [2025-07-01T04:12:27.809+0000] {dagbag.py:588} INFO - Filling up the DagBag from /home/airflow/.local/lib/python3.12/site-packages/airflow/example_dags/example_short_circuit_decorator.py
[2025-07-01T04:12:27.820+0000] {processor.py:925} INFO - DAG(s) 'example_short_circuit_decorator' retrieved from /home/airflow/.local/lib/python3.12/site-packages/airflow/example_dags/example_short_circuit_decorator.py
[2025-07-01T04:12:27.844+0000] {logging_mixin.py:190} INFO - [2025-07-01T04:12:27.843+0000] {dag.py:3239} INFO - Sync 1 DAGs
[2025-07-01T04:12:27.858+0000] {logging_mixin.py:190} INFO - [2025-07-01T04:12:27.857+0000] {dag.py:4180} INFO - Setting next_dagrun for example_short_circuit_decorator to None, run_after=None
[2025-07-01T04:12:27.877+0000] {processor.py:208} INFO - Processing /home/airflow/.local/lib/python3.12/site-packages/airflow/example_dags/example_short_circuit_decorator.py took 0.077 seconds
[2025-07-01T04:12:58.426+0000] {processor.py:186} INFO - Started process (PID=18337) to work on /home/airflow/.local/lib/python3.12/site-packages/airflow/example_dags/example_short_circuit_decorator.py
[2025-07-01T04:12:58.427+0000] {processor.py:914} INFO - Processing file /home/airflow/.local/lib/python3.12/site-packages/airflow/example_dags/example_short_circuit_decorator.py for tasks to queue
[2025-07-01T04:12:58.430+0000] {logging_mixin.py:190} INFO - [2025-07-01T04:12:58.429+0000] {dagbag.py:588} INFO - Filling up the DagBag from /home/airflow/.local/lib/python3.12/site-packages/airflow/example_dags/example_short_circuit_decorator.py
[2025-07-01T04:12:58.440+0000] {processor.py:925} INFO - DAG(s) 'example_short_circuit_decorator' retrieved from /home/airflow/.local/lib/python3.12/site-packages/airflow/example_dags/example_short_circuit_decorator.py
[2025-07-01T04:12:58.465+0000] {logging_mixin.py:190} INFO - [2025-07-01T04:12:58.464+0000] {dag.py:3239} INFO - Sync 1 DAGs
[2025-07-01T04:12:58.480+0000] {logging_mixin.py:190} INFO - [2025-07-01T04:12:58.480+0000] {dag.py:4180} INFO - Setting next_dagrun for example_short_circuit_decorator to None, run_after=None
[2025-07-01T04:12:58.499+0000] {processor.py:208} INFO - Processing /home/airflow/.local/lib/python3.12/site-packages/airflow/example_dags/example_short_circuit_decorator.py took 0.079 seconds
[2025-07-01T04:13:28.944+0000] {processor.py:186} INFO - Started process (PID=18399) to work on /home/airflow/.local/lib/python3.12/site-packages/airflow/example_dags/example_short_circuit_decorator.py
[2025-07-01T04:13:28.945+0000] {processor.py:914} INFO - Processing file /home/airflow/.local/lib/python3.12/site-packages/airflow/example_dags/example_short_circuit_decorator.py for tasks to queue
[2025-07-01T04:13:28.947+0000] {logging_mixin.py:190} INFO - [2025-07-01T04:13:28.947+0000] {dagbag.py:588} INFO - Filling up the DagBag from /home/airflow/.local/lib/python3.12/site-packages/airflow/example_dags/example_short_circuit_decorator.py
[2025-07-01T04:13:28.956+0000] {processor.py:925} INFO - DAG(s) 'example_short_circuit_decorator' retrieved from /home/airflow/.local/lib/python3.12/site-packages/airflow/example_dags/example_short_circuit_decorator.py
[2025-07-01T04:13:28.981+0000] {logging_mixin.py:190} INFO - [2025-07-01T04:13:28.981+0000] {dag.py:3239} INFO - Sync 1 DAGs
[2025-07-01T04:13:28.996+0000] {logging_mixin.py:190} INFO - [2025-07-01T04:13:28.995+0000] {dag.py:4180} INFO - Setting next_dagrun for example_short_circuit_decorator to None, run_after=None
[2025-07-01T04:13:29.013+0000] {processor.py:208} INFO - Processing /home/airflow/.local/lib/python3.12/site-packages/airflow/example_dags/example_short_circuit_decorator.py took 0.075 seconds
[2025-07-01T04:13:59.526+0000] {processor.py:186} INFO - Started process (PID=18461) to work on /home/airflow/.local/lib/python3.12/site-packages/airflow/example_dags/example_short_circuit_decorator.py
[2025-07-01T04:13:59.527+0000] {processor.py:914} INFO - Processing file /home/airflow/.local/lib/python3.12/site-packages/airflow/example_dags/example_short_circuit_decorator.py for tasks to queue
[2025-07-01T04:13:59.531+0000] {logging_mixin.py:190} INFO - [2025-07-01T04:13:59.530+0000] {dagbag.py:588} INFO - Filling up the DagBag from /home/airflow/.local/lib/python3.12/site-packages/airflow/example_dags/example_short_circuit_decorator.py
[2025-07-01T04:13:59.542+0000] {processor.py:925} INFO - DAG(s) 'example_short_circuit_decorator' retrieved from /home/airflow/.local/lib/python3.12/site-packages/airflow/example_dags/example_short_circuit_decorator.py
[2025-07-01T04:13:59.575+0000] {logging_mixin.py:190} INFO - [2025-07-01T04:13:59.575+0000] {dag.py:3239} INFO - Sync 1 DAGs
[2025-07-01T04:13:59.591+0000] {logging_mixin.py:190} INFO - [2025-07-01T04:13:59.591+0000] {dag.py:4180} INFO - Setting next_dagrun for example_short_circuit_decorator to None, run_after=None
[2025-07-01T04:13:59.611+0000] {processor.py:208} INFO - Processing /home/airflow/.local/lib/python3.12/site-packages/airflow/example_dags/example_short_circuit_decorator.py took 0.094 seconds
[2025-07-01T04:14:30.191+0000] {processor.py:186} INFO - Started process (PID=18523) to work on /home/airflow/.local/lib/python3.12/site-packages/airflow/example_dags/example_short_circuit_decorator.py
[2025-07-01T04:14:30.192+0000] {processor.py:914} INFO - Processing file /home/airflow/.local/lib/python3.12/site-packages/airflow/example_dags/example_short_circuit_decorator.py for tasks to queue
[2025-07-01T04:14:30.195+0000] {logging_mixin.py:190} INFO - [2025-07-01T04:14:30.194+0000] {dagbag.py:588} INFO - Filling up the DagBag from /home/airflow/.local/lib/python3.12/site-packages/airflow/example_dags/example_short_circuit_decorator.py
[2025-07-01T04:14:30.203+0000] {processor.py:925} INFO - DAG(s) 'example_short_circuit_decorator' retrieved from /home/airflow/.local/lib/python3.12/site-packages/airflow/example_dags/example_short_circuit_decorator.py
[2025-07-01T04:14:30.226+0000] {logging_mixin.py:190} INFO - [2025-07-01T04:14:30.226+0000] {dag.py:3239} INFO - Sync 1 DAGs
[2025-07-01T04:14:30.239+0000] {logging_mixin.py:190} INFO - [2025-07-01T04:14:30.239+0000] {dag.py:4180} INFO - Setting next_dagrun for example_short_circuit_decorator to None, run_after=None
[2025-07-01T04:14:30.256+0000] {processor.py:208} INFO - Processing /home/airflow/.local/lib/python3.12/site-packages/airflow/example_dags/example_short_circuit_decorator.py took 0.070 seconds
[2025-07-01T04:15:00.818+0000] {processor.py:186} INFO - Started process (PID=18585) to work on /home/airflow/.local/lib/python3.12/site-packages/airflow/example_dags/example_short_circuit_decorator.py
[2025-07-01T04:15:00.819+0000] {processor.py:914} INFO - Processing file /home/airflow/.local/lib/python3.12/site-packages/airflow/example_dags/example_short_circuit_decorator.py for tasks to queue
[2025-07-01T04:15:00.822+0000] {logging_mixin.py:190} INFO - [2025-07-01T04:15:00.821+0000] {dagbag.py:588} INFO - Filling up the DagBag from /home/airflow/.local/lib/python3.12/site-packages/airflow/example_dags/example_short_circuit_decorator.py
[2025-07-01T04:15:00.832+0000] {processor.py:925} INFO - DAG(s) 'example_short_circuit_decorator' retrieved from /home/airflow/.local/lib/python3.12/site-packages/airflow/example_dags/example_short_circuit_decorator.py
[2025-07-01T04:15:00.856+0000] {logging_mixin.py:190} INFO - [2025-07-01T04:15:00.856+0000] {dag.py:3239} INFO - Sync 1 DAGs
[2025-07-01T04:15:00.871+0000] {logging_mixin.py:190} INFO - [2025-07-01T04:15:00.871+0000] {dag.py:4180} INFO - Setting next_dagrun for example_short_circuit_decorator to None, run_after=None
[2025-07-01T04:15:00.889+0000] {processor.py:208} INFO - Processing /home/airflow/.local/lib/python3.12/site-packages/airflow/example_dags/example_short_circuit_decorator.py took 0.077 seconds
[2025-07-01T04:15:31.399+0000] {processor.py:186} INFO - Started process (PID=18647) to work on /home/airflow/.local/lib/python3.12/site-packages/airflow/example_dags/example_short_circuit_decorator.py
[2025-07-01T04:15:31.400+0000] {processor.py:914} INFO - Processing file /home/airflow/.local/lib/python3.12/site-packages/airflow/example_dags/example_short_circuit_decorator.py for tasks to queue
[2025-07-01T04:15:31.402+0000] {logging_mixin.py:190} INFO - [2025-07-01T04:15:31.402+0000] {dagbag.py:588} INFO - Filling up the DagBag from /home/airflow/.local/lib/python3.12/site-packages/airflow/example_dags/example_short_circuit_decorator.py
[2025-07-01T04:15:31.414+0000] {processor.py:925} INFO - DAG(s) 'example_short_circuit_decorator' retrieved from /home/airflow/.local/lib/python3.12/site-packages/airflow/example_dags/example_short_circuit_decorator.py
[2025-07-01T04:15:31.438+0000] {logging_mixin.py:190} INFO - [2025-07-01T04:15:31.438+0000] {dag.py:3239} INFO - Sync 1 DAGs
[2025-07-01T04:15:31.452+0000] {logging_mixin.py:190} INFO - [2025-07-01T04:15:31.451+0000] {dag.py:4180} INFO - Setting next_dagrun for example_short_circuit_decorator to None, run_after=None
[2025-07-01T04:15:31.469+0000] {processor.py:208} INFO - Processing /home/airflow/.local/lib/python3.12/site-packages/airflow/example_dags/example_short_circuit_decorator.py took 0.076 seconds
[2025-07-01T04:16:01.876+0000] {processor.py:186} INFO - Started process (PID=18709) to work on /home/airflow/.local/lib/python3.12/site-packages/airflow/example_dags/example_short_circuit_decorator.py
[2025-07-01T04:16:01.877+0000] {processor.py:914} INFO - Processing file /home/airflow/.local/lib/python3.12/site-packages/airflow/example_dags/example_short_circuit_decorator.py for tasks to queue
[2025-07-01T04:16:01.879+0000] {logging_mixin.py:190} INFO - [2025-07-01T04:16:01.879+0000] {dagbag.py:588} INFO - Filling up the DagBag from /home/airflow/.local/lib/python3.12/site-packages/airflow/example_dags/example_short_circuit_decorator.py
[2025-07-01T04:16:01.888+0000] {processor.py:925} INFO - DAG(s) 'example_short_circuit_decorator' retrieved from /home/airflow/.local/lib/python3.12/site-packages/airflow/example_dags/example_short_circuit_decorator.py
[2025-07-01T04:16:01.913+0000] {logging_mixin.py:190} INFO - [2025-07-01T04:16:01.913+0000] {dag.py:3239} INFO - Sync 1 DAGs
[2025-07-01T04:16:01.929+0000] {logging_mixin.py:190} INFO - [2025-07-01T04:16:01.928+0000] {dag.py:4180} INFO - Setting next_dagrun for example_short_circuit_decorator to None, run_after=None
[2025-07-01T04:16:01.946+0000] {processor.py:208} INFO - Processing /home/airflow/.local/lib/python3.12/site-packages/airflow/example_dags/example_short_circuit_decorator.py took 0.076 seconds
[2025-07-01T04:16:32.566+0000] {processor.py:186} INFO - Started process (PID=18771) to work on /home/airflow/.local/lib/python3.12/site-packages/airflow/example_dags/example_short_circuit_decorator.py
[2025-07-01T04:16:32.568+0000] {processor.py:914} INFO - Processing file /home/airflow/.local/lib/python3.12/site-packages/airflow/example_dags/example_short_circuit_decorator.py for tasks to queue
[2025-07-01T04:16:32.571+0000] {logging_mixin.py:190} INFO - [2025-07-01T04:16:32.571+0000] {dagbag.py:588} INFO - Filling up the DagBag from /home/airflow/.local/lib/python3.12/site-packages/airflow/example_dags/example_short_circuit_decorator.py
[2025-07-01T04:16:32.584+0000] {processor.py:925} INFO - DAG(s) 'example_short_circuit_decorator' retrieved from /home/airflow/.local/lib/python3.12/site-packages/airflow/example_dags/example_short_circuit_decorator.py
[2025-07-01T04:16:32.612+0000] {logging_mixin.py:190} INFO - [2025-07-01T04:16:32.612+0000] {dag.py:3239} INFO - Sync 1 DAGs
[2025-07-01T04:16:32.630+0000] {logging_mixin.py:190} INFO - [2025-07-01T04:16:32.630+0000] {dag.py:4180} INFO - Setting next_dagrun for example_short_circuit_decorator to None, run_after=None
[2025-07-01T04:16:32.652+0000] {processor.py:208} INFO - Processing /home/airflow/.local/lib/python3.12/site-packages/airflow/example_dags/example_short_circuit_decorator.py took 0.093 seconds
[2025-07-01T04:17:03.389+0000] {processor.py:186} INFO - Started process (PID=18833) to work on /home/airflow/.local/lib/python3.12/site-packages/airflow/example_dags/example_short_circuit_decorator.py
[2025-07-01T04:17:03.390+0000] {processor.py:914} INFO - Processing file /home/airflow/.local/lib/python3.12/site-packages/airflow/example_dags/example_short_circuit_decorator.py for tasks to queue
[2025-07-01T04:17:03.393+0000] {logging_mixin.py:190} INFO - [2025-07-01T04:17:03.392+0000] {dagbag.py:588} INFO - Filling up the DagBag from /home/airflow/.local/lib/python3.12/site-packages/airflow/example_dags/example_short_circuit_decorator.py
[2025-07-01T04:17:03.403+0000] {processor.py:925} INFO - DAG(s) 'example_short_circuit_decorator' retrieved from /home/airflow/.local/lib/python3.12/site-packages/airflow/example_dags/example_short_circuit_decorator.py
[2025-07-01T04:17:03.426+0000] {logging_mixin.py:190} INFO - [2025-07-01T04:17:03.426+0000] {dag.py:3239} INFO - Sync 1 DAGs
[2025-07-01T04:17:03.439+0000] {logging_mixin.py:190} INFO - [2025-07-01T04:17:03.439+0000] {dag.py:4180} INFO - Setting next_dagrun for example_short_circuit_decorator to None, run_after=None
[2025-07-01T04:17:03.457+0000] {processor.py:208} INFO - Processing /home/airflow/.local/lib/python3.12/site-packages/airflow/example_dags/example_short_circuit_decorator.py took 0.074 seconds
[2025-07-01T04:17:34.355+0000] {processor.py:186} INFO - Started process (PID=18895) to work on /home/airflow/.local/lib/python3.12/site-packages/airflow/example_dags/example_short_circuit_decorator.py
[2025-07-01T04:17:34.357+0000] {processor.py:914} INFO - Processing file /home/airflow/.local/lib/python3.12/site-packages/airflow/example_dags/example_short_circuit_decorator.py for tasks to queue
[2025-07-01T04:17:34.359+0000] {logging_mixin.py:190} INFO - [2025-07-01T04:17:34.359+0000] {dagbag.py:588} INFO - Filling up the DagBag from /home/airflow/.local/lib/python3.12/site-packages/airflow/example_dags/example_short_circuit_decorator.py
[2025-07-01T04:17:34.371+0000] {processor.py:925} INFO - DAG(s) 'example_short_circuit_decorator' retrieved from /home/airflow/.local/lib/python3.12/site-packages/airflow/example_dags/example_short_circuit_decorator.py
[2025-07-01T04:17:34.398+0000] {logging_mixin.py:190} INFO - [2025-07-01T04:17:34.397+0000] {dag.py:3239} INFO - Sync 1 DAGs
[2025-07-01T04:17:34.413+0000] {logging_mixin.py:190} INFO - [2025-07-01T04:17:34.412+0000] {dag.py:4180} INFO - Setting next_dagrun for example_short_circuit_decorator to None, run_after=None
[2025-07-01T04:17:34.435+0000] {processor.py:208} INFO - Processing /home/airflow/.local/lib/python3.12/site-packages/airflow/example_dags/example_short_circuit_decorator.py took 0.086 seconds
[2025-07-01T04:18:05.115+0000] {processor.py:186} INFO - Started process (PID=18957) to work on /home/airflow/.local/lib/python3.12/site-packages/airflow/example_dags/example_short_circuit_decorator.py
[2025-07-01T04:18:05.117+0000] {processor.py:914} INFO - Processing file /home/airflow/.local/lib/python3.12/site-packages/airflow/example_dags/example_short_circuit_decorator.py for tasks to queue
[2025-07-01T04:18:05.121+0000] {logging_mixin.py:190} INFO - [2025-07-01T04:18:05.121+0000] {dagbag.py:588} INFO - Filling up the DagBag from /home/airflow/.local/lib/python3.12/site-packages/airflow/example_dags/example_short_circuit_decorator.py
[2025-07-01T04:18:05.136+0000] {processor.py:925} INFO - DAG(s) 'example_short_circuit_decorator' retrieved from /home/airflow/.local/lib/python3.12/site-packages/airflow/example_dags/example_short_circuit_decorator.py
[2025-07-01T04:18:05.164+0000] {logging_mixin.py:190} INFO - [2025-07-01T04:18:05.163+0000] {dag.py:3239} INFO - Sync 1 DAGs
[2025-07-01T04:18:05.180+0000] {logging_mixin.py:190} INFO - [2025-07-01T04:18:05.180+0000] {dag.py:4180} INFO - Setting next_dagrun for example_short_circuit_decorator to None, run_after=None
[2025-07-01T04:18:05.197+0000] {processor.py:208} INFO - Processing /home/airflow/.local/lib/python3.12/site-packages/airflow/example_dags/example_short_circuit_decorator.py took 0.093 seconds
[2025-07-01T04:18:35.942+0000] {processor.py:186} INFO - Started process (PID=19019) to work on /home/airflow/.local/lib/python3.12/site-packages/airflow/example_dags/example_short_circuit_decorator.py
[2025-07-01T04:18:35.943+0000] {processor.py:914} INFO - Processing file /home/airflow/.local/lib/python3.12/site-packages/airflow/example_dags/example_short_circuit_decorator.py for tasks to queue
[2025-07-01T04:18:35.946+0000] {logging_mixin.py:190} INFO - [2025-07-01T04:18:35.946+0000] {dagbag.py:588} INFO - Filling up the DagBag from /home/airflow/.local/lib/python3.12/site-packages/airflow/example_dags/example_short_circuit_decorator.py
[2025-07-01T04:18:35.957+0000] {processor.py:925} INFO - DAG(s) 'example_short_circuit_decorator' retrieved from /home/airflow/.local/lib/python3.12/site-packages/airflow/example_dags/example_short_circuit_decorator.py
[2025-07-01T04:18:35.984+0000] {logging_mixin.py:190} INFO - [2025-07-01T04:18:35.983+0000] {dag.py:3239} INFO - Sync 1 DAGs
[2025-07-01T04:18:36.001+0000] {logging_mixin.py:190} INFO - [2025-07-01T04:18:36.001+0000] {dag.py:4180} INFO - Setting next_dagrun for example_short_circuit_decorator to None, run_after=None
[2025-07-01T04:18:36.020+0000] {processor.py:208} INFO - Processing /home/airflow/.local/lib/python3.12/site-packages/airflow/example_dags/example_short_circuit_decorator.py took 0.083 seconds
[2025-07-01T04:19:06.478+0000] {processor.py:186} INFO - Started process (PID=19081) to work on /home/airflow/.local/lib/python3.12/site-packages/airflow/example_dags/example_short_circuit_decorator.py
[2025-07-01T04:19:06.479+0000] {processor.py:914} INFO - Processing file /home/airflow/.local/lib/python3.12/site-packages/airflow/example_dags/example_short_circuit_decorator.py for tasks to queue
[2025-07-01T04:19:06.482+0000] {logging_mixin.py:190} INFO - [2025-07-01T04:19:06.482+0000] {dagbag.py:588} INFO - Filling up the DagBag from /home/airflow/.local/lib/python3.12/site-packages/airflow/example_dags/example_short_circuit_decorator.py
[2025-07-01T04:19:06.491+0000] {processor.py:925} INFO - DAG(s) 'example_short_circuit_decorator' retrieved from /home/airflow/.local/lib/python3.12/site-packages/airflow/example_dags/example_short_circuit_decorator.py
[2025-07-01T04:19:06.519+0000] {logging_mixin.py:190} INFO - [2025-07-01T04:19:06.518+0000] {dag.py:3239} INFO - Sync 1 DAGs
[2025-07-01T04:19:06.532+0000] {logging_mixin.py:190} INFO - [2025-07-01T04:19:06.532+0000] {dag.py:4180} INFO - Setting next_dagrun for example_short_circuit_decorator to None, run_after=None
[2025-07-01T04:19:06.550+0000] {processor.py:208} INFO - Processing /home/airflow/.local/lib/python3.12/site-packages/airflow/example_dags/example_short_circuit_decorator.py took 0.077 seconds
[2025-07-01T04:19:37.239+0000] {processor.py:186} INFO - Started process (PID=19143) to work on /home/airflow/.local/lib/python3.12/site-packages/airflow/example_dags/example_short_circuit_decorator.py
[2025-07-01T04:19:37.241+0000] {processor.py:914} INFO - Processing file /home/airflow/.local/lib/python3.12/site-packages/airflow/example_dags/example_short_circuit_decorator.py for tasks to queue
[2025-07-01T04:19:37.247+0000] {logging_mixin.py:190} INFO - [2025-07-01T04:19:37.245+0000] {dagbag.py:588} INFO - Filling up the DagBag from /home/airflow/.local/lib/python3.12/site-packages/airflow/example_dags/example_short_circuit_decorator.py
[2025-07-01T04:19:37.264+0000] {processor.py:925} INFO - DAG(s) 'example_short_circuit_decorator' retrieved from /home/airflow/.local/lib/python3.12/site-packages/airflow/example_dags/example_short_circuit_decorator.py
[2025-07-01T04:19:37.296+0000] {logging_mixin.py:190} INFO - [2025-07-01T04:19:37.295+0000] {dag.py:3239} INFO - Sync 1 DAGs
[2025-07-01T04:19:37.313+0000] {logging_mixin.py:190} INFO - [2025-07-01T04:19:37.312+0000] {dag.py:4180} INFO - Setting next_dagrun for example_short_circuit_decorator to None, run_after=None
[2025-07-01T04:19:37.333+0000] {processor.py:208} INFO - Processing /home/airflow/.local/lib/python3.12/site-packages/airflow/example_dags/example_short_circuit_decorator.py took 0.107 seconds
[2025-07-01T04:20:07.832+0000] {processor.py:186} INFO - Started process (PID=19205) to work on /home/airflow/.local/lib/python3.12/site-packages/airflow/example_dags/example_short_circuit_decorator.py
[2025-07-01T04:20:07.833+0000] {processor.py:914} INFO - Processing file /home/airflow/.local/lib/python3.12/site-packages/airflow/example_dags/example_short_circuit_decorator.py for tasks to queue
[2025-07-01T04:20:07.836+0000] {logging_mixin.py:190} INFO - [2025-07-01T04:20:07.836+0000] {dagbag.py:588} INFO - Filling up the DagBag from /home/airflow/.local/lib/python3.12/site-packages/airflow/example_dags/example_short_circuit_decorator.py
[2025-07-01T04:20:07.845+0000] {processor.py:925} INFO - DAG(s) 'example_short_circuit_decorator' retrieved from /home/airflow/.local/lib/python3.12/site-packages/airflow/example_dags/example_short_circuit_decorator.py
[2025-07-01T04:20:07.868+0000] {logging_mixin.py:190} INFO - [2025-07-01T04:20:07.868+0000] {dag.py:3239} INFO - Sync 1 DAGs
[2025-07-01T04:20:07.882+0000] {logging_mixin.py:190} INFO - [2025-07-01T04:20:07.881+0000] {dag.py:4180} INFO - Setting next_dagrun for example_short_circuit_decorator to None, run_after=None
[2025-07-01T04:20:07.899+0000] {processor.py:208} INFO - Processing /home/airflow/.local/lib/python3.12/site-packages/airflow/example_dags/example_short_circuit_decorator.py took 0.073 seconds
[2025-07-01T04:20:38.472+0000] {processor.py:186} INFO - Started process (PID=19267) to work on /home/airflow/.local/lib/python3.12/site-packages/airflow/example_dags/example_short_circuit_decorator.py
[2025-07-01T04:20:38.473+0000] {processor.py:914} INFO - Processing file /home/airflow/.local/lib/python3.12/site-packages/airflow/example_dags/example_short_circuit_decorator.py for tasks to queue
[2025-07-01T04:20:38.475+0000] {logging_mixin.py:190} INFO - [2025-07-01T04:20:38.475+0000] {dagbag.py:588} INFO - Filling up the DagBag from /home/airflow/.local/lib/python3.12/site-packages/airflow/example_dags/example_short_circuit_decorator.py
[2025-07-01T04:20:38.485+0000] {processor.py:925} INFO - DAG(s) 'example_short_circuit_decorator' retrieved from /home/airflow/.local/lib/python3.12/site-packages/airflow/example_dags/example_short_circuit_decorator.py
[2025-07-01T04:20:38.508+0000] {logging_mixin.py:190} INFO - [2025-07-01T04:20:38.508+0000] {dag.py:3239} INFO - Sync 1 DAGs
[2025-07-01T04:20:38.521+0000] {logging_mixin.py:190} INFO - [2025-07-01T04:20:38.521+0000] {dag.py:4180} INFO - Setting next_dagrun for example_short_circuit_decorator to None, run_after=None
[2025-07-01T04:20:38.539+0000] {processor.py:208} INFO - Processing /home/airflow/.local/lib/python3.12/site-packages/airflow/example_dags/example_short_circuit_decorator.py took 0.073 seconds
[2025-07-01T04:21:09.255+0000] {processor.py:186} INFO - Started process (PID=19329) to work on /home/airflow/.local/lib/python3.12/site-packages/airflow/example_dags/example_short_circuit_decorator.py
[2025-07-01T04:21:09.256+0000] {processor.py:914} INFO - Processing file /home/airflow/.local/lib/python3.12/site-packages/airflow/example_dags/example_short_circuit_decorator.py for tasks to queue
[2025-07-01T04:21:09.259+0000] {logging_mixin.py:190} INFO - [2025-07-01T04:21:09.259+0000] {dagbag.py:588} INFO - Filling up the DagBag from /home/airflow/.local/lib/python3.12/site-packages/airflow/example_dags/example_short_circuit_decorator.py
[2025-07-01T04:21:09.271+0000] {processor.py:925} INFO - DAG(s) 'example_short_circuit_decorator' retrieved from /home/airflow/.local/lib/python3.12/site-packages/airflow/example_dags/example_short_circuit_decorator.py
[2025-07-01T04:21:09.298+0000] {logging_mixin.py:190} INFO - [2025-07-01T04:21:09.298+0000] {dag.py:3239} INFO - Sync 1 DAGs
[2025-07-01T04:21:09.316+0000] {logging_mixin.py:190} INFO - [2025-07-01T04:21:09.316+0000] {dag.py:4180} INFO - Setting next_dagrun for example_short_circuit_decorator to None, run_after=None
[2025-07-01T04:21:09.335+0000] {processor.py:208} INFO - Processing /home/airflow/.local/lib/python3.12/site-packages/airflow/example_dags/example_short_circuit_decorator.py took 0.087 seconds
[2025-07-01T04:21:40.090+0000] {processor.py:186} INFO - Started process (PID=19391) to work on /home/airflow/.local/lib/python3.12/site-packages/airflow/example_dags/example_short_circuit_decorator.py
[2025-07-01T04:21:40.091+0000] {processor.py:914} INFO - Processing file /home/airflow/.local/lib/python3.12/site-packages/airflow/example_dags/example_short_circuit_decorator.py for tasks to queue
[2025-07-01T04:21:40.094+0000] {logging_mixin.py:190} INFO - [2025-07-01T04:21:40.094+0000] {dagbag.py:588} INFO - Filling up the DagBag from /home/airflow/.local/lib/python3.12/site-packages/airflow/example_dags/example_short_circuit_decorator.py
[2025-07-01T04:21:40.105+0000] {processor.py:925} INFO - DAG(s) 'example_short_circuit_decorator' retrieved from /home/airflow/.local/lib/python3.12/site-packages/airflow/example_dags/example_short_circuit_decorator.py
[2025-07-01T04:21:40.132+0000] {logging_mixin.py:190} INFO - [2025-07-01T04:21:40.131+0000] {dag.py:3239} INFO - Sync 1 DAGs
[2025-07-01T04:21:40.146+0000] {logging_mixin.py:190} INFO - [2025-07-01T04:21:40.146+0000] {dag.py:4180} INFO - Setting next_dagrun for example_short_circuit_decorator to None, run_after=None
[2025-07-01T04:21:40.164+0000] {processor.py:208} INFO - Processing /home/airflow/.local/lib/python3.12/site-packages/airflow/example_dags/example_short_circuit_decorator.py took 0.080 seconds
[2025-07-01T04:22:10.796+0000] {processor.py:186} INFO - Started process (PID=19453) to work on /home/airflow/.local/lib/python3.12/site-packages/airflow/example_dags/example_short_circuit_decorator.py
[2025-07-01T04:22:10.797+0000] {processor.py:914} INFO - Processing file /home/airflow/.local/lib/python3.12/site-packages/airflow/example_dags/example_short_circuit_decorator.py for tasks to queue
[2025-07-01T04:22:10.800+0000] {logging_mixin.py:190} INFO - [2025-07-01T04:22:10.799+0000] {dagbag.py:588} INFO - Filling up the DagBag from /home/airflow/.local/lib/python3.12/site-packages/airflow/example_dags/example_short_circuit_decorator.py
[2025-07-01T04:22:10.809+0000] {processor.py:925} INFO - DAG(s) 'example_short_circuit_decorator' retrieved from /home/airflow/.local/lib/python3.12/site-packages/airflow/example_dags/example_short_circuit_decorator.py
[2025-07-01T04:22:10.833+0000] {logging_mixin.py:190} INFO - [2025-07-01T04:22:10.833+0000] {dag.py:3239} INFO - Sync 1 DAGs
[2025-07-01T04:22:10.846+0000] {logging_mixin.py:190} INFO - [2025-07-01T04:22:10.846+0000] {dag.py:4180} INFO - Setting next_dagrun for example_short_circuit_decorator to None, run_after=None
[2025-07-01T04:22:10.863+0000] {processor.py:208} INFO - Processing /home/airflow/.local/lib/python3.12/site-packages/airflow/example_dags/example_short_circuit_decorator.py took 0.073 seconds
[2025-07-01T04:22:41.365+0000] {processor.py:186} INFO - Started process (PID=19515) to work on /home/airflow/.local/lib/python3.12/site-packages/airflow/example_dags/example_short_circuit_decorator.py
[2025-07-01T04:22:41.367+0000] {processor.py:914} INFO - Processing file /home/airflow/.local/lib/python3.12/site-packages/airflow/example_dags/example_short_circuit_decorator.py for tasks to queue
[2025-07-01T04:22:41.369+0000] {logging_mixin.py:190} INFO - [2025-07-01T04:22:41.369+0000] {dagbag.py:588} INFO - Filling up the DagBag from /home/airflow/.local/lib/python3.12/site-packages/airflow/example_dags/example_short_circuit_decorator.py
[2025-07-01T04:22:41.379+0000] {processor.py:925} INFO - DAG(s) 'example_short_circuit_decorator' retrieved from /home/airflow/.local/lib/python3.12/site-packages/airflow/example_dags/example_short_circuit_decorator.py
[2025-07-01T04:22:41.405+0000] {logging_mixin.py:190} INFO - [2025-07-01T04:22:41.404+0000] {dag.py:3239} INFO - Sync 1 DAGs
[2025-07-01T04:22:41.419+0000] {logging_mixin.py:190} INFO - [2025-07-01T04:22:41.419+0000] {dag.py:4180} INFO - Setting next_dagrun for example_short_circuit_decorator to None, run_after=None
[2025-07-01T04:22:41.436+0000] {processor.py:208} INFO - Processing /home/airflow/.local/lib/python3.12/site-packages/airflow/example_dags/example_short_circuit_decorator.py took 0.077 seconds
[2025-07-01T04:23:11.925+0000] {processor.py:186} INFO - Started process (PID=19577) to work on /home/airflow/.local/lib/python3.12/site-packages/airflow/example_dags/example_short_circuit_decorator.py
[2025-07-01T04:23:11.927+0000] {processor.py:914} INFO - Processing file /home/airflow/.local/lib/python3.12/site-packages/airflow/example_dags/example_short_circuit_decorator.py for tasks to queue
[2025-07-01T04:23:11.930+0000] {logging_mixin.py:190} INFO - [2025-07-01T04:23:11.930+0000] {dagbag.py:588} INFO - Filling up the DagBag from /home/airflow/.local/lib/python3.12/site-packages/airflow/example_dags/example_short_circuit_decorator.py
[2025-07-01T04:23:11.944+0000] {processor.py:925} INFO - DAG(s) 'example_short_circuit_decorator' retrieved from /home/airflow/.local/lib/python3.12/site-packages/airflow/example_dags/example_short_circuit_decorator.py
[2025-07-01T04:23:11.972+0000] {logging_mixin.py:190} INFO - [2025-07-01T04:23:11.972+0000] {dag.py:3239} INFO - Sync 1 DAGs
[2025-07-01T04:23:11.989+0000] {logging_mixin.py:190} INFO - [2025-07-01T04:23:11.989+0000] {dag.py:4180} INFO - Setting next_dagrun for example_short_circuit_decorator to None, run_after=None
[2025-07-01T04:23:12.008+0000] {processor.py:208} INFO - Processing /home/airflow/.local/lib/python3.12/site-packages/airflow/example_dags/example_short_circuit_decorator.py took 0.090 seconds
[2025-07-01T04:23:42.852+0000] {processor.py:186} INFO - Started process (PID=19639) to work on /home/airflow/.local/lib/python3.12/site-packages/airflow/example_dags/example_short_circuit_decorator.py
[2025-07-01T04:23:42.853+0000] {processor.py:914} INFO - Processing file /home/airflow/.local/lib/python3.12/site-packages/airflow/example_dags/example_short_circuit_decorator.py for tasks to queue
[2025-07-01T04:23:42.855+0000] {logging_mixin.py:190} INFO - [2025-07-01T04:23:42.855+0000] {dagbag.py:588} INFO - Filling up the DagBag from /home/airflow/.local/lib/python3.12/site-packages/airflow/example_dags/example_short_circuit_decorator.py
[2025-07-01T04:23:42.866+0000] {processor.py:925} INFO - DAG(s) 'example_short_circuit_decorator' retrieved from /home/airflow/.local/lib/python3.12/site-packages/airflow/example_dags/example_short_circuit_decorator.py
[2025-07-01T04:23:42.899+0000] {logging_mixin.py:190} INFO - [2025-07-01T04:23:42.898+0000] {dag.py:3239} INFO - Sync 1 DAGs
[2025-07-01T04:23:42.913+0000] {logging_mixin.py:190} INFO - [2025-07-01T04:23:42.913+0000] {dag.py:4180} INFO - Setting next_dagrun for example_short_circuit_decorator to None, run_after=None
[2025-07-01T04:23:42.931+0000] {processor.py:208} INFO - Processing /home/airflow/.local/lib/python3.12/site-packages/airflow/example_dags/example_short_circuit_decorator.py took 0.085 seconds
[2025-07-01T04:24:13.458+0000] {processor.py:186} INFO - Started process (PID=19701) to work on /home/airflow/.local/lib/python3.12/site-packages/airflow/example_dags/example_short_circuit_decorator.py
[2025-07-01T04:24:13.459+0000] {processor.py:914} INFO - Processing file /home/airflow/.local/lib/python3.12/site-packages/airflow/example_dags/example_short_circuit_decorator.py for tasks to queue
[2025-07-01T04:24:13.462+0000] {logging_mixin.py:190} INFO - [2025-07-01T04:24:13.461+0000] {dagbag.py:588} INFO - Filling up the DagBag from /home/airflow/.local/lib/python3.12/site-packages/airflow/example_dags/example_short_circuit_decorator.py
[2025-07-01T04:24:13.471+0000] {processor.py:925} INFO - DAG(s) 'example_short_circuit_decorator' retrieved from /home/airflow/.local/lib/python3.12/site-packages/airflow/example_dags/example_short_circuit_decorator.py
[2025-07-01T04:24:13.497+0000] {logging_mixin.py:190} INFO - [2025-07-01T04:24:13.496+0000] {dag.py:3239} INFO - Sync 1 DAGs
[2025-07-01T04:24:13.513+0000] {logging_mixin.py:190} INFO - [2025-07-01T04:24:13.513+0000] {dag.py:4180} INFO - Setting next_dagrun for example_short_circuit_decorator to None, run_after=None
[2025-07-01T04:24:13.536+0000] {processor.py:208} INFO - Processing /home/airflow/.local/lib/python3.12/site-packages/airflow/example_dags/example_short_circuit_decorator.py took 0.084 seconds
[2025-07-01T04:24:44.134+0000] {processor.py:186} INFO - Started process (PID=19763) to work on /home/airflow/.local/lib/python3.12/site-packages/airflow/example_dags/example_short_circuit_decorator.py
[2025-07-01T04:24:44.135+0000] {processor.py:914} INFO - Processing file /home/airflow/.local/lib/python3.12/site-packages/airflow/example_dags/example_short_circuit_decorator.py for tasks to queue
[2025-07-01T04:24:44.138+0000] {logging_mixin.py:190} INFO - [2025-07-01T04:24:44.138+0000] {dagbag.py:588} INFO - Filling up the DagBag from /home/airflow/.local/lib/python3.12/site-packages/airflow/example_dags/example_short_circuit_decorator.py
[2025-07-01T04:24:44.149+0000] {processor.py:925} INFO - DAG(s) 'example_short_circuit_decorator' retrieved from /home/airflow/.local/lib/python3.12/site-packages/airflow/example_dags/example_short_circuit_decorator.py
[2025-07-01T04:24:44.174+0000] {logging_mixin.py:190} INFO - [2025-07-01T04:24:44.174+0000] {dag.py:3239} INFO - Sync 1 DAGs
[2025-07-01T04:24:44.188+0000] {logging_mixin.py:190} INFO - [2025-07-01T04:24:44.188+0000] {dag.py:4180} INFO - Setting next_dagrun for example_short_circuit_decorator to None, run_after=None
[2025-07-01T04:24:44.205+0000] {processor.py:208} INFO - Processing /home/airflow/.local/lib/python3.12/site-packages/airflow/example_dags/example_short_circuit_decorator.py took 0.077 seconds
[2025-07-01T04:25:14.769+0000] {processor.py:186} INFO - Started process (PID=19826) to work on /home/airflow/.local/lib/python3.12/site-packages/airflow/example_dags/example_short_circuit_decorator.py
[2025-07-01T04:25:14.770+0000] {processor.py:914} INFO - Processing file /home/airflow/.local/lib/python3.12/site-packages/airflow/example_dags/example_short_circuit_decorator.py for tasks to queue
[2025-07-01T04:25:14.774+0000] {logging_mixin.py:190} INFO - [2025-07-01T04:25:14.773+0000] {dagbag.py:588} INFO - Filling up the DagBag from /home/airflow/.local/lib/python3.12/site-packages/airflow/example_dags/example_short_circuit_decorator.py
[2025-07-01T04:25:14.786+0000] {processor.py:925} INFO - DAG(s) 'example_short_circuit_decorator' retrieved from /home/airflow/.local/lib/python3.12/site-packages/airflow/example_dags/example_short_circuit_decorator.py
[2025-07-01T04:25:14.811+0000] {logging_mixin.py:190} INFO - [2025-07-01T04:25:14.811+0000] {dag.py:3239} INFO - Sync 1 DAGs
[2025-07-01T04:25:14.827+0000] {logging_mixin.py:190} INFO - [2025-07-01T04:25:14.827+0000] {dag.py:4180} INFO - Setting next_dagrun for example_short_circuit_decorator to None, run_after=None
[2025-07-01T04:25:14.849+0000] {processor.py:208} INFO - Processing /home/airflow/.local/lib/python3.12/site-packages/airflow/example_dags/example_short_circuit_decorator.py took 0.089 seconds
[2025-07-01T04:25:45.706+0000] {processor.py:186} INFO - Started process (PID=19888) to work on /home/airflow/.local/lib/python3.12/site-packages/airflow/example_dags/example_short_circuit_decorator.py
[2025-07-01T04:25:45.707+0000] {processor.py:914} INFO - Processing file /home/airflow/.local/lib/python3.12/site-packages/airflow/example_dags/example_short_circuit_decorator.py for tasks to queue
[2025-07-01T04:25:45.709+0000] {logging_mixin.py:190} INFO - [2025-07-01T04:25:45.709+0000] {dagbag.py:588} INFO - Filling up the DagBag from /home/airflow/.local/lib/python3.12/site-packages/airflow/example_dags/example_short_circuit_decorator.py
[2025-07-01T04:25:45.718+0000] {processor.py:925} INFO - DAG(s) 'example_short_circuit_decorator' retrieved from /home/airflow/.local/lib/python3.12/site-packages/airflow/example_dags/example_short_circuit_decorator.py
[2025-07-01T04:25:45.742+0000] {logging_mixin.py:190} INFO - [2025-07-01T04:25:45.742+0000] {dag.py:3239} INFO - Sync 1 DAGs
[2025-07-01T04:25:45.757+0000] {logging_mixin.py:190} INFO - [2025-07-01T04:25:45.756+0000] {dag.py:4180} INFO - Setting next_dagrun for example_short_circuit_decorator to None, run_after=None
[2025-07-01T04:25:45.774+0000] {processor.py:208} INFO - Processing /home/airflow/.local/lib/python3.12/site-packages/airflow/example_dags/example_short_circuit_decorator.py took 0.074 seconds
[2025-07-01T04:26:16.539+0000] {processor.py:186} INFO - Started process (PID=19950) to work on /home/airflow/.local/lib/python3.12/site-packages/airflow/example_dags/example_short_circuit_decorator.py
[2025-07-01T04:26:16.540+0000] {processor.py:914} INFO - Processing file /home/airflow/.local/lib/python3.12/site-packages/airflow/example_dags/example_short_circuit_decorator.py for tasks to queue
[2025-07-01T04:26:16.543+0000] {logging_mixin.py:190} INFO - [2025-07-01T04:26:16.542+0000] {dagbag.py:588} INFO - Filling up the DagBag from /home/airflow/.local/lib/python3.12/site-packages/airflow/example_dags/example_short_circuit_decorator.py
[2025-07-01T04:26:16.552+0000] {processor.py:925} INFO - DAG(s) 'example_short_circuit_decorator' retrieved from /home/airflow/.local/lib/python3.12/site-packages/airflow/example_dags/example_short_circuit_decorator.py
[2025-07-01T04:26:16.575+0000] {logging_mixin.py:190} INFO - [2025-07-01T04:26:16.574+0000] {dag.py:3239} INFO - Sync 1 DAGs
[2025-07-01T04:26:16.588+0000] {logging_mixin.py:190} INFO - [2025-07-01T04:26:16.587+0000] {dag.py:4180} INFO - Setting next_dagrun for example_short_circuit_decorator to None, run_after=None
[2025-07-01T04:26:16.607+0000] {processor.py:208} INFO - Processing /home/airflow/.local/lib/python3.12/site-packages/airflow/example_dags/example_short_circuit_decorator.py took 0.074 seconds
[2025-07-01T04:26:47.300+0000] {processor.py:186} INFO - Started process (PID=20012) to work on /home/airflow/.local/lib/python3.12/site-packages/airflow/example_dags/example_short_circuit_decorator.py
[2025-07-01T04:26:47.302+0000] {processor.py:914} INFO - Processing file /home/airflow/.local/lib/python3.12/site-packages/airflow/example_dags/example_short_circuit_decorator.py for tasks to queue
[2025-07-01T04:26:47.305+0000] {logging_mixin.py:190} INFO - [2025-07-01T04:26:47.305+0000] {dagbag.py:588} INFO - Filling up the DagBag from /home/airflow/.local/lib/python3.12/site-packages/airflow/example_dags/example_short_circuit_decorator.py
[2025-07-01T04:26:47.317+0000] {processor.py:925} INFO - DAG(s) 'example_short_circuit_decorator' retrieved from /home/airflow/.local/lib/python3.12/site-packages/airflow/example_dags/example_short_circuit_decorator.py
[2025-07-01T04:26:47.348+0000] {logging_mixin.py:190} INFO - [2025-07-01T04:26:47.347+0000] {dag.py:3239} INFO - Sync 1 DAGs
[2025-07-01T04:26:47.364+0000] {logging_mixin.py:190} INFO - [2025-07-01T04:26:47.364+0000] {dag.py:4180} INFO - Setting next_dagrun for example_short_circuit_decorator to None, run_after=None
[2025-07-01T04:26:47.382+0000] {processor.py:208} INFO - Processing /home/airflow/.local/lib/python3.12/site-packages/airflow/example_dags/example_short_circuit_decorator.py took 0.090 seconds
[2025-07-01T04:27:18.118+0000] {processor.py:186} INFO - Started process (PID=20074) to work on /home/airflow/.local/lib/python3.12/site-packages/airflow/example_dags/example_short_circuit_decorator.py
[2025-07-01T04:27:18.120+0000] {processor.py:914} INFO - Processing file /home/airflow/.local/lib/python3.12/site-packages/airflow/example_dags/example_short_circuit_decorator.py for tasks to queue
[2025-07-01T04:27:18.123+0000] {logging_mixin.py:190} INFO - [2025-07-01T04:27:18.122+0000] {dagbag.py:588} INFO - Filling up the DagBag from /home/airflow/.local/lib/python3.12/site-packages/airflow/example_dags/example_short_circuit_decorator.py
[2025-07-01T04:27:18.137+0000] {processor.py:925} INFO - DAG(s) 'example_short_circuit_decorator' retrieved from /home/airflow/.local/lib/python3.12/site-packages/airflow/example_dags/example_short_circuit_decorator.py
[2025-07-01T04:27:18.162+0000] {logging_mixin.py:190} INFO - [2025-07-01T04:27:18.162+0000] {dag.py:3239} INFO - Sync 1 DAGs
[2025-07-01T04:27:18.176+0000] {logging_mixin.py:190} INFO - [2025-07-01T04:27:18.176+0000] {dag.py:4180} INFO - Setting next_dagrun for example_short_circuit_decorator to None, run_after=None
[2025-07-01T04:27:18.193+0000] {processor.py:208} INFO - Processing /home/airflow/.local/lib/python3.12/site-packages/airflow/example_dags/example_short_circuit_decorator.py took 0.081 seconds
[2025-07-01T04:27:48.694+0000] {processor.py:186} INFO - Started process (PID=20136) to work on /home/airflow/.local/lib/python3.12/site-packages/airflow/example_dags/example_short_circuit_decorator.py
[2025-07-01T04:27:48.695+0000] {processor.py:914} INFO - Processing file /home/airflow/.local/lib/python3.12/site-packages/airflow/example_dags/example_short_circuit_decorator.py for tasks to queue
[2025-07-01T04:27:48.697+0000] {logging_mixin.py:190} INFO - [2025-07-01T04:27:48.697+0000] {dagbag.py:588} INFO - Filling up the DagBag from /home/airflow/.local/lib/python3.12/site-packages/airflow/example_dags/example_short_circuit_decorator.py
[2025-07-01T04:27:48.707+0000] {processor.py:925} INFO - DAG(s) 'example_short_circuit_decorator' retrieved from /home/airflow/.local/lib/python3.12/site-packages/airflow/example_dags/example_short_circuit_decorator.py
[2025-07-01T04:27:48.730+0000] {logging_mixin.py:190} INFO - [2025-07-01T04:27:48.730+0000] {dag.py:3239} INFO - Sync 1 DAGs
[2025-07-01T04:27:48.744+0000] {logging_mixin.py:190} INFO - [2025-07-01T04:27:48.744+0000] {dag.py:4180} INFO - Setting next_dagrun for example_short_circuit_decorator to None, run_after=None
[2025-07-01T04:27:48.765+0000] {processor.py:208} INFO - Processing /home/airflow/.local/lib/python3.12/site-packages/airflow/example_dags/example_short_circuit_decorator.py took 0.077 seconds
[2025-07-01T04:28:19.250+0000] {processor.py:186} INFO - Started process (PID=20198) to work on /home/airflow/.local/lib/python3.12/site-packages/airflow/example_dags/example_short_circuit_decorator.py
[2025-07-01T04:28:19.252+0000] {processor.py:914} INFO - Processing file /home/airflow/.local/lib/python3.12/site-packages/airflow/example_dags/example_short_circuit_decorator.py for tasks to queue
[2025-07-01T04:28:19.255+0000] {logging_mixin.py:190} INFO - [2025-07-01T04:28:19.254+0000] {dagbag.py:588} INFO - Filling up the DagBag from /home/airflow/.local/lib/python3.12/site-packages/airflow/example_dags/example_short_circuit_decorator.py
[2025-07-01T04:28:19.267+0000] {processor.py:925} INFO - DAG(s) 'example_short_circuit_decorator' retrieved from /home/airflow/.local/lib/python3.12/site-packages/airflow/example_dags/example_short_circuit_decorator.py
[2025-07-01T04:28:19.295+0000] {logging_mixin.py:190} INFO - [2025-07-01T04:28:19.294+0000] {dag.py:3239} INFO - Sync 1 DAGs
[2025-07-01T04:28:19.311+0000] {logging_mixin.py:190} INFO - [2025-07-01T04:28:19.310+0000] {dag.py:4180} INFO - Setting next_dagrun for example_short_circuit_decorator to None, run_after=None
[2025-07-01T04:28:19.330+0000] {processor.py:208} INFO - Processing /home/airflow/.local/lib/python3.12/site-packages/airflow/example_dags/example_short_circuit_decorator.py took 0.086 seconds
[2025-07-01T04:28:50.052+0000] {processor.py:186} INFO - Started process (PID=20260) to work on /home/airflow/.local/lib/python3.12/site-packages/airflow/example_dags/example_short_circuit_decorator.py
[2025-07-01T04:28:50.054+0000] {processor.py:914} INFO - Processing file /home/airflow/.local/lib/python3.12/site-packages/airflow/example_dags/example_short_circuit_decorator.py for tasks to queue
[2025-07-01T04:28:50.056+0000] {logging_mixin.py:190} INFO - [2025-07-01T04:28:50.056+0000] {dagbag.py:588} INFO - Filling up the DagBag from /home/airflow/.local/lib/python3.12/site-packages/airflow/example_dags/example_short_circuit_decorator.py
[2025-07-01T04:28:50.066+0000] {processor.py:925} INFO - DAG(s) 'example_short_circuit_decorator' retrieved from /home/airflow/.local/lib/python3.12/site-packages/airflow/example_dags/example_short_circuit_decorator.py
[2025-07-01T04:28:50.092+0000] {logging_mixin.py:190} INFO - [2025-07-01T04:28:50.092+0000] {dag.py:3239} INFO - Sync 1 DAGs
[2025-07-01T04:28:50.108+0000] {logging_mixin.py:190} INFO - [2025-07-01T04:28:50.108+0000] {dag.py:4180} INFO - Setting next_dagrun for example_short_circuit_decorator to None, run_after=None
[2025-07-01T04:28:50.125+0000] {processor.py:208} INFO - Processing /home/airflow/.local/lib/python3.12/site-packages/airflow/example_dags/example_short_circuit_decorator.py took 0.079 seconds
[2025-07-01T04:29:20.756+0000] {processor.py:186} INFO - Started process (PID=20322) to work on /home/airflow/.local/lib/python3.12/site-packages/airflow/example_dags/example_short_circuit_decorator.py
[2025-07-01T04:29:20.758+0000] {processor.py:914} INFO - Processing file /home/airflow/.local/lib/python3.12/site-packages/airflow/example_dags/example_short_circuit_decorator.py for tasks to queue
[2025-07-01T04:29:20.760+0000] {logging_mixin.py:190} INFO - [2025-07-01T04:29:20.760+0000] {dagbag.py:588} INFO - Filling up the DagBag from /home/airflow/.local/lib/python3.12/site-packages/airflow/example_dags/example_short_circuit_decorator.py
[2025-07-01T04:29:20.770+0000] {processor.py:925} INFO - DAG(s) 'example_short_circuit_decorator' retrieved from /home/airflow/.local/lib/python3.12/site-packages/airflow/example_dags/example_short_circuit_decorator.py
[2025-07-01T04:29:20.794+0000] {logging_mixin.py:190} INFO - [2025-07-01T04:29:20.793+0000] {dag.py:3239} INFO - Sync 1 DAGs
[2025-07-01T04:29:20.807+0000] {logging_mixin.py:190} INFO - [2025-07-01T04:29:20.807+0000] {dag.py:4180} INFO - Setting next_dagrun for example_short_circuit_decorator to None, run_after=None
[2025-07-01T04:29:20.824+0000] {processor.py:208} INFO - Processing /home/airflow/.local/lib/python3.12/site-packages/airflow/example_dags/example_short_circuit_decorator.py took 0.074 seconds
[2025-07-01T04:29:51.482+0000] {processor.py:186} INFO - Started process (PID=20384) to work on /home/airflow/.local/lib/python3.12/site-packages/airflow/example_dags/example_short_circuit_decorator.py
[2025-07-01T04:29:51.483+0000] {processor.py:914} INFO - Processing file /home/airflow/.local/lib/python3.12/site-packages/airflow/example_dags/example_short_circuit_decorator.py for tasks to queue
[2025-07-01T04:29:51.486+0000] {logging_mixin.py:190} INFO - [2025-07-01T04:29:51.486+0000] {dagbag.py:588} INFO - Filling up the DagBag from /home/airflow/.local/lib/python3.12/site-packages/airflow/example_dags/example_short_circuit_decorator.py
[2025-07-01T04:29:51.495+0000] {processor.py:925} INFO - DAG(s) 'example_short_circuit_decorator' retrieved from /home/airflow/.local/lib/python3.12/site-packages/airflow/example_dags/example_short_circuit_decorator.py
[2025-07-01T04:29:51.518+0000] {logging_mixin.py:190} INFO - [2025-07-01T04:29:51.518+0000] {dag.py:3239} INFO - Sync 1 DAGs
[2025-07-01T04:29:51.532+0000] {logging_mixin.py:190} INFO - [2025-07-01T04:29:51.532+0000] {dag.py:4180} INFO - Setting next_dagrun for example_short_circuit_decorator to None, run_after=None
[2025-07-01T04:29:51.550+0000] {processor.py:208} INFO - Processing /home/airflow/.local/lib/python3.12/site-packages/airflow/example_dags/example_short_circuit_decorator.py took 0.073 seconds
[2025-07-01T04:30:22.480+0000] {processor.py:186} INFO - Started process (PID=20446) to work on /home/airflow/.local/lib/python3.12/site-packages/airflow/example_dags/example_short_circuit_decorator.py
[2025-07-01T04:30:22.481+0000] {processor.py:914} INFO - Processing file /home/airflow/.local/lib/python3.12/site-packages/airflow/example_dags/example_short_circuit_decorator.py for tasks to queue
[2025-07-01T04:30:22.483+0000] {logging_mixin.py:190} INFO - [2025-07-01T04:30:22.483+0000] {dagbag.py:588} INFO - Filling up the DagBag from /home/airflow/.local/lib/python3.12/site-packages/airflow/example_dags/example_short_circuit_decorator.py
[2025-07-01T04:30:22.492+0000] {processor.py:925} INFO - DAG(s) 'example_short_circuit_decorator' retrieved from /home/airflow/.local/lib/python3.12/site-packages/airflow/example_dags/example_short_circuit_decorator.py
[2025-07-01T04:30:22.515+0000] {logging_mixin.py:190} INFO - [2025-07-01T04:30:22.515+0000] {dag.py:3239} INFO - Sync 1 DAGs
[2025-07-01T04:30:22.530+0000] {logging_mixin.py:190} INFO - [2025-07-01T04:30:22.529+0000] {dag.py:4180} INFO - Setting next_dagrun for example_short_circuit_decorator to None, run_after=None
[2025-07-01T04:30:22.549+0000] {processor.py:208} INFO - Processing /home/airflow/.local/lib/python3.12/site-packages/airflow/example_dags/example_short_circuit_decorator.py took 0.075 seconds
[2025-07-01T04:30:53.494+0000] {processor.py:186} INFO - Started process (PID=20508) to work on /home/airflow/.local/lib/python3.12/site-packages/airflow/example_dags/example_short_circuit_decorator.py
[2025-07-01T04:30:53.495+0000] {processor.py:914} INFO - Processing file /home/airflow/.local/lib/python3.12/site-packages/airflow/example_dags/example_short_circuit_decorator.py for tasks to queue
[2025-07-01T04:30:53.497+0000] {logging_mixin.py:190} INFO - [2025-07-01T04:30:53.497+0000] {dagbag.py:588} INFO - Filling up the DagBag from /home/airflow/.local/lib/python3.12/site-packages/airflow/example_dags/example_short_circuit_decorator.py
[2025-07-01T04:30:53.508+0000] {processor.py:925} INFO - DAG(s) 'example_short_circuit_decorator' retrieved from /home/airflow/.local/lib/python3.12/site-packages/airflow/example_dags/example_short_circuit_decorator.py
[2025-07-01T04:30:53.535+0000] {logging_mixin.py:190} INFO - [2025-07-01T04:30:53.535+0000] {dag.py:3239} INFO - Sync 1 DAGs
[2025-07-01T04:30:53.552+0000] {logging_mixin.py:190} INFO - [2025-07-01T04:30:53.552+0000] {dag.py:4180} INFO - Setting next_dagrun for example_short_circuit_decorator to None, run_after=None
[2025-07-01T04:30:53.575+0000] {processor.py:208} INFO - Processing /home/airflow/.local/lib/python3.12/site-packages/airflow/example_dags/example_short_circuit_decorator.py took 0.088 seconds
[2025-07-01T04:31:24.225+0000] {processor.py:186} INFO - Started process (PID=20576) to work on /home/airflow/.local/lib/python3.12/site-packages/airflow/example_dags/example_short_circuit_decorator.py
[2025-07-01T04:31:24.227+0000] {processor.py:914} INFO - Processing file /home/airflow/.local/lib/python3.12/site-packages/airflow/example_dags/example_short_circuit_decorator.py for tasks to queue
[2025-07-01T04:31:24.230+0000] {logging_mixin.py:190} INFO - [2025-07-01T04:31:24.229+0000] {dagbag.py:588} INFO - Filling up the DagBag from /home/airflow/.local/lib/python3.12/site-packages/airflow/example_dags/example_short_circuit_decorator.py
[2025-07-01T04:31:24.240+0000] {processor.py:925} INFO - DAG(s) 'example_short_circuit_decorator' retrieved from /home/airflow/.local/lib/python3.12/site-packages/airflow/example_dags/example_short_circuit_decorator.py
[2025-07-01T04:31:24.267+0000] {logging_mixin.py:190} INFO - [2025-07-01T04:31:24.266+0000] {dag.py:3239} INFO - Sync 1 DAGs
[2025-07-01T04:31:24.282+0000] {logging_mixin.py:190} INFO - [2025-07-01T04:31:24.281+0000] {dag.py:4180} INFO - Setting next_dagrun for example_short_circuit_decorator to None, run_after=None
[2025-07-01T04:31:24.299+0000] {processor.py:208} INFO - Processing /home/airflow/.local/lib/python3.12/site-packages/airflow/example_dags/example_short_circuit_decorator.py took 0.081 seconds
[2025-07-01T04:31:54.801+0000] {processor.py:186} INFO - Started process (PID=20638) to work on /home/airflow/.local/lib/python3.12/site-packages/airflow/example_dags/example_short_circuit_decorator.py
[2025-07-01T04:31:54.803+0000] {processor.py:914} INFO - Processing file /home/airflow/.local/lib/python3.12/site-packages/airflow/example_dags/example_short_circuit_decorator.py for tasks to queue
[2025-07-01T04:31:54.806+0000] {logging_mixin.py:190} INFO - [2025-07-01T04:31:54.805+0000] {dagbag.py:588} INFO - Filling up the DagBag from /home/airflow/.local/lib/python3.12/site-packages/airflow/example_dags/example_short_circuit_decorator.py
[2025-07-01T04:31:54.814+0000] {processor.py:925} INFO - DAG(s) 'example_short_circuit_decorator' retrieved from /home/airflow/.local/lib/python3.12/site-packages/airflow/example_dags/example_short_circuit_decorator.py
[2025-07-01T04:31:54.838+0000] {logging_mixin.py:190} INFO - [2025-07-01T04:31:54.837+0000] {dag.py:3239} INFO - Sync 1 DAGs
[2025-07-01T04:31:54.851+0000] {logging_mixin.py:190} INFO - [2025-07-01T04:31:54.851+0000] {dag.py:4180} INFO - Setting next_dagrun for example_short_circuit_decorator to None, run_after=None
[2025-07-01T04:31:54.868+0000] {processor.py:208} INFO - Processing /home/airflow/.local/lib/python3.12/site-packages/airflow/example_dags/example_short_circuit_decorator.py took 0.072 seconds
[2025-07-01T04:32:25.485+0000] {processor.py:186} INFO - Started process (PID=20700) to work on /home/airflow/.local/lib/python3.12/site-packages/airflow/example_dags/example_short_circuit_decorator.py
[2025-07-01T04:32:25.487+0000] {processor.py:914} INFO - Processing file /home/airflow/.local/lib/python3.12/site-packages/airflow/example_dags/example_short_circuit_decorator.py for tasks to queue
[2025-07-01T04:32:25.492+0000] {logging_mixin.py:190} INFO - [2025-07-01T04:32:25.492+0000] {dagbag.py:588} INFO - Filling up the DagBag from /home/airflow/.local/lib/python3.12/site-packages/airflow/example_dags/example_short_circuit_decorator.py
[2025-07-01T04:32:25.510+0000] {processor.py:925} INFO - DAG(s) 'example_short_circuit_decorator' retrieved from /home/airflow/.local/lib/python3.12/site-packages/airflow/example_dags/example_short_circuit_decorator.py
[2025-07-01T04:32:25.544+0000] {logging_mixin.py:190} INFO - [2025-07-01T04:32:25.544+0000] {dag.py:3239} INFO - Sync 1 DAGs
[2025-07-01T04:32:25.568+0000] {logging_mixin.py:190} INFO - [2025-07-01T04:32:25.568+0000] {dag.py:4180} INFO - Setting next_dagrun for example_short_circuit_decorator to None, run_after=None
[2025-07-01T04:32:25.594+0000] {processor.py:208} INFO - Processing /home/airflow/.local/lib/python3.12/site-packages/airflow/example_dags/example_short_circuit_decorator.py took 0.120 seconds
[2025-07-01T04:32:56.294+0000] {processor.py:186} INFO - Started process (PID=20762) to work on /home/airflow/.local/lib/python3.12/site-packages/airflow/example_dags/example_short_circuit_decorator.py
[2025-07-01T04:32:56.295+0000] {processor.py:914} INFO - Processing file /home/airflow/.local/lib/python3.12/site-packages/airflow/example_dags/example_short_circuit_decorator.py for tasks to queue
[2025-07-01T04:32:56.298+0000] {logging_mixin.py:190} INFO - [2025-07-01T04:32:56.297+0000] {dagbag.py:588} INFO - Filling up the DagBag from /home/airflow/.local/lib/python3.12/site-packages/airflow/example_dags/example_short_circuit_decorator.py
[2025-07-01T04:32:56.314+0000] {processor.py:925} INFO - DAG(s) 'example_short_circuit_decorator' retrieved from /home/airflow/.local/lib/python3.12/site-packages/airflow/example_dags/example_short_circuit_decorator.py
[2025-07-01T04:32:56.339+0000] {logging_mixin.py:190} INFO - [2025-07-01T04:32:56.339+0000] {dag.py:3239} INFO - Sync 1 DAGs
[2025-07-01T04:32:56.353+0000] {logging_mixin.py:190} INFO - [2025-07-01T04:32:56.353+0000] {dag.py:4180} INFO - Setting next_dagrun for example_short_circuit_decorator to None, run_after=None
[2025-07-01T04:32:56.372+0000] {processor.py:208} INFO - Processing /home/airflow/.local/lib/python3.12/site-packages/airflow/example_dags/example_short_circuit_decorator.py took 0.084 seconds
[2025-07-01T04:33:26.916+0000] {processor.py:186} INFO - Started process (PID=20824) to work on /home/airflow/.local/lib/python3.12/site-packages/airflow/example_dags/example_short_circuit_decorator.py
[2025-07-01T04:33:26.918+0000] {processor.py:914} INFO - Processing file /home/airflow/.local/lib/python3.12/site-packages/airflow/example_dags/example_short_circuit_decorator.py for tasks to queue
[2025-07-01T04:33:26.920+0000] {logging_mixin.py:190} INFO - [2025-07-01T04:33:26.920+0000] {dagbag.py:588} INFO - Filling up the DagBag from /home/airflow/.local/lib/python3.12/site-packages/airflow/example_dags/example_short_circuit_decorator.py
[2025-07-01T04:33:26.929+0000] {processor.py:925} INFO - DAG(s) 'example_short_circuit_decorator' retrieved from /home/airflow/.local/lib/python3.12/site-packages/airflow/example_dags/example_short_circuit_decorator.py
[2025-07-01T04:33:26.952+0000] {logging_mixin.py:190} INFO - [2025-07-01T04:33:26.951+0000] {dag.py:3239} INFO - Sync 1 DAGs
[2025-07-01T04:33:26.965+0000] {logging_mixin.py:190} INFO - [2025-07-01T04:33:26.965+0000] {dag.py:4180} INFO - Setting next_dagrun for example_short_circuit_decorator to None, run_after=None
[2025-07-01T04:33:26.992+0000] {processor.py:208} INFO - Processing /home/airflow/.local/lib/python3.12/site-packages/airflow/example_dags/example_short_circuit_decorator.py took 0.082 seconds
[2025-07-01T04:33:57.652+0000] {processor.py:186} INFO - Started process (PID=20886) to work on /home/airflow/.local/lib/python3.12/site-packages/airflow/example_dags/example_short_circuit_decorator.py
[2025-07-01T04:33:57.653+0000] {processor.py:914} INFO - Processing file /home/airflow/.local/lib/python3.12/site-packages/airflow/example_dags/example_short_circuit_decorator.py for tasks to queue
[2025-07-01T04:33:57.656+0000] {logging_mixin.py:190} INFO - [2025-07-01T04:33:57.655+0000] {dagbag.py:588} INFO - Filling up the DagBag from /home/airflow/.local/lib/python3.12/site-packages/airflow/example_dags/example_short_circuit_decorator.py
[2025-07-01T04:33:57.665+0000] {processor.py:925} INFO - DAG(s) 'example_short_circuit_decorator' retrieved from /home/airflow/.local/lib/python3.12/site-packages/airflow/example_dags/example_short_circuit_decorator.py
[2025-07-01T04:33:57.689+0000] {logging_mixin.py:190} INFO - [2025-07-01T04:33:57.688+0000] {dag.py:3239} INFO - Sync 1 DAGs
[2025-07-01T04:33:57.702+0000] {logging_mixin.py:190} INFO - [2025-07-01T04:33:57.702+0000] {dag.py:4180} INFO - Setting next_dagrun for example_short_circuit_decorator to None, run_after=None
[2025-07-01T04:33:57.723+0000] {processor.py:208} INFO - Processing /home/airflow/.local/lib/python3.12/site-packages/airflow/example_dags/example_short_circuit_decorator.py took 0.079 seconds
[2025-07-01T04:34:28.334+0000] {processor.py:186} INFO - Started process (PID=20948) to work on /home/airflow/.local/lib/python3.12/site-packages/airflow/example_dags/example_short_circuit_decorator.py
[2025-07-01T04:34:28.335+0000] {processor.py:914} INFO - Processing file /home/airflow/.local/lib/python3.12/site-packages/airflow/example_dags/example_short_circuit_decorator.py for tasks to queue
[2025-07-01T04:34:28.337+0000] {logging_mixin.py:190} INFO - [2025-07-01T04:34:28.337+0000] {dagbag.py:588} INFO - Filling up the DagBag from /home/airflow/.local/lib/python3.12/site-packages/airflow/example_dags/example_short_circuit_decorator.py
[2025-07-01T04:34:28.347+0000] {processor.py:925} INFO - DAG(s) 'example_short_circuit_decorator' retrieved from /home/airflow/.local/lib/python3.12/site-packages/airflow/example_dags/example_short_circuit_decorator.py
[2025-07-01T04:34:28.371+0000] {logging_mixin.py:190} INFO - [2025-07-01T04:34:28.371+0000] {dag.py:3239} INFO - Sync 1 DAGs
[2025-07-01T04:34:28.386+0000] {logging_mixin.py:190} INFO - [2025-07-01T04:34:28.386+0000] {dag.py:4180} INFO - Setting next_dagrun for example_short_circuit_decorator to None, run_after=None
[2025-07-01T04:34:28.403+0000] {processor.py:208} INFO - Processing /home/airflow/.local/lib/python3.12/site-packages/airflow/example_dags/example_short_circuit_decorator.py took 0.076 seconds
[2025-07-01T04:34:59.129+0000] {processor.py:186} INFO - Started process (PID=21010) to work on /home/airflow/.local/lib/python3.12/site-packages/airflow/example_dags/example_short_circuit_decorator.py
[2025-07-01T04:34:59.130+0000] {processor.py:914} INFO - Processing file /home/airflow/.local/lib/python3.12/site-packages/airflow/example_dags/example_short_circuit_decorator.py for tasks to queue
[2025-07-01T04:34:59.133+0000] {logging_mixin.py:190} INFO - [2025-07-01T04:34:59.133+0000] {dagbag.py:588} INFO - Filling up the DagBag from /home/airflow/.local/lib/python3.12/site-packages/airflow/example_dags/example_short_circuit_decorator.py
[2025-07-01T04:34:59.146+0000] {processor.py:925} INFO - DAG(s) 'example_short_circuit_decorator' retrieved from /home/airflow/.local/lib/python3.12/site-packages/airflow/example_dags/example_short_circuit_decorator.py
[2025-07-01T04:34:59.169+0000] {logging_mixin.py:190} INFO - [2025-07-01T04:34:59.169+0000] {dag.py:3239} INFO - Sync 1 DAGs
[2025-07-01T04:34:59.182+0000] {logging_mixin.py:190} INFO - [2025-07-01T04:34:59.182+0000] {dag.py:4180} INFO - Setting next_dagrun for example_short_circuit_decorator to None, run_after=None
[2025-07-01T04:34:59.199+0000] {processor.py:208} INFO - Processing /home/airflow/.local/lib/python3.12/site-packages/airflow/example_dags/example_short_circuit_decorator.py took 0.077 seconds
[2025-07-01T04:35:29.672+0000] {processor.py:186} INFO - Started process (PID=21072) to work on /home/airflow/.local/lib/python3.12/site-packages/airflow/example_dags/example_short_circuit_decorator.py
[2025-07-01T04:35:29.674+0000] {processor.py:914} INFO - Processing file /home/airflow/.local/lib/python3.12/site-packages/airflow/example_dags/example_short_circuit_decorator.py for tasks to queue
[2025-07-01T04:35:29.677+0000] {logging_mixin.py:190} INFO - [2025-07-01T04:35:29.676+0000] {dagbag.py:588} INFO - Filling up the DagBag from /home/airflow/.local/lib/python3.12/site-packages/airflow/example_dags/example_short_circuit_decorator.py
[2025-07-01T04:35:29.688+0000] {processor.py:925} INFO - DAG(s) 'example_short_circuit_decorator' retrieved from /home/airflow/.local/lib/python3.12/site-packages/airflow/example_dags/example_short_circuit_decorator.py
[2025-07-01T04:35:29.714+0000] {logging_mixin.py:190} INFO - [2025-07-01T04:35:29.713+0000] {dag.py:3239} INFO - Sync 1 DAGs
[2025-07-01T04:35:29.729+0000] {logging_mixin.py:190} INFO - [2025-07-01T04:35:29.728+0000] {dag.py:4180} INFO - Setting next_dagrun for example_short_circuit_decorator to None, run_after=None
[2025-07-01T04:35:29.753+0000] {processor.py:208} INFO - Processing /home/airflow/.local/lib/python3.12/site-packages/airflow/example_dags/example_short_circuit_decorator.py took 0.086 seconds
[2025-07-01T04:36:00.043+0000] {processor.py:186} INFO - Started process (PID=21134) to work on /home/airflow/.local/lib/python3.12/site-packages/airflow/example_dags/example_short_circuit_decorator.py
[2025-07-01T04:36:00.044+0000] {processor.py:914} INFO - Processing file /home/airflow/.local/lib/python3.12/site-packages/airflow/example_dags/example_short_circuit_decorator.py for tasks to queue
[2025-07-01T04:36:00.047+0000] {logging_mixin.py:190} INFO - [2025-07-01T04:36:00.047+0000] {dagbag.py:588} INFO - Filling up the DagBag from /home/airflow/.local/lib/python3.12/site-packages/airflow/example_dags/example_short_circuit_decorator.py
[2025-07-01T04:36:00.057+0000] {processor.py:925} INFO - DAG(s) 'example_short_circuit_decorator' retrieved from /home/airflow/.local/lib/python3.12/site-packages/airflow/example_dags/example_short_circuit_decorator.py
[2025-07-01T04:36:00.081+0000] {logging_mixin.py:190} INFO - [2025-07-01T04:36:00.081+0000] {dag.py:3239} INFO - Sync 1 DAGs
[2025-07-01T04:36:00.095+0000] {logging_mixin.py:190} INFO - [2025-07-01T04:36:00.095+0000] {dag.py:4180} INFO - Setting next_dagrun for example_short_circuit_decorator to None, run_after=None
[2025-07-01T04:36:00.114+0000] {processor.py:208} INFO - Processing /home/airflow/.local/lib/python3.12/site-packages/airflow/example_dags/example_short_circuit_decorator.py took 0.078 seconds
[2025-07-01T04:36:30.755+0000] {processor.py:186} INFO - Started process (PID=21196) to work on /home/airflow/.local/lib/python3.12/site-packages/airflow/example_dags/example_short_circuit_decorator.py
[2025-07-01T04:36:30.756+0000] {processor.py:914} INFO - Processing file /home/airflow/.local/lib/python3.12/site-packages/airflow/example_dags/example_short_circuit_decorator.py for tasks to queue
[2025-07-01T04:36:30.758+0000] {logging_mixin.py:190} INFO - [2025-07-01T04:36:30.758+0000] {dagbag.py:588} INFO - Filling up the DagBag from /home/airflow/.local/lib/python3.12/site-packages/airflow/example_dags/example_short_circuit_decorator.py
[2025-07-01T04:36:30.768+0000] {processor.py:925} INFO - DAG(s) 'example_short_circuit_decorator' retrieved from /home/airflow/.local/lib/python3.12/site-packages/airflow/example_dags/example_short_circuit_decorator.py
[2025-07-01T04:36:30.791+0000] {logging_mixin.py:190} INFO - [2025-07-01T04:36:30.791+0000] {dag.py:3239} INFO - Sync 1 DAGs
[2025-07-01T04:36:30.805+0000] {logging_mixin.py:190} INFO - [2025-07-01T04:36:30.804+0000] {dag.py:4180} INFO - Setting next_dagrun for example_short_circuit_decorator to None, run_after=None
[2025-07-01T04:36:30.822+0000] {processor.py:208} INFO - Processing /home/airflow/.local/lib/python3.12/site-packages/airflow/example_dags/example_short_circuit_decorator.py took 0.074 seconds
[2025-07-01T04:37:01.769+0000] {processor.py:186} INFO - Started process (PID=21258) to work on /home/airflow/.local/lib/python3.12/site-packages/airflow/example_dags/example_short_circuit_decorator.py
[2025-07-01T04:37:01.771+0000] {processor.py:914} INFO - Processing file /home/airflow/.local/lib/python3.12/site-packages/airflow/example_dags/example_short_circuit_decorator.py for tasks to queue
[2025-07-01T04:37:01.776+0000] {logging_mixin.py:190} INFO - [2025-07-01T04:37:01.775+0000] {dagbag.py:588} INFO - Filling up the DagBag from /home/airflow/.local/lib/python3.12/site-packages/airflow/example_dags/example_short_circuit_decorator.py
[2025-07-01T04:37:01.791+0000] {processor.py:925} INFO - DAG(s) 'example_short_circuit_decorator' retrieved from /home/airflow/.local/lib/python3.12/site-packages/airflow/example_dags/example_short_circuit_decorator.py
[2025-07-01T04:37:01.822+0000] {logging_mixin.py:190} INFO - [2025-07-01T04:37:01.822+0000] {dag.py:3239} INFO - Sync 1 DAGs
[2025-07-01T04:37:01.840+0000] {logging_mixin.py:190} INFO - [2025-07-01T04:37:01.840+0000] {dag.py:4180} INFO - Setting next_dagrun for example_short_circuit_decorator to None, run_after=None
[2025-07-01T04:37:01.860+0000] {processor.py:208} INFO - Processing /home/airflow/.local/lib/python3.12/site-packages/airflow/example_dags/example_short_circuit_decorator.py took 0.098 seconds
[2025-07-01T04:37:32.577+0000] {processor.py:186} INFO - Started process (PID=21320) to work on /home/airflow/.local/lib/python3.12/site-packages/airflow/example_dags/example_short_circuit_decorator.py
[2025-07-01T04:37:32.578+0000] {processor.py:914} INFO - Processing file /home/airflow/.local/lib/python3.12/site-packages/airflow/example_dags/example_short_circuit_decorator.py for tasks to queue
[2025-07-01T04:37:32.581+0000] {logging_mixin.py:190} INFO - [2025-07-01T04:37:32.580+0000] {dagbag.py:588} INFO - Filling up the DagBag from /home/airflow/.local/lib/python3.12/site-packages/airflow/example_dags/example_short_circuit_decorator.py
[2025-07-01T04:37:32.591+0000] {processor.py:925} INFO - DAG(s) 'example_short_circuit_decorator' retrieved from /home/airflow/.local/lib/python3.12/site-packages/airflow/example_dags/example_short_circuit_decorator.py
[2025-07-01T04:37:32.615+0000] {logging_mixin.py:190} INFO - [2025-07-01T04:37:32.615+0000] {dag.py:3239} INFO - Sync 1 DAGs
[2025-07-01T04:37:32.630+0000] {logging_mixin.py:190} INFO - [2025-07-01T04:37:32.629+0000] {dag.py:4180} INFO - Setting next_dagrun for example_short_circuit_decorator to None, run_after=None
[2025-07-01T04:37:32.650+0000] {processor.py:208} INFO - Processing /home/airflow/.local/lib/python3.12/site-packages/airflow/example_dags/example_short_circuit_decorator.py took 0.079 seconds
[2025-07-01T04:38:02.797+0000] {processor.py:186} INFO - Started process (PID=21382) to work on /home/airflow/.local/lib/python3.12/site-packages/airflow/example_dags/example_short_circuit_decorator.py
[2025-07-01T04:38:02.798+0000] {processor.py:914} INFO - Processing file /home/airflow/.local/lib/python3.12/site-packages/airflow/example_dags/example_short_circuit_decorator.py for tasks to queue
[2025-07-01T04:38:02.802+0000] {logging_mixin.py:190} INFO - [2025-07-01T04:38:02.801+0000] {dagbag.py:588} INFO - Filling up the DagBag from /home/airflow/.local/lib/python3.12/site-packages/airflow/example_dags/example_short_circuit_decorator.py
[2025-07-01T04:38:02.816+0000] {processor.py:925} INFO - DAG(s) 'example_short_circuit_decorator' retrieved from /home/airflow/.local/lib/python3.12/site-packages/airflow/example_dags/example_short_circuit_decorator.py
[2025-07-01T04:38:02.846+0000] {logging_mixin.py:190} INFO - [2025-07-01T04:38:02.846+0000] {dag.py:3239} INFO - Sync 1 DAGs
[2025-07-01T04:38:02.862+0000] {logging_mixin.py:190} INFO - [2025-07-01T04:38:02.862+0000] {dag.py:4180} INFO - Setting next_dagrun for example_short_circuit_decorator to None, run_after=None
[2025-07-01T04:38:02.882+0000] {processor.py:208} INFO - Processing /home/airflow/.local/lib/python3.12/site-packages/airflow/example_dags/example_short_circuit_decorator.py took 0.091 seconds
[2025-07-01T04:38:33.338+0000] {processor.py:186} INFO - Started process (PID=21444) to work on /home/airflow/.local/lib/python3.12/site-packages/airflow/example_dags/example_short_circuit_decorator.py
[2025-07-01T04:38:33.339+0000] {processor.py:914} INFO - Processing file /home/airflow/.local/lib/python3.12/site-packages/airflow/example_dags/example_short_circuit_decorator.py for tasks to queue
[2025-07-01T04:38:33.342+0000] {logging_mixin.py:190} INFO - [2025-07-01T04:38:33.342+0000] {dagbag.py:588} INFO - Filling up the DagBag from /home/airflow/.local/lib/python3.12/site-packages/airflow/example_dags/example_short_circuit_decorator.py
[2025-07-01T04:38:33.351+0000] {processor.py:925} INFO - DAG(s) 'example_short_circuit_decorator' retrieved from /home/airflow/.local/lib/python3.12/site-packages/airflow/example_dags/example_short_circuit_decorator.py
[2025-07-01T04:38:33.374+0000] {logging_mixin.py:190} INFO - [2025-07-01T04:38:33.374+0000] {dag.py:3239} INFO - Sync 1 DAGs
[2025-07-01T04:38:33.387+0000] {logging_mixin.py:190} INFO - [2025-07-01T04:38:33.387+0000] {dag.py:4180} INFO - Setting next_dagrun for example_short_circuit_decorator to None, run_after=None
[2025-07-01T04:38:33.414+0000] {processor.py:208} INFO - Processing /home/airflow/.local/lib/python3.12/site-packages/airflow/example_dags/example_short_circuit_decorator.py took 0.082 seconds
[2025-07-01T04:39:03.813+0000] {processor.py:186} INFO - Started process (PID=21506) to work on /home/airflow/.local/lib/python3.12/site-packages/airflow/example_dags/example_short_circuit_decorator.py
[2025-07-01T04:39:03.814+0000] {processor.py:914} INFO - Processing file /home/airflow/.local/lib/python3.12/site-packages/airflow/example_dags/example_short_circuit_decorator.py for tasks to queue
[2025-07-01T04:39:03.817+0000] {logging_mixin.py:190} INFO - [2025-07-01T04:39:03.817+0000] {dagbag.py:588} INFO - Filling up the DagBag from /home/airflow/.local/lib/python3.12/site-packages/airflow/example_dags/example_short_circuit_decorator.py
[2025-07-01T04:39:03.827+0000] {processor.py:925} INFO - DAG(s) 'example_short_circuit_decorator' retrieved from /home/airflow/.local/lib/python3.12/site-packages/airflow/example_dags/example_short_circuit_decorator.py
[2025-07-01T04:39:03.853+0000] {logging_mixin.py:190} INFO - [2025-07-01T04:39:03.853+0000] {dag.py:3239} INFO - Sync 1 DAGs
[2025-07-01T04:39:03.867+0000] {logging_mixin.py:190} INFO - [2025-07-01T04:39:03.867+0000] {dag.py:4180} INFO - Setting next_dagrun for example_short_circuit_decorator to None, run_after=None
[2025-07-01T04:39:03.896+0000] {processor.py:208} INFO - Processing /home/airflow/.local/lib/python3.12/site-packages/airflow/example_dags/example_short_circuit_decorator.py took 0.089 seconds
[2025-07-01T04:39:34.020+0000] {processor.py:186} INFO - Started process (PID=21568) to work on /home/airflow/.local/lib/python3.12/site-packages/airflow/example_dags/example_short_circuit_decorator.py
[2025-07-01T04:39:34.021+0000] {processor.py:914} INFO - Processing file /home/airflow/.local/lib/python3.12/site-packages/airflow/example_dags/example_short_circuit_decorator.py for tasks to queue
[2025-07-01T04:39:34.024+0000] {logging_mixin.py:190} INFO - [2025-07-01T04:39:34.023+0000] {dagbag.py:588} INFO - Filling up the DagBag from /home/airflow/.local/lib/python3.12/site-packages/airflow/example_dags/example_short_circuit_decorator.py
[2025-07-01T04:39:34.033+0000] {processor.py:925} INFO - DAG(s) 'example_short_circuit_decorator' retrieved from /home/airflow/.local/lib/python3.12/site-packages/airflow/example_dags/example_short_circuit_decorator.py
[2025-07-01T04:39:34.057+0000] {logging_mixin.py:190} INFO - [2025-07-01T04:39:34.057+0000] {dag.py:3239} INFO - Sync 1 DAGs
[2025-07-01T04:39:34.072+0000] {logging_mixin.py:190} INFO - [2025-07-01T04:39:34.071+0000] {dag.py:4180} INFO - Setting next_dagrun for example_short_circuit_decorator to None, run_after=None
[2025-07-01T04:39:34.091+0000] {processor.py:208} INFO - Processing /home/airflow/.local/lib/python3.12/site-packages/airflow/example_dags/example_short_circuit_decorator.py took 0.077 seconds
[2025-07-01T04:40:04.491+0000] {processor.py:186} INFO - Started process (PID=21630) to work on /home/airflow/.local/lib/python3.12/site-packages/airflow/example_dags/example_short_circuit_decorator.py
[2025-07-01T04:40:04.492+0000] {processor.py:914} INFO - Processing file /home/airflow/.local/lib/python3.12/site-packages/airflow/example_dags/example_short_circuit_decorator.py for tasks to queue
[2025-07-01T04:40:04.495+0000] {logging_mixin.py:190} INFO - [2025-07-01T04:40:04.495+0000] {dagbag.py:588} INFO - Filling up the DagBag from /home/airflow/.local/lib/python3.12/site-packages/airflow/example_dags/example_short_circuit_decorator.py
[2025-07-01T04:40:04.506+0000] {processor.py:925} INFO - DAG(s) 'example_short_circuit_decorator' retrieved from /home/airflow/.local/lib/python3.12/site-packages/airflow/example_dags/example_short_circuit_decorator.py
[2025-07-01T04:40:04.532+0000] {logging_mixin.py:190} INFO - [2025-07-01T04:40:04.532+0000] {dag.py:3239} INFO - Sync 1 DAGs
[2025-07-01T04:40:04.548+0000] {logging_mixin.py:190} INFO - [2025-07-01T04:40:04.547+0000] {dag.py:4180} INFO - Setting next_dagrun for example_short_circuit_decorator to None, run_after=None
[2025-07-01T04:40:04.567+0000] {processor.py:208} INFO - Processing /home/airflow/.local/lib/python3.12/site-packages/airflow/example_dags/example_short_circuit_decorator.py took 0.083 seconds
[2025-07-01T04:40:34.990+0000] {processor.py:186} INFO - Started process (PID=21692) to work on /home/airflow/.local/lib/python3.12/site-packages/airflow/example_dags/example_short_circuit_decorator.py
[2025-07-01T04:40:34.991+0000] {processor.py:914} INFO - Processing file /home/airflow/.local/lib/python3.12/site-packages/airflow/example_dags/example_short_circuit_decorator.py for tasks to queue
[2025-07-01T04:40:34.994+0000] {logging_mixin.py:190} INFO - [2025-07-01T04:40:34.994+0000] {dagbag.py:588} INFO - Filling up the DagBag from /home/airflow/.local/lib/python3.12/site-packages/airflow/example_dags/example_short_circuit_decorator.py
[2025-07-01T04:40:35.003+0000] {processor.py:925} INFO - DAG(s) 'example_short_circuit_decorator' retrieved from /home/airflow/.local/lib/python3.12/site-packages/airflow/example_dags/example_short_circuit_decorator.py
[2025-07-01T04:40:35.026+0000] {logging_mixin.py:190} INFO - [2025-07-01T04:40:35.026+0000] {dag.py:3239} INFO - Sync 1 DAGs
[2025-07-01T04:40:35.039+0000] {logging_mixin.py:190} INFO - [2025-07-01T04:40:35.039+0000] {dag.py:4180} INFO - Setting next_dagrun for example_short_circuit_decorator to None, run_after=None
[2025-07-01T04:40:35.056+0000] {processor.py:208} INFO - Processing /home/airflow/.local/lib/python3.12/site-packages/airflow/example_dags/example_short_circuit_decorator.py took 0.072 seconds
[2025-07-01T04:41:05.395+0000] {processor.py:186} INFO - Started process (PID=21754) to work on /home/airflow/.local/lib/python3.12/site-packages/airflow/example_dags/example_short_circuit_decorator.py
[2025-07-01T04:41:05.397+0000] {processor.py:914} INFO - Processing file /home/airflow/.local/lib/python3.12/site-packages/airflow/example_dags/example_short_circuit_decorator.py for tasks to queue
[2025-07-01T04:41:05.400+0000] {logging_mixin.py:190} INFO - [2025-07-01T04:41:05.400+0000] {dagbag.py:588} INFO - Filling up the DagBag from /home/airflow/.local/lib/python3.12/site-packages/airflow/example_dags/example_short_circuit_decorator.py
[2025-07-01T04:41:05.417+0000] {processor.py:925} INFO - DAG(s) 'example_short_circuit_decorator' retrieved from /home/airflow/.local/lib/python3.12/site-packages/airflow/example_dags/example_short_circuit_decorator.py
[2025-07-01T04:41:05.447+0000] {logging_mixin.py:190} INFO - [2025-07-01T04:41:05.447+0000] {dag.py:3239} INFO - Sync 1 DAGs
[2025-07-01T04:41:05.464+0000] {logging_mixin.py:190} INFO - [2025-07-01T04:41:05.464+0000] {dag.py:4180} INFO - Setting next_dagrun for example_short_circuit_decorator to None, run_after=None
[2025-07-01T04:41:05.485+0000] {processor.py:208} INFO - Processing /home/airflow/.local/lib/python3.12/site-packages/airflow/example_dags/example_short_circuit_decorator.py took 0.096 seconds
[2025-07-01T04:41:35.804+0000] {processor.py:186} INFO - Started process (PID=21816) to work on /home/airflow/.local/lib/python3.12/site-packages/airflow/example_dags/example_short_circuit_decorator.py
[2025-07-01T04:41:35.805+0000] {processor.py:914} INFO - Processing file /home/airflow/.local/lib/python3.12/site-packages/airflow/example_dags/example_short_circuit_decorator.py for tasks to queue
[2025-07-01T04:41:35.809+0000] {logging_mixin.py:190} INFO - [2025-07-01T04:41:35.808+0000] {dagbag.py:588} INFO - Filling up the DagBag from /home/airflow/.local/lib/python3.12/site-packages/airflow/example_dags/example_short_circuit_decorator.py
[2025-07-01T04:41:35.820+0000] {processor.py:925} INFO - DAG(s) 'example_short_circuit_decorator' retrieved from /home/airflow/.local/lib/python3.12/site-packages/airflow/example_dags/example_short_circuit_decorator.py
[2025-07-01T04:41:35.844+0000] {logging_mixin.py:190} INFO - [2025-07-01T04:41:35.844+0000] {dag.py:3239} INFO - Sync 1 DAGs
[2025-07-01T04:41:35.858+0000] {logging_mixin.py:190} INFO - [2025-07-01T04:41:35.858+0000] {dag.py:4180} INFO - Setting next_dagrun for example_short_circuit_decorator to None, run_after=None
[2025-07-01T04:41:35.876+0000] {processor.py:208} INFO - Processing /home/airflow/.local/lib/python3.12/site-packages/airflow/example_dags/example_short_circuit_decorator.py took 0.078 seconds
[2025-07-01T04:42:06.192+0000] {processor.py:186} INFO - Started process (PID=21878) to work on /home/airflow/.local/lib/python3.12/site-packages/airflow/example_dags/example_short_circuit_decorator.py
[2025-07-01T04:42:06.194+0000] {processor.py:914} INFO - Processing file /home/airflow/.local/lib/python3.12/site-packages/airflow/example_dags/example_short_circuit_decorator.py for tasks to queue
[2025-07-01T04:42:06.198+0000] {logging_mixin.py:190} INFO - [2025-07-01T04:42:06.197+0000] {dagbag.py:588} INFO - Filling up the DagBag from /home/airflow/.local/lib/python3.12/site-packages/airflow/example_dags/example_short_circuit_decorator.py
[2025-07-01T04:42:06.213+0000] {processor.py:925} INFO - DAG(s) 'example_short_circuit_decorator' retrieved from /home/airflow/.local/lib/python3.12/site-packages/airflow/example_dags/example_short_circuit_decorator.py
[2025-07-01T04:42:06.245+0000] {logging_mixin.py:190} INFO - [2025-07-01T04:42:06.245+0000] {dag.py:3239} INFO - Sync 1 DAGs
[2025-07-01T04:42:06.268+0000] {logging_mixin.py:190} INFO - [2025-07-01T04:42:06.268+0000] {dag.py:4180} INFO - Setting next_dagrun for example_short_circuit_decorator to None, run_after=None
[2025-07-01T04:42:06.294+0000] {processor.py:208} INFO - Processing /home/airflow/.local/lib/python3.12/site-packages/airflow/example_dags/example_short_circuit_decorator.py took 0.111 seconds
[2025-07-01T04:42:36.379+0000] {processor.py:186} INFO - Started process (PID=21940) to work on /home/airflow/.local/lib/python3.12/site-packages/airflow/example_dags/example_short_circuit_decorator.py
[2025-07-01T04:42:36.380+0000] {processor.py:914} INFO - Processing file /home/airflow/.local/lib/python3.12/site-packages/airflow/example_dags/example_short_circuit_decorator.py for tasks to queue
[2025-07-01T04:42:36.382+0000] {logging_mixin.py:190} INFO - [2025-07-01T04:42:36.382+0000] {dagbag.py:588} INFO - Filling up the DagBag from /home/airflow/.local/lib/python3.12/site-packages/airflow/example_dags/example_short_circuit_decorator.py
[2025-07-01T04:42:36.392+0000] {processor.py:925} INFO - DAG(s) 'example_short_circuit_decorator' retrieved from /home/airflow/.local/lib/python3.12/site-packages/airflow/example_dags/example_short_circuit_decorator.py
[2025-07-01T04:42:36.417+0000] {logging_mixin.py:190} INFO - [2025-07-01T04:42:36.417+0000] {dag.py:3239} INFO - Sync 1 DAGs
[2025-07-01T04:42:36.430+0000] {logging_mixin.py:190} INFO - [2025-07-01T04:42:36.430+0000] {dag.py:4180} INFO - Setting next_dagrun for example_short_circuit_decorator to None, run_after=None
[2025-07-01T04:42:36.447+0000] {processor.py:208} INFO - Processing /home/airflow/.local/lib/python3.12/site-packages/airflow/example_dags/example_short_circuit_decorator.py took 0.074 seconds
[2025-07-01T04:43:07.059+0000] {processor.py:186} INFO - Started process (PID=22002) to work on /home/airflow/.local/lib/python3.12/site-packages/airflow/example_dags/example_short_circuit_decorator.py
[2025-07-01T04:43:07.060+0000] {processor.py:914} INFO - Processing file /home/airflow/.local/lib/python3.12/site-packages/airflow/example_dags/example_short_circuit_decorator.py for tasks to queue
[2025-07-01T04:43:07.063+0000] {logging_mixin.py:190} INFO - [2025-07-01T04:43:07.062+0000] {dagbag.py:588} INFO - Filling up the DagBag from /home/airflow/.local/lib/python3.12/site-packages/airflow/example_dags/example_short_circuit_decorator.py
[2025-07-01T04:43:07.072+0000] {processor.py:925} INFO - DAG(s) 'example_short_circuit_decorator' retrieved from /home/airflow/.local/lib/python3.12/site-packages/airflow/example_dags/example_short_circuit_decorator.py
[2025-07-01T04:43:07.094+0000] {logging_mixin.py:190} INFO - [2025-07-01T04:43:07.094+0000] {dag.py:3239} INFO - Sync 1 DAGs
[2025-07-01T04:43:07.108+0000] {logging_mixin.py:190} INFO - [2025-07-01T04:43:07.108+0000] {dag.py:4180} INFO - Setting next_dagrun for example_short_circuit_decorator to None, run_after=None
[2025-07-01T04:43:07.125+0000] {processor.py:208} INFO - Processing /home/airflow/.local/lib/python3.12/site-packages/airflow/example_dags/example_short_circuit_decorator.py took 0.073 seconds
[2025-07-01T04:43:37.242+0000] {processor.py:186} INFO - Started process (PID=22064) to work on /home/airflow/.local/lib/python3.12/site-packages/airflow/example_dags/example_short_circuit_decorator.py
[2025-07-01T04:43:37.245+0000] {processor.py:914} INFO - Processing file /home/airflow/.local/lib/python3.12/site-packages/airflow/example_dags/example_short_circuit_decorator.py for tasks to queue
[2025-07-01T04:43:37.248+0000] {logging_mixin.py:190} INFO - [2025-07-01T04:43:37.247+0000] {dagbag.py:588} INFO - Filling up the DagBag from /home/airflow/.local/lib/python3.12/site-packages/airflow/example_dags/example_short_circuit_decorator.py
[2025-07-01T04:43:37.257+0000] {processor.py:925} INFO - DAG(s) 'example_short_circuit_decorator' retrieved from /home/airflow/.local/lib/python3.12/site-packages/airflow/example_dags/example_short_circuit_decorator.py
[2025-07-01T04:43:37.281+0000] {logging_mixin.py:190} INFO - [2025-07-01T04:43:37.281+0000] {dag.py:3239} INFO - Sync 1 DAGs
[2025-07-01T04:43:37.294+0000] {logging_mixin.py:190} INFO - [2025-07-01T04:43:37.294+0000] {dag.py:4180} INFO - Setting next_dagrun for example_short_circuit_decorator to None, run_after=None
[2025-07-01T04:43:37.311+0000] {processor.py:208} INFO - Processing /home/airflow/.local/lib/python3.12/site-packages/airflow/example_dags/example_short_circuit_decorator.py took 0.075 seconds
[2025-07-01T04:44:07.649+0000] {processor.py:186} INFO - Started process (PID=22126) to work on /home/airflow/.local/lib/python3.12/site-packages/airflow/example_dags/example_short_circuit_decorator.py
[2025-07-01T04:44:07.650+0000] {processor.py:914} INFO - Processing file /home/airflow/.local/lib/python3.12/site-packages/airflow/example_dags/example_short_circuit_decorator.py for tasks to queue
[2025-07-01T04:44:07.652+0000] {logging_mixin.py:190} INFO - [2025-07-01T04:44:07.652+0000] {dagbag.py:588} INFO - Filling up the DagBag from /home/airflow/.local/lib/python3.12/site-packages/airflow/example_dags/example_short_circuit_decorator.py
[2025-07-01T04:44:07.662+0000] {processor.py:925} INFO - DAG(s) 'example_short_circuit_decorator' retrieved from /home/airflow/.local/lib/python3.12/site-packages/airflow/example_dags/example_short_circuit_decorator.py
[2025-07-01T04:44:07.685+0000] {logging_mixin.py:190} INFO - [2025-07-01T04:44:07.685+0000] {dag.py:3239} INFO - Sync 1 DAGs
[2025-07-01T04:44:07.700+0000] {logging_mixin.py:190} INFO - [2025-07-01T04:44:07.700+0000] {dag.py:4180} INFO - Setting next_dagrun for example_short_circuit_decorator to None, run_after=None
[2025-07-01T04:44:07.718+0000] {processor.py:208} INFO - Processing /home/airflow/.local/lib/python3.12/site-packages/airflow/example_dags/example_short_circuit_decorator.py took 0.075 seconds
[2025-07-01T04:44:38.177+0000] {processor.py:186} INFO - Started process (PID=22188) to work on /home/airflow/.local/lib/python3.12/site-packages/airflow/example_dags/example_short_circuit_decorator.py
[2025-07-01T04:44:38.178+0000] {processor.py:914} INFO - Processing file /home/airflow/.local/lib/python3.12/site-packages/airflow/example_dags/example_short_circuit_decorator.py for tasks to queue
[2025-07-01T04:44:38.181+0000] {logging_mixin.py:190} INFO - [2025-07-01T04:44:38.181+0000] {dagbag.py:588} INFO - Filling up the DagBag from /home/airflow/.local/lib/python3.12/site-packages/airflow/example_dags/example_short_circuit_decorator.py
[2025-07-01T04:44:38.193+0000] {processor.py:925} INFO - DAG(s) 'example_short_circuit_decorator' retrieved from /home/airflow/.local/lib/python3.12/site-packages/airflow/example_dags/example_short_circuit_decorator.py
[2025-07-01T04:44:38.218+0000] {logging_mixin.py:190} INFO - [2025-07-01T04:44:38.218+0000] {dag.py:3239} INFO - Sync 1 DAGs
[2025-07-01T04:44:38.232+0000] {logging_mixin.py:190} INFO - [2025-07-01T04:44:38.232+0000] {dag.py:4180} INFO - Setting next_dagrun for example_short_circuit_decorator to None, run_after=None
[2025-07-01T04:44:38.254+0000] {processor.py:208} INFO - Processing /home/airflow/.local/lib/python3.12/site-packages/airflow/example_dags/example_short_circuit_decorator.py took 0.084 seconds
[2025-07-01T04:45:08.863+0000] {processor.py:186} INFO - Started process (PID=22250) to work on /home/airflow/.local/lib/python3.12/site-packages/airflow/example_dags/example_short_circuit_decorator.py
[2025-07-01T04:45:08.864+0000] {processor.py:914} INFO - Processing file /home/airflow/.local/lib/python3.12/site-packages/airflow/example_dags/example_short_circuit_decorator.py for tasks to queue
[2025-07-01T04:45:08.866+0000] {logging_mixin.py:190} INFO - [2025-07-01T04:45:08.866+0000] {dagbag.py:588} INFO - Filling up the DagBag from /home/airflow/.local/lib/python3.12/site-packages/airflow/example_dags/example_short_circuit_decorator.py
[2025-07-01T04:45:08.876+0000] {processor.py:925} INFO - DAG(s) 'example_short_circuit_decorator' retrieved from /home/airflow/.local/lib/python3.12/site-packages/airflow/example_dags/example_short_circuit_decorator.py
[2025-07-01T04:45:08.902+0000] {logging_mixin.py:190} INFO - [2025-07-01T04:45:08.901+0000] {dag.py:3239} INFO - Sync 1 DAGs
[2025-07-01T04:45:08.915+0000] {logging_mixin.py:190} INFO - [2025-07-01T04:45:08.915+0000] {dag.py:4180} INFO - Setting next_dagrun for example_short_circuit_decorator to None, run_after=None
[2025-07-01T04:45:08.933+0000] {processor.py:208} INFO - Processing /home/airflow/.local/lib/python3.12/site-packages/airflow/example_dags/example_short_circuit_decorator.py took 0.076 seconds
[2025-07-01T04:45:38.997+0000] {processor.py:186} INFO - Started process (PID=22312) to work on /home/airflow/.local/lib/python3.12/site-packages/airflow/example_dags/example_short_circuit_decorator.py
[2025-07-01T04:45:38.998+0000] {processor.py:914} INFO - Processing file /home/airflow/.local/lib/python3.12/site-packages/airflow/example_dags/example_short_circuit_decorator.py for tasks to queue
[2025-07-01T04:45:39.000+0000] {logging_mixin.py:190} INFO - [2025-07-01T04:45:39.000+0000] {dagbag.py:588} INFO - Filling up the DagBag from /home/airflow/.local/lib/python3.12/site-packages/airflow/example_dags/example_short_circuit_decorator.py
[2025-07-01T04:45:39.010+0000] {processor.py:925} INFO - DAG(s) 'example_short_circuit_decorator' retrieved from /home/airflow/.local/lib/python3.12/site-packages/airflow/example_dags/example_short_circuit_decorator.py
[2025-07-01T04:45:39.033+0000] {logging_mixin.py:190} INFO - [2025-07-01T04:45:39.033+0000] {dag.py:3239} INFO - Sync 1 DAGs
[2025-07-01T04:45:39.236+0000] {logging_mixin.py:190} INFO - [2025-07-01T04:45:39.235+0000] {dag.py:4180} INFO - Setting next_dagrun for example_short_circuit_decorator to None, run_after=None
[2025-07-01T04:45:39.258+0000] {processor.py:208} INFO - Processing /home/airflow/.local/lib/python3.12/site-packages/airflow/example_dags/example_short_circuit_decorator.py took 0.268 seconds
[2025-07-01T04:46:09.697+0000] {processor.py:186} INFO - Started process (PID=22376) to work on /home/airflow/.local/lib/python3.12/site-packages/airflow/example_dags/example_short_circuit_decorator.py
[2025-07-01T04:46:09.698+0000] {processor.py:914} INFO - Processing file /home/airflow/.local/lib/python3.12/site-packages/airflow/example_dags/example_short_circuit_decorator.py for tasks to queue
[2025-07-01T04:46:09.701+0000] {logging_mixin.py:190} INFO - [2025-07-01T04:46:09.701+0000] {dagbag.py:588} INFO - Filling up the DagBag from /home/airflow/.local/lib/python3.12/site-packages/airflow/example_dags/example_short_circuit_decorator.py
[2025-07-01T04:46:09.713+0000] {processor.py:925} INFO - DAG(s) 'example_short_circuit_decorator' retrieved from /home/airflow/.local/lib/python3.12/site-packages/airflow/example_dags/example_short_circuit_decorator.py
[2025-07-01T04:46:09.739+0000] {logging_mixin.py:190} INFO - [2025-07-01T04:46:09.739+0000] {dag.py:3239} INFO - Sync 1 DAGs
[2025-07-01T04:46:09.912+0000] {logging_mixin.py:190} INFO - [2025-07-01T04:46:09.912+0000] {dag.py:4180} INFO - Setting next_dagrun for example_short_circuit_decorator to None, run_after=None
[2025-07-01T04:46:09.930+0000] {processor.py:208} INFO - Processing /home/airflow/.local/lib/python3.12/site-packages/airflow/example_dags/example_short_circuit_decorator.py took 0.239 seconds
[2025-07-01T04:46:40.433+0000] {processor.py:186} INFO - Started process (PID=22435) to work on /home/airflow/.local/lib/python3.12/site-packages/airflow/example_dags/example_short_circuit_decorator.py
[2025-07-01T04:46:40.435+0000] {processor.py:914} INFO - Processing file /home/airflow/.local/lib/python3.12/site-packages/airflow/example_dags/example_short_circuit_decorator.py for tasks to queue
[2025-07-01T04:46:40.437+0000] {logging_mixin.py:190} INFO - [2025-07-01T04:46:40.437+0000] {dagbag.py:588} INFO - Filling up the DagBag from /home/airflow/.local/lib/python3.12/site-packages/airflow/example_dags/example_short_circuit_decorator.py
[2025-07-01T04:46:40.448+0000] {processor.py:925} INFO - DAG(s) 'example_short_circuit_decorator' retrieved from /home/airflow/.local/lib/python3.12/site-packages/airflow/example_dags/example_short_circuit_decorator.py
[2025-07-01T04:46:40.473+0000] {logging_mixin.py:190} INFO - [2025-07-01T04:46:40.473+0000] {dag.py:3239} INFO - Sync 1 DAGs
[2025-07-01T04:46:40.487+0000] {logging_mixin.py:190} INFO - [2025-07-01T04:46:40.487+0000] {dag.py:4180} INFO - Setting next_dagrun for example_short_circuit_decorator to None, run_after=None
[2025-07-01T04:46:40.506+0000] {processor.py:208} INFO - Processing /home/airflow/.local/lib/python3.12/site-packages/airflow/example_dags/example_short_circuit_decorator.py took 0.080 seconds
[2025-07-01T04:47:11.315+0000] {processor.py:186} INFO - Started process (PID=22497) to work on /home/airflow/.local/lib/python3.12/site-packages/airflow/example_dags/example_short_circuit_decorator.py
[2025-07-01T04:47:11.316+0000] {processor.py:914} INFO - Processing file /home/airflow/.local/lib/python3.12/site-packages/airflow/example_dags/example_short_circuit_decorator.py for tasks to queue
[2025-07-01T04:47:11.318+0000] {logging_mixin.py:190} INFO - [2025-07-01T04:47:11.318+0000] {dagbag.py:588} INFO - Filling up the DagBag from /home/airflow/.local/lib/python3.12/site-packages/airflow/example_dags/example_short_circuit_decorator.py
[2025-07-01T04:47:11.328+0000] {processor.py:925} INFO - DAG(s) 'example_short_circuit_decorator' retrieved from /home/airflow/.local/lib/python3.12/site-packages/airflow/example_dags/example_short_circuit_decorator.py
[2025-07-01T04:47:11.353+0000] {logging_mixin.py:190} INFO - [2025-07-01T04:47:11.353+0000] {dag.py:3239} INFO - Sync 1 DAGs
[2025-07-01T04:47:11.367+0000] {logging_mixin.py:190} INFO - [2025-07-01T04:47:11.366+0000] {dag.py:4180} INFO - Setting next_dagrun for example_short_circuit_decorator to None, run_after=None
[2025-07-01T04:47:11.384+0000] {processor.py:208} INFO - Processing /home/airflow/.local/lib/python3.12/site-packages/airflow/example_dags/example_short_circuit_decorator.py took 0.075 seconds
[2025-07-01T04:47:41.505+0000] {processor.py:186} INFO - Started process (PID=22559) to work on /home/airflow/.local/lib/python3.12/site-packages/airflow/example_dags/example_short_circuit_decorator.py
[2025-07-01T04:47:41.506+0000] {processor.py:914} INFO - Processing file /home/airflow/.local/lib/python3.12/site-packages/airflow/example_dags/example_short_circuit_decorator.py for tasks to queue
[2025-07-01T04:47:41.509+0000] {logging_mixin.py:190} INFO - [2025-07-01T04:47:41.508+0000] {dagbag.py:588} INFO - Filling up the DagBag from /home/airflow/.local/lib/python3.12/site-packages/airflow/example_dags/example_short_circuit_decorator.py
[2025-07-01T04:47:41.518+0000] {processor.py:925} INFO - DAG(s) 'example_short_circuit_decorator' retrieved from /home/airflow/.local/lib/python3.12/site-packages/airflow/example_dags/example_short_circuit_decorator.py
[2025-07-01T04:47:41.542+0000] {logging_mixin.py:190} INFO - [2025-07-01T04:47:41.542+0000] {dag.py:3239} INFO - Sync 1 DAGs
[2025-07-01T04:47:41.555+0000] {logging_mixin.py:190} INFO - [2025-07-01T04:47:41.555+0000] {dag.py:4180} INFO - Setting next_dagrun for example_short_circuit_decorator to None, run_after=None
[2025-07-01T04:47:41.582+0000] {processor.py:208} INFO - Processing /home/airflow/.local/lib/python3.12/site-packages/airflow/example_dags/example_short_circuit_decorator.py took 0.083 seconds
[2025-07-01T04:48:12.315+0000] {processor.py:186} INFO - Started process (PID=22621) to work on /home/airflow/.local/lib/python3.12/site-packages/airflow/example_dags/example_short_circuit_decorator.py
[2025-07-01T04:48:12.316+0000] {processor.py:914} INFO - Processing file /home/airflow/.local/lib/python3.12/site-packages/airflow/example_dags/example_short_circuit_decorator.py for tasks to queue
[2025-07-01T04:48:12.318+0000] {logging_mixin.py:190} INFO - [2025-07-01T04:48:12.318+0000] {dagbag.py:588} INFO - Filling up the DagBag from /home/airflow/.local/lib/python3.12/site-packages/airflow/example_dags/example_short_circuit_decorator.py
[2025-07-01T04:48:12.328+0000] {processor.py:925} INFO - DAG(s) 'example_short_circuit_decorator' retrieved from /home/airflow/.local/lib/python3.12/site-packages/airflow/example_dags/example_short_circuit_decorator.py
[2025-07-01T04:48:12.352+0000] {logging_mixin.py:190} INFO - [2025-07-01T04:48:12.352+0000] {dag.py:3239} INFO - Sync 1 DAGs
[2025-07-01T04:48:12.366+0000] {logging_mixin.py:190} INFO - [2025-07-01T04:48:12.366+0000] {dag.py:4180} INFO - Setting next_dagrun for example_short_circuit_decorator to None, run_after=None
[2025-07-01T04:48:12.393+0000] {processor.py:208} INFO - Processing /home/airflow/.local/lib/python3.12/site-packages/airflow/example_dags/example_short_circuit_decorator.py took 0.086 seconds
[2025-07-01T04:48:43.003+0000] {processor.py:186} INFO - Started process (PID=22683) to work on /home/airflow/.local/lib/python3.12/site-packages/airflow/example_dags/example_short_circuit_decorator.py
[2025-07-01T04:48:43.005+0000] {processor.py:914} INFO - Processing file /home/airflow/.local/lib/python3.12/site-packages/airflow/example_dags/example_short_circuit_decorator.py for tasks to queue
[2025-07-01T04:48:43.007+0000] {logging_mixin.py:190} INFO - [2025-07-01T04:48:43.007+0000] {dagbag.py:588} INFO - Filling up the DagBag from /home/airflow/.local/lib/python3.12/site-packages/airflow/example_dags/example_short_circuit_decorator.py
[2025-07-01T04:48:43.017+0000] {processor.py:925} INFO - DAG(s) 'example_short_circuit_decorator' retrieved from /home/airflow/.local/lib/python3.12/site-packages/airflow/example_dags/example_short_circuit_decorator.py
[2025-07-01T04:48:43.040+0000] {logging_mixin.py:190} INFO - [2025-07-01T04:48:43.039+0000] {dag.py:3239} INFO - Sync 1 DAGs
[2025-07-01T04:48:43.053+0000] {logging_mixin.py:190} INFO - [2025-07-01T04:48:43.052+0000] {dag.py:4180} INFO - Setting next_dagrun for example_short_circuit_decorator to None, run_after=None
[2025-07-01T04:48:43.070+0000] {processor.py:208} INFO - Processing /home/airflow/.local/lib/python3.12/site-packages/airflow/example_dags/example_short_circuit_decorator.py took 0.072 seconds
[2025-07-01T04:49:13.880+0000] {processor.py:186} INFO - Started process (PID=22745) to work on /home/airflow/.local/lib/python3.12/site-packages/airflow/example_dags/example_short_circuit_decorator.py
[2025-07-01T04:49:13.881+0000] {processor.py:914} INFO - Processing file /home/airflow/.local/lib/python3.12/site-packages/airflow/example_dags/example_short_circuit_decorator.py for tasks to queue
[2025-07-01T04:49:13.885+0000] {logging_mixin.py:190} INFO - [2025-07-01T04:49:13.884+0000] {dagbag.py:588} INFO - Filling up the DagBag from /home/airflow/.local/lib/python3.12/site-packages/airflow/example_dags/example_short_circuit_decorator.py
[2025-07-01T04:49:13.895+0000] {processor.py:925} INFO - DAG(s) 'example_short_circuit_decorator' retrieved from /home/airflow/.local/lib/python3.12/site-packages/airflow/example_dags/example_short_circuit_decorator.py
[2025-07-01T04:49:13.922+0000] {logging_mixin.py:190} INFO - [2025-07-01T04:49:13.922+0000] {dag.py:3239} INFO - Sync 1 DAGs
[2025-07-01T04:49:13.938+0000] {logging_mixin.py:190} INFO - [2025-07-01T04:49:13.938+0000] {dag.py:4180} INFO - Setting next_dagrun for example_short_circuit_decorator to None, run_after=None
[2025-07-01T04:49:13.955+0000] {processor.py:208} INFO - Processing /home/airflow/.local/lib/python3.12/site-packages/airflow/example_dags/example_short_circuit_decorator.py took 0.084 seconds
[2025-07-01T04:49:44.499+0000] {processor.py:186} INFO - Started process (PID=22807) to work on /home/airflow/.local/lib/python3.12/site-packages/airflow/example_dags/example_short_circuit_decorator.py
[2025-07-01T04:49:44.500+0000] {processor.py:914} INFO - Processing file /home/airflow/.local/lib/python3.12/site-packages/airflow/example_dags/example_short_circuit_decorator.py for tasks to queue
[2025-07-01T04:49:44.502+0000] {logging_mixin.py:190} INFO - [2025-07-01T04:49:44.502+0000] {dagbag.py:588} INFO - Filling up the DagBag from /home/airflow/.local/lib/python3.12/site-packages/airflow/example_dags/example_short_circuit_decorator.py
[2025-07-01T04:49:44.512+0000] {processor.py:925} INFO - DAG(s) 'example_short_circuit_decorator' retrieved from /home/airflow/.local/lib/python3.12/site-packages/airflow/example_dags/example_short_circuit_decorator.py
[2025-07-01T04:49:44.545+0000] {logging_mixin.py:190} INFO - [2025-07-01T04:49:44.544+0000] {dag.py:3239} INFO - Sync 1 DAGs
[2025-07-01T04:49:44.561+0000] {logging_mixin.py:190} INFO - [2025-07-01T04:49:44.560+0000] {dag.py:4180} INFO - Setting next_dagrun for example_short_circuit_decorator to None, run_after=None
[2025-07-01T04:49:44.581+0000] {processor.py:208} INFO - Processing /home/airflow/.local/lib/python3.12/site-packages/airflow/example_dags/example_short_circuit_decorator.py took 0.088 seconds
[2025-07-01T04:50:15.240+0000] {processor.py:186} INFO - Started process (PID=22869) to work on /home/airflow/.local/lib/python3.12/site-packages/airflow/example_dags/example_short_circuit_decorator.py
[2025-07-01T04:50:15.241+0000] {processor.py:914} INFO - Processing file /home/airflow/.local/lib/python3.12/site-packages/airflow/example_dags/example_short_circuit_decorator.py for tasks to queue
[2025-07-01T04:50:15.243+0000] {logging_mixin.py:190} INFO - [2025-07-01T04:50:15.243+0000] {dagbag.py:588} INFO - Filling up the DagBag from /home/airflow/.local/lib/python3.12/site-packages/airflow/example_dags/example_short_circuit_decorator.py
[2025-07-01T04:50:15.253+0000] {processor.py:925} INFO - DAG(s) 'example_short_circuit_decorator' retrieved from /home/airflow/.local/lib/python3.12/site-packages/airflow/example_dags/example_short_circuit_decorator.py
[2025-07-01T04:50:15.275+0000] {logging_mixin.py:190} INFO - [2025-07-01T04:50:15.275+0000] {dag.py:3239} INFO - Sync 1 DAGs
[2025-07-01T04:50:15.289+0000] {logging_mixin.py:190} INFO - [2025-07-01T04:50:15.289+0000] {dag.py:4180} INFO - Setting next_dagrun for example_short_circuit_decorator to None, run_after=None
[2025-07-01T04:50:15.306+0000] {processor.py:208} INFO - Processing /home/airflow/.local/lib/python3.12/site-packages/airflow/example_dags/example_short_circuit_decorator.py took 0.073 seconds
[2025-07-01T04:50:45.986+0000] {processor.py:186} INFO - Started process (PID=22931) to work on /home/airflow/.local/lib/python3.12/site-packages/airflow/example_dags/example_short_circuit_decorator.py
[2025-07-01T04:50:45.987+0000] {processor.py:914} INFO - Processing file /home/airflow/.local/lib/python3.12/site-packages/airflow/example_dags/example_short_circuit_decorator.py for tasks to queue
[2025-07-01T04:50:45.990+0000] {logging_mixin.py:190} INFO - [2025-07-01T04:50:45.990+0000] {dagbag.py:588} INFO - Filling up the DagBag from /home/airflow/.local/lib/python3.12/site-packages/airflow/example_dags/example_short_circuit_decorator.py
[2025-07-01T04:50:46.001+0000] {processor.py:925} INFO - DAG(s) 'example_short_circuit_decorator' retrieved from /home/airflow/.local/lib/python3.12/site-packages/airflow/example_dags/example_short_circuit_decorator.py
[2025-07-01T04:50:46.035+0000] {logging_mixin.py:190} INFO - [2025-07-01T04:50:46.035+0000] {dag.py:3239} INFO - Sync 1 DAGs
[2025-07-01T04:50:46.055+0000] {logging_mixin.py:190} INFO - [2025-07-01T04:50:46.055+0000] {dag.py:4180} INFO - Setting next_dagrun for example_short_circuit_decorator to None, run_after=None
[2025-07-01T04:50:46.077+0000] {processor.py:208} INFO - Processing /home/airflow/.local/lib/python3.12/site-packages/airflow/example_dags/example_short_circuit_decorator.py took 0.098 seconds
[2025-07-01T04:51:16.778+0000] {processor.py:186} INFO - Started process (PID=22993) to work on /home/airflow/.local/lib/python3.12/site-packages/airflow/example_dags/example_short_circuit_decorator.py
[2025-07-01T04:51:16.780+0000] {processor.py:914} INFO - Processing file /home/airflow/.local/lib/python3.12/site-packages/airflow/example_dags/example_short_circuit_decorator.py for tasks to queue
[2025-07-01T04:51:16.782+0000] {logging_mixin.py:190} INFO - [2025-07-01T04:51:16.782+0000] {dagbag.py:588} INFO - Filling up the DagBag from /home/airflow/.local/lib/python3.12/site-packages/airflow/example_dags/example_short_circuit_decorator.py
[2025-07-01T04:51:16.792+0000] {processor.py:925} INFO - DAG(s) 'example_short_circuit_decorator' retrieved from /home/airflow/.local/lib/python3.12/site-packages/airflow/example_dags/example_short_circuit_decorator.py
[2025-07-01T04:51:16.818+0000] {logging_mixin.py:190} INFO - [2025-07-01T04:51:16.818+0000] {dag.py:3239} INFO - Sync 1 DAGs
[2025-07-01T04:51:16.834+0000] {logging_mixin.py:190} INFO - [2025-07-01T04:51:16.834+0000] {dag.py:4180} INFO - Setting next_dagrun for example_short_circuit_decorator to None, run_after=None
[2025-07-01T04:51:16.854+0000] {processor.py:208} INFO - Processing /home/airflow/.local/lib/python3.12/site-packages/airflow/example_dags/example_short_circuit_decorator.py took 0.082 seconds
[2025-07-01T04:51:47.520+0000] {processor.py:186} INFO - Started process (PID=23055) to work on /home/airflow/.local/lib/python3.12/site-packages/airflow/example_dags/example_short_circuit_decorator.py
[2025-07-01T04:51:47.522+0000] {processor.py:914} INFO - Processing file /home/airflow/.local/lib/python3.12/site-packages/airflow/example_dags/example_short_circuit_decorator.py for tasks to queue
[2025-07-01T04:51:47.524+0000] {logging_mixin.py:190} INFO - [2025-07-01T04:51:47.524+0000] {dagbag.py:588} INFO - Filling up the DagBag from /home/airflow/.local/lib/python3.12/site-packages/airflow/example_dags/example_short_circuit_decorator.py
[2025-07-01T04:51:47.537+0000] {processor.py:925} INFO - DAG(s) 'example_short_circuit_decorator' retrieved from /home/airflow/.local/lib/python3.12/site-packages/airflow/example_dags/example_short_circuit_decorator.py
[2025-07-01T04:51:47.563+0000] {logging_mixin.py:190} INFO - [2025-07-01T04:51:47.563+0000] {dag.py:3239} INFO - Sync 1 DAGs
[2025-07-01T04:51:47.577+0000] {logging_mixin.py:190} INFO - [2025-07-01T04:51:47.577+0000] {dag.py:4180} INFO - Setting next_dagrun for example_short_circuit_decorator to None, run_after=None
[2025-07-01T04:51:47.596+0000] {processor.py:208} INFO - Processing /home/airflow/.local/lib/python3.12/site-packages/airflow/example_dags/example_short_circuit_decorator.py took 0.083 seconds
[2025-07-01T04:52:18.463+0000] {processor.py:186} INFO - Started process (PID=23117) to work on /home/airflow/.local/lib/python3.12/site-packages/airflow/example_dags/example_short_circuit_decorator.py
[2025-07-01T04:52:18.464+0000] {processor.py:914} INFO - Processing file /home/airflow/.local/lib/python3.12/site-packages/airflow/example_dags/example_short_circuit_decorator.py for tasks to queue
[2025-07-01T04:52:18.467+0000] {logging_mixin.py:190} INFO - [2025-07-01T04:52:18.467+0000] {dagbag.py:588} INFO - Filling up the DagBag from /home/airflow/.local/lib/python3.12/site-packages/airflow/example_dags/example_short_circuit_decorator.py
[2025-07-01T04:52:18.476+0000] {processor.py:925} INFO - DAG(s) 'example_short_circuit_decorator' retrieved from /home/airflow/.local/lib/python3.12/site-packages/airflow/example_dags/example_short_circuit_decorator.py
[2025-07-01T04:52:18.500+0000] {logging_mixin.py:190} INFO - [2025-07-01T04:52:18.500+0000] {dag.py:3239} INFO - Sync 1 DAGs
[2025-07-01T04:52:18.513+0000] {logging_mixin.py:190} INFO - [2025-07-01T04:52:18.513+0000] {dag.py:4180} INFO - Setting next_dagrun for example_short_circuit_decorator to None, run_after=None
[2025-07-01T04:52:18.530+0000] {processor.py:208} INFO - Processing /home/airflow/.local/lib/python3.12/site-packages/airflow/example_dags/example_short_circuit_decorator.py took 0.073 seconds
[2025-07-01T04:52:48.929+0000] {processor.py:186} INFO - Started process (PID=23179) to work on /home/airflow/.local/lib/python3.12/site-packages/airflow/example_dags/example_short_circuit_decorator.py
[2025-07-01T04:52:48.931+0000] {processor.py:914} INFO - Processing file /home/airflow/.local/lib/python3.12/site-packages/airflow/example_dags/example_short_circuit_decorator.py for tasks to queue
[2025-07-01T04:52:48.936+0000] {logging_mixin.py:190} INFO - [2025-07-01T04:52:48.936+0000] {dagbag.py:588} INFO - Filling up the DagBag from /home/airflow/.local/lib/python3.12/site-packages/airflow/example_dags/example_short_circuit_decorator.py
[2025-07-01T04:52:48.950+0000] {processor.py:925} INFO - DAG(s) 'example_short_circuit_decorator' retrieved from /home/airflow/.local/lib/python3.12/site-packages/airflow/example_dags/example_short_circuit_decorator.py
[2025-07-01T04:52:48.976+0000] {logging_mixin.py:190} INFO - [2025-07-01T04:52:48.976+0000] {dag.py:3239} INFO - Sync 1 DAGs
[2025-07-01T04:52:48.992+0000] {logging_mixin.py:190} INFO - [2025-07-01T04:52:48.992+0000] {dag.py:4180} INFO - Setting next_dagrun for example_short_circuit_decorator to None, run_after=None
[2025-07-01T04:52:49.011+0000] {processor.py:208} INFO - Processing /home/airflow/.local/lib/python3.12/site-packages/airflow/example_dags/example_short_circuit_decorator.py took 0.093 seconds
[2025-07-01T04:53:19.296+0000] {processor.py:186} INFO - Started process (PID=23241) to work on /home/airflow/.local/lib/python3.12/site-packages/airflow/example_dags/example_short_circuit_decorator.py
[2025-07-01T04:53:19.298+0000] {processor.py:914} INFO - Processing file /home/airflow/.local/lib/python3.12/site-packages/airflow/example_dags/example_short_circuit_decorator.py for tasks to queue
[2025-07-01T04:53:19.300+0000] {logging_mixin.py:190} INFO - [2025-07-01T04:53:19.300+0000] {dagbag.py:588} INFO - Filling up the DagBag from /home/airflow/.local/lib/python3.12/site-packages/airflow/example_dags/example_short_circuit_decorator.py
[2025-07-01T04:53:19.309+0000] {processor.py:925} INFO - DAG(s) 'example_short_circuit_decorator' retrieved from /home/airflow/.local/lib/python3.12/site-packages/airflow/example_dags/example_short_circuit_decorator.py
[2025-07-01T04:53:19.332+0000] {logging_mixin.py:190} INFO - [2025-07-01T04:53:19.331+0000] {dag.py:3239} INFO - Sync 1 DAGs
[2025-07-01T04:53:19.345+0000] {logging_mixin.py:190} INFO - [2025-07-01T04:53:19.344+0000] {dag.py:4180} INFO - Setting next_dagrun for example_short_circuit_decorator to None, run_after=None
[2025-07-01T04:53:19.373+0000] {processor.py:208} INFO - Processing /home/airflow/.local/lib/python3.12/site-packages/airflow/example_dags/example_short_circuit_decorator.py took 0.082 seconds
[2025-07-01T04:53:49.465+0000] {processor.py:186} INFO - Started process (PID=23303) to work on /home/airflow/.local/lib/python3.12/site-packages/airflow/example_dags/example_short_circuit_decorator.py
[2025-07-01T04:53:49.466+0000] {processor.py:914} INFO - Processing file /home/airflow/.local/lib/python3.12/site-packages/airflow/example_dags/example_short_circuit_decorator.py for tasks to queue
[2025-07-01T04:53:49.469+0000] {logging_mixin.py:190} INFO - [2025-07-01T04:53:49.469+0000] {dagbag.py:588} INFO - Filling up the DagBag from /home/airflow/.local/lib/python3.12/site-packages/airflow/example_dags/example_short_circuit_decorator.py
[2025-07-01T04:53:49.481+0000] {processor.py:925} INFO - DAG(s) 'example_short_circuit_decorator' retrieved from /home/airflow/.local/lib/python3.12/site-packages/airflow/example_dags/example_short_circuit_decorator.py
[2025-07-01T04:53:49.503+0000] {logging_mixin.py:190} INFO - [2025-07-01T04:53:49.503+0000] {dag.py:3239} INFO - Sync 1 DAGs
[2025-07-01T04:53:49.517+0000] {logging_mixin.py:190} INFO - [2025-07-01T04:53:49.517+0000] {dag.py:4180} INFO - Setting next_dagrun for example_short_circuit_decorator to None, run_after=None
[2025-07-01T04:53:49.534+0000] {processor.py:208} INFO - Processing /home/airflow/.local/lib/python3.12/site-packages/airflow/example_dags/example_short_circuit_decorator.py took 0.077 seconds
[2025-07-01T04:54:20.295+0000] {processor.py:186} INFO - Started process (PID=23365) to work on /home/airflow/.local/lib/python3.12/site-packages/airflow/example_dags/example_short_circuit_decorator.py
[2025-07-01T04:54:20.296+0000] {processor.py:914} INFO - Processing file /home/airflow/.local/lib/python3.12/site-packages/airflow/example_dags/example_short_circuit_decorator.py for tasks to queue
[2025-07-01T04:54:20.299+0000] {logging_mixin.py:190} INFO - [2025-07-01T04:54:20.298+0000] {dagbag.py:588} INFO - Filling up the DagBag from /home/airflow/.local/lib/python3.12/site-packages/airflow/example_dags/example_short_circuit_decorator.py
[2025-07-01T04:54:20.311+0000] {processor.py:925} INFO - DAG(s) 'example_short_circuit_decorator' retrieved from /home/airflow/.local/lib/python3.12/site-packages/airflow/example_dags/example_short_circuit_decorator.py
[2025-07-01T04:54:20.339+0000] {logging_mixin.py:190} INFO - [2025-07-01T04:54:20.339+0000] {dag.py:3239} INFO - Sync 1 DAGs
[2025-07-01T04:54:20.355+0000] {logging_mixin.py:190} INFO - [2025-07-01T04:54:20.354+0000] {dag.py:4180} INFO - Setting next_dagrun for example_short_circuit_decorator to None, run_after=None
[2025-07-01T04:54:20.373+0000] {processor.py:208} INFO - Processing /home/airflow/.local/lib/python3.12/site-packages/airflow/example_dags/example_short_circuit_decorator.py took 0.084 seconds
[2025-07-01T04:54:51.224+0000] {processor.py:186} INFO - Started process (PID=23428) to work on /home/airflow/.local/lib/python3.12/site-packages/airflow/example_dags/example_short_circuit_decorator.py
[2025-07-01T04:54:51.226+0000] {processor.py:914} INFO - Processing file /home/airflow/.local/lib/python3.12/site-packages/airflow/example_dags/example_short_circuit_decorator.py for tasks to queue
[2025-07-01T04:54:51.228+0000] {logging_mixin.py:190} INFO - [2025-07-01T04:54:51.228+0000] {dagbag.py:588} INFO - Filling up the DagBag from /home/airflow/.local/lib/python3.12/site-packages/airflow/example_dags/example_short_circuit_decorator.py
[2025-07-01T04:54:51.238+0000] {processor.py:925} INFO - DAG(s) 'example_short_circuit_decorator' retrieved from /home/airflow/.local/lib/python3.12/site-packages/airflow/example_dags/example_short_circuit_decorator.py
[2025-07-01T04:54:51.261+0000] {logging_mixin.py:190} INFO - [2025-07-01T04:54:51.261+0000] {dag.py:3239} INFO - Sync 1 DAGs
[2025-07-01T04:54:51.275+0000] {logging_mixin.py:190} INFO - [2025-07-01T04:54:51.274+0000] {dag.py:4180} INFO - Setting next_dagrun for example_short_circuit_decorator to None, run_after=None
[2025-07-01T04:54:51.292+0000] {processor.py:208} INFO - Processing /home/airflow/.local/lib/python3.12/site-packages/airflow/example_dags/example_short_circuit_decorator.py took 0.074 seconds
[2025-07-01T04:55:21.979+0000] {processor.py:186} INFO - Started process (PID=23490) to work on /home/airflow/.local/lib/python3.12/site-packages/airflow/example_dags/example_short_circuit_decorator.py
[2025-07-01T04:55:21.980+0000] {processor.py:914} INFO - Processing file /home/airflow/.local/lib/python3.12/site-packages/airflow/example_dags/example_short_circuit_decorator.py for tasks to queue
[2025-07-01T04:55:21.983+0000] {logging_mixin.py:190} INFO - [2025-07-01T04:55:21.982+0000] {dagbag.py:588} INFO - Filling up the DagBag from /home/airflow/.local/lib/python3.12/site-packages/airflow/example_dags/example_short_circuit_decorator.py
[2025-07-01T04:55:21.995+0000] {processor.py:925} INFO - DAG(s) 'example_short_circuit_decorator' retrieved from /home/airflow/.local/lib/python3.12/site-packages/airflow/example_dags/example_short_circuit_decorator.py
[2025-07-01T04:55:22.019+0000] {logging_mixin.py:190} INFO - [2025-07-01T04:55:22.018+0000] {dag.py:3239} INFO - Sync 1 DAGs
[2025-07-01T04:55:22.032+0000] {logging_mixin.py:190} INFO - [2025-07-01T04:55:22.031+0000] {dag.py:4180} INFO - Setting next_dagrun for example_short_circuit_decorator to None, run_after=None
[2025-07-01T04:55:22.049+0000] {processor.py:208} INFO - Processing /home/airflow/.local/lib/python3.12/site-packages/airflow/example_dags/example_short_circuit_decorator.py took 0.077 seconds
[2025-07-01T04:55:52.564+0000] {processor.py:186} INFO - Started process (PID=23552) to work on /home/airflow/.local/lib/python3.12/site-packages/airflow/example_dags/example_short_circuit_decorator.py
[2025-07-01T04:55:52.565+0000] {processor.py:914} INFO - Processing file /home/airflow/.local/lib/python3.12/site-packages/airflow/example_dags/example_short_circuit_decorator.py for tasks to queue
[2025-07-01T04:55:52.568+0000] {logging_mixin.py:190} INFO - [2025-07-01T04:55:52.567+0000] {dagbag.py:588} INFO - Filling up the DagBag from /home/airflow/.local/lib/python3.12/site-packages/airflow/example_dags/example_short_circuit_decorator.py
[2025-07-01T04:55:52.577+0000] {processor.py:925} INFO - DAG(s) 'example_short_circuit_decorator' retrieved from /home/airflow/.local/lib/python3.12/site-packages/airflow/example_dags/example_short_circuit_decorator.py
[2025-07-01T04:55:52.602+0000] {logging_mixin.py:190} INFO - [2025-07-01T04:55:52.601+0000] {dag.py:3239} INFO - Sync 1 DAGs
[2025-07-01T04:55:52.615+0000] {logging_mixin.py:190} INFO - [2025-07-01T04:55:52.615+0000] {dag.py:4180} INFO - Setting next_dagrun for example_short_circuit_decorator to None, run_after=None
[2025-07-01T04:55:52.632+0000] {processor.py:208} INFO - Processing /home/airflow/.local/lib/python3.12/site-packages/airflow/example_dags/example_short_circuit_decorator.py took 0.074 seconds
[2025-07-01T04:56:23.155+0000] {processor.py:186} INFO - Started process (PID=23614) to work on /home/airflow/.local/lib/python3.12/site-packages/airflow/example_dags/example_short_circuit_decorator.py
[2025-07-01T04:56:23.156+0000] {processor.py:914} INFO - Processing file /home/airflow/.local/lib/python3.12/site-packages/airflow/example_dags/example_short_circuit_decorator.py for tasks to queue
[2025-07-01T04:56:23.159+0000] {logging_mixin.py:190} INFO - [2025-07-01T04:56:23.159+0000] {dagbag.py:588} INFO - Filling up the DagBag from /home/airflow/.local/lib/python3.12/site-packages/airflow/example_dags/example_short_circuit_decorator.py
[2025-07-01T04:56:23.171+0000] {processor.py:925} INFO - DAG(s) 'example_short_circuit_decorator' retrieved from /home/airflow/.local/lib/python3.12/site-packages/airflow/example_dags/example_short_circuit_decorator.py
[2025-07-01T04:56:23.198+0000] {logging_mixin.py:190} INFO - [2025-07-01T04:56:23.198+0000] {dag.py:3239} INFO - Sync 1 DAGs
[2025-07-01T04:56:23.214+0000] {logging_mixin.py:190} INFO - [2025-07-01T04:56:23.214+0000] {dag.py:4180} INFO - Setting next_dagrun for example_short_circuit_decorator to None, run_after=None
[2025-07-01T04:56:23.233+0000] {processor.py:208} INFO - Processing /home/airflow/.local/lib/python3.12/site-packages/airflow/example_dags/example_short_circuit_decorator.py took 0.086 seconds
[2025-07-01T04:56:53.785+0000] {processor.py:186} INFO - Started process (PID=23676) to work on /home/airflow/.local/lib/python3.12/site-packages/airflow/example_dags/example_short_circuit_decorator.py
[2025-07-01T04:56:53.786+0000] {processor.py:914} INFO - Processing file /home/airflow/.local/lib/python3.12/site-packages/airflow/example_dags/example_short_circuit_decorator.py for tasks to queue
[2025-07-01T04:56:53.789+0000] {logging_mixin.py:190} INFO - [2025-07-01T04:56:53.788+0000] {dagbag.py:588} INFO - Filling up the DagBag from /home/airflow/.local/lib/python3.12/site-packages/airflow/example_dags/example_short_circuit_decorator.py
[2025-07-01T04:56:53.798+0000] {processor.py:925} INFO - DAG(s) 'example_short_circuit_decorator' retrieved from /home/airflow/.local/lib/python3.12/site-packages/airflow/example_dags/example_short_circuit_decorator.py
[2025-07-01T04:56:53.822+0000] {logging_mixin.py:190} INFO - [2025-07-01T04:56:53.822+0000] {dag.py:3239} INFO - Sync 1 DAGs
[2025-07-01T04:56:53.835+0000] {logging_mixin.py:190} INFO - [2025-07-01T04:56:53.835+0000] {dag.py:4180} INFO - Setting next_dagrun for example_short_circuit_decorator to None, run_after=None
[2025-07-01T04:56:53.863+0000] {processor.py:208} INFO - Processing /home/airflow/.local/lib/python3.12/site-packages/airflow/example_dags/example_short_circuit_decorator.py took 0.085 seconds
[2025-07-01T04:57:24.443+0000] {processor.py:186} INFO - Started process (PID=23738) to work on /home/airflow/.local/lib/python3.12/site-packages/airflow/example_dags/example_short_circuit_decorator.py
[2025-07-01T04:57:24.444+0000] {processor.py:914} INFO - Processing file /home/airflow/.local/lib/python3.12/site-packages/airflow/example_dags/example_short_circuit_decorator.py for tasks to queue
[2025-07-01T04:57:24.447+0000] {logging_mixin.py:190} INFO - [2025-07-01T04:57:24.446+0000] {dagbag.py:588} INFO - Filling up the DagBag from /home/airflow/.local/lib/python3.12/site-packages/airflow/example_dags/example_short_circuit_decorator.py
[2025-07-01T04:57:24.456+0000] {processor.py:925} INFO - DAG(s) 'example_short_circuit_decorator' retrieved from /home/airflow/.local/lib/python3.12/site-packages/airflow/example_dags/example_short_circuit_decorator.py
[2025-07-01T04:57:24.481+0000] {logging_mixin.py:190} INFO - [2025-07-01T04:57:24.480+0000] {dag.py:3239} INFO - Sync 1 DAGs
[2025-07-01T04:57:24.496+0000] {logging_mixin.py:190} INFO - [2025-07-01T04:57:24.495+0000] {dag.py:4180} INFO - Setting next_dagrun for example_short_circuit_decorator to None, run_after=None
[2025-07-01T04:57:24.513+0000] {processor.py:208} INFO - Processing /home/airflow/.local/lib/python3.12/site-packages/airflow/example_dags/example_short_circuit_decorator.py took 0.075 seconds
[2025-07-01T04:57:55.190+0000] {processor.py:186} INFO - Started process (PID=23800) to work on /home/airflow/.local/lib/python3.12/site-packages/airflow/example_dags/example_short_circuit_decorator.py
[2025-07-01T04:57:55.191+0000] {processor.py:914} INFO - Processing file /home/airflow/.local/lib/python3.12/site-packages/airflow/example_dags/example_short_circuit_decorator.py for tasks to queue
[2025-07-01T04:57:55.194+0000] {logging_mixin.py:190} INFO - [2025-07-01T04:57:55.193+0000] {dagbag.py:588} INFO - Filling up the DagBag from /home/airflow/.local/lib/python3.12/site-packages/airflow/example_dags/example_short_circuit_decorator.py
[2025-07-01T04:57:55.203+0000] {processor.py:925} INFO - DAG(s) 'example_short_circuit_decorator' retrieved from /home/airflow/.local/lib/python3.12/site-packages/airflow/example_dags/example_short_circuit_decorator.py
[2025-07-01T04:57:55.227+0000] {logging_mixin.py:190} INFO - [2025-07-01T04:57:55.227+0000] {dag.py:3239} INFO - Sync 1 DAGs
[2025-07-01T04:57:55.241+0000] {logging_mixin.py:190} INFO - [2025-07-01T04:57:55.240+0000] {dag.py:4180} INFO - Setting next_dagrun for example_short_circuit_decorator to None, run_after=None
[2025-07-01T04:57:55.257+0000] {processor.py:208} INFO - Processing /home/airflow/.local/lib/python3.12/site-packages/airflow/example_dags/example_short_circuit_decorator.py took 0.073 seconds
[2025-07-01T04:58:25.850+0000] {processor.py:186} INFO - Started process (PID=23862) to work on /home/airflow/.local/lib/python3.12/site-packages/airflow/example_dags/example_short_circuit_decorator.py
[2025-07-01T04:58:25.852+0000] {processor.py:914} INFO - Processing file /home/airflow/.local/lib/python3.12/site-packages/airflow/example_dags/example_short_circuit_decorator.py for tasks to queue
[2025-07-01T04:58:25.856+0000] {logging_mixin.py:190} INFO - [2025-07-01T04:58:25.856+0000] {dagbag.py:588} INFO - Filling up the DagBag from /home/airflow/.local/lib/python3.12/site-packages/airflow/example_dags/example_short_circuit_decorator.py
[2025-07-01T04:58:25.870+0000] {processor.py:925} INFO - DAG(s) 'example_short_circuit_decorator' retrieved from /home/airflow/.local/lib/python3.12/site-packages/airflow/example_dags/example_short_circuit_decorator.py
[2025-07-01T04:58:25.893+0000] {logging_mixin.py:190} INFO - [2025-07-01T04:58:25.893+0000] {dag.py:3239} INFO - Sync 1 DAGs
[2025-07-01T04:58:25.906+0000] {logging_mixin.py:190} INFO - [2025-07-01T04:58:25.906+0000] {dag.py:4180} INFO - Setting next_dagrun for example_short_circuit_decorator to None, run_after=None
[2025-07-01T04:58:25.924+0000] {processor.py:208} INFO - Processing /home/airflow/.local/lib/python3.12/site-packages/airflow/example_dags/example_short_circuit_decorator.py took 0.080 seconds
[2025-07-01T04:58:56.499+0000] {processor.py:186} INFO - Started process (PID=23924) to work on /home/airflow/.local/lib/python3.12/site-packages/airflow/example_dags/example_short_circuit_decorator.py
[2025-07-01T04:58:56.500+0000] {processor.py:914} INFO - Processing file /home/airflow/.local/lib/python3.12/site-packages/airflow/example_dags/example_short_circuit_decorator.py for tasks to queue
[2025-07-01T04:58:56.503+0000] {logging_mixin.py:190} INFO - [2025-07-01T04:58:56.502+0000] {dagbag.py:588} INFO - Filling up the DagBag from /home/airflow/.local/lib/python3.12/site-packages/airflow/example_dags/example_short_circuit_decorator.py
[2025-07-01T04:58:56.512+0000] {processor.py:925} INFO - DAG(s) 'example_short_circuit_decorator' retrieved from /home/airflow/.local/lib/python3.12/site-packages/airflow/example_dags/example_short_circuit_decorator.py
[2025-07-01T04:58:56.538+0000] {logging_mixin.py:190} INFO - [2025-07-01T04:58:56.538+0000] {dag.py:3239} INFO - Sync 1 DAGs
[2025-07-01T04:58:56.551+0000] {logging_mixin.py:190} INFO - [2025-07-01T04:58:56.551+0000] {dag.py:4180} INFO - Setting next_dagrun for example_short_circuit_decorator to None, run_after=None
[2025-07-01T04:58:56.575+0000] {processor.py:208} INFO - Processing /home/airflow/.local/lib/python3.12/site-packages/airflow/example_dags/example_short_circuit_decorator.py took 0.082 seconds
[2025-07-01T04:59:27.358+0000] {processor.py:186} INFO - Started process (PID=23986) to work on /home/airflow/.local/lib/python3.12/site-packages/airflow/example_dags/example_short_circuit_decorator.py
[2025-07-01T04:59:27.359+0000] {processor.py:914} INFO - Processing file /home/airflow/.local/lib/python3.12/site-packages/airflow/example_dags/example_short_circuit_decorator.py for tasks to queue
[2025-07-01T04:59:27.362+0000] {logging_mixin.py:190} INFO - [2025-07-01T04:59:27.362+0000] {dagbag.py:588} INFO - Filling up the DagBag from /home/airflow/.local/lib/python3.12/site-packages/airflow/example_dags/example_short_circuit_decorator.py
[2025-07-01T04:59:27.371+0000] {processor.py:925} INFO - DAG(s) 'example_short_circuit_decorator' retrieved from /home/airflow/.local/lib/python3.12/site-packages/airflow/example_dags/example_short_circuit_decorator.py
[2025-07-01T04:59:27.398+0000] {logging_mixin.py:190} INFO - [2025-07-01T04:59:27.398+0000] {dag.py:3239} INFO - Sync 1 DAGs
[2025-07-01T04:59:27.412+0000] {logging_mixin.py:190} INFO - [2025-07-01T04:59:27.411+0000] {dag.py:4180} INFO - Setting next_dagrun for example_short_circuit_decorator to None, run_after=None
[2025-07-01T04:59:27.430+0000] {processor.py:208} INFO - Processing /home/airflow/.local/lib/python3.12/site-packages/airflow/example_dags/example_short_circuit_decorator.py took 0.078 seconds
[2025-07-01T04:59:57.969+0000] {processor.py:186} INFO - Started process (PID=24048) to work on /home/airflow/.local/lib/python3.12/site-packages/airflow/example_dags/example_short_circuit_decorator.py
[2025-07-01T04:59:57.970+0000] {processor.py:914} INFO - Processing file /home/airflow/.local/lib/python3.12/site-packages/airflow/example_dags/example_short_circuit_decorator.py for tasks to queue
[2025-07-01T04:59:57.972+0000] {logging_mixin.py:190} INFO - [2025-07-01T04:59:57.972+0000] {dagbag.py:588} INFO - Filling up the DagBag from /home/airflow/.local/lib/python3.12/site-packages/airflow/example_dags/example_short_circuit_decorator.py
[2025-07-01T04:59:57.987+0000] {processor.py:925} INFO - DAG(s) 'example_short_circuit_decorator' retrieved from /home/airflow/.local/lib/python3.12/site-packages/airflow/example_dags/example_short_circuit_decorator.py
[2025-07-01T04:59:58.016+0000] {logging_mixin.py:190} INFO - [2025-07-01T04:59:58.016+0000] {dag.py:3239} INFO - Sync 1 DAGs
[2025-07-01T04:59:58.029+0000] {logging_mixin.py:190} INFO - [2025-07-01T04:59:58.029+0000] {dag.py:4180} INFO - Setting next_dagrun for example_short_circuit_decorator to None, run_after=None
[2025-07-01T04:59:58.053+0000] {processor.py:208} INFO - Processing /home/airflow/.local/lib/python3.12/site-packages/airflow/example_dags/example_short_circuit_decorator.py took 0.091 seconds
[2025-07-01T05:00:28.896+0000] {processor.py:186} INFO - Started process (PID=24116) to work on /home/airflow/.local/lib/python3.12/site-packages/airflow/example_dags/example_short_circuit_decorator.py
[2025-07-01T05:00:28.897+0000] {processor.py:914} INFO - Processing file /home/airflow/.local/lib/python3.12/site-packages/airflow/example_dags/example_short_circuit_decorator.py for tasks to queue
[2025-07-01T05:00:28.901+0000] {logging_mixin.py:190} INFO - [2025-07-01T05:00:28.900+0000] {dagbag.py:588} INFO - Filling up the DagBag from /home/airflow/.local/lib/python3.12/site-packages/airflow/example_dags/example_short_circuit_decorator.py
[2025-07-01T05:00:28.914+0000] {processor.py:925} INFO - DAG(s) 'example_short_circuit_decorator' retrieved from /home/airflow/.local/lib/python3.12/site-packages/airflow/example_dags/example_short_circuit_decorator.py
[2025-07-01T05:00:28.938+0000] {logging_mixin.py:190} INFO - [2025-07-01T05:00:28.938+0000] {dag.py:3239} INFO - Sync 1 DAGs
[2025-07-01T05:00:28.952+0000] {logging_mixin.py:190} INFO - [2025-07-01T05:00:28.952+0000] {dag.py:4180} INFO - Setting next_dagrun for example_short_circuit_decorator to None, run_after=None
[2025-07-01T05:00:28.970+0000] {processor.py:208} INFO - Processing /home/airflow/.local/lib/python3.12/site-packages/airflow/example_dags/example_short_circuit_decorator.py took 0.081 seconds
[2025-07-01T05:00:59.029+0000] {processor.py:186} INFO - Started process (PID=24178) to work on /home/airflow/.local/lib/python3.12/site-packages/airflow/example_dags/example_short_circuit_decorator.py
[2025-07-01T05:00:59.030+0000] {processor.py:914} INFO - Processing file /home/airflow/.local/lib/python3.12/site-packages/airflow/example_dags/example_short_circuit_decorator.py for tasks to queue
[2025-07-01T05:00:59.034+0000] {logging_mixin.py:190} INFO - [2025-07-01T05:00:59.033+0000] {dagbag.py:588} INFO - Filling up the DagBag from /home/airflow/.local/lib/python3.12/site-packages/airflow/example_dags/example_short_circuit_decorator.py
[2025-07-01T05:00:59.047+0000] {processor.py:925} INFO - DAG(s) 'example_short_circuit_decorator' retrieved from /home/airflow/.local/lib/python3.12/site-packages/airflow/example_dags/example_short_circuit_decorator.py
[2025-07-01T05:00:59.077+0000] {logging_mixin.py:190} INFO - [2025-07-01T05:00:59.077+0000] {dag.py:3239} INFO - Sync 1 DAGs
[2025-07-01T05:00:59.111+0000] {logging_mixin.py:190} INFO - [2025-07-01T05:00:59.111+0000] {dag.py:4180} INFO - Setting next_dagrun for example_short_circuit_decorator to None, run_after=None
[2025-07-01T05:00:59.147+0000] {processor.py:208} INFO - Processing /home/airflow/.local/lib/python3.12/site-packages/airflow/example_dags/example_short_circuit_decorator.py took 0.126 seconds
[2025-07-01T05:01:29.263+0000] {processor.py:186} INFO - Started process (PID=24240) to work on /home/airflow/.local/lib/python3.12/site-packages/airflow/example_dags/example_short_circuit_decorator.py
[2025-07-01T05:01:29.265+0000] {processor.py:914} INFO - Processing file /home/airflow/.local/lib/python3.12/site-packages/airflow/example_dags/example_short_circuit_decorator.py for tasks to queue
[2025-07-01T05:01:29.271+0000] {logging_mixin.py:190} INFO - [2025-07-01T05:01:29.270+0000] {dagbag.py:588} INFO - Filling up the DagBag from /home/airflow/.local/lib/python3.12/site-packages/airflow/example_dags/example_short_circuit_decorator.py
[2025-07-01T05:01:29.285+0000] {processor.py:925} INFO - DAG(s) 'example_short_circuit_decorator' retrieved from /home/airflow/.local/lib/python3.12/site-packages/airflow/example_dags/example_short_circuit_decorator.py
[2025-07-01T05:01:29.305+0000] {logging_mixin.py:190} INFO - [2025-07-01T05:01:29.304+0000] {dag.py:3239} INFO - Sync 1 DAGs
[2025-07-01T05:01:29.318+0000] {logging_mixin.py:190} INFO - [2025-07-01T05:01:29.318+0000] {dag.py:4180} INFO - Setting next_dagrun for example_short_circuit_decorator to None, run_after=None
[2025-07-01T05:01:29.334+0000] {processor.py:208} INFO - Processing /home/airflow/.local/lib/python3.12/site-packages/airflow/example_dags/example_short_circuit_decorator.py took 0.079 seconds
[2025-07-01T05:01:59.456+0000] {processor.py:186} INFO - Started process (PID=24302) to work on /home/airflow/.local/lib/python3.12/site-packages/airflow/example_dags/example_short_circuit_decorator.py
[2025-07-01T05:01:59.457+0000] {processor.py:914} INFO - Processing file /home/airflow/.local/lib/python3.12/site-packages/airflow/example_dags/example_short_circuit_decorator.py for tasks to queue
[2025-07-01T05:01:59.460+0000] {logging_mixin.py:190} INFO - [2025-07-01T05:01:59.459+0000] {dagbag.py:588} INFO - Filling up the DagBag from /home/airflow/.local/lib/python3.12/site-packages/airflow/example_dags/example_short_circuit_decorator.py
[2025-07-01T05:01:59.469+0000] {processor.py:925} INFO - DAG(s) 'example_short_circuit_decorator' retrieved from /home/airflow/.local/lib/python3.12/site-packages/airflow/example_dags/example_short_circuit_decorator.py
[2025-07-01T05:01:59.489+0000] {logging_mixin.py:190} INFO - [2025-07-01T05:01:59.489+0000] {dag.py:3239} INFO - Sync 1 DAGs
[2025-07-01T05:01:59.502+0000] {logging_mixin.py:190} INFO - [2025-07-01T05:01:59.502+0000] {dag.py:4180} INFO - Setting next_dagrun for example_short_circuit_decorator to None, run_after=None
[2025-07-01T05:01:59.519+0000] {processor.py:208} INFO - Processing /home/airflow/.local/lib/python3.12/site-packages/airflow/example_dags/example_short_circuit_decorator.py took 0.068 seconds
[2025-07-01T05:02:29.753+0000] {processor.py:186} INFO - Started process (PID=24364) to work on /home/airflow/.local/lib/python3.12/site-packages/airflow/example_dags/example_short_circuit_decorator.py
[2025-07-01T05:02:29.754+0000] {processor.py:914} INFO - Processing file /home/airflow/.local/lib/python3.12/site-packages/airflow/example_dags/example_short_circuit_decorator.py for tasks to queue
[2025-07-01T05:02:29.756+0000] {logging_mixin.py:190} INFO - [2025-07-01T05:02:29.756+0000] {dagbag.py:588} INFO - Filling up the DagBag from /home/airflow/.local/lib/python3.12/site-packages/airflow/example_dags/example_short_circuit_decorator.py
[2025-07-01T05:02:29.766+0000] {processor.py:925} INFO - DAG(s) 'example_short_circuit_decorator' retrieved from /home/airflow/.local/lib/python3.12/site-packages/airflow/example_dags/example_short_circuit_decorator.py
[2025-07-01T05:02:29.791+0000] {logging_mixin.py:190} INFO - [2025-07-01T05:02:29.791+0000] {dag.py:3239} INFO - Sync 1 DAGs
[2025-07-01T05:02:29.805+0000] {logging_mixin.py:190} INFO - [2025-07-01T05:02:29.805+0000] {dag.py:4180} INFO - Setting next_dagrun for example_short_circuit_decorator to None, run_after=None
[2025-07-01T05:02:29.823+0000] {processor.py:208} INFO - Processing /home/airflow/.local/lib/python3.12/site-packages/airflow/example_dags/example_short_circuit_decorator.py took 0.076 seconds
[2025-07-01T05:03:00.020+0000] {processor.py:186} INFO - Started process (PID=24426) to work on /home/airflow/.local/lib/python3.12/site-packages/airflow/example_dags/example_short_circuit_decorator.py
[2025-07-01T05:03:00.021+0000] {processor.py:914} INFO - Processing file /home/airflow/.local/lib/python3.12/site-packages/airflow/example_dags/example_short_circuit_decorator.py for tasks to queue
[2025-07-01T05:03:00.024+0000] {logging_mixin.py:190} INFO - [2025-07-01T05:03:00.024+0000] {dagbag.py:588} INFO - Filling up the DagBag from /home/airflow/.local/lib/python3.12/site-packages/airflow/example_dags/example_short_circuit_decorator.py
[2025-07-01T05:03:00.035+0000] {processor.py:925} INFO - DAG(s) 'example_short_circuit_decorator' retrieved from /home/airflow/.local/lib/python3.12/site-packages/airflow/example_dags/example_short_circuit_decorator.py
[2025-07-01T05:03:00.060+0000] {logging_mixin.py:190} INFO - [2025-07-01T05:03:00.060+0000] {dag.py:3239} INFO - Sync 1 DAGs
[2025-07-01T05:03:00.076+0000] {logging_mixin.py:190} INFO - [2025-07-01T05:03:00.076+0000] {dag.py:4180} INFO - Setting next_dagrun for example_short_circuit_decorator to None, run_after=None
[2025-07-01T05:03:00.097+0000] {processor.py:208} INFO - Processing /home/airflow/.local/lib/python3.12/site-packages/airflow/example_dags/example_short_circuit_decorator.py took 0.084 seconds
[2025-07-01T05:03:30.597+0000] {processor.py:186} INFO - Started process (PID=24488) to work on /home/airflow/.local/lib/python3.12/site-packages/airflow/example_dags/example_short_circuit_decorator.py
[2025-07-01T05:03:30.598+0000] {processor.py:914} INFO - Processing file /home/airflow/.local/lib/python3.12/site-packages/airflow/example_dags/example_short_circuit_decorator.py for tasks to queue
[2025-07-01T05:03:30.601+0000] {logging_mixin.py:190} INFO - [2025-07-01T05:03:30.601+0000] {dagbag.py:588} INFO - Filling up the DagBag from /home/airflow/.local/lib/python3.12/site-packages/airflow/example_dags/example_short_circuit_decorator.py
[2025-07-01T05:03:30.610+0000] {processor.py:925} INFO - DAG(s) 'example_short_circuit_decorator' retrieved from /home/airflow/.local/lib/python3.12/site-packages/airflow/example_dags/example_short_circuit_decorator.py
[2025-07-01T05:03:30.636+0000] {logging_mixin.py:190} INFO - [2025-07-01T05:03:30.636+0000] {dag.py:3239} INFO - Sync 1 DAGs
[2025-07-01T05:03:30.650+0000] {logging_mixin.py:190} INFO - [2025-07-01T05:03:30.650+0000] {dag.py:4180} INFO - Setting next_dagrun for example_short_circuit_decorator to None, run_after=None
[2025-07-01T05:03:30.672+0000] {processor.py:208} INFO - Processing /home/airflow/.local/lib/python3.12/site-packages/airflow/example_dags/example_short_circuit_decorator.py took 0.080 seconds
[2025-07-01T05:04:01.323+0000] {processor.py:186} INFO - Started process (PID=24550) to work on /home/airflow/.local/lib/python3.12/site-packages/airflow/example_dags/example_short_circuit_decorator.py
[2025-07-01T05:04:01.324+0000] {processor.py:914} INFO - Processing file /home/airflow/.local/lib/python3.12/site-packages/airflow/example_dags/example_short_circuit_decorator.py for tasks to queue
[2025-07-01T05:04:01.327+0000] {logging_mixin.py:190} INFO - [2025-07-01T05:04:01.327+0000] {dagbag.py:588} INFO - Filling up the DagBag from /home/airflow/.local/lib/python3.12/site-packages/airflow/example_dags/example_short_circuit_decorator.py
[2025-07-01T05:04:01.336+0000] {processor.py:925} INFO - DAG(s) 'example_short_circuit_decorator' retrieved from /home/airflow/.local/lib/python3.12/site-packages/airflow/example_dags/example_short_circuit_decorator.py
[2025-07-01T05:04:01.358+0000] {logging_mixin.py:190} INFO - [2025-07-01T05:04:01.358+0000] {dag.py:3239} INFO - Sync 1 DAGs
[2025-07-01T05:04:01.372+0000] {logging_mixin.py:190} INFO - [2025-07-01T05:04:01.371+0000] {dag.py:4180} INFO - Setting next_dagrun for example_short_circuit_decorator to None, run_after=None
[2025-07-01T05:04:01.390+0000] {processor.py:208} INFO - Processing /home/airflow/.local/lib/python3.12/site-packages/airflow/example_dags/example_short_circuit_decorator.py took 0.073 seconds
[2025-07-01T05:04:31.878+0000] {processor.py:186} INFO - Started process (PID=24612) to work on /home/airflow/.local/lib/python3.12/site-packages/airflow/example_dags/example_short_circuit_decorator.py
[2025-07-01T05:04:31.879+0000] {processor.py:914} INFO - Processing file /home/airflow/.local/lib/python3.12/site-packages/airflow/example_dags/example_short_circuit_decorator.py for tasks to queue
[2025-07-01T05:04:31.882+0000] {logging_mixin.py:190} INFO - [2025-07-01T05:04:31.881+0000] {dagbag.py:588} INFO - Filling up the DagBag from /home/airflow/.local/lib/python3.12/site-packages/airflow/example_dags/example_short_circuit_decorator.py
[2025-07-01T05:04:31.892+0000] {processor.py:925} INFO - DAG(s) 'example_short_circuit_decorator' retrieved from /home/airflow/.local/lib/python3.12/site-packages/airflow/example_dags/example_short_circuit_decorator.py
[2025-07-01T05:04:31.917+0000] {logging_mixin.py:190} INFO - [2025-07-01T05:04:31.917+0000] {dag.py:3239} INFO - Sync 1 DAGs
[2025-07-01T05:04:31.931+0000] {logging_mixin.py:190} INFO - [2025-07-01T05:04:31.931+0000] {dag.py:4180} INFO - Setting next_dagrun for example_short_circuit_decorator to None, run_after=None
[2025-07-01T05:04:31.949+0000] {processor.py:208} INFO - Processing /home/airflow/.local/lib/python3.12/site-packages/airflow/example_dags/example_short_circuit_decorator.py took 0.077 seconds
[2025-07-01T05:05:02.599+0000] {processor.py:186} INFO - Started process (PID=24674) to work on /home/airflow/.local/lib/python3.12/site-packages/airflow/example_dags/example_short_circuit_decorator.py
[2025-07-01T05:05:02.601+0000] {processor.py:914} INFO - Processing file /home/airflow/.local/lib/python3.12/site-packages/airflow/example_dags/example_short_circuit_decorator.py for tasks to queue
[2025-07-01T05:05:02.603+0000] {logging_mixin.py:190} INFO - [2025-07-01T05:05:02.603+0000] {dagbag.py:588} INFO - Filling up the DagBag from /home/airflow/.local/lib/python3.12/site-packages/airflow/example_dags/example_short_circuit_decorator.py
[2025-07-01T05:05:02.614+0000] {processor.py:925} INFO - DAG(s) 'example_short_circuit_decorator' retrieved from /home/airflow/.local/lib/python3.12/site-packages/airflow/example_dags/example_short_circuit_decorator.py
[2025-07-01T05:05:02.639+0000] {logging_mixin.py:190} INFO - [2025-07-01T05:05:02.639+0000] {dag.py:3239} INFO - Sync 1 DAGs
[2025-07-01T05:05:02.654+0000] {logging_mixin.py:190} INFO - [2025-07-01T05:05:02.654+0000] {dag.py:4180} INFO - Setting next_dagrun for example_short_circuit_decorator to None, run_after=None
[2025-07-01T05:05:02.675+0000] {processor.py:208} INFO - Processing /home/airflow/.local/lib/python3.12/site-packages/airflow/example_dags/example_short_circuit_decorator.py took 0.083 seconds
[2025-07-01T05:05:33.311+0000] {processor.py:186} INFO - Started process (PID=24736) to work on /home/airflow/.local/lib/python3.12/site-packages/airflow/example_dags/example_short_circuit_decorator.py
[2025-07-01T05:05:33.313+0000] {processor.py:914} INFO - Processing file /home/airflow/.local/lib/python3.12/site-packages/airflow/example_dags/example_short_circuit_decorator.py for tasks to queue
[2025-07-01T05:05:33.316+0000] {logging_mixin.py:190} INFO - [2025-07-01T05:05:33.315+0000] {dagbag.py:588} INFO - Filling up the DagBag from /home/airflow/.local/lib/python3.12/site-packages/airflow/example_dags/example_short_circuit_decorator.py
[2025-07-01T05:05:33.329+0000] {processor.py:925} INFO - DAG(s) 'example_short_circuit_decorator' retrieved from /home/airflow/.local/lib/python3.12/site-packages/airflow/example_dags/example_short_circuit_decorator.py
[2025-07-01T05:05:33.352+0000] {logging_mixin.py:190} INFO - [2025-07-01T05:05:33.352+0000] {dag.py:3239} INFO - Sync 1 DAGs
[2025-07-01T05:05:33.366+0000] {logging_mixin.py:190} INFO - [2025-07-01T05:05:33.365+0000] {dag.py:4180} INFO - Setting next_dagrun for example_short_circuit_decorator to None, run_after=None
[2025-07-01T05:05:33.382+0000] {processor.py:208} INFO - Processing /home/airflow/.local/lib/python3.12/site-packages/airflow/example_dags/example_short_circuit_decorator.py took 0.078 seconds
[2025-07-01T05:06:04.177+0000] {processor.py:186} INFO - Started process (PID=24798) to work on /home/airflow/.local/lib/python3.12/site-packages/airflow/example_dags/example_short_circuit_decorator.py
[2025-07-01T05:06:04.178+0000] {processor.py:914} INFO - Processing file /home/airflow/.local/lib/python3.12/site-packages/airflow/example_dags/example_short_circuit_decorator.py for tasks to queue
[2025-07-01T05:06:04.181+0000] {logging_mixin.py:190} INFO - [2025-07-01T05:06:04.181+0000] {dagbag.py:588} INFO - Filling up the DagBag from /home/airflow/.local/lib/python3.12/site-packages/airflow/example_dags/example_short_circuit_decorator.py
[2025-07-01T05:06:04.196+0000] {processor.py:925} INFO - DAG(s) 'example_short_circuit_decorator' retrieved from /home/airflow/.local/lib/python3.12/site-packages/airflow/example_dags/example_short_circuit_decorator.py
[2025-07-01T05:06:04.228+0000] {logging_mixin.py:190} INFO - [2025-07-01T05:06:04.227+0000] {dag.py:3239} INFO - Sync 1 DAGs
[2025-07-01T05:06:04.244+0000] {logging_mixin.py:190} INFO - [2025-07-01T05:06:04.244+0000] {dag.py:4180} INFO - Setting next_dagrun for example_short_circuit_decorator to None, run_after=None
[2025-07-01T05:06:04.276+0000] {processor.py:208} INFO - Processing /home/airflow/.local/lib/python3.12/site-packages/airflow/example_dags/example_short_circuit_decorator.py took 0.109 seconds
[2025-07-01T05:06:34.964+0000] {processor.py:186} INFO - Started process (PID=24860) to work on /home/airflow/.local/lib/python3.12/site-packages/airflow/example_dags/example_short_circuit_decorator.py
[2025-07-01T05:06:34.965+0000] {processor.py:914} INFO - Processing file /home/airflow/.local/lib/python3.12/site-packages/airflow/example_dags/example_short_circuit_decorator.py for tasks to queue
[2025-07-01T05:06:34.967+0000] {logging_mixin.py:190} INFO - [2025-07-01T05:06:34.967+0000] {dagbag.py:588} INFO - Filling up the DagBag from /home/airflow/.local/lib/python3.12/site-packages/airflow/example_dags/example_short_circuit_decorator.py
[2025-07-01T05:06:34.977+0000] {processor.py:925} INFO - DAG(s) 'example_short_circuit_decorator' retrieved from /home/airflow/.local/lib/python3.12/site-packages/airflow/example_dags/example_short_circuit_decorator.py
[2025-07-01T05:06:35.001+0000] {logging_mixin.py:190} INFO - [2025-07-01T05:06:35.001+0000] {dag.py:3239} INFO - Sync 1 DAGs
[2025-07-01T05:06:35.015+0000] {logging_mixin.py:190} INFO - [2025-07-01T05:06:35.015+0000] {dag.py:4180} INFO - Setting next_dagrun for example_short_circuit_decorator to None, run_after=None
[2025-07-01T05:06:35.041+0000] {processor.py:208} INFO - Processing /home/airflow/.local/lib/python3.12/site-packages/airflow/example_dags/example_short_circuit_decorator.py took 0.083 seconds
[2025-07-01T05:07:05.709+0000] {processor.py:186} INFO - Started process (PID=24922) to work on /home/airflow/.local/lib/python3.12/site-packages/airflow/example_dags/example_short_circuit_decorator.py
[2025-07-01T05:07:05.710+0000] {processor.py:914} INFO - Processing file /home/airflow/.local/lib/python3.12/site-packages/airflow/example_dags/example_short_circuit_decorator.py for tasks to queue
[2025-07-01T05:07:05.714+0000] {logging_mixin.py:190} INFO - [2025-07-01T05:07:05.713+0000] {dagbag.py:588} INFO - Filling up the DagBag from /home/airflow/.local/lib/python3.12/site-packages/airflow/example_dags/example_short_circuit_decorator.py
[2025-07-01T05:07:05.726+0000] {processor.py:925} INFO - DAG(s) 'example_short_circuit_decorator' retrieved from /home/airflow/.local/lib/python3.12/site-packages/airflow/example_dags/example_short_circuit_decorator.py
[2025-07-01T05:07:05.753+0000] {logging_mixin.py:190} INFO - [2025-07-01T05:07:05.753+0000] {dag.py:3239} INFO - Sync 1 DAGs
[2025-07-01T05:07:05.769+0000] {logging_mixin.py:190} INFO - [2025-07-01T05:07:05.769+0000] {dag.py:4180} INFO - Setting next_dagrun for example_short_circuit_decorator to None, run_after=None
[2025-07-01T05:07:05.788+0000] {processor.py:208} INFO - Processing /home/airflow/.local/lib/python3.12/site-packages/airflow/example_dags/example_short_circuit_decorator.py took 0.085 seconds
[2025-07-01T05:07:36.348+0000] {processor.py:186} INFO - Started process (PID=24984) to work on /home/airflow/.local/lib/python3.12/site-packages/airflow/example_dags/example_short_circuit_decorator.py
[2025-07-01T05:07:36.349+0000] {processor.py:914} INFO - Processing file /home/airflow/.local/lib/python3.12/site-packages/airflow/example_dags/example_short_circuit_decorator.py for tasks to queue
[2025-07-01T05:07:36.352+0000] {logging_mixin.py:190} INFO - [2025-07-01T05:07:36.351+0000] {dagbag.py:588} INFO - Filling up the DagBag from /home/airflow/.local/lib/python3.12/site-packages/airflow/example_dags/example_short_circuit_decorator.py
[2025-07-01T05:07:36.361+0000] {processor.py:925} INFO - DAG(s) 'example_short_circuit_decorator' retrieved from /home/airflow/.local/lib/python3.12/site-packages/airflow/example_dags/example_short_circuit_decorator.py
[2025-07-01T05:07:36.386+0000] {logging_mixin.py:190} INFO - [2025-07-01T05:07:36.386+0000] {dag.py:3239} INFO - Sync 1 DAGs
[2025-07-01T05:07:36.401+0000] {logging_mixin.py:190} INFO - [2025-07-01T05:07:36.400+0000] {dag.py:4180} INFO - Setting next_dagrun for example_short_circuit_decorator to None, run_after=None
[2025-07-01T05:07:36.423+0000] {processor.py:208} INFO - Processing /home/airflow/.local/lib/python3.12/site-packages/airflow/example_dags/example_short_circuit_decorator.py took 0.081 seconds
[2025-07-01T05:08:07.351+0000] {processor.py:186} INFO - Started process (PID=25046) to work on /home/airflow/.local/lib/python3.12/site-packages/airflow/example_dags/example_short_circuit_decorator.py
[2025-07-01T05:08:07.353+0000] {processor.py:914} INFO - Processing file /home/airflow/.local/lib/python3.12/site-packages/airflow/example_dags/example_short_circuit_decorator.py for tasks to queue
[2025-07-01T05:08:07.355+0000] {logging_mixin.py:190} INFO - [2025-07-01T05:08:07.355+0000] {dagbag.py:588} INFO - Filling up the DagBag from /home/airflow/.local/lib/python3.12/site-packages/airflow/example_dags/example_short_circuit_decorator.py
[2025-07-01T05:08:07.367+0000] {processor.py:925} INFO - DAG(s) 'example_short_circuit_decorator' retrieved from /home/airflow/.local/lib/python3.12/site-packages/airflow/example_dags/example_short_circuit_decorator.py
[2025-07-01T05:08:07.396+0000] {logging_mixin.py:190} INFO - [2025-07-01T05:08:07.396+0000] {dag.py:3239} INFO - Sync 1 DAGs
[2025-07-01T05:08:07.418+0000] {logging_mixin.py:190} INFO - [2025-07-01T05:08:07.417+0000] {dag.py:4180} INFO - Setting next_dagrun for example_short_circuit_decorator to None, run_after=None
[2025-07-01T05:08:07.464+0000] {processor.py:208} INFO - Processing /home/airflow/.local/lib/python3.12/site-packages/airflow/example_dags/example_short_circuit_decorator.py took 0.119 seconds
[2025-07-01T05:08:37.659+0000] {processor.py:186} INFO - Started process (PID=25108) to work on /home/airflow/.local/lib/python3.12/site-packages/airflow/example_dags/example_short_circuit_decorator.py
[2025-07-01T05:08:37.660+0000] {processor.py:914} INFO - Processing file /home/airflow/.local/lib/python3.12/site-packages/airflow/example_dags/example_short_circuit_decorator.py for tasks to queue
[2025-07-01T05:08:37.663+0000] {logging_mixin.py:190} INFO - [2025-07-01T05:08:37.662+0000] {dagbag.py:588} INFO - Filling up the DagBag from /home/airflow/.local/lib/python3.12/site-packages/airflow/example_dags/example_short_circuit_decorator.py
[2025-07-01T05:08:37.672+0000] {processor.py:925} INFO - DAG(s) 'example_short_circuit_decorator' retrieved from /home/airflow/.local/lib/python3.12/site-packages/airflow/example_dags/example_short_circuit_decorator.py
[2025-07-01T05:08:37.695+0000] {logging_mixin.py:190} INFO - [2025-07-01T05:08:37.695+0000] {dag.py:3239} INFO - Sync 1 DAGs
[2025-07-01T05:08:37.708+0000] {logging_mixin.py:190} INFO - [2025-07-01T05:08:37.708+0000] {dag.py:4180} INFO - Setting next_dagrun for example_short_circuit_decorator to None, run_after=None
[2025-07-01T05:08:37.727+0000] {processor.py:208} INFO - Processing /home/airflow/.local/lib/python3.12/site-packages/airflow/example_dags/example_short_circuit_decorator.py took 0.074 seconds
[2025-07-01T05:09:07.829+0000] {processor.py:186} INFO - Started process (PID=25170) to work on /home/airflow/.local/lib/python3.12/site-packages/airflow/example_dags/example_short_circuit_decorator.py
[2025-07-01T05:09:07.830+0000] {processor.py:914} INFO - Processing file /home/airflow/.local/lib/python3.12/site-packages/airflow/example_dags/example_short_circuit_decorator.py for tasks to queue
[2025-07-01T05:09:07.833+0000] {logging_mixin.py:190} INFO - [2025-07-01T05:09:07.832+0000] {dagbag.py:588} INFO - Filling up the DagBag from /home/airflow/.local/lib/python3.12/site-packages/airflow/example_dags/example_short_circuit_decorator.py
[2025-07-01T05:09:07.845+0000] {processor.py:925} INFO - DAG(s) 'example_short_circuit_decorator' retrieved from /home/airflow/.local/lib/python3.12/site-packages/airflow/example_dags/example_short_circuit_decorator.py
[2025-07-01T05:09:07.874+0000] {logging_mixin.py:190} INFO - [2025-07-01T05:09:07.873+0000] {dag.py:3239} INFO - Sync 1 DAGs
[2025-07-01T05:09:07.889+0000] {logging_mixin.py:190} INFO - [2025-07-01T05:09:07.889+0000] {dag.py:4180} INFO - Setting next_dagrun for example_short_circuit_decorator to None, run_after=None
[2025-07-01T05:09:07.909+0000] {processor.py:208} INFO - Processing /home/airflow/.local/lib/python3.12/site-packages/airflow/example_dags/example_short_circuit_decorator.py took 0.085 seconds
[2025-07-01T05:09:38.632+0000] {processor.py:186} INFO - Started process (PID=25232) to work on /home/airflow/.local/lib/python3.12/site-packages/airflow/example_dags/example_short_circuit_decorator.py
[2025-07-01T05:09:38.634+0000] {processor.py:914} INFO - Processing file /home/airflow/.local/lib/python3.12/site-packages/airflow/example_dags/example_short_circuit_decorator.py for tasks to queue
[2025-07-01T05:09:38.636+0000] {logging_mixin.py:190} INFO - [2025-07-01T05:09:38.636+0000] {dagbag.py:588} INFO - Filling up the DagBag from /home/airflow/.local/lib/python3.12/site-packages/airflow/example_dags/example_short_circuit_decorator.py
[2025-07-01T05:09:38.646+0000] {processor.py:925} INFO - DAG(s) 'example_short_circuit_decorator' retrieved from /home/airflow/.local/lib/python3.12/site-packages/airflow/example_dags/example_short_circuit_decorator.py
[2025-07-01T05:09:38.672+0000] {logging_mixin.py:190} INFO - [2025-07-01T05:09:38.672+0000] {dag.py:3239} INFO - Sync 1 DAGs
[2025-07-01T05:09:38.685+0000] {logging_mixin.py:190} INFO - [2025-07-01T05:09:38.685+0000] {dag.py:4180} INFO - Setting next_dagrun for example_short_circuit_decorator to None, run_after=None
[2025-07-01T05:09:38.703+0000] {processor.py:208} INFO - Processing /home/airflow/.local/lib/python3.12/site-packages/airflow/example_dags/example_short_circuit_decorator.py took 0.077 seconds
[2025-07-01T05:10:09.377+0000] {processor.py:186} INFO - Started process (PID=25294) to work on /home/airflow/.local/lib/python3.12/site-packages/airflow/example_dags/example_short_circuit_decorator.py
[2025-07-01T05:10:09.379+0000] {processor.py:914} INFO - Processing file /home/airflow/.local/lib/python3.12/site-packages/airflow/example_dags/example_short_circuit_decorator.py for tasks to queue
[2025-07-01T05:10:09.381+0000] {logging_mixin.py:190} INFO - [2025-07-01T05:10:09.381+0000] {dagbag.py:588} INFO - Filling up the DagBag from /home/airflow/.local/lib/python3.12/site-packages/airflow/example_dags/example_short_circuit_decorator.py
[2025-07-01T05:10:09.391+0000] {processor.py:925} INFO - DAG(s) 'example_short_circuit_decorator' retrieved from /home/airflow/.local/lib/python3.12/site-packages/airflow/example_dags/example_short_circuit_decorator.py
[2025-07-01T05:10:09.415+0000] {logging_mixin.py:190} INFO - [2025-07-01T05:10:09.414+0000] {dag.py:3239} INFO - Sync 1 DAGs
[2025-07-01T05:10:09.428+0000] {logging_mixin.py:190} INFO - [2025-07-01T05:10:09.428+0000] {dag.py:4180} INFO - Setting next_dagrun for example_short_circuit_decorator to None, run_after=None
[2025-07-01T05:10:09.445+0000] {processor.py:208} INFO - Processing /home/airflow/.local/lib/python3.12/site-packages/airflow/example_dags/example_short_circuit_decorator.py took 0.074 seconds
[2025-07-01T05:10:40.184+0000] {processor.py:186} INFO - Started process (PID=25356) to work on /home/airflow/.local/lib/python3.12/site-packages/airflow/example_dags/example_short_circuit_decorator.py
[2025-07-01T05:10:40.185+0000] {processor.py:914} INFO - Processing file /home/airflow/.local/lib/python3.12/site-packages/airflow/example_dags/example_short_circuit_decorator.py for tasks to queue
[2025-07-01T05:10:40.188+0000] {logging_mixin.py:190} INFO - [2025-07-01T05:10:40.188+0000] {dagbag.py:588} INFO - Filling up the DagBag from /home/airflow/.local/lib/python3.12/site-packages/airflow/example_dags/example_short_circuit_decorator.py
[2025-07-01T05:10:40.199+0000] {processor.py:925} INFO - DAG(s) 'example_short_circuit_decorator' retrieved from /home/airflow/.local/lib/python3.12/site-packages/airflow/example_dags/example_short_circuit_decorator.py
[2025-07-01T05:10:40.225+0000] {logging_mixin.py:190} INFO - [2025-07-01T05:10:40.225+0000] {dag.py:3239} INFO - Sync 1 DAGs
[2025-07-01T05:10:40.239+0000] {logging_mixin.py:190} INFO - [2025-07-01T05:10:40.238+0000] {dag.py:4180} INFO - Setting next_dagrun for example_short_circuit_decorator to None, run_after=None
[2025-07-01T05:10:40.259+0000] {processor.py:208} INFO - Processing /home/airflow/.local/lib/python3.12/site-packages/airflow/example_dags/example_short_circuit_decorator.py took 0.082 seconds
[2025-07-01T05:11:11.011+0000] {processor.py:186} INFO - Started process (PID=25418) to work on /home/airflow/.local/lib/python3.12/site-packages/airflow/example_dags/example_short_circuit_decorator.py
[2025-07-01T05:11:11.012+0000] {processor.py:914} INFO - Processing file /home/airflow/.local/lib/python3.12/site-packages/airflow/example_dags/example_short_circuit_decorator.py for tasks to queue
[2025-07-01T05:11:11.015+0000] {logging_mixin.py:190} INFO - [2025-07-01T05:11:11.014+0000] {dagbag.py:588} INFO - Filling up the DagBag from /home/airflow/.local/lib/python3.12/site-packages/airflow/example_dags/example_short_circuit_decorator.py
[2025-07-01T05:11:11.024+0000] {processor.py:925} INFO - DAG(s) 'example_short_circuit_decorator' retrieved from /home/airflow/.local/lib/python3.12/site-packages/airflow/example_dags/example_short_circuit_decorator.py
[2025-07-01T05:11:11.048+0000] {logging_mixin.py:190} INFO - [2025-07-01T05:11:11.047+0000] {dag.py:3239} INFO - Sync 1 DAGs
[2025-07-01T05:11:11.061+0000] {logging_mixin.py:190} INFO - [2025-07-01T05:11:11.061+0000] {dag.py:4180} INFO - Setting next_dagrun for example_short_circuit_decorator to None, run_after=None
[2025-07-01T05:11:11.078+0000] {processor.py:208} INFO - Processing /home/airflow/.local/lib/python3.12/site-packages/airflow/example_dags/example_short_circuit_decorator.py took 0.073 seconds
[2025-07-01T05:11:41.731+0000] {processor.py:186} INFO - Started process (PID=25480) to work on /home/airflow/.local/lib/python3.12/site-packages/airflow/example_dags/example_short_circuit_decorator.py
[2025-07-01T05:11:41.732+0000] {processor.py:914} INFO - Processing file /home/airflow/.local/lib/python3.12/site-packages/airflow/example_dags/example_short_circuit_decorator.py for tasks to queue
[2025-07-01T05:11:41.735+0000] {logging_mixin.py:190} INFO - [2025-07-01T05:11:41.734+0000] {dagbag.py:588} INFO - Filling up the DagBag from /home/airflow/.local/lib/python3.12/site-packages/airflow/example_dags/example_short_circuit_decorator.py
[2025-07-01T05:11:41.744+0000] {processor.py:925} INFO - DAG(s) 'example_short_circuit_decorator' retrieved from /home/airflow/.local/lib/python3.12/site-packages/airflow/example_dags/example_short_circuit_decorator.py
[2025-07-01T05:11:41.769+0000] {logging_mixin.py:190} INFO - [2025-07-01T05:11:41.769+0000] {dag.py:3239} INFO - Sync 1 DAGs
[2025-07-01T05:11:41.783+0000] {logging_mixin.py:190} INFO - [2025-07-01T05:11:41.783+0000] {dag.py:4180} INFO - Setting next_dagrun for example_short_circuit_decorator to None, run_after=None
[2025-07-01T05:11:41.801+0000] {processor.py:208} INFO - Processing /home/airflow/.local/lib/python3.12/site-packages/airflow/example_dags/example_short_circuit_decorator.py took 0.075 seconds
[2025-07-01T05:12:12.450+0000] {processor.py:186} INFO - Started process (PID=25542) to work on /home/airflow/.local/lib/python3.12/site-packages/airflow/example_dags/example_short_circuit_decorator.py
[2025-07-01T05:12:12.451+0000] {processor.py:914} INFO - Processing file /home/airflow/.local/lib/python3.12/site-packages/airflow/example_dags/example_short_circuit_decorator.py for tasks to queue
[2025-07-01T05:12:12.454+0000] {logging_mixin.py:190} INFO - [2025-07-01T05:12:12.454+0000] {dagbag.py:588} INFO - Filling up the DagBag from /home/airflow/.local/lib/python3.12/site-packages/airflow/example_dags/example_short_circuit_decorator.py
[2025-07-01T05:12:12.467+0000] {processor.py:925} INFO - DAG(s) 'example_short_circuit_decorator' retrieved from /home/airflow/.local/lib/python3.12/site-packages/airflow/example_dags/example_short_circuit_decorator.py
[2025-07-01T05:12:12.491+0000] {logging_mixin.py:190} INFO - [2025-07-01T05:12:12.491+0000] {dag.py:3239} INFO - Sync 1 DAGs
[2025-07-01T05:12:12.505+0000] {logging_mixin.py:190} INFO - [2025-07-01T05:12:12.505+0000] {dag.py:4180} INFO - Setting next_dagrun for example_short_circuit_decorator to None, run_after=None
[2025-07-01T05:12:12.532+0000] {processor.py:208} INFO - Processing /home/airflow/.local/lib/python3.12/site-packages/airflow/example_dags/example_short_circuit_decorator.py took 0.088 seconds
[2025-07-01T05:12:43.099+0000] {processor.py:186} INFO - Started process (PID=25604) to work on /home/airflow/.local/lib/python3.12/site-packages/airflow/example_dags/example_short_circuit_decorator.py
[2025-07-01T05:12:43.100+0000] {processor.py:914} INFO - Processing file /home/airflow/.local/lib/python3.12/site-packages/airflow/example_dags/example_short_circuit_decorator.py for tasks to queue
[2025-07-01T05:12:43.103+0000] {logging_mixin.py:190} INFO - [2025-07-01T05:12:43.103+0000] {dagbag.py:588} INFO - Filling up the DagBag from /home/airflow/.local/lib/python3.12/site-packages/airflow/example_dags/example_short_circuit_decorator.py
[2025-07-01T05:12:43.116+0000] {processor.py:925} INFO - DAG(s) 'example_short_circuit_decorator' retrieved from /home/airflow/.local/lib/python3.12/site-packages/airflow/example_dags/example_short_circuit_decorator.py
[2025-07-01T05:12:43.138+0000] {logging_mixin.py:190} INFO - [2025-07-01T05:12:43.137+0000] {dag.py:3239} INFO - Sync 1 DAGs
[2025-07-01T05:12:43.151+0000] {logging_mixin.py:190} INFO - [2025-07-01T05:12:43.151+0000] {dag.py:4180} INFO - Setting next_dagrun for example_short_circuit_decorator to None, run_after=None
[2025-07-01T05:12:43.169+0000] {processor.py:208} INFO - Processing /home/airflow/.local/lib/python3.12/site-packages/airflow/example_dags/example_short_circuit_decorator.py took 0.076 seconds
[2025-07-01T05:13:13.647+0000] {processor.py:186} INFO - Started process (PID=25666) to work on /home/airflow/.local/lib/python3.12/site-packages/airflow/example_dags/example_short_circuit_decorator.py
[2025-07-01T05:13:13.648+0000] {processor.py:914} INFO - Processing file /home/airflow/.local/lib/python3.12/site-packages/airflow/example_dags/example_short_circuit_decorator.py for tasks to queue
[2025-07-01T05:13:13.651+0000] {logging_mixin.py:190} INFO - [2025-07-01T05:13:13.651+0000] {dagbag.py:588} INFO - Filling up the DagBag from /home/airflow/.local/lib/python3.12/site-packages/airflow/example_dags/example_short_circuit_decorator.py
[2025-07-01T05:13:13.660+0000] {processor.py:925} INFO - DAG(s) 'example_short_circuit_decorator' retrieved from /home/airflow/.local/lib/python3.12/site-packages/airflow/example_dags/example_short_circuit_decorator.py
[2025-07-01T05:13:13.684+0000] {logging_mixin.py:190} INFO - [2025-07-01T05:13:13.684+0000] {dag.py:3239} INFO - Sync 1 DAGs
[2025-07-01T05:13:13.698+0000] {logging_mixin.py:190} INFO - [2025-07-01T05:13:13.698+0000] {dag.py:4180} INFO - Setting next_dagrun for example_short_circuit_decorator to None, run_after=None
[2025-07-01T05:13:13.715+0000] {processor.py:208} INFO - Processing /home/airflow/.local/lib/python3.12/site-packages/airflow/example_dags/example_short_circuit_decorator.py took 0.074 seconds
[2025-07-01T05:13:44.131+0000] {processor.py:186} INFO - Started process (PID=25728) to work on /home/airflow/.local/lib/python3.12/site-packages/airflow/example_dags/example_short_circuit_decorator.py
[2025-07-01T05:13:44.133+0000] {processor.py:914} INFO - Processing file /home/airflow/.local/lib/python3.12/site-packages/airflow/example_dags/example_short_circuit_decorator.py for tasks to queue
[2025-07-01T05:13:44.136+0000] {logging_mixin.py:190} INFO - [2025-07-01T05:13:44.135+0000] {dagbag.py:588} INFO - Filling up the DagBag from /home/airflow/.local/lib/python3.12/site-packages/airflow/example_dags/example_short_circuit_decorator.py
[2025-07-01T05:13:44.146+0000] {processor.py:925} INFO - DAG(s) 'example_short_circuit_decorator' retrieved from /home/airflow/.local/lib/python3.12/site-packages/airflow/example_dags/example_short_circuit_decorator.py
[2025-07-01T05:13:44.170+0000] {logging_mixin.py:190} INFO - [2025-07-01T05:13:44.169+0000] {dag.py:3239} INFO - Sync 1 DAGs
[2025-07-01T05:13:44.183+0000] {logging_mixin.py:190} INFO - [2025-07-01T05:13:44.183+0000] {dag.py:4180} INFO - Setting next_dagrun for example_short_circuit_decorator to None, run_after=None
[2025-07-01T05:13:44.201+0000] {processor.py:208} INFO - Processing /home/airflow/.local/lib/python3.12/site-packages/airflow/example_dags/example_short_circuit_decorator.py took 0.076 seconds
[2025-07-01T05:14:14.672+0000] {processor.py:186} INFO - Started process (PID=25790) to work on /home/airflow/.local/lib/python3.12/site-packages/airflow/example_dags/example_short_circuit_decorator.py
[2025-07-01T05:14:14.673+0000] {processor.py:914} INFO - Processing file /home/airflow/.local/lib/python3.12/site-packages/airflow/example_dags/example_short_circuit_decorator.py for tasks to queue
[2025-07-01T05:14:14.676+0000] {logging_mixin.py:190} INFO - [2025-07-01T05:14:14.675+0000] {dagbag.py:588} INFO - Filling up the DagBag from /home/airflow/.local/lib/python3.12/site-packages/airflow/example_dags/example_short_circuit_decorator.py
[2025-07-01T05:14:14.688+0000] {processor.py:925} INFO - DAG(s) 'example_short_circuit_decorator' retrieved from /home/airflow/.local/lib/python3.12/site-packages/airflow/example_dags/example_short_circuit_decorator.py
[2025-07-01T05:14:14.711+0000] {logging_mixin.py:190} INFO - [2025-07-01T05:14:14.711+0000] {dag.py:3239} INFO - Sync 1 DAGs
[2025-07-01T05:14:14.724+0000] {logging_mixin.py:190} INFO - [2025-07-01T05:14:14.724+0000] {dag.py:4180} INFO - Setting next_dagrun for example_short_circuit_decorator to None, run_after=None
[2025-07-01T05:14:14.760+0000] {processor.py:208} INFO - Processing /home/airflow/.local/lib/python3.12/site-packages/airflow/example_dags/example_short_circuit_decorator.py took 0.094 seconds
[2025-07-01T05:14:45.170+0000] {processor.py:186} INFO - Started process (PID=25852) to work on /home/airflow/.local/lib/python3.12/site-packages/airflow/example_dags/example_short_circuit_decorator.py
[2025-07-01T05:14:45.171+0000] {processor.py:914} INFO - Processing file /home/airflow/.local/lib/python3.12/site-packages/airflow/example_dags/example_short_circuit_decorator.py for tasks to queue
[2025-07-01T05:14:45.174+0000] {logging_mixin.py:190} INFO - [2025-07-01T05:14:45.173+0000] {dagbag.py:588} INFO - Filling up the DagBag from /home/airflow/.local/lib/python3.12/site-packages/airflow/example_dags/example_short_circuit_decorator.py
[2025-07-01T05:14:45.183+0000] {processor.py:925} INFO - DAG(s) 'example_short_circuit_decorator' retrieved from /home/airflow/.local/lib/python3.12/site-packages/airflow/example_dags/example_short_circuit_decorator.py
[2025-07-01T05:14:45.206+0000] {logging_mixin.py:190} INFO - [2025-07-01T05:14:45.206+0000] {dag.py:3239} INFO - Sync 1 DAGs
[2025-07-01T05:14:45.219+0000] {logging_mixin.py:190} INFO - [2025-07-01T05:14:45.219+0000] {dag.py:4180} INFO - Setting next_dagrun for example_short_circuit_decorator to None, run_after=None
[2025-07-01T05:14:45.246+0000] {processor.py:208} INFO - Processing /home/airflow/.local/lib/python3.12/site-packages/airflow/example_dags/example_short_circuit_decorator.py took 0.083 seconds
[2025-07-01T05:15:15.934+0000] {processor.py:186} INFO - Started process (PID=25914) to work on /home/airflow/.local/lib/python3.12/site-packages/airflow/example_dags/example_short_circuit_decorator.py
[2025-07-01T05:15:15.935+0000] {processor.py:914} INFO - Processing file /home/airflow/.local/lib/python3.12/site-packages/airflow/example_dags/example_short_circuit_decorator.py for tasks to queue
[2025-07-01T05:15:15.938+0000] {logging_mixin.py:190} INFO - [2025-07-01T05:15:15.937+0000] {dagbag.py:588} INFO - Filling up the DagBag from /home/airflow/.local/lib/python3.12/site-packages/airflow/example_dags/example_short_circuit_decorator.py
[2025-07-01T05:15:15.947+0000] {processor.py:925} INFO - DAG(s) 'example_short_circuit_decorator' retrieved from /home/airflow/.local/lib/python3.12/site-packages/airflow/example_dags/example_short_circuit_decorator.py
[2025-07-01T05:15:15.972+0000] {logging_mixin.py:190} INFO - [2025-07-01T05:15:15.972+0000] {dag.py:3239} INFO - Sync 1 DAGs
[2025-07-01T05:15:15.985+0000] {logging_mixin.py:190} INFO - [2025-07-01T05:15:15.985+0000] {dag.py:4180} INFO - Setting next_dagrun for example_short_circuit_decorator to None, run_after=None
[2025-07-01T05:15:16.003+0000] {processor.py:208} INFO - Processing /home/airflow/.local/lib/python3.12/site-packages/airflow/example_dags/example_short_circuit_decorator.py took 0.075 seconds
[2025-07-01T05:15:46.609+0000] {processor.py:186} INFO - Started process (PID=25976) to work on /home/airflow/.local/lib/python3.12/site-packages/airflow/example_dags/example_short_circuit_decorator.py
[2025-07-01T05:15:46.610+0000] {processor.py:914} INFO - Processing file /home/airflow/.local/lib/python3.12/site-packages/airflow/example_dags/example_short_circuit_decorator.py for tasks to queue
[2025-07-01T05:15:46.613+0000] {logging_mixin.py:190} INFO - [2025-07-01T05:15:46.612+0000] {dagbag.py:588} INFO - Filling up the DagBag from /home/airflow/.local/lib/python3.12/site-packages/airflow/example_dags/example_short_circuit_decorator.py
[2025-07-01T05:15:46.622+0000] {processor.py:925} INFO - DAG(s) 'example_short_circuit_decorator' retrieved from /home/airflow/.local/lib/python3.12/site-packages/airflow/example_dags/example_short_circuit_decorator.py
[2025-07-01T05:15:46.645+0000] {logging_mixin.py:190} INFO - [2025-07-01T05:15:46.645+0000] {dag.py:3239} INFO - Sync 1 DAGs
[2025-07-01T05:15:46.660+0000] {logging_mixin.py:190} INFO - [2025-07-01T05:15:46.660+0000] {dag.py:4180} INFO - Setting next_dagrun for example_short_circuit_decorator to None, run_after=None
[2025-07-01T05:15:46.679+0000] {processor.py:208} INFO - Processing /home/airflow/.local/lib/python3.12/site-packages/airflow/example_dags/example_short_circuit_decorator.py took 0.077 seconds
[2025-07-01T05:16:17.306+0000] {processor.py:186} INFO - Started process (PID=26038) to work on /home/airflow/.local/lib/python3.12/site-packages/airflow/example_dags/example_short_circuit_decorator.py
[2025-07-01T05:16:17.307+0000] {processor.py:914} INFO - Processing file /home/airflow/.local/lib/python3.12/site-packages/airflow/example_dags/example_short_circuit_decorator.py for tasks to queue
[2025-07-01T05:16:17.310+0000] {logging_mixin.py:190} INFO - [2025-07-01T05:16:17.309+0000] {dagbag.py:588} INFO - Filling up the DagBag from /home/airflow/.local/lib/python3.12/site-packages/airflow/example_dags/example_short_circuit_decorator.py
[2025-07-01T05:16:17.320+0000] {processor.py:925} INFO - DAG(s) 'example_short_circuit_decorator' retrieved from /home/airflow/.local/lib/python3.12/site-packages/airflow/example_dags/example_short_circuit_decorator.py
[2025-07-01T05:16:17.345+0000] {logging_mixin.py:190} INFO - [2025-07-01T05:16:17.345+0000] {dag.py:3239} INFO - Sync 1 DAGs
[2025-07-01T05:16:17.360+0000] {logging_mixin.py:190} INFO - [2025-07-01T05:16:17.360+0000] {dag.py:4180} INFO - Setting next_dagrun for example_short_circuit_decorator to None, run_after=None
[2025-07-01T05:16:17.378+0000] {processor.py:208} INFO - Processing /home/airflow/.local/lib/python3.12/site-packages/airflow/example_dags/example_short_circuit_decorator.py took 0.078 seconds
[2025-07-01T05:16:48.090+0000] {processor.py:186} INFO - Started process (PID=26100) to work on /home/airflow/.local/lib/python3.12/site-packages/airflow/example_dags/example_short_circuit_decorator.py
[2025-07-01T05:16:48.091+0000] {processor.py:914} INFO - Processing file /home/airflow/.local/lib/python3.12/site-packages/airflow/example_dags/example_short_circuit_decorator.py for tasks to queue
[2025-07-01T05:16:48.093+0000] {logging_mixin.py:190} INFO - [2025-07-01T05:16:48.093+0000] {dagbag.py:588} INFO - Filling up the DagBag from /home/airflow/.local/lib/python3.12/site-packages/airflow/example_dags/example_short_circuit_decorator.py
[2025-07-01T05:16:48.105+0000] {processor.py:925} INFO - DAG(s) 'example_short_circuit_decorator' retrieved from /home/airflow/.local/lib/python3.12/site-packages/airflow/example_dags/example_short_circuit_decorator.py
[2025-07-01T05:16:48.128+0000] {logging_mixin.py:190} INFO - [2025-07-01T05:16:48.128+0000] {dag.py:3239} INFO - Sync 1 DAGs
[2025-07-01T05:16:48.142+0000] {logging_mixin.py:190} INFO - [2025-07-01T05:16:48.141+0000] {dag.py:4180} INFO - Setting next_dagrun for example_short_circuit_decorator to None, run_after=None
[2025-07-01T05:16:48.159+0000] {processor.py:208} INFO - Processing /home/airflow/.local/lib/python3.12/site-packages/airflow/example_dags/example_short_circuit_decorator.py took 0.075 seconds
[2025-07-01T05:17:18.717+0000] {processor.py:186} INFO - Started process (PID=26162) to work on /home/airflow/.local/lib/python3.12/site-packages/airflow/example_dags/example_short_circuit_decorator.py
[2025-07-01T05:17:18.718+0000] {processor.py:914} INFO - Processing file /home/airflow/.local/lib/python3.12/site-packages/airflow/example_dags/example_short_circuit_decorator.py for tasks to queue
[2025-07-01T05:17:18.721+0000] {logging_mixin.py:190} INFO - [2025-07-01T05:17:18.721+0000] {dagbag.py:588} INFO - Filling up the DagBag from /home/airflow/.local/lib/python3.12/site-packages/airflow/example_dags/example_short_circuit_decorator.py
[2025-07-01T05:17:18.733+0000] {processor.py:925} INFO - DAG(s) 'example_short_circuit_decorator' retrieved from /home/airflow/.local/lib/python3.12/site-packages/airflow/example_dags/example_short_circuit_decorator.py
[2025-07-01T05:17:18.761+0000] {logging_mixin.py:190} INFO - [2025-07-01T05:17:18.760+0000] {dag.py:3239} INFO - Sync 1 DAGs
[2025-07-01T05:17:18.780+0000] {logging_mixin.py:190} INFO - [2025-07-01T05:17:18.780+0000] {dag.py:4180} INFO - Setting next_dagrun for example_short_circuit_decorator to None, run_after=None
[2025-07-01T05:17:18.801+0000] {processor.py:208} INFO - Processing /home/airflow/.local/lib/python3.12/site-packages/airflow/example_dags/example_short_circuit_decorator.py took 0.091 seconds
[2025-07-01T05:17:49.499+0000] {processor.py:186} INFO - Started process (PID=26224) to work on /home/airflow/.local/lib/python3.12/site-packages/airflow/example_dags/example_short_circuit_decorator.py
[2025-07-01T05:17:49.500+0000] {processor.py:914} INFO - Processing file /home/airflow/.local/lib/python3.12/site-packages/airflow/example_dags/example_short_circuit_decorator.py for tasks to queue
[2025-07-01T05:17:49.503+0000] {logging_mixin.py:190} INFO - [2025-07-01T05:17:49.503+0000] {dagbag.py:588} INFO - Filling up the DagBag from /home/airflow/.local/lib/python3.12/site-packages/airflow/example_dags/example_short_circuit_decorator.py
[2025-07-01T05:17:49.512+0000] {processor.py:925} INFO - DAG(s) 'example_short_circuit_decorator' retrieved from /home/airflow/.local/lib/python3.12/site-packages/airflow/example_dags/example_short_circuit_decorator.py
[2025-07-01T05:17:49.538+0000] {logging_mixin.py:190} INFO - [2025-07-01T05:17:49.538+0000] {dag.py:3239} INFO - Sync 1 DAGs
[2025-07-01T05:17:49.552+0000] {logging_mixin.py:190} INFO - [2025-07-01T05:17:49.552+0000] {dag.py:4180} INFO - Setting next_dagrun for example_short_circuit_decorator to None, run_after=None
[2025-07-01T05:17:49.570+0000] {processor.py:208} INFO - Processing /home/airflow/.local/lib/python3.12/site-packages/airflow/example_dags/example_short_circuit_decorator.py took 0.077 seconds
[2025-07-01T05:18:20.301+0000] {processor.py:186} INFO - Started process (PID=26286) to work on /home/airflow/.local/lib/python3.12/site-packages/airflow/example_dags/example_short_circuit_decorator.py
[2025-07-01T05:18:20.302+0000] {processor.py:914} INFO - Processing file /home/airflow/.local/lib/python3.12/site-packages/airflow/example_dags/example_short_circuit_decorator.py for tasks to queue
[2025-07-01T05:18:20.305+0000] {logging_mixin.py:190} INFO - [2025-07-01T05:18:20.304+0000] {dagbag.py:588} INFO - Filling up the DagBag from /home/airflow/.local/lib/python3.12/site-packages/airflow/example_dags/example_short_circuit_decorator.py
[2025-07-01T05:18:20.315+0000] {processor.py:925} INFO - DAG(s) 'example_short_circuit_decorator' retrieved from /home/airflow/.local/lib/python3.12/site-packages/airflow/example_dags/example_short_circuit_decorator.py
[2025-07-01T05:18:20.337+0000] {logging_mixin.py:190} INFO - [2025-07-01T05:18:20.337+0000] {dag.py:3239} INFO - Sync 1 DAGs
[2025-07-01T05:18:20.354+0000] {logging_mixin.py:190} INFO - [2025-07-01T05:18:20.353+0000] {dag.py:4180} INFO - Setting next_dagrun for example_short_circuit_decorator to None, run_after=None
[2025-07-01T05:18:20.371+0000] {processor.py:208} INFO - Processing /home/airflow/.local/lib/python3.12/site-packages/airflow/example_dags/example_short_circuit_decorator.py took 0.076 seconds
[2025-07-01T05:18:51.238+0000] {processor.py:186} INFO - Started process (PID=26348) to work on /home/airflow/.local/lib/python3.12/site-packages/airflow/example_dags/example_short_circuit_decorator.py
[2025-07-01T05:18:51.239+0000] {processor.py:914} INFO - Processing file /home/airflow/.local/lib/python3.12/site-packages/airflow/example_dags/example_short_circuit_decorator.py for tasks to queue
[2025-07-01T05:18:51.242+0000] {logging_mixin.py:190} INFO - [2025-07-01T05:18:51.241+0000] {dagbag.py:588} INFO - Filling up the DagBag from /home/airflow/.local/lib/python3.12/site-packages/airflow/example_dags/example_short_circuit_decorator.py
[2025-07-01T05:18:51.252+0000] {processor.py:925} INFO - DAG(s) 'example_short_circuit_decorator' retrieved from /home/airflow/.local/lib/python3.12/site-packages/airflow/example_dags/example_short_circuit_decorator.py
[2025-07-01T05:18:51.275+0000] {logging_mixin.py:190} INFO - [2025-07-01T05:18:51.275+0000] {dag.py:3239} INFO - Sync 1 DAGs
[2025-07-01T05:18:51.289+0000] {logging_mixin.py:190} INFO - [2025-07-01T05:18:51.288+0000] {dag.py:4180} INFO - Setting next_dagrun for example_short_circuit_decorator to None, run_after=None
[2025-07-01T05:18:51.306+0000] {processor.py:208} INFO - Processing /home/airflow/.local/lib/python3.12/site-packages/airflow/example_dags/example_short_circuit_decorator.py took 0.075 seconds
[2025-07-01T05:19:21.954+0000] {processor.py:186} INFO - Started process (PID=26411) to work on /home/airflow/.local/lib/python3.12/site-packages/airflow/example_dags/example_short_circuit_decorator.py
[2025-07-01T05:19:21.955+0000] {processor.py:914} INFO - Processing file /home/airflow/.local/lib/python3.12/site-packages/airflow/example_dags/example_short_circuit_decorator.py for tasks to queue
[2025-07-01T05:19:21.958+0000] {logging_mixin.py:190} INFO - [2025-07-01T05:19:21.957+0000] {dagbag.py:588} INFO - Filling up the DagBag from /home/airflow/.local/lib/python3.12/site-packages/airflow/example_dags/example_short_circuit_decorator.py
[2025-07-01T05:19:21.974+0000] {processor.py:925} INFO - DAG(s) 'example_short_circuit_decorator' retrieved from /home/airflow/.local/lib/python3.12/site-packages/airflow/example_dags/example_short_circuit_decorator.py
[2025-07-01T05:19:22.000+0000] {logging_mixin.py:190} INFO - [2025-07-01T05:19:22.000+0000] {dag.py:3239} INFO - Sync 1 DAGs
[2025-07-01T05:19:22.016+0000] {logging_mixin.py:190} INFO - [2025-07-01T05:19:22.015+0000] {dag.py:4180} INFO - Setting next_dagrun for example_short_circuit_decorator to None, run_after=None
[2025-07-01T05:19:22.035+0000] {processor.py:208} INFO - Processing /home/airflow/.local/lib/python3.12/site-packages/airflow/example_dags/example_short_circuit_decorator.py took 0.086 seconds
[2025-07-01T05:19:52.804+0000] {processor.py:186} INFO - Started process (PID=26473) to work on /home/airflow/.local/lib/python3.12/site-packages/airflow/example_dags/example_short_circuit_decorator.py
[2025-07-01T05:19:52.805+0000] {processor.py:914} INFO - Processing file /home/airflow/.local/lib/python3.12/site-packages/airflow/example_dags/example_short_circuit_decorator.py for tasks to queue
[2025-07-01T05:19:52.808+0000] {logging_mixin.py:190} INFO - [2025-07-01T05:19:52.807+0000] {dagbag.py:588} INFO - Filling up the DagBag from /home/airflow/.local/lib/python3.12/site-packages/airflow/example_dags/example_short_circuit_decorator.py
[2025-07-01T05:19:52.817+0000] {processor.py:925} INFO - DAG(s) 'example_short_circuit_decorator' retrieved from /home/airflow/.local/lib/python3.12/site-packages/airflow/example_dags/example_short_circuit_decorator.py
[2025-07-01T05:19:52.840+0000] {logging_mixin.py:190} INFO - [2025-07-01T05:19:52.840+0000] {dag.py:3239} INFO - Sync 1 DAGs
[2025-07-01T05:19:52.853+0000] {logging_mixin.py:190} INFO - [2025-07-01T05:19:52.853+0000] {dag.py:4180} INFO - Setting next_dagrun for example_short_circuit_decorator to None, run_after=None
[2025-07-01T05:19:52.872+0000] {processor.py:208} INFO - Processing /home/airflow/.local/lib/python3.12/site-packages/airflow/example_dags/example_short_circuit_decorator.py took 0.074 seconds
[2025-07-01T05:20:23.696+0000] {processor.py:186} INFO - Started process (PID=26535) to work on /home/airflow/.local/lib/python3.12/site-packages/airflow/example_dags/example_short_circuit_decorator.py
[2025-07-01T05:20:23.698+0000] {processor.py:914} INFO - Processing file /home/airflow/.local/lib/python3.12/site-packages/airflow/example_dags/example_short_circuit_decorator.py for tasks to queue
[2025-07-01T05:20:23.700+0000] {logging_mixin.py:190} INFO - [2025-07-01T05:20:23.700+0000] {dagbag.py:588} INFO - Filling up the DagBag from /home/airflow/.local/lib/python3.12/site-packages/airflow/example_dags/example_short_circuit_decorator.py
[2025-07-01T05:20:23.710+0000] {processor.py:925} INFO - DAG(s) 'example_short_circuit_decorator' retrieved from /home/airflow/.local/lib/python3.12/site-packages/airflow/example_dags/example_short_circuit_decorator.py
[2025-07-01T05:20:23.734+0000] {logging_mixin.py:190} INFO - [2025-07-01T05:20:23.734+0000] {dag.py:3239} INFO - Sync 1 DAGs
[2025-07-01T05:20:23.748+0000] {logging_mixin.py:190} INFO - [2025-07-01T05:20:23.747+0000] {dag.py:4180} INFO - Setting next_dagrun for example_short_circuit_decorator to None, run_after=None
[2025-07-01T05:20:23.765+0000] {processor.py:208} INFO - Processing /home/airflow/.local/lib/python3.12/site-packages/airflow/example_dags/example_short_circuit_decorator.py took 0.075 seconds
[2025-07-01T05:20:54.306+0000] {processor.py:186} INFO - Started process (PID=26597) to work on /home/airflow/.local/lib/python3.12/site-packages/airflow/example_dags/example_short_circuit_decorator.py
[2025-07-01T05:20:54.307+0000] {processor.py:914} INFO - Processing file /home/airflow/.local/lib/python3.12/site-packages/airflow/example_dags/example_short_circuit_decorator.py for tasks to queue
[2025-07-01T05:20:54.309+0000] {logging_mixin.py:190} INFO - [2025-07-01T05:20:54.309+0000] {dagbag.py:588} INFO - Filling up the DagBag from /home/airflow/.local/lib/python3.12/site-packages/airflow/example_dags/example_short_circuit_decorator.py
[2025-07-01T05:20:54.319+0000] {processor.py:925} INFO - DAG(s) 'example_short_circuit_decorator' retrieved from /home/airflow/.local/lib/python3.12/site-packages/airflow/example_dags/example_short_circuit_decorator.py
[2025-07-01T05:20:54.342+0000] {logging_mixin.py:190} INFO - [2025-07-01T05:20:54.341+0000] {dag.py:3239} INFO - Sync 1 DAGs
[2025-07-01T05:20:54.355+0000] {logging_mixin.py:190} INFO - [2025-07-01T05:20:54.355+0000] {dag.py:4180} INFO - Setting next_dagrun for example_short_circuit_decorator to None, run_after=None
[2025-07-01T05:20:54.374+0000] {processor.py:208} INFO - Processing /home/airflow/.local/lib/python3.12/site-packages/airflow/example_dags/example_short_circuit_decorator.py took 0.075 seconds
[2025-07-01T05:21:24.928+0000] {processor.py:186} INFO - Started process (PID=26659) to work on /home/airflow/.local/lib/python3.12/site-packages/airflow/example_dags/example_short_circuit_decorator.py
[2025-07-01T05:21:24.930+0000] {processor.py:914} INFO - Processing file /home/airflow/.local/lib/python3.12/site-packages/airflow/example_dags/example_short_circuit_decorator.py for tasks to queue
[2025-07-01T05:21:24.933+0000] {logging_mixin.py:190} INFO - [2025-07-01T05:21:24.933+0000] {dagbag.py:588} INFO - Filling up the DagBag from /home/airflow/.local/lib/python3.12/site-packages/airflow/example_dags/example_short_circuit_decorator.py
[2025-07-01T05:21:24.945+0000] {processor.py:925} INFO - DAG(s) 'example_short_circuit_decorator' retrieved from /home/airflow/.local/lib/python3.12/site-packages/airflow/example_dags/example_short_circuit_decorator.py
[2025-07-01T05:21:24.968+0000] {logging_mixin.py:190} INFO - [2025-07-01T05:21:24.968+0000] {dag.py:3239} INFO - Sync 1 DAGs
[2025-07-01T05:21:24.983+0000] {logging_mixin.py:190} INFO - [2025-07-01T05:21:24.983+0000] {dag.py:4180} INFO - Setting next_dagrun for example_short_circuit_decorator to None, run_after=None
[2025-07-01T05:21:25.001+0000] {processor.py:208} INFO - Processing /home/airflow/.local/lib/python3.12/site-packages/airflow/example_dags/example_short_circuit_decorator.py took 0.079 seconds
[2025-07-01T05:21:55.484+0000] {processor.py:186} INFO - Started process (PID=26721) to work on /home/airflow/.local/lib/python3.12/site-packages/airflow/example_dags/example_short_circuit_decorator.py
[2025-07-01T05:21:55.485+0000] {processor.py:914} INFO - Processing file /home/airflow/.local/lib/python3.12/site-packages/airflow/example_dags/example_short_circuit_decorator.py for tasks to queue
[2025-07-01T05:21:55.488+0000] {logging_mixin.py:190} INFO - [2025-07-01T05:21:55.487+0000] {dagbag.py:588} INFO - Filling up the DagBag from /home/airflow/.local/lib/python3.12/site-packages/airflow/example_dags/example_short_circuit_decorator.py
[2025-07-01T05:21:55.497+0000] {processor.py:925} INFO - DAG(s) 'example_short_circuit_decorator' retrieved from /home/airflow/.local/lib/python3.12/site-packages/airflow/example_dags/example_short_circuit_decorator.py
[2025-07-01T05:21:55.527+0000] {logging_mixin.py:190} INFO - [2025-07-01T05:21:55.527+0000] {dag.py:3239} INFO - Sync 1 DAGs
[2025-07-01T05:21:55.540+0000] {logging_mixin.py:190} INFO - [2025-07-01T05:21:55.540+0000] {dag.py:4180} INFO - Setting next_dagrun for example_short_circuit_decorator to None, run_after=None
[2025-07-01T05:21:55.562+0000] {processor.py:208} INFO - Processing /home/airflow/.local/lib/python3.12/site-packages/airflow/example_dags/example_short_circuit_decorator.py took 0.084 seconds
[2025-07-01T05:22:25.686+0000] {processor.py:186} INFO - Started process (PID=26783) to work on /home/airflow/.local/lib/python3.12/site-packages/airflow/example_dags/example_short_circuit_decorator.py
[2025-07-01T05:22:25.688+0000] {processor.py:914} INFO - Processing file /home/airflow/.local/lib/python3.12/site-packages/airflow/example_dags/example_short_circuit_decorator.py for tasks to queue
[2025-07-01T05:22:25.693+0000] {logging_mixin.py:190} INFO - [2025-07-01T05:22:25.692+0000] {dagbag.py:588} INFO - Filling up the DagBag from /home/airflow/.local/lib/python3.12/site-packages/airflow/example_dags/example_short_circuit_decorator.py
[2025-07-01T05:22:25.702+0000] {processor.py:925} INFO - DAG(s) 'example_short_circuit_decorator' retrieved from /home/airflow/.local/lib/python3.12/site-packages/airflow/example_dags/example_short_circuit_decorator.py
[2025-07-01T05:22:25.730+0000] {logging_mixin.py:190} INFO - [2025-07-01T05:22:25.730+0000] {dag.py:3239} INFO - Sync 1 DAGs
[2025-07-01T05:22:25.745+0000] {logging_mixin.py:190} INFO - [2025-07-01T05:22:25.745+0000] {dag.py:4180} INFO - Setting next_dagrun for example_short_circuit_decorator to None, run_after=None
[2025-07-01T05:22:25.762+0000] {processor.py:208} INFO - Processing /home/airflow/.local/lib/python3.12/site-packages/airflow/example_dags/example_short_circuit_decorator.py took 0.086 seconds
[2025-07-01T05:22:56.510+0000] {processor.py:186} INFO - Started process (PID=26845) to work on /home/airflow/.local/lib/python3.12/site-packages/airflow/example_dags/example_short_circuit_decorator.py
[2025-07-01T05:22:56.511+0000] {processor.py:914} INFO - Processing file /home/airflow/.local/lib/python3.12/site-packages/airflow/example_dags/example_short_circuit_decorator.py for tasks to queue
[2025-07-01T05:22:56.514+0000] {logging_mixin.py:190} INFO - [2025-07-01T05:22:56.513+0000] {dagbag.py:588} INFO - Filling up the DagBag from /home/airflow/.local/lib/python3.12/site-packages/airflow/example_dags/example_short_circuit_decorator.py
[2025-07-01T05:22:56.524+0000] {processor.py:925} INFO - DAG(s) 'example_short_circuit_decorator' retrieved from /home/airflow/.local/lib/python3.12/site-packages/airflow/example_dags/example_short_circuit_decorator.py
[2025-07-01T05:22:56.549+0000] {logging_mixin.py:190} INFO - [2025-07-01T05:22:56.549+0000] {dag.py:3239} INFO - Sync 1 DAGs
[2025-07-01T05:22:56.563+0000] {logging_mixin.py:190} INFO - [2025-07-01T05:22:56.562+0000] {dag.py:4180} INFO - Setting next_dagrun for example_short_circuit_decorator to None, run_after=None
[2025-07-01T05:22:56.580+0000] {processor.py:208} INFO - Processing /home/airflow/.local/lib/python3.12/site-packages/airflow/example_dags/example_short_circuit_decorator.py took 0.077 seconds
[2025-07-01T05:23:27.054+0000] {processor.py:186} INFO - Started process (PID=26907) to work on /home/airflow/.local/lib/python3.12/site-packages/airflow/example_dags/example_short_circuit_decorator.py
[2025-07-01T05:23:27.055+0000] {processor.py:914} INFO - Processing file /home/airflow/.local/lib/python3.12/site-packages/airflow/example_dags/example_short_circuit_decorator.py for tasks to queue
[2025-07-01T05:23:27.058+0000] {logging_mixin.py:190} INFO - [2025-07-01T05:23:27.058+0000] {dagbag.py:588} INFO - Filling up the DagBag from /home/airflow/.local/lib/python3.12/site-packages/airflow/example_dags/example_short_circuit_decorator.py
[2025-07-01T05:23:27.069+0000] {processor.py:925} INFO - DAG(s) 'example_short_circuit_decorator' retrieved from /home/airflow/.local/lib/python3.12/site-packages/airflow/example_dags/example_short_circuit_decorator.py
[2025-07-01T05:23:27.091+0000] {logging_mixin.py:190} INFO - [2025-07-01T05:23:27.091+0000] {dag.py:3239} INFO - Sync 1 DAGs
[2025-07-01T05:23:27.105+0000] {logging_mixin.py:190} INFO - [2025-07-01T05:23:27.104+0000] {dag.py:4180} INFO - Setting next_dagrun for example_short_circuit_decorator to None, run_after=None
[2025-07-01T05:23:27.122+0000] {processor.py:208} INFO - Processing /home/airflow/.local/lib/python3.12/site-packages/airflow/example_dags/example_short_circuit_decorator.py took 0.074 seconds
[2025-07-01T05:23:57.725+0000] {processor.py:186} INFO - Started process (PID=26969) to work on /home/airflow/.local/lib/python3.12/site-packages/airflow/example_dags/example_short_circuit_decorator.py
[2025-07-01T05:23:57.726+0000] {processor.py:914} INFO - Processing file /home/airflow/.local/lib/python3.12/site-packages/airflow/example_dags/example_short_circuit_decorator.py for tasks to queue
[2025-07-01T05:23:57.731+0000] {logging_mixin.py:190} INFO - [2025-07-01T05:23:57.731+0000] {dagbag.py:588} INFO - Filling up the DagBag from /home/airflow/.local/lib/python3.12/site-packages/airflow/example_dags/example_short_circuit_decorator.py
[2025-07-01T05:23:57.743+0000] {processor.py:925} INFO - DAG(s) 'example_short_circuit_decorator' retrieved from /home/airflow/.local/lib/python3.12/site-packages/airflow/example_dags/example_short_circuit_decorator.py
[2025-07-01T05:23:57.767+0000] {logging_mixin.py:190} INFO - [2025-07-01T05:23:57.766+0000] {dag.py:3239} INFO - Sync 1 DAGs
[2025-07-01T05:23:57.780+0000] {logging_mixin.py:190} INFO - [2025-07-01T05:23:57.780+0000] {dag.py:4180} INFO - Setting next_dagrun for example_short_circuit_decorator to None, run_after=None
[2025-07-01T05:23:57.797+0000] {processor.py:208} INFO - Processing /home/airflow/.local/lib/python3.12/site-packages/airflow/example_dags/example_short_circuit_decorator.py took 0.078 seconds
[2025-07-01T05:24:28.281+0000] {processor.py:186} INFO - Started process (PID=27031) to work on /home/airflow/.local/lib/python3.12/site-packages/airflow/example_dags/example_short_circuit_decorator.py
[2025-07-01T05:24:28.283+0000] {processor.py:914} INFO - Processing file /home/airflow/.local/lib/python3.12/site-packages/airflow/example_dags/example_short_circuit_decorator.py for tasks to queue
[2025-07-01T05:24:28.287+0000] {logging_mixin.py:190} INFO - [2025-07-01T05:24:28.286+0000] {dagbag.py:588} INFO - Filling up the DagBag from /home/airflow/.local/lib/python3.12/site-packages/airflow/example_dags/example_short_circuit_decorator.py
[2025-07-01T05:24:28.301+0000] {processor.py:925} INFO - DAG(s) 'example_short_circuit_decorator' retrieved from /home/airflow/.local/lib/python3.12/site-packages/airflow/example_dags/example_short_circuit_decorator.py
[2025-07-01T05:24:28.336+0000] {logging_mixin.py:190} INFO - [2025-07-01T05:24:28.336+0000] {dag.py:3239} INFO - Sync 1 DAGs
[2025-07-01T05:24:28.352+0000] {logging_mixin.py:190} INFO - [2025-07-01T05:24:28.351+0000] {dag.py:4180} INFO - Setting next_dagrun for example_short_circuit_decorator to None, run_after=None
[2025-07-01T05:24:28.371+0000] {processor.py:208} INFO - Processing /home/airflow/.local/lib/python3.12/site-packages/airflow/example_dags/example_short_circuit_decorator.py took 0.100 seconds
[2025-07-01T05:24:59.239+0000] {processor.py:186} INFO - Started process (PID=27093) to work on /home/airflow/.local/lib/python3.12/site-packages/airflow/example_dags/example_short_circuit_decorator.py
[2025-07-01T05:24:59.240+0000] {processor.py:914} INFO - Processing file /home/airflow/.local/lib/python3.12/site-packages/airflow/example_dags/example_short_circuit_decorator.py for tasks to queue
[2025-07-01T05:24:59.244+0000] {logging_mixin.py:190} INFO - [2025-07-01T05:24:59.243+0000] {dagbag.py:588} INFO - Filling up the DagBag from /home/airflow/.local/lib/python3.12/site-packages/airflow/example_dags/example_short_circuit_decorator.py
[2025-07-01T05:24:59.254+0000] {processor.py:925} INFO - DAG(s) 'example_short_circuit_decorator' retrieved from /home/airflow/.local/lib/python3.12/site-packages/airflow/example_dags/example_short_circuit_decorator.py
[2025-07-01T05:24:59.278+0000] {logging_mixin.py:190} INFO - [2025-07-01T05:24:59.278+0000] {dag.py:3239} INFO - Sync 1 DAGs
[2025-07-01T05:24:59.297+0000] {logging_mixin.py:190} INFO - [2025-07-01T05:24:59.297+0000] {dag.py:4180} INFO - Setting next_dagrun for example_short_circuit_decorator to None, run_after=None
[2025-07-01T05:24:59.314+0000] {processor.py:208} INFO - Processing /home/airflow/.local/lib/python3.12/site-packages/airflow/example_dags/example_short_circuit_decorator.py took 0.082 seconds
[2025-07-01T05:25:30.219+0000] {processor.py:186} INFO - Started process (PID=27155) to work on /home/airflow/.local/lib/python3.12/site-packages/airflow/example_dags/example_short_circuit_decorator.py
[2025-07-01T05:25:30.221+0000] {processor.py:914} INFO - Processing file /home/airflow/.local/lib/python3.12/site-packages/airflow/example_dags/example_short_circuit_decorator.py for tasks to queue
[2025-07-01T05:25:30.223+0000] {logging_mixin.py:190} INFO - [2025-07-01T05:25:30.223+0000] {dagbag.py:588} INFO - Filling up the DagBag from /home/airflow/.local/lib/python3.12/site-packages/airflow/example_dags/example_short_circuit_decorator.py
[2025-07-01T05:25:30.233+0000] {processor.py:925} INFO - DAG(s) 'example_short_circuit_decorator' retrieved from /home/airflow/.local/lib/python3.12/site-packages/airflow/example_dags/example_short_circuit_decorator.py
[2025-07-01T05:25:30.260+0000] {logging_mixin.py:190} INFO - [2025-07-01T05:25:30.260+0000] {dag.py:3239} INFO - Sync 1 DAGs
[2025-07-01T05:25:30.274+0000] {logging_mixin.py:190} INFO - [2025-07-01T05:25:30.274+0000] {dag.py:4180} INFO - Setting next_dagrun for example_short_circuit_decorator to None, run_after=None
[2025-07-01T05:25:30.292+0000] {processor.py:208} INFO - Processing /home/airflow/.local/lib/python3.12/site-packages/airflow/example_dags/example_short_circuit_decorator.py took 0.079 seconds
[2025-07-01T05:26:00.794+0000] {processor.py:186} INFO - Started process (PID=27217) to work on /home/airflow/.local/lib/python3.12/site-packages/airflow/example_dags/example_short_circuit_decorator.py
[2025-07-01T05:26:00.795+0000] {processor.py:914} INFO - Processing file /home/airflow/.local/lib/python3.12/site-packages/airflow/example_dags/example_short_circuit_decorator.py for tasks to queue
[2025-07-01T05:26:00.798+0000] {logging_mixin.py:190} INFO - [2025-07-01T05:26:00.797+0000] {dagbag.py:588} INFO - Filling up the DagBag from /home/airflow/.local/lib/python3.12/site-packages/airflow/example_dags/example_short_circuit_decorator.py
[2025-07-01T05:26:00.807+0000] {processor.py:925} INFO - DAG(s) 'example_short_circuit_decorator' retrieved from /home/airflow/.local/lib/python3.12/site-packages/airflow/example_dags/example_short_circuit_decorator.py
[2025-07-01T05:26:00.831+0000] {logging_mixin.py:190} INFO - [2025-07-01T05:26:00.831+0000] {dag.py:3239} INFO - Sync 1 DAGs
[2025-07-01T05:26:00.845+0000] {logging_mixin.py:190} INFO - [2025-07-01T05:26:00.845+0000] {dag.py:4180} INFO - Setting next_dagrun for example_short_circuit_decorator to None, run_after=None
[2025-07-01T05:26:00.866+0000] {processor.py:208} INFO - Processing /home/airflow/.local/lib/python3.12/site-packages/airflow/example_dags/example_short_circuit_decorator.py took 0.078 seconds
[2025-07-01T05:26:31.259+0000] {processor.py:186} INFO - Started process (PID=27279) to work on /home/airflow/.local/lib/python3.12/site-packages/airflow/example_dags/example_short_circuit_decorator.py
[2025-07-01T05:26:31.260+0000] {processor.py:914} INFO - Processing file /home/airflow/.local/lib/python3.12/site-packages/airflow/example_dags/example_short_circuit_decorator.py for tasks to queue
[2025-07-01T05:26:31.262+0000] {logging_mixin.py:190} INFO - [2025-07-01T05:26:31.262+0000] {dagbag.py:588} INFO - Filling up the DagBag from /home/airflow/.local/lib/python3.12/site-packages/airflow/example_dags/example_short_circuit_decorator.py
[2025-07-01T05:26:31.271+0000] {processor.py:925} INFO - DAG(s) 'example_short_circuit_decorator' retrieved from /home/airflow/.local/lib/python3.12/site-packages/airflow/example_dags/example_short_circuit_decorator.py
[2025-07-01T05:26:31.297+0000] {logging_mixin.py:190} INFO - [2025-07-01T05:26:31.296+0000] {dag.py:3239} INFO - Sync 1 DAGs
[2025-07-01T05:26:31.310+0000] {logging_mixin.py:190} INFO - [2025-07-01T05:26:31.310+0000] {dag.py:4180} INFO - Setting next_dagrun for example_short_circuit_decorator to None, run_after=None
[2025-07-01T05:26:31.330+0000] {processor.py:208} INFO - Processing /home/airflow/.local/lib/python3.12/site-packages/airflow/example_dags/example_short_circuit_decorator.py took 0.077 seconds
[2025-07-01T05:27:02.124+0000] {processor.py:186} INFO - Started process (PID=27347) to work on /home/airflow/.local/lib/python3.12/site-packages/airflow/example_dags/example_short_circuit_decorator.py
[2025-07-01T05:27:02.125+0000] {processor.py:914} INFO - Processing file /home/airflow/.local/lib/python3.12/site-packages/airflow/example_dags/example_short_circuit_decorator.py for tasks to queue
[2025-07-01T05:27:02.127+0000] {logging_mixin.py:190} INFO - [2025-07-01T05:27:02.127+0000] {dagbag.py:588} INFO - Filling up the DagBag from /home/airflow/.local/lib/python3.12/site-packages/airflow/example_dags/example_short_circuit_decorator.py
[2025-07-01T05:27:02.137+0000] {processor.py:925} INFO - DAG(s) 'example_short_circuit_decorator' retrieved from /home/airflow/.local/lib/python3.12/site-packages/airflow/example_dags/example_short_circuit_decorator.py
[2025-07-01T05:27:02.162+0000] {logging_mixin.py:190} INFO - [2025-07-01T05:27:02.161+0000] {dag.py:3239} INFO - Sync 1 DAGs
[2025-07-01T05:27:02.175+0000] {logging_mixin.py:190} INFO - [2025-07-01T05:27:02.174+0000] {dag.py:4180} INFO - Setting next_dagrun for example_short_circuit_decorator to None, run_after=None
[2025-07-01T05:27:02.193+0000] {processor.py:208} INFO - Processing /home/airflow/.local/lib/python3.12/site-packages/airflow/example_dags/example_short_circuit_decorator.py took 0.075 seconds
[2025-07-01T05:27:32.651+0000] {processor.py:186} INFO - Started process (PID=27409) to work on /home/airflow/.local/lib/python3.12/site-packages/airflow/example_dags/example_short_circuit_decorator.py
[2025-07-01T05:27:32.652+0000] {processor.py:914} INFO - Processing file /home/airflow/.local/lib/python3.12/site-packages/airflow/example_dags/example_short_circuit_decorator.py for tasks to queue
[2025-07-01T05:27:32.655+0000] {logging_mixin.py:190} INFO - [2025-07-01T05:27:32.654+0000] {dagbag.py:588} INFO - Filling up the DagBag from /home/airflow/.local/lib/python3.12/site-packages/airflow/example_dags/example_short_circuit_decorator.py
[2025-07-01T05:27:32.664+0000] {processor.py:925} INFO - DAG(s) 'example_short_circuit_decorator' retrieved from /home/airflow/.local/lib/python3.12/site-packages/airflow/example_dags/example_short_circuit_decorator.py
[2025-07-01T05:27:32.688+0000] {logging_mixin.py:190} INFO - [2025-07-01T05:27:32.688+0000] {dag.py:3239} INFO - Sync 1 DAGs
[2025-07-01T05:27:32.702+0000] {logging_mixin.py:190} INFO - [2025-07-01T05:27:32.702+0000] {dag.py:4180} INFO - Setting next_dagrun for example_short_circuit_decorator to None, run_after=None
[2025-07-01T05:27:32.721+0000] {processor.py:208} INFO - Processing /home/airflow/.local/lib/python3.12/site-packages/airflow/example_dags/example_short_circuit_decorator.py took 0.076 seconds
[2025-07-01T05:28:03.755+0000] {processor.py:186} INFO - Started process (PID=27471) to work on /home/airflow/.local/lib/python3.12/site-packages/airflow/example_dags/example_short_circuit_decorator.py
[2025-07-01T05:28:03.756+0000] {processor.py:914} INFO - Processing file /home/airflow/.local/lib/python3.12/site-packages/airflow/example_dags/example_short_circuit_decorator.py for tasks to queue
[2025-07-01T05:28:03.759+0000] {logging_mixin.py:190} INFO - [2025-07-01T05:28:03.758+0000] {dagbag.py:588} INFO - Filling up the DagBag from /home/airflow/.local/lib/python3.12/site-packages/airflow/example_dags/example_short_circuit_decorator.py
[2025-07-01T05:28:03.768+0000] {processor.py:925} INFO - DAG(s) 'example_short_circuit_decorator' retrieved from /home/airflow/.local/lib/python3.12/site-packages/airflow/example_dags/example_short_circuit_decorator.py
[2025-07-01T05:28:03.795+0000] {logging_mixin.py:190} INFO - [2025-07-01T05:28:03.794+0000] {dag.py:3239} INFO - Sync 1 DAGs
[2025-07-01T05:28:03.808+0000] {logging_mixin.py:190} INFO - [2025-07-01T05:28:03.808+0000] {dag.py:4180} INFO - Setting next_dagrun for example_short_circuit_decorator to None, run_after=None
[2025-07-01T05:28:03.836+0000] {processor.py:208} INFO - Processing /home/airflow/.local/lib/python3.12/site-packages/airflow/example_dags/example_short_circuit_decorator.py took 0.087 seconds
[2025-07-01T05:28:34.133+0000] {processor.py:186} INFO - Started process (PID=27533) to work on /home/airflow/.local/lib/python3.12/site-packages/airflow/example_dags/example_short_circuit_decorator.py
[2025-07-01T05:28:34.134+0000] {processor.py:914} INFO - Processing file /home/airflow/.local/lib/python3.12/site-packages/airflow/example_dags/example_short_circuit_decorator.py for tasks to queue
[2025-07-01T05:28:34.137+0000] {logging_mixin.py:190} INFO - [2025-07-01T05:28:34.137+0000] {dagbag.py:588} INFO - Filling up the DagBag from /home/airflow/.local/lib/python3.12/site-packages/airflow/example_dags/example_short_circuit_decorator.py
[2025-07-01T05:28:34.146+0000] {processor.py:925} INFO - DAG(s) 'example_short_circuit_decorator' retrieved from /home/airflow/.local/lib/python3.12/site-packages/airflow/example_dags/example_short_circuit_decorator.py
[2025-07-01T05:28:34.171+0000] {logging_mixin.py:190} INFO - [2025-07-01T05:28:34.171+0000] {dag.py:3239} INFO - Sync 1 DAGs
[2025-07-01T05:28:34.184+0000] {logging_mixin.py:190} INFO - [2025-07-01T05:28:34.184+0000] {dag.py:4180} INFO - Setting next_dagrun for example_short_circuit_decorator to None, run_after=None
[2025-07-01T05:28:34.201+0000] {processor.py:208} INFO - Processing /home/airflow/.local/lib/python3.12/site-packages/airflow/example_dags/example_short_circuit_decorator.py took 0.075 seconds
[2025-07-01T05:29:04.349+0000] {processor.py:186} INFO - Started process (PID=27595) to work on /home/airflow/.local/lib/python3.12/site-packages/airflow/example_dags/example_short_circuit_decorator.py
[2025-07-01T05:29:04.350+0000] {processor.py:914} INFO - Processing file /home/airflow/.local/lib/python3.12/site-packages/airflow/example_dags/example_short_circuit_decorator.py for tasks to queue
[2025-07-01T05:29:04.352+0000] {logging_mixin.py:190} INFO - [2025-07-01T05:29:04.352+0000] {dagbag.py:588} INFO - Filling up the DagBag from /home/airflow/.local/lib/python3.12/site-packages/airflow/example_dags/example_short_circuit_decorator.py
[2025-07-01T05:29:04.364+0000] {processor.py:925} INFO - DAG(s) 'example_short_circuit_decorator' retrieved from /home/airflow/.local/lib/python3.12/site-packages/airflow/example_dags/example_short_circuit_decorator.py
[2025-07-01T05:29:04.389+0000] {logging_mixin.py:190} INFO - [2025-07-01T05:29:04.389+0000] {dag.py:3239} INFO - Sync 1 DAGs
[2025-07-01T05:29:04.403+0000] {logging_mixin.py:190} INFO - [2025-07-01T05:29:04.403+0000] {dag.py:4180} INFO - Setting next_dagrun for example_short_circuit_decorator to None, run_after=None
[2025-07-01T05:29:04.421+0000] {processor.py:208} INFO - Processing /home/airflow/.local/lib/python3.12/site-packages/airflow/example_dags/example_short_circuit_decorator.py took 0.078 seconds
[2025-07-01T05:29:34.612+0000] {processor.py:186} INFO - Started process (PID=27657) to work on /home/airflow/.local/lib/python3.12/site-packages/airflow/example_dags/example_short_circuit_decorator.py
[2025-07-01T05:29:34.613+0000] {processor.py:914} INFO - Processing file /home/airflow/.local/lib/python3.12/site-packages/airflow/example_dags/example_short_circuit_decorator.py for tasks to queue
[2025-07-01T05:29:34.616+0000] {logging_mixin.py:190} INFO - [2025-07-01T05:29:34.616+0000] {dagbag.py:588} INFO - Filling up the DagBag from /home/airflow/.local/lib/python3.12/site-packages/airflow/example_dags/example_short_circuit_decorator.py
[2025-07-01T05:29:34.628+0000] {processor.py:925} INFO - DAG(s) 'example_short_circuit_decorator' retrieved from /home/airflow/.local/lib/python3.12/site-packages/airflow/example_dags/example_short_circuit_decorator.py
[2025-07-01T05:29:34.651+0000] {logging_mixin.py:190} INFO - [2025-07-01T05:29:34.651+0000] {dag.py:3239} INFO - Sync 1 DAGs
[2025-07-01T05:29:34.664+0000] {logging_mixin.py:190} INFO - [2025-07-01T05:29:34.664+0000] {dag.py:4180} INFO - Setting next_dagrun for example_short_circuit_decorator to None, run_after=None
[2025-07-01T05:29:34.682+0000] {processor.py:208} INFO - Processing /home/airflow/.local/lib/python3.12/site-packages/airflow/example_dags/example_short_circuit_decorator.py took 0.076 seconds
[2025-07-01T05:30:05.159+0000] {processor.py:186} INFO - Started process (PID=27714) to work on /home/airflow/.local/lib/python3.12/site-packages/airflow/example_dags/example_short_circuit_decorator.py
[2025-07-01T05:30:05.160+0000] {processor.py:914} INFO - Processing file /home/airflow/.local/lib/python3.12/site-packages/airflow/example_dags/example_short_circuit_decorator.py for tasks to queue
[2025-07-01T05:30:05.162+0000] {logging_mixin.py:190} INFO - [2025-07-01T05:30:05.162+0000] {dagbag.py:588} INFO - Filling up the DagBag from /home/airflow/.local/lib/python3.12/site-packages/airflow/example_dags/example_short_circuit_decorator.py
[2025-07-01T05:30:05.172+0000] {processor.py:925} INFO - DAG(s) 'example_short_circuit_decorator' retrieved from /home/airflow/.local/lib/python3.12/site-packages/airflow/example_dags/example_short_circuit_decorator.py
[2025-07-01T05:30:05.193+0000] {logging_mixin.py:190} INFO - [2025-07-01T05:30:05.193+0000] {dag.py:3239} INFO - Sync 1 DAGs
[2025-07-01T05:30:05.208+0000] {logging_mixin.py:190} INFO - [2025-07-01T05:30:05.207+0000] {dag.py:4180} INFO - Setting next_dagrun for example_short_circuit_decorator to None, run_after=None
[2025-07-01T05:30:05.224+0000] {processor.py:208} INFO - Processing /home/airflow/.local/lib/python3.12/site-packages/airflow/example_dags/example_short_circuit_decorator.py took 0.071 seconds
[2025-07-01T05:30:35.407+0000] {processor.py:186} INFO - Started process (PID=27773) to work on /home/airflow/.local/lib/python3.12/site-packages/airflow/example_dags/example_short_circuit_decorator.py
[2025-07-01T05:30:35.408+0000] {processor.py:914} INFO - Processing file /home/airflow/.local/lib/python3.12/site-packages/airflow/example_dags/example_short_circuit_decorator.py for tasks to queue
[2025-07-01T05:30:35.410+0000] {logging_mixin.py:190} INFO - [2025-07-01T05:30:35.410+0000] {dagbag.py:588} INFO - Filling up the DagBag from /home/airflow/.local/lib/python3.12/site-packages/airflow/example_dags/example_short_circuit_decorator.py
[2025-07-01T05:30:35.420+0000] {processor.py:925} INFO - DAG(s) 'example_short_circuit_decorator' retrieved from /home/airflow/.local/lib/python3.12/site-packages/airflow/example_dags/example_short_circuit_decorator.py
[2025-07-01T05:30:35.442+0000] {logging_mixin.py:190} INFO - [2025-07-01T05:30:35.442+0000] {dag.py:3239} INFO - Sync 1 DAGs
[2025-07-01T05:30:35.456+0000] {logging_mixin.py:190} INFO - [2025-07-01T05:30:35.456+0000] {dag.py:4180} INFO - Setting next_dagrun for example_short_circuit_decorator to None, run_after=None
[2025-07-01T05:30:35.473+0000] {processor.py:208} INFO - Processing /home/airflow/.local/lib/python3.12/site-packages/airflow/example_dags/example_short_circuit_decorator.py took 0.072 seconds
[2025-07-01T05:31:05.906+0000] {processor.py:186} INFO - Started process (PID=27830) to work on /home/airflow/.local/lib/python3.12/site-packages/airflow/example_dags/example_short_circuit_decorator.py
[2025-07-01T05:31:05.907+0000] {processor.py:914} INFO - Processing file /home/airflow/.local/lib/python3.12/site-packages/airflow/example_dags/example_short_circuit_decorator.py for tasks to queue
[2025-07-01T05:31:05.910+0000] {logging_mixin.py:190} INFO - [2025-07-01T05:31:05.909+0000] {dagbag.py:588} INFO - Filling up the DagBag from /home/airflow/.local/lib/python3.12/site-packages/airflow/example_dags/example_short_circuit_decorator.py
[2025-07-01T05:31:05.919+0000] {processor.py:925} INFO - DAG(s) 'example_short_circuit_decorator' retrieved from /home/airflow/.local/lib/python3.12/site-packages/airflow/example_dags/example_short_circuit_decorator.py
[2025-07-01T05:31:05.941+0000] {logging_mixin.py:190} INFO - [2025-07-01T05:31:05.941+0000] {dag.py:3239} INFO - Sync 1 DAGs
[2025-07-01T05:31:05.954+0000] {logging_mixin.py:190} INFO - [2025-07-01T05:31:05.954+0000] {dag.py:4180} INFO - Setting next_dagrun for example_short_circuit_decorator to None, run_after=None
[2025-07-01T05:31:05.972+0000] {processor.py:208} INFO - Processing /home/airflow/.local/lib/python3.12/site-packages/airflow/example_dags/example_short_circuit_decorator.py took 0.072 seconds
[2025-07-01T05:31:36.370+0000] {processor.py:186} INFO - Started process (PID=27886) to work on /home/airflow/.local/lib/python3.12/site-packages/airflow/example_dags/example_short_circuit_decorator.py
[2025-07-01T05:31:36.371+0000] {processor.py:914} INFO - Processing file /home/airflow/.local/lib/python3.12/site-packages/airflow/example_dags/example_short_circuit_decorator.py for tasks to queue
[2025-07-01T05:31:36.373+0000] {logging_mixin.py:190} INFO - [2025-07-01T05:31:36.373+0000] {dagbag.py:588} INFO - Filling up the DagBag from /home/airflow/.local/lib/python3.12/site-packages/airflow/example_dags/example_short_circuit_decorator.py
[2025-07-01T05:31:36.383+0000] {processor.py:925} INFO - DAG(s) 'example_short_circuit_decorator' retrieved from /home/airflow/.local/lib/python3.12/site-packages/airflow/example_dags/example_short_circuit_decorator.py
[2025-07-01T05:31:36.404+0000] {logging_mixin.py:190} INFO - [2025-07-01T05:31:36.404+0000] {dag.py:3239} INFO - Sync 1 DAGs
[2025-07-01T05:31:36.418+0000] {logging_mixin.py:190} INFO - [2025-07-01T05:31:36.418+0000] {dag.py:4180} INFO - Setting next_dagrun for example_short_circuit_decorator to None, run_after=None
[2025-07-01T05:31:36.435+0000] {processor.py:208} INFO - Processing /home/airflow/.local/lib/python3.12/site-packages/airflow/example_dags/example_short_circuit_decorator.py took 0.071 seconds
[2025-07-01T05:32:06.916+0000] {processor.py:186} INFO - Started process (PID=27946) to work on /home/airflow/.local/lib/python3.12/site-packages/airflow/example_dags/example_short_circuit_decorator.py
[2025-07-01T05:32:06.917+0000] {processor.py:914} INFO - Processing file /home/airflow/.local/lib/python3.12/site-packages/airflow/example_dags/example_short_circuit_decorator.py for tasks to queue
[2025-07-01T05:32:06.920+0000] {logging_mixin.py:190} INFO - [2025-07-01T05:32:06.919+0000] {dagbag.py:588} INFO - Filling up the DagBag from /home/airflow/.local/lib/python3.12/site-packages/airflow/example_dags/example_short_circuit_decorator.py
[2025-07-01T05:32:06.929+0000] {processor.py:925} INFO - DAG(s) 'example_short_circuit_decorator' retrieved from /home/airflow/.local/lib/python3.12/site-packages/airflow/example_dags/example_short_circuit_decorator.py
[2025-07-01T05:32:06.949+0000] {logging_mixin.py:190} INFO - [2025-07-01T05:32:06.949+0000] {dag.py:3239} INFO - Sync 1 DAGs
[2025-07-01T05:32:06.964+0000] {logging_mixin.py:190} INFO - [2025-07-01T05:32:06.963+0000] {dag.py:4180} INFO - Setting next_dagrun for example_short_circuit_decorator to None, run_after=None
[2025-07-01T05:32:06.981+0000] {processor.py:208} INFO - Processing /home/airflow/.local/lib/python3.12/site-packages/airflow/example_dags/example_short_circuit_decorator.py took 0.070 seconds
[2025-07-01T05:32:37.187+0000] {processor.py:186} INFO - Started process (PID=28002) to work on /home/airflow/.local/lib/python3.12/site-packages/airflow/example_dags/example_short_circuit_decorator.py
[2025-07-01T05:32:37.188+0000] {processor.py:914} INFO - Processing file /home/airflow/.local/lib/python3.12/site-packages/airflow/example_dags/example_short_circuit_decorator.py for tasks to queue
[2025-07-01T05:32:37.193+0000] {logging_mixin.py:190} INFO - [2025-07-01T05:32:37.193+0000] {dagbag.py:588} INFO - Filling up the DagBag from /home/airflow/.local/lib/python3.12/site-packages/airflow/example_dags/example_short_circuit_decorator.py
[2025-07-01T05:32:37.203+0000] {processor.py:925} INFO - DAG(s) 'example_short_circuit_decorator' retrieved from /home/airflow/.local/lib/python3.12/site-packages/airflow/example_dags/example_short_circuit_decorator.py
[2025-07-01T05:32:37.225+0000] {logging_mixin.py:190} INFO - [2025-07-01T05:32:37.225+0000] {dag.py:3239} INFO - Sync 1 DAGs
[2025-07-01T05:32:37.240+0000] {logging_mixin.py:190} INFO - [2025-07-01T05:32:37.239+0000] {dag.py:4180} INFO - Setting next_dagrun for example_short_circuit_decorator to None, run_after=None
[2025-07-01T05:32:37.258+0000] {processor.py:208} INFO - Processing /home/airflow/.local/lib/python3.12/site-packages/airflow/example_dags/example_short_circuit_decorator.py took 0.076 seconds
[2025-07-01T05:33:07.790+0000] {processor.py:186} INFO - Started process (PID=28061) to work on /home/airflow/.local/lib/python3.12/site-packages/airflow/example_dags/example_short_circuit_decorator.py
[2025-07-01T05:33:07.791+0000] {processor.py:914} INFO - Processing file /home/airflow/.local/lib/python3.12/site-packages/airflow/example_dags/example_short_circuit_decorator.py for tasks to queue
[2025-07-01T05:33:07.794+0000] {logging_mixin.py:190} INFO - [2025-07-01T05:33:07.794+0000] {dagbag.py:588} INFO - Filling up the DagBag from /home/airflow/.local/lib/python3.12/site-packages/airflow/example_dags/example_short_circuit_decorator.py
[2025-07-01T05:33:07.804+0000] {processor.py:925} INFO - DAG(s) 'example_short_circuit_decorator' retrieved from /home/airflow/.local/lib/python3.12/site-packages/airflow/example_dags/example_short_circuit_decorator.py
[2025-07-01T05:33:07.824+0000] {logging_mixin.py:190} INFO - [2025-07-01T05:33:07.824+0000] {dag.py:3239} INFO - Sync 1 DAGs
[2025-07-01T05:33:07.838+0000] {logging_mixin.py:190} INFO - [2025-07-01T05:33:07.838+0000] {dag.py:4180} INFO - Setting next_dagrun for example_short_circuit_decorator to None, run_after=None
[2025-07-01T05:33:07.856+0000] {processor.py:208} INFO - Processing /home/airflow/.local/lib/python3.12/site-packages/airflow/example_dags/example_short_circuit_decorator.py took 0.071 seconds
[2025-07-01T05:33:38.052+0000] {processor.py:186} INFO - Started process (PID=28121) to work on /home/airflow/.local/lib/python3.12/site-packages/airflow/example_dags/example_short_circuit_decorator.py
[2025-07-01T05:33:38.053+0000] {processor.py:914} INFO - Processing file /home/airflow/.local/lib/python3.12/site-packages/airflow/example_dags/example_short_circuit_decorator.py for tasks to queue
[2025-07-01T05:33:38.057+0000] {logging_mixin.py:190} INFO - [2025-07-01T05:33:38.056+0000] {dagbag.py:588} INFO - Filling up the DagBag from /home/airflow/.local/lib/python3.12/site-packages/airflow/example_dags/example_short_circuit_decorator.py
[2025-07-01T05:33:38.067+0000] {processor.py:925} INFO - DAG(s) 'example_short_circuit_decorator' retrieved from /home/airflow/.local/lib/python3.12/site-packages/airflow/example_dags/example_short_circuit_decorator.py
[2025-07-01T05:33:38.092+0000] {logging_mixin.py:190} INFO - [2025-07-01T05:33:38.092+0000] {dag.py:3239} INFO - Sync 1 DAGs
[2025-07-01T05:33:38.109+0000] {logging_mixin.py:190} INFO - [2025-07-01T05:33:38.109+0000] {dag.py:4180} INFO - Setting next_dagrun for example_short_circuit_decorator to None, run_after=None
[2025-07-01T05:33:38.134+0000] {processor.py:208} INFO - Processing /home/airflow/.local/lib/python3.12/site-packages/airflow/example_dags/example_short_circuit_decorator.py took 0.088 seconds
[2025-07-01T05:34:08.407+0000] {processor.py:186} INFO - Started process (PID=28183) to work on /home/airflow/.local/lib/python3.12/site-packages/airflow/example_dags/example_short_circuit_decorator.py
[2025-07-01T05:34:08.408+0000] {processor.py:914} INFO - Processing file /home/airflow/.local/lib/python3.12/site-packages/airflow/example_dags/example_short_circuit_decorator.py for tasks to queue
[2025-07-01T05:34:08.411+0000] {logging_mixin.py:190} INFO - [2025-07-01T05:34:08.411+0000] {dagbag.py:588} INFO - Filling up the DagBag from /home/airflow/.local/lib/python3.12/site-packages/airflow/example_dags/example_short_circuit_decorator.py
[2025-07-01T05:34:08.420+0000] {processor.py:925} INFO - DAG(s) 'example_short_circuit_decorator' retrieved from /home/airflow/.local/lib/python3.12/site-packages/airflow/example_dags/example_short_circuit_decorator.py
[2025-07-01T05:34:08.443+0000] {logging_mixin.py:190} INFO - [2025-07-01T05:34:08.442+0000] {dag.py:3239} INFO - Sync 1 DAGs
[2025-07-01T05:34:08.456+0000] {logging_mixin.py:190} INFO - [2025-07-01T05:34:08.456+0000] {dag.py:4180} INFO - Setting next_dagrun for example_short_circuit_decorator to None, run_after=None
[2025-07-01T05:34:08.473+0000] {processor.py:208} INFO - Processing /home/airflow/.local/lib/python3.12/site-packages/airflow/example_dags/example_short_circuit_decorator.py took 0.072 seconds
[2025-07-01T05:34:38.612+0000] {processor.py:186} INFO - Started process (PID=28245) to work on /home/airflow/.local/lib/python3.12/site-packages/airflow/example_dags/example_short_circuit_decorator.py
[2025-07-01T05:34:38.614+0000] {processor.py:914} INFO - Processing file /home/airflow/.local/lib/python3.12/site-packages/airflow/example_dags/example_short_circuit_decorator.py for tasks to queue
[2025-07-01T05:34:38.618+0000] {logging_mixin.py:190} INFO - [2025-07-01T05:34:38.618+0000] {dagbag.py:588} INFO - Filling up the DagBag from /home/airflow/.local/lib/python3.12/site-packages/airflow/example_dags/example_short_circuit_decorator.py
[2025-07-01T05:34:38.632+0000] {processor.py:925} INFO - DAG(s) 'example_short_circuit_decorator' retrieved from /home/airflow/.local/lib/python3.12/site-packages/airflow/example_dags/example_short_circuit_decorator.py
[2025-07-01T05:34:38.663+0000] {logging_mixin.py:190} INFO - [2025-07-01T05:34:38.663+0000] {dag.py:3239} INFO - Sync 1 DAGs
[2025-07-01T05:34:38.848+0000] {logging_mixin.py:190} INFO - [2025-07-01T05:34:38.847+0000] {dag.py:4180} INFO - Setting next_dagrun for example_short_circuit_decorator to None, run_after=None
[2025-07-01T05:34:38.866+0000] {processor.py:208} INFO - Processing /home/airflow/.local/lib/python3.12/site-packages/airflow/example_dags/example_short_circuit_decorator.py took 0.262 seconds
[2025-07-01T05:35:09.222+0000] {processor.py:186} INFO - Started process (PID=28307) to work on /home/airflow/.local/lib/python3.12/site-packages/airflow/example_dags/example_short_circuit_decorator.py
[2025-07-01T05:35:09.223+0000] {processor.py:914} INFO - Processing file /home/airflow/.local/lib/python3.12/site-packages/airflow/example_dags/example_short_circuit_decorator.py for tasks to queue
[2025-07-01T05:35:09.228+0000] {logging_mixin.py:190} INFO - [2025-07-01T05:35:09.228+0000] {dagbag.py:588} INFO - Filling up the DagBag from /home/airflow/.local/lib/python3.12/site-packages/airflow/example_dags/example_short_circuit_decorator.py
[2025-07-01T05:35:09.239+0000] {processor.py:925} INFO - DAG(s) 'example_short_circuit_decorator' retrieved from /home/airflow/.local/lib/python3.12/site-packages/airflow/example_dags/example_short_circuit_decorator.py
[2025-07-01T05:35:09.263+0000] {logging_mixin.py:190} INFO - [2025-07-01T05:35:09.262+0000] {dag.py:3239} INFO - Sync 1 DAGs
[2025-07-01T05:35:09.276+0000] {logging_mixin.py:190} INFO - [2025-07-01T05:35:09.276+0000] {dag.py:4180} INFO - Setting next_dagrun for example_short_circuit_decorator to None, run_after=None
[2025-07-01T05:35:09.448+0000] {processor.py:208} INFO - Processing /home/airflow/.local/lib/python3.12/site-packages/airflow/example_dags/example_short_circuit_decorator.py took 0.233 seconds
[2025-07-01T05:35:39.961+0000] {processor.py:186} INFO - Started process (PID=28369) to work on /home/airflow/.local/lib/python3.12/site-packages/airflow/example_dags/example_short_circuit_decorator.py
[2025-07-01T05:35:39.963+0000] {processor.py:914} INFO - Processing file /home/airflow/.local/lib/python3.12/site-packages/airflow/example_dags/example_short_circuit_decorator.py for tasks to queue
[2025-07-01T05:35:39.967+0000] {logging_mixin.py:190} INFO - [2025-07-01T05:35:39.967+0000] {dagbag.py:588} INFO - Filling up the DagBag from /home/airflow/.local/lib/python3.12/site-packages/airflow/example_dags/example_short_circuit_decorator.py
[2025-07-01T05:35:39.977+0000] {processor.py:925} INFO - DAG(s) 'example_short_circuit_decorator' retrieved from /home/airflow/.local/lib/python3.12/site-packages/airflow/example_dags/example_short_circuit_decorator.py
[2025-07-01T05:35:40.001+0000] {logging_mixin.py:190} INFO - [2025-07-01T05:35:40.000+0000] {dag.py:3239} INFO - Sync 1 DAGs
[2025-07-01T05:35:40.020+0000] {logging_mixin.py:190} INFO - [2025-07-01T05:35:40.020+0000] {dag.py:4180} INFO - Setting next_dagrun for example_short_circuit_decorator to None, run_after=None
[2025-07-01T05:35:40.043+0000] {processor.py:208} INFO - Processing /home/airflow/.local/lib/python3.12/site-packages/airflow/example_dags/example_short_circuit_decorator.py took 0.092 seconds
[2025-07-01T05:36:10.382+0000] {processor.py:186} INFO - Started process (PID=28431) to work on /home/airflow/.local/lib/python3.12/site-packages/airflow/example_dags/example_short_circuit_decorator.py
[2025-07-01T05:36:10.384+0000] {processor.py:914} INFO - Processing file /home/airflow/.local/lib/python3.12/site-packages/airflow/example_dags/example_short_circuit_decorator.py for tasks to queue
[2025-07-01T05:36:10.388+0000] {logging_mixin.py:190} INFO - [2025-07-01T05:36:10.388+0000] {dagbag.py:588} INFO - Filling up the DagBag from /home/airflow/.local/lib/python3.12/site-packages/airflow/example_dags/example_short_circuit_decorator.py
[2025-07-01T05:36:10.403+0000] {processor.py:925} INFO - DAG(s) 'example_short_circuit_decorator' retrieved from /home/airflow/.local/lib/python3.12/site-packages/airflow/example_dags/example_short_circuit_decorator.py
[2025-07-01T05:36:10.426+0000] {logging_mixin.py:190} INFO - [2025-07-01T05:36:10.426+0000] {dag.py:3239} INFO - Sync 1 DAGs
[2025-07-01T05:36:10.440+0000] {logging_mixin.py:190} INFO - [2025-07-01T05:36:10.440+0000] {dag.py:4180} INFO - Setting next_dagrun for example_short_circuit_decorator to None, run_after=None
[2025-07-01T05:36:10.456+0000] {processor.py:208} INFO - Processing /home/airflow/.local/lib/python3.12/site-packages/airflow/example_dags/example_short_circuit_decorator.py took 0.081 seconds
[2025-07-01T05:36:40.684+0000] {processor.py:186} INFO - Started process (PID=28493) to work on /home/airflow/.local/lib/python3.12/site-packages/airflow/example_dags/example_short_circuit_decorator.py
[2025-07-01T05:36:40.685+0000] {processor.py:914} INFO - Processing file /home/airflow/.local/lib/python3.12/site-packages/airflow/example_dags/example_short_circuit_decorator.py for tasks to queue
[2025-07-01T05:36:40.687+0000] {logging_mixin.py:190} INFO - [2025-07-01T05:36:40.687+0000] {dagbag.py:588} INFO - Filling up the DagBag from /home/airflow/.local/lib/python3.12/site-packages/airflow/example_dags/example_short_circuit_decorator.py
[2025-07-01T05:36:40.697+0000] {processor.py:925} INFO - DAG(s) 'example_short_circuit_decorator' retrieved from /home/airflow/.local/lib/python3.12/site-packages/airflow/example_dags/example_short_circuit_decorator.py
[2025-07-01T05:36:40.720+0000] {logging_mixin.py:190} INFO - [2025-07-01T05:36:40.719+0000] {dag.py:3239} INFO - Sync 1 DAGs
[2025-07-01T05:36:40.733+0000] {logging_mixin.py:190} INFO - [2025-07-01T05:36:40.733+0000] {dag.py:4180} INFO - Setting next_dagrun for example_short_circuit_decorator to None, run_after=None
[2025-07-01T05:36:40.750+0000] {processor.py:208} INFO - Processing /home/airflow/.local/lib/python3.12/site-packages/airflow/example_dags/example_short_circuit_decorator.py took 0.073 seconds
[2025-07-01T05:37:10.858+0000] {processor.py:186} INFO - Started process (PID=28555) to work on /home/airflow/.local/lib/python3.12/site-packages/airflow/example_dags/example_short_circuit_decorator.py
[2025-07-01T05:37:10.859+0000] {processor.py:914} INFO - Processing file /home/airflow/.local/lib/python3.12/site-packages/airflow/example_dags/example_short_circuit_decorator.py for tasks to queue
[2025-07-01T05:37:10.862+0000] {logging_mixin.py:190} INFO - [2025-07-01T05:37:10.861+0000] {dagbag.py:588} INFO - Filling up the DagBag from /home/airflow/.local/lib/python3.12/site-packages/airflow/example_dags/example_short_circuit_decorator.py
[2025-07-01T05:37:10.871+0000] {processor.py:925} INFO - DAG(s) 'example_short_circuit_decorator' retrieved from /home/airflow/.local/lib/python3.12/site-packages/airflow/example_dags/example_short_circuit_decorator.py
[2025-07-01T05:37:10.893+0000] {logging_mixin.py:190} INFO - [2025-07-01T05:37:10.893+0000] {dag.py:3239} INFO - Sync 1 DAGs
[2025-07-01T05:37:10.906+0000] {logging_mixin.py:190} INFO - [2025-07-01T05:37:10.906+0000] {dag.py:4180} INFO - Setting next_dagrun for example_short_circuit_decorator to None, run_after=None
[2025-07-01T05:37:10.926+0000] {processor.py:208} INFO - Processing /home/airflow/.local/lib/python3.12/site-packages/airflow/example_dags/example_short_circuit_decorator.py took 0.075 seconds
[2025-07-01T05:37:41.006+0000] {processor.py:186} INFO - Started process (PID=28617) to work on /home/airflow/.local/lib/python3.12/site-packages/airflow/example_dags/example_short_circuit_decorator.py
[2025-07-01T05:37:41.007+0000] {processor.py:914} INFO - Processing file /home/airflow/.local/lib/python3.12/site-packages/airflow/example_dags/example_short_circuit_decorator.py for tasks to queue
[2025-07-01T05:37:41.011+0000] {logging_mixin.py:190} INFO - [2025-07-01T05:37:41.010+0000] {dagbag.py:588} INFO - Filling up the DagBag from /home/airflow/.local/lib/python3.12/site-packages/airflow/example_dags/example_short_circuit_decorator.py
[2025-07-01T05:37:41.022+0000] {processor.py:925} INFO - DAG(s) 'example_short_circuit_decorator' retrieved from /home/airflow/.local/lib/python3.12/site-packages/airflow/example_dags/example_short_circuit_decorator.py
[2025-07-01T05:37:41.047+0000] {logging_mixin.py:190} INFO - [2025-07-01T05:37:41.047+0000] {dag.py:3239} INFO - Sync 1 DAGs
[2025-07-01T05:37:41.062+0000] {logging_mixin.py:190} INFO - [2025-07-01T05:37:41.062+0000] {dag.py:4180} INFO - Setting next_dagrun for example_short_circuit_decorator to None, run_after=None
[2025-07-01T05:37:41.088+0000] {processor.py:208} INFO - Processing /home/airflow/.local/lib/python3.12/site-packages/airflow/example_dags/example_short_circuit_decorator.py took 0.088 seconds
[2025-07-01T05:38:11.280+0000] {processor.py:186} INFO - Started process (PID=28679) to work on /home/airflow/.local/lib/python3.12/site-packages/airflow/example_dags/example_short_circuit_decorator.py
[2025-07-01T05:38:11.281+0000] {processor.py:914} INFO - Processing file /home/airflow/.local/lib/python3.12/site-packages/airflow/example_dags/example_short_circuit_decorator.py for tasks to queue
[2025-07-01T05:38:11.284+0000] {logging_mixin.py:190} INFO - [2025-07-01T05:38:11.283+0000] {dagbag.py:588} INFO - Filling up the DagBag from /home/airflow/.local/lib/python3.12/site-packages/airflow/example_dags/example_short_circuit_decorator.py
[2025-07-01T05:38:11.293+0000] {processor.py:925} INFO - DAG(s) 'example_short_circuit_decorator' retrieved from /home/airflow/.local/lib/python3.12/site-packages/airflow/example_dags/example_short_circuit_decorator.py
[2025-07-01T05:38:11.314+0000] {logging_mixin.py:190} INFO - [2025-07-01T05:38:11.314+0000] {dag.py:3239} INFO - Sync 1 DAGs
[2025-07-01T05:38:11.328+0000] {logging_mixin.py:190} INFO - [2025-07-01T05:38:11.327+0000] {dag.py:4180} INFO - Setting next_dagrun for example_short_circuit_decorator to None, run_after=None
[2025-07-01T05:38:11.344+0000] {processor.py:208} INFO - Processing /home/airflow/.local/lib/python3.12/site-packages/airflow/example_dags/example_short_circuit_decorator.py took 0.070 seconds
[2025-07-01T05:38:41.864+0000] {processor.py:186} INFO - Started process (PID=28740) to work on /home/airflow/.local/lib/python3.12/site-packages/airflow/example_dags/example_short_circuit_decorator.py
[2025-07-01T05:38:41.865+0000] {processor.py:914} INFO - Processing file /home/airflow/.local/lib/python3.12/site-packages/airflow/example_dags/example_short_circuit_decorator.py for tasks to queue
[2025-07-01T05:38:41.868+0000] {logging_mixin.py:190} INFO - [2025-07-01T05:38:41.868+0000] {dagbag.py:588} INFO - Filling up the DagBag from /home/airflow/.local/lib/python3.12/site-packages/airflow/example_dags/example_short_circuit_decorator.py
[2025-07-01T05:38:41.878+0000] {processor.py:925} INFO - DAG(s) 'example_short_circuit_decorator' retrieved from /home/airflow/.local/lib/python3.12/site-packages/airflow/example_dags/example_short_circuit_decorator.py
[2025-07-01T05:38:41.900+0000] {logging_mixin.py:190} INFO - [2025-07-01T05:38:41.900+0000] {dag.py:3239} INFO - Sync 1 DAGs
[2025-07-01T05:38:41.914+0000] {logging_mixin.py:190} INFO - [2025-07-01T05:38:41.914+0000] {dag.py:4180} INFO - Setting next_dagrun for example_short_circuit_decorator to None, run_after=None
[2025-07-01T05:38:41.932+0000] {processor.py:208} INFO - Processing /home/airflow/.local/lib/python3.12/site-packages/airflow/example_dags/example_short_circuit_decorator.py took 0.074 seconds
[2025-07-01T05:39:12.515+0000] {processor.py:186} INFO - Started process (PID=28802) to work on /home/airflow/.local/lib/python3.12/site-packages/airflow/example_dags/example_short_circuit_decorator.py
[2025-07-01T05:39:12.516+0000] {processor.py:914} INFO - Processing file /home/airflow/.local/lib/python3.12/site-packages/airflow/example_dags/example_short_circuit_decorator.py for tasks to queue
[2025-07-01T05:39:12.519+0000] {logging_mixin.py:190} INFO - [2025-07-01T05:39:12.519+0000] {dagbag.py:588} INFO - Filling up the DagBag from /home/airflow/.local/lib/python3.12/site-packages/airflow/example_dags/example_short_circuit_decorator.py
[2025-07-01T05:39:12.528+0000] {processor.py:925} INFO - DAG(s) 'example_short_circuit_decorator' retrieved from /home/airflow/.local/lib/python3.12/site-packages/airflow/example_dags/example_short_circuit_decorator.py
[2025-07-01T05:39:12.551+0000] {logging_mixin.py:190} INFO - [2025-07-01T05:39:12.551+0000] {dag.py:3239} INFO - Sync 1 DAGs
[2025-07-01T05:39:12.565+0000] {logging_mixin.py:190} INFO - [2025-07-01T05:39:12.564+0000] {dag.py:4180} INFO - Setting next_dagrun for example_short_circuit_decorator to None, run_after=None
[2025-07-01T05:39:12.582+0000] {processor.py:208} INFO - Processing /home/airflow/.local/lib/python3.12/site-packages/airflow/example_dags/example_short_circuit_decorator.py took 0.074 seconds
[2025-07-01T05:39:43.250+0000] {processor.py:186} INFO - Started process (PID=28864) to work on /home/airflow/.local/lib/python3.12/site-packages/airflow/example_dags/example_short_circuit_decorator.py
[2025-07-01T05:39:43.251+0000] {processor.py:914} INFO - Processing file /home/airflow/.local/lib/python3.12/site-packages/airflow/example_dags/example_short_circuit_decorator.py for tasks to queue
[2025-07-01T05:39:43.255+0000] {logging_mixin.py:190} INFO - [2025-07-01T05:39:43.254+0000] {dagbag.py:588} INFO - Filling up the DagBag from /home/airflow/.local/lib/python3.12/site-packages/airflow/example_dags/example_short_circuit_decorator.py
[2025-07-01T05:39:43.264+0000] {processor.py:925} INFO - DAG(s) 'example_short_circuit_decorator' retrieved from /home/airflow/.local/lib/python3.12/site-packages/airflow/example_dags/example_short_circuit_decorator.py
[2025-07-01T05:39:43.288+0000] {logging_mixin.py:190} INFO - [2025-07-01T05:39:43.288+0000] {dag.py:3239} INFO - Sync 1 DAGs
[2025-07-01T05:39:43.301+0000] {logging_mixin.py:190} INFO - [2025-07-01T05:39:43.301+0000] {dag.py:4180} INFO - Setting next_dagrun for example_short_circuit_decorator to None, run_after=None
[2025-07-01T05:39:43.319+0000] {processor.py:208} INFO - Processing /home/airflow/.local/lib/python3.12/site-packages/airflow/example_dags/example_short_circuit_decorator.py took 0.075 seconds
[2025-07-01T05:40:13.924+0000] {processor.py:186} INFO - Started process (PID=28926) to work on /home/airflow/.local/lib/python3.12/site-packages/airflow/example_dags/example_short_circuit_decorator.py
[2025-07-01T05:40:13.926+0000] {processor.py:914} INFO - Processing file /home/airflow/.local/lib/python3.12/site-packages/airflow/example_dags/example_short_circuit_decorator.py for tasks to queue
[2025-07-01T05:40:13.931+0000] {logging_mixin.py:190} INFO - [2025-07-01T05:40:13.930+0000] {dagbag.py:588} INFO - Filling up the DagBag from /home/airflow/.local/lib/python3.12/site-packages/airflow/example_dags/example_short_circuit_decorator.py
[2025-07-01T05:40:13.944+0000] {processor.py:925} INFO - DAG(s) 'example_short_circuit_decorator' retrieved from /home/airflow/.local/lib/python3.12/site-packages/airflow/example_dags/example_short_circuit_decorator.py
[2025-07-01T05:40:13.974+0000] {logging_mixin.py:190} INFO - [2025-07-01T05:40:13.974+0000] {dag.py:3239} INFO - Sync 1 DAGs
[2025-07-01T05:40:13.992+0000] {logging_mixin.py:190} INFO - [2025-07-01T05:40:13.992+0000] {dag.py:4180} INFO - Setting next_dagrun for example_short_circuit_decorator to None, run_after=None
[2025-07-01T05:40:14.012+0000] {processor.py:208} INFO - Processing /home/airflow/.local/lib/python3.12/site-packages/airflow/example_dags/example_short_circuit_decorator.py took 0.098 seconds
[2025-07-01T05:40:44.949+0000] {processor.py:186} INFO - Started process (PID=28989) to work on /home/airflow/.local/lib/python3.12/site-packages/airflow/example_dags/example_short_circuit_decorator.py
[2025-07-01T05:40:44.950+0000] {processor.py:914} INFO - Processing file /home/airflow/.local/lib/python3.12/site-packages/airflow/example_dags/example_short_circuit_decorator.py for tasks to queue
[2025-07-01T05:40:44.954+0000] {logging_mixin.py:190} INFO - [2025-07-01T05:40:44.953+0000] {dagbag.py:588} INFO - Filling up the DagBag from /home/airflow/.local/lib/python3.12/site-packages/airflow/example_dags/example_short_circuit_decorator.py
[2025-07-01T05:40:44.965+0000] {processor.py:925} INFO - DAG(s) 'example_short_circuit_decorator' retrieved from /home/airflow/.local/lib/python3.12/site-packages/airflow/example_dags/example_short_circuit_decorator.py
[2025-07-01T05:40:44.991+0000] {logging_mixin.py:190} INFO - [2025-07-01T05:40:44.991+0000] {dag.py:3239} INFO - Sync 1 DAGs
[2025-07-01T05:40:45.008+0000] {logging_mixin.py:190} INFO - [2025-07-01T05:40:45.007+0000] {dag.py:4180} INFO - Setting next_dagrun for example_short_circuit_decorator to None, run_after=None
[2025-07-01T05:40:45.028+0000] {processor.py:208} INFO - Processing /home/airflow/.local/lib/python3.12/site-packages/airflow/example_dags/example_short_circuit_decorator.py took 0.085 seconds
[2025-07-01T05:41:15.104+0000] {processor.py:186} INFO - Started process (PID=29051) to work on /home/airflow/.local/lib/python3.12/site-packages/airflow/example_dags/example_short_circuit_decorator.py
[2025-07-01T05:41:15.105+0000] {processor.py:914} INFO - Processing file /home/airflow/.local/lib/python3.12/site-packages/airflow/example_dags/example_short_circuit_decorator.py for tasks to queue
[2025-07-01T05:41:15.108+0000] {logging_mixin.py:190} INFO - [2025-07-01T05:41:15.108+0000] {dagbag.py:588} INFO - Filling up the DagBag from /home/airflow/.local/lib/python3.12/site-packages/airflow/example_dags/example_short_circuit_decorator.py
[2025-07-01T05:41:15.118+0000] {processor.py:925} INFO - DAG(s) 'example_short_circuit_decorator' retrieved from /home/airflow/.local/lib/python3.12/site-packages/airflow/example_dags/example_short_circuit_decorator.py
[2025-07-01T05:41:15.140+0000] {logging_mixin.py:190} INFO - [2025-07-01T05:41:15.139+0000] {dag.py:3239} INFO - Sync 1 DAGs
[2025-07-01T05:41:15.153+0000] {logging_mixin.py:190} INFO - [2025-07-01T05:41:15.153+0000] {dag.py:4180} INFO - Setting next_dagrun for example_short_circuit_decorator to None, run_after=None
[2025-07-01T05:41:15.171+0000] {processor.py:208} INFO - Processing /home/airflow/.local/lib/python3.12/site-packages/airflow/example_dags/example_short_circuit_decorator.py took 0.073 seconds
[2025-07-01T05:41:45.984+0000] {processor.py:186} INFO - Started process (PID=29113) to work on /home/airflow/.local/lib/python3.12/site-packages/airflow/example_dags/example_short_circuit_decorator.py
[2025-07-01T05:41:45.985+0000] {processor.py:914} INFO - Processing file /home/airflow/.local/lib/python3.12/site-packages/airflow/example_dags/example_short_circuit_decorator.py for tasks to queue
[2025-07-01T05:41:45.988+0000] {logging_mixin.py:190} INFO - [2025-07-01T05:41:45.988+0000] {dagbag.py:588} INFO - Filling up the DagBag from /home/airflow/.local/lib/python3.12/site-packages/airflow/example_dags/example_short_circuit_decorator.py
[2025-07-01T05:41:45.997+0000] {processor.py:925} INFO - DAG(s) 'example_short_circuit_decorator' retrieved from /home/airflow/.local/lib/python3.12/site-packages/airflow/example_dags/example_short_circuit_decorator.py
[2025-07-01T05:41:46.018+0000] {logging_mixin.py:190} INFO - [2025-07-01T05:41:46.018+0000] {dag.py:3239} INFO - Sync 1 DAGs
[2025-07-01T05:41:46.032+0000] {logging_mixin.py:190} INFO - [2025-07-01T05:41:46.032+0000] {dag.py:4180} INFO - Setting next_dagrun for example_short_circuit_decorator to None, run_after=None
[2025-07-01T05:41:46.050+0000] {processor.py:208} INFO - Processing /home/airflow/.local/lib/python3.12/site-packages/airflow/example_dags/example_short_circuit_decorator.py took 0.071 seconds
[2025-07-01T05:42:16.970+0000] {processor.py:186} INFO - Started process (PID=29175) to work on /home/airflow/.local/lib/python3.12/site-packages/airflow/example_dags/example_short_circuit_decorator.py
[2025-07-01T05:42:16.971+0000] {processor.py:914} INFO - Processing file /home/airflow/.local/lib/python3.12/site-packages/airflow/example_dags/example_short_circuit_decorator.py for tasks to queue
[2025-07-01T05:42:16.974+0000] {logging_mixin.py:190} INFO - [2025-07-01T05:42:16.974+0000] {dagbag.py:588} INFO - Filling up the DagBag from /home/airflow/.local/lib/python3.12/site-packages/airflow/example_dags/example_short_circuit_decorator.py
[2025-07-01T05:42:16.983+0000] {processor.py:925} INFO - DAG(s) 'example_short_circuit_decorator' retrieved from /home/airflow/.local/lib/python3.12/site-packages/airflow/example_dags/example_short_circuit_decorator.py
[2025-07-01T05:42:17.003+0000] {logging_mixin.py:190} INFO - [2025-07-01T05:42:17.003+0000] {dag.py:3239} INFO - Sync 1 DAGs
[2025-07-01T05:42:17.016+0000] {logging_mixin.py:190} INFO - [2025-07-01T05:42:17.016+0000] {dag.py:4180} INFO - Setting next_dagrun for example_short_circuit_decorator to None, run_after=None
[2025-07-01T05:42:17.033+0000] {processor.py:208} INFO - Processing /home/airflow/.local/lib/python3.12/site-packages/airflow/example_dags/example_short_circuit_decorator.py took 0.068 seconds
[2025-07-01T05:42:47.426+0000] {processor.py:186} INFO - Started process (PID=29237) to work on /home/airflow/.local/lib/python3.12/site-packages/airflow/example_dags/example_short_circuit_decorator.py
[2025-07-01T05:42:47.427+0000] {processor.py:914} INFO - Processing file /home/airflow/.local/lib/python3.12/site-packages/airflow/example_dags/example_short_circuit_decorator.py for tasks to queue
[2025-07-01T05:42:47.430+0000] {logging_mixin.py:190} INFO - [2025-07-01T05:42:47.430+0000] {dagbag.py:588} INFO - Filling up the DagBag from /home/airflow/.local/lib/python3.12/site-packages/airflow/example_dags/example_short_circuit_decorator.py
[2025-07-01T05:42:47.440+0000] {processor.py:925} INFO - DAG(s) 'example_short_circuit_decorator' retrieved from /home/airflow/.local/lib/python3.12/site-packages/airflow/example_dags/example_short_circuit_decorator.py
[2025-07-01T05:42:47.462+0000] {logging_mixin.py:190} INFO - [2025-07-01T05:42:47.462+0000] {dag.py:3239} INFO - Sync 1 DAGs
[2025-07-01T05:42:47.475+0000] {logging_mixin.py:190} INFO - [2025-07-01T05:42:47.475+0000] {dag.py:4180} INFO - Setting next_dagrun for example_short_circuit_decorator to None, run_after=None
[2025-07-01T05:42:47.491+0000] {processor.py:208} INFO - Processing /home/airflow/.local/lib/python3.12/site-packages/airflow/example_dags/example_short_circuit_decorator.py took 0.071 seconds
[2025-07-01T05:43:18.420+0000] {processor.py:186} INFO - Started process (PID=29299) to work on /home/airflow/.local/lib/python3.12/site-packages/airflow/example_dags/example_short_circuit_decorator.py
[2025-07-01T05:43:18.421+0000] {processor.py:914} INFO - Processing file /home/airflow/.local/lib/python3.12/site-packages/airflow/example_dags/example_short_circuit_decorator.py for tasks to queue
[2025-07-01T05:43:18.424+0000] {logging_mixin.py:190} INFO - [2025-07-01T05:43:18.423+0000] {dagbag.py:588} INFO - Filling up the DagBag from /home/airflow/.local/lib/python3.12/site-packages/airflow/example_dags/example_short_circuit_decorator.py
[2025-07-01T05:43:18.432+0000] {processor.py:925} INFO - DAG(s) 'example_short_circuit_decorator' retrieved from /home/airflow/.local/lib/python3.12/site-packages/airflow/example_dags/example_short_circuit_decorator.py
[2025-07-01T05:43:18.454+0000] {logging_mixin.py:190} INFO - [2025-07-01T05:43:18.453+0000] {dag.py:3239} INFO - Sync 1 DAGs
[2025-07-01T05:43:18.467+0000] {logging_mixin.py:190} INFO - [2025-07-01T05:43:18.466+0000] {dag.py:4180} INFO - Setting next_dagrun for example_short_circuit_decorator to None, run_after=None
[2025-07-01T05:43:18.483+0000] {processor.py:208} INFO - Processing /home/airflow/.local/lib/python3.12/site-packages/airflow/example_dags/example_short_circuit_decorator.py took 0.069 seconds
[2025-07-01T05:43:49.464+0000] {processor.py:186} INFO - Started process (PID=29361) to work on /home/airflow/.local/lib/python3.12/site-packages/airflow/example_dags/example_short_circuit_decorator.py
[2025-07-01T05:43:49.465+0000] {processor.py:914} INFO - Processing file /home/airflow/.local/lib/python3.12/site-packages/airflow/example_dags/example_short_circuit_decorator.py for tasks to queue
[2025-07-01T05:43:49.468+0000] {logging_mixin.py:190} INFO - [2025-07-01T05:43:49.467+0000] {dagbag.py:588} INFO - Filling up the DagBag from /home/airflow/.local/lib/python3.12/site-packages/airflow/example_dags/example_short_circuit_decorator.py
[2025-07-01T05:43:49.476+0000] {processor.py:925} INFO - DAG(s) 'example_short_circuit_decorator' retrieved from /home/airflow/.local/lib/python3.12/site-packages/airflow/example_dags/example_short_circuit_decorator.py
[2025-07-01T05:43:49.497+0000] {logging_mixin.py:190} INFO - [2025-07-01T05:43:49.497+0000] {dag.py:3239} INFO - Sync 1 DAGs
[2025-07-01T05:43:49.510+0000] {logging_mixin.py:190} INFO - [2025-07-01T05:43:49.510+0000] {dag.py:4180} INFO - Setting next_dagrun for example_short_circuit_decorator to None, run_after=None
[2025-07-01T05:43:49.526+0000] {processor.py:208} INFO - Processing /home/airflow/.local/lib/python3.12/site-packages/airflow/example_dags/example_short_circuit_decorator.py took 0.068 seconds
[2025-07-01T05:44:20.243+0000] {processor.py:186} INFO - Started process (PID=29423) to work on /home/airflow/.local/lib/python3.12/site-packages/airflow/example_dags/example_short_circuit_decorator.py
[2025-07-01T05:44:20.244+0000] {processor.py:914} INFO - Processing file /home/airflow/.local/lib/python3.12/site-packages/airflow/example_dags/example_short_circuit_decorator.py for tasks to queue
[2025-07-01T05:44:20.247+0000] {logging_mixin.py:190} INFO - [2025-07-01T05:44:20.246+0000] {dagbag.py:588} INFO - Filling up the DagBag from /home/airflow/.local/lib/python3.12/site-packages/airflow/example_dags/example_short_circuit_decorator.py
[2025-07-01T05:44:20.255+0000] {processor.py:925} INFO - DAG(s) 'example_short_circuit_decorator' retrieved from /home/airflow/.local/lib/python3.12/site-packages/airflow/example_dags/example_short_circuit_decorator.py
[2025-07-01T05:44:20.276+0000] {logging_mixin.py:190} INFO - [2025-07-01T05:44:20.276+0000] {dag.py:3239} INFO - Sync 1 DAGs
[2025-07-01T05:44:20.290+0000] {logging_mixin.py:190} INFO - [2025-07-01T05:44:20.290+0000] {dag.py:4180} INFO - Setting next_dagrun for example_short_circuit_decorator to None, run_after=None
[2025-07-01T05:44:20.308+0000] {processor.py:208} INFO - Processing /home/airflow/.local/lib/python3.12/site-packages/airflow/example_dags/example_short_circuit_decorator.py took 0.070 seconds
[2025-07-01T05:44:50.358+0000] {processor.py:186} INFO - Started process (PID=29485) to work on /home/airflow/.local/lib/python3.12/site-packages/airflow/example_dags/example_short_circuit_decorator.py
[2025-07-01T05:44:50.359+0000] {processor.py:914} INFO - Processing file /home/airflow/.local/lib/python3.12/site-packages/airflow/example_dags/example_short_circuit_decorator.py for tasks to queue
[2025-07-01T05:44:50.362+0000] {logging_mixin.py:190} INFO - [2025-07-01T05:44:50.362+0000] {dagbag.py:588} INFO - Filling up the DagBag from /home/airflow/.local/lib/python3.12/site-packages/airflow/example_dags/example_short_circuit_decorator.py
[2025-07-01T05:44:50.371+0000] {processor.py:925} INFO - DAG(s) 'example_short_circuit_decorator' retrieved from /home/airflow/.local/lib/python3.12/site-packages/airflow/example_dags/example_short_circuit_decorator.py
[2025-07-01T05:44:50.393+0000] {logging_mixin.py:190} INFO - [2025-07-01T05:44:50.393+0000] {dag.py:3239} INFO - Sync 1 DAGs
[2025-07-01T05:44:50.407+0000] {logging_mixin.py:190} INFO - [2025-07-01T05:44:50.407+0000] {dag.py:4180} INFO - Setting next_dagrun for example_short_circuit_decorator to None, run_after=None
[2025-07-01T05:44:50.425+0000] {processor.py:208} INFO - Processing /home/airflow/.local/lib/python3.12/site-packages/airflow/example_dags/example_short_circuit_decorator.py took 0.073 seconds
[2025-07-01T05:45:21.264+0000] {processor.py:186} INFO - Started process (PID=29547) to work on /home/airflow/.local/lib/python3.12/site-packages/airflow/example_dags/example_short_circuit_decorator.py
[2025-07-01T05:45:21.265+0000] {processor.py:914} INFO - Processing file /home/airflow/.local/lib/python3.12/site-packages/airflow/example_dags/example_short_circuit_decorator.py for tasks to queue
[2025-07-01T05:45:21.268+0000] {logging_mixin.py:190} INFO - [2025-07-01T05:45:21.267+0000] {dagbag.py:588} INFO - Filling up the DagBag from /home/airflow/.local/lib/python3.12/site-packages/airflow/example_dags/example_short_circuit_decorator.py
[2025-07-01T05:45:21.278+0000] {processor.py:925} INFO - DAG(s) 'example_short_circuit_decorator' retrieved from /home/airflow/.local/lib/python3.12/site-packages/airflow/example_dags/example_short_circuit_decorator.py
[2025-07-01T05:45:21.300+0000] {logging_mixin.py:190} INFO - [2025-07-01T05:45:21.299+0000] {dag.py:3239} INFO - Sync 1 DAGs
[2025-07-01T05:45:21.313+0000] {logging_mixin.py:190} INFO - [2025-07-01T05:45:21.312+0000] {dag.py:4180} INFO - Setting next_dagrun for example_short_circuit_decorator to None, run_after=None
[2025-07-01T05:45:21.329+0000] {processor.py:208} INFO - Processing /home/airflow/.local/lib/python3.12/site-packages/airflow/example_dags/example_short_circuit_decorator.py took 0.070 seconds
[2025-07-01T05:45:52.168+0000] {processor.py:186} INFO - Started process (PID=29609) to work on /home/airflow/.local/lib/python3.12/site-packages/airflow/example_dags/example_short_circuit_decorator.py
[2025-07-01T05:45:52.169+0000] {processor.py:914} INFO - Processing file /home/airflow/.local/lib/python3.12/site-packages/airflow/example_dags/example_short_circuit_decorator.py for tasks to queue
[2025-07-01T05:45:52.172+0000] {logging_mixin.py:190} INFO - [2025-07-01T05:45:52.171+0000] {dagbag.py:588} INFO - Filling up the DagBag from /home/airflow/.local/lib/python3.12/site-packages/airflow/example_dags/example_short_circuit_decorator.py
[2025-07-01T05:45:52.181+0000] {processor.py:925} INFO - DAG(s) 'example_short_circuit_decorator' retrieved from /home/airflow/.local/lib/python3.12/site-packages/airflow/example_dags/example_short_circuit_decorator.py
[2025-07-01T05:45:52.202+0000] {logging_mixin.py:190} INFO - [2025-07-01T05:45:52.202+0000] {dag.py:3239} INFO - Sync 1 DAGs
[2025-07-01T05:45:52.215+0000] {logging_mixin.py:190} INFO - [2025-07-01T05:45:52.215+0000] {dag.py:4180} INFO - Setting next_dagrun for example_short_circuit_decorator to None, run_after=None
[2025-07-01T05:45:52.232+0000] {processor.py:208} INFO - Processing /home/airflow/.local/lib/python3.12/site-packages/airflow/example_dags/example_short_circuit_decorator.py took 0.070 seconds
[2025-07-01T05:46:22.726+0000] {processor.py:186} INFO - Started process (PID=29671) to work on /home/airflow/.local/lib/python3.12/site-packages/airflow/example_dags/example_short_circuit_decorator.py
[2025-07-01T05:46:22.727+0000] {processor.py:914} INFO - Processing file /home/airflow/.local/lib/python3.12/site-packages/airflow/example_dags/example_short_circuit_decorator.py for tasks to queue
[2025-07-01T05:46:22.730+0000] {logging_mixin.py:190} INFO - [2025-07-01T05:46:22.730+0000] {dagbag.py:588} INFO - Filling up the DagBag from /home/airflow/.local/lib/python3.12/site-packages/airflow/example_dags/example_short_circuit_decorator.py
[2025-07-01T05:46:22.740+0000] {processor.py:925} INFO - DAG(s) 'example_short_circuit_decorator' retrieved from /home/airflow/.local/lib/python3.12/site-packages/airflow/example_dags/example_short_circuit_decorator.py
[2025-07-01T05:46:22.762+0000] {logging_mixin.py:190} INFO - [2025-07-01T05:46:22.761+0000] {dag.py:3239} INFO - Sync 1 DAGs
[2025-07-01T05:46:22.775+0000] {logging_mixin.py:190} INFO - [2025-07-01T05:46:22.775+0000] {dag.py:4180} INFO - Setting next_dagrun for example_short_circuit_decorator to None, run_after=None
[2025-07-01T05:46:22.802+0000] {processor.py:208} INFO - Processing /home/airflow/.local/lib/python3.12/site-packages/airflow/example_dags/example_short_circuit_decorator.py took 0.083 seconds
[2025-07-01T05:46:53.537+0000] {processor.py:186} INFO - Started process (PID=29733) to work on /home/airflow/.local/lib/python3.12/site-packages/airflow/example_dags/example_short_circuit_decorator.py
[2025-07-01T05:46:53.538+0000] {processor.py:914} INFO - Processing file /home/airflow/.local/lib/python3.12/site-packages/airflow/example_dags/example_short_circuit_decorator.py for tasks to queue
[2025-07-01T05:46:53.541+0000] {logging_mixin.py:190} INFO - [2025-07-01T05:46:53.540+0000] {dagbag.py:588} INFO - Filling up the DagBag from /home/airflow/.local/lib/python3.12/site-packages/airflow/example_dags/example_short_circuit_decorator.py
[2025-07-01T05:46:53.550+0000] {processor.py:925} INFO - DAG(s) 'example_short_circuit_decorator' retrieved from /home/airflow/.local/lib/python3.12/site-packages/airflow/example_dags/example_short_circuit_decorator.py
[2025-07-01T05:46:53.571+0000] {logging_mixin.py:190} INFO - [2025-07-01T05:46:53.571+0000] {dag.py:3239} INFO - Sync 1 DAGs
[2025-07-01T05:46:53.585+0000] {logging_mixin.py:190} INFO - [2025-07-01T05:46:53.585+0000] {dag.py:4180} INFO - Setting next_dagrun for example_short_circuit_decorator to None, run_after=None
[2025-07-01T05:46:53.601+0000] {processor.py:208} INFO - Processing /home/airflow/.local/lib/python3.12/site-packages/airflow/example_dags/example_short_circuit_decorator.py took 0.070 seconds
[2025-07-01T05:47:24.392+0000] {processor.py:186} INFO - Started process (PID=29795) to work on /home/airflow/.local/lib/python3.12/site-packages/airflow/example_dags/example_short_circuit_decorator.py
[2025-07-01T05:47:24.394+0000] {processor.py:914} INFO - Processing file /home/airflow/.local/lib/python3.12/site-packages/airflow/example_dags/example_short_circuit_decorator.py for tasks to queue
[2025-07-01T05:47:24.397+0000] {logging_mixin.py:190} INFO - [2025-07-01T05:47:24.396+0000] {dagbag.py:588} INFO - Filling up the DagBag from /home/airflow/.local/lib/python3.12/site-packages/airflow/example_dags/example_short_circuit_decorator.py
[2025-07-01T05:47:24.406+0000] {processor.py:925} INFO - DAG(s) 'example_short_circuit_decorator' retrieved from /home/airflow/.local/lib/python3.12/site-packages/airflow/example_dags/example_short_circuit_decorator.py
[2025-07-01T05:47:24.427+0000] {logging_mixin.py:190} INFO - [2025-07-01T05:47:24.427+0000] {dag.py:3239} INFO - Sync 1 DAGs
[2025-07-01T05:47:24.441+0000] {logging_mixin.py:190} INFO - [2025-07-01T05:47:24.441+0000] {dag.py:4180} INFO - Setting next_dagrun for example_short_circuit_decorator to None, run_after=None
[2025-07-01T05:47:24.457+0000] {processor.py:208} INFO - Processing /home/airflow/.local/lib/python3.12/site-packages/airflow/example_dags/example_short_circuit_decorator.py took 0.070 seconds
[2025-07-01T05:47:55.114+0000] {processor.py:186} INFO - Started process (PID=29857) to work on /home/airflow/.local/lib/python3.12/site-packages/airflow/example_dags/example_short_circuit_decorator.py
[2025-07-01T05:47:55.115+0000] {processor.py:914} INFO - Processing file /home/airflow/.local/lib/python3.12/site-packages/airflow/example_dags/example_short_circuit_decorator.py for tasks to queue
[2025-07-01T05:47:55.118+0000] {logging_mixin.py:190} INFO - [2025-07-01T05:47:55.118+0000] {dagbag.py:588} INFO - Filling up the DagBag from /home/airflow/.local/lib/python3.12/site-packages/airflow/example_dags/example_short_circuit_decorator.py
[2025-07-01T05:47:55.127+0000] {processor.py:925} INFO - DAG(s) 'example_short_circuit_decorator' retrieved from /home/airflow/.local/lib/python3.12/site-packages/airflow/example_dags/example_short_circuit_decorator.py
[2025-07-01T05:47:55.150+0000] {logging_mixin.py:190} INFO - [2025-07-01T05:47:55.150+0000] {dag.py:3239} INFO - Sync 1 DAGs
[2025-07-01T05:47:55.163+0000] {logging_mixin.py:190} INFO - [2025-07-01T05:47:55.163+0000] {dag.py:4180} INFO - Setting next_dagrun for example_short_circuit_decorator to None, run_after=None
[2025-07-01T05:47:55.191+0000] {processor.py:208} INFO - Processing /home/airflow/.local/lib/python3.12/site-packages/airflow/example_dags/example_short_circuit_decorator.py took 0.082 seconds
[2025-07-01T05:48:25.612+0000] {processor.py:186} INFO - Started process (PID=29919) to work on /home/airflow/.local/lib/python3.12/site-packages/airflow/example_dags/example_short_circuit_decorator.py
[2025-07-01T05:48:25.613+0000] {processor.py:914} INFO - Processing file /home/airflow/.local/lib/python3.12/site-packages/airflow/example_dags/example_short_circuit_decorator.py for tasks to queue
[2025-07-01T05:48:25.618+0000] {logging_mixin.py:190} INFO - [2025-07-01T05:48:25.618+0000] {dagbag.py:588} INFO - Filling up the DagBag from /home/airflow/.local/lib/python3.12/site-packages/airflow/example_dags/example_short_circuit_decorator.py
[2025-07-01T05:48:25.632+0000] {processor.py:925} INFO - DAG(s) 'example_short_circuit_decorator' retrieved from /home/airflow/.local/lib/python3.12/site-packages/airflow/example_dags/example_short_circuit_decorator.py
[2025-07-01T05:48:25.661+0000] {logging_mixin.py:190} INFO - [2025-07-01T05:48:25.661+0000] {dag.py:3239} INFO - Sync 1 DAGs
[2025-07-01T05:48:25.679+0000] {logging_mixin.py:190} INFO - [2025-07-01T05:48:25.679+0000] {dag.py:4180} INFO - Setting next_dagrun for example_short_circuit_decorator to None, run_after=None
[2025-07-01T05:48:25.702+0000] {processor.py:208} INFO - Processing /home/airflow/.local/lib/python3.12/site-packages/airflow/example_dags/example_short_circuit_decorator.py took 0.099 seconds
[2025-07-01T05:48:56.603+0000] {processor.py:186} INFO - Started process (PID=29981) to work on /home/airflow/.local/lib/python3.12/site-packages/airflow/example_dags/example_short_circuit_decorator.py
[2025-07-01T05:48:56.604+0000] {processor.py:914} INFO - Processing file /home/airflow/.local/lib/python3.12/site-packages/airflow/example_dags/example_short_circuit_decorator.py for tasks to queue
[2025-07-01T05:48:56.607+0000] {logging_mixin.py:190} INFO - [2025-07-01T05:48:56.606+0000] {dagbag.py:588} INFO - Filling up the DagBag from /home/airflow/.local/lib/python3.12/site-packages/airflow/example_dags/example_short_circuit_decorator.py
[2025-07-01T05:48:56.616+0000] {processor.py:925} INFO - DAG(s) 'example_short_circuit_decorator' retrieved from /home/airflow/.local/lib/python3.12/site-packages/airflow/example_dags/example_short_circuit_decorator.py
[2025-07-01T05:48:56.639+0000] {logging_mixin.py:190} INFO - [2025-07-01T05:48:56.638+0000] {dag.py:3239} INFO - Sync 1 DAGs
[2025-07-01T05:48:56.656+0000] {logging_mixin.py:190} INFO - [2025-07-01T05:48:56.656+0000] {dag.py:4180} INFO - Setting next_dagrun for example_short_circuit_decorator to None, run_after=None
[2025-07-01T05:48:56.683+0000] {processor.py:208} INFO - Processing /home/airflow/.local/lib/python3.12/site-packages/airflow/example_dags/example_short_circuit_decorator.py took 0.085 seconds
[2025-07-01T05:49:27.423+0000] {processor.py:186} INFO - Started process (PID=30043) to work on /home/airflow/.local/lib/python3.12/site-packages/airflow/example_dags/example_short_circuit_decorator.py
[2025-07-01T05:49:27.425+0000] {processor.py:914} INFO - Processing file /home/airflow/.local/lib/python3.12/site-packages/airflow/example_dags/example_short_circuit_decorator.py for tasks to queue
[2025-07-01T05:49:27.432+0000] {logging_mixin.py:190} INFO - [2025-07-01T05:49:27.431+0000] {dagbag.py:588} INFO - Filling up the DagBag from /home/airflow/.local/lib/python3.12/site-packages/airflow/example_dags/example_short_circuit_decorator.py
[2025-07-01T05:49:27.451+0000] {processor.py:925} INFO - DAG(s) 'example_short_circuit_decorator' retrieved from /home/airflow/.local/lib/python3.12/site-packages/airflow/example_dags/example_short_circuit_decorator.py
[2025-07-01T05:49:27.481+0000] {logging_mixin.py:190} INFO - [2025-07-01T05:49:27.481+0000] {dag.py:3239} INFO - Sync 1 DAGs
[2025-07-01T05:49:27.503+0000] {logging_mixin.py:190} INFO - [2025-07-01T05:49:27.503+0000] {dag.py:4180} INFO - Setting next_dagrun for example_short_circuit_decorator to None, run_after=None
[2025-07-01T05:49:27.529+0000] {processor.py:208} INFO - Processing /home/airflow/.local/lib/python3.12/site-packages/airflow/example_dags/example_short_circuit_decorator.py took 0.116 seconds
[2025-07-01T05:49:58.267+0000] {processor.py:186} INFO - Started process (PID=30105) to work on /home/airflow/.local/lib/python3.12/site-packages/airflow/example_dags/example_short_circuit_decorator.py
[2025-07-01T05:49:58.268+0000] {processor.py:914} INFO - Processing file /home/airflow/.local/lib/python3.12/site-packages/airflow/example_dags/example_short_circuit_decorator.py for tasks to queue
[2025-07-01T05:49:58.271+0000] {logging_mixin.py:190} INFO - [2025-07-01T05:49:58.271+0000] {dagbag.py:588} INFO - Filling up the DagBag from /home/airflow/.local/lib/python3.12/site-packages/airflow/example_dags/example_short_circuit_decorator.py
[2025-07-01T05:49:58.280+0000] {processor.py:925} INFO - DAG(s) 'example_short_circuit_decorator' retrieved from /home/airflow/.local/lib/python3.12/site-packages/airflow/example_dags/example_short_circuit_decorator.py
[2025-07-01T05:49:58.302+0000] {logging_mixin.py:190} INFO - [2025-07-01T05:49:58.302+0000] {dag.py:3239} INFO - Sync 1 DAGs
[2025-07-01T05:49:58.315+0000] {logging_mixin.py:190} INFO - [2025-07-01T05:49:58.315+0000] {dag.py:4180} INFO - Setting next_dagrun for example_short_circuit_decorator to None, run_after=None
[2025-07-01T05:49:58.332+0000] {processor.py:208} INFO - Processing /home/airflow/.local/lib/python3.12/site-packages/airflow/example_dags/example_short_circuit_decorator.py took 0.071 seconds
[2025-07-01T05:50:29.163+0000] {processor.py:186} INFO - Started process (PID=30167) to work on /home/airflow/.local/lib/python3.12/site-packages/airflow/example_dags/example_short_circuit_decorator.py
[2025-07-01T05:50:29.164+0000] {processor.py:914} INFO - Processing file /home/airflow/.local/lib/python3.12/site-packages/airflow/example_dags/example_short_circuit_decorator.py for tasks to queue
[2025-07-01T05:50:29.166+0000] {logging_mixin.py:190} INFO - [2025-07-01T05:50:29.166+0000] {dagbag.py:588} INFO - Filling up the DagBag from /home/airflow/.local/lib/python3.12/site-packages/airflow/example_dags/example_short_circuit_decorator.py
[2025-07-01T05:50:29.175+0000] {processor.py:925} INFO - DAG(s) 'example_short_circuit_decorator' retrieved from /home/airflow/.local/lib/python3.12/site-packages/airflow/example_dags/example_short_circuit_decorator.py
[2025-07-01T05:50:29.196+0000] {logging_mixin.py:190} INFO - [2025-07-01T05:50:29.196+0000] {dag.py:3239} INFO - Sync 1 DAGs
[2025-07-01T05:50:29.209+0000] {logging_mixin.py:190} INFO - [2025-07-01T05:50:29.208+0000] {dag.py:4180} INFO - Setting next_dagrun for example_short_circuit_decorator to None, run_after=None
[2025-07-01T05:50:29.225+0000] {processor.py:208} INFO - Processing /home/airflow/.local/lib/python3.12/site-packages/airflow/example_dags/example_short_circuit_decorator.py took 0.067 seconds
[2025-07-01T05:51:00.005+0000] {processor.py:186} INFO - Started process (PID=30229) to work on /home/airflow/.local/lib/python3.12/site-packages/airflow/example_dags/example_short_circuit_decorator.py
[2025-07-01T05:51:00.006+0000] {processor.py:914} INFO - Processing file /home/airflow/.local/lib/python3.12/site-packages/airflow/example_dags/example_short_circuit_decorator.py for tasks to queue
[2025-07-01T05:51:00.009+0000] {logging_mixin.py:190} INFO - [2025-07-01T05:51:00.009+0000] {dagbag.py:588} INFO - Filling up the DagBag from /home/airflow/.local/lib/python3.12/site-packages/airflow/example_dags/example_short_circuit_decorator.py
[2025-07-01T05:51:00.019+0000] {processor.py:925} INFO - DAG(s) 'example_short_circuit_decorator' retrieved from /home/airflow/.local/lib/python3.12/site-packages/airflow/example_dags/example_short_circuit_decorator.py
[2025-07-01T05:51:00.042+0000] {logging_mixin.py:190} INFO - [2025-07-01T05:51:00.041+0000] {dag.py:3239} INFO - Sync 1 DAGs
[2025-07-01T05:51:00.057+0000] {logging_mixin.py:190} INFO - [2025-07-01T05:51:00.056+0000] {dag.py:4180} INFO - Setting next_dagrun for example_short_circuit_decorator to None, run_after=None
[2025-07-01T05:51:00.082+0000] {processor.py:208} INFO - Processing /home/airflow/.local/lib/python3.12/site-packages/airflow/example_dags/example_short_circuit_decorator.py took 0.082 seconds
[2025-07-01T05:51:31.023+0000] {processor.py:186} INFO - Started process (PID=30291) to work on /home/airflow/.local/lib/python3.12/site-packages/airflow/example_dags/example_short_circuit_decorator.py
[2025-07-01T05:51:31.023+0000] {processor.py:914} INFO - Processing file /home/airflow/.local/lib/python3.12/site-packages/airflow/example_dags/example_short_circuit_decorator.py for tasks to queue
[2025-07-01T05:51:31.026+0000] {logging_mixin.py:190} INFO - [2025-07-01T05:51:31.026+0000] {dagbag.py:588} INFO - Filling up the DagBag from /home/airflow/.local/lib/python3.12/site-packages/airflow/example_dags/example_short_circuit_decorator.py
[2025-07-01T05:51:31.035+0000] {processor.py:925} INFO - DAG(s) 'example_short_circuit_decorator' retrieved from /home/airflow/.local/lib/python3.12/site-packages/airflow/example_dags/example_short_circuit_decorator.py
[2025-07-01T05:51:31.055+0000] {logging_mixin.py:190} INFO - [2025-07-01T05:51:31.055+0000] {dag.py:3239} INFO - Sync 1 DAGs
[2025-07-01T05:51:31.068+0000] {logging_mixin.py:190} INFO - [2025-07-01T05:51:31.068+0000] {dag.py:4180} INFO - Setting next_dagrun for example_short_circuit_decorator to None, run_after=None
[2025-07-01T05:51:31.085+0000] {processor.py:208} INFO - Processing /home/airflow/.local/lib/python3.12/site-packages/airflow/example_dags/example_short_circuit_decorator.py took 0.068 seconds
[2025-07-01T05:52:01.290+0000] {processor.py:186} INFO - Started process (PID=30353) to work on /home/airflow/.local/lib/python3.12/site-packages/airflow/example_dags/example_short_circuit_decorator.py
[2025-07-01T05:52:01.291+0000] {processor.py:914} INFO - Processing file /home/airflow/.local/lib/python3.12/site-packages/airflow/example_dags/example_short_circuit_decorator.py for tasks to queue
[2025-07-01T05:52:01.295+0000] {logging_mixin.py:190} INFO - [2025-07-01T05:52:01.294+0000] {dagbag.py:588} INFO - Filling up the DagBag from /home/airflow/.local/lib/python3.12/site-packages/airflow/example_dags/example_short_circuit_decorator.py
[2025-07-01T05:52:01.304+0000] {processor.py:925} INFO - DAG(s) 'example_short_circuit_decorator' retrieved from /home/airflow/.local/lib/python3.12/site-packages/airflow/example_dags/example_short_circuit_decorator.py
[2025-07-01T05:52:01.326+0000] {logging_mixin.py:190} INFO - [2025-07-01T05:52:01.326+0000] {dag.py:3239} INFO - Sync 1 DAGs
[2025-07-01T05:52:01.339+0000] {logging_mixin.py:190} INFO - [2025-07-01T05:52:01.339+0000] {dag.py:4180} INFO - Setting next_dagrun for example_short_circuit_decorator to None, run_after=None
[2025-07-01T05:52:01.356+0000] {processor.py:208} INFO - Processing /home/airflow/.local/lib/python3.12/site-packages/airflow/example_dags/example_short_circuit_decorator.py took 0.073 seconds
[2025-07-01T05:52:31.606+0000] {processor.py:186} INFO - Started process (PID=30415) to work on /home/airflow/.local/lib/python3.12/site-packages/airflow/example_dags/example_short_circuit_decorator.py
[2025-07-01T05:52:31.607+0000] {processor.py:914} INFO - Processing file /home/airflow/.local/lib/python3.12/site-packages/airflow/example_dags/example_short_circuit_decorator.py for tasks to queue
[2025-07-01T05:52:31.610+0000] {logging_mixin.py:190} INFO - [2025-07-01T05:52:31.609+0000] {dagbag.py:588} INFO - Filling up the DagBag from /home/airflow/.local/lib/python3.12/site-packages/airflow/example_dags/example_short_circuit_decorator.py
[2025-07-01T05:52:31.619+0000] {processor.py:925} INFO - DAG(s) 'example_short_circuit_decorator' retrieved from /home/airflow/.local/lib/python3.12/site-packages/airflow/example_dags/example_short_circuit_decorator.py
[2025-07-01T05:52:31.641+0000] {logging_mixin.py:190} INFO - [2025-07-01T05:52:31.641+0000] {dag.py:3239} INFO - Sync 1 DAGs
[2025-07-01T05:52:31.655+0000] {logging_mixin.py:190} INFO - [2025-07-01T05:52:31.655+0000] {dag.py:4180} INFO - Setting next_dagrun for example_short_circuit_decorator to None, run_after=None
[2025-07-01T05:52:31.671+0000] {processor.py:208} INFO - Processing /home/airflow/.local/lib/python3.12/site-packages/airflow/example_dags/example_short_circuit_decorator.py took 0.071 seconds
[2025-07-01T05:53:02.485+0000] {processor.py:186} INFO - Started process (PID=30477) to work on /home/airflow/.local/lib/python3.12/site-packages/airflow/example_dags/example_short_circuit_decorator.py
[2025-07-01T05:53:02.486+0000] {processor.py:914} INFO - Processing file /home/airflow/.local/lib/python3.12/site-packages/airflow/example_dags/example_short_circuit_decorator.py for tasks to queue
[2025-07-01T05:53:02.489+0000] {logging_mixin.py:190} INFO - [2025-07-01T05:53:02.489+0000] {dagbag.py:588} INFO - Filling up the DagBag from /home/airflow/.local/lib/python3.12/site-packages/airflow/example_dags/example_short_circuit_decorator.py
[2025-07-01T05:53:02.498+0000] {processor.py:925} INFO - DAG(s) 'example_short_circuit_decorator' retrieved from /home/airflow/.local/lib/python3.12/site-packages/airflow/example_dags/example_short_circuit_decorator.py
[2025-07-01T05:53:02.519+0000] {logging_mixin.py:190} INFO - [2025-07-01T05:53:02.518+0000] {dag.py:3239} INFO - Sync 1 DAGs
[2025-07-01T05:53:02.533+0000] {logging_mixin.py:190} INFO - [2025-07-01T05:53:02.532+0000] {dag.py:4180} INFO - Setting next_dagrun for example_short_circuit_decorator to None, run_after=None
[2025-07-01T05:53:02.560+0000] {processor.py:208} INFO - Processing /home/airflow/.local/lib/python3.12/site-packages/airflow/example_dags/example_short_circuit_decorator.py took 0.080 seconds
[2025-07-01T05:53:33.550+0000] {processor.py:186} INFO - Started process (PID=30539) to work on /home/airflow/.local/lib/python3.12/site-packages/airflow/example_dags/example_short_circuit_decorator.py
[2025-07-01T05:53:33.551+0000] {processor.py:914} INFO - Processing file /home/airflow/.local/lib/python3.12/site-packages/airflow/example_dags/example_short_circuit_decorator.py for tasks to queue
[2025-07-01T05:53:33.555+0000] {logging_mixin.py:190} INFO - [2025-07-01T05:53:33.555+0000] {dagbag.py:588} INFO - Filling up the DagBag from /home/airflow/.local/lib/python3.12/site-packages/airflow/example_dags/example_short_circuit_decorator.py
[2025-07-01T05:53:33.567+0000] {processor.py:925} INFO - DAG(s) 'example_short_circuit_decorator' retrieved from /home/airflow/.local/lib/python3.12/site-packages/airflow/example_dags/example_short_circuit_decorator.py
[2025-07-01T05:53:33.592+0000] {logging_mixin.py:190} INFO - [2025-07-01T05:53:33.591+0000] {dag.py:3239} INFO - Sync 1 DAGs
[2025-07-01T05:53:33.608+0000] {logging_mixin.py:190} INFO - [2025-07-01T05:53:33.607+0000] {dag.py:4180} INFO - Setting next_dagrun for example_short_circuit_decorator to None, run_after=None
[2025-07-01T05:53:33.626+0000] {processor.py:208} INFO - Processing /home/airflow/.local/lib/python3.12/site-packages/airflow/example_dags/example_short_circuit_decorator.py took 0.085 seconds
[2025-07-01T05:54:04.513+0000] {processor.py:186} INFO - Started process (PID=30601) to work on /home/airflow/.local/lib/python3.12/site-packages/airflow/example_dags/example_short_circuit_decorator.py
[2025-07-01T05:54:04.514+0000] {processor.py:914} INFO - Processing file /home/airflow/.local/lib/python3.12/site-packages/airflow/example_dags/example_short_circuit_decorator.py for tasks to queue
[2025-07-01T05:54:04.517+0000] {logging_mixin.py:190} INFO - [2025-07-01T05:54:04.517+0000] {dagbag.py:588} INFO - Filling up the DagBag from /home/airflow/.local/lib/python3.12/site-packages/airflow/example_dags/example_short_circuit_decorator.py
[2025-07-01T05:54:04.530+0000] {processor.py:925} INFO - DAG(s) 'example_short_circuit_decorator' retrieved from /home/airflow/.local/lib/python3.12/site-packages/airflow/example_dags/example_short_circuit_decorator.py
[2025-07-01T05:54:04.554+0000] {logging_mixin.py:190} INFO - [2025-07-01T05:54:04.553+0000] {dag.py:3239} INFO - Sync 1 DAGs
[2025-07-01T05:54:04.567+0000] {logging_mixin.py:190} INFO - [2025-07-01T05:54:04.567+0000] {dag.py:4180} INFO - Setting next_dagrun for example_short_circuit_decorator to None, run_after=None
[2025-07-01T05:54:04.584+0000] {processor.py:208} INFO - Processing /home/airflow/.local/lib/python3.12/site-packages/airflow/example_dags/example_short_circuit_decorator.py took 0.078 seconds
[2025-07-01T05:54:35.262+0000] {processor.py:186} INFO - Started process (PID=30663) to work on /home/airflow/.local/lib/python3.12/site-packages/airflow/example_dags/example_short_circuit_decorator.py
[2025-07-01T05:54:35.264+0000] {processor.py:914} INFO - Processing file /home/airflow/.local/lib/python3.12/site-packages/airflow/example_dags/example_short_circuit_decorator.py for tasks to queue
[2025-07-01T05:54:35.267+0000] {logging_mixin.py:190} INFO - [2025-07-01T05:54:35.266+0000] {dagbag.py:588} INFO - Filling up the DagBag from /home/airflow/.local/lib/python3.12/site-packages/airflow/example_dags/example_short_circuit_decorator.py
[2025-07-01T05:54:35.278+0000] {processor.py:925} INFO - DAG(s) 'example_short_circuit_decorator' retrieved from /home/airflow/.local/lib/python3.12/site-packages/airflow/example_dags/example_short_circuit_decorator.py
[2025-07-01T05:54:35.302+0000] {logging_mixin.py:190} INFO - [2025-07-01T05:54:35.302+0000] {dag.py:3239} INFO - Sync 1 DAGs
[2025-07-01T05:54:35.317+0000] {logging_mixin.py:190} INFO - [2025-07-01T05:54:35.316+0000] {dag.py:4180} INFO - Setting next_dagrun for example_short_circuit_decorator to None, run_after=None
[2025-07-01T05:54:35.334+0000] {processor.py:208} INFO - Processing /home/airflow/.local/lib/python3.12/site-packages/airflow/example_dags/example_short_circuit_decorator.py took 0.078 seconds
[2025-07-01T05:55:05.798+0000] {processor.py:186} INFO - Started process (PID=30731) to work on /home/airflow/.local/lib/python3.12/site-packages/airflow/example_dags/example_short_circuit_decorator.py
[2025-07-01T05:55:05.799+0000] {processor.py:914} INFO - Processing file /home/airflow/.local/lib/python3.12/site-packages/airflow/example_dags/example_short_circuit_decorator.py for tasks to queue
[2025-07-01T05:55:05.801+0000] {logging_mixin.py:190} INFO - [2025-07-01T05:55:05.801+0000] {dagbag.py:588} INFO - Filling up the DagBag from /home/airflow/.local/lib/python3.12/site-packages/airflow/example_dags/example_short_circuit_decorator.py
[2025-07-01T05:55:05.811+0000] {processor.py:925} INFO - DAG(s) 'example_short_circuit_decorator' retrieved from /home/airflow/.local/lib/python3.12/site-packages/airflow/example_dags/example_short_circuit_decorator.py
[2025-07-01T05:55:05.834+0000] {logging_mixin.py:190} INFO - [2025-07-01T05:55:05.833+0000] {dag.py:3239} INFO - Sync 1 DAGs
[2025-07-01T05:55:05.848+0000] {logging_mixin.py:190} INFO - [2025-07-01T05:55:05.848+0000] {dag.py:4180} INFO - Setting next_dagrun for example_short_circuit_decorator to None, run_after=None
[2025-07-01T05:55:05.865+0000] {processor.py:208} INFO - Processing /home/airflow/.local/lib/python3.12/site-packages/airflow/example_dags/example_short_circuit_decorator.py took 0.073 seconds
[2025-07-01T05:55:36.459+0000] {processor.py:186} INFO - Started process (PID=30794) to work on /home/airflow/.local/lib/python3.12/site-packages/airflow/example_dags/example_short_circuit_decorator.py
[2025-07-01T05:55:36.460+0000] {processor.py:914} INFO - Processing file /home/airflow/.local/lib/python3.12/site-packages/airflow/example_dags/example_short_circuit_decorator.py for tasks to queue
[2025-07-01T05:55:36.462+0000] {logging_mixin.py:190} INFO - [2025-07-01T05:55:36.462+0000] {dagbag.py:588} INFO - Filling up the DagBag from /home/airflow/.local/lib/python3.12/site-packages/airflow/example_dags/example_short_circuit_decorator.py
[2025-07-01T05:55:36.471+0000] {processor.py:925} INFO - DAG(s) 'example_short_circuit_decorator' retrieved from /home/airflow/.local/lib/python3.12/site-packages/airflow/example_dags/example_short_circuit_decorator.py
[2025-07-01T05:55:36.497+0000] {logging_mixin.py:190} INFO - [2025-07-01T05:55:36.497+0000] {dag.py:3239} INFO - Sync 1 DAGs
[2025-07-01T05:55:36.511+0000] {logging_mixin.py:190} INFO - [2025-07-01T05:55:36.511+0000] {dag.py:4180} INFO - Setting next_dagrun for example_short_circuit_decorator to None, run_after=None
[2025-07-01T05:55:36.529+0000] {processor.py:208} INFO - Processing /home/airflow/.local/lib/python3.12/site-packages/airflow/example_dags/example_short_circuit_decorator.py took 0.076 seconds
[2025-07-01T05:56:07.094+0000] {processor.py:186} INFO - Started process (PID=30856) to work on /home/airflow/.local/lib/python3.12/site-packages/airflow/example_dags/example_short_circuit_decorator.py
[2025-07-01T05:56:07.096+0000] {processor.py:914} INFO - Processing file /home/airflow/.local/lib/python3.12/site-packages/airflow/example_dags/example_short_circuit_decorator.py for tasks to queue
[2025-07-01T05:56:07.099+0000] {logging_mixin.py:190} INFO - [2025-07-01T05:56:07.098+0000] {dagbag.py:588} INFO - Filling up the DagBag from /home/airflow/.local/lib/python3.12/site-packages/airflow/example_dags/example_short_circuit_decorator.py
[2025-07-01T05:56:07.112+0000] {processor.py:925} INFO - DAG(s) 'example_short_circuit_decorator' retrieved from /home/airflow/.local/lib/python3.12/site-packages/airflow/example_dags/example_short_circuit_decorator.py
[2025-07-01T05:56:07.139+0000] {logging_mixin.py:190} INFO - [2025-07-01T05:56:07.138+0000] {dag.py:3239} INFO - Sync 1 DAGs
[2025-07-01T05:56:07.153+0000] {logging_mixin.py:190} INFO - [2025-07-01T05:56:07.153+0000] {dag.py:4180} INFO - Setting next_dagrun for example_short_circuit_decorator to None, run_after=None
[2025-07-01T05:56:07.171+0000] {processor.py:208} INFO - Processing /home/airflow/.local/lib/python3.12/site-packages/airflow/example_dags/example_short_circuit_decorator.py took 0.084 seconds
[2025-07-01T05:56:37.728+0000] {processor.py:186} INFO - Started process (PID=30918) to work on /home/airflow/.local/lib/python3.12/site-packages/airflow/example_dags/example_short_circuit_decorator.py
[2025-07-01T05:56:37.729+0000] {processor.py:914} INFO - Processing file /home/airflow/.local/lib/python3.12/site-packages/airflow/example_dags/example_short_circuit_decorator.py for tasks to queue
[2025-07-01T05:56:37.732+0000] {logging_mixin.py:190} INFO - [2025-07-01T05:56:37.731+0000] {dagbag.py:588} INFO - Filling up the DagBag from /home/airflow/.local/lib/python3.12/site-packages/airflow/example_dags/example_short_circuit_decorator.py
[2025-07-01T05:56:37.742+0000] {processor.py:925} INFO - DAG(s) 'example_short_circuit_decorator' retrieved from /home/airflow/.local/lib/python3.12/site-packages/airflow/example_dags/example_short_circuit_decorator.py
[2025-07-01T05:56:37.768+0000] {logging_mixin.py:190} INFO - [2025-07-01T05:56:37.768+0000] {dag.py:3239} INFO - Sync 1 DAGs
[2025-07-01T05:56:37.782+0000] {logging_mixin.py:190} INFO - [2025-07-01T05:56:37.782+0000] {dag.py:4180} INFO - Setting next_dagrun for example_short_circuit_decorator to None, run_after=None
[2025-07-01T05:56:37.799+0000] {processor.py:208} INFO - Processing /home/airflow/.local/lib/python3.12/site-packages/airflow/example_dags/example_short_circuit_decorator.py took 0.079 seconds
[2025-07-01T05:57:08.131+0000] {processor.py:186} INFO - Started process (PID=30980) to work on /home/airflow/.local/lib/python3.12/site-packages/airflow/example_dags/example_short_circuit_decorator.py
[2025-07-01T05:57:08.132+0000] {processor.py:914} INFO - Processing file /home/airflow/.local/lib/python3.12/site-packages/airflow/example_dags/example_short_circuit_decorator.py for tasks to queue
[2025-07-01T05:57:08.135+0000] {logging_mixin.py:190} INFO - [2025-07-01T05:57:08.135+0000] {dagbag.py:588} INFO - Filling up the DagBag from /home/airflow/.local/lib/python3.12/site-packages/airflow/example_dags/example_short_circuit_decorator.py
[2025-07-01T05:57:08.148+0000] {processor.py:925} INFO - DAG(s) 'example_short_circuit_decorator' retrieved from /home/airflow/.local/lib/python3.12/site-packages/airflow/example_dags/example_short_circuit_decorator.py
[2025-07-01T05:57:08.179+0000] {logging_mixin.py:190} INFO - [2025-07-01T05:57:08.179+0000] {dag.py:3239} INFO - Sync 1 DAGs
[2025-07-01T05:57:08.193+0000] {logging_mixin.py:190} INFO - [2025-07-01T05:57:08.193+0000] {dag.py:4180} INFO - Setting next_dagrun for example_short_circuit_decorator to None, run_after=None
[2025-07-01T05:57:08.213+0000] {processor.py:208} INFO - Processing /home/airflow/.local/lib/python3.12/site-packages/airflow/example_dags/example_short_circuit_decorator.py took 0.089 seconds
[2025-07-01T05:57:39.047+0000] {processor.py:186} INFO - Started process (PID=31042) to work on /home/airflow/.local/lib/python3.12/site-packages/airflow/example_dags/example_short_circuit_decorator.py
[2025-07-01T05:57:39.049+0000] {processor.py:914} INFO - Processing file /home/airflow/.local/lib/python3.12/site-packages/airflow/example_dags/example_short_circuit_decorator.py for tasks to queue
[2025-07-01T05:57:39.053+0000] {logging_mixin.py:190} INFO - [2025-07-01T05:57:39.052+0000] {dagbag.py:588} INFO - Filling up the DagBag from /home/airflow/.local/lib/python3.12/site-packages/airflow/example_dags/example_short_circuit_decorator.py
[2025-07-01T05:57:39.064+0000] {processor.py:925} INFO - DAG(s) 'example_short_circuit_decorator' retrieved from /home/airflow/.local/lib/python3.12/site-packages/airflow/example_dags/example_short_circuit_decorator.py
[2025-07-01T05:57:39.096+0000] {logging_mixin.py:190} INFO - [2025-07-01T05:57:39.095+0000] {dag.py:3239} INFO - Sync 1 DAGs
[2025-07-01T05:57:39.112+0000] {logging_mixin.py:190} INFO - [2025-07-01T05:57:39.111+0000] {dag.py:4180} INFO - Setting next_dagrun for example_short_circuit_decorator to None, run_after=None
[2025-07-01T05:57:39.141+0000] {processor.py:208} INFO - Processing /home/airflow/.local/lib/python3.12/site-packages/airflow/example_dags/example_short_circuit_decorator.py took 0.102 seconds
[2025-07-01T05:58:09.398+0000] {processor.py:186} INFO - Started process (PID=31104) to work on /home/airflow/.local/lib/python3.12/site-packages/airflow/example_dags/example_short_circuit_decorator.py
[2025-07-01T05:58:09.400+0000] {processor.py:914} INFO - Processing file /home/airflow/.local/lib/python3.12/site-packages/airflow/example_dags/example_short_circuit_decorator.py for tasks to queue
[2025-07-01T05:58:09.403+0000] {logging_mixin.py:190} INFO - [2025-07-01T05:58:09.403+0000] {dagbag.py:588} INFO - Filling up the DagBag from /home/airflow/.local/lib/python3.12/site-packages/airflow/example_dags/example_short_circuit_decorator.py
[2025-07-01T05:58:09.418+0000] {processor.py:925} INFO - DAG(s) 'example_short_circuit_decorator' retrieved from /home/airflow/.local/lib/python3.12/site-packages/airflow/example_dags/example_short_circuit_decorator.py
[2025-07-01T05:58:09.449+0000] {logging_mixin.py:190} INFO - [2025-07-01T05:58:09.449+0000] {dag.py:3239} INFO - Sync 1 DAGs
[2025-07-01T05:58:09.469+0000] {logging_mixin.py:190} INFO - [2025-07-01T05:58:09.468+0000] {dag.py:4180} INFO - Setting next_dagrun for example_short_circuit_decorator to None, run_after=None
[2025-07-01T05:58:09.490+0000] {processor.py:208} INFO - Processing /home/airflow/.local/lib/python3.12/site-packages/airflow/example_dags/example_short_circuit_decorator.py took 0.101 seconds
[2025-07-01T05:58:39.892+0000] {processor.py:186} INFO - Started process (PID=31166) to work on /home/airflow/.local/lib/python3.12/site-packages/airflow/example_dags/example_short_circuit_decorator.py
[2025-07-01T05:58:39.894+0000] {processor.py:914} INFO - Processing file /home/airflow/.local/lib/python3.12/site-packages/airflow/example_dags/example_short_circuit_decorator.py for tasks to queue
[2025-07-01T05:58:39.897+0000] {logging_mixin.py:190} INFO - [2025-07-01T05:58:39.897+0000] {dagbag.py:588} INFO - Filling up the DagBag from /home/airflow/.local/lib/python3.12/site-packages/airflow/example_dags/example_short_circuit_decorator.py
[2025-07-01T05:58:39.910+0000] {processor.py:925} INFO - DAG(s) 'example_short_circuit_decorator' retrieved from /home/airflow/.local/lib/python3.12/site-packages/airflow/example_dags/example_short_circuit_decorator.py
[2025-07-01T05:58:39.936+0000] {logging_mixin.py:190} INFO - [2025-07-01T05:58:39.936+0000] {dag.py:3239} INFO - Sync 1 DAGs
[2025-07-01T05:58:39.960+0000] {logging_mixin.py:190} INFO - [2025-07-01T05:58:39.960+0000] {dag.py:4180} INFO - Setting next_dagrun for example_short_circuit_decorator to None, run_after=None
[2025-07-01T05:58:39.976+0000] {processor.py:208} INFO - Processing /home/airflow/.local/lib/python3.12/site-packages/airflow/example_dags/example_short_circuit_decorator.py took 0.092 seconds
[2025-07-01T05:59:10.700+0000] {processor.py:186} INFO - Started process (PID=31228) to work on /home/airflow/.local/lib/python3.12/site-packages/airflow/example_dags/example_short_circuit_decorator.py
[2025-07-01T05:59:10.702+0000] {processor.py:914} INFO - Processing file /home/airflow/.local/lib/python3.12/site-packages/airflow/example_dags/example_short_circuit_decorator.py for tasks to queue
[2025-07-01T05:59:10.705+0000] {logging_mixin.py:190} INFO - [2025-07-01T05:59:10.704+0000] {dagbag.py:588} INFO - Filling up the DagBag from /home/airflow/.local/lib/python3.12/site-packages/airflow/example_dags/example_short_circuit_decorator.py
[2025-07-01T05:59:10.717+0000] {processor.py:925} INFO - DAG(s) 'example_short_circuit_decorator' retrieved from /home/airflow/.local/lib/python3.12/site-packages/airflow/example_dags/example_short_circuit_decorator.py
[2025-07-01T05:59:10.745+0000] {logging_mixin.py:190} INFO - [2025-07-01T05:59:10.745+0000] {dag.py:3239} INFO - Sync 1 DAGs
[2025-07-01T05:59:10.762+0000] {logging_mixin.py:190} INFO - [2025-07-01T05:59:10.761+0000] {dag.py:4180} INFO - Setting next_dagrun for example_short_circuit_decorator to None, run_after=None
[2025-07-01T05:59:10.781+0000] {processor.py:208} INFO - Processing /home/airflow/.local/lib/python3.12/site-packages/airflow/example_dags/example_short_circuit_decorator.py took 0.088 seconds
[2025-07-01T05:59:41.165+0000] {processor.py:186} INFO - Started process (PID=31290) to work on /home/airflow/.local/lib/python3.12/site-packages/airflow/example_dags/example_short_circuit_decorator.py
[2025-07-01T05:59:41.166+0000] {processor.py:914} INFO - Processing file /home/airflow/.local/lib/python3.12/site-packages/airflow/example_dags/example_short_circuit_decorator.py for tasks to queue
[2025-07-01T05:59:41.169+0000] {logging_mixin.py:190} INFO - [2025-07-01T05:59:41.169+0000] {dagbag.py:588} INFO - Filling up the DagBag from /home/airflow/.local/lib/python3.12/site-packages/airflow/example_dags/example_short_circuit_decorator.py
[2025-07-01T05:59:41.179+0000] {processor.py:925} INFO - DAG(s) 'example_short_circuit_decorator' retrieved from /home/airflow/.local/lib/python3.12/site-packages/airflow/example_dags/example_short_circuit_decorator.py
[2025-07-01T05:59:41.202+0000] {logging_mixin.py:190} INFO - [2025-07-01T05:59:41.202+0000] {dag.py:3239} INFO - Sync 1 DAGs
[2025-07-01T05:59:41.215+0000] {logging_mixin.py:190} INFO - [2025-07-01T05:59:41.215+0000] {dag.py:4180} INFO - Setting next_dagrun for example_short_circuit_decorator to None, run_after=None
[2025-07-01T05:59:41.242+0000] {processor.py:208} INFO - Processing /home/airflow/.local/lib/python3.12/site-packages/airflow/example_dags/example_short_circuit_decorator.py took 0.084 seconds
[2025-07-01T06:00:11.611+0000] {processor.py:186} INFO - Started process (PID=31352) to work on /home/airflow/.local/lib/python3.12/site-packages/airflow/example_dags/example_short_circuit_decorator.py
[2025-07-01T06:00:11.612+0000] {processor.py:914} INFO - Processing file /home/airflow/.local/lib/python3.12/site-packages/airflow/example_dags/example_short_circuit_decorator.py for tasks to queue
[2025-07-01T06:00:11.614+0000] {logging_mixin.py:190} INFO - [2025-07-01T06:00:11.614+0000] {dagbag.py:588} INFO - Filling up the DagBag from /home/airflow/.local/lib/python3.12/site-packages/airflow/example_dags/example_short_circuit_decorator.py
[2025-07-01T06:00:11.624+0000] {processor.py:925} INFO - DAG(s) 'example_short_circuit_decorator' retrieved from /home/airflow/.local/lib/python3.12/site-packages/airflow/example_dags/example_short_circuit_decorator.py
[2025-07-01T06:00:11.647+0000] {logging_mixin.py:190} INFO - [2025-07-01T06:00:11.647+0000] {dag.py:3239} INFO - Sync 1 DAGs
[2025-07-01T06:00:11.660+0000] {logging_mixin.py:190} INFO - [2025-07-01T06:00:11.660+0000] {dag.py:4180} INFO - Setting next_dagrun for example_short_circuit_decorator to None, run_after=None
[2025-07-01T06:00:11.678+0000] {processor.py:208} INFO - Processing /home/airflow/.local/lib/python3.12/site-packages/airflow/example_dags/example_short_circuit_decorator.py took 0.073 seconds
[2025-07-01T06:00:42.001+0000] {processor.py:186} INFO - Started process (PID=31414) to work on /home/airflow/.local/lib/python3.12/site-packages/airflow/example_dags/example_short_circuit_decorator.py
[2025-07-01T06:00:42.002+0000] {processor.py:914} INFO - Processing file /home/airflow/.local/lib/python3.12/site-packages/airflow/example_dags/example_short_circuit_decorator.py for tasks to queue
[2025-07-01T06:00:42.005+0000] {logging_mixin.py:190} INFO - [2025-07-01T06:00:42.005+0000] {dagbag.py:588} INFO - Filling up the DagBag from /home/airflow/.local/lib/python3.12/site-packages/airflow/example_dags/example_short_circuit_decorator.py
[2025-07-01T06:00:42.014+0000] {processor.py:925} INFO - DAG(s) 'example_short_circuit_decorator' retrieved from /home/airflow/.local/lib/python3.12/site-packages/airflow/example_dags/example_short_circuit_decorator.py
[2025-07-01T06:00:42.038+0000] {logging_mixin.py:190} INFO - [2025-07-01T06:00:42.038+0000] {dag.py:3239} INFO - Sync 1 DAGs
[2025-07-01T06:00:42.051+0000] {logging_mixin.py:190} INFO - [2025-07-01T06:00:42.051+0000] {dag.py:4180} INFO - Setting next_dagrun for example_short_circuit_decorator to None, run_after=None
[2025-07-01T06:00:42.068+0000] {processor.py:208} INFO - Processing /home/airflow/.local/lib/python3.12/site-packages/airflow/example_dags/example_short_circuit_decorator.py took 0.075 seconds
[2025-07-01T06:01:12.182+0000] {processor.py:186} INFO - Started process (PID=31476) to work on /home/airflow/.local/lib/python3.12/site-packages/airflow/example_dags/example_short_circuit_decorator.py
[2025-07-01T06:01:12.184+0000] {processor.py:914} INFO - Processing file /home/airflow/.local/lib/python3.12/site-packages/airflow/example_dags/example_short_circuit_decorator.py for tasks to queue
[2025-07-01T06:01:12.188+0000] {logging_mixin.py:190} INFO - [2025-07-01T06:01:12.187+0000] {dagbag.py:588} INFO - Filling up the DagBag from /home/airflow/.local/lib/python3.12/site-packages/airflow/example_dags/example_short_circuit_decorator.py
[2025-07-01T06:01:12.202+0000] {processor.py:925} INFO - DAG(s) 'example_short_circuit_decorator' retrieved from /home/airflow/.local/lib/python3.12/site-packages/airflow/example_dags/example_short_circuit_decorator.py
[2025-07-01T06:01:12.229+0000] {logging_mixin.py:190} INFO - [2025-07-01T06:01:12.229+0000] {dag.py:3239} INFO - Sync 1 DAGs
[2025-07-01T06:01:12.246+0000] {logging_mixin.py:190} INFO - [2025-07-01T06:01:12.246+0000] {dag.py:4180} INFO - Setting next_dagrun for example_short_circuit_decorator to None, run_after=None
[2025-07-01T06:01:12.273+0000] {processor.py:208} INFO - Processing /home/airflow/.local/lib/python3.12/site-packages/airflow/example_dags/example_short_circuit_decorator.py took 0.103 seconds
[2025-07-01T06:01:42.566+0000] {processor.py:186} INFO - Started process (PID=31538) to work on /home/airflow/.local/lib/python3.12/site-packages/airflow/example_dags/example_short_circuit_decorator.py
[2025-07-01T06:01:42.568+0000] {processor.py:914} INFO - Processing file /home/airflow/.local/lib/python3.12/site-packages/airflow/example_dags/example_short_circuit_decorator.py for tasks to queue
[2025-07-01T06:01:42.570+0000] {logging_mixin.py:190} INFO - [2025-07-01T06:01:42.570+0000] {dagbag.py:588} INFO - Filling up the DagBag from /home/airflow/.local/lib/python3.12/site-packages/airflow/example_dags/example_short_circuit_decorator.py
[2025-07-01T06:01:42.579+0000] {processor.py:925} INFO - DAG(s) 'example_short_circuit_decorator' retrieved from /home/airflow/.local/lib/python3.12/site-packages/airflow/example_dags/example_short_circuit_decorator.py
[2025-07-01T06:01:42.602+0000] {logging_mixin.py:190} INFO - [2025-07-01T06:01:42.601+0000] {dag.py:3239} INFO - Sync 1 DAGs
[2025-07-01T06:01:42.616+0000] {logging_mixin.py:190} INFO - [2025-07-01T06:01:42.616+0000] {dag.py:4180} INFO - Setting next_dagrun for example_short_circuit_decorator to None, run_after=None
[2025-07-01T06:01:42.633+0000] {processor.py:208} INFO - Processing /home/airflow/.local/lib/python3.12/site-packages/airflow/example_dags/example_short_circuit_decorator.py took 0.072 seconds
[2025-07-01T06:02:12.808+0000] {processor.py:186} INFO - Started process (PID=31600) to work on /home/airflow/.local/lib/python3.12/site-packages/airflow/example_dags/example_short_circuit_decorator.py
[2025-07-01T06:02:12.809+0000] {processor.py:914} INFO - Processing file /home/airflow/.local/lib/python3.12/site-packages/airflow/example_dags/example_short_circuit_decorator.py for tasks to queue
[2025-07-01T06:02:12.812+0000] {logging_mixin.py:190} INFO - [2025-07-01T06:02:12.811+0000] {dagbag.py:588} INFO - Filling up the DagBag from /home/airflow/.local/lib/python3.12/site-packages/airflow/example_dags/example_short_circuit_decorator.py
[2025-07-01T06:02:12.822+0000] {processor.py:925} INFO - DAG(s) 'example_short_circuit_decorator' retrieved from /home/airflow/.local/lib/python3.12/site-packages/airflow/example_dags/example_short_circuit_decorator.py
[2025-07-01T06:02:12.845+0000] {logging_mixin.py:190} INFO - [2025-07-01T06:02:12.845+0000] {dag.py:3239} INFO - Sync 1 DAGs
[2025-07-01T06:02:12.860+0000] {logging_mixin.py:190} INFO - [2025-07-01T06:02:12.860+0000] {dag.py:4180} INFO - Setting next_dagrun for example_short_circuit_decorator to None, run_after=None
[2025-07-01T06:02:12.878+0000] {processor.py:208} INFO - Processing /home/airflow/.local/lib/python3.12/site-packages/airflow/example_dags/example_short_circuit_decorator.py took 0.077 seconds
[2025-07-01T06:02:43.454+0000] {processor.py:186} INFO - Started process (PID=31662) to work on /home/airflow/.local/lib/python3.12/site-packages/airflow/example_dags/example_short_circuit_decorator.py
[2025-07-01T06:02:43.455+0000] {processor.py:914} INFO - Processing file /home/airflow/.local/lib/python3.12/site-packages/airflow/example_dags/example_short_circuit_decorator.py for tasks to queue
[2025-07-01T06:02:43.459+0000] {logging_mixin.py:190} INFO - [2025-07-01T06:02:43.458+0000] {dagbag.py:588} INFO - Filling up the DagBag from /home/airflow/.local/lib/python3.12/site-packages/airflow/example_dags/example_short_circuit_decorator.py
[2025-07-01T06:02:43.470+0000] {processor.py:925} INFO - DAG(s) 'example_short_circuit_decorator' retrieved from /home/airflow/.local/lib/python3.12/site-packages/airflow/example_dags/example_short_circuit_decorator.py
[2025-07-01T06:02:43.497+0000] {logging_mixin.py:190} INFO - [2025-07-01T06:02:43.497+0000] {dag.py:3239} INFO - Sync 1 DAGs
[2025-07-01T06:02:43.512+0000] {logging_mixin.py:190} INFO - [2025-07-01T06:02:43.512+0000] {dag.py:4180} INFO - Setting next_dagrun for example_short_circuit_decorator to None, run_after=None
[2025-07-01T06:02:43.531+0000] {processor.py:208} INFO - Processing /home/airflow/.local/lib/python3.12/site-packages/airflow/example_dags/example_short_circuit_decorator.py took 0.085 seconds
[2025-07-01T06:03:14.355+0000] {processor.py:186} INFO - Started process (PID=31724) to work on /home/airflow/.local/lib/python3.12/site-packages/airflow/example_dags/example_short_circuit_decorator.py
[2025-07-01T06:03:14.357+0000] {processor.py:914} INFO - Processing file /home/airflow/.local/lib/python3.12/site-packages/airflow/example_dags/example_short_circuit_decorator.py for tasks to queue
[2025-07-01T06:03:14.360+0000] {logging_mixin.py:190} INFO - [2025-07-01T06:03:14.360+0000] {dagbag.py:588} INFO - Filling up the DagBag from /home/airflow/.local/lib/python3.12/site-packages/airflow/example_dags/example_short_circuit_decorator.py
[2025-07-01T06:03:14.375+0000] {processor.py:925} INFO - DAG(s) 'example_short_circuit_decorator' retrieved from /home/airflow/.local/lib/python3.12/site-packages/airflow/example_dags/example_short_circuit_decorator.py
[2025-07-01T06:03:14.421+0000] {logging_mixin.py:190} INFO - [2025-07-01T06:03:14.421+0000] {dag.py:3239} INFO - Sync 1 DAGs
[2025-07-01T06:03:14.440+0000] {logging_mixin.py:190} INFO - [2025-07-01T06:03:14.440+0000] {dag.py:4180} INFO - Setting next_dagrun for example_short_circuit_decorator to None, run_after=None
[2025-07-01T06:03:14.462+0000] {processor.py:208} INFO - Processing /home/airflow/.local/lib/python3.12/site-packages/airflow/example_dags/example_short_circuit_decorator.py took 0.118 seconds
[2025-07-01T06:03:44.607+0000] {processor.py:186} INFO - Started process (PID=31787) to work on /home/airflow/.local/lib/python3.12/site-packages/airflow/example_dags/example_short_circuit_decorator.py
[2025-07-01T06:03:44.608+0000] {processor.py:914} INFO - Processing file /home/airflow/.local/lib/python3.12/site-packages/airflow/example_dags/example_short_circuit_decorator.py for tasks to queue
[2025-07-01T06:03:44.610+0000] {logging_mixin.py:190} INFO - [2025-07-01T06:03:44.610+0000] {dagbag.py:588} INFO - Filling up the DagBag from /home/airflow/.local/lib/python3.12/site-packages/airflow/example_dags/example_short_circuit_decorator.py
[2025-07-01T06:03:44.622+0000] {processor.py:925} INFO - DAG(s) 'example_short_circuit_decorator' retrieved from /home/airflow/.local/lib/python3.12/site-packages/airflow/example_dags/example_short_circuit_decorator.py
[2025-07-01T06:03:44.652+0000] {logging_mixin.py:190} INFO - [2025-07-01T06:03:44.652+0000] {dag.py:3239} INFO - Sync 1 DAGs
[2025-07-01T06:03:44.670+0000] {logging_mixin.py:190} INFO - [2025-07-01T06:03:44.669+0000] {dag.py:4180} INFO - Setting next_dagrun for example_short_circuit_decorator to None, run_after=None
[2025-07-01T06:03:44.691+0000] {processor.py:208} INFO - Processing /home/airflow/.local/lib/python3.12/site-packages/airflow/example_dags/example_short_circuit_decorator.py took 0.091 seconds
[2025-07-01T06:04:15.291+0000] {processor.py:186} INFO - Started process (PID=31849) to work on /home/airflow/.local/lib/python3.12/site-packages/airflow/example_dags/example_short_circuit_decorator.py
[2025-07-01T06:04:15.292+0000] {processor.py:914} INFO - Processing file /home/airflow/.local/lib/python3.12/site-packages/airflow/example_dags/example_short_circuit_decorator.py for tasks to queue
[2025-07-01T06:04:15.295+0000] {logging_mixin.py:190} INFO - [2025-07-01T06:04:15.294+0000] {dagbag.py:588} INFO - Filling up the DagBag from /home/airflow/.local/lib/python3.12/site-packages/airflow/example_dags/example_short_circuit_decorator.py
[2025-07-01T06:04:15.305+0000] {processor.py:925} INFO - DAG(s) 'example_short_circuit_decorator' retrieved from /home/airflow/.local/lib/python3.12/site-packages/airflow/example_dags/example_short_circuit_decorator.py
[2025-07-01T06:04:15.331+0000] {logging_mixin.py:190} INFO - [2025-07-01T06:04:15.330+0000] {dag.py:3239} INFO - Sync 1 DAGs
[2025-07-01T06:04:15.344+0000] {logging_mixin.py:190} INFO - [2025-07-01T06:04:15.344+0000] {dag.py:4180} INFO - Setting next_dagrun for example_short_circuit_decorator to None, run_after=None
[2025-07-01T06:04:15.362+0000] {processor.py:208} INFO - Processing /home/airflow/.local/lib/python3.12/site-packages/airflow/example_dags/example_short_circuit_decorator.py took 0.077 seconds
[2025-07-01T06:04:46.173+0000] {processor.py:186} INFO - Started process (PID=31911) to work on /home/airflow/.local/lib/python3.12/site-packages/airflow/example_dags/example_short_circuit_decorator.py
[2025-07-01T06:04:46.175+0000] {processor.py:914} INFO - Processing file /home/airflow/.local/lib/python3.12/site-packages/airflow/example_dags/example_short_circuit_decorator.py for tasks to queue
[2025-07-01T06:04:46.178+0000] {logging_mixin.py:190} INFO - [2025-07-01T06:04:46.177+0000] {dagbag.py:588} INFO - Filling up the DagBag from /home/airflow/.local/lib/python3.12/site-packages/airflow/example_dags/example_short_circuit_decorator.py
[2025-07-01T06:04:46.188+0000] {processor.py:925} INFO - DAG(s) 'example_short_circuit_decorator' retrieved from /home/airflow/.local/lib/python3.12/site-packages/airflow/example_dags/example_short_circuit_decorator.py
[2025-07-01T06:04:46.212+0000] {logging_mixin.py:190} INFO - [2025-07-01T06:04:46.212+0000] {dag.py:3239} INFO - Sync 1 DAGs
[2025-07-01T06:04:46.227+0000] {logging_mixin.py:190} INFO - [2025-07-01T06:04:46.226+0000] {dag.py:4180} INFO - Setting next_dagrun for example_short_circuit_decorator to None, run_after=None
[2025-07-01T06:04:46.244+0000] {processor.py:208} INFO - Processing /home/airflow/.local/lib/python3.12/site-packages/airflow/example_dags/example_short_circuit_decorator.py took 0.076 seconds
[2025-07-01T06:05:16.946+0000] {processor.py:186} INFO - Started process (PID=31973) to work on /home/airflow/.local/lib/python3.12/site-packages/airflow/example_dags/example_short_circuit_decorator.py
[2025-07-01T06:05:16.947+0000] {processor.py:914} INFO - Processing file /home/airflow/.local/lib/python3.12/site-packages/airflow/example_dags/example_short_circuit_decorator.py for tasks to queue
[2025-07-01T06:05:16.950+0000] {logging_mixin.py:190} INFO - [2025-07-01T06:05:16.950+0000] {dagbag.py:588} INFO - Filling up the DagBag from /home/airflow/.local/lib/python3.12/site-packages/airflow/example_dags/example_short_circuit_decorator.py
[2025-07-01T06:05:16.962+0000] {processor.py:925} INFO - DAG(s) 'example_short_circuit_decorator' retrieved from /home/airflow/.local/lib/python3.12/site-packages/airflow/example_dags/example_short_circuit_decorator.py
[2025-07-01T06:05:16.991+0000] {logging_mixin.py:190} INFO - [2025-07-01T06:05:16.990+0000] {dag.py:3239} INFO - Sync 1 DAGs
[2025-07-01T06:05:17.007+0000] {logging_mixin.py:190} INFO - [2025-07-01T06:05:17.007+0000] {dag.py:4180} INFO - Setting next_dagrun for example_short_circuit_decorator to None, run_after=None
[2025-07-01T06:05:17.027+0000] {processor.py:208} INFO - Processing /home/airflow/.local/lib/python3.12/site-packages/airflow/example_dags/example_short_circuit_decorator.py took 0.087 seconds
[2025-07-01T06:05:47.130+0000] {processor.py:186} INFO - Started process (PID=32035) to work on /home/airflow/.local/lib/python3.12/site-packages/airflow/example_dags/example_short_circuit_decorator.py
[2025-07-01T06:05:47.131+0000] {processor.py:914} INFO - Processing file /home/airflow/.local/lib/python3.12/site-packages/airflow/example_dags/example_short_circuit_decorator.py for tasks to queue
[2025-07-01T06:05:47.134+0000] {logging_mixin.py:190} INFO - [2025-07-01T06:05:47.134+0000] {dagbag.py:588} INFO - Filling up the DagBag from /home/airflow/.local/lib/python3.12/site-packages/airflow/example_dags/example_short_circuit_decorator.py
[2025-07-01T06:05:47.143+0000] {processor.py:925} INFO - DAG(s) 'example_short_circuit_decorator' retrieved from /home/airflow/.local/lib/python3.12/site-packages/airflow/example_dags/example_short_circuit_decorator.py
[2025-07-01T06:05:47.167+0000] {logging_mixin.py:190} INFO - [2025-07-01T06:05:47.166+0000] {dag.py:3239} INFO - Sync 1 DAGs
[2025-07-01T06:05:47.180+0000] {logging_mixin.py:190} INFO - [2025-07-01T06:05:47.180+0000] {dag.py:4180} INFO - Setting next_dagrun for example_short_circuit_decorator to None, run_after=None
[2025-07-01T06:05:47.197+0000] {processor.py:208} INFO - Processing /home/airflow/.local/lib/python3.12/site-packages/airflow/example_dags/example_short_circuit_decorator.py took 0.074 seconds
[2025-07-01T06:06:17.402+0000] {processor.py:186} INFO - Started process (PID=32097) to work on /home/airflow/.local/lib/python3.12/site-packages/airflow/example_dags/example_short_circuit_decorator.py
[2025-07-01T06:06:17.404+0000] {processor.py:914} INFO - Processing file /home/airflow/.local/lib/python3.12/site-packages/airflow/example_dags/example_short_circuit_decorator.py for tasks to queue
[2025-07-01T06:06:17.407+0000] {logging_mixin.py:190} INFO - [2025-07-01T06:06:17.406+0000] {dagbag.py:588} INFO - Filling up the DagBag from /home/airflow/.local/lib/python3.12/site-packages/airflow/example_dags/example_short_circuit_decorator.py
[2025-07-01T06:06:17.417+0000] {processor.py:925} INFO - DAG(s) 'example_short_circuit_decorator' retrieved from /home/airflow/.local/lib/python3.12/site-packages/airflow/example_dags/example_short_circuit_decorator.py
[2025-07-01T06:06:17.441+0000] {logging_mixin.py:190} INFO - [2025-07-01T06:06:17.440+0000] {dag.py:3239} INFO - Sync 1 DAGs
[2025-07-01T06:06:17.455+0000] {logging_mixin.py:190} INFO - [2025-07-01T06:06:17.454+0000] {dag.py:4180} INFO - Setting next_dagrun for example_short_circuit_decorator to None, run_after=None
[2025-07-01T06:06:17.472+0000] {processor.py:208} INFO - Processing /home/airflow/.local/lib/python3.12/site-packages/airflow/example_dags/example_short_circuit_decorator.py took 0.076 seconds
[2025-07-01T06:06:48.027+0000] {processor.py:186} INFO - Started process (PID=32159) to work on /home/airflow/.local/lib/python3.12/site-packages/airflow/example_dags/example_short_circuit_decorator.py
[2025-07-01T06:06:48.029+0000] {processor.py:914} INFO - Processing file /home/airflow/.local/lib/python3.12/site-packages/airflow/example_dags/example_short_circuit_decorator.py for tasks to queue
[2025-07-01T06:06:48.031+0000] {logging_mixin.py:190} INFO - [2025-07-01T06:06:48.031+0000] {dagbag.py:588} INFO - Filling up the DagBag from /home/airflow/.local/lib/python3.12/site-packages/airflow/example_dags/example_short_circuit_decorator.py
[2025-07-01T06:06:48.041+0000] {processor.py:925} INFO - DAG(s) 'example_short_circuit_decorator' retrieved from /home/airflow/.local/lib/python3.12/site-packages/airflow/example_dags/example_short_circuit_decorator.py
[2025-07-01T06:06:48.063+0000] {logging_mixin.py:190} INFO - [2025-07-01T06:06:48.063+0000] {dag.py:3239} INFO - Sync 1 DAGs
[2025-07-01T06:06:48.077+0000] {logging_mixin.py:190} INFO - [2025-07-01T06:06:48.077+0000] {dag.py:4180} INFO - Setting next_dagrun for example_short_circuit_decorator to None, run_after=None
[2025-07-01T06:06:48.104+0000] {processor.py:208} INFO - Processing /home/airflow/.local/lib/python3.12/site-packages/airflow/example_dags/example_short_circuit_decorator.py took 0.083 seconds
[2025-07-01T06:07:19.007+0000] {processor.py:186} INFO - Started process (PID=32221) to work on /home/airflow/.local/lib/python3.12/site-packages/airflow/example_dags/example_short_circuit_decorator.py
[2025-07-01T06:07:19.008+0000] {processor.py:914} INFO - Processing file /home/airflow/.local/lib/python3.12/site-packages/airflow/example_dags/example_short_circuit_decorator.py for tasks to queue
[2025-07-01T06:07:19.012+0000] {logging_mixin.py:190} INFO - [2025-07-01T06:07:19.011+0000] {dagbag.py:588} INFO - Filling up the DagBag from /home/airflow/.local/lib/python3.12/site-packages/airflow/example_dags/example_short_circuit_decorator.py
[2025-07-01T06:07:19.024+0000] {processor.py:925} INFO - DAG(s) 'example_short_circuit_decorator' retrieved from /home/airflow/.local/lib/python3.12/site-packages/airflow/example_dags/example_short_circuit_decorator.py
[2025-07-01T06:07:19.051+0000] {logging_mixin.py:190} INFO - [2025-07-01T06:07:19.051+0000] {dag.py:3239} INFO - Sync 1 DAGs
[2025-07-01T06:07:19.067+0000] {logging_mixin.py:190} INFO - [2025-07-01T06:07:19.067+0000] {dag.py:4180} INFO - Setting next_dagrun for example_short_circuit_decorator to None, run_after=None
[2025-07-01T06:07:19.087+0000] {processor.py:208} INFO - Processing /home/airflow/.local/lib/python3.12/site-packages/airflow/example_dags/example_short_circuit_decorator.py took 0.086 seconds
[2025-07-01T06:07:49.885+0000] {processor.py:186} INFO - Started process (PID=32283) to work on /home/airflow/.local/lib/python3.12/site-packages/airflow/example_dags/example_short_circuit_decorator.py
[2025-07-01T06:07:49.886+0000] {processor.py:914} INFO - Processing file /home/airflow/.local/lib/python3.12/site-packages/airflow/example_dags/example_short_circuit_decorator.py for tasks to queue
[2025-07-01T06:07:49.889+0000] {logging_mixin.py:190} INFO - [2025-07-01T06:07:49.888+0000] {dagbag.py:588} INFO - Filling up the DagBag from /home/airflow/.local/lib/python3.12/site-packages/airflow/example_dags/example_short_circuit_decorator.py
[2025-07-01T06:07:49.903+0000] {processor.py:925} INFO - DAG(s) 'example_short_circuit_decorator' retrieved from /home/airflow/.local/lib/python3.12/site-packages/airflow/example_dags/example_short_circuit_decorator.py
[2025-07-01T06:07:49.928+0000] {logging_mixin.py:190} INFO - [2025-07-01T06:07:49.928+0000] {dag.py:3239} INFO - Sync 1 DAGs
[2025-07-01T06:07:49.942+0000] {logging_mixin.py:190} INFO - [2025-07-01T06:07:49.942+0000] {dag.py:4180} INFO - Setting next_dagrun for example_short_circuit_decorator to None, run_after=None
[2025-07-01T06:07:49.959+0000] {processor.py:208} INFO - Processing /home/airflow/.local/lib/python3.12/site-packages/airflow/example_dags/example_short_circuit_decorator.py took 0.082 seconds
[2025-07-01T06:08:20.123+0000] {processor.py:186} INFO - Started process (PID=32346) to work on /home/airflow/.local/lib/python3.12/site-packages/airflow/example_dags/example_short_circuit_decorator.py
[2025-07-01T06:08:20.124+0000] {processor.py:914} INFO - Processing file /home/airflow/.local/lib/python3.12/site-packages/airflow/example_dags/example_short_circuit_decorator.py for tasks to queue
[2025-07-01T06:08:20.127+0000] {logging_mixin.py:190} INFO - [2025-07-01T06:08:20.126+0000] {dagbag.py:588} INFO - Filling up the DagBag from /home/airflow/.local/lib/python3.12/site-packages/airflow/example_dags/example_short_circuit_decorator.py
[2025-07-01T06:08:20.136+0000] {processor.py:925} INFO - DAG(s) 'example_short_circuit_decorator' retrieved from /home/airflow/.local/lib/python3.12/site-packages/airflow/example_dags/example_short_circuit_decorator.py
[2025-07-01T06:08:20.160+0000] {logging_mixin.py:190} INFO - [2025-07-01T06:08:20.160+0000] {dag.py:3239} INFO - Sync 1 DAGs
[2025-07-01T06:08:20.174+0000] {logging_mixin.py:190} INFO - [2025-07-01T06:08:20.174+0000] {dag.py:4180} INFO - Setting next_dagrun for example_short_circuit_decorator to None, run_after=None
[2025-07-01T06:08:20.195+0000] {processor.py:208} INFO - Processing /home/airflow/.local/lib/python3.12/site-packages/airflow/example_dags/example_short_circuit_decorator.py took 0.077 seconds
[2025-07-01T06:08:50.643+0000] {processor.py:186} INFO - Started process (PID=32408) to work on /home/airflow/.local/lib/python3.12/site-packages/airflow/example_dags/example_short_circuit_decorator.py
[2025-07-01T06:08:50.644+0000] {processor.py:914} INFO - Processing file /home/airflow/.local/lib/python3.12/site-packages/airflow/example_dags/example_short_circuit_decorator.py for tasks to queue
[2025-07-01T06:08:50.646+0000] {logging_mixin.py:190} INFO - [2025-07-01T06:08:50.646+0000] {dagbag.py:588} INFO - Filling up the DagBag from /home/airflow/.local/lib/python3.12/site-packages/airflow/example_dags/example_short_circuit_decorator.py
[2025-07-01T06:08:50.656+0000] {processor.py:925} INFO - DAG(s) 'example_short_circuit_decorator' retrieved from /home/airflow/.local/lib/python3.12/site-packages/airflow/example_dags/example_short_circuit_decorator.py
[2025-07-01T06:08:50.681+0000] {logging_mixin.py:190} INFO - [2025-07-01T06:08:50.680+0000] {dag.py:3239} INFO - Sync 1 DAGs
[2025-07-01T06:08:50.694+0000] {logging_mixin.py:190} INFO - [2025-07-01T06:08:50.694+0000] {dag.py:4180} INFO - Setting next_dagrun for example_short_circuit_decorator to None, run_after=None
[2025-07-01T06:08:50.712+0000] {processor.py:208} INFO - Processing /home/airflow/.local/lib/python3.12/site-packages/airflow/example_dags/example_short_circuit_decorator.py took 0.076 seconds
[2025-07-01T06:09:21.380+0000] {processor.py:186} INFO - Started process (PID=32470) to work on /home/airflow/.local/lib/python3.12/site-packages/airflow/example_dags/example_short_circuit_decorator.py
[2025-07-01T06:09:21.381+0000] {processor.py:914} INFO - Processing file /home/airflow/.local/lib/python3.12/site-packages/airflow/example_dags/example_short_circuit_decorator.py for tasks to queue
[2025-07-01T06:09:21.384+0000] {logging_mixin.py:190} INFO - [2025-07-01T06:09:21.384+0000] {dagbag.py:588} INFO - Filling up the DagBag from /home/airflow/.local/lib/python3.12/site-packages/airflow/example_dags/example_short_circuit_decorator.py
[2025-07-01T06:09:21.394+0000] {processor.py:925} INFO - DAG(s) 'example_short_circuit_decorator' retrieved from /home/airflow/.local/lib/python3.12/site-packages/airflow/example_dags/example_short_circuit_decorator.py
[2025-07-01T06:09:21.422+0000] {logging_mixin.py:190} INFO - [2025-07-01T06:09:21.422+0000] {dag.py:3239} INFO - Sync 1 DAGs
[2025-07-01T06:09:21.437+0000] {logging_mixin.py:190} INFO - [2025-07-01T06:09:21.437+0000] {dag.py:4180} INFO - Setting next_dagrun for example_short_circuit_decorator to None, run_after=None
[2025-07-01T06:09:21.455+0000] {processor.py:208} INFO - Processing /home/airflow/.local/lib/python3.12/site-packages/airflow/example_dags/example_short_circuit_decorator.py took 0.083 seconds
[2025-07-01T06:09:52.028+0000] {processor.py:186} INFO - Started process (PID=32532) to work on /home/airflow/.local/lib/python3.12/site-packages/airflow/example_dags/example_short_circuit_decorator.py
[2025-07-01T06:09:52.029+0000] {processor.py:914} INFO - Processing file /home/airflow/.local/lib/python3.12/site-packages/airflow/example_dags/example_short_circuit_decorator.py for tasks to queue
[2025-07-01T06:09:52.032+0000] {logging_mixin.py:190} INFO - [2025-07-01T06:09:52.031+0000] {dagbag.py:588} INFO - Filling up the DagBag from /home/airflow/.local/lib/python3.12/site-packages/airflow/example_dags/example_short_circuit_decorator.py
[2025-07-01T06:09:52.041+0000] {processor.py:925} INFO - DAG(s) 'example_short_circuit_decorator' retrieved from /home/airflow/.local/lib/python3.12/site-packages/airflow/example_dags/example_short_circuit_decorator.py
[2025-07-01T06:09:52.064+0000] {logging_mixin.py:190} INFO - [2025-07-01T06:09:52.064+0000] {dag.py:3239} INFO - Sync 1 DAGs
[2025-07-01T06:09:52.077+0000] {logging_mixin.py:190} INFO - [2025-07-01T06:09:52.077+0000] {dag.py:4180} INFO - Setting next_dagrun for example_short_circuit_decorator to None, run_after=None
[2025-07-01T06:09:52.094+0000] {processor.py:208} INFO - Processing /home/airflow/.local/lib/python3.12/site-packages/airflow/example_dags/example_short_circuit_decorator.py took 0.072 seconds
[2025-07-01T12:18:34.104+0000] {processor.py:186} INFO - Started process (PID=67) to work on /home/airflow/.local/lib/python3.12/site-packages/airflow/example_dags/example_short_circuit_decorator.py
[2025-07-01T12:18:34.107+0000] {processor.py:914} INFO - Processing file /home/airflow/.local/lib/python3.12/site-packages/airflow/example_dags/example_short_circuit_decorator.py for tasks to queue
[2025-07-01T12:18:34.132+0000] {logging_mixin.py:190} INFO - [2025-07-01T12:18:34.131+0000] {dagbag.py:588} INFO - Filling up the DagBag from /home/airflow/.local/lib/python3.12/site-packages/airflow/example_dags/example_short_circuit_decorator.py
[2025-07-01T12:18:34.204+0000] {processor.py:925} INFO - DAG(s) 'example_short_circuit_decorator' retrieved from /home/airflow/.local/lib/python3.12/site-packages/airflow/example_dags/example_short_circuit_decorator.py
[2025-07-01T12:18:34.387+0000] {logging_mixin.py:190} INFO - [2025-07-01T12:18:34.387+0000] {dag.py:3239} INFO - Sync 1 DAGs
[2025-07-01T12:18:34.496+0000] {logging_mixin.py:190} INFO - [2025-07-01T12:18:34.496+0000] {dag.py:4180} INFO - Setting next_dagrun for example_short_circuit_decorator to None, run_after=None
[2025-07-01T12:18:34.601+0000] {processor.py:208} INFO - Processing /home/airflow/.local/lib/python3.12/site-packages/airflow/example_dags/example_short_circuit_decorator.py took 0.525 seconds
