[2025-07-01T01:06:59.845+0000] {processor.py:186} INFO - Started process (PID=71) to work on /home/airflow/.local/lib/python3.12/site-packages/airflow/example_dags/example_setup_teardown.py
[2025-07-01T01:06:59.849+0000] {processor.py:914} INFO - Processing file /home/airflow/.local/lib/python3.12/site-packages/airflow/example_dags/example_setup_teardown.py for tasks to queue
[2025-07-01T01:06:59.863+0000] {logging_mixin.py:190} INFO - [2025-07-01T01:06:59.862+0000] {dagbag.py:588} INFO - Filling up the DagBag from /home/airflow/.local/lib/python3.12/site-packages/airflow/example_dags/example_setup_teardown.py
[2025-07-01T01:06:59.905+0000] {processor.py:925} INFO - DAG(s) 'example_setup_teardown' retrieved from /home/airflow/.local/lib/python3.12/site-packages/airflow/example_dags/example_setup_teardown.py
[2025-07-01T01:07:00.594+0000] {logging_mixin.py:190} INFO - [2025-07-01T01:07:00.588+0000] {override.py:1900} INFO - Created Permission View: can delete on DAG:example_setup_teardown
[2025-07-01T01:07:00.629+0000] {logging_mixin.py:190} INFO - [2025-07-01T01:07:00.629+0000] {override.py:1900} INFO - Created Permission View: can edit on DAG:example_setup_teardown
[2025-07-01T01:07:00.644+0000] {logging_mixin.py:190} INFO - [2025-07-01T01:07:00.643+0000] {override.py:1900} INFO - Created Permission View: can read on DAG:example_setup_teardown
[2025-07-01T01:07:00.659+0000] {logging_mixin.py:190} INFO - [2025-07-01T01:07:00.659+0000] {override.py:1900} INFO - Created Permission View: can delete on DAG Run:example_setup_teardown
[2025-07-01T01:07:00.675+0000] {logging_mixin.py:190} INFO - [2025-07-01T01:07:00.673+0000] {override.py:1900} INFO - Created Permission View: menu access on DAG Run:example_setup_teardown
[2025-07-01T01:07:00.690+0000] {logging_mixin.py:190} INFO - [2025-07-01T01:07:00.689+0000] {override.py:1900} INFO - Created Permission View: can create on DAG Run:example_setup_teardown
[2025-07-01T01:07:00.703+0000] {logging_mixin.py:190} INFO - [2025-07-01T01:07:00.702+0000] {override.py:1900} INFO - Created Permission View: can read on DAG Run:example_setup_teardown
[2025-07-01T01:07:00.704+0000] {logging_mixin.py:190} INFO - [2025-07-01T01:07:00.704+0000] {dag.py:3239} INFO - Sync 1 DAGs
[2025-07-01T01:07:00.778+0000] {logging_mixin.py:190} INFO - [2025-07-01T01:07:00.778+0000] {dag.py:3262} INFO - Creating ORM DAG for example_setup_teardown
[2025-07-01T01:07:00.786+0000] {logging_mixin.py:190} INFO - [2025-07-01T01:07:00.785+0000] {dag.py:4180} INFO - Setting next_dagrun for example_setup_teardown to None, run_after=None
[2025-07-01T01:07:00.859+0000] {processor.py:208} INFO - Processing /home/airflow/.local/lib/python3.12/site-packages/airflow/example_dags/example_setup_teardown.py took 1.070 seconds
[2025-07-01T01:07:31.306+0000] {processor.py:186} INFO - Started process (PID=134) to work on /home/airflow/.local/lib/python3.12/site-packages/airflow/example_dags/example_setup_teardown.py
[2025-07-01T01:07:31.318+0000] {processor.py:914} INFO - Processing file /home/airflow/.local/lib/python3.12/site-packages/airflow/example_dags/example_setup_teardown.py for tasks to queue
[2025-07-01T01:07:31.327+0000] {logging_mixin.py:190} INFO - [2025-07-01T01:07:31.326+0000] {dagbag.py:588} INFO - Filling up the DagBag from /home/airflow/.local/lib/python3.12/site-packages/airflow/example_dags/example_setup_teardown.py
[2025-07-01T01:07:31.362+0000] {processor.py:925} INFO - DAG(s) 'example_setup_teardown' retrieved from /home/airflow/.local/lib/python3.12/site-packages/airflow/example_dags/example_setup_teardown.py
[2025-07-01T01:07:31.443+0000] {logging_mixin.py:190} INFO - [2025-07-01T01:07:31.442+0000] {dag.py:3239} INFO - Sync 1 DAGs
[2025-07-01T01:07:31.497+0000] {logging_mixin.py:190} INFO - [2025-07-01T01:07:31.497+0000] {dag.py:4180} INFO - Setting next_dagrun for example_setup_teardown to None, run_after=None
[2025-07-01T01:07:31.555+0000] {processor.py:208} INFO - Processing /home/airflow/.local/lib/python3.12/site-packages/airflow/example_dags/example_setup_teardown.py took 0.276 seconds
[2025-07-01T01:08:01.697+0000] {processor.py:186} INFO - Started process (PID=196) to work on /home/airflow/.local/lib/python3.12/site-packages/airflow/example_dags/example_setup_teardown.py
[2025-07-01T01:08:01.699+0000] {processor.py:914} INFO - Processing file /home/airflow/.local/lib/python3.12/site-packages/airflow/example_dags/example_setup_teardown.py for tasks to queue
[2025-07-01T01:08:01.705+0000] {logging_mixin.py:190} INFO - [2025-07-01T01:08:01.704+0000] {dagbag.py:588} INFO - Filling up the DagBag from /home/airflow/.local/lib/python3.12/site-packages/airflow/example_dags/example_setup_teardown.py
[2025-07-01T01:08:01.724+0000] {processor.py:925} INFO - DAG(s) 'example_setup_teardown' retrieved from /home/airflow/.local/lib/python3.12/site-packages/airflow/example_dags/example_setup_teardown.py
[2025-07-01T01:08:01.791+0000] {logging_mixin.py:190} INFO - [2025-07-01T01:08:01.790+0000] {dag.py:3239} INFO - Sync 1 DAGs
[2025-07-01T01:08:01.845+0000] {logging_mixin.py:190} INFO - [2025-07-01T01:08:01.845+0000] {dag.py:4180} INFO - Setting next_dagrun for example_setup_teardown to None, run_after=None
[2025-07-01T01:08:01.883+0000] {processor.py:208} INFO - Processing /home/airflow/.local/lib/python3.12/site-packages/airflow/example_dags/example_setup_teardown.py took 0.198 seconds
[2025-07-01T01:08:32.070+0000] {processor.py:186} INFO - Started process (PID=258) to work on /home/airflow/.local/lib/python3.12/site-packages/airflow/example_dags/example_setup_teardown.py
[2025-07-01T01:08:32.072+0000] {processor.py:914} INFO - Processing file /home/airflow/.local/lib/python3.12/site-packages/airflow/example_dags/example_setup_teardown.py for tasks to queue
[2025-07-01T01:08:32.078+0000] {logging_mixin.py:190} INFO - [2025-07-01T01:08:32.077+0000] {dagbag.py:588} INFO - Filling up the DagBag from /home/airflow/.local/lib/python3.12/site-packages/airflow/example_dags/example_setup_teardown.py
[2025-07-01T01:08:32.091+0000] {processor.py:925} INFO - DAG(s) 'example_setup_teardown' retrieved from /home/airflow/.local/lib/python3.12/site-packages/airflow/example_dags/example_setup_teardown.py
[2025-07-01T01:08:32.123+0000] {logging_mixin.py:190} INFO - [2025-07-01T01:08:32.122+0000] {dag.py:3239} INFO - Sync 1 DAGs
[2025-07-01T01:08:32.146+0000] {logging_mixin.py:190} INFO - [2025-07-01T01:08:32.145+0000] {dag.py:4180} INFO - Setting next_dagrun for example_setup_teardown to None, run_after=None
[2025-07-01T01:08:32.177+0000] {processor.py:208} INFO - Processing /home/airflow/.local/lib/python3.12/site-packages/airflow/example_dags/example_setup_teardown.py took 0.116 seconds
[2025-07-01T01:09:02.788+0000] {processor.py:186} INFO - Started process (PID=320) to work on /home/airflow/.local/lib/python3.12/site-packages/airflow/example_dags/example_setup_teardown.py
[2025-07-01T01:09:02.789+0000] {processor.py:914} INFO - Processing file /home/airflow/.local/lib/python3.12/site-packages/airflow/example_dags/example_setup_teardown.py for tasks to queue
[2025-07-01T01:09:02.791+0000] {logging_mixin.py:190} INFO - [2025-07-01T01:09:02.791+0000] {dagbag.py:588} INFO - Filling up the DagBag from /home/airflow/.local/lib/python3.12/site-packages/airflow/example_dags/example_setup_teardown.py
[2025-07-01T01:09:02.805+0000] {processor.py:925} INFO - DAG(s) 'example_setup_teardown' retrieved from /home/airflow/.local/lib/python3.12/site-packages/airflow/example_dags/example_setup_teardown.py
[2025-07-01T01:09:02.830+0000] {logging_mixin.py:190} INFO - [2025-07-01T01:09:02.830+0000] {dag.py:3239} INFO - Sync 1 DAGs
[2025-07-01T01:09:02.853+0000] {logging_mixin.py:190} INFO - [2025-07-01T01:09:02.852+0000] {dag.py:4180} INFO - Setting next_dagrun for example_setup_teardown to None, run_after=None
[2025-07-01T01:09:02.879+0000] {processor.py:208} INFO - Processing /home/airflow/.local/lib/python3.12/site-packages/airflow/example_dags/example_setup_teardown.py took 0.098 seconds
[2025-07-01T01:09:33.354+0000] {processor.py:186} INFO - Started process (PID=382) to work on /home/airflow/.local/lib/python3.12/site-packages/airflow/example_dags/example_setup_teardown.py
[2025-07-01T01:09:33.356+0000] {processor.py:914} INFO - Processing file /home/airflow/.local/lib/python3.12/site-packages/airflow/example_dags/example_setup_teardown.py for tasks to queue
[2025-07-01T01:09:33.358+0000] {logging_mixin.py:190} INFO - [2025-07-01T01:09:33.358+0000] {dagbag.py:588} INFO - Filling up the DagBag from /home/airflow/.local/lib/python3.12/site-packages/airflow/example_dags/example_setup_teardown.py
[2025-07-01T01:09:33.369+0000] {processor.py:925} INFO - DAG(s) 'example_setup_teardown' retrieved from /home/airflow/.local/lib/python3.12/site-packages/airflow/example_dags/example_setup_teardown.py
[2025-07-01T01:09:33.396+0000] {logging_mixin.py:190} INFO - [2025-07-01T01:09:33.396+0000] {dag.py:3239} INFO - Sync 1 DAGs
[2025-07-01T01:09:33.411+0000] {logging_mixin.py:190} INFO - [2025-07-01T01:09:33.411+0000] {dag.py:4180} INFO - Setting next_dagrun for example_setup_teardown to None, run_after=None
[2025-07-01T01:09:33.430+0000] {processor.py:208} INFO - Processing /home/airflow/.local/lib/python3.12/site-packages/airflow/example_dags/example_setup_teardown.py took 0.082 seconds
[2025-07-01T01:10:03.814+0000] {processor.py:186} INFO - Started process (PID=444) to work on /home/airflow/.local/lib/python3.12/site-packages/airflow/example_dags/example_setup_teardown.py
[2025-07-01T01:10:03.815+0000] {processor.py:914} INFO - Processing file /home/airflow/.local/lib/python3.12/site-packages/airflow/example_dags/example_setup_teardown.py for tasks to queue
[2025-07-01T01:10:03.818+0000] {logging_mixin.py:190} INFO - [2025-07-01T01:10:03.818+0000] {dagbag.py:588} INFO - Filling up the DagBag from /home/airflow/.local/lib/python3.12/site-packages/airflow/example_dags/example_setup_teardown.py
[2025-07-01T01:10:03.827+0000] {processor.py:925} INFO - DAG(s) 'example_setup_teardown' retrieved from /home/airflow/.local/lib/python3.12/site-packages/airflow/example_dags/example_setup_teardown.py
[2025-07-01T01:10:03.852+0000] {logging_mixin.py:190} INFO - [2025-07-01T01:10:03.852+0000] {dag.py:3239} INFO - Sync 1 DAGs
[2025-07-01T01:10:03.872+0000] {logging_mixin.py:190} INFO - [2025-07-01T01:10:03.872+0000] {dag.py:4180} INFO - Setting next_dagrun for example_setup_teardown to None, run_after=None
[2025-07-01T01:10:03.894+0000] {processor.py:208} INFO - Processing /home/airflow/.local/lib/python3.12/site-packages/airflow/example_dags/example_setup_teardown.py took 0.088 seconds
[2025-07-01T01:10:34.272+0000] {processor.py:186} INFO - Started process (PID=506) to work on /home/airflow/.local/lib/python3.12/site-packages/airflow/example_dags/example_setup_teardown.py
[2025-07-01T01:10:34.274+0000] {processor.py:914} INFO - Processing file /home/airflow/.local/lib/python3.12/site-packages/airflow/example_dags/example_setup_teardown.py for tasks to queue
[2025-07-01T01:10:34.277+0000] {logging_mixin.py:190} INFO - [2025-07-01T01:10:34.276+0000] {dagbag.py:588} INFO - Filling up the DagBag from /home/airflow/.local/lib/python3.12/site-packages/airflow/example_dags/example_setup_teardown.py
[2025-07-01T01:10:34.286+0000] {processor.py:925} INFO - DAG(s) 'example_setup_teardown' retrieved from /home/airflow/.local/lib/python3.12/site-packages/airflow/example_dags/example_setup_teardown.py
[2025-07-01T01:10:34.306+0000] {logging_mixin.py:190} INFO - [2025-07-01T01:10:34.306+0000] {dag.py:3239} INFO - Sync 1 DAGs
[2025-07-01T01:10:34.321+0000] {logging_mixin.py:190} INFO - [2025-07-01T01:10:34.321+0000] {dag.py:4180} INFO - Setting next_dagrun for example_setup_teardown to None, run_after=None
[2025-07-01T01:10:34.340+0000] {processor.py:208} INFO - Processing /home/airflow/.local/lib/python3.12/site-packages/airflow/example_dags/example_setup_teardown.py took 0.074 seconds
[2025-07-01T01:11:04.735+0000] {processor.py:186} INFO - Started process (PID=568) to work on /home/airflow/.local/lib/python3.12/site-packages/airflow/example_dags/example_setup_teardown.py
[2025-07-01T01:11:04.737+0000] {processor.py:914} INFO - Processing file /home/airflow/.local/lib/python3.12/site-packages/airflow/example_dags/example_setup_teardown.py for tasks to queue
[2025-07-01T01:11:04.740+0000] {logging_mixin.py:190} INFO - [2025-07-01T01:11:04.740+0000] {dagbag.py:588} INFO - Filling up the DagBag from /home/airflow/.local/lib/python3.12/site-packages/airflow/example_dags/example_setup_teardown.py
[2025-07-01T01:11:04.750+0000] {processor.py:925} INFO - DAG(s) 'example_setup_teardown' retrieved from /home/airflow/.local/lib/python3.12/site-packages/airflow/example_dags/example_setup_teardown.py
[2025-07-01T01:11:04.779+0000] {logging_mixin.py:190} INFO - [2025-07-01T01:11:04.779+0000] {dag.py:3239} INFO - Sync 1 DAGs
[2025-07-01T01:11:04.797+0000] {logging_mixin.py:190} INFO - [2025-07-01T01:11:04.797+0000] {dag.py:4180} INFO - Setting next_dagrun for example_setup_teardown to None, run_after=None
[2025-07-01T01:11:04.817+0000] {processor.py:208} INFO - Processing /home/airflow/.local/lib/python3.12/site-packages/airflow/example_dags/example_setup_teardown.py took 0.089 seconds
[2025-07-01T01:11:35.568+0000] {processor.py:186} INFO - Started process (PID=630) to work on /home/airflow/.local/lib/python3.12/site-packages/airflow/example_dags/example_setup_teardown.py
[2025-07-01T01:11:35.569+0000] {processor.py:914} INFO - Processing file /home/airflow/.local/lib/python3.12/site-packages/airflow/example_dags/example_setup_teardown.py for tasks to queue
[2025-07-01T01:11:35.572+0000] {logging_mixin.py:190} INFO - [2025-07-01T01:11:35.571+0000] {dagbag.py:588} INFO - Filling up the DagBag from /home/airflow/.local/lib/python3.12/site-packages/airflow/example_dags/example_setup_teardown.py
[2025-07-01T01:11:35.580+0000] {processor.py:925} INFO - DAG(s) 'example_setup_teardown' retrieved from /home/airflow/.local/lib/python3.12/site-packages/airflow/example_dags/example_setup_teardown.py
[2025-07-01T01:11:35.600+0000] {logging_mixin.py:190} INFO - [2025-07-01T01:11:35.600+0000] {dag.py:3239} INFO - Sync 1 DAGs
[2025-07-01T01:11:35.614+0000] {logging_mixin.py:190} INFO - [2025-07-01T01:11:35.614+0000] {dag.py:4180} INFO - Setting next_dagrun for example_setup_teardown to None, run_after=None
[2025-07-01T01:11:35.632+0000] {processor.py:208} INFO - Processing /home/airflow/.local/lib/python3.12/site-packages/airflow/example_dags/example_setup_teardown.py took 0.071 seconds
[2025-07-01T01:12:05.992+0000] {processor.py:186} INFO - Started process (PID=693) to work on /home/airflow/.local/lib/python3.12/site-packages/airflow/example_dags/example_setup_teardown.py
[2025-07-01T01:12:05.993+0000] {processor.py:914} INFO - Processing file /home/airflow/.local/lib/python3.12/site-packages/airflow/example_dags/example_setup_teardown.py for tasks to queue
[2025-07-01T01:12:05.996+0000] {logging_mixin.py:190} INFO - [2025-07-01T01:12:05.995+0000] {dagbag.py:588} INFO - Filling up the DagBag from /home/airflow/.local/lib/python3.12/site-packages/airflow/example_dags/example_setup_teardown.py
[2025-07-01T01:12:06.003+0000] {processor.py:925} INFO - DAG(s) 'example_setup_teardown' retrieved from /home/airflow/.local/lib/python3.12/site-packages/airflow/example_dags/example_setup_teardown.py
[2025-07-01T01:12:06.022+0000] {logging_mixin.py:190} INFO - [2025-07-01T01:12:06.022+0000] {dag.py:3239} INFO - Sync 1 DAGs
[2025-07-01T01:12:06.036+0000] {logging_mixin.py:190} INFO - [2025-07-01T01:12:06.036+0000] {dag.py:4180} INFO - Setting next_dagrun for example_setup_teardown to None, run_after=None
[2025-07-01T01:12:06.053+0000] {processor.py:208} INFO - Processing /home/airflow/.local/lib/python3.12/site-packages/airflow/example_dags/example_setup_teardown.py took 0.066 seconds
[2025-07-01T01:12:36.412+0000] {processor.py:186} INFO - Started process (PID=755) to work on /home/airflow/.local/lib/python3.12/site-packages/airflow/example_dags/example_setup_teardown.py
[2025-07-01T01:12:36.414+0000] {processor.py:914} INFO - Processing file /home/airflow/.local/lib/python3.12/site-packages/airflow/example_dags/example_setup_teardown.py for tasks to queue
[2025-07-01T01:12:36.417+0000] {logging_mixin.py:190} INFO - [2025-07-01T01:12:36.417+0000] {dagbag.py:588} INFO - Filling up the DagBag from /home/airflow/.local/lib/python3.12/site-packages/airflow/example_dags/example_setup_teardown.py
[2025-07-01T01:12:36.428+0000] {processor.py:925} INFO - DAG(s) 'example_setup_teardown' retrieved from /home/airflow/.local/lib/python3.12/site-packages/airflow/example_dags/example_setup_teardown.py
[2025-07-01T01:12:36.453+0000] {logging_mixin.py:190} INFO - [2025-07-01T01:12:36.452+0000] {dag.py:3239} INFO - Sync 1 DAGs
[2025-07-01T01:12:36.470+0000] {logging_mixin.py:190} INFO - [2025-07-01T01:12:36.470+0000] {dag.py:4180} INFO - Setting next_dagrun for example_setup_teardown to None, run_after=None
[2025-07-01T01:12:36.491+0000] {processor.py:208} INFO - Processing /home/airflow/.local/lib/python3.12/site-packages/airflow/example_dags/example_setup_teardown.py took 0.087 seconds
[2025-07-01T01:13:07.182+0000] {processor.py:186} INFO - Started process (PID=817) to work on /home/airflow/.local/lib/python3.12/site-packages/airflow/example_dags/example_setup_teardown.py
[2025-07-01T01:13:07.184+0000] {processor.py:914} INFO - Processing file /home/airflow/.local/lib/python3.12/site-packages/airflow/example_dags/example_setup_teardown.py for tasks to queue
[2025-07-01T01:13:07.187+0000] {logging_mixin.py:190} INFO - [2025-07-01T01:13:07.186+0000] {dagbag.py:588} INFO - Filling up the DagBag from /home/airflow/.local/lib/python3.12/site-packages/airflow/example_dags/example_setup_teardown.py
[2025-07-01T01:13:07.197+0000] {processor.py:925} INFO - DAG(s) 'example_setup_teardown' retrieved from /home/airflow/.local/lib/python3.12/site-packages/airflow/example_dags/example_setup_teardown.py
[2025-07-01T01:13:07.226+0000] {logging_mixin.py:190} INFO - [2025-07-01T01:13:07.226+0000] {dag.py:3239} INFO - Sync 1 DAGs
[2025-07-01T01:13:07.244+0000] {logging_mixin.py:190} INFO - [2025-07-01T01:13:07.243+0000] {dag.py:4180} INFO - Setting next_dagrun for example_setup_teardown to None, run_after=None
[2025-07-01T01:13:07.268+0000] {processor.py:208} INFO - Processing /home/airflow/.local/lib/python3.12/site-packages/airflow/example_dags/example_setup_teardown.py took 0.092 seconds
[2025-07-01T01:13:37.342+0000] {processor.py:186} INFO - Started process (PID=880) to work on /home/airflow/.local/lib/python3.12/site-packages/airflow/example_dags/example_setup_teardown.py
[2025-07-01T01:13:37.343+0000] {processor.py:914} INFO - Processing file /home/airflow/.local/lib/python3.12/site-packages/airflow/example_dags/example_setup_teardown.py for tasks to queue
[2025-07-01T01:13:37.346+0000] {logging_mixin.py:190} INFO - [2025-07-01T01:13:37.346+0000] {dagbag.py:588} INFO - Filling up the DagBag from /home/airflow/.local/lib/python3.12/site-packages/airflow/example_dags/example_setup_teardown.py
[2025-07-01T01:13:37.355+0000] {processor.py:925} INFO - DAG(s) 'example_setup_teardown' retrieved from /home/airflow/.local/lib/python3.12/site-packages/airflow/example_dags/example_setup_teardown.py
[2025-07-01T01:13:37.376+0000] {logging_mixin.py:190} INFO - [2025-07-01T01:13:37.376+0000] {dag.py:3239} INFO - Sync 1 DAGs
[2025-07-01T01:13:37.389+0000] {logging_mixin.py:190} INFO - [2025-07-01T01:13:37.389+0000] {dag.py:4180} INFO - Setting next_dagrun for example_setup_teardown to None, run_after=None
[2025-07-01T01:13:37.407+0000] {processor.py:208} INFO - Processing /home/airflow/.local/lib/python3.12/site-packages/airflow/example_dags/example_setup_teardown.py took 0.070 seconds
[2025-07-01T01:14:07.835+0000] {processor.py:186} INFO - Started process (PID=942) to work on /home/airflow/.local/lib/python3.12/site-packages/airflow/example_dags/example_setup_teardown.py
[2025-07-01T01:14:07.836+0000] {processor.py:914} INFO - Processing file /home/airflow/.local/lib/python3.12/site-packages/airflow/example_dags/example_setup_teardown.py for tasks to queue
[2025-07-01T01:14:07.839+0000] {logging_mixin.py:190} INFO - [2025-07-01T01:14:07.839+0000] {dagbag.py:588} INFO - Filling up the DagBag from /home/airflow/.local/lib/python3.12/site-packages/airflow/example_dags/example_setup_teardown.py
[2025-07-01T01:14:07.847+0000] {processor.py:925} INFO - DAG(s) 'example_setup_teardown' retrieved from /home/airflow/.local/lib/python3.12/site-packages/airflow/example_dags/example_setup_teardown.py
[2025-07-01T01:14:07.868+0000] {logging_mixin.py:190} INFO - [2025-07-01T01:14:07.867+0000] {dag.py:3239} INFO - Sync 1 DAGs
[2025-07-01T01:14:07.883+0000] {logging_mixin.py:190} INFO - [2025-07-01T01:14:07.883+0000] {dag.py:4180} INFO - Setting next_dagrun for example_setup_teardown to None, run_after=None
[2025-07-01T01:14:07.919+0000] {processor.py:208} INFO - Processing /home/airflow/.local/lib/python3.12/site-packages/airflow/example_dags/example_setup_teardown.py took 0.089 seconds
[2025-07-01T01:14:38.258+0000] {processor.py:186} INFO - Started process (PID=1004) to work on /home/airflow/.local/lib/python3.12/site-packages/airflow/example_dags/example_setup_teardown.py
[2025-07-01T01:14:38.260+0000] {processor.py:914} INFO - Processing file /home/airflow/.local/lib/python3.12/site-packages/airflow/example_dags/example_setup_teardown.py for tasks to queue
[2025-07-01T01:14:38.262+0000] {logging_mixin.py:190} INFO - [2025-07-01T01:14:38.262+0000] {dagbag.py:588} INFO - Filling up the DagBag from /home/airflow/.local/lib/python3.12/site-packages/airflow/example_dags/example_setup_teardown.py
[2025-07-01T01:14:38.270+0000] {processor.py:925} INFO - DAG(s) 'example_setup_teardown' retrieved from /home/airflow/.local/lib/python3.12/site-packages/airflow/example_dags/example_setup_teardown.py
[2025-07-01T01:14:38.290+0000] {logging_mixin.py:190} INFO - [2025-07-01T01:14:38.290+0000] {dag.py:3239} INFO - Sync 1 DAGs
[2025-07-01T01:14:38.304+0000] {logging_mixin.py:190} INFO - [2025-07-01T01:14:38.304+0000] {dag.py:4180} INFO - Setting next_dagrun for example_setup_teardown to None, run_after=None
[2025-07-01T01:14:38.321+0000] {processor.py:208} INFO - Processing /home/airflow/.local/lib/python3.12/site-packages/airflow/example_dags/example_setup_teardown.py took 0.069 seconds
[2025-07-01T01:15:08.679+0000] {processor.py:186} INFO - Started process (PID=1066) to work on /home/airflow/.local/lib/python3.12/site-packages/airflow/example_dags/example_setup_teardown.py
[2025-07-01T01:15:08.680+0000] {processor.py:914} INFO - Processing file /home/airflow/.local/lib/python3.12/site-packages/airflow/example_dags/example_setup_teardown.py for tasks to queue
[2025-07-01T01:15:08.684+0000] {logging_mixin.py:190} INFO - [2025-07-01T01:15:08.683+0000] {dagbag.py:588} INFO - Filling up the DagBag from /home/airflow/.local/lib/python3.12/site-packages/airflow/example_dags/example_setup_teardown.py
[2025-07-01T01:15:08.693+0000] {processor.py:925} INFO - DAG(s) 'example_setup_teardown' retrieved from /home/airflow/.local/lib/python3.12/site-packages/airflow/example_dags/example_setup_teardown.py
[2025-07-01T01:15:08.719+0000] {logging_mixin.py:190} INFO - [2025-07-01T01:15:08.719+0000] {dag.py:3239} INFO - Sync 1 DAGs
[2025-07-01T01:15:08.737+0000] {logging_mixin.py:190} INFO - [2025-07-01T01:15:08.737+0000] {dag.py:4180} INFO - Setting next_dagrun for example_setup_teardown to None, run_after=None
[2025-07-01T01:15:08.756+0000] {processor.py:208} INFO - Processing /home/airflow/.local/lib/python3.12/site-packages/airflow/example_dags/example_setup_teardown.py took 0.082 seconds
[2025-07-01T01:15:39.084+0000] {processor.py:186} INFO - Started process (PID=1128) to work on /home/airflow/.local/lib/python3.12/site-packages/airflow/example_dags/example_setup_teardown.py
[2025-07-01T01:15:39.085+0000] {processor.py:914} INFO - Processing file /home/airflow/.local/lib/python3.12/site-packages/airflow/example_dags/example_setup_teardown.py for tasks to queue
[2025-07-01T01:15:39.088+0000] {logging_mixin.py:190} INFO - [2025-07-01T01:15:39.087+0000] {dagbag.py:588} INFO - Filling up the DagBag from /home/airflow/.local/lib/python3.12/site-packages/airflow/example_dags/example_setup_teardown.py
[2025-07-01T01:15:39.096+0000] {processor.py:925} INFO - DAG(s) 'example_setup_teardown' retrieved from /home/airflow/.local/lib/python3.12/site-packages/airflow/example_dags/example_setup_teardown.py
[2025-07-01T01:15:39.115+0000] {logging_mixin.py:190} INFO - [2025-07-01T01:15:39.115+0000] {dag.py:3239} INFO - Sync 1 DAGs
[2025-07-01T01:15:39.129+0000] {logging_mixin.py:190} INFO - [2025-07-01T01:15:39.128+0000] {dag.py:4180} INFO - Setting next_dagrun for example_setup_teardown to None, run_after=None
[2025-07-01T01:15:39.156+0000] {processor.py:208} INFO - Processing /home/airflow/.local/lib/python3.12/site-packages/airflow/example_dags/example_setup_teardown.py took 0.078 seconds
[2025-07-01T01:16:09.285+0000] {processor.py:186} INFO - Started process (PID=1190) to work on /home/airflow/.local/lib/python3.12/site-packages/airflow/example_dags/example_setup_teardown.py
[2025-07-01T01:16:09.287+0000] {processor.py:914} INFO - Processing file /home/airflow/.local/lib/python3.12/site-packages/airflow/example_dags/example_setup_teardown.py for tasks to queue
[2025-07-01T01:16:09.290+0000] {logging_mixin.py:190} INFO - [2025-07-01T01:16:09.290+0000] {dagbag.py:588} INFO - Filling up the DagBag from /home/airflow/.local/lib/python3.12/site-packages/airflow/example_dags/example_setup_teardown.py
[2025-07-01T01:16:09.300+0000] {processor.py:925} INFO - DAG(s) 'example_setup_teardown' retrieved from /home/airflow/.local/lib/python3.12/site-packages/airflow/example_dags/example_setup_teardown.py
[2025-07-01T01:16:09.325+0000] {logging_mixin.py:190} INFO - [2025-07-01T01:16:09.324+0000] {dag.py:3239} INFO - Sync 1 DAGs
[2025-07-01T01:16:09.341+0000] {logging_mixin.py:190} INFO - [2025-07-01T01:16:09.341+0000] {dag.py:4180} INFO - Setting next_dagrun for example_setup_teardown to None, run_after=None
[2025-07-01T01:16:09.361+0000] {processor.py:208} INFO - Processing /home/airflow/.local/lib/python3.12/site-packages/airflow/example_dags/example_setup_teardown.py took 0.083 seconds
[2025-07-01T01:16:39.478+0000] {processor.py:186} INFO - Started process (PID=1252) to work on /home/airflow/.local/lib/python3.12/site-packages/airflow/example_dags/example_setup_teardown.py
[2025-07-01T01:16:39.479+0000] {processor.py:914} INFO - Processing file /home/airflow/.local/lib/python3.12/site-packages/airflow/example_dags/example_setup_teardown.py for tasks to queue
[2025-07-01T01:16:39.483+0000] {logging_mixin.py:190} INFO - [2025-07-01T01:16:39.482+0000] {dagbag.py:588} INFO - Filling up the DagBag from /home/airflow/.local/lib/python3.12/site-packages/airflow/example_dags/example_setup_teardown.py
[2025-07-01T01:16:39.494+0000] {processor.py:925} INFO - DAG(s) 'example_setup_teardown' retrieved from /home/airflow/.local/lib/python3.12/site-packages/airflow/example_dags/example_setup_teardown.py
[2025-07-01T01:16:39.517+0000] {logging_mixin.py:190} INFO - [2025-07-01T01:16:39.516+0000] {dag.py:3239} INFO - Sync 1 DAGs
[2025-07-01T01:16:39.532+0000] {logging_mixin.py:190} INFO - [2025-07-01T01:16:39.531+0000] {dag.py:4180} INFO - Setting next_dagrun for example_setup_teardown to None, run_after=None
[2025-07-01T01:16:39.551+0000] {processor.py:208} INFO - Processing /home/airflow/.local/lib/python3.12/site-packages/airflow/example_dags/example_setup_teardown.py took 0.079 seconds
[2025-07-01T01:17:09.968+0000] {processor.py:186} INFO - Started process (PID=1314) to work on /home/airflow/.local/lib/python3.12/site-packages/airflow/example_dags/example_setup_teardown.py
[2025-07-01T01:17:09.969+0000] {processor.py:914} INFO - Processing file /home/airflow/.local/lib/python3.12/site-packages/airflow/example_dags/example_setup_teardown.py for tasks to queue
[2025-07-01T01:17:09.972+0000] {logging_mixin.py:190} INFO - [2025-07-01T01:17:09.971+0000] {dagbag.py:588} INFO - Filling up the DagBag from /home/airflow/.local/lib/python3.12/site-packages/airflow/example_dags/example_setup_teardown.py
[2025-07-01T01:17:09.980+0000] {processor.py:925} INFO - DAG(s) 'example_setup_teardown' retrieved from /home/airflow/.local/lib/python3.12/site-packages/airflow/example_dags/example_setup_teardown.py
[2025-07-01T01:17:09.999+0000] {logging_mixin.py:190} INFO - [2025-07-01T01:17:09.999+0000] {dag.py:3239} INFO - Sync 1 DAGs
[2025-07-01T01:17:10.013+0000] {logging_mixin.py:190} INFO - [2025-07-01T01:17:10.013+0000] {dag.py:4180} INFO - Setting next_dagrun for example_setup_teardown to None, run_after=None
[2025-07-01T01:17:10.032+0000] {processor.py:208} INFO - Processing /home/airflow/.local/lib/python3.12/site-packages/airflow/example_dags/example_setup_teardown.py took 0.070 seconds
[2025-07-01T01:17:40.583+0000] {processor.py:186} INFO - Started process (PID=1376) to work on /home/airflow/.local/lib/python3.12/site-packages/airflow/example_dags/example_setup_teardown.py
[2025-07-01T01:17:40.584+0000] {processor.py:914} INFO - Processing file /home/airflow/.local/lib/python3.12/site-packages/airflow/example_dags/example_setup_teardown.py for tasks to queue
[2025-07-01T01:17:40.586+0000] {logging_mixin.py:190} INFO - [2025-07-01T01:17:40.586+0000] {dagbag.py:588} INFO - Filling up the DagBag from /home/airflow/.local/lib/python3.12/site-packages/airflow/example_dags/example_setup_teardown.py
[2025-07-01T01:17:40.594+0000] {processor.py:925} INFO - DAG(s) 'example_setup_teardown' retrieved from /home/airflow/.local/lib/python3.12/site-packages/airflow/example_dags/example_setup_teardown.py
[2025-07-01T01:17:40.614+0000] {logging_mixin.py:190} INFO - [2025-07-01T01:17:40.613+0000] {dag.py:3239} INFO - Sync 1 DAGs
[2025-07-01T01:17:40.627+0000] {logging_mixin.py:190} INFO - [2025-07-01T01:17:40.627+0000] {dag.py:4180} INFO - Setting next_dagrun for example_setup_teardown to None, run_after=None
[2025-07-01T01:17:40.645+0000] {processor.py:208} INFO - Processing /home/airflow/.local/lib/python3.12/site-packages/airflow/example_dags/example_setup_teardown.py took 0.067 seconds
[2025-07-01T01:18:10.973+0000] {processor.py:186} INFO - Started process (PID=1438) to work on /home/airflow/.local/lib/python3.12/site-packages/airflow/example_dags/example_setup_teardown.py
[2025-07-01T01:18:10.975+0000] {processor.py:914} INFO - Processing file /home/airflow/.local/lib/python3.12/site-packages/airflow/example_dags/example_setup_teardown.py for tasks to queue
[2025-07-01T01:18:10.977+0000] {logging_mixin.py:190} INFO - [2025-07-01T01:18:10.977+0000] {dagbag.py:588} INFO - Filling up the DagBag from /home/airflow/.local/lib/python3.12/site-packages/airflow/example_dags/example_setup_teardown.py
[2025-07-01T01:18:10.985+0000] {processor.py:925} INFO - DAG(s) 'example_setup_teardown' retrieved from /home/airflow/.local/lib/python3.12/site-packages/airflow/example_dags/example_setup_teardown.py
[2025-07-01T01:18:11.008+0000] {logging_mixin.py:190} INFO - [2025-07-01T01:18:11.008+0000] {dag.py:3239} INFO - Sync 1 DAGs
[2025-07-01T01:18:11.024+0000] {logging_mixin.py:190} INFO - [2025-07-01T01:18:11.024+0000] {dag.py:4180} INFO - Setting next_dagrun for example_setup_teardown to None, run_after=None
[2025-07-01T01:18:11.042+0000] {processor.py:208} INFO - Processing /home/airflow/.local/lib/python3.12/site-packages/airflow/example_dags/example_setup_teardown.py took 0.074 seconds
[2025-07-01T01:18:41.355+0000] {processor.py:186} INFO - Started process (PID=1500) to work on /home/airflow/.local/lib/python3.12/site-packages/airflow/example_dags/example_setup_teardown.py
[2025-07-01T01:18:41.356+0000] {processor.py:914} INFO - Processing file /home/airflow/.local/lib/python3.12/site-packages/airflow/example_dags/example_setup_teardown.py for tasks to queue
[2025-07-01T01:18:41.359+0000] {logging_mixin.py:190} INFO - [2025-07-01T01:18:41.358+0000] {dagbag.py:588} INFO - Filling up the DagBag from /home/airflow/.local/lib/python3.12/site-packages/airflow/example_dags/example_setup_teardown.py
[2025-07-01T01:18:41.368+0000] {processor.py:925} INFO - DAG(s) 'example_setup_teardown' retrieved from /home/airflow/.local/lib/python3.12/site-packages/airflow/example_dags/example_setup_teardown.py
[2025-07-01T01:18:41.388+0000] {logging_mixin.py:190} INFO - [2025-07-01T01:18:41.388+0000] {dag.py:3239} INFO - Sync 1 DAGs
[2025-07-01T01:18:41.402+0000] {logging_mixin.py:190} INFO - [2025-07-01T01:18:41.401+0000] {dag.py:4180} INFO - Setting next_dagrun for example_setup_teardown to None, run_after=None
[2025-07-01T01:18:41.423+0000] {processor.py:208} INFO - Processing /home/airflow/.local/lib/python3.12/site-packages/airflow/example_dags/example_setup_teardown.py took 0.075 seconds
[2025-07-01T01:19:11.737+0000] {processor.py:186} INFO - Started process (PID=1562) to work on /home/airflow/.local/lib/python3.12/site-packages/airflow/example_dags/example_setup_teardown.py
[2025-07-01T01:19:11.738+0000] {processor.py:914} INFO - Processing file /home/airflow/.local/lib/python3.12/site-packages/airflow/example_dags/example_setup_teardown.py for tasks to queue
[2025-07-01T01:19:11.740+0000] {logging_mixin.py:190} INFO - [2025-07-01T01:19:11.740+0000] {dagbag.py:588} INFO - Filling up the DagBag from /home/airflow/.local/lib/python3.12/site-packages/airflow/example_dags/example_setup_teardown.py
[2025-07-01T01:19:11.749+0000] {processor.py:925} INFO - DAG(s) 'example_setup_teardown' retrieved from /home/airflow/.local/lib/python3.12/site-packages/airflow/example_dags/example_setup_teardown.py
[2025-07-01T01:19:11.769+0000] {logging_mixin.py:190} INFO - [2025-07-01T01:19:11.768+0000] {dag.py:3239} INFO - Sync 1 DAGs
[2025-07-01T01:19:11.784+0000] {logging_mixin.py:190} INFO - [2025-07-01T01:19:11.783+0000] {dag.py:4180} INFO - Setting next_dagrun for example_setup_teardown to None, run_after=None
[2025-07-01T01:19:11.806+0000] {processor.py:208} INFO - Processing /home/airflow/.local/lib/python3.12/site-packages/airflow/example_dags/example_setup_teardown.py took 0.075 seconds
[2025-07-01T01:19:41.978+0000] {processor.py:186} INFO - Started process (PID=1624) to work on /home/airflow/.local/lib/python3.12/site-packages/airflow/example_dags/example_setup_teardown.py
[2025-07-01T01:19:41.979+0000] {processor.py:914} INFO - Processing file /home/airflow/.local/lib/python3.12/site-packages/airflow/example_dags/example_setup_teardown.py for tasks to queue
[2025-07-01T01:19:41.982+0000] {logging_mixin.py:190} INFO - [2025-07-01T01:19:41.982+0000] {dagbag.py:588} INFO - Filling up the DagBag from /home/airflow/.local/lib/python3.12/site-packages/airflow/example_dags/example_setup_teardown.py
[2025-07-01T01:19:41.993+0000] {processor.py:925} INFO - DAG(s) 'example_setup_teardown' retrieved from /home/airflow/.local/lib/python3.12/site-packages/airflow/example_dags/example_setup_teardown.py
[2025-07-01T01:19:42.016+0000] {logging_mixin.py:190} INFO - [2025-07-01T01:19:42.016+0000] {dag.py:3239} INFO - Sync 1 DAGs
[2025-07-01T01:19:42.033+0000] {logging_mixin.py:190} INFO - [2025-07-01T01:19:42.033+0000] {dag.py:4180} INFO - Setting next_dagrun for example_setup_teardown to None, run_after=None
[2025-07-01T01:19:42.050+0000] {processor.py:208} INFO - Processing /home/airflow/.local/lib/python3.12/site-packages/airflow/example_dags/example_setup_teardown.py took 0.078 seconds
[2025-07-01T01:20:12.288+0000] {processor.py:186} INFO - Started process (PID=1686) to work on /home/airflow/.local/lib/python3.12/site-packages/airflow/example_dags/example_setup_teardown.py
[2025-07-01T01:20:12.289+0000] {processor.py:914} INFO - Processing file /home/airflow/.local/lib/python3.12/site-packages/airflow/example_dags/example_setup_teardown.py for tasks to queue
[2025-07-01T01:20:12.291+0000] {logging_mixin.py:190} INFO - [2025-07-01T01:20:12.291+0000] {dagbag.py:588} INFO - Filling up the DagBag from /home/airflow/.local/lib/python3.12/site-packages/airflow/example_dags/example_setup_teardown.py
[2025-07-01T01:20:12.299+0000] {processor.py:925} INFO - DAG(s) 'example_setup_teardown' retrieved from /home/airflow/.local/lib/python3.12/site-packages/airflow/example_dags/example_setup_teardown.py
[2025-07-01T01:20:12.318+0000] {logging_mixin.py:190} INFO - [2025-07-01T01:20:12.318+0000] {dag.py:3239} INFO - Sync 1 DAGs
[2025-07-01T01:20:12.332+0000] {logging_mixin.py:190} INFO - [2025-07-01T01:20:12.332+0000] {dag.py:4180} INFO - Setting next_dagrun for example_setup_teardown to None, run_after=None
[2025-07-01T01:20:12.349+0000] {processor.py:208} INFO - Processing /home/airflow/.local/lib/python3.12/site-packages/airflow/example_dags/example_setup_teardown.py took 0.067 seconds
[2025-07-01T01:20:42.804+0000] {processor.py:186} INFO - Started process (PID=1748) to work on /home/airflow/.local/lib/python3.12/site-packages/airflow/example_dags/example_setup_teardown.py
[2025-07-01T01:20:42.805+0000] {processor.py:914} INFO - Processing file /home/airflow/.local/lib/python3.12/site-packages/airflow/example_dags/example_setup_teardown.py for tasks to queue
[2025-07-01T01:20:42.807+0000] {logging_mixin.py:190} INFO - [2025-07-01T01:20:42.807+0000] {dagbag.py:588} INFO - Filling up the DagBag from /home/airflow/.local/lib/python3.12/site-packages/airflow/example_dags/example_setup_teardown.py
[2025-07-01T01:20:42.815+0000] {processor.py:925} INFO - DAG(s) 'example_setup_teardown' retrieved from /home/airflow/.local/lib/python3.12/site-packages/airflow/example_dags/example_setup_teardown.py
[2025-07-01T01:20:42.835+0000] {logging_mixin.py:190} INFO - [2025-07-01T01:20:42.835+0000] {dag.py:3239} INFO - Sync 1 DAGs
[2025-07-01T01:20:42.851+0000] {logging_mixin.py:190} INFO - [2025-07-01T01:20:42.851+0000] {dag.py:4180} INFO - Setting next_dagrun for example_setup_teardown to None, run_after=None
[2025-07-01T01:20:42.874+0000] {processor.py:208} INFO - Processing /home/airflow/.local/lib/python3.12/site-packages/airflow/example_dags/example_setup_teardown.py took 0.076 seconds
[2025-07-01T01:21:12.976+0000] {processor.py:186} INFO - Started process (PID=1810) to work on /home/airflow/.local/lib/python3.12/site-packages/airflow/example_dags/example_setup_teardown.py
[2025-07-01T01:21:12.977+0000] {processor.py:914} INFO - Processing file /home/airflow/.local/lib/python3.12/site-packages/airflow/example_dags/example_setup_teardown.py for tasks to queue
[2025-07-01T01:21:12.980+0000] {logging_mixin.py:190} INFO - [2025-07-01T01:21:12.979+0000] {dagbag.py:588} INFO - Filling up the DagBag from /home/airflow/.local/lib/python3.12/site-packages/airflow/example_dags/example_setup_teardown.py
[2025-07-01T01:21:12.988+0000] {processor.py:925} INFO - DAG(s) 'example_setup_teardown' retrieved from /home/airflow/.local/lib/python3.12/site-packages/airflow/example_dags/example_setup_teardown.py
[2025-07-01T01:21:13.008+0000] {logging_mixin.py:190} INFO - [2025-07-01T01:21:13.007+0000] {dag.py:3239} INFO - Sync 1 DAGs
[2025-07-01T01:21:13.022+0000] {logging_mixin.py:190} INFO - [2025-07-01T01:21:13.022+0000] {dag.py:4180} INFO - Setting next_dagrun for example_setup_teardown to None, run_after=None
[2025-07-01T01:21:13.040+0000] {processor.py:208} INFO - Processing /home/airflow/.local/lib/python3.12/site-packages/airflow/example_dags/example_setup_teardown.py took 0.069 seconds
[2025-07-01T01:21:43.293+0000] {processor.py:186} INFO - Started process (PID=1872) to work on /home/airflow/.local/lib/python3.12/site-packages/airflow/example_dags/example_setup_teardown.py
[2025-07-01T01:21:43.294+0000] {processor.py:914} INFO - Processing file /home/airflow/.local/lib/python3.12/site-packages/airflow/example_dags/example_setup_teardown.py for tasks to queue
[2025-07-01T01:21:43.297+0000] {logging_mixin.py:190} INFO - [2025-07-01T01:21:43.297+0000] {dagbag.py:588} INFO - Filling up the DagBag from /home/airflow/.local/lib/python3.12/site-packages/airflow/example_dags/example_setup_teardown.py
[2025-07-01T01:21:43.307+0000] {processor.py:925} INFO - DAG(s) 'example_setup_teardown' retrieved from /home/airflow/.local/lib/python3.12/site-packages/airflow/example_dags/example_setup_teardown.py
[2025-07-01T01:21:43.330+0000] {logging_mixin.py:190} INFO - [2025-07-01T01:21:43.330+0000] {dag.py:3239} INFO - Sync 1 DAGs
[2025-07-01T01:21:43.347+0000] {logging_mixin.py:190} INFO - [2025-07-01T01:21:43.346+0000] {dag.py:4180} INFO - Setting next_dagrun for example_setup_teardown to None, run_after=None
[2025-07-01T01:21:43.368+0000] {processor.py:208} INFO - Processing /home/airflow/.local/lib/python3.12/site-packages/airflow/example_dags/example_setup_teardown.py took 0.082 seconds
[2025-07-01T01:22:14.104+0000] {processor.py:186} INFO - Started process (PID=1934) to work on /home/airflow/.local/lib/python3.12/site-packages/airflow/example_dags/example_setup_teardown.py
[2025-07-01T01:22:14.105+0000] {processor.py:914} INFO - Processing file /home/airflow/.local/lib/python3.12/site-packages/airflow/example_dags/example_setup_teardown.py for tasks to queue
[2025-07-01T01:22:14.108+0000] {logging_mixin.py:190} INFO - [2025-07-01T01:22:14.108+0000] {dagbag.py:588} INFO - Filling up the DagBag from /home/airflow/.local/lib/python3.12/site-packages/airflow/example_dags/example_setup_teardown.py
[2025-07-01T01:22:14.117+0000] {processor.py:925} INFO - DAG(s) 'example_setup_teardown' retrieved from /home/airflow/.local/lib/python3.12/site-packages/airflow/example_dags/example_setup_teardown.py
[2025-07-01T01:22:14.137+0000] {logging_mixin.py:190} INFO - [2025-07-01T01:22:14.137+0000] {dag.py:3239} INFO - Sync 1 DAGs
[2025-07-01T01:22:14.151+0000] {logging_mixin.py:190} INFO - [2025-07-01T01:22:14.151+0000] {dag.py:4180} INFO - Setting next_dagrun for example_setup_teardown to None, run_after=None
[2025-07-01T01:22:14.169+0000] {processor.py:208} INFO - Processing /home/airflow/.local/lib/python3.12/site-packages/airflow/example_dags/example_setup_teardown.py took 0.071 seconds
[2025-07-01T01:22:44.304+0000] {processor.py:186} INFO - Started process (PID=1996) to work on /home/airflow/.local/lib/python3.12/site-packages/airflow/example_dags/example_setup_teardown.py
[2025-07-01T01:22:44.305+0000] {processor.py:914} INFO - Processing file /home/airflow/.local/lib/python3.12/site-packages/airflow/example_dags/example_setup_teardown.py for tasks to queue
[2025-07-01T01:22:44.308+0000] {logging_mixin.py:190} INFO - [2025-07-01T01:22:44.308+0000] {dagbag.py:588} INFO - Filling up the DagBag from /home/airflow/.local/lib/python3.12/site-packages/airflow/example_dags/example_setup_teardown.py
[2025-07-01T01:22:44.317+0000] {processor.py:925} INFO - DAG(s) 'example_setup_teardown' retrieved from /home/airflow/.local/lib/python3.12/site-packages/airflow/example_dags/example_setup_teardown.py
[2025-07-01T01:22:44.338+0000] {logging_mixin.py:190} INFO - [2025-07-01T01:22:44.338+0000] {dag.py:3239} INFO - Sync 1 DAGs
[2025-07-01T01:22:44.353+0000] {logging_mixin.py:190} INFO - [2025-07-01T01:22:44.353+0000] {dag.py:4180} INFO - Setting next_dagrun for example_setup_teardown to None, run_after=None
[2025-07-01T01:22:44.374+0000] {processor.py:208} INFO - Processing /home/airflow/.local/lib/python3.12/site-packages/airflow/example_dags/example_setup_teardown.py took 0.075 seconds
[2025-07-01T01:23:14.750+0000] {processor.py:186} INFO - Started process (PID=2058) to work on /home/airflow/.local/lib/python3.12/site-packages/airflow/example_dags/example_setup_teardown.py
[2025-07-01T01:23:14.751+0000] {processor.py:914} INFO - Processing file /home/airflow/.local/lib/python3.12/site-packages/airflow/example_dags/example_setup_teardown.py for tasks to queue
[2025-07-01T01:23:14.753+0000] {logging_mixin.py:190} INFO - [2025-07-01T01:23:14.753+0000] {dagbag.py:588} INFO - Filling up the DagBag from /home/airflow/.local/lib/python3.12/site-packages/airflow/example_dags/example_setup_teardown.py
[2025-07-01T01:23:14.761+0000] {processor.py:925} INFO - DAG(s) 'example_setup_teardown' retrieved from /home/airflow/.local/lib/python3.12/site-packages/airflow/example_dags/example_setup_teardown.py
[2025-07-01T01:23:14.780+0000] {logging_mixin.py:190} INFO - [2025-07-01T01:23:14.780+0000] {dag.py:3239} INFO - Sync 1 DAGs
[2025-07-01T01:23:14.794+0000] {logging_mixin.py:190} INFO - [2025-07-01T01:23:14.794+0000] {dag.py:4180} INFO - Setting next_dagrun for example_setup_teardown to None, run_after=None
[2025-07-01T01:23:14.811+0000] {processor.py:208} INFO - Processing /home/airflow/.local/lib/python3.12/site-packages/airflow/example_dags/example_setup_teardown.py took 0.066 seconds
[2025-07-01T01:23:45.168+0000] {processor.py:186} INFO - Started process (PID=2120) to work on /home/airflow/.local/lib/python3.12/site-packages/airflow/example_dags/example_setup_teardown.py
[2025-07-01T01:23:45.169+0000] {processor.py:914} INFO - Processing file /home/airflow/.local/lib/python3.12/site-packages/airflow/example_dags/example_setup_teardown.py for tasks to queue
[2025-07-01T01:23:45.172+0000] {logging_mixin.py:190} INFO - [2025-07-01T01:23:45.172+0000] {dagbag.py:588} INFO - Filling up the DagBag from /home/airflow/.local/lib/python3.12/site-packages/airflow/example_dags/example_setup_teardown.py
[2025-07-01T01:23:45.182+0000] {processor.py:925} INFO - DAG(s) 'example_setup_teardown' retrieved from /home/airflow/.local/lib/python3.12/site-packages/airflow/example_dags/example_setup_teardown.py
[2025-07-01T01:23:45.201+0000] {logging_mixin.py:190} INFO - [2025-07-01T01:23:45.201+0000] {dag.py:3239} INFO - Sync 1 DAGs
[2025-07-01T01:23:45.219+0000] {logging_mixin.py:190} INFO - [2025-07-01T01:23:45.219+0000] {dag.py:4180} INFO - Setting next_dagrun for example_setup_teardown to None, run_after=None
[2025-07-01T01:23:45.238+0000] {processor.py:208} INFO - Processing /home/airflow/.local/lib/python3.12/site-packages/airflow/example_dags/example_setup_teardown.py took 0.075 seconds
[2025-07-01T01:24:16.237+0000] {processor.py:186} INFO - Started process (PID=2182) to work on /home/airflow/.local/lib/python3.12/site-packages/airflow/example_dags/example_setup_teardown.py
[2025-07-01T01:24:16.238+0000] {processor.py:914} INFO - Processing file /home/airflow/.local/lib/python3.12/site-packages/airflow/example_dags/example_setup_teardown.py for tasks to queue
[2025-07-01T01:24:16.241+0000] {logging_mixin.py:190} INFO - [2025-07-01T01:24:16.240+0000] {dagbag.py:588} INFO - Filling up the DagBag from /home/airflow/.local/lib/python3.12/site-packages/airflow/example_dags/example_setup_teardown.py
[2025-07-01T01:24:16.250+0000] {processor.py:925} INFO - DAG(s) 'example_setup_teardown' retrieved from /home/airflow/.local/lib/python3.12/site-packages/airflow/example_dags/example_setup_teardown.py
[2025-07-01T01:24:16.272+0000] {logging_mixin.py:190} INFO - [2025-07-01T01:24:16.272+0000] {dag.py:3239} INFO - Sync 1 DAGs
[2025-07-01T01:24:16.287+0000] {logging_mixin.py:190} INFO - [2025-07-01T01:24:16.287+0000] {dag.py:4180} INFO - Setting next_dagrun for example_setup_teardown to None, run_after=None
[2025-07-01T01:24:16.306+0000] {processor.py:208} INFO - Processing /home/airflow/.local/lib/python3.12/site-packages/airflow/example_dags/example_setup_teardown.py took 0.076 seconds
[2025-07-01T01:24:46.899+0000] {processor.py:186} INFO - Started process (PID=2244) to work on /home/airflow/.local/lib/python3.12/site-packages/airflow/example_dags/example_setup_teardown.py
[2025-07-01T01:24:46.900+0000] {processor.py:914} INFO - Processing file /home/airflow/.local/lib/python3.12/site-packages/airflow/example_dags/example_setup_teardown.py for tasks to queue
[2025-07-01T01:24:46.903+0000] {logging_mixin.py:190} INFO - [2025-07-01T01:24:46.902+0000] {dagbag.py:588} INFO - Filling up the DagBag from /home/airflow/.local/lib/python3.12/site-packages/airflow/example_dags/example_setup_teardown.py
[2025-07-01T01:24:46.913+0000] {processor.py:925} INFO - DAG(s) 'example_setup_teardown' retrieved from /home/airflow/.local/lib/python3.12/site-packages/airflow/example_dags/example_setup_teardown.py
[2025-07-01T01:24:46.938+0000] {logging_mixin.py:190} INFO - [2025-07-01T01:24:46.938+0000] {dag.py:3239} INFO - Sync 1 DAGs
[2025-07-01T01:24:46.957+0000] {logging_mixin.py:190} INFO - [2025-07-01T01:24:46.957+0000] {dag.py:4180} INFO - Setting next_dagrun for example_setup_teardown to None, run_after=None
[2025-07-01T01:24:46.990+0000] {processor.py:208} INFO - Processing /home/airflow/.local/lib/python3.12/site-packages/airflow/example_dags/example_setup_teardown.py took 0.098 seconds
[2025-07-01T01:25:17.743+0000] {processor.py:186} INFO - Started process (PID=2306) to work on /home/airflow/.local/lib/python3.12/site-packages/airflow/example_dags/example_setup_teardown.py
[2025-07-01T01:25:17.744+0000] {processor.py:914} INFO - Processing file /home/airflow/.local/lib/python3.12/site-packages/airflow/example_dags/example_setup_teardown.py for tasks to queue
[2025-07-01T01:25:17.746+0000] {logging_mixin.py:190} INFO - [2025-07-01T01:25:17.746+0000] {dagbag.py:588} INFO - Filling up the DagBag from /home/airflow/.local/lib/python3.12/site-packages/airflow/example_dags/example_setup_teardown.py
[2025-07-01T01:25:17.754+0000] {processor.py:925} INFO - DAG(s) 'example_setup_teardown' retrieved from /home/airflow/.local/lib/python3.12/site-packages/airflow/example_dags/example_setup_teardown.py
[2025-07-01T01:25:17.774+0000] {logging_mixin.py:190} INFO - [2025-07-01T01:25:17.774+0000] {dag.py:3239} INFO - Sync 1 DAGs
[2025-07-01T01:25:17.788+0000] {logging_mixin.py:190} INFO - [2025-07-01T01:25:17.788+0000] {dag.py:4180} INFO - Setting next_dagrun for example_setup_teardown to None, run_after=None
[2025-07-01T01:25:17.806+0000] {processor.py:208} INFO - Processing /home/airflow/.local/lib/python3.12/site-packages/airflow/example_dags/example_setup_teardown.py took 0.069 seconds
[2025-07-01T01:25:48.248+0000] {processor.py:186} INFO - Started process (PID=2368) to work on /home/airflow/.local/lib/python3.12/site-packages/airflow/example_dags/example_setup_teardown.py
[2025-07-01T01:25:48.249+0000] {processor.py:914} INFO - Processing file /home/airflow/.local/lib/python3.12/site-packages/airflow/example_dags/example_setup_teardown.py for tasks to queue
[2025-07-01T01:25:48.251+0000] {logging_mixin.py:190} INFO - [2025-07-01T01:25:48.251+0000] {dagbag.py:588} INFO - Filling up the DagBag from /home/airflow/.local/lib/python3.12/site-packages/airflow/example_dags/example_setup_teardown.py
[2025-07-01T01:25:48.260+0000] {processor.py:925} INFO - DAG(s) 'example_setup_teardown' retrieved from /home/airflow/.local/lib/python3.12/site-packages/airflow/example_dags/example_setup_teardown.py
[2025-07-01T01:25:48.284+0000] {logging_mixin.py:190} INFO - [2025-07-01T01:25:48.283+0000] {dag.py:3239} INFO - Sync 1 DAGs
[2025-07-01T01:25:48.299+0000] {logging_mixin.py:190} INFO - [2025-07-01T01:25:48.298+0000] {dag.py:4180} INFO - Setting next_dagrun for example_setup_teardown to None, run_after=None
[2025-07-01T01:25:48.317+0000] {processor.py:208} INFO - Processing /home/airflow/.local/lib/python3.12/site-packages/airflow/example_dags/example_setup_teardown.py took 0.075 seconds
[2025-07-01T01:26:18.392+0000] {processor.py:186} INFO - Started process (PID=2431) to work on /home/airflow/.local/lib/python3.12/site-packages/airflow/example_dags/example_setup_teardown.py
[2025-07-01T01:26:18.394+0000] {processor.py:914} INFO - Processing file /home/airflow/.local/lib/python3.12/site-packages/airflow/example_dags/example_setup_teardown.py for tasks to queue
[2025-07-01T01:26:18.397+0000] {logging_mixin.py:190} INFO - [2025-07-01T01:26:18.396+0000] {dagbag.py:588} INFO - Filling up the DagBag from /home/airflow/.local/lib/python3.12/site-packages/airflow/example_dags/example_setup_teardown.py
[2025-07-01T01:26:18.405+0000] {processor.py:925} INFO - DAG(s) 'example_setup_teardown' retrieved from /home/airflow/.local/lib/python3.12/site-packages/airflow/example_dags/example_setup_teardown.py
[2025-07-01T01:26:18.426+0000] {logging_mixin.py:190} INFO - [2025-07-01T01:26:18.425+0000] {dag.py:3239} INFO - Sync 1 DAGs
[2025-07-01T01:26:18.439+0000] {logging_mixin.py:190} INFO - [2025-07-01T01:26:18.439+0000] {dag.py:4180} INFO - Setting next_dagrun for example_setup_teardown to None, run_after=None
[2025-07-01T01:26:18.457+0000] {processor.py:208} INFO - Processing /home/airflow/.local/lib/python3.12/site-packages/airflow/example_dags/example_setup_teardown.py took 0.072 seconds
[2025-07-01T01:26:48.727+0000] {processor.py:186} INFO - Started process (PID=2493) to work on /home/airflow/.local/lib/python3.12/site-packages/airflow/example_dags/example_setup_teardown.py
[2025-07-01T01:26:48.728+0000] {processor.py:914} INFO - Processing file /home/airflow/.local/lib/python3.12/site-packages/airflow/example_dags/example_setup_teardown.py for tasks to queue
[2025-07-01T01:26:48.730+0000] {logging_mixin.py:190} INFO - [2025-07-01T01:26:48.730+0000] {dagbag.py:588} INFO - Filling up the DagBag from /home/airflow/.local/lib/python3.12/site-packages/airflow/example_dags/example_setup_teardown.py
[2025-07-01T01:26:48.738+0000] {processor.py:925} INFO - DAG(s) 'example_setup_teardown' retrieved from /home/airflow/.local/lib/python3.12/site-packages/airflow/example_dags/example_setup_teardown.py
[2025-07-01T01:26:48.758+0000] {logging_mixin.py:190} INFO - [2025-07-01T01:26:48.757+0000] {dag.py:3239} INFO - Sync 1 DAGs
[2025-07-01T01:26:48.772+0000] {logging_mixin.py:190} INFO - [2025-07-01T01:26:48.772+0000] {dag.py:4180} INFO - Setting next_dagrun for example_setup_teardown to None, run_after=None
[2025-07-01T01:26:48.789+0000] {processor.py:208} INFO - Processing /home/airflow/.local/lib/python3.12/site-packages/airflow/example_dags/example_setup_teardown.py took 0.067 seconds
[2025-07-01T01:27:19.399+0000] {processor.py:186} INFO - Started process (PID=2555) to work on /home/airflow/.local/lib/python3.12/site-packages/airflow/example_dags/example_setup_teardown.py
[2025-07-01T01:27:19.400+0000] {processor.py:914} INFO - Processing file /home/airflow/.local/lib/python3.12/site-packages/airflow/example_dags/example_setup_teardown.py for tasks to queue
[2025-07-01T01:27:19.402+0000] {logging_mixin.py:190} INFO - [2025-07-01T01:27:19.402+0000] {dagbag.py:588} INFO - Filling up the DagBag from /home/airflow/.local/lib/python3.12/site-packages/airflow/example_dags/example_setup_teardown.py
[2025-07-01T01:27:19.412+0000] {processor.py:925} INFO - DAG(s) 'example_setup_teardown' retrieved from /home/airflow/.local/lib/python3.12/site-packages/airflow/example_dags/example_setup_teardown.py
[2025-07-01T01:27:19.430+0000] {logging_mixin.py:190} INFO - [2025-07-01T01:27:19.429+0000] {dag.py:3239} INFO - Sync 1 DAGs
[2025-07-01T01:27:19.443+0000] {logging_mixin.py:190} INFO - [2025-07-01T01:27:19.443+0000] {dag.py:4180} INFO - Setting next_dagrun for example_setup_teardown to None, run_after=None
[2025-07-01T01:27:19.471+0000] {processor.py:208} INFO - Processing /home/airflow/.local/lib/python3.12/site-packages/airflow/example_dags/example_setup_teardown.py took 0.079 seconds
[2025-07-01T01:27:49.677+0000] {processor.py:186} INFO - Started process (PID=2617) to work on /home/airflow/.local/lib/python3.12/site-packages/airflow/example_dags/example_setup_teardown.py
[2025-07-01T01:27:49.678+0000] {processor.py:914} INFO - Processing file /home/airflow/.local/lib/python3.12/site-packages/airflow/example_dags/example_setup_teardown.py for tasks to queue
[2025-07-01T01:27:49.681+0000] {logging_mixin.py:190} INFO - [2025-07-01T01:27:49.680+0000] {dagbag.py:588} INFO - Filling up the DagBag from /home/airflow/.local/lib/python3.12/site-packages/airflow/example_dags/example_setup_teardown.py
[2025-07-01T01:27:49.689+0000] {processor.py:925} INFO - DAG(s) 'example_setup_teardown' retrieved from /home/airflow/.local/lib/python3.12/site-packages/airflow/example_dags/example_setup_teardown.py
[2025-07-01T01:27:49.709+0000] {logging_mixin.py:190} INFO - [2025-07-01T01:27:49.708+0000] {dag.py:3239} INFO - Sync 1 DAGs
[2025-07-01T01:27:49.723+0000] {logging_mixin.py:190} INFO - [2025-07-01T01:27:49.723+0000] {dag.py:4180} INFO - Setting next_dagrun for example_setup_teardown to None, run_after=None
[2025-07-01T01:27:49.742+0000] {processor.py:208} INFO - Processing /home/airflow/.local/lib/python3.12/site-packages/airflow/example_dags/example_setup_teardown.py took 0.070 seconds
[2025-07-01T01:28:19.992+0000] {processor.py:186} INFO - Started process (PID=2679) to work on /home/airflow/.local/lib/python3.12/site-packages/airflow/example_dags/example_setup_teardown.py
[2025-07-01T01:28:19.993+0000] {processor.py:914} INFO - Processing file /home/airflow/.local/lib/python3.12/site-packages/airflow/example_dags/example_setup_teardown.py for tasks to queue
[2025-07-01T01:28:19.996+0000] {logging_mixin.py:190} INFO - [2025-07-01T01:28:19.995+0000] {dagbag.py:588} INFO - Filling up the DagBag from /home/airflow/.local/lib/python3.12/site-packages/airflow/example_dags/example_setup_teardown.py
[2025-07-01T01:28:20.003+0000] {processor.py:925} INFO - DAG(s) 'example_setup_teardown' retrieved from /home/airflow/.local/lib/python3.12/site-packages/airflow/example_dags/example_setup_teardown.py
[2025-07-01T01:28:20.022+0000] {logging_mixin.py:190} INFO - [2025-07-01T01:28:20.022+0000] {dag.py:3239} INFO - Sync 1 DAGs
[2025-07-01T01:28:20.035+0000] {logging_mixin.py:190} INFO - [2025-07-01T01:28:20.035+0000] {dag.py:4180} INFO - Setting next_dagrun for example_setup_teardown to None, run_after=None
[2025-07-01T01:28:20.051+0000] {processor.py:208} INFO - Processing /home/airflow/.local/lib/python3.12/site-packages/airflow/example_dags/example_setup_teardown.py took 0.065 seconds
[2025-07-01T01:28:50.382+0000] {processor.py:186} INFO - Started process (PID=2741) to work on /home/airflow/.local/lib/python3.12/site-packages/airflow/example_dags/example_setup_teardown.py
[2025-07-01T01:28:50.383+0000] {processor.py:914} INFO - Processing file /home/airflow/.local/lib/python3.12/site-packages/airflow/example_dags/example_setup_teardown.py for tasks to queue
[2025-07-01T01:28:50.388+0000] {logging_mixin.py:190} INFO - [2025-07-01T01:28:50.387+0000] {dagbag.py:588} INFO - Filling up the DagBag from /home/airflow/.local/lib/python3.12/site-packages/airflow/example_dags/example_setup_teardown.py
[2025-07-01T01:28:50.402+0000] {processor.py:925} INFO - DAG(s) 'example_setup_teardown' retrieved from /home/airflow/.local/lib/python3.12/site-packages/airflow/example_dags/example_setup_teardown.py
[2025-07-01T01:28:50.432+0000] {logging_mixin.py:190} INFO - [2025-07-01T01:28:50.432+0000] {dag.py:3239} INFO - Sync 1 DAGs
[2025-07-01T01:28:50.459+0000] {logging_mixin.py:190} INFO - [2025-07-01T01:28:50.458+0000] {dag.py:4180} INFO - Setting next_dagrun for example_setup_teardown to None, run_after=None
[2025-07-01T01:28:50.487+0000] {processor.py:208} INFO - Processing /home/airflow/.local/lib/python3.12/site-packages/airflow/example_dags/example_setup_teardown.py took 0.115 seconds
[2025-07-01T01:29:20.968+0000] {processor.py:186} INFO - Started process (PID=2803) to work on /home/airflow/.local/lib/python3.12/site-packages/airflow/example_dags/example_setup_teardown.py
[2025-07-01T01:29:20.969+0000] {processor.py:914} INFO - Processing file /home/airflow/.local/lib/python3.12/site-packages/airflow/example_dags/example_setup_teardown.py for tasks to queue
[2025-07-01T01:29:20.973+0000] {logging_mixin.py:190} INFO - [2025-07-01T01:29:20.972+0000] {dagbag.py:588} INFO - Filling up the DagBag from /home/airflow/.local/lib/python3.12/site-packages/airflow/example_dags/example_setup_teardown.py
[2025-07-01T01:29:20.982+0000] {processor.py:925} INFO - DAG(s) 'example_setup_teardown' retrieved from /home/airflow/.local/lib/python3.12/site-packages/airflow/example_dags/example_setup_teardown.py
[2025-07-01T01:29:21.003+0000] {logging_mixin.py:190} INFO - [2025-07-01T01:29:21.002+0000] {dag.py:3239} INFO - Sync 1 DAGs
[2025-07-01T01:29:21.019+0000] {logging_mixin.py:190} INFO - [2025-07-01T01:29:21.019+0000] {dag.py:4180} INFO - Setting next_dagrun for example_setup_teardown to None, run_after=None
[2025-07-01T01:29:21.037+0000] {processor.py:208} INFO - Processing /home/airflow/.local/lib/python3.12/site-packages/airflow/example_dags/example_setup_teardown.py took 0.074 seconds
[2025-07-01T01:29:51.141+0000] {processor.py:186} INFO - Started process (PID=2865) to work on /home/airflow/.local/lib/python3.12/site-packages/airflow/example_dags/example_setup_teardown.py
[2025-07-01T01:29:51.142+0000] {processor.py:914} INFO - Processing file /home/airflow/.local/lib/python3.12/site-packages/airflow/example_dags/example_setup_teardown.py for tasks to queue
[2025-07-01T01:29:51.144+0000] {logging_mixin.py:190} INFO - [2025-07-01T01:29:51.144+0000] {dagbag.py:588} INFO - Filling up the DagBag from /home/airflow/.local/lib/python3.12/site-packages/airflow/example_dags/example_setup_teardown.py
[2025-07-01T01:29:51.152+0000] {processor.py:925} INFO - DAG(s) 'example_setup_teardown' retrieved from /home/airflow/.local/lib/python3.12/site-packages/airflow/example_dags/example_setup_teardown.py
[2025-07-01T01:29:51.171+0000] {logging_mixin.py:190} INFO - [2025-07-01T01:29:51.171+0000] {dag.py:3239} INFO - Sync 1 DAGs
[2025-07-01T01:29:51.185+0000] {logging_mixin.py:190} INFO - [2025-07-01T01:29:51.184+0000] {dag.py:4180} INFO - Setting next_dagrun for example_setup_teardown to None, run_after=None
[2025-07-01T01:29:51.210+0000] {processor.py:208} INFO - Processing /home/airflow/.local/lib/python3.12/site-packages/airflow/example_dags/example_setup_teardown.py took 0.076 seconds
[2025-07-01T01:30:21.654+0000] {processor.py:186} INFO - Started process (PID=2927) to work on /home/airflow/.local/lib/python3.12/site-packages/airflow/example_dags/example_setup_teardown.py
[2025-07-01T01:30:21.655+0000] {processor.py:914} INFO - Processing file /home/airflow/.local/lib/python3.12/site-packages/airflow/example_dags/example_setup_teardown.py for tasks to queue
[2025-07-01T01:30:21.657+0000] {logging_mixin.py:190} INFO - [2025-07-01T01:30:21.657+0000] {dagbag.py:588} INFO - Filling up the DagBag from /home/airflow/.local/lib/python3.12/site-packages/airflow/example_dags/example_setup_teardown.py
[2025-07-01T01:30:21.665+0000] {processor.py:925} INFO - DAG(s) 'example_setup_teardown' retrieved from /home/airflow/.local/lib/python3.12/site-packages/airflow/example_dags/example_setup_teardown.py
[2025-07-01T01:30:21.683+0000] {logging_mixin.py:190} INFO - [2025-07-01T01:30:21.683+0000] {dag.py:3239} INFO - Sync 1 DAGs
[2025-07-01T01:30:21.696+0000] {logging_mixin.py:190} INFO - [2025-07-01T01:30:21.696+0000] {dag.py:4180} INFO - Setting next_dagrun for example_setup_teardown to None, run_after=None
[2025-07-01T01:30:21.713+0000] {processor.py:208} INFO - Processing /home/airflow/.local/lib/python3.12/site-packages/airflow/example_dags/example_setup_teardown.py took 0.064 seconds
[2025-07-01T01:30:51.871+0000] {processor.py:186} INFO - Started process (PID=2989) to work on /home/airflow/.local/lib/python3.12/site-packages/airflow/example_dags/example_setup_teardown.py
[2025-07-01T01:30:51.872+0000] {processor.py:914} INFO - Processing file /home/airflow/.local/lib/python3.12/site-packages/airflow/example_dags/example_setup_teardown.py for tasks to queue
[2025-07-01T01:30:51.875+0000] {logging_mixin.py:190} INFO - [2025-07-01T01:30:51.875+0000] {dagbag.py:588} INFO - Filling up the DagBag from /home/airflow/.local/lib/python3.12/site-packages/airflow/example_dags/example_setup_teardown.py
[2025-07-01T01:30:51.884+0000] {processor.py:925} INFO - DAG(s) 'example_setup_teardown' retrieved from /home/airflow/.local/lib/python3.12/site-packages/airflow/example_dags/example_setup_teardown.py
[2025-07-01T01:30:51.906+0000] {logging_mixin.py:190} INFO - [2025-07-01T01:30:51.906+0000] {dag.py:3239} INFO - Sync 1 DAGs
[2025-07-01T01:30:51.921+0000] {logging_mixin.py:190} INFO - [2025-07-01T01:30:51.921+0000] {dag.py:4180} INFO - Setting next_dagrun for example_setup_teardown to None, run_after=None
[2025-07-01T01:30:51.939+0000] {processor.py:208} INFO - Processing /home/airflow/.local/lib/python3.12/site-packages/airflow/example_dags/example_setup_teardown.py took 0.074 seconds
[2025-07-01T01:31:22.288+0000] {processor.py:186} INFO - Started process (PID=3051) to work on /home/airflow/.local/lib/python3.12/site-packages/airflow/example_dags/example_setup_teardown.py
[2025-07-01T01:31:22.289+0000] {processor.py:914} INFO - Processing file /home/airflow/.local/lib/python3.12/site-packages/airflow/example_dags/example_setup_teardown.py for tasks to queue
[2025-07-01T01:31:22.291+0000] {logging_mixin.py:190} INFO - [2025-07-01T01:31:22.291+0000] {dagbag.py:588} INFO - Filling up the DagBag from /home/airflow/.local/lib/python3.12/site-packages/airflow/example_dags/example_setup_teardown.py
[2025-07-01T01:31:22.300+0000] {processor.py:925} INFO - DAG(s) 'example_setup_teardown' retrieved from /home/airflow/.local/lib/python3.12/site-packages/airflow/example_dags/example_setup_teardown.py
[2025-07-01T01:31:22.320+0000] {logging_mixin.py:190} INFO - [2025-07-01T01:31:22.319+0000] {dag.py:3239} INFO - Sync 1 DAGs
[2025-07-01T01:31:22.334+0000] {logging_mixin.py:190} INFO - [2025-07-01T01:31:22.334+0000] {dag.py:4180} INFO - Setting next_dagrun for example_setup_teardown to None, run_after=None
[2025-07-01T01:31:22.352+0000] {processor.py:208} INFO - Processing /home/airflow/.local/lib/python3.12/site-packages/airflow/example_dags/example_setup_teardown.py took 0.069 seconds
[2025-07-01T01:31:52.846+0000] {processor.py:186} INFO - Started process (PID=3113) to work on /home/airflow/.local/lib/python3.12/site-packages/airflow/example_dags/example_setup_teardown.py
[2025-07-01T01:31:52.847+0000] {processor.py:914} INFO - Processing file /home/airflow/.local/lib/python3.12/site-packages/airflow/example_dags/example_setup_teardown.py for tasks to queue
[2025-07-01T01:31:52.851+0000] {logging_mixin.py:190} INFO - [2025-07-01T01:31:52.851+0000] {dagbag.py:588} INFO - Filling up the DagBag from /home/airflow/.local/lib/python3.12/site-packages/airflow/example_dags/example_setup_teardown.py
[2025-07-01T01:31:52.862+0000] {processor.py:925} INFO - DAG(s) 'example_setup_teardown' retrieved from /home/airflow/.local/lib/python3.12/site-packages/airflow/example_dags/example_setup_teardown.py
[2025-07-01T01:31:52.883+0000] {logging_mixin.py:190} INFO - [2025-07-01T01:31:52.883+0000] {dag.py:3239} INFO - Sync 1 DAGs
[2025-07-01T01:31:52.900+0000] {logging_mixin.py:190} INFO - [2025-07-01T01:31:52.900+0000] {dag.py:4180} INFO - Setting next_dagrun for example_setup_teardown to None, run_after=None
[2025-07-01T01:31:52.927+0000] {processor.py:208} INFO - Processing /home/airflow/.local/lib/python3.12/site-packages/airflow/example_dags/example_setup_teardown.py took 0.089 seconds
[2025-07-01T01:32:23.375+0000] {processor.py:186} INFO - Started process (PID=3175) to work on /home/airflow/.local/lib/python3.12/site-packages/airflow/example_dags/example_setup_teardown.py
[2025-07-01T01:32:23.376+0000] {processor.py:914} INFO - Processing file /home/airflow/.local/lib/python3.12/site-packages/airflow/example_dags/example_setup_teardown.py for tasks to queue
[2025-07-01T01:32:23.379+0000] {logging_mixin.py:190} INFO - [2025-07-01T01:32:23.379+0000] {dagbag.py:588} INFO - Filling up the DagBag from /home/airflow/.local/lib/python3.12/site-packages/airflow/example_dags/example_setup_teardown.py
[2025-07-01T01:32:23.388+0000] {processor.py:925} INFO - DAG(s) 'example_setup_teardown' retrieved from /home/airflow/.local/lib/python3.12/site-packages/airflow/example_dags/example_setup_teardown.py
[2025-07-01T01:32:23.408+0000] {logging_mixin.py:190} INFO - [2025-07-01T01:32:23.408+0000] {dag.py:3239} INFO - Sync 1 DAGs
[2025-07-01T01:32:23.422+0000] {logging_mixin.py:190} INFO - [2025-07-01T01:32:23.422+0000] {dag.py:4180} INFO - Setting next_dagrun for example_setup_teardown to None, run_after=None
[2025-07-01T01:32:23.439+0000] {processor.py:208} INFO - Processing /home/airflow/.local/lib/python3.12/site-packages/airflow/example_dags/example_setup_teardown.py took 0.069 seconds
[2025-07-01T01:32:53.880+0000] {processor.py:186} INFO - Started process (PID=3237) to work on /home/airflow/.local/lib/python3.12/site-packages/airflow/example_dags/example_setup_teardown.py
[2025-07-01T01:32:53.882+0000] {processor.py:914} INFO - Processing file /home/airflow/.local/lib/python3.12/site-packages/airflow/example_dags/example_setup_teardown.py for tasks to queue
[2025-07-01T01:32:53.884+0000] {logging_mixin.py:190} INFO - [2025-07-01T01:32:53.884+0000] {dagbag.py:588} INFO - Filling up the DagBag from /home/airflow/.local/lib/python3.12/site-packages/airflow/example_dags/example_setup_teardown.py
[2025-07-01T01:32:53.893+0000] {processor.py:925} INFO - DAG(s) 'example_setup_teardown' retrieved from /home/airflow/.local/lib/python3.12/site-packages/airflow/example_dags/example_setup_teardown.py
[2025-07-01T01:32:53.912+0000] {logging_mixin.py:190} INFO - [2025-07-01T01:32:53.912+0000] {dag.py:3239} INFO - Sync 1 DAGs
[2025-07-01T01:32:53.926+0000] {logging_mixin.py:190} INFO - [2025-07-01T01:32:53.925+0000] {dag.py:4180} INFO - Setting next_dagrun for example_setup_teardown to None, run_after=None
[2025-07-01T01:32:53.944+0000] {processor.py:208} INFO - Processing /home/airflow/.local/lib/python3.12/site-packages/airflow/example_dags/example_setup_teardown.py took 0.070 seconds
[2025-07-01T01:33:24.322+0000] {processor.py:186} INFO - Started process (PID=3299) to work on /home/airflow/.local/lib/python3.12/site-packages/airflow/example_dags/example_setup_teardown.py
[2025-07-01T01:33:24.323+0000] {processor.py:914} INFO - Processing file /home/airflow/.local/lib/python3.12/site-packages/airflow/example_dags/example_setup_teardown.py for tasks to queue
[2025-07-01T01:33:24.325+0000] {logging_mixin.py:190} INFO - [2025-07-01T01:33:24.325+0000] {dagbag.py:588} INFO - Filling up the DagBag from /home/airflow/.local/lib/python3.12/site-packages/airflow/example_dags/example_setup_teardown.py
[2025-07-01T01:33:24.333+0000] {processor.py:925} INFO - DAG(s) 'example_setup_teardown' retrieved from /home/airflow/.local/lib/python3.12/site-packages/airflow/example_dags/example_setup_teardown.py
[2025-07-01T01:33:24.353+0000] {logging_mixin.py:190} INFO - [2025-07-01T01:33:24.352+0000] {dag.py:3239} INFO - Sync 1 DAGs
[2025-07-01T01:33:24.366+0000] {logging_mixin.py:190} INFO - [2025-07-01T01:33:24.366+0000] {dag.py:4180} INFO - Setting next_dagrun for example_setup_teardown to None, run_after=None
[2025-07-01T01:33:24.393+0000] {processor.py:208} INFO - Processing /home/airflow/.local/lib/python3.12/site-packages/airflow/example_dags/example_setup_teardown.py took 0.077 seconds
[2025-07-01T01:33:54.851+0000] {processor.py:186} INFO - Started process (PID=3361) to work on /home/airflow/.local/lib/python3.12/site-packages/airflow/example_dags/example_setup_teardown.py
[2025-07-01T01:33:54.852+0000] {processor.py:914} INFO - Processing file /home/airflow/.local/lib/python3.12/site-packages/airflow/example_dags/example_setup_teardown.py for tasks to queue
[2025-07-01T01:33:54.855+0000] {logging_mixin.py:190} INFO - [2025-07-01T01:33:54.855+0000] {dagbag.py:588} INFO - Filling up the DagBag from /home/airflow/.local/lib/python3.12/site-packages/airflow/example_dags/example_setup_teardown.py
[2025-07-01T01:33:54.865+0000] {processor.py:925} INFO - DAG(s) 'example_setup_teardown' retrieved from /home/airflow/.local/lib/python3.12/site-packages/airflow/example_dags/example_setup_teardown.py
[2025-07-01T01:33:54.886+0000] {logging_mixin.py:190} INFO - [2025-07-01T01:33:54.886+0000] {dag.py:3239} INFO - Sync 1 DAGs
[2025-07-01T01:33:54.899+0000] {logging_mixin.py:190} INFO - [2025-07-01T01:33:54.899+0000] {dag.py:4180} INFO - Setting next_dagrun for example_setup_teardown to None, run_after=None
[2025-07-01T01:33:54.925+0000] {processor.py:208} INFO - Processing /home/airflow/.local/lib/python3.12/site-packages/airflow/example_dags/example_setup_teardown.py took 0.082 seconds
[2025-07-01T01:34:25.446+0000] {processor.py:186} INFO - Started process (PID=3423) to work on /home/airflow/.local/lib/python3.12/site-packages/airflow/example_dags/example_setup_teardown.py
[2025-07-01T01:34:25.447+0000] {processor.py:914} INFO - Processing file /home/airflow/.local/lib/python3.12/site-packages/airflow/example_dags/example_setup_teardown.py for tasks to queue
[2025-07-01T01:34:25.449+0000] {logging_mixin.py:190} INFO - [2025-07-01T01:34:25.449+0000] {dagbag.py:588} INFO - Filling up the DagBag from /home/airflow/.local/lib/python3.12/site-packages/airflow/example_dags/example_setup_teardown.py
[2025-07-01T01:34:25.457+0000] {processor.py:925} INFO - DAG(s) 'example_setup_teardown' retrieved from /home/airflow/.local/lib/python3.12/site-packages/airflow/example_dags/example_setup_teardown.py
[2025-07-01T01:34:25.478+0000] {logging_mixin.py:190} INFO - [2025-07-01T01:34:25.478+0000] {dag.py:3239} INFO - Sync 1 DAGs
[2025-07-01T01:34:25.491+0000] {logging_mixin.py:190} INFO - [2025-07-01T01:34:25.491+0000] {dag.py:4180} INFO - Setting next_dagrun for example_setup_teardown to None, run_after=None
[2025-07-01T01:34:25.665+0000] {processor.py:208} INFO - Processing /home/airflow/.local/lib/python3.12/site-packages/airflow/example_dags/example_setup_teardown.py took 0.225 seconds
[2025-07-01T01:34:56.438+0000] {processor.py:186} INFO - Started process (PID=3491) to work on /home/airflow/.local/lib/python3.12/site-packages/airflow/example_dags/example_setup_teardown.py
[2025-07-01T01:34:56.440+0000] {processor.py:914} INFO - Processing file /home/airflow/.local/lib/python3.12/site-packages/airflow/example_dags/example_setup_teardown.py for tasks to queue
[2025-07-01T01:34:56.442+0000] {logging_mixin.py:190} INFO - [2025-07-01T01:34:56.442+0000] {dagbag.py:588} INFO - Filling up the DagBag from /home/airflow/.local/lib/python3.12/site-packages/airflow/example_dags/example_setup_teardown.py
[2025-07-01T01:34:56.454+0000] {processor.py:925} INFO - DAG(s) 'example_setup_teardown' retrieved from /home/airflow/.local/lib/python3.12/site-packages/airflow/example_dags/example_setup_teardown.py
[2025-07-01T01:34:56.480+0000] {logging_mixin.py:190} INFO - [2025-07-01T01:34:56.479+0000] {dag.py:3239} INFO - Sync 1 DAGs
[2025-07-01T01:34:56.497+0000] {logging_mixin.py:190} INFO - [2025-07-01T01:34:56.497+0000] {dag.py:4180} INFO - Setting next_dagrun for example_setup_teardown to None, run_after=None
[2025-07-01T01:34:56.518+0000] {processor.py:208} INFO - Processing /home/airflow/.local/lib/python3.12/site-packages/airflow/example_dags/example_setup_teardown.py took 0.086 seconds
[2025-07-01T01:35:26.634+0000] {processor.py:186} INFO - Started process (PID=3553) to work on /home/airflow/.local/lib/python3.12/site-packages/airflow/example_dags/example_setup_teardown.py
[2025-07-01T01:35:26.636+0000] {processor.py:914} INFO - Processing file /home/airflow/.local/lib/python3.12/site-packages/airflow/example_dags/example_setup_teardown.py for tasks to queue
[2025-07-01T01:35:26.640+0000] {logging_mixin.py:190} INFO - [2025-07-01T01:35:26.639+0000] {dagbag.py:588} INFO - Filling up the DagBag from /home/airflow/.local/lib/python3.12/site-packages/airflow/example_dags/example_setup_teardown.py
[2025-07-01T01:35:26.653+0000] {processor.py:925} INFO - DAG(s) 'example_setup_teardown' retrieved from /home/airflow/.local/lib/python3.12/site-packages/airflow/example_dags/example_setup_teardown.py
[2025-07-01T01:35:26.683+0000] {logging_mixin.py:190} INFO - [2025-07-01T01:35:26.683+0000] {dag.py:3239} INFO - Sync 1 DAGs
[2025-07-01T01:35:26.701+0000] {logging_mixin.py:190} INFO - [2025-07-01T01:35:26.701+0000] {dag.py:4180} INFO - Setting next_dagrun for example_setup_teardown to None, run_after=None
[2025-07-01T01:35:26.721+0000] {processor.py:208} INFO - Processing /home/airflow/.local/lib/python3.12/site-packages/airflow/example_dags/example_setup_teardown.py took 0.096 seconds
[2025-07-01T01:35:57.236+0000] {processor.py:186} INFO - Started process (PID=3615) to work on /home/airflow/.local/lib/python3.12/site-packages/airflow/example_dags/example_setup_teardown.py
[2025-07-01T01:35:57.237+0000] {processor.py:914} INFO - Processing file /home/airflow/.local/lib/python3.12/site-packages/airflow/example_dags/example_setup_teardown.py for tasks to queue
[2025-07-01T01:35:57.239+0000] {logging_mixin.py:190} INFO - [2025-07-01T01:35:57.239+0000] {dagbag.py:588} INFO - Filling up the DagBag from /home/airflow/.local/lib/python3.12/site-packages/airflow/example_dags/example_setup_teardown.py
[2025-07-01T01:35:57.247+0000] {processor.py:925} INFO - DAG(s) 'example_setup_teardown' retrieved from /home/airflow/.local/lib/python3.12/site-packages/airflow/example_dags/example_setup_teardown.py
[2025-07-01T01:35:57.268+0000] {logging_mixin.py:190} INFO - [2025-07-01T01:35:57.268+0000] {dag.py:3239} INFO - Sync 1 DAGs
[2025-07-01T01:35:57.285+0000] {logging_mixin.py:190} INFO - [2025-07-01T01:35:57.284+0000] {dag.py:4180} INFO - Setting next_dagrun for example_setup_teardown to None, run_after=None
[2025-07-01T01:35:57.304+0000] {processor.py:208} INFO - Processing /home/airflow/.local/lib/python3.12/site-packages/airflow/example_dags/example_setup_teardown.py took 0.074 seconds
[2025-07-01T01:36:27.406+0000] {processor.py:186} INFO - Started process (PID=3677) to work on /home/airflow/.local/lib/python3.12/site-packages/airflow/example_dags/example_setup_teardown.py
[2025-07-01T01:36:27.407+0000] {processor.py:914} INFO - Processing file /home/airflow/.local/lib/python3.12/site-packages/airflow/example_dags/example_setup_teardown.py for tasks to queue
[2025-07-01T01:36:27.410+0000] {logging_mixin.py:190} INFO - [2025-07-01T01:36:27.409+0000] {dagbag.py:588} INFO - Filling up the DagBag from /home/airflow/.local/lib/python3.12/site-packages/airflow/example_dags/example_setup_teardown.py
[2025-07-01T01:36:27.419+0000] {processor.py:925} INFO - DAG(s) 'example_setup_teardown' retrieved from /home/airflow/.local/lib/python3.12/site-packages/airflow/example_dags/example_setup_teardown.py
[2025-07-01T01:36:27.441+0000] {logging_mixin.py:190} INFO - [2025-07-01T01:36:27.441+0000] {dag.py:3239} INFO - Sync 1 DAGs
[2025-07-01T01:36:27.456+0000] {logging_mixin.py:190} INFO - [2025-07-01T01:36:27.456+0000] {dag.py:4180} INFO - Setting next_dagrun for example_setup_teardown to None, run_after=None
[2025-07-01T01:36:27.485+0000] {processor.py:208} INFO - Processing /home/airflow/.local/lib/python3.12/site-packages/airflow/example_dags/example_setup_teardown.py took 0.085 seconds
[2025-07-01T01:36:58.163+0000] {processor.py:186} INFO - Started process (PID=3739) to work on /home/airflow/.local/lib/python3.12/site-packages/airflow/example_dags/example_setup_teardown.py
[2025-07-01T01:36:58.164+0000] {processor.py:914} INFO - Processing file /home/airflow/.local/lib/python3.12/site-packages/airflow/example_dags/example_setup_teardown.py for tasks to queue
[2025-07-01T01:36:58.166+0000] {logging_mixin.py:190} INFO - [2025-07-01T01:36:58.166+0000] {dagbag.py:588} INFO - Filling up the DagBag from /home/airflow/.local/lib/python3.12/site-packages/airflow/example_dags/example_setup_teardown.py
[2025-07-01T01:36:58.174+0000] {processor.py:925} INFO - DAG(s) 'example_setup_teardown' retrieved from /home/airflow/.local/lib/python3.12/site-packages/airflow/example_dags/example_setup_teardown.py
[2025-07-01T01:36:58.194+0000] {logging_mixin.py:190} INFO - [2025-07-01T01:36:58.194+0000] {dag.py:3239} INFO - Sync 1 DAGs
[2025-07-01T01:36:58.207+0000] {logging_mixin.py:190} INFO - [2025-07-01T01:36:58.207+0000] {dag.py:4180} INFO - Setting next_dagrun for example_setup_teardown to None, run_after=None
[2025-07-01T01:36:58.224+0000] {processor.py:208} INFO - Processing /home/airflow/.local/lib/python3.12/site-packages/airflow/example_dags/example_setup_teardown.py took 0.067 seconds
[2025-07-01T01:37:28.383+0000] {processor.py:186} INFO - Started process (PID=3801) to work on /home/airflow/.local/lib/python3.12/site-packages/airflow/example_dags/example_setup_teardown.py
[2025-07-01T01:37:28.384+0000] {processor.py:914} INFO - Processing file /home/airflow/.local/lib/python3.12/site-packages/airflow/example_dags/example_setup_teardown.py for tasks to queue
[2025-07-01T01:37:28.388+0000] {logging_mixin.py:190} INFO - [2025-07-01T01:37:28.387+0000] {dagbag.py:588} INFO - Filling up the DagBag from /home/airflow/.local/lib/python3.12/site-packages/airflow/example_dags/example_setup_teardown.py
[2025-07-01T01:37:28.398+0000] {processor.py:925} INFO - DAG(s) 'example_setup_teardown' retrieved from /home/airflow/.local/lib/python3.12/site-packages/airflow/example_dags/example_setup_teardown.py
[2025-07-01T01:37:28.421+0000] {logging_mixin.py:190} INFO - [2025-07-01T01:37:28.420+0000] {dag.py:3239} INFO - Sync 1 DAGs
[2025-07-01T01:37:28.437+0000] {logging_mixin.py:190} INFO - [2025-07-01T01:37:28.436+0000] {dag.py:4180} INFO - Setting next_dagrun for example_setup_teardown to None, run_after=None
[2025-07-01T01:37:28.454+0000] {processor.py:208} INFO - Processing /home/airflow/.local/lib/python3.12/site-packages/airflow/example_dags/example_setup_teardown.py took 0.078 seconds
[2025-07-01T01:37:58.644+0000] {processor.py:186} INFO - Started process (PID=3863) to work on /home/airflow/.local/lib/python3.12/site-packages/airflow/example_dags/example_setup_teardown.py
[2025-07-01T01:37:58.645+0000] {processor.py:914} INFO - Processing file /home/airflow/.local/lib/python3.12/site-packages/airflow/example_dags/example_setup_teardown.py for tasks to queue
[2025-07-01T01:37:58.648+0000] {logging_mixin.py:190} INFO - [2025-07-01T01:37:58.648+0000] {dagbag.py:588} INFO - Filling up the DagBag from /home/airflow/.local/lib/python3.12/site-packages/airflow/example_dags/example_setup_teardown.py
[2025-07-01T01:37:58.657+0000] {processor.py:925} INFO - DAG(s) 'example_setup_teardown' retrieved from /home/airflow/.local/lib/python3.12/site-packages/airflow/example_dags/example_setup_teardown.py
[2025-07-01T01:37:58.678+0000] {logging_mixin.py:190} INFO - [2025-07-01T01:37:58.678+0000] {dag.py:3239} INFO - Sync 1 DAGs
[2025-07-01T01:37:58.692+0000] {logging_mixin.py:190} INFO - [2025-07-01T01:37:58.691+0000] {dag.py:4180} INFO - Setting next_dagrun for example_setup_teardown to None, run_after=None
[2025-07-01T01:37:58.708+0000] {processor.py:208} INFO - Processing /home/airflow/.local/lib/python3.12/site-packages/airflow/example_dags/example_setup_teardown.py took 0.070 seconds
[2025-07-01T01:38:29.372+0000] {processor.py:186} INFO - Started process (PID=3925) to work on /home/airflow/.local/lib/python3.12/site-packages/airflow/example_dags/example_setup_teardown.py
[2025-07-01T01:38:29.373+0000] {processor.py:914} INFO - Processing file /home/airflow/.local/lib/python3.12/site-packages/airflow/example_dags/example_setup_teardown.py for tasks to queue
[2025-07-01T01:38:29.375+0000] {logging_mixin.py:190} INFO - [2025-07-01T01:38:29.375+0000] {dagbag.py:588} INFO - Filling up the DagBag from /home/airflow/.local/lib/python3.12/site-packages/airflow/example_dags/example_setup_teardown.py
[2025-07-01T01:38:29.383+0000] {processor.py:925} INFO - DAG(s) 'example_setup_teardown' retrieved from /home/airflow/.local/lib/python3.12/site-packages/airflow/example_dags/example_setup_teardown.py
[2025-07-01T01:38:29.403+0000] {logging_mixin.py:190} INFO - [2025-07-01T01:38:29.403+0000] {dag.py:3239} INFO - Sync 1 DAGs
[2025-07-01T01:38:29.417+0000] {logging_mixin.py:190} INFO - [2025-07-01T01:38:29.417+0000] {dag.py:4180} INFO - Setting next_dagrun for example_setup_teardown to None, run_after=None
[2025-07-01T01:38:29.435+0000] {processor.py:208} INFO - Processing /home/airflow/.local/lib/python3.12/site-packages/airflow/example_dags/example_setup_teardown.py took 0.069 seconds
[2025-07-01T01:39:00.195+0000] {processor.py:186} INFO - Started process (PID=3987) to work on /home/airflow/.local/lib/python3.12/site-packages/airflow/example_dags/example_setup_teardown.py
[2025-07-01T01:39:00.197+0000] {processor.py:914} INFO - Processing file /home/airflow/.local/lib/python3.12/site-packages/airflow/example_dags/example_setup_teardown.py for tasks to queue
[2025-07-01T01:39:00.199+0000] {logging_mixin.py:190} INFO - [2025-07-01T01:39:00.199+0000] {dagbag.py:588} INFO - Filling up the DagBag from /home/airflow/.local/lib/python3.12/site-packages/airflow/example_dags/example_setup_teardown.py
[2025-07-01T01:39:00.207+0000] {processor.py:925} INFO - DAG(s) 'example_setup_teardown' retrieved from /home/airflow/.local/lib/python3.12/site-packages/airflow/example_dags/example_setup_teardown.py
[2025-07-01T01:39:00.228+0000] {logging_mixin.py:190} INFO - [2025-07-01T01:39:00.228+0000] {dag.py:3239} INFO - Sync 1 DAGs
[2025-07-01T01:39:00.241+0000] {logging_mixin.py:190} INFO - [2025-07-01T01:39:00.241+0000] {dag.py:4180} INFO - Setting next_dagrun for example_setup_teardown to None, run_after=None
[2025-07-01T01:39:00.269+0000] {processor.py:208} INFO - Processing /home/airflow/.local/lib/python3.12/site-packages/airflow/example_dags/example_setup_teardown.py took 0.080 seconds
[2025-07-01T01:39:30.805+0000] {processor.py:186} INFO - Started process (PID=4049) to work on /home/airflow/.local/lib/python3.12/site-packages/airflow/example_dags/example_setup_teardown.py
[2025-07-01T01:39:30.806+0000] {processor.py:914} INFO - Processing file /home/airflow/.local/lib/python3.12/site-packages/airflow/example_dags/example_setup_teardown.py for tasks to queue
[2025-07-01T01:39:30.808+0000] {logging_mixin.py:190} INFO - [2025-07-01T01:39:30.808+0000] {dagbag.py:588} INFO - Filling up the DagBag from /home/airflow/.local/lib/python3.12/site-packages/airflow/example_dags/example_setup_teardown.py
[2025-07-01T01:39:30.816+0000] {processor.py:925} INFO - DAG(s) 'example_setup_teardown' retrieved from /home/airflow/.local/lib/python3.12/site-packages/airflow/example_dags/example_setup_teardown.py
[2025-07-01T01:39:30.836+0000] {logging_mixin.py:190} INFO - [2025-07-01T01:39:30.836+0000] {dag.py:3239} INFO - Sync 1 DAGs
[2025-07-01T01:39:30.849+0000] {logging_mixin.py:190} INFO - [2025-07-01T01:39:30.849+0000] {dag.py:4180} INFO - Setting next_dagrun for example_setup_teardown to None, run_after=None
[2025-07-01T01:39:30.866+0000] {processor.py:208} INFO - Processing /home/airflow/.local/lib/python3.12/site-packages/airflow/example_dags/example_setup_teardown.py took 0.067 seconds
[2025-07-01T01:40:01.383+0000] {processor.py:186} INFO - Started process (PID=4111) to work on /home/airflow/.local/lib/python3.12/site-packages/airflow/example_dags/example_setup_teardown.py
[2025-07-01T01:40:01.384+0000] {processor.py:914} INFO - Processing file /home/airflow/.local/lib/python3.12/site-packages/airflow/example_dags/example_setup_teardown.py for tasks to queue
[2025-07-01T01:40:01.387+0000] {logging_mixin.py:190} INFO - [2025-07-01T01:40:01.386+0000] {dagbag.py:588} INFO - Filling up the DagBag from /home/airflow/.local/lib/python3.12/site-packages/airflow/example_dags/example_setup_teardown.py
[2025-07-01T01:40:01.395+0000] {processor.py:925} INFO - DAG(s) 'example_setup_teardown' retrieved from /home/airflow/.local/lib/python3.12/site-packages/airflow/example_dags/example_setup_teardown.py
[2025-07-01T01:40:01.418+0000] {logging_mixin.py:190} INFO - [2025-07-01T01:40:01.418+0000] {dag.py:3239} INFO - Sync 1 DAGs
[2025-07-01T01:40:01.431+0000] {logging_mixin.py:190} INFO - [2025-07-01T01:40:01.431+0000] {dag.py:4180} INFO - Setting next_dagrun for example_setup_teardown to None, run_after=None
[2025-07-01T01:40:01.458+0000] {processor.py:208} INFO - Processing /home/airflow/.local/lib/python3.12/site-packages/airflow/example_dags/example_setup_teardown.py took 0.080 seconds
[2025-07-01T01:40:31.915+0000] {processor.py:186} INFO - Started process (PID=4173) to work on /home/airflow/.local/lib/python3.12/site-packages/airflow/example_dags/example_setup_teardown.py
[2025-07-01T01:40:31.916+0000] {processor.py:914} INFO - Processing file /home/airflow/.local/lib/python3.12/site-packages/airflow/example_dags/example_setup_teardown.py for tasks to queue
[2025-07-01T01:40:31.919+0000] {logging_mixin.py:190} INFO - [2025-07-01T01:40:31.918+0000] {dagbag.py:588} INFO - Filling up the DagBag from /home/airflow/.local/lib/python3.12/site-packages/airflow/example_dags/example_setup_teardown.py
[2025-07-01T01:40:31.927+0000] {processor.py:925} INFO - DAG(s) 'example_setup_teardown' retrieved from /home/airflow/.local/lib/python3.12/site-packages/airflow/example_dags/example_setup_teardown.py
[2025-07-01T01:40:31.946+0000] {logging_mixin.py:190} INFO - [2025-07-01T01:40:31.946+0000] {dag.py:3239} INFO - Sync 1 DAGs
[2025-07-01T01:40:31.959+0000] {logging_mixin.py:190} INFO - [2025-07-01T01:40:31.959+0000] {dag.py:4180} INFO - Setting next_dagrun for example_setup_teardown to None, run_after=None
[2025-07-01T01:40:31.976+0000] {processor.py:208} INFO - Processing /home/airflow/.local/lib/python3.12/site-packages/airflow/example_dags/example_setup_teardown.py took 0.066 seconds
[2025-07-01T01:41:02.614+0000] {processor.py:186} INFO - Started process (PID=4236) to work on /home/airflow/.local/lib/python3.12/site-packages/airflow/example_dags/example_setup_teardown.py
[2025-07-01T01:41:02.615+0000] {processor.py:914} INFO - Processing file /home/airflow/.local/lib/python3.12/site-packages/airflow/example_dags/example_setup_teardown.py for tasks to queue
[2025-07-01T01:41:02.618+0000] {logging_mixin.py:190} INFO - [2025-07-01T01:41:02.617+0000] {dagbag.py:588} INFO - Filling up the DagBag from /home/airflow/.local/lib/python3.12/site-packages/airflow/example_dags/example_setup_teardown.py
[2025-07-01T01:41:02.626+0000] {processor.py:925} INFO - DAG(s) 'example_setup_teardown' retrieved from /home/airflow/.local/lib/python3.12/site-packages/airflow/example_dags/example_setup_teardown.py
[2025-07-01T01:41:02.650+0000] {logging_mixin.py:190} INFO - [2025-07-01T01:41:02.650+0000] {dag.py:3239} INFO - Sync 1 DAGs
[2025-07-01T01:41:02.667+0000] {logging_mixin.py:190} INFO - [2025-07-01T01:41:02.667+0000] {dag.py:4180} INFO - Setting next_dagrun for example_setup_teardown to None, run_after=None
[2025-07-01T01:41:02.688+0000] {processor.py:208} INFO - Processing /home/airflow/.local/lib/python3.12/site-packages/airflow/example_dags/example_setup_teardown.py took 0.080 seconds
[2025-07-01T01:41:33.000+0000] {processor.py:186} INFO - Started process (PID=4298) to work on /home/airflow/.local/lib/python3.12/site-packages/airflow/example_dags/example_setup_teardown.py
[2025-07-01T01:41:33.001+0000] {processor.py:914} INFO - Processing file /home/airflow/.local/lib/python3.12/site-packages/airflow/example_dags/example_setup_teardown.py for tasks to queue
[2025-07-01T01:41:33.004+0000] {logging_mixin.py:190} INFO - [2025-07-01T01:41:33.003+0000] {dagbag.py:588} INFO - Filling up the DagBag from /home/airflow/.local/lib/python3.12/site-packages/airflow/example_dags/example_setup_teardown.py
[2025-07-01T01:41:33.012+0000] {processor.py:925} INFO - DAG(s) 'example_setup_teardown' retrieved from /home/airflow/.local/lib/python3.12/site-packages/airflow/example_dags/example_setup_teardown.py
[2025-07-01T01:41:33.034+0000] {logging_mixin.py:190} INFO - [2025-07-01T01:41:33.034+0000] {dag.py:3239} INFO - Sync 1 DAGs
[2025-07-01T01:41:33.048+0000] {logging_mixin.py:190} INFO - [2025-07-01T01:41:33.048+0000] {dag.py:4180} INFO - Setting next_dagrun for example_setup_teardown to None, run_after=None
[2025-07-01T01:41:33.069+0000] {processor.py:208} INFO - Processing /home/airflow/.local/lib/python3.12/site-packages/airflow/example_dags/example_setup_teardown.py took 0.075 seconds
[2025-07-01T01:42:03.636+0000] {processor.py:186} INFO - Started process (PID=4359) to work on /home/airflow/.local/lib/python3.12/site-packages/airflow/example_dags/example_setup_teardown.py
[2025-07-01T01:42:03.638+0000] {processor.py:914} INFO - Processing file /home/airflow/.local/lib/python3.12/site-packages/airflow/example_dags/example_setup_teardown.py for tasks to queue
[2025-07-01T01:42:03.642+0000] {logging_mixin.py:190} INFO - [2025-07-01T01:42:03.642+0000] {dagbag.py:588} INFO - Filling up the DagBag from /home/airflow/.local/lib/python3.12/site-packages/airflow/example_dags/example_setup_teardown.py
[2025-07-01T01:42:03.655+0000] {processor.py:925} INFO - DAG(s) 'example_setup_teardown' retrieved from /home/airflow/.local/lib/python3.12/site-packages/airflow/example_dags/example_setup_teardown.py
[2025-07-01T01:42:03.679+0000] {logging_mixin.py:190} INFO - [2025-07-01T01:42:03.678+0000] {dag.py:3239} INFO - Sync 1 DAGs
[2025-07-01T01:42:03.694+0000] {logging_mixin.py:190} INFO - [2025-07-01T01:42:03.694+0000] {dag.py:4180} INFO - Setting next_dagrun for example_setup_teardown to None, run_after=None
[2025-07-01T01:42:03.712+0000] {processor.py:208} INFO - Processing /home/airflow/.local/lib/python3.12/site-packages/airflow/example_dags/example_setup_teardown.py took 0.086 seconds
[2025-07-01T01:42:34.354+0000] {processor.py:186} INFO - Started process (PID=4421) to work on /home/airflow/.local/lib/python3.12/site-packages/airflow/example_dags/example_setup_teardown.py
[2025-07-01T01:42:34.356+0000] {processor.py:914} INFO - Processing file /home/airflow/.local/lib/python3.12/site-packages/airflow/example_dags/example_setup_teardown.py for tasks to queue
[2025-07-01T01:42:34.359+0000] {logging_mixin.py:190} INFO - [2025-07-01T01:42:34.358+0000] {dagbag.py:588} INFO - Filling up the DagBag from /home/airflow/.local/lib/python3.12/site-packages/airflow/example_dags/example_setup_teardown.py
[2025-07-01T01:42:34.369+0000] {processor.py:925} INFO - DAG(s) 'example_setup_teardown' retrieved from /home/airflow/.local/lib/python3.12/site-packages/airflow/example_dags/example_setup_teardown.py
[2025-07-01T01:42:34.394+0000] {logging_mixin.py:190} INFO - [2025-07-01T01:42:34.394+0000] {dag.py:3239} INFO - Sync 1 DAGs
[2025-07-01T01:42:34.410+0000] {logging_mixin.py:190} INFO - [2025-07-01T01:42:34.410+0000] {dag.py:4180} INFO - Setting next_dagrun for example_setup_teardown to None, run_after=None
[2025-07-01T01:42:34.429+0000] {processor.py:208} INFO - Processing /home/airflow/.local/lib/python3.12/site-packages/airflow/example_dags/example_setup_teardown.py took 0.080 seconds
[2025-07-01T01:43:04.980+0000] {processor.py:186} INFO - Started process (PID=4483) to work on /home/airflow/.local/lib/python3.12/site-packages/airflow/example_dags/example_setup_teardown.py
[2025-07-01T01:43:04.982+0000] {processor.py:914} INFO - Processing file /home/airflow/.local/lib/python3.12/site-packages/airflow/example_dags/example_setup_teardown.py for tasks to queue
[2025-07-01T01:43:04.984+0000] {logging_mixin.py:190} INFO - [2025-07-01T01:43:04.984+0000] {dagbag.py:588} INFO - Filling up the DagBag from /home/airflow/.local/lib/python3.12/site-packages/airflow/example_dags/example_setup_teardown.py
[2025-07-01T01:43:04.992+0000] {processor.py:925} INFO - DAG(s) 'example_setup_teardown' retrieved from /home/airflow/.local/lib/python3.12/site-packages/airflow/example_dags/example_setup_teardown.py
[2025-07-01T01:43:05.013+0000] {logging_mixin.py:190} INFO - [2025-07-01T01:43:05.013+0000] {dag.py:3239} INFO - Sync 1 DAGs
[2025-07-01T01:43:05.029+0000] {logging_mixin.py:190} INFO - [2025-07-01T01:43:05.029+0000] {dag.py:4180} INFO - Setting next_dagrun for example_setup_teardown to None, run_after=None
[2025-07-01T01:43:05.057+0000] {processor.py:208} INFO - Processing /home/airflow/.local/lib/python3.12/site-packages/airflow/example_dags/example_setup_teardown.py took 0.083 seconds
[2025-07-01T01:43:35.619+0000] {processor.py:186} INFO - Started process (PID=4545) to work on /home/airflow/.local/lib/python3.12/site-packages/airflow/example_dags/example_setup_teardown.py
[2025-07-01T01:43:35.620+0000] {processor.py:914} INFO - Processing file /home/airflow/.local/lib/python3.12/site-packages/airflow/example_dags/example_setup_teardown.py for tasks to queue
[2025-07-01T01:43:35.624+0000] {logging_mixin.py:190} INFO - [2025-07-01T01:43:35.624+0000] {dagbag.py:588} INFO - Filling up the DagBag from /home/airflow/.local/lib/python3.12/site-packages/airflow/example_dags/example_setup_teardown.py
[2025-07-01T01:43:35.636+0000] {processor.py:925} INFO - DAG(s) 'example_setup_teardown' retrieved from /home/airflow/.local/lib/python3.12/site-packages/airflow/example_dags/example_setup_teardown.py
[2025-07-01T01:43:35.661+0000] {logging_mixin.py:190} INFO - [2025-07-01T01:43:35.661+0000] {dag.py:3239} INFO - Sync 1 DAGs
[2025-07-01T01:43:35.677+0000] {logging_mixin.py:190} INFO - [2025-07-01T01:43:35.677+0000] {dag.py:4180} INFO - Setting next_dagrun for example_setup_teardown to None, run_after=None
[2025-07-01T01:43:35.697+0000] {processor.py:208} INFO - Processing /home/airflow/.local/lib/python3.12/site-packages/airflow/example_dags/example_setup_teardown.py took 0.088 seconds
[2025-07-01T01:44:06.334+0000] {processor.py:186} INFO - Started process (PID=4607) to work on /home/airflow/.local/lib/python3.12/site-packages/airflow/example_dags/example_setup_teardown.py
[2025-07-01T01:44:06.336+0000] {processor.py:914} INFO - Processing file /home/airflow/.local/lib/python3.12/site-packages/airflow/example_dags/example_setup_teardown.py for tasks to queue
[2025-07-01T01:44:06.347+0000] {logging_mixin.py:190} INFO - [2025-07-01T01:44:06.346+0000] {dagbag.py:588} INFO - Filling up the DagBag from /home/airflow/.local/lib/python3.12/site-packages/airflow/example_dags/example_setup_teardown.py
[2025-07-01T01:44:06.359+0000] {processor.py:925} INFO - DAG(s) 'example_setup_teardown' retrieved from /home/airflow/.local/lib/python3.12/site-packages/airflow/example_dags/example_setup_teardown.py
[2025-07-01T01:44:06.382+0000] {logging_mixin.py:190} INFO - [2025-07-01T01:44:06.381+0000] {dag.py:3239} INFO - Sync 1 DAGs
[2025-07-01T01:44:06.396+0000] {logging_mixin.py:190} INFO - [2025-07-01T01:44:06.395+0000] {dag.py:4180} INFO - Setting next_dagrun for example_setup_teardown to None, run_after=None
[2025-07-01T01:44:06.421+0000] {processor.py:208} INFO - Processing /home/airflow/.local/lib/python3.12/site-packages/airflow/example_dags/example_setup_teardown.py took 0.097 seconds
[2025-07-01T01:44:37.044+0000] {processor.py:186} INFO - Started process (PID=4669) to work on /home/airflow/.local/lib/python3.12/site-packages/airflow/example_dags/example_setup_teardown.py
[2025-07-01T01:44:37.046+0000] {processor.py:914} INFO - Processing file /home/airflow/.local/lib/python3.12/site-packages/airflow/example_dags/example_setup_teardown.py for tasks to queue
[2025-07-01T01:44:37.049+0000] {logging_mixin.py:190} INFO - [2025-07-01T01:44:37.048+0000] {dagbag.py:588} INFO - Filling up the DagBag from /home/airflow/.local/lib/python3.12/site-packages/airflow/example_dags/example_setup_teardown.py
[2025-07-01T01:44:37.058+0000] {processor.py:925} INFO - DAG(s) 'example_setup_teardown' retrieved from /home/airflow/.local/lib/python3.12/site-packages/airflow/example_dags/example_setup_teardown.py
[2025-07-01T01:44:37.079+0000] {logging_mixin.py:190} INFO - [2025-07-01T01:44:37.078+0000] {dag.py:3239} INFO - Sync 1 DAGs
[2025-07-01T01:44:37.092+0000] {logging_mixin.py:190} INFO - [2025-07-01T01:44:37.092+0000] {dag.py:4180} INFO - Setting next_dagrun for example_setup_teardown to None, run_after=None
[2025-07-01T01:44:37.120+0000] {processor.py:208} INFO - Processing /home/airflow/.local/lib/python3.12/site-packages/airflow/example_dags/example_setup_teardown.py took 0.083 seconds
[2025-07-01T01:45:07.816+0000] {processor.py:186} INFO - Started process (PID=4731) to work on /home/airflow/.local/lib/python3.12/site-packages/airflow/example_dags/example_setup_teardown.py
[2025-07-01T01:45:07.817+0000] {processor.py:914} INFO - Processing file /home/airflow/.local/lib/python3.12/site-packages/airflow/example_dags/example_setup_teardown.py for tasks to queue
[2025-07-01T01:45:07.820+0000] {logging_mixin.py:190} INFO - [2025-07-01T01:45:07.819+0000] {dagbag.py:588} INFO - Filling up the DagBag from /home/airflow/.local/lib/python3.12/site-packages/airflow/example_dags/example_setup_teardown.py
[2025-07-01T01:45:07.829+0000] {processor.py:925} INFO - DAG(s) 'example_setup_teardown' retrieved from /home/airflow/.local/lib/python3.12/site-packages/airflow/example_dags/example_setup_teardown.py
[2025-07-01T01:45:07.850+0000] {logging_mixin.py:190} INFO - [2025-07-01T01:45:07.850+0000] {dag.py:3239} INFO - Sync 1 DAGs
[2025-07-01T01:45:07.864+0000] {logging_mixin.py:190} INFO - [2025-07-01T01:45:07.864+0000] {dag.py:4180} INFO - Setting next_dagrun for example_setup_teardown to None, run_after=None
[2025-07-01T01:45:07.882+0000] {processor.py:208} INFO - Processing /home/airflow/.local/lib/python3.12/site-packages/airflow/example_dags/example_setup_teardown.py took 0.072 seconds
[2025-07-01T01:45:38.632+0000] {processor.py:186} INFO - Started process (PID=4793) to work on /home/airflow/.local/lib/python3.12/site-packages/airflow/example_dags/example_setup_teardown.py
[2025-07-01T01:45:38.633+0000] {processor.py:914} INFO - Processing file /home/airflow/.local/lib/python3.12/site-packages/airflow/example_dags/example_setup_teardown.py for tasks to queue
[2025-07-01T01:45:38.635+0000] {logging_mixin.py:190} INFO - [2025-07-01T01:45:38.635+0000] {dagbag.py:588} INFO - Filling up the DagBag from /home/airflow/.local/lib/python3.12/site-packages/airflow/example_dags/example_setup_teardown.py
[2025-07-01T01:45:38.643+0000] {processor.py:925} INFO - DAG(s) 'example_setup_teardown' retrieved from /home/airflow/.local/lib/python3.12/site-packages/airflow/example_dags/example_setup_teardown.py
[2025-07-01T01:45:38.665+0000] {logging_mixin.py:190} INFO - [2025-07-01T01:45:38.665+0000] {dag.py:3239} INFO - Sync 1 DAGs
[2025-07-01T01:45:38.679+0000] {logging_mixin.py:190} INFO - [2025-07-01T01:45:38.679+0000] {dag.py:4180} INFO - Setting next_dagrun for example_setup_teardown to None, run_after=None
[2025-07-01T01:45:38.697+0000] {processor.py:208} INFO - Processing /home/airflow/.local/lib/python3.12/site-packages/airflow/example_dags/example_setup_teardown.py took 0.071 seconds
[2025-07-01T01:46:09.226+0000] {processor.py:186} INFO - Started process (PID=4855) to work on /home/airflow/.local/lib/python3.12/site-packages/airflow/example_dags/example_setup_teardown.py
[2025-07-01T01:46:09.227+0000] {processor.py:914} INFO - Processing file /home/airflow/.local/lib/python3.12/site-packages/airflow/example_dags/example_setup_teardown.py for tasks to queue
[2025-07-01T01:46:09.230+0000] {logging_mixin.py:190} INFO - [2025-07-01T01:46:09.230+0000] {dagbag.py:588} INFO - Filling up the DagBag from /home/airflow/.local/lib/python3.12/site-packages/airflow/example_dags/example_setup_teardown.py
[2025-07-01T01:46:09.241+0000] {processor.py:925} INFO - DAG(s) 'example_setup_teardown' retrieved from /home/airflow/.local/lib/python3.12/site-packages/airflow/example_dags/example_setup_teardown.py
[2025-07-01T01:46:09.263+0000] {logging_mixin.py:190} INFO - [2025-07-01T01:46:09.263+0000] {dag.py:3239} INFO - Sync 1 DAGs
[2025-07-01T01:46:09.277+0000] {logging_mixin.py:190} INFO - [2025-07-01T01:46:09.277+0000] {dag.py:4180} INFO - Setting next_dagrun for example_setup_teardown to None, run_after=None
[2025-07-01T01:46:09.305+0000] {processor.py:208} INFO - Processing /home/airflow/.local/lib/python3.12/site-packages/airflow/example_dags/example_setup_teardown.py took 0.088 seconds
[2025-07-01T01:46:39.677+0000] {processor.py:186} INFO - Started process (PID=4917) to work on /home/airflow/.local/lib/python3.12/site-packages/airflow/example_dags/example_setup_teardown.py
[2025-07-01T01:46:39.678+0000] {processor.py:914} INFO - Processing file /home/airflow/.local/lib/python3.12/site-packages/airflow/example_dags/example_setup_teardown.py for tasks to queue
[2025-07-01T01:46:39.681+0000] {logging_mixin.py:190} INFO - [2025-07-01T01:46:39.680+0000] {dagbag.py:588} INFO - Filling up the DagBag from /home/airflow/.local/lib/python3.12/site-packages/airflow/example_dags/example_setup_teardown.py
[2025-07-01T01:46:39.689+0000] {processor.py:925} INFO - DAG(s) 'example_setup_teardown' retrieved from /home/airflow/.local/lib/python3.12/site-packages/airflow/example_dags/example_setup_teardown.py
[2025-07-01T01:46:39.710+0000] {logging_mixin.py:190} INFO - [2025-07-01T01:46:39.710+0000] {dag.py:3239} INFO - Sync 1 DAGs
[2025-07-01T01:46:39.724+0000] {logging_mixin.py:190} INFO - [2025-07-01T01:46:39.724+0000] {dag.py:4180} INFO - Setting next_dagrun for example_setup_teardown to None, run_after=None
[2025-07-01T01:46:39.751+0000] {processor.py:208} INFO - Processing /home/airflow/.local/lib/python3.12/site-packages/airflow/example_dags/example_setup_teardown.py took 0.080 seconds
[2025-07-01T01:47:10.175+0000] {processor.py:186} INFO - Started process (PID=4979) to work on /home/airflow/.local/lib/python3.12/site-packages/airflow/example_dags/example_setup_teardown.py
[2025-07-01T01:47:10.176+0000] {processor.py:914} INFO - Processing file /home/airflow/.local/lib/python3.12/site-packages/airflow/example_dags/example_setup_teardown.py for tasks to queue
[2025-07-01T01:47:10.178+0000] {logging_mixin.py:190} INFO - [2025-07-01T01:47:10.178+0000] {dagbag.py:588} INFO - Filling up the DagBag from /home/airflow/.local/lib/python3.12/site-packages/airflow/example_dags/example_setup_teardown.py
[2025-07-01T01:47:10.187+0000] {processor.py:925} INFO - DAG(s) 'example_setup_teardown' retrieved from /home/airflow/.local/lib/python3.12/site-packages/airflow/example_dags/example_setup_teardown.py
[2025-07-01T01:47:10.208+0000] {logging_mixin.py:190} INFO - [2025-07-01T01:47:10.208+0000] {dag.py:3239} INFO - Sync 1 DAGs
[2025-07-01T01:47:10.227+0000] {logging_mixin.py:190} INFO - [2025-07-01T01:47:10.227+0000] {dag.py:4180} INFO - Setting next_dagrun for example_setup_teardown to None, run_after=None
[2025-07-01T01:47:10.243+0000] {processor.py:208} INFO - Processing /home/airflow/.local/lib/python3.12/site-packages/airflow/example_dags/example_setup_teardown.py took 0.074 seconds
[2025-07-01T01:47:40.891+0000] {processor.py:186} INFO - Started process (PID=5041) to work on /home/airflow/.local/lib/python3.12/site-packages/airflow/example_dags/example_setup_teardown.py
[2025-07-01T01:47:40.892+0000] {processor.py:914} INFO - Processing file /home/airflow/.local/lib/python3.12/site-packages/airflow/example_dags/example_setup_teardown.py for tasks to queue
[2025-07-01T01:47:40.895+0000] {logging_mixin.py:190} INFO - [2025-07-01T01:47:40.894+0000] {dagbag.py:588} INFO - Filling up the DagBag from /home/airflow/.local/lib/python3.12/site-packages/airflow/example_dags/example_setup_teardown.py
[2025-07-01T01:47:40.904+0000] {processor.py:925} INFO - DAG(s) 'example_setup_teardown' retrieved from /home/airflow/.local/lib/python3.12/site-packages/airflow/example_dags/example_setup_teardown.py
[2025-07-01T01:47:40.929+0000] {logging_mixin.py:190} INFO - [2025-07-01T01:47:40.928+0000] {dag.py:3239} INFO - Sync 1 DAGs
[2025-07-01T01:47:40.953+0000] {logging_mixin.py:190} INFO - [2025-07-01T01:47:40.953+0000] {dag.py:4180} INFO - Setting next_dagrun for example_setup_teardown to None, run_after=None
[2025-07-01T01:47:40.991+0000] {processor.py:208} INFO - Processing /home/airflow/.local/lib/python3.12/site-packages/airflow/example_dags/example_setup_teardown.py took 0.106 seconds
[2025-07-01T01:48:11.069+0000] {processor.py:186} INFO - Started process (PID=5103) to work on /home/airflow/.local/lib/python3.12/site-packages/airflow/example_dags/example_setup_teardown.py
[2025-07-01T01:48:11.070+0000] {processor.py:914} INFO - Processing file /home/airflow/.local/lib/python3.12/site-packages/airflow/example_dags/example_setup_teardown.py for tasks to queue
[2025-07-01T01:48:11.072+0000] {logging_mixin.py:190} INFO - [2025-07-01T01:48:11.072+0000] {dagbag.py:588} INFO - Filling up the DagBag from /home/airflow/.local/lib/python3.12/site-packages/airflow/example_dags/example_setup_teardown.py
[2025-07-01T01:48:11.081+0000] {processor.py:925} INFO - DAG(s) 'example_setup_teardown' retrieved from /home/airflow/.local/lib/python3.12/site-packages/airflow/example_dags/example_setup_teardown.py
[2025-07-01T01:48:11.102+0000] {logging_mixin.py:190} INFO - [2025-07-01T01:48:11.102+0000] {dag.py:3239} INFO - Sync 1 DAGs
[2025-07-01T01:48:11.116+0000] {logging_mixin.py:190} INFO - [2025-07-01T01:48:11.116+0000] {dag.py:4180} INFO - Setting next_dagrun for example_setup_teardown to None, run_after=None
[2025-07-01T01:48:11.133+0000] {processor.py:208} INFO - Processing /home/airflow/.local/lib/python3.12/site-packages/airflow/example_dags/example_setup_teardown.py took 0.071 seconds
[2025-07-01T01:48:41.179+0000] {processor.py:186} INFO - Started process (PID=5165) to work on /home/airflow/.local/lib/python3.12/site-packages/airflow/example_dags/example_setup_teardown.py
[2025-07-01T01:48:41.180+0000] {processor.py:914} INFO - Processing file /home/airflow/.local/lib/python3.12/site-packages/airflow/example_dags/example_setup_teardown.py for tasks to queue
[2025-07-01T01:48:41.183+0000] {logging_mixin.py:190} INFO - [2025-07-01T01:48:41.182+0000] {dagbag.py:588} INFO - Filling up the DagBag from /home/airflow/.local/lib/python3.12/site-packages/airflow/example_dags/example_setup_teardown.py
[2025-07-01T01:48:41.192+0000] {processor.py:925} INFO - DAG(s) 'example_setup_teardown' retrieved from /home/airflow/.local/lib/python3.12/site-packages/airflow/example_dags/example_setup_teardown.py
[2025-07-01T01:48:41.216+0000] {logging_mixin.py:190} INFO - [2025-07-01T01:48:41.215+0000] {dag.py:3239} INFO - Sync 1 DAGs
[2025-07-01T01:48:41.229+0000] {logging_mixin.py:190} INFO - [2025-07-01T01:48:41.229+0000] {dag.py:4180} INFO - Setting next_dagrun for example_setup_teardown to None, run_after=None
[2025-07-01T01:48:41.247+0000] {processor.py:208} INFO - Processing /home/airflow/.local/lib/python3.12/site-packages/airflow/example_dags/example_setup_teardown.py took 0.074 seconds
[2025-07-01T01:49:12.114+0000] {processor.py:186} INFO - Started process (PID=5227) to work on /home/airflow/.local/lib/python3.12/site-packages/airflow/example_dags/example_setup_teardown.py
[2025-07-01T01:49:12.115+0000] {processor.py:914} INFO - Processing file /home/airflow/.local/lib/python3.12/site-packages/airflow/example_dags/example_setup_teardown.py for tasks to queue
[2025-07-01T01:49:12.119+0000] {logging_mixin.py:190} INFO - [2025-07-01T01:49:12.118+0000] {dagbag.py:588} INFO - Filling up the DagBag from /home/airflow/.local/lib/python3.12/site-packages/airflow/example_dags/example_setup_teardown.py
[2025-07-01T01:49:12.128+0000] {processor.py:925} INFO - DAG(s) 'example_setup_teardown' retrieved from /home/airflow/.local/lib/python3.12/site-packages/airflow/example_dags/example_setup_teardown.py
[2025-07-01T01:49:12.148+0000] {logging_mixin.py:190} INFO - [2025-07-01T01:49:12.148+0000] {dag.py:3239} INFO - Sync 1 DAGs
[2025-07-01T01:49:12.165+0000] {logging_mixin.py:190} INFO - [2025-07-01T01:49:12.165+0000] {dag.py:4180} INFO - Setting next_dagrun for example_setup_teardown to None, run_after=None
[2025-07-01T01:49:12.182+0000] {processor.py:208} INFO - Processing /home/airflow/.local/lib/python3.12/site-packages/airflow/example_dags/example_setup_teardown.py took 0.075 seconds
[2025-07-01T01:49:42.849+0000] {processor.py:186} INFO - Started process (PID=5289) to work on /home/airflow/.local/lib/python3.12/site-packages/airflow/example_dags/example_setup_teardown.py
[2025-07-01T01:49:42.850+0000] {processor.py:914} INFO - Processing file /home/airflow/.local/lib/python3.12/site-packages/airflow/example_dags/example_setup_teardown.py for tasks to queue
[2025-07-01T01:49:42.853+0000] {logging_mixin.py:190} INFO - [2025-07-01T01:49:42.852+0000] {dagbag.py:588} INFO - Filling up the DagBag from /home/airflow/.local/lib/python3.12/site-packages/airflow/example_dags/example_setup_teardown.py
[2025-07-01T01:49:42.861+0000] {processor.py:925} INFO - DAG(s) 'example_setup_teardown' retrieved from /home/airflow/.local/lib/python3.12/site-packages/airflow/example_dags/example_setup_teardown.py
[2025-07-01T01:49:42.879+0000] {logging_mixin.py:190} INFO - [2025-07-01T01:49:42.879+0000] {dag.py:3239} INFO - Sync 1 DAGs
[2025-07-01T01:49:42.893+0000] {logging_mixin.py:190} INFO - [2025-07-01T01:49:42.893+0000] {dag.py:4180} INFO - Setting next_dagrun for example_setup_teardown to None, run_after=None
[2025-07-01T01:49:42.912+0000] {processor.py:208} INFO - Processing /home/airflow/.local/lib/python3.12/site-packages/airflow/example_dags/example_setup_teardown.py took 0.068 seconds
[2025-07-01T01:50:13.394+0000] {processor.py:186} INFO - Started process (PID=5351) to work on /home/airflow/.local/lib/python3.12/site-packages/airflow/example_dags/example_setup_teardown.py
[2025-07-01T01:50:13.395+0000] {processor.py:914} INFO - Processing file /home/airflow/.local/lib/python3.12/site-packages/airflow/example_dags/example_setup_teardown.py for tasks to queue
[2025-07-01T01:50:13.399+0000] {logging_mixin.py:190} INFO - [2025-07-01T01:50:13.399+0000] {dagbag.py:588} INFO - Filling up the DagBag from /home/airflow/.local/lib/python3.12/site-packages/airflow/example_dags/example_setup_teardown.py
[2025-07-01T01:50:13.412+0000] {processor.py:925} INFO - DAG(s) 'example_setup_teardown' retrieved from /home/airflow/.local/lib/python3.12/site-packages/airflow/example_dags/example_setup_teardown.py
[2025-07-01T01:50:13.438+0000] {logging_mixin.py:190} INFO - [2025-07-01T01:50:13.438+0000] {dag.py:3239} INFO - Sync 1 DAGs
[2025-07-01T01:50:13.454+0000] {logging_mixin.py:190} INFO - [2025-07-01T01:50:13.454+0000] {dag.py:4180} INFO - Setting next_dagrun for example_setup_teardown to None, run_after=None
[2025-07-01T01:50:13.476+0000] {processor.py:208} INFO - Processing /home/airflow/.local/lib/python3.12/site-packages/airflow/example_dags/example_setup_teardown.py took 0.089 seconds
[2025-07-01T01:50:44.506+0000] {processor.py:186} INFO - Started process (PID=5413) to work on /home/airflow/.local/lib/python3.12/site-packages/airflow/example_dags/example_setup_teardown.py
[2025-07-01T01:50:44.508+0000] {processor.py:914} INFO - Processing file /home/airflow/.local/lib/python3.12/site-packages/airflow/example_dags/example_setup_teardown.py for tasks to queue
[2025-07-01T01:50:44.512+0000] {logging_mixin.py:190} INFO - [2025-07-01T01:50:44.512+0000] {dagbag.py:588} INFO - Filling up the DagBag from /home/airflow/.local/lib/python3.12/site-packages/airflow/example_dags/example_setup_teardown.py
[2025-07-01T01:50:44.530+0000] {processor.py:925} INFO - DAG(s) 'example_setup_teardown' retrieved from /home/airflow/.local/lib/python3.12/site-packages/airflow/example_dags/example_setup_teardown.py
[2025-07-01T01:50:44.560+0000] {logging_mixin.py:190} INFO - [2025-07-01T01:50:44.559+0000] {dag.py:3239} INFO - Sync 1 DAGs
[2025-07-01T01:50:44.583+0000] {logging_mixin.py:190} INFO - [2025-07-01T01:50:44.582+0000] {dag.py:4180} INFO - Setting next_dagrun for example_setup_teardown to None, run_after=None
[2025-07-01T01:50:44.605+0000] {processor.py:208} INFO - Processing /home/airflow/.local/lib/python3.12/site-packages/airflow/example_dags/example_setup_teardown.py took 0.111 seconds
[2025-07-01T01:51:14.962+0000] {processor.py:186} INFO - Started process (PID=5475) to work on /home/airflow/.local/lib/python3.12/site-packages/airflow/example_dags/example_setup_teardown.py
[2025-07-01T01:51:14.963+0000] {processor.py:914} INFO - Processing file /home/airflow/.local/lib/python3.12/site-packages/airflow/example_dags/example_setup_teardown.py for tasks to queue
[2025-07-01T01:51:14.966+0000] {logging_mixin.py:190} INFO - [2025-07-01T01:51:14.966+0000] {dagbag.py:588} INFO - Filling up the DagBag from /home/airflow/.local/lib/python3.12/site-packages/airflow/example_dags/example_setup_teardown.py
[2025-07-01T01:51:14.974+0000] {processor.py:925} INFO - DAG(s) 'example_setup_teardown' retrieved from /home/airflow/.local/lib/python3.12/site-packages/airflow/example_dags/example_setup_teardown.py
[2025-07-01T01:51:14.994+0000] {logging_mixin.py:190} INFO - [2025-07-01T01:51:14.994+0000] {dag.py:3239} INFO - Sync 1 DAGs
[2025-07-01T01:51:15.008+0000] {logging_mixin.py:190} INFO - [2025-07-01T01:51:15.008+0000] {dag.py:4180} INFO - Setting next_dagrun for example_setup_teardown to None, run_after=None
[2025-07-01T01:51:15.030+0000] {processor.py:208} INFO - Processing /home/airflow/.local/lib/python3.12/site-packages/airflow/example_dags/example_setup_teardown.py took 0.073 seconds
[2025-07-01T01:51:45.786+0000] {processor.py:186} INFO - Started process (PID=5537) to work on /home/airflow/.local/lib/python3.12/site-packages/airflow/example_dags/example_setup_teardown.py
[2025-07-01T01:51:45.787+0000] {processor.py:914} INFO - Processing file /home/airflow/.local/lib/python3.12/site-packages/airflow/example_dags/example_setup_teardown.py for tasks to queue
[2025-07-01T01:51:45.790+0000] {logging_mixin.py:190} INFO - [2025-07-01T01:51:45.789+0000] {dagbag.py:588} INFO - Filling up the DagBag from /home/airflow/.local/lib/python3.12/site-packages/airflow/example_dags/example_setup_teardown.py
[2025-07-01T01:51:45.799+0000] {processor.py:925} INFO - DAG(s) 'example_setup_teardown' retrieved from /home/airflow/.local/lib/python3.12/site-packages/airflow/example_dags/example_setup_teardown.py
[2025-07-01T01:51:45.819+0000] {logging_mixin.py:190} INFO - [2025-07-01T01:51:45.818+0000] {dag.py:3239} INFO - Sync 1 DAGs
[2025-07-01T01:51:45.833+0000] {logging_mixin.py:190} INFO - [2025-07-01T01:51:45.832+0000] {dag.py:4180} INFO - Setting next_dagrun for example_setup_teardown to None, run_after=None
[2025-07-01T01:51:45.858+0000] {processor.py:208} INFO - Processing /home/airflow/.local/lib/python3.12/site-packages/airflow/example_dags/example_setup_teardown.py took 0.079 seconds
[2025-07-01T01:52:16.044+0000] {processor.py:186} INFO - Started process (PID=5599) to work on /home/airflow/.local/lib/python3.12/site-packages/airflow/example_dags/example_setup_teardown.py
[2025-07-01T01:52:16.045+0000] {processor.py:914} INFO - Processing file /home/airflow/.local/lib/python3.12/site-packages/airflow/example_dags/example_setup_teardown.py for tasks to queue
[2025-07-01T01:52:16.048+0000] {logging_mixin.py:190} INFO - [2025-07-01T01:52:16.047+0000] {dagbag.py:588} INFO - Filling up the DagBag from /home/airflow/.local/lib/python3.12/site-packages/airflow/example_dags/example_setup_teardown.py
[2025-07-01T01:52:16.058+0000] {processor.py:925} INFO - DAG(s) 'example_setup_teardown' retrieved from /home/airflow/.local/lib/python3.12/site-packages/airflow/example_dags/example_setup_teardown.py
[2025-07-01T01:52:16.083+0000] {logging_mixin.py:190} INFO - [2025-07-01T01:52:16.082+0000] {dag.py:3239} INFO - Sync 1 DAGs
[2025-07-01T01:52:16.102+0000] {logging_mixin.py:190} INFO - [2025-07-01T01:52:16.102+0000] {dag.py:4180} INFO - Setting next_dagrun for example_setup_teardown to None, run_after=None
[2025-07-01T01:52:16.126+0000] {processor.py:208} INFO - Processing /home/airflow/.local/lib/python3.12/site-packages/airflow/example_dags/example_setup_teardown.py took 0.090 seconds
[2025-07-01T01:52:46.217+0000] {processor.py:186} INFO - Started process (PID=5661) to work on /home/airflow/.local/lib/python3.12/site-packages/airflow/example_dags/example_setup_teardown.py
[2025-07-01T01:52:46.218+0000] {processor.py:914} INFO - Processing file /home/airflow/.local/lib/python3.12/site-packages/airflow/example_dags/example_setup_teardown.py for tasks to queue
[2025-07-01T01:52:46.220+0000] {logging_mixin.py:190} INFO - [2025-07-01T01:52:46.220+0000] {dagbag.py:588} INFO - Filling up the DagBag from /home/airflow/.local/lib/python3.12/site-packages/airflow/example_dags/example_setup_teardown.py
[2025-07-01T01:52:46.229+0000] {processor.py:925} INFO - DAG(s) 'example_setup_teardown' retrieved from /home/airflow/.local/lib/python3.12/site-packages/airflow/example_dags/example_setup_teardown.py
[2025-07-01T01:52:46.250+0000] {logging_mixin.py:190} INFO - [2025-07-01T01:52:46.249+0000] {dag.py:3239} INFO - Sync 1 DAGs
[2025-07-01T01:52:46.264+0000] {logging_mixin.py:190} INFO - [2025-07-01T01:52:46.264+0000] {dag.py:4180} INFO - Setting next_dagrun for example_setup_teardown to None, run_after=None
[2025-07-01T01:52:46.282+0000] {processor.py:208} INFO - Processing /home/airflow/.local/lib/python3.12/site-packages/airflow/example_dags/example_setup_teardown.py took 0.071 seconds
[2025-07-01T01:53:16.379+0000] {processor.py:186} INFO - Started process (PID=5723) to work on /home/airflow/.local/lib/python3.12/site-packages/airflow/example_dags/example_setup_teardown.py
[2025-07-01T01:53:16.380+0000] {processor.py:914} INFO - Processing file /home/airflow/.local/lib/python3.12/site-packages/airflow/example_dags/example_setup_teardown.py for tasks to queue
[2025-07-01T01:53:16.382+0000] {logging_mixin.py:190} INFO - [2025-07-01T01:53:16.382+0000] {dagbag.py:588} INFO - Filling up the DagBag from /home/airflow/.local/lib/python3.12/site-packages/airflow/example_dags/example_setup_teardown.py
[2025-07-01T01:53:16.391+0000] {processor.py:925} INFO - DAG(s) 'example_setup_teardown' retrieved from /home/airflow/.local/lib/python3.12/site-packages/airflow/example_dags/example_setup_teardown.py
[2025-07-01T01:53:16.413+0000] {logging_mixin.py:190} INFO - [2025-07-01T01:53:16.413+0000] {dag.py:3239} INFO - Sync 1 DAGs
[2025-07-01T01:53:16.428+0000] {logging_mixin.py:190} INFO - [2025-07-01T01:53:16.428+0000] {dag.py:4180} INFO - Setting next_dagrun for example_setup_teardown to None, run_after=None
[2025-07-01T01:53:16.445+0000] {processor.py:208} INFO - Processing /home/airflow/.local/lib/python3.12/site-packages/airflow/example_dags/example_setup_teardown.py took 0.073 seconds
[2025-07-01T01:53:46.810+0000] {processor.py:186} INFO - Started process (PID=5785) to work on /home/airflow/.local/lib/python3.12/site-packages/airflow/example_dags/example_setup_teardown.py
[2025-07-01T01:53:46.811+0000] {processor.py:914} INFO - Processing file /home/airflow/.local/lib/python3.12/site-packages/airflow/example_dags/example_setup_teardown.py for tasks to queue
[2025-07-01T01:53:46.814+0000] {logging_mixin.py:190} INFO - [2025-07-01T01:53:46.814+0000] {dagbag.py:588} INFO - Filling up the DagBag from /home/airflow/.local/lib/python3.12/site-packages/airflow/example_dags/example_setup_teardown.py
[2025-07-01T01:53:46.823+0000] {processor.py:925} INFO - DAG(s) 'example_setup_teardown' retrieved from /home/airflow/.local/lib/python3.12/site-packages/airflow/example_dags/example_setup_teardown.py
[2025-07-01T01:53:46.842+0000] {logging_mixin.py:190} INFO - [2025-07-01T01:53:46.842+0000] {dag.py:3239} INFO - Sync 1 DAGs
[2025-07-01T01:53:46.856+0000] {logging_mixin.py:190} INFO - [2025-07-01T01:53:46.856+0000] {dag.py:4180} INFO - Setting next_dagrun for example_setup_teardown to None, run_after=None
[2025-07-01T01:53:46.872+0000] {processor.py:208} INFO - Processing /home/airflow/.local/lib/python3.12/site-packages/airflow/example_dags/example_setup_teardown.py took 0.068 seconds
[2025-07-01T01:54:17.082+0000] {processor.py:186} INFO - Started process (PID=5847) to work on /home/airflow/.local/lib/python3.12/site-packages/airflow/example_dags/example_setup_teardown.py
[2025-07-01T01:54:17.083+0000] {processor.py:914} INFO - Processing file /home/airflow/.local/lib/python3.12/site-packages/airflow/example_dags/example_setup_teardown.py for tasks to queue
[2025-07-01T01:54:17.086+0000] {logging_mixin.py:190} INFO - [2025-07-01T01:54:17.086+0000] {dagbag.py:588} INFO - Filling up the DagBag from /home/airflow/.local/lib/python3.12/site-packages/airflow/example_dags/example_setup_teardown.py
[2025-07-01T01:54:17.094+0000] {processor.py:925} INFO - DAG(s) 'example_setup_teardown' retrieved from /home/airflow/.local/lib/python3.12/site-packages/airflow/example_dags/example_setup_teardown.py
[2025-07-01T01:54:17.114+0000] {logging_mixin.py:190} INFO - [2025-07-01T01:54:17.113+0000] {dag.py:3239} INFO - Sync 1 DAGs
[2025-07-01T01:54:17.127+0000] {logging_mixin.py:190} INFO - [2025-07-01T01:54:17.126+0000] {dag.py:4180} INFO - Setting next_dagrun for example_setup_teardown to None, run_after=None
[2025-07-01T01:54:17.143+0000] {processor.py:208} INFO - Processing /home/airflow/.local/lib/python3.12/site-packages/airflow/example_dags/example_setup_teardown.py took 0.067 seconds
[2025-07-01T01:54:47.371+0000] {processor.py:186} INFO - Started process (PID=5909) to work on /home/airflow/.local/lib/python3.12/site-packages/airflow/example_dags/example_setup_teardown.py
[2025-07-01T01:54:47.372+0000] {processor.py:914} INFO - Processing file /home/airflow/.local/lib/python3.12/site-packages/airflow/example_dags/example_setup_teardown.py for tasks to queue
[2025-07-01T01:54:47.374+0000] {logging_mixin.py:190} INFO - [2025-07-01T01:54:47.374+0000] {dagbag.py:588} INFO - Filling up the DagBag from /home/airflow/.local/lib/python3.12/site-packages/airflow/example_dags/example_setup_teardown.py
[2025-07-01T01:54:47.382+0000] {processor.py:925} INFO - DAG(s) 'example_setup_teardown' retrieved from /home/airflow/.local/lib/python3.12/site-packages/airflow/example_dags/example_setup_teardown.py
[2025-07-01T01:54:47.402+0000] {logging_mixin.py:190} INFO - [2025-07-01T01:54:47.402+0000] {dag.py:3239} INFO - Sync 1 DAGs
[2025-07-01T01:54:47.416+0000] {logging_mixin.py:190} INFO - [2025-07-01T01:54:47.415+0000] {dag.py:4180} INFO - Setting next_dagrun for example_setup_teardown to None, run_after=None
[2025-07-01T01:54:47.433+0000] {processor.py:208} INFO - Processing /home/airflow/.local/lib/python3.12/site-packages/airflow/example_dags/example_setup_teardown.py took 0.068 seconds
[2025-07-01T01:55:18.158+0000] {processor.py:186} INFO - Started process (PID=5971) to work on /home/airflow/.local/lib/python3.12/site-packages/airflow/example_dags/example_setup_teardown.py
[2025-07-01T01:55:18.161+0000] {processor.py:914} INFO - Processing file /home/airflow/.local/lib/python3.12/site-packages/airflow/example_dags/example_setup_teardown.py for tasks to queue
[2025-07-01T01:55:18.165+0000] {logging_mixin.py:190} INFO - [2025-07-01T01:55:18.165+0000] {dagbag.py:588} INFO - Filling up the DagBag from /home/airflow/.local/lib/python3.12/site-packages/airflow/example_dags/example_setup_teardown.py
[2025-07-01T01:55:18.173+0000] {processor.py:925} INFO - DAG(s) 'example_setup_teardown' retrieved from /home/airflow/.local/lib/python3.12/site-packages/airflow/example_dags/example_setup_teardown.py
[2025-07-01T01:55:18.192+0000] {logging_mixin.py:190} INFO - [2025-07-01T01:55:18.192+0000] {dag.py:3239} INFO - Sync 1 DAGs
[2025-07-01T01:55:18.206+0000] {logging_mixin.py:190} INFO - [2025-07-01T01:55:18.206+0000] {dag.py:4180} INFO - Setting next_dagrun for example_setup_teardown to None, run_after=None
[2025-07-01T01:55:18.222+0000] {processor.py:208} INFO - Processing /home/airflow/.local/lib/python3.12/site-packages/airflow/example_dags/example_setup_teardown.py took 0.072 seconds
[2025-07-01T01:55:49.044+0000] {processor.py:186} INFO - Started process (PID=6033) to work on /home/airflow/.local/lib/python3.12/site-packages/airflow/example_dags/example_setup_teardown.py
[2025-07-01T01:55:49.045+0000] {processor.py:914} INFO - Processing file /home/airflow/.local/lib/python3.12/site-packages/airflow/example_dags/example_setup_teardown.py for tasks to queue
[2025-07-01T01:55:49.049+0000] {logging_mixin.py:190} INFO - [2025-07-01T01:55:49.049+0000] {dagbag.py:588} INFO - Filling up the DagBag from /home/airflow/.local/lib/python3.12/site-packages/airflow/example_dags/example_setup_teardown.py
[2025-07-01T01:55:49.059+0000] {processor.py:925} INFO - DAG(s) 'example_setup_teardown' retrieved from /home/airflow/.local/lib/python3.12/site-packages/airflow/example_dags/example_setup_teardown.py
[2025-07-01T01:55:49.078+0000] {logging_mixin.py:190} INFO - [2025-07-01T01:55:49.078+0000] {dag.py:3239} INFO - Sync 1 DAGs
[2025-07-01T01:55:49.091+0000] {logging_mixin.py:190} INFO - [2025-07-01T01:55:49.091+0000] {dag.py:4180} INFO - Setting next_dagrun for example_setup_teardown to None, run_after=None
[2025-07-01T01:55:49.108+0000] {processor.py:208} INFO - Processing /home/airflow/.local/lib/python3.12/site-packages/airflow/example_dags/example_setup_teardown.py took 0.071 seconds
[2025-07-01T01:56:19.972+0000] {processor.py:186} INFO - Started process (PID=6095) to work on /home/airflow/.local/lib/python3.12/site-packages/airflow/example_dags/example_setup_teardown.py
[2025-07-01T01:56:19.973+0000] {processor.py:914} INFO - Processing file /home/airflow/.local/lib/python3.12/site-packages/airflow/example_dags/example_setup_teardown.py for tasks to queue
[2025-07-01T01:56:19.976+0000] {logging_mixin.py:190} INFO - [2025-07-01T01:56:19.976+0000] {dagbag.py:588} INFO - Filling up the DagBag from /home/airflow/.local/lib/python3.12/site-packages/airflow/example_dags/example_setup_teardown.py
[2025-07-01T01:56:19.986+0000] {processor.py:925} INFO - DAG(s) 'example_setup_teardown' retrieved from /home/airflow/.local/lib/python3.12/site-packages/airflow/example_dags/example_setup_teardown.py
[2025-07-01T01:56:20.007+0000] {logging_mixin.py:190} INFO - [2025-07-01T01:56:20.007+0000] {dag.py:3239} INFO - Sync 1 DAGs
[2025-07-01T01:56:20.020+0000] {logging_mixin.py:190} INFO - [2025-07-01T01:56:20.020+0000] {dag.py:4180} INFO - Setting next_dagrun for example_setup_teardown to None, run_after=None
[2025-07-01T01:56:20.038+0000] {processor.py:208} INFO - Processing /home/airflow/.local/lib/python3.12/site-packages/airflow/example_dags/example_setup_teardown.py took 0.073 seconds
[2025-07-01T01:56:50.086+0000] {processor.py:186} INFO - Started process (PID=6157) to work on /home/airflow/.local/lib/python3.12/site-packages/airflow/example_dags/example_setup_teardown.py
[2025-07-01T01:56:50.087+0000] {processor.py:914} INFO - Processing file /home/airflow/.local/lib/python3.12/site-packages/airflow/example_dags/example_setup_teardown.py for tasks to queue
[2025-07-01T01:56:50.089+0000] {logging_mixin.py:190} INFO - [2025-07-01T01:56:50.089+0000] {dagbag.py:588} INFO - Filling up the DagBag from /home/airflow/.local/lib/python3.12/site-packages/airflow/example_dags/example_setup_teardown.py
[2025-07-01T01:56:50.098+0000] {processor.py:925} INFO - DAG(s) 'example_setup_teardown' retrieved from /home/airflow/.local/lib/python3.12/site-packages/airflow/example_dags/example_setup_teardown.py
[2025-07-01T01:56:50.117+0000] {logging_mixin.py:190} INFO - [2025-07-01T01:56:50.117+0000] {dag.py:3239} INFO - Sync 1 DAGs
[2025-07-01T01:56:50.130+0000] {logging_mixin.py:190} INFO - [2025-07-01T01:56:50.130+0000] {dag.py:4180} INFO - Setting next_dagrun for example_setup_teardown to None, run_after=None
[2025-07-01T01:56:50.147+0000] {processor.py:208} INFO - Processing /home/airflow/.local/lib/python3.12/site-packages/airflow/example_dags/example_setup_teardown.py took 0.068 seconds
[2025-07-01T01:57:20.303+0000] {processor.py:186} INFO - Started process (PID=6219) to work on /home/airflow/.local/lib/python3.12/site-packages/airflow/example_dags/example_setup_teardown.py
[2025-07-01T01:57:20.304+0000] {processor.py:914} INFO - Processing file /home/airflow/.local/lib/python3.12/site-packages/airflow/example_dags/example_setup_teardown.py for tasks to queue
[2025-07-01T01:57:20.307+0000] {logging_mixin.py:190} INFO - [2025-07-01T01:57:20.306+0000] {dagbag.py:588} INFO - Filling up the DagBag from /home/airflow/.local/lib/python3.12/site-packages/airflow/example_dags/example_setup_teardown.py
[2025-07-01T01:57:20.316+0000] {processor.py:925} INFO - DAG(s) 'example_setup_teardown' retrieved from /home/airflow/.local/lib/python3.12/site-packages/airflow/example_dags/example_setup_teardown.py
[2025-07-01T01:57:20.336+0000] {logging_mixin.py:190} INFO - [2025-07-01T01:57:20.336+0000] {dag.py:3239} INFO - Sync 1 DAGs
[2025-07-01T01:57:20.351+0000] {logging_mixin.py:190} INFO - [2025-07-01T01:57:20.351+0000] {dag.py:4180} INFO - Setting next_dagrun for example_setup_teardown to None, run_after=None
[2025-07-01T01:57:20.369+0000] {processor.py:208} INFO - Processing /home/airflow/.local/lib/python3.12/site-packages/airflow/example_dags/example_setup_teardown.py took 0.072 seconds
[2025-07-01T01:57:51.323+0000] {processor.py:186} INFO - Started process (PID=6281) to work on /home/airflow/.local/lib/python3.12/site-packages/airflow/example_dags/example_setup_teardown.py
[2025-07-01T01:57:51.325+0000] {processor.py:914} INFO - Processing file /home/airflow/.local/lib/python3.12/site-packages/airflow/example_dags/example_setup_teardown.py for tasks to queue
[2025-07-01T01:57:51.328+0000] {logging_mixin.py:190} INFO - [2025-07-01T01:57:51.328+0000] {dagbag.py:588} INFO - Filling up the DagBag from /home/airflow/.local/lib/python3.12/site-packages/airflow/example_dags/example_setup_teardown.py
[2025-07-01T01:57:51.339+0000] {processor.py:925} INFO - DAG(s) 'example_setup_teardown' retrieved from /home/airflow/.local/lib/python3.12/site-packages/airflow/example_dags/example_setup_teardown.py
[2025-07-01T01:57:51.359+0000] {logging_mixin.py:190} INFO - [2025-07-01T01:57:51.359+0000] {dag.py:3239} INFO - Sync 1 DAGs
[2025-07-01T01:57:51.373+0000] {logging_mixin.py:190} INFO - [2025-07-01T01:57:51.373+0000] {dag.py:4180} INFO - Setting next_dagrun for example_setup_teardown to None, run_after=None
[2025-07-01T01:57:51.389+0000] {processor.py:208} INFO - Processing /home/airflow/.local/lib/python3.12/site-packages/airflow/example_dags/example_setup_teardown.py took 0.073 seconds
[2025-07-01T01:58:22.084+0000] {processor.py:186} INFO - Started process (PID=6341) to work on /home/airflow/.local/lib/python3.12/site-packages/airflow/example_dags/example_setup_teardown.py
[2025-07-01T01:58:22.085+0000] {processor.py:914} INFO - Processing file /home/airflow/.local/lib/python3.12/site-packages/airflow/example_dags/example_setup_teardown.py for tasks to queue
[2025-07-01T01:58:22.088+0000] {logging_mixin.py:190} INFO - [2025-07-01T01:58:22.087+0000] {dagbag.py:588} INFO - Filling up the DagBag from /home/airflow/.local/lib/python3.12/site-packages/airflow/example_dags/example_setup_teardown.py
[2025-07-01T01:58:22.097+0000] {processor.py:925} INFO - DAG(s) 'example_setup_teardown' retrieved from /home/airflow/.local/lib/python3.12/site-packages/airflow/example_dags/example_setup_teardown.py
[2025-07-01T01:58:22.119+0000] {logging_mixin.py:190} INFO - [2025-07-01T01:58:22.119+0000] {dag.py:3239} INFO - Sync 1 DAGs
[2025-07-01T01:58:22.134+0000] {logging_mixin.py:190} INFO - [2025-07-01T01:58:22.134+0000] {dag.py:4180} INFO - Setting next_dagrun for example_setup_teardown to None, run_after=None
[2025-07-01T01:58:22.153+0000] {processor.py:208} INFO - Processing /home/airflow/.local/lib/python3.12/site-packages/airflow/example_dags/example_setup_teardown.py took 0.075 seconds
[2025-07-01T01:58:52.443+0000] {processor.py:186} INFO - Started process (PID=6398) to work on /home/airflow/.local/lib/python3.12/site-packages/airflow/example_dags/example_setup_teardown.py
[2025-07-01T01:58:52.444+0000] {processor.py:914} INFO - Processing file /home/airflow/.local/lib/python3.12/site-packages/airflow/example_dags/example_setup_teardown.py for tasks to queue
[2025-07-01T01:58:52.446+0000] {logging_mixin.py:190} INFO - [2025-07-01T01:58:52.446+0000] {dagbag.py:588} INFO - Filling up the DagBag from /home/airflow/.local/lib/python3.12/site-packages/airflow/example_dags/example_setup_teardown.py
[2025-07-01T01:58:52.455+0000] {processor.py:925} INFO - DAG(s) 'example_setup_teardown' retrieved from /home/airflow/.local/lib/python3.12/site-packages/airflow/example_dags/example_setup_teardown.py
[2025-07-01T01:58:52.477+0000] {logging_mixin.py:190} INFO - [2025-07-01T01:58:52.477+0000] {dag.py:3239} INFO - Sync 1 DAGs
[2025-07-01T01:58:52.493+0000] {logging_mixin.py:190} INFO - [2025-07-01T01:58:52.493+0000] {dag.py:4180} INFO - Setting next_dagrun for example_setup_teardown to None, run_after=None
[2025-07-01T01:58:52.513+0000] {processor.py:208} INFO - Processing /home/airflow/.local/lib/python3.12/site-packages/airflow/example_dags/example_setup_teardown.py took 0.076 seconds
[2025-07-01T01:59:23.208+0000] {processor.py:186} INFO - Started process (PID=6460) to work on /home/airflow/.local/lib/python3.12/site-packages/airflow/example_dags/example_setup_teardown.py
[2025-07-01T01:59:23.209+0000] {processor.py:914} INFO - Processing file /home/airflow/.local/lib/python3.12/site-packages/airflow/example_dags/example_setup_teardown.py for tasks to queue
[2025-07-01T01:59:23.211+0000] {logging_mixin.py:190} INFO - [2025-07-01T01:59:23.211+0000] {dagbag.py:588} INFO - Filling up the DagBag from /home/airflow/.local/lib/python3.12/site-packages/airflow/example_dags/example_setup_teardown.py
[2025-07-01T01:59:23.220+0000] {processor.py:925} INFO - DAG(s) 'example_setup_teardown' retrieved from /home/airflow/.local/lib/python3.12/site-packages/airflow/example_dags/example_setup_teardown.py
[2025-07-01T01:59:23.241+0000] {logging_mixin.py:190} INFO - [2025-07-01T01:59:23.241+0000] {dag.py:3239} INFO - Sync 1 DAGs
[2025-07-01T01:59:23.255+0000] {logging_mixin.py:190} INFO - [2025-07-01T01:59:23.254+0000] {dag.py:4180} INFO - Setting next_dagrun for example_setup_teardown to None, run_after=None
[2025-07-01T01:59:23.273+0000] {processor.py:208} INFO - Processing /home/airflow/.local/lib/python3.12/site-packages/airflow/example_dags/example_setup_teardown.py took 0.071 seconds
[2025-07-01T01:59:54.190+0000] {processor.py:186} INFO - Started process (PID=6521) to work on /home/airflow/.local/lib/python3.12/site-packages/airflow/example_dags/example_setup_teardown.py
[2025-07-01T01:59:54.192+0000] {processor.py:914} INFO - Processing file /home/airflow/.local/lib/python3.12/site-packages/airflow/example_dags/example_setup_teardown.py for tasks to queue
[2025-07-01T01:59:54.194+0000] {logging_mixin.py:190} INFO - [2025-07-01T01:59:54.194+0000] {dagbag.py:588} INFO - Filling up the DagBag from /home/airflow/.local/lib/python3.12/site-packages/airflow/example_dags/example_setup_teardown.py
[2025-07-01T01:59:54.206+0000] {processor.py:925} INFO - DAG(s) 'example_setup_teardown' retrieved from /home/airflow/.local/lib/python3.12/site-packages/airflow/example_dags/example_setup_teardown.py
[2025-07-01T01:59:54.230+0000] {logging_mixin.py:190} INFO - [2025-07-01T01:59:54.229+0000] {dag.py:3239} INFO - Sync 1 DAGs
[2025-07-01T01:59:54.253+0000] {logging_mixin.py:190} INFO - [2025-07-01T01:59:54.252+0000] {dag.py:4180} INFO - Setting next_dagrun for example_setup_teardown to None, run_after=None
[2025-07-01T01:59:54.279+0000] {processor.py:208} INFO - Processing /home/airflow/.local/lib/python3.12/site-packages/airflow/example_dags/example_setup_teardown.py took 0.096 seconds
[2025-07-01T02:00:24.444+0000] {processor.py:186} INFO - Started process (PID=6583) to work on /home/airflow/.local/lib/python3.12/site-packages/airflow/example_dags/example_setup_teardown.py
[2025-07-01T02:00:24.445+0000] {processor.py:914} INFO - Processing file /home/airflow/.local/lib/python3.12/site-packages/airflow/example_dags/example_setup_teardown.py for tasks to queue
[2025-07-01T02:00:24.448+0000] {logging_mixin.py:190} INFO - [2025-07-01T02:00:24.447+0000] {dagbag.py:588} INFO - Filling up the DagBag from /home/airflow/.local/lib/python3.12/site-packages/airflow/example_dags/example_setup_teardown.py
[2025-07-01T02:00:24.458+0000] {processor.py:925} INFO - DAG(s) 'example_setup_teardown' retrieved from /home/airflow/.local/lib/python3.12/site-packages/airflow/example_dags/example_setup_teardown.py
[2025-07-01T02:00:24.478+0000] {logging_mixin.py:190} INFO - [2025-07-01T02:00:24.478+0000] {dag.py:3239} INFO - Sync 1 DAGs
[2025-07-01T02:00:24.493+0000] {logging_mixin.py:190} INFO - [2025-07-01T02:00:24.493+0000] {dag.py:4180} INFO - Setting next_dagrun for example_setup_teardown to None, run_after=None
[2025-07-01T02:00:24.511+0000] {processor.py:208} INFO - Processing /home/airflow/.local/lib/python3.12/site-packages/airflow/example_dags/example_setup_teardown.py took 0.073 seconds
[2025-07-01T02:00:55.528+0000] {processor.py:186} INFO - Started process (PID=6644) to work on /home/airflow/.local/lib/python3.12/site-packages/airflow/example_dags/example_setup_teardown.py
[2025-07-01T02:00:55.529+0000] {processor.py:914} INFO - Processing file /home/airflow/.local/lib/python3.12/site-packages/airflow/example_dags/example_setup_teardown.py for tasks to queue
[2025-07-01T02:00:55.531+0000] {logging_mixin.py:190} INFO - [2025-07-01T02:00:55.531+0000] {dagbag.py:588} INFO - Filling up the DagBag from /home/airflow/.local/lib/python3.12/site-packages/airflow/example_dags/example_setup_teardown.py
[2025-07-01T02:00:55.542+0000] {processor.py:925} INFO - DAG(s) 'example_setup_teardown' retrieved from /home/airflow/.local/lib/python3.12/site-packages/airflow/example_dags/example_setup_teardown.py
[2025-07-01T02:00:55.562+0000] {logging_mixin.py:190} INFO - [2025-07-01T02:00:55.562+0000] {dag.py:3239} INFO - Sync 1 DAGs
[2025-07-01T02:00:55.577+0000] {logging_mixin.py:190} INFO - [2025-07-01T02:00:55.576+0000] {dag.py:4180} INFO - Setting next_dagrun for example_setup_teardown to None, run_after=None
[2025-07-01T02:00:55.593+0000] {processor.py:208} INFO - Processing /home/airflow/.local/lib/python3.12/site-packages/airflow/example_dags/example_setup_teardown.py took 0.072 seconds
[2025-07-01T02:01:25.766+0000] {processor.py:186} INFO - Started process (PID=6706) to work on /home/airflow/.local/lib/python3.12/site-packages/airflow/example_dags/example_setup_teardown.py
[2025-07-01T02:01:25.768+0000] {processor.py:914} INFO - Processing file /home/airflow/.local/lib/python3.12/site-packages/airflow/example_dags/example_setup_teardown.py for tasks to queue
[2025-07-01T02:01:25.770+0000] {logging_mixin.py:190} INFO - [2025-07-01T02:01:25.770+0000] {dagbag.py:588} INFO - Filling up the DagBag from /home/airflow/.local/lib/python3.12/site-packages/airflow/example_dags/example_setup_teardown.py
[2025-07-01T02:01:25.779+0000] {processor.py:925} INFO - DAG(s) 'example_setup_teardown' retrieved from /home/airflow/.local/lib/python3.12/site-packages/airflow/example_dags/example_setup_teardown.py
[2025-07-01T02:01:25.801+0000] {logging_mixin.py:190} INFO - [2025-07-01T02:01:25.801+0000] {dag.py:3239} INFO - Sync 1 DAGs
[2025-07-01T02:01:25.818+0000] {logging_mixin.py:190} INFO - [2025-07-01T02:01:25.818+0000] {dag.py:4180} INFO - Setting next_dagrun for example_setup_teardown to None, run_after=None
[2025-07-01T02:01:25.836+0000] {processor.py:208} INFO - Processing /home/airflow/.local/lib/python3.12/site-packages/airflow/example_dags/example_setup_teardown.py took 0.076 seconds
[2025-07-01T02:01:56.105+0000] {processor.py:186} INFO - Started process (PID=6767) to work on /home/airflow/.local/lib/python3.12/site-packages/airflow/example_dags/example_setup_teardown.py
[2025-07-01T02:01:56.107+0000] {processor.py:914} INFO - Processing file /home/airflow/.local/lib/python3.12/site-packages/airflow/example_dags/example_setup_teardown.py for tasks to queue
[2025-07-01T02:01:56.109+0000] {logging_mixin.py:190} INFO - [2025-07-01T02:01:56.109+0000] {dagbag.py:588} INFO - Filling up the DagBag from /home/airflow/.local/lib/python3.12/site-packages/airflow/example_dags/example_setup_teardown.py
[2025-07-01T02:01:56.118+0000] {processor.py:925} INFO - DAG(s) 'example_setup_teardown' retrieved from /home/airflow/.local/lib/python3.12/site-packages/airflow/example_dags/example_setup_teardown.py
[2025-07-01T02:01:56.139+0000] {logging_mixin.py:190} INFO - [2025-07-01T02:01:56.139+0000] {dag.py:3239} INFO - Sync 1 DAGs
[2025-07-01T02:01:56.154+0000] {logging_mixin.py:190} INFO - [2025-07-01T02:01:56.154+0000] {dag.py:4180} INFO - Setting next_dagrun for example_setup_teardown to None, run_after=None
[2025-07-01T02:01:56.175+0000] {processor.py:208} INFO - Processing /home/airflow/.local/lib/python3.12/site-packages/airflow/example_dags/example_setup_teardown.py took 0.075 seconds
[2025-07-01T02:02:26.634+0000] {processor.py:186} INFO - Started process (PID=6823) to work on /home/airflow/.local/lib/python3.12/site-packages/airflow/example_dags/example_setup_teardown.py
[2025-07-01T02:02:26.636+0000] {processor.py:914} INFO - Processing file /home/airflow/.local/lib/python3.12/site-packages/airflow/example_dags/example_setup_teardown.py for tasks to queue
[2025-07-01T02:02:26.638+0000] {logging_mixin.py:190} INFO - [2025-07-01T02:02:26.638+0000] {dagbag.py:588} INFO - Filling up the DagBag from /home/airflow/.local/lib/python3.12/site-packages/airflow/example_dags/example_setup_teardown.py
[2025-07-01T02:02:26.647+0000] {processor.py:925} INFO - DAG(s) 'example_setup_teardown' retrieved from /home/airflow/.local/lib/python3.12/site-packages/airflow/example_dags/example_setup_teardown.py
[2025-07-01T02:02:26.669+0000] {logging_mixin.py:190} INFO - [2025-07-01T02:02:26.669+0000] {dag.py:3239} INFO - Sync 1 DAGs
[2025-07-01T02:02:26.685+0000] {logging_mixin.py:190} INFO - [2025-07-01T02:02:26.684+0000] {dag.py:4180} INFO - Setting next_dagrun for example_setup_teardown to None, run_after=None
[2025-07-01T02:02:26.703+0000] {processor.py:208} INFO - Processing /home/airflow/.local/lib/python3.12/site-packages/airflow/example_dags/example_setup_teardown.py took 0.075 seconds
[2025-07-01T02:02:57.032+0000] {processor.py:186} INFO - Started process (PID=6885) to work on /home/airflow/.local/lib/python3.12/site-packages/airflow/example_dags/example_setup_teardown.py
[2025-07-01T02:02:57.033+0000] {processor.py:914} INFO - Processing file /home/airflow/.local/lib/python3.12/site-packages/airflow/example_dags/example_setup_teardown.py for tasks to queue
[2025-07-01T02:02:57.036+0000] {logging_mixin.py:190} INFO - [2025-07-01T02:02:57.036+0000] {dagbag.py:588} INFO - Filling up the DagBag from /home/airflow/.local/lib/python3.12/site-packages/airflow/example_dags/example_setup_teardown.py
[2025-07-01T02:02:57.046+0000] {processor.py:925} INFO - DAG(s) 'example_setup_teardown' retrieved from /home/airflow/.local/lib/python3.12/site-packages/airflow/example_dags/example_setup_teardown.py
[2025-07-01T02:02:57.068+0000] {logging_mixin.py:190} INFO - [2025-07-01T02:02:57.068+0000] {dag.py:3239} INFO - Sync 1 DAGs
[2025-07-01T02:02:57.083+0000] {logging_mixin.py:190} INFO - [2025-07-01T02:02:57.083+0000] {dag.py:4180} INFO - Setting next_dagrun for example_setup_teardown to None, run_after=None
[2025-07-01T02:02:57.103+0000] {processor.py:208} INFO - Processing /home/airflow/.local/lib/python3.12/site-packages/airflow/example_dags/example_setup_teardown.py took 0.077 seconds
[2025-07-01T02:03:27.471+0000] {processor.py:186} INFO - Started process (PID=6939) to work on /home/airflow/.local/lib/python3.12/site-packages/airflow/example_dags/example_setup_teardown.py
[2025-07-01T02:03:27.472+0000] {processor.py:914} INFO - Processing file /home/airflow/.local/lib/python3.12/site-packages/airflow/example_dags/example_setup_teardown.py for tasks to queue
[2025-07-01T02:03:27.475+0000] {logging_mixin.py:190} INFO - [2025-07-01T02:03:27.475+0000] {dagbag.py:588} INFO - Filling up the DagBag from /home/airflow/.local/lib/python3.12/site-packages/airflow/example_dags/example_setup_teardown.py
[2025-07-01T02:03:27.484+0000] {processor.py:925} INFO - DAG(s) 'example_setup_teardown' retrieved from /home/airflow/.local/lib/python3.12/site-packages/airflow/example_dags/example_setup_teardown.py
[2025-07-01T02:03:27.503+0000] {logging_mixin.py:190} INFO - [2025-07-01T02:03:27.502+0000] {dag.py:3239} INFO - Sync 1 DAGs
[2025-07-01T02:03:27.516+0000] {logging_mixin.py:190} INFO - [2025-07-01T02:03:27.516+0000] {dag.py:4180} INFO - Setting next_dagrun for example_setup_teardown to None, run_after=None
[2025-07-01T02:03:27.533+0000] {processor.py:208} INFO - Processing /home/airflow/.local/lib/python3.12/site-packages/airflow/example_dags/example_setup_teardown.py took 0.068 seconds
[2025-07-01T02:03:57.615+0000] {processor.py:186} INFO - Started process (PID=6998) to work on /home/airflow/.local/lib/python3.12/site-packages/airflow/example_dags/example_setup_teardown.py
[2025-07-01T02:03:57.616+0000] {processor.py:914} INFO - Processing file /home/airflow/.local/lib/python3.12/site-packages/airflow/example_dags/example_setup_teardown.py for tasks to queue
[2025-07-01T02:03:57.618+0000] {logging_mixin.py:190} INFO - [2025-07-01T02:03:57.618+0000] {dagbag.py:588} INFO - Filling up the DagBag from /home/airflow/.local/lib/python3.12/site-packages/airflow/example_dags/example_setup_teardown.py
[2025-07-01T02:03:57.627+0000] {processor.py:925} INFO - DAG(s) 'example_setup_teardown' retrieved from /home/airflow/.local/lib/python3.12/site-packages/airflow/example_dags/example_setup_teardown.py
[2025-07-01T02:03:57.646+0000] {logging_mixin.py:190} INFO - [2025-07-01T02:03:57.646+0000] {dag.py:3239} INFO - Sync 1 DAGs
[2025-07-01T02:03:57.659+0000] {logging_mixin.py:190} INFO - [2025-07-01T02:03:57.659+0000] {dag.py:4180} INFO - Setting next_dagrun for example_setup_teardown to None, run_after=None
[2025-07-01T02:03:57.676+0000] {processor.py:208} INFO - Processing /home/airflow/.local/lib/python3.12/site-packages/airflow/example_dags/example_setup_teardown.py took 0.067 seconds
[2025-07-01T02:04:27.935+0000] {processor.py:186} INFO - Started process (PID=7058) to work on /home/airflow/.local/lib/python3.12/site-packages/airflow/example_dags/example_setup_teardown.py
[2025-07-01T02:04:27.936+0000] {processor.py:914} INFO - Processing file /home/airflow/.local/lib/python3.12/site-packages/airflow/example_dags/example_setup_teardown.py for tasks to queue
[2025-07-01T02:04:27.938+0000] {logging_mixin.py:190} INFO - [2025-07-01T02:04:27.938+0000] {dagbag.py:588} INFO - Filling up the DagBag from /home/airflow/.local/lib/python3.12/site-packages/airflow/example_dags/example_setup_teardown.py
[2025-07-01T02:04:27.946+0000] {processor.py:925} INFO - DAG(s) 'example_setup_teardown' retrieved from /home/airflow/.local/lib/python3.12/site-packages/airflow/example_dags/example_setup_teardown.py
[2025-07-01T02:04:27.966+0000] {logging_mixin.py:190} INFO - [2025-07-01T02:04:27.966+0000] {dag.py:3239} INFO - Sync 1 DAGs
[2025-07-01T02:04:27.981+0000] {logging_mixin.py:190} INFO - [2025-07-01T02:04:27.980+0000] {dag.py:4180} INFO - Setting next_dagrun for example_setup_teardown to None, run_after=None
[2025-07-01T02:04:27.999+0000] {processor.py:208} INFO - Processing /home/airflow/.local/lib/python3.12/site-packages/airflow/example_dags/example_setup_teardown.py took 0.071 seconds
[2025-07-01T02:04:58.266+0000] {processor.py:186} INFO - Started process (PID=7120) to work on /home/airflow/.local/lib/python3.12/site-packages/airflow/example_dags/example_setup_teardown.py
[2025-07-01T02:04:58.267+0000] {processor.py:914} INFO - Processing file /home/airflow/.local/lib/python3.12/site-packages/airflow/example_dags/example_setup_teardown.py for tasks to queue
[2025-07-01T02:04:58.270+0000] {logging_mixin.py:190} INFO - [2025-07-01T02:04:58.269+0000] {dagbag.py:588} INFO - Filling up the DagBag from /home/airflow/.local/lib/python3.12/site-packages/airflow/example_dags/example_setup_teardown.py
[2025-07-01T02:04:58.280+0000] {processor.py:925} INFO - DAG(s) 'example_setup_teardown' retrieved from /home/airflow/.local/lib/python3.12/site-packages/airflow/example_dags/example_setup_teardown.py
[2025-07-01T02:04:58.299+0000] {logging_mixin.py:190} INFO - [2025-07-01T02:04:58.299+0000] {dag.py:3239} INFO - Sync 1 DAGs
[2025-07-01T02:04:58.314+0000] {logging_mixin.py:190} INFO - [2025-07-01T02:04:58.314+0000] {dag.py:4180} INFO - Setting next_dagrun for example_setup_teardown to None, run_after=None
[2025-07-01T02:04:58.335+0000] {processor.py:208} INFO - Processing /home/airflow/.local/lib/python3.12/site-packages/airflow/example_dags/example_setup_teardown.py took 0.075 seconds
[2025-07-01T02:05:28.710+0000] {processor.py:186} INFO - Started process (PID=7182) to work on /home/airflow/.local/lib/python3.12/site-packages/airflow/example_dags/example_setup_teardown.py
[2025-07-01T02:05:28.711+0000] {processor.py:914} INFO - Processing file /home/airflow/.local/lib/python3.12/site-packages/airflow/example_dags/example_setup_teardown.py for tasks to queue
[2025-07-01T02:05:28.715+0000] {logging_mixin.py:190} INFO - [2025-07-01T02:05:28.714+0000] {dagbag.py:588} INFO - Filling up the DagBag from /home/airflow/.local/lib/python3.12/site-packages/airflow/example_dags/example_setup_teardown.py
[2025-07-01T02:05:28.728+0000] {processor.py:925} INFO - DAG(s) 'example_setup_teardown' retrieved from /home/airflow/.local/lib/python3.12/site-packages/airflow/example_dags/example_setup_teardown.py
[2025-07-01T02:05:28.753+0000] {logging_mixin.py:190} INFO - [2025-07-01T02:05:28.752+0000] {dag.py:3239} INFO - Sync 1 DAGs
[2025-07-01T02:05:28.768+0000] {logging_mixin.py:190} INFO - [2025-07-01T02:05:28.768+0000] {dag.py:4180} INFO - Setting next_dagrun for example_setup_teardown to None, run_after=None
[2025-07-01T02:05:28.789+0000] {processor.py:208} INFO - Processing /home/airflow/.local/lib/python3.12/site-packages/airflow/example_dags/example_setup_teardown.py took 0.086 seconds
[2025-07-01T02:05:59.082+0000] {processor.py:186} INFO - Started process (PID=7244) to work on /home/airflow/.local/lib/python3.12/site-packages/airflow/example_dags/example_setup_teardown.py
[2025-07-01T02:05:59.083+0000] {processor.py:914} INFO - Processing file /home/airflow/.local/lib/python3.12/site-packages/airflow/example_dags/example_setup_teardown.py for tasks to queue
[2025-07-01T02:05:59.086+0000] {logging_mixin.py:190} INFO - [2025-07-01T02:05:59.086+0000] {dagbag.py:588} INFO - Filling up the DagBag from /home/airflow/.local/lib/python3.12/site-packages/airflow/example_dags/example_setup_teardown.py
[2025-07-01T02:05:59.095+0000] {processor.py:925} INFO - DAG(s) 'example_setup_teardown' retrieved from /home/airflow/.local/lib/python3.12/site-packages/airflow/example_dags/example_setup_teardown.py
[2025-07-01T02:05:59.117+0000] {logging_mixin.py:190} INFO - [2025-07-01T02:05:59.117+0000] {dag.py:3239} INFO - Sync 1 DAGs
[2025-07-01T02:05:59.131+0000] {logging_mixin.py:190} INFO - [2025-07-01T02:05:59.131+0000] {dag.py:4180} INFO - Setting next_dagrun for example_setup_teardown to None, run_after=None
[2025-07-01T02:05:59.153+0000] {processor.py:208} INFO - Processing /home/airflow/.local/lib/python3.12/site-packages/airflow/example_dags/example_setup_teardown.py took 0.077 seconds
[2025-07-01T02:06:29.846+0000] {processor.py:186} INFO - Started process (PID=7304) to work on /home/airflow/.local/lib/python3.12/site-packages/airflow/example_dags/example_setup_teardown.py
[2025-07-01T02:06:29.847+0000] {processor.py:914} INFO - Processing file /home/airflow/.local/lib/python3.12/site-packages/airflow/example_dags/example_setup_teardown.py for tasks to queue
[2025-07-01T02:06:29.849+0000] {logging_mixin.py:190} INFO - [2025-07-01T02:06:29.849+0000] {dagbag.py:588} INFO - Filling up the DagBag from /home/airflow/.local/lib/python3.12/site-packages/airflow/example_dags/example_setup_teardown.py
[2025-07-01T02:06:29.857+0000] {processor.py:925} INFO - DAG(s) 'example_setup_teardown' retrieved from /home/airflow/.local/lib/python3.12/site-packages/airflow/example_dags/example_setup_teardown.py
[2025-07-01T02:06:29.880+0000] {logging_mixin.py:190} INFO - [2025-07-01T02:06:29.880+0000] {dag.py:3239} INFO - Sync 1 DAGs
[2025-07-01T02:06:29.896+0000] {logging_mixin.py:190} INFO - [2025-07-01T02:06:29.896+0000] {dag.py:4180} INFO - Setting next_dagrun for example_setup_teardown to None, run_after=None
[2025-07-01T02:06:29.917+0000] {processor.py:208} INFO - Processing /home/airflow/.local/lib/python3.12/site-packages/airflow/example_dags/example_setup_teardown.py took 0.077 seconds
[2025-07-01T02:07:00.149+0000] {processor.py:186} INFO - Started process (PID=7366) to work on /home/airflow/.local/lib/python3.12/site-packages/airflow/example_dags/example_setup_teardown.py
[2025-07-01T02:07:00.151+0000] {processor.py:914} INFO - Processing file /home/airflow/.local/lib/python3.12/site-packages/airflow/example_dags/example_setup_teardown.py for tasks to queue
[2025-07-01T02:07:00.154+0000] {logging_mixin.py:190} INFO - [2025-07-01T02:07:00.153+0000] {dagbag.py:588} INFO - Filling up the DagBag from /home/airflow/.local/lib/python3.12/site-packages/airflow/example_dags/example_setup_teardown.py
[2025-07-01T02:07:00.167+0000] {processor.py:925} INFO - DAG(s) 'example_setup_teardown' retrieved from /home/airflow/.local/lib/python3.12/site-packages/airflow/example_dags/example_setup_teardown.py
[2025-07-01T02:07:00.201+0000] {logging_mixin.py:190} INFO - [2025-07-01T02:07:00.201+0000] {dag.py:3239} INFO - Sync 1 DAGs
[2025-07-01T02:07:00.223+0000] {logging_mixin.py:190} INFO - [2025-07-01T02:07:00.223+0000] {dag.py:4180} INFO - Setting next_dagrun for example_setup_teardown to None, run_after=None
[2025-07-01T02:07:00.254+0000] {processor.py:208} INFO - Processing /home/airflow/.local/lib/python3.12/site-packages/airflow/example_dags/example_setup_teardown.py took 0.118 seconds
[2025-07-01T02:07:30.521+0000] {processor.py:186} INFO - Started process (PID=7429) to work on /home/airflow/.local/lib/python3.12/site-packages/airflow/example_dags/example_setup_teardown.py
[2025-07-01T02:07:30.523+0000] {processor.py:914} INFO - Processing file /home/airflow/.local/lib/python3.12/site-packages/airflow/example_dags/example_setup_teardown.py for tasks to queue
[2025-07-01T02:07:30.528+0000] {logging_mixin.py:190} INFO - [2025-07-01T02:07:30.528+0000] {dagbag.py:588} INFO - Filling up the DagBag from /home/airflow/.local/lib/python3.12/site-packages/airflow/example_dags/example_setup_teardown.py
[2025-07-01T02:07:30.540+0000] {processor.py:925} INFO - DAG(s) 'example_setup_teardown' retrieved from /home/airflow/.local/lib/python3.12/site-packages/airflow/example_dags/example_setup_teardown.py
[2025-07-01T02:07:30.581+0000] {logging_mixin.py:190} INFO - [2025-07-01T02:07:30.581+0000] {dag.py:3239} INFO - Sync 1 DAGs
[2025-07-01T02:07:30.605+0000] {logging_mixin.py:190} INFO - [2025-07-01T02:07:30.605+0000] {dag.py:4180} INFO - Setting next_dagrun for example_setup_teardown to None, run_after=None
[2025-07-01T02:07:30.647+0000] {processor.py:208} INFO - Processing /home/airflow/.local/lib/python3.12/site-packages/airflow/example_dags/example_setup_teardown.py took 0.136 seconds
[2025-07-01T02:08:01.053+0000] {processor.py:186} INFO - Started process (PID=7497) to work on /home/airflow/.local/lib/python3.12/site-packages/airflow/example_dags/example_setup_teardown.py
[2025-07-01T02:08:01.054+0000] {processor.py:914} INFO - Processing file /home/airflow/.local/lib/python3.12/site-packages/airflow/example_dags/example_setup_teardown.py for tasks to queue
[2025-07-01T02:08:01.057+0000] {logging_mixin.py:190} INFO - [2025-07-01T02:08:01.056+0000] {dagbag.py:588} INFO - Filling up the DagBag from /home/airflow/.local/lib/python3.12/site-packages/airflow/example_dags/example_setup_teardown.py
[2025-07-01T02:08:01.066+0000] {processor.py:925} INFO - DAG(s) 'example_setup_teardown' retrieved from /home/airflow/.local/lib/python3.12/site-packages/airflow/example_dags/example_setup_teardown.py
[2025-07-01T02:08:01.089+0000] {logging_mixin.py:190} INFO - [2025-07-01T02:08:01.089+0000] {dag.py:3239} INFO - Sync 1 DAGs
[2025-07-01T02:08:01.105+0000] {logging_mixin.py:190} INFO - [2025-07-01T02:08:01.105+0000] {dag.py:4180} INFO - Setting next_dagrun for example_setup_teardown to None, run_after=None
[2025-07-01T02:08:01.123+0000] {processor.py:208} INFO - Processing /home/airflow/.local/lib/python3.12/site-packages/airflow/example_dags/example_setup_teardown.py took 0.076 seconds
[2025-07-01T02:08:31.280+0000] {processor.py:186} INFO - Started process (PID=7559) to work on /home/airflow/.local/lib/python3.12/site-packages/airflow/example_dags/example_setup_teardown.py
[2025-07-01T02:08:31.281+0000] {processor.py:914} INFO - Processing file /home/airflow/.local/lib/python3.12/site-packages/airflow/example_dags/example_setup_teardown.py for tasks to queue
[2025-07-01T02:08:31.285+0000] {logging_mixin.py:190} INFO - [2025-07-01T02:08:31.284+0000] {dagbag.py:588} INFO - Filling up the DagBag from /home/airflow/.local/lib/python3.12/site-packages/airflow/example_dags/example_setup_teardown.py
[2025-07-01T02:08:31.296+0000] {processor.py:925} INFO - DAG(s) 'example_setup_teardown' retrieved from /home/airflow/.local/lib/python3.12/site-packages/airflow/example_dags/example_setup_teardown.py
[2025-07-01T02:08:31.324+0000] {logging_mixin.py:190} INFO - [2025-07-01T02:08:31.323+0000] {dag.py:3239} INFO - Sync 1 DAGs
[2025-07-01T02:08:31.343+0000] {logging_mixin.py:190} INFO - [2025-07-01T02:08:31.342+0000] {dag.py:4180} INFO - Setting next_dagrun for example_setup_teardown to None, run_after=None
[2025-07-01T02:08:31.362+0000] {processor.py:208} INFO - Processing /home/airflow/.local/lib/python3.12/site-packages/airflow/example_dags/example_setup_teardown.py took 0.089 seconds
[2025-07-01T02:09:01.875+0000] {processor.py:186} INFO - Started process (PID=7621) to work on /home/airflow/.local/lib/python3.12/site-packages/airflow/example_dags/example_setup_teardown.py
[2025-07-01T02:09:01.876+0000] {processor.py:914} INFO - Processing file /home/airflow/.local/lib/python3.12/site-packages/airflow/example_dags/example_setup_teardown.py for tasks to queue
[2025-07-01T02:09:01.887+0000] {logging_mixin.py:190} INFO - [2025-07-01T02:09:01.886+0000] {dagbag.py:588} INFO - Filling up the DagBag from /home/airflow/.local/lib/python3.12/site-packages/airflow/example_dags/example_setup_teardown.py
[2025-07-01T02:09:01.907+0000] {processor.py:925} INFO - DAG(s) 'example_setup_teardown' retrieved from /home/airflow/.local/lib/python3.12/site-packages/airflow/example_dags/example_setup_teardown.py
[2025-07-01T02:09:01.934+0000] {logging_mixin.py:190} INFO - [2025-07-01T02:09:01.933+0000] {dag.py:3239} INFO - Sync 1 DAGs
[2025-07-01T02:09:01.951+0000] {logging_mixin.py:190} INFO - [2025-07-01T02:09:01.951+0000] {dag.py:4180} INFO - Setting next_dagrun for example_setup_teardown to None, run_after=None
[2025-07-01T02:09:01.974+0000] {processor.py:208} INFO - Processing /home/airflow/.local/lib/python3.12/site-packages/airflow/example_dags/example_setup_teardown.py took 0.106 seconds
[2025-07-01T02:09:32.082+0000] {processor.py:186} INFO - Started process (PID=7684) to work on /home/airflow/.local/lib/python3.12/site-packages/airflow/example_dags/example_setup_teardown.py
[2025-07-01T02:09:32.083+0000] {processor.py:914} INFO - Processing file /home/airflow/.local/lib/python3.12/site-packages/airflow/example_dags/example_setup_teardown.py for tasks to queue
[2025-07-01T02:09:32.086+0000] {logging_mixin.py:190} INFO - [2025-07-01T02:09:32.086+0000] {dagbag.py:588} INFO - Filling up the DagBag from /home/airflow/.local/lib/python3.12/site-packages/airflow/example_dags/example_setup_teardown.py
[2025-07-01T02:09:32.101+0000] {processor.py:925} INFO - DAG(s) 'example_setup_teardown' retrieved from /home/airflow/.local/lib/python3.12/site-packages/airflow/example_dags/example_setup_teardown.py
[2025-07-01T02:09:32.131+0000] {logging_mixin.py:190} INFO - [2025-07-01T02:09:32.130+0000] {dag.py:3239} INFO - Sync 1 DAGs
[2025-07-01T02:09:32.146+0000] {logging_mixin.py:190} INFO - [2025-07-01T02:09:32.145+0000] {dag.py:4180} INFO - Setting next_dagrun for example_setup_teardown to None, run_after=None
[2025-07-01T02:09:32.168+0000] {processor.py:208} INFO - Processing /home/airflow/.local/lib/python3.12/site-packages/airflow/example_dags/example_setup_teardown.py took 0.093 seconds
[2025-07-01T02:10:02.871+0000] {processor.py:186} INFO - Started process (PID=7746) to work on /home/airflow/.local/lib/python3.12/site-packages/airflow/example_dags/example_setup_teardown.py
[2025-07-01T02:10:02.872+0000] {processor.py:914} INFO - Processing file /home/airflow/.local/lib/python3.12/site-packages/airflow/example_dags/example_setup_teardown.py for tasks to queue
[2025-07-01T02:10:02.875+0000] {logging_mixin.py:190} INFO - [2025-07-01T02:10:02.874+0000] {dagbag.py:588} INFO - Filling up the DagBag from /home/airflow/.local/lib/python3.12/site-packages/airflow/example_dags/example_setup_teardown.py
[2025-07-01T02:10:02.886+0000] {processor.py:925} INFO - DAG(s) 'example_setup_teardown' retrieved from /home/airflow/.local/lib/python3.12/site-packages/airflow/example_dags/example_setup_teardown.py
[2025-07-01T02:10:02.911+0000] {logging_mixin.py:190} INFO - [2025-07-01T02:10:02.911+0000] {dag.py:3239} INFO - Sync 1 DAGs
[2025-07-01T02:10:02.926+0000] {logging_mixin.py:190} INFO - [2025-07-01T02:10:02.925+0000] {dag.py:4180} INFO - Setting next_dagrun for example_setup_teardown to None, run_after=None
[2025-07-01T02:10:02.949+0000] {processor.py:208} INFO - Processing /home/airflow/.local/lib/python3.12/site-packages/airflow/example_dags/example_setup_teardown.py took 0.086 seconds
[2025-07-01T02:10:33.500+0000] {processor.py:186} INFO - Started process (PID=7808) to work on /home/airflow/.local/lib/python3.12/site-packages/airflow/example_dags/example_setup_teardown.py
[2025-07-01T02:10:33.501+0000] {processor.py:914} INFO - Processing file /home/airflow/.local/lib/python3.12/site-packages/airflow/example_dags/example_setup_teardown.py for tasks to queue
[2025-07-01T02:10:33.504+0000] {logging_mixin.py:190} INFO - [2025-07-01T02:10:33.503+0000] {dagbag.py:588} INFO - Filling up the DagBag from /home/airflow/.local/lib/python3.12/site-packages/airflow/example_dags/example_setup_teardown.py
[2025-07-01T02:10:33.513+0000] {processor.py:925} INFO - DAG(s) 'example_setup_teardown' retrieved from /home/airflow/.local/lib/python3.12/site-packages/airflow/example_dags/example_setup_teardown.py
[2025-07-01T02:10:33.534+0000] {logging_mixin.py:190} INFO - [2025-07-01T02:10:33.533+0000] {dag.py:3239} INFO - Sync 1 DAGs
[2025-07-01T02:10:33.548+0000] {logging_mixin.py:190} INFO - [2025-07-01T02:10:33.547+0000] {dag.py:4180} INFO - Setting next_dagrun for example_setup_teardown to None, run_after=None
[2025-07-01T02:10:33.566+0000] {processor.py:208} INFO - Processing /home/airflow/.local/lib/python3.12/site-packages/airflow/example_dags/example_setup_teardown.py took 0.073 seconds
[2025-07-01T02:11:04.514+0000] {processor.py:186} INFO - Started process (PID=7870) to work on /home/airflow/.local/lib/python3.12/site-packages/airflow/example_dags/example_setup_teardown.py
[2025-07-01T02:11:04.516+0000] {processor.py:914} INFO - Processing file /home/airflow/.local/lib/python3.12/site-packages/airflow/example_dags/example_setup_teardown.py for tasks to queue
[2025-07-01T02:11:04.519+0000] {logging_mixin.py:190} INFO - [2025-07-01T02:11:04.518+0000] {dagbag.py:588} INFO - Filling up the DagBag from /home/airflow/.local/lib/python3.12/site-packages/airflow/example_dags/example_setup_teardown.py
[2025-07-01T02:11:04.529+0000] {processor.py:925} INFO - DAG(s) 'example_setup_teardown' retrieved from /home/airflow/.local/lib/python3.12/site-packages/airflow/example_dags/example_setup_teardown.py
[2025-07-01T02:11:04.550+0000] {logging_mixin.py:190} INFO - [2025-07-01T02:11:04.550+0000] {dag.py:3239} INFO - Sync 1 DAGs
[2025-07-01T02:11:04.564+0000] {logging_mixin.py:190} INFO - [2025-07-01T02:11:04.563+0000] {dag.py:4180} INFO - Setting next_dagrun for example_setup_teardown to None, run_after=None
[2025-07-01T02:11:04.581+0000] {processor.py:208} INFO - Processing /home/airflow/.local/lib/python3.12/site-packages/airflow/example_dags/example_setup_teardown.py took 0.075 seconds
[2025-07-01T02:11:35.210+0000] {processor.py:186} INFO - Started process (PID=7932) to work on /home/airflow/.local/lib/python3.12/site-packages/airflow/example_dags/example_setup_teardown.py
[2025-07-01T02:11:35.212+0000] {processor.py:914} INFO - Processing file /home/airflow/.local/lib/python3.12/site-packages/airflow/example_dags/example_setup_teardown.py for tasks to queue
[2025-07-01T02:11:35.214+0000] {logging_mixin.py:190} INFO - [2025-07-01T02:11:35.214+0000] {dagbag.py:588} INFO - Filling up the DagBag from /home/airflow/.local/lib/python3.12/site-packages/airflow/example_dags/example_setup_teardown.py
[2025-07-01T02:11:35.223+0000] {processor.py:925} INFO - DAG(s) 'example_setup_teardown' retrieved from /home/airflow/.local/lib/python3.12/site-packages/airflow/example_dags/example_setup_teardown.py
[2025-07-01T02:11:35.244+0000] {logging_mixin.py:190} INFO - [2025-07-01T02:11:35.244+0000] {dag.py:3239} INFO - Sync 1 DAGs
[2025-07-01T02:11:35.258+0000] {logging_mixin.py:190} INFO - [2025-07-01T02:11:35.258+0000] {dag.py:4180} INFO - Setting next_dagrun for example_setup_teardown to None, run_after=None
[2025-07-01T02:11:35.277+0000] {processor.py:208} INFO - Processing /home/airflow/.local/lib/python3.12/site-packages/airflow/example_dags/example_setup_teardown.py took 0.075 seconds
[2025-07-01T02:12:06.036+0000] {processor.py:186} INFO - Started process (PID=7994) to work on /home/airflow/.local/lib/python3.12/site-packages/airflow/example_dags/example_setup_teardown.py
[2025-07-01T02:12:06.037+0000] {processor.py:914} INFO - Processing file /home/airflow/.local/lib/python3.12/site-packages/airflow/example_dags/example_setup_teardown.py for tasks to queue
[2025-07-01T02:12:06.039+0000] {logging_mixin.py:190} INFO - [2025-07-01T02:12:06.039+0000] {dagbag.py:588} INFO - Filling up the DagBag from /home/airflow/.local/lib/python3.12/site-packages/airflow/example_dags/example_setup_teardown.py
[2025-07-01T02:12:06.048+0000] {processor.py:925} INFO - DAG(s) 'example_setup_teardown' retrieved from /home/airflow/.local/lib/python3.12/site-packages/airflow/example_dags/example_setup_teardown.py
[2025-07-01T02:12:06.068+0000] {logging_mixin.py:190} INFO - [2025-07-01T02:12:06.068+0000] {dag.py:3239} INFO - Sync 1 DAGs
[2025-07-01T02:12:06.081+0000] {logging_mixin.py:190} INFO - [2025-07-01T02:12:06.081+0000] {dag.py:4180} INFO - Setting next_dagrun for example_setup_teardown to None, run_after=None
[2025-07-01T02:12:06.098+0000] {processor.py:208} INFO - Processing /home/airflow/.local/lib/python3.12/site-packages/airflow/example_dags/example_setup_teardown.py took 0.068 seconds
[2025-07-01T02:12:37.103+0000] {processor.py:186} INFO - Started process (PID=8056) to work on /home/airflow/.local/lib/python3.12/site-packages/airflow/example_dags/example_setup_teardown.py
[2025-07-01T02:12:37.104+0000] {processor.py:914} INFO - Processing file /home/airflow/.local/lib/python3.12/site-packages/airflow/example_dags/example_setup_teardown.py for tasks to queue
[2025-07-01T02:12:37.107+0000] {logging_mixin.py:190} INFO - [2025-07-01T02:12:37.106+0000] {dagbag.py:588} INFO - Filling up the DagBag from /home/airflow/.local/lib/python3.12/site-packages/airflow/example_dags/example_setup_teardown.py
[2025-07-01T02:12:37.117+0000] {processor.py:925} INFO - DAG(s) 'example_setup_teardown' retrieved from /home/airflow/.local/lib/python3.12/site-packages/airflow/example_dags/example_setup_teardown.py
[2025-07-01T02:12:37.137+0000] {logging_mixin.py:190} INFO - [2025-07-01T02:12:37.137+0000] {dag.py:3239} INFO - Sync 1 DAGs
[2025-07-01T02:12:37.151+0000] {logging_mixin.py:190} INFO - [2025-07-01T02:12:37.150+0000] {dag.py:4180} INFO - Setting next_dagrun for example_setup_teardown to None, run_after=None
[2025-07-01T02:12:37.168+0000] {processor.py:208} INFO - Processing /home/airflow/.local/lib/python3.12/site-packages/airflow/example_dags/example_setup_teardown.py took 0.072 seconds
[2025-07-01T02:13:07.523+0000] {processor.py:186} INFO - Started process (PID=8118) to work on /home/airflow/.local/lib/python3.12/site-packages/airflow/example_dags/example_setup_teardown.py
[2025-07-01T02:13:07.524+0000] {processor.py:914} INFO - Processing file /home/airflow/.local/lib/python3.12/site-packages/airflow/example_dags/example_setup_teardown.py for tasks to queue
[2025-07-01T02:13:07.526+0000] {logging_mixin.py:190} INFO - [2025-07-01T02:13:07.526+0000] {dagbag.py:588} INFO - Filling up the DagBag from /home/airflow/.local/lib/python3.12/site-packages/airflow/example_dags/example_setup_teardown.py
[2025-07-01T02:13:07.535+0000] {processor.py:925} INFO - DAG(s) 'example_setup_teardown' retrieved from /home/airflow/.local/lib/python3.12/site-packages/airflow/example_dags/example_setup_teardown.py
[2025-07-01T02:13:07.557+0000] {logging_mixin.py:190} INFO - [2025-07-01T02:13:07.556+0000] {dag.py:3239} INFO - Sync 1 DAGs
[2025-07-01T02:13:07.572+0000] {logging_mixin.py:190} INFO - [2025-07-01T02:13:07.571+0000] {dag.py:4180} INFO - Setting next_dagrun for example_setup_teardown to None, run_after=None
[2025-07-01T02:13:07.589+0000] {processor.py:208} INFO - Processing /home/airflow/.local/lib/python3.12/site-packages/airflow/example_dags/example_setup_teardown.py took 0.073 seconds
[2025-07-01T02:13:37.736+0000] {processor.py:186} INFO - Started process (PID=8180) to work on /home/airflow/.local/lib/python3.12/site-packages/airflow/example_dags/example_setup_teardown.py
[2025-07-01T02:13:37.737+0000] {processor.py:914} INFO - Processing file /home/airflow/.local/lib/python3.12/site-packages/airflow/example_dags/example_setup_teardown.py for tasks to queue
[2025-07-01T02:13:37.739+0000] {logging_mixin.py:190} INFO - [2025-07-01T02:13:37.739+0000] {dagbag.py:588} INFO - Filling up the DagBag from /home/airflow/.local/lib/python3.12/site-packages/airflow/example_dags/example_setup_teardown.py
[2025-07-01T02:13:37.747+0000] {processor.py:925} INFO - DAG(s) 'example_setup_teardown' retrieved from /home/airflow/.local/lib/python3.12/site-packages/airflow/example_dags/example_setup_teardown.py
[2025-07-01T02:13:37.767+0000] {logging_mixin.py:190} INFO - [2025-07-01T02:13:37.767+0000] {dag.py:3239} INFO - Sync 1 DAGs
[2025-07-01T02:13:37.780+0000] {logging_mixin.py:190} INFO - [2025-07-01T02:13:37.780+0000] {dag.py:4180} INFO - Setting next_dagrun for example_setup_teardown to None, run_after=None
[2025-07-01T02:13:37.797+0000] {processor.py:208} INFO - Processing /home/airflow/.local/lib/python3.12/site-packages/airflow/example_dags/example_setup_teardown.py took 0.067 seconds
[2025-07-01T02:14:07.999+0000] {processor.py:186} INFO - Started process (PID=8242) to work on /home/airflow/.local/lib/python3.12/site-packages/airflow/example_dags/example_setup_teardown.py
[2025-07-01T02:14:08.000+0000] {processor.py:914} INFO - Processing file /home/airflow/.local/lib/python3.12/site-packages/airflow/example_dags/example_setup_teardown.py for tasks to queue
[2025-07-01T02:14:08.003+0000] {logging_mixin.py:190} INFO - [2025-07-01T02:14:08.003+0000] {dagbag.py:588} INFO - Filling up the DagBag from /home/airflow/.local/lib/python3.12/site-packages/airflow/example_dags/example_setup_teardown.py
[2025-07-01T02:14:08.011+0000] {processor.py:925} INFO - DAG(s) 'example_setup_teardown' retrieved from /home/airflow/.local/lib/python3.12/site-packages/airflow/example_dags/example_setup_teardown.py
[2025-07-01T02:14:08.033+0000] {logging_mixin.py:190} INFO - [2025-07-01T02:14:08.033+0000] {dag.py:3239} INFO - Sync 1 DAGs
[2025-07-01T02:14:08.049+0000] {logging_mixin.py:190} INFO - [2025-07-01T02:14:08.048+0000] {dag.py:4180} INFO - Setting next_dagrun for example_setup_teardown to None, run_after=None
[2025-07-01T02:14:08.068+0000] {processor.py:208} INFO - Processing /home/airflow/.local/lib/python3.12/site-packages/airflow/example_dags/example_setup_teardown.py took 0.075 seconds
[2025-07-01T02:14:38.475+0000] {processor.py:186} INFO - Started process (PID=8304) to work on /home/airflow/.local/lib/python3.12/site-packages/airflow/example_dags/example_setup_teardown.py
[2025-07-01T02:14:38.476+0000] {processor.py:914} INFO - Processing file /home/airflow/.local/lib/python3.12/site-packages/airflow/example_dags/example_setup_teardown.py for tasks to queue
[2025-07-01T02:14:38.478+0000] {logging_mixin.py:190} INFO - [2025-07-01T02:14:38.478+0000] {dagbag.py:588} INFO - Filling up the DagBag from /home/airflow/.local/lib/python3.12/site-packages/airflow/example_dags/example_setup_teardown.py
[2025-07-01T02:14:38.486+0000] {processor.py:925} INFO - DAG(s) 'example_setup_teardown' retrieved from /home/airflow/.local/lib/python3.12/site-packages/airflow/example_dags/example_setup_teardown.py
[2025-07-01T02:14:38.506+0000] {logging_mixin.py:190} INFO - [2025-07-01T02:14:38.506+0000] {dag.py:3239} INFO - Sync 1 DAGs
[2025-07-01T02:14:38.519+0000] {logging_mixin.py:190} INFO - [2025-07-01T02:14:38.519+0000] {dag.py:4180} INFO - Setting next_dagrun for example_setup_teardown to None, run_after=None
[2025-07-01T02:14:38.536+0000] {processor.py:208} INFO - Processing /home/airflow/.local/lib/python3.12/site-packages/airflow/example_dags/example_setup_teardown.py took 0.067 seconds
[2025-07-01T02:15:08.684+0000] {processor.py:186} INFO - Started process (PID=8366) to work on /home/airflow/.local/lib/python3.12/site-packages/airflow/example_dags/example_setup_teardown.py
[2025-07-01T02:15:08.685+0000] {processor.py:914} INFO - Processing file /home/airflow/.local/lib/python3.12/site-packages/airflow/example_dags/example_setup_teardown.py for tasks to queue
[2025-07-01T02:15:08.689+0000] {logging_mixin.py:190} INFO - [2025-07-01T02:15:08.688+0000] {dagbag.py:588} INFO - Filling up the DagBag from /home/airflow/.local/lib/python3.12/site-packages/airflow/example_dags/example_setup_teardown.py
[2025-07-01T02:15:08.698+0000] {processor.py:925} INFO - DAG(s) 'example_setup_teardown' retrieved from /home/airflow/.local/lib/python3.12/site-packages/airflow/example_dags/example_setup_teardown.py
[2025-07-01T02:15:08.722+0000] {logging_mixin.py:190} INFO - [2025-07-01T02:15:08.721+0000] {dag.py:3239} INFO - Sync 1 DAGs
[2025-07-01T02:15:08.735+0000] {logging_mixin.py:190} INFO - [2025-07-01T02:15:08.735+0000] {dag.py:4180} INFO - Setting next_dagrun for example_setup_teardown to None, run_after=None
[2025-07-01T02:15:08.751+0000] {processor.py:208} INFO - Processing /home/airflow/.local/lib/python3.12/site-packages/airflow/example_dags/example_setup_teardown.py took 0.074 seconds
[2025-07-01T02:15:38.955+0000] {processor.py:186} INFO - Started process (PID=8428) to work on /home/airflow/.local/lib/python3.12/site-packages/airflow/example_dags/example_setup_teardown.py
[2025-07-01T02:15:38.956+0000] {processor.py:914} INFO - Processing file /home/airflow/.local/lib/python3.12/site-packages/airflow/example_dags/example_setup_teardown.py for tasks to queue
[2025-07-01T02:15:38.959+0000] {logging_mixin.py:190} INFO - [2025-07-01T02:15:38.958+0000] {dagbag.py:588} INFO - Filling up the DagBag from /home/airflow/.local/lib/python3.12/site-packages/airflow/example_dags/example_setup_teardown.py
[2025-07-01T02:15:38.967+0000] {processor.py:925} INFO - DAG(s) 'example_setup_teardown' retrieved from /home/airflow/.local/lib/python3.12/site-packages/airflow/example_dags/example_setup_teardown.py
[2025-07-01T02:15:38.986+0000] {logging_mixin.py:190} INFO - [2025-07-01T02:15:38.986+0000] {dag.py:3239} INFO - Sync 1 DAGs
[2025-07-01T02:15:39.000+0000] {logging_mixin.py:190} INFO - [2025-07-01T02:15:39.000+0000] {dag.py:4180} INFO - Setting next_dagrun for example_setup_teardown to None, run_after=None
[2025-07-01T02:15:39.017+0000] {processor.py:208} INFO - Processing /home/airflow/.local/lib/python3.12/site-packages/airflow/example_dags/example_setup_teardown.py took 0.068 seconds
[2025-07-01T02:16:09.724+0000] {processor.py:186} INFO - Started process (PID=8490) to work on /home/airflow/.local/lib/python3.12/site-packages/airflow/example_dags/example_setup_teardown.py
[2025-07-01T02:16:09.725+0000] {processor.py:914} INFO - Processing file /home/airflow/.local/lib/python3.12/site-packages/airflow/example_dags/example_setup_teardown.py for tasks to queue
[2025-07-01T02:16:09.728+0000] {logging_mixin.py:190} INFO - [2025-07-01T02:16:09.728+0000] {dagbag.py:588} INFO - Filling up the DagBag from /home/airflow/.local/lib/python3.12/site-packages/airflow/example_dags/example_setup_teardown.py
[2025-07-01T02:16:09.736+0000] {processor.py:925} INFO - DAG(s) 'example_setup_teardown' retrieved from /home/airflow/.local/lib/python3.12/site-packages/airflow/example_dags/example_setup_teardown.py
[2025-07-01T02:16:09.755+0000] {logging_mixin.py:190} INFO - [2025-07-01T02:16:09.755+0000] {dag.py:3239} INFO - Sync 1 DAGs
[2025-07-01T02:16:09.769+0000] {logging_mixin.py:190} INFO - [2025-07-01T02:16:09.768+0000] {dag.py:4180} INFO - Setting next_dagrun for example_setup_teardown to None, run_after=None
[2025-07-01T02:16:09.787+0000] {processor.py:208} INFO - Processing /home/airflow/.local/lib/python3.12/site-packages/airflow/example_dags/example_setup_teardown.py took 0.068 seconds
[2025-07-01T02:16:40.015+0000] {processor.py:186} INFO - Started process (PID=8552) to work on /home/airflow/.local/lib/python3.12/site-packages/airflow/example_dags/example_setup_teardown.py
[2025-07-01T02:16:40.016+0000] {processor.py:914} INFO - Processing file /home/airflow/.local/lib/python3.12/site-packages/airflow/example_dags/example_setup_teardown.py for tasks to queue
[2025-07-01T02:16:40.019+0000] {logging_mixin.py:190} INFO - [2025-07-01T02:16:40.018+0000] {dagbag.py:588} INFO - Filling up the DagBag from /home/airflow/.local/lib/python3.12/site-packages/airflow/example_dags/example_setup_teardown.py
[2025-07-01T02:16:40.028+0000] {processor.py:925} INFO - DAG(s) 'example_setup_teardown' retrieved from /home/airflow/.local/lib/python3.12/site-packages/airflow/example_dags/example_setup_teardown.py
[2025-07-01T02:16:40.048+0000] {logging_mixin.py:190} INFO - [2025-07-01T02:16:40.048+0000] {dag.py:3239} INFO - Sync 1 DAGs
[2025-07-01T02:16:40.062+0000] {logging_mixin.py:190} INFO - [2025-07-01T02:16:40.062+0000] {dag.py:4180} INFO - Setting next_dagrun for example_setup_teardown to None, run_after=None
[2025-07-01T02:16:40.078+0000] {processor.py:208} INFO - Processing /home/airflow/.local/lib/python3.12/site-packages/airflow/example_dags/example_setup_teardown.py took 0.069 seconds
[2025-07-01T02:17:10.465+0000] {processor.py:186} INFO - Started process (PID=8614) to work on /home/airflow/.local/lib/python3.12/site-packages/airflow/example_dags/example_setup_teardown.py
[2025-07-01T02:17:10.466+0000] {processor.py:914} INFO - Processing file /home/airflow/.local/lib/python3.12/site-packages/airflow/example_dags/example_setup_teardown.py for tasks to queue
[2025-07-01T02:17:10.469+0000] {logging_mixin.py:190} INFO - [2025-07-01T02:17:10.469+0000] {dagbag.py:588} INFO - Filling up the DagBag from /home/airflow/.local/lib/python3.12/site-packages/airflow/example_dags/example_setup_teardown.py
[2025-07-01T02:17:10.477+0000] {processor.py:925} INFO - DAG(s) 'example_setup_teardown' retrieved from /home/airflow/.local/lib/python3.12/site-packages/airflow/example_dags/example_setup_teardown.py
[2025-07-01T02:17:10.497+0000] {logging_mixin.py:190} INFO - [2025-07-01T02:17:10.497+0000] {dag.py:3239} INFO - Sync 1 DAGs
[2025-07-01T02:17:10.510+0000] {logging_mixin.py:190} INFO - [2025-07-01T02:17:10.510+0000] {dag.py:4180} INFO - Setting next_dagrun for example_setup_teardown to None, run_after=None
[2025-07-01T02:17:10.528+0000] {processor.py:208} INFO - Processing /home/airflow/.local/lib/python3.12/site-packages/airflow/example_dags/example_setup_teardown.py took 0.071 seconds
[2025-07-01T02:17:40.856+0000] {processor.py:186} INFO - Started process (PID=8676) to work on /home/airflow/.local/lib/python3.12/site-packages/airflow/example_dags/example_setup_teardown.py
[2025-07-01T02:17:40.857+0000] {processor.py:914} INFO - Processing file /home/airflow/.local/lib/python3.12/site-packages/airflow/example_dags/example_setup_teardown.py for tasks to queue
[2025-07-01T02:17:40.861+0000] {logging_mixin.py:190} INFO - [2025-07-01T02:17:40.860+0000] {dagbag.py:588} INFO - Filling up the DagBag from /home/airflow/.local/lib/python3.12/site-packages/airflow/example_dags/example_setup_teardown.py
[2025-07-01T02:17:40.869+0000] {processor.py:925} INFO - DAG(s) 'example_setup_teardown' retrieved from /home/airflow/.local/lib/python3.12/site-packages/airflow/example_dags/example_setup_teardown.py
[2025-07-01T02:17:40.888+0000] {logging_mixin.py:190} INFO - [2025-07-01T02:17:40.888+0000] {dag.py:3239} INFO - Sync 1 DAGs
[2025-07-01T02:17:40.901+0000] {logging_mixin.py:190} INFO - [2025-07-01T02:17:40.901+0000] {dag.py:4180} INFO - Setting next_dagrun for example_setup_teardown to None, run_after=None
[2025-07-01T02:17:40.918+0000] {processor.py:208} INFO - Processing /home/airflow/.local/lib/python3.12/site-packages/airflow/example_dags/example_setup_teardown.py took 0.068 seconds
[2025-07-01T02:18:11.041+0000] {processor.py:186} INFO - Started process (PID=8738) to work on /home/airflow/.local/lib/python3.12/site-packages/airflow/example_dags/example_setup_teardown.py
[2025-07-01T02:18:11.042+0000] {processor.py:914} INFO - Processing file /home/airflow/.local/lib/python3.12/site-packages/airflow/example_dags/example_setup_teardown.py for tasks to queue
[2025-07-01T02:18:11.046+0000] {logging_mixin.py:190} INFO - [2025-07-01T02:18:11.045+0000] {dagbag.py:588} INFO - Filling up the DagBag from /home/airflow/.local/lib/python3.12/site-packages/airflow/example_dags/example_setup_teardown.py
[2025-07-01T02:18:11.061+0000] {processor.py:925} INFO - DAG(s) 'example_setup_teardown' retrieved from /home/airflow/.local/lib/python3.12/site-packages/airflow/example_dags/example_setup_teardown.py
[2025-07-01T02:18:11.083+0000] {logging_mixin.py:190} INFO - [2025-07-01T02:18:11.082+0000] {dag.py:3239} INFO - Sync 1 DAGs
[2025-07-01T02:18:11.099+0000] {logging_mixin.py:190} INFO - [2025-07-01T02:18:11.099+0000] {dag.py:4180} INFO - Setting next_dagrun for example_setup_teardown to None, run_after=None
[2025-07-01T02:18:11.119+0000] {processor.py:208} INFO - Processing /home/airflow/.local/lib/python3.12/site-packages/airflow/example_dags/example_setup_teardown.py took 0.085 seconds
[2025-07-01T02:18:41.316+0000] {processor.py:186} INFO - Started process (PID=8800) to work on /home/airflow/.local/lib/python3.12/site-packages/airflow/example_dags/example_setup_teardown.py
[2025-07-01T02:18:41.317+0000] {processor.py:914} INFO - Processing file /home/airflow/.local/lib/python3.12/site-packages/airflow/example_dags/example_setup_teardown.py for tasks to queue
[2025-07-01T02:18:41.319+0000] {logging_mixin.py:190} INFO - [2025-07-01T02:18:41.319+0000] {dagbag.py:588} INFO - Filling up the DagBag from /home/airflow/.local/lib/python3.12/site-packages/airflow/example_dags/example_setup_teardown.py
[2025-07-01T02:18:41.330+0000] {processor.py:925} INFO - DAG(s) 'example_setup_teardown' retrieved from /home/airflow/.local/lib/python3.12/site-packages/airflow/example_dags/example_setup_teardown.py
[2025-07-01T02:18:41.352+0000] {logging_mixin.py:190} INFO - [2025-07-01T02:18:41.352+0000] {dag.py:3239} INFO - Sync 1 DAGs
[2025-07-01T02:18:41.369+0000] {logging_mixin.py:190} INFO - [2025-07-01T02:18:41.368+0000] {dag.py:4180} INFO - Setting next_dagrun for example_setup_teardown to None, run_after=None
[2025-07-01T02:18:41.390+0000] {processor.py:208} INFO - Processing /home/airflow/.local/lib/python3.12/site-packages/airflow/example_dags/example_setup_teardown.py took 0.080 seconds
[2025-07-01T02:26:31.177+0000] {processor.py:186} INFO - Started process (PID=8862) to work on /home/airflow/.local/lib/python3.12/site-packages/airflow/example_dags/example_setup_teardown.py
[2025-07-01T02:26:31.188+0000] {processor.py:914} INFO - Processing file /home/airflow/.local/lib/python3.12/site-packages/airflow/example_dags/example_setup_teardown.py for tasks to queue
[2025-07-01T02:26:31.199+0000] {logging_mixin.py:190} INFO - [2025-07-01T02:26:31.199+0000] {dagbag.py:588} INFO - Filling up the DagBag from /home/airflow/.local/lib/python3.12/site-packages/airflow/example_dags/example_setup_teardown.py
[2025-07-01T02:26:31.243+0000] {processor.py:925} INFO - DAG(s) 'example_setup_teardown' retrieved from /home/airflow/.local/lib/python3.12/site-packages/airflow/example_dags/example_setup_teardown.py
[2025-07-01T02:26:31.445+0000] {logging_mixin.py:190} INFO - [2025-07-01T02:26:31.445+0000] {dag.py:3239} INFO - Sync 1 DAGs
[2025-07-01T02:26:31.515+0000] {logging_mixin.py:190} INFO - [2025-07-01T02:26:31.514+0000] {dag.py:4180} INFO - Setting next_dagrun for example_setup_teardown to None, run_after=None
[2025-07-01T02:26:31.605+0000] {processor.py:208} INFO - Processing /home/airflow/.local/lib/python3.12/site-packages/airflow/example_dags/example_setup_teardown.py took 0.449 seconds
[2025-07-01T02:27:02.544+0000] {processor.py:186} INFO - Started process (PID=8924) to work on /home/airflow/.local/lib/python3.12/site-packages/airflow/example_dags/example_setup_teardown.py
[2025-07-01T02:27:02.545+0000] {processor.py:914} INFO - Processing file /home/airflow/.local/lib/python3.12/site-packages/airflow/example_dags/example_setup_teardown.py for tasks to queue
[2025-07-01T02:27:02.548+0000] {logging_mixin.py:190} INFO - [2025-07-01T02:27:02.547+0000] {dagbag.py:588} INFO - Filling up the DagBag from /home/airflow/.local/lib/python3.12/site-packages/airflow/example_dags/example_setup_teardown.py
[2025-07-01T02:27:02.558+0000] {processor.py:925} INFO - DAG(s) 'example_setup_teardown' retrieved from /home/airflow/.local/lib/python3.12/site-packages/airflow/example_dags/example_setup_teardown.py
[2025-07-01T02:27:02.586+0000] {logging_mixin.py:190} INFO - [2025-07-01T02:27:02.586+0000] {dag.py:3239} INFO - Sync 1 DAGs
[2025-07-01T02:27:02.609+0000] {logging_mixin.py:190} INFO - [2025-07-01T02:27:02.609+0000] {dag.py:4180} INFO - Setting next_dagrun for example_setup_teardown to None, run_after=None
[2025-07-01T02:27:02.633+0000] {processor.py:208} INFO - Processing /home/airflow/.local/lib/python3.12/site-packages/airflow/example_dags/example_setup_teardown.py took 0.099 seconds
[2025-07-01T02:27:32.952+0000] {processor.py:186} INFO - Started process (PID=8987) to work on /home/airflow/.local/lib/python3.12/site-packages/airflow/example_dags/example_setup_teardown.py
[2025-07-01T02:27:32.953+0000] {processor.py:914} INFO - Processing file /home/airflow/.local/lib/python3.12/site-packages/airflow/example_dags/example_setup_teardown.py for tasks to queue
[2025-07-01T02:27:32.957+0000] {logging_mixin.py:190} INFO - [2025-07-01T02:27:32.956+0000] {dagbag.py:588} INFO - Filling up the DagBag from /home/airflow/.local/lib/python3.12/site-packages/airflow/example_dags/example_setup_teardown.py
[2025-07-01T02:27:32.967+0000] {processor.py:925} INFO - DAG(s) 'example_setup_teardown' retrieved from /home/airflow/.local/lib/python3.12/site-packages/airflow/example_dags/example_setup_teardown.py
[2025-07-01T02:27:32.991+0000] {logging_mixin.py:190} INFO - [2025-07-01T02:27:32.991+0000] {dag.py:3239} INFO - Sync 1 DAGs
[2025-07-01T02:27:33.007+0000] {logging_mixin.py:190} INFO - [2025-07-01T02:27:33.006+0000] {dag.py:4180} INFO - Setting next_dagrun for example_setup_teardown to None, run_after=None
[2025-07-01T02:27:33.028+0000] {processor.py:208} INFO - Processing /home/airflow/.local/lib/python3.12/site-packages/airflow/example_dags/example_setup_teardown.py took 0.083 seconds
[2025-07-01T02:28:03.129+0000] {processor.py:186} INFO - Started process (PID=9049) to work on /home/airflow/.local/lib/python3.12/site-packages/airflow/example_dags/example_setup_teardown.py
[2025-07-01T02:28:03.130+0000] {processor.py:914} INFO - Processing file /home/airflow/.local/lib/python3.12/site-packages/airflow/example_dags/example_setup_teardown.py for tasks to queue
[2025-07-01T02:28:03.133+0000] {logging_mixin.py:190} INFO - [2025-07-01T02:28:03.133+0000] {dagbag.py:588} INFO - Filling up the DagBag from /home/airflow/.local/lib/python3.12/site-packages/airflow/example_dags/example_setup_teardown.py
[2025-07-01T02:28:03.144+0000] {processor.py:925} INFO - DAG(s) 'example_setup_teardown' retrieved from /home/airflow/.local/lib/python3.12/site-packages/airflow/example_dags/example_setup_teardown.py
[2025-07-01T02:28:03.171+0000] {logging_mixin.py:190} INFO - [2025-07-01T02:28:03.170+0000] {dag.py:3239} INFO - Sync 1 DAGs
[2025-07-01T02:28:03.186+0000] {logging_mixin.py:190} INFO - [2025-07-01T02:28:03.186+0000] {dag.py:4180} INFO - Setting next_dagrun for example_setup_teardown to None, run_after=None
[2025-07-01T02:28:03.207+0000] {processor.py:208} INFO - Processing /home/airflow/.local/lib/python3.12/site-packages/airflow/example_dags/example_setup_teardown.py took 0.084 seconds
[2025-07-01T02:28:33.365+0000] {processor.py:186} INFO - Started process (PID=9111) to work on /home/airflow/.local/lib/python3.12/site-packages/airflow/example_dags/example_setup_teardown.py
[2025-07-01T02:28:33.366+0000] {processor.py:914} INFO - Processing file /home/airflow/.local/lib/python3.12/site-packages/airflow/example_dags/example_setup_teardown.py for tasks to queue
[2025-07-01T02:28:33.369+0000] {logging_mixin.py:190} INFO - [2025-07-01T02:28:33.369+0000] {dagbag.py:588} INFO - Filling up the DagBag from /home/airflow/.local/lib/python3.12/site-packages/airflow/example_dags/example_setup_teardown.py
[2025-07-01T02:28:33.377+0000] {processor.py:925} INFO - DAG(s) 'example_setup_teardown' retrieved from /home/airflow/.local/lib/python3.12/site-packages/airflow/example_dags/example_setup_teardown.py
[2025-07-01T02:28:33.402+0000] {logging_mixin.py:190} INFO - [2025-07-01T02:28:33.402+0000] {dag.py:3239} INFO - Sync 1 DAGs
[2025-07-01T02:28:33.415+0000] {logging_mixin.py:190} INFO - [2025-07-01T02:28:33.415+0000] {dag.py:4180} INFO - Setting next_dagrun for example_setup_teardown to None, run_after=None
[2025-07-01T02:28:33.434+0000] {processor.py:208} INFO - Processing /home/airflow/.local/lib/python3.12/site-packages/airflow/example_dags/example_setup_teardown.py took 0.074 seconds
[2025-07-01T02:29:03.843+0000] {processor.py:186} INFO - Started process (PID=9173) to work on /home/airflow/.local/lib/python3.12/site-packages/airflow/example_dags/example_setup_teardown.py
[2025-07-01T02:29:03.844+0000] {processor.py:914} INFO - Processing file /home/airflow/.local/lib/python3.12/site-packages/airflow/example_dags/example_setup_teardown.py for tasks to queue
[2025-07-01T02:29:03.847+0000] {logging_mixin.py:190} INFO - [2025-07-01T02:29:03.847+0000] {dagbag.py:588} INFO - Filling up the DagBag from /home/airflow/.local/lib/python3.12/site-packages/airflow/example_dags/example_setup_teardown.py
[2025-07-01T02:29:03.858+0000] {processor.py:925} INFO - DAG(s) 'example_setup_teardown' retrieved from /home/airflow/.local/lib/python3.12/site-packages/airflow/example_dags/example_setup_teardown.py
[2025-07-01T02:29:03.883+0000] {logging_mixin.py:190} INFO - [2025-07-01T02:29:03.883+0000] {dag.py:3239} INFO - Sync 1 DAGs
[2025-07-01T02:29:03.897+0000] {logging_mixin.py:190} INFO - [2025-07-01T02:29:03.897+0000] {dag.py:4180} INFO - Setting next_dagrun for example_setup_teardown to None, run_after=None
[2025-07-01T02:29:03.915+0000] {processor.py:208} INFO - Processing /home/airflow/.local/lib/python3.12/site-packages/airflow/example_dags/example_setup_teardown.py took 0.078 seconds
[2025-07-01T02:29:34.031+0000] {processor.py:186} INFO - Started process (PID=9235) to work on /home/airflow/.local/lib/python3.12/site-packages/airflow/example_dags/example_setup_teardown.py
[2025-07-01T02:29:34.032+0000] {processor.py:914} INFO - Processing file /home/airflow/.local/lib/python3.12/site-packages/airflow/example_dags/example_setup_teardown.py for tasks to queue
[2025-07-01T02:29:34.035+0000] {logging_mixin.py:190} INFO - [2025-07-01T02:29:34.035+0000] {dagbag.py:588} INFO - Filling up the DagBag from /home/airflow/.local/lib/python3.12/site-packages/airflow/example_dags/example_setup_teardown.py
[2025-07-01T02:29:34.044+0000] {processor.py:925} INFO - DAG(s) 'example_setup_teardown' retrieved from /home/airflow/.local/lib/python3.12/site-packages/airflow/example_dags/example_setup_teardown.py
[2025-07-01T02:29:34.067+0000] {logging_mixin.py:190} INFO - [2025-07-01T02:29:34.067+0000] {dag.py:3239} INFO - Sync 1 DAGs
[2025-07-01T02:29:34.082+0000] {logging_mixin.py:190} INFO - [2025-07-01T02:29:34.082+0000] {dag.py:4180} INFO - Setting next_dagrun for example_setup_teardown to None, run_after=None
[2025-07-01T02:29:34.103+0000] {processor.py:208} INFO - Processing /home/airflow/.local/lib/python3.12/site-packages/airflow/example_dags/example_setup_teardown.py took 0.078 seconds
[2025-07-01T02:30:04.517+0000] {processor.py:186} INFO - Started process (PID=9297) to work on /home/airflow/.local/lib/python3.12/site-packages/airflow/example_dags/example_setup_teardown.py
[2025-07-01T02:30:04.519+0000] {processor.py:914} INFO - Processing file /home/airflow/.local/lib/python3.12/site-packages/airflow/example_dags/example_setup_teardown.py for tasks to queue
[2025-07-01T02:30:04.521+0000] {logging_mixin.py:190} INFO - [2025-07-01T02:30:04.521+0000] {dagbag.py:588} INFO - Filling up the DagBag from /home/airflow/.local/lib/python3.12/site-packages/airflow/example_dags/example_setup_teardown.py
[2025-07-01T02:30:04.530+0000] {processor.py:925} INFO - DAG(s) 'example_setup_teardown' retrieved from /home/airflow/.local/lib/python3.12/site-packages/airflow/example_dags/example_setup_teardown.py
[2025-07-01T02:30:04.553+0000] {logging_mixin.py:190} INFO - [2025-07-01T02:30:04.553+0000] {dag.py:3239} INFO - Sync 1 DAGs
[2025-07-01T02:30:04.569+0000] {logging_mixin.py:190} INFO - [2025-07-01T02:30:04.568+0000] {dag.py:4180} INFO - Setting next_dagrun for example_setup_teardown to None, run_after=None
[2025-07-01T02:30:04.586+0000] {processor.py:208} INFO - Processing /home/airflow/.local/lib/python3.12/site-packages/airflow/example_dags/example_setup_teardown.py took 0.075 seconds
[2025-07-01T02:30:34.961+0000] {processor.py:186} INFO - Started process (PID=9360) to work on /home/airflow/.local/lib/python3.12/site-packages/airflow/example_dags/example_setup_teardown.py
[2025-07-01T02:30:34.962+0000] {processor.py:914} INFO - Processing file /home/airflow/.local/lib/python3.12/site-packages/airflow/example_dags/example_setup_teardown.py for tasks to queue
[2025-07-01T02:30:34.965+0000] {logging_mixin.py:190} INFO - [2025-07-01T02:30:34.964+0000] {dagbag.py:588} INFO - Filling up the DagBag from /home/airflow/.local/lib/python3.12/site-packages/airflow/example_dags/example_setup_teardown.py
[2025-07-01T02:30:34.973+0000] {processor.py:925} INFO - DAG(s) 'example_setup_teardown' retrieved from /home/airflow/.local/lib/python3.12/site-packages/airflow/example_dags/example_setup_teardown.py
[2025-07-01T02:30:34.993+0000] {logging_mixin.py:190} INFO - [2025-07-01T02:30:34.993+0000] {dag.py:3239} INFO - Sync 1 DAGs
[2025-07-01T02:30:35.006+0000] {logging_mixin.py:190} INFO - [2025-07-01T02:30:35.006+0000] {dag.py:4180} INFO - Setting next_dagrun for example_setup_teardown to None, run_after=None
[2025-07-01T02:30:35.024+0000] {processor.py:208} INFO - Processing /home/airflow/.local/lib/python3.12/site-packages/airflow/example_dags/example_setup_teardown.py took 0.069 seconds
[2025-07-01T02:31:05.143+0000] {processor.py:186} INFO - Started process (PID=9422) to work on /home/airflow/.local/lib/python3.12/site-packages/airflow/example_dags/example_setup_teardown.py
[2025-07-01T02:31:05.144+0000] {processor.py:914} INFO - Processing file /home/airflow/.local/lib/python3.12/site-packages/airflow/example_dags/example_setup_teardown.py for tasks to queue
[2025-07-01T02:31:05.147+0000] {logging_mixin.py:190} INFO - [2025-07-01T02:31:05.146+0000] {dagbag.py:588} INFO - Filling up the DagBag from /home/airflow/.local/lib/python3.12/site-packages/airflow/example_dags/example_setup_teardown.py
[2025-07-01T02:31:05.156+0000] {processor.py:925} INFO - DAG(s) 'example_setup_teardown' retrieved from /home/airflow/.local/lib/python3.12/site-packages/airflow/example_dags/example_setup_teardown.py
[2025-07-01T02:31:05.181+0000] {logging_mixin.py:190} INFO - [2025-07-01T02:31:05.181+0000] {dag.py:3239} INFO - Sync 1 DAGs
[2025-07-01T02:31:05.196+0000] {logging_mixin.py:190} INFO - [2025-07-01T02:31:05.195+0000] {dag.py:4180} INFO - Setting next_dagrun for example_setup_teardown to None, run_after=None
[2025-07-01T02:31:05.219+0000] {processor.py:208} INFO - Processing /home/airflow/.local/lib/python3.12/site-packages/airflow/example_dags/example_setup_teardown.py took 0.082 seconds
[2025-07-01T02:31:35.372+0000] {processor.py:186} INFO - Started process (PID=9483) to work on /home/airflow/.local/lib/python3.12/site-packages/airflow/example_dags/example_setup_teardown.py
[2025-07-01T02:31:35.373+0000] {processor.py:914} INFO - Processing file /home/airflow/.local/lib/python3.12/site-packages/airflow/example_dags/example_setup_teardown.py for tasks to queue
[2025-07-01T02:31:35.376+0000] {logging_mixin.py:190} INFO - [2025-07-01T02:31:35.375+0000] {dagbag.py:588} INFO - Filling up the DagBag from /home/airflow/.local/lib/python3.12/site-packages/airflow/example_dags/example_setup_teardown.py
[2025-07-01T02:31:35.384+0000] {processor.py:925} INFO - DAG(s) 'example_setup_teardown' retrieved from /home/airflow/.local/lib/python3.12/site-packages/airflow/example_dags/example_setup_teardown.py
[2025-07-01T02:31:35.403+0000] {logging_mixin.py:190} INFO - [2025-07-01T02:31:35.403+0000] {dag.py:3239} INFO - Sync 1 DAGs
[2025-07-01T02:31:35.421+0000] {logging_mixin.py:190} INFO - [2025-07-01T02:31:35.421+0000] {dag.py:4180} INFO - Setting next_dagrun for example_setup_teardown to None, run_after=None
[2025-07-01T02:31:35.439+0000] {processor.py:208} INFO - Processing /home/airflow/.local/lib/python3.12/site-packages/airflow/example_dags/example_setup_teardown.py took 0.074 seconds
[2025-07-01T02:32:05.651+0000] {processor.py:186} INFO - Started process (PID=9545) to work on /home/airflow/.local/lib/python3.12/site-packages/airflow/example_dags/example_setup_teardown.py
[2025-07-01T02:32:05.654+0000] {processor.py:914} INFO - Processing file /home/airflow/.local/lib/python3.12/site-packages/airflow/example_dags/example_setup_teardown.py for tasks to queue
[2025-07-01T02:32:05.657+0000] {logging_mixin.py:190} INFO - [2025-07-01T02:32:05.657+0000] {dagbag.py:588} INFO - Filling up the DagBag from /home/airflow/.local/lib/python3.12/site-packages/airflow/example_dags/example_setup_teardown.py
[2025-07-01T02:32:05.666+0000] {processor.py:925} INFO - DAG(s) 'example_setup_teardown' retrieved from /home/airflow/.local/lib/python3.12/site-packages/airflow/example_dags/example_setup_teardown.py
[2025-07-01T02:32:05.684+0000] {logging_mixin.py:190} INFO - [2025-07-01T02:32:05.684+0000] {dag.py:3239} INFO - Sync 1 DAGs
[2025-07-01T02:32:05.698+0000] {logging_mixin.py:190} INFO - [2025-07-01T02:32:05.698+0000] {dag.py:4180} INFO - Setting next_dagrun for example_setup_teardown to None, run_after=None
[2025-07-01T02:32:05.716+0000] {processor.py:208} INFO - Processing /home/airflow/.local/lib/python3.12/site-packages/airflow/example_dags/example_setup_teardown.py took 0.071 seconds
[2025-07-01T02:32:36.121+0000] {processor.py:186} INFO - Started process (PID=9607) to work on /home/airflow/.local/lib/python3.12/site-packages/airflow/example_dags/example_setup_teardown.py
[2025-07-01T02:32:36.123+0000] {processor.py:914} INFO - Processing file /home/airflow/.local/lib/python3.12/site-packages/airflow/example_dags/example_setup_teardown.py for tasks to queue
[2025-07-01T02:32:36.125+0000] {logging_mixin.py:190} INFO - [2025-07-01T02:32:36.125+0000] {dagbag.py:588} INFO - Filling up the DagBag from /home/airflow/.local/lib/python3.12/site-packages/airflow/example_dags/example_setup_teardown.py
[2025-07-01T02:32:36.134+0000] {processor.py:925} INFO - DAG(s) 'example_setup_teardown' retrieved from /home/airflow/.local/lib/python3.12/site-packages/airflow/example_dags/example_setup_teardown.py
[2025-07-01T02:32:36.155+0000] {logging_mixin.py:190} INFO - [2025-07-01T02:32:36.155+0000] {dag.py:3239} INFO - Sync 1 DAGs
[2025-07-01T02:32:36.171+0000] {logging_mixin.py:190} INFO - [2025-07-01T02:32:36.171+0000] {dag.py:4180} INFO - Setting next_dagrun for example_setup_teardown to None, run_after=None
[2025-07-01T02:32:36.366+0000] {processor.py:208} INFO - Processing /home/airflow/.local/lib/python3.12/site-packages/airflow/example_dags/example_setup_teardown.py took 0.251 seconds
[2025-07-01T02:33:06.930+0000] {processor.py:186} INFO - Started process (PID=9669) to work on /home/airflow/.local/lib/python3.12/site-packages/airflow/example_dags/example_setup_teardown.py
[2025-07-01T02:33:06.931+0000] {processor.py:914} INFO - Processing file /home/airflow/.local/lib/python3.12/site-packages/airflow/example_dags/example_setup_teardown.py for tasks to queue
[2025-07-01T02:33:06.934+0000] {logging_mixin.py:190} INFO - [2025-07-01T02:33:06.933+0000] {dagbag.py:588} INFO - Filling up the DagBag from /home/airflow/.local/lib/python3.12/site-packages/airflow/example_dags/example_setup_teardown.py
[2025-07-01T02:33:06.944+0000] {processor.py:925} INFO - DAG(s) 'example_setup_teardown' retrieved from /home/airflow/.local/lib/python3.12/site-packages/airflow/example_dags/example_setup_teardown.py
[2025-07-01T02:33:06.968+0000] {logging_mixin.py:190} INFO - [2025-07-01T02:33:06.968+0000] {dag.py:3239} INFO - Sync 1 DAGs
[2025-07-01T02:33:06.982+0000] {logging_mixin.py:190} INFO - [2025-07-01T02:33:06.982+0000] {dag.py:4180} INFO - Setting next_dagrun for example_setup_teardown to None, run_after=None
[2025-07-01T02:33:07.000+0000] {processor.py:208} INFO - Processing /home/airflow/.local/lib/python3.12/site-packages/airflow/example_dags/example_setup_teardown.py took 0.077 seconds
[2025-07-01T02:33:37.685+0000] {processor.py:186} INFO - Started process (PID=9731) to work on /home/airflow/.local/lib/python3.12/site-packages/airflow/example_dags/example_setup_teardown.py
[2025-07-01T02:33:37.686+0000] {processor.py:914} INFO - Processing file /home/airflow/.local/lib/python3.12/site-packages/airflow/example_dags/example_setup_teardown.py for tasks to queue
[2025-07-01T02:33:37.689+0000] {logging_mixin.py:190} INFO - [2025-07-01T02:33:37.688+0000] {dagbag.py:588} INFO - Filling up the DagBag from /home/airflow/.local/lib/python3.12/site-packages/airflow/example_dags/example_setup_teardown.py
[2025-07-01T02:33:37.698+0000] {processor.py:925} INFO - DAG(s) 'example_setup_teardown' retrieved from /home/airflow/.local/lib/python3.12/site-packages/airflow/example_dags/example_setup_teardown.py
[2025-07-01T02:33:37.717+0000] {logging_mixin.py:190} INFO - [2025-07-01T02:33:37.717+0000] {dag.py:3239} INFO - Sync 1 DAGs
[2025-07-01T02:33:37.730+0000] {logging_mixin.py:190} INFO - [2025-07-01T02:33:37.730+0000] {dag.py:4180} INFO - Setting next_dagrun for example_setup_teardown to None, run_after=None
[2025-07-01T02:33:37.748+0000] {processor.py:208} INFO - Processing /home/airflow/.local/lib/python3.12/site-packages/airflow/example_dags/example_setup_teardown.py took 0.069 seconds
[2025-07-01T02:34:07.834+0000] {processor.py:186} INFO - Started process (PID=9793) to work on /home/airflow/.local/lib/python3.12/site-packages/airflow/example_dags/example_setup_teardown.py
[2025-07-01T02:34:07.835+0000] {processor.py:914} INFO - Processing file /home/airflow/.local/lib/python3.12/site-packages/airflow/example_dags/example_setup_teardown.py for tasks to queue
[2025-07-01T02:34:07.838+0000] {logging_mixin.py:190} INFO - [2025-07-01T02:34:07.837+0000] {dagbag.py:588} INFO - Filling up the DagBag from /home/airflow/.local/lib/python3.12/site-packages/airflow/example_dags/example_setup_teardown.py
[2025-07-01T02:34:07.847+0000] {processor.py:925} INFO - DAG(s) 'example_setup_teardown' retrieved from /home/airflow/.local/lib/python3.12/site-packages/airflow/example_dags/example_setup_teardown.py
[2025-07-01T02:34:07.866+0000] {logging_mixin.py:190} INFO - [2025-07-01T02:34:07.866+0000] {dag.py:3239} INFO - Sync 1 DAGs
[2025-07-01T02:34:07.880+0000] {logging_mixin.py:190} INFO - [2025-07-01T02:34:07.880+0000] {dag.py:4180} INFO - Setting next_dagrun for example_setup_teardown to None, run_after=None
[2025-07-01T02:34:07.898+0000] {processor.py:208} INFO - Processing /home/airflow/.local/lib/python3.12/site-packages/airflow/example_dags/example_setup_teardown.py took 0.070 seconds
[2025-07-01T02:34:39.314+0000] {processor.py:186} INFO - Started process (PID=9855) to work on /home/airflow/.local/lib/python3.12/site-packages/airflow/example_dags/example_setup_teardown.py
[2025-07-01T02:34:39.315+0000] {processor.py:914} INFO - Processing file /home/airflow/.local/lib/python3.12/site-packages/airflow/example_dags/example_setup_teardown.py for tasks to queue
[2025-07-01T02:34:39.318+0000] {logging_mixin.py:190} INFO - [2025-07-01T02:34:39.318+0000] {dagbag.py:588} INFO - Filling up the DagBag from /home/airflow/.local/lib/python3.12/site-packages/airflow/example_dags/example_setup_teardown.py
[2025-07-01T02:34:39.488+0000] {processor.py:925} INFO - DAG(s) 'example_setup_teardown' retrieved from /home/airflow/.local/lib/python3.12/site-packages/airflow/example_dags/example_setup_teardown.py
[2025-07-01T02:34:39.510+0000] {logging_mixin.py:190} INFO - [2025-07-01T02:34:39.509+0000] {dag.py:3239} INFO - Sync 1 DAGs
[2025-07-01T02:34:39.524+0000] {logging_mixin.py:190} INFO - [2025-07-01T02:34:39.524+0000] {dag.py:4180} INFO - Setting next_dagrun for example_setup_teardown to None, run_after=None
[2025-07-01T02:34:39.543+0000] {processor.py:208} INFO - Processing /home/airflow/.local/lib/python3.12/site-packages/airflow/example_dags/example_setup_teardown.py took 0.235 seconds
[2025-07-01T02:35:09.965+0000] {processor.py:186} INFO - Started process (PID=9917) to work on /home/airflow/.local/lib/python3.12/site-packages/airflow/example_dags/example_setup_teardown.py
[2025-07-01T02:35:09.966+0000] {processor.py:914} INFO - Processing file /home/airflow/.local/lib/python3.12/site-packages/airflow/example_dags/example_setup_teardown.py for tasks to queue
[2025-07-01T02:35:09.969+0000] {logging_mixin.py:190} INFO - [2025-07-01T02:35:09.968+0000] {dagbag.py:588} INFO - Filling up the DagBag from /home/airflow/.local/lib/python3.12/site-packages/airflow/example_dags/example_setup_teardown.py
[2025-07-01T02:35:09.978+0000] {processor.py:925} INFO - DAG(s) 'example_setup_teardown' retrieved from /home/airflow/.local/lib/python3.12/site-packages/airflow/example_dags/example_setup_teardown.py
[2025-07-01T02:35:09.996+0000] {logging_mixin.py:190} INFO - [2025-07-01T02:35:09.996+0000] {dag.py:3239} INFO - Sync 1 DAGs
[2025-07-01T02:35:10.009+0000] {logging_mixin.py:190} INFO - [2025-07-01T02:35:10.009+0000] {dag.py:4180} INFO - Setting next_dagrun for example_setup_teardown to None, run_after=None
[2025-07-01T02:35:10.026+0000] {processor.py:208} INFO - Processing /home/airflow/.local/lib/python3.12/site-packages/airflow/example_dags/example_setup_teardown.py took 0.068 seconds
[2025-07-01T02:35:40.177+0000] {processor.py:186} INFO - Started process (PID=9979) to work on /home/airflow/.local/lib/python3.12/site-packages/airflow/example_dags/example_setup_teardown.py
[2025-07-01T02:35:40.178+0000] {processor.py:914} INFO - Processing file /home/airflow/.local/lib/python3.12/site-packages/airflow/example_dags/example_setup_teardown.py for tasks to queue
[2025-07-01T02:35:40.181+0000] {logging_mixin.py:190} INFO - [2025-07-01T02:35:40.181+0000] {dagbag.py:588} INFO - Filling up the DagBag from /home/airflow/.local/lib/python3.12/site-packages/airflow/example_dags/example_setup_teardown.py
[2025-07-01T02:35:40.189+0000] {processor.py:925} INFO - DAG(s) 'example_setup_teardown' retrieved from /home/airflow/.local/lib/python3.12/site-packages/airflow/example_dags/example_setup_teardown.py
[2025-07-01T02:35:40.208+0000] {logging_mixin.py:190} INFO - [2025-07-01T02:35:40.208+0000] {dag.py:3239} INFO - Sync 1 DAGs
[2025-07-01T02:35:40.222+0000] {logging_mixin.py:190} INFO - [2025-07-01T02:35:40.222+0000] {dag.py:4180} INFO - Setting next_dagrun for example_setup_teardown to None, run_after=None
[2025-07-01T02:35:40.239+0000] {processor.py:208} INFO - Processing /home/airflow/.local/lib/python3.12/site-packages/airflow/example_dags/example_setup_teardown.py took 0.068 seconds
[2025-07-01T02:36:11.006+0000] {processor.py:186} INFO - Started process (PID=10041) to work on /home/airflow/.local/lib/python3.12/site-packages/airflow/example_dags/example_setup_teardown.py
[2025-07-01T02:36:11.007+0000] {processor.py:914} INFO - Processing file /home/airflow/.local/lib/python3.12/site-packages/airflow/example_dags/example_setup_teardown.py for tasks to queue
[2025-07-01T02:36:11.011+0000] {logging_mixin.py:190} INFO - [2025-07-01T02:36:11.010+0000] {dagbag.py:588} INFO - Filling up the DagBag from /home/airflow/.local/lib/python3.12/site-packages/airflow/example_dags/example_setup_teardown.py
[2025-07-01T02:36:11.019+0000] {processor.py:925} INFO - DAG(s) 'example_setup_teardown' retrieved from /home/airflow/.local/lib/python3.12/site-packages/airflow/example_dags/example_setup_teardown.py
[2025-07-01T02:36:11.039+0000] {logging_mixin.py:190} INFO - [2025-07-01T02:36:11.039+0000] {dag.py:3239} INFO - Sync 1 DAGs
[2025-07-01T02:36:11.053+0000] {logging_mixin.py:190} INFO - [2025-07-01T02:36:11.053+0000] {dag.py:4180} INFO - Setting next_dagrun for example_setup_teardown to None, run_after=None
[2025-07-01T02:36:11.072+0000] {processor.py:208} INFO - Processing /home/airflow/.local/lib/python3.12/site-packages/airflow/example_dags/example_setup_teardown.py took 0.072 seconds
[2025-07-01T02:36:41.939+0000] {processor.py:186} INFO - Started process (PID=10103) to work on /home/airflow/.local/lib/python3.12/site-packages/airflow/example_dags/example_setup_teardown.py
[2025-07-01T02:36:41.940+0000] {processor.py:914} INFO - Processing file /home/airflow/.local/lib/python3.12/site-packages/airflow/example_dags/example_setup_teardown.py for tasks to queue
[2025-07-01T02:36:41.943+0000] {logging_mixin.py:190} INFO - [2025-07-01T02:36:41.942+0000] {dagbag.py:588} INFO - Filling up the DagBag from /home/airflow/.local/lib/python3.12/site-packages/airflow/example_dags/example_setup_teardown.py
[2025-07-01T02:36:41.953+0000] {processor.py:925} INFO - DAG(s) 'example_setup_teardown' retrieved from /home/airflow/.local/lib/python3.12/site-packages/airflow/example_dags/example_setup_teardown.py
[2025-07-01T02:36:41.975+0000] {logging_mixin.py:190} INFO - [2025-07-01T02:36:41.975+0000] {dag.py:3239} INFO - Sync 1 DAGs
[2025-07-01T02:36:41.990+0000] {logging_mixin.py:190} INFO - [2025-07-01T02:36:41.990+0000] {dag.py:4180} INFO - Setting next_dagrun for example_setup_teardown to None, run_after=None
[2025-07-01T02:36:42.009+0000] {processor.py:208} INFO - Processing /home/airflow/.local/lib/python3.12/site-packages/airflow/example_dags/example_setup_teardown.py took 0.077 seconds
[2025-07-01T02:37:12.309+0000] {processor.py:186} INFO - Started process (PID=10165) to work on /home/airflow/.local/lib/python3.12/site-packages/airflow/example_dags/example_setup_teardown.py
[2025-07-01T02:37:12.310+0000] {processor.py:914} INFO - Processing file /home/airflow/.local/lib/python3.12/site-packages/airflow/example_dags/example_setup_teardown.py for tasks to queue
[2025-07-01T02:37:12.313+0000] {logging_mixin.py:190} INFO - [2025-07-01T02:37:12.313+0000] {dagbag.py:588} INFO - Filling up the DagBag from /home/airflow/.local/lib/python3.12/site-packages/airflow/example_dags/example_setup_teardown.py
[2025-07-01T02:37:12.321+0000] {processor.py:925} INFO - DAG(s) 'example_setup_teardown' retrieved from /home/airflow/.local/lib/python3.12/site-packages/airflow/example_dags/example_setup_teardown.py
[2025-07-01T02:37:12.340+0000] {logging_mixin.py:190} INFO - [2025-07-01T02:37:12.340+0000] {dag.py:3239} INFO - Sync 1 DAGs
[2025-07-01T02:37:12.354+0000] {logging_mixin.py:190} INFO - [2025-07-01T02:37:12.354+0000] {dag.py:4180} INFO - Setting next_dagrun for example_setup_teardown to None, run_after=None
[2025-07-01T02:37:12.371+0000] {processor.py:208} INFO - Processing /home/airflow/.local/lib/python3.12/site-packages/airflow/example_dags/example_setup_teardown.py took 0.067 seconds
[2025-07-01T02:37:42.605+0000] {processor.py:186} INFO - Started process (PID=10228) to work on /home/airflow/.local/lib/python3.12/site-packages/airflow/example_dags/example_setup_teardown.py
[2025-07-01T02:37:42.606+0000] {processor.py:914} INFO - Processing file /home/airflow/.local/lib/python3.12/site-packages/airflow/example_dags/example_setup_teardown.py for tasks to queue
[2025-07-01T02:37:42.609+0000] {logging_mixin.py:190} INFO - [2025-07-01T02:37:42.609+0000] {dagbag.py:588} INFO - Filling up the DagBag from /home/airflow/.local/lib/python3.12/site-packages/airflow/example_dags/example_setup_teardown.py
[2025-07-01T02:37:42.617+0000] {processor.py:925} INFO - DAG(s) 'example_setup_teardown' retrieved from /home/airflow/.local/lib/python3.12/site-packages/airflow/example_dags/example_setup_teardown.py
[2025-07-01T02:37:42.636+0000] {logging_mixin.py:190} INFO - [2025-07-01T02:37:42.636+0000] {dag.py:3239} INFO - Sync 1 DAGs
[2025-07-01T02:37:42.652+0000] {logging_mixin.py:190} INFO - [2025-07-01T02:37:42.652+0000] {dag.py:4180} INFO - Setting next_dagrun for example_setup_teardown to None, run_after=None
[2025-07-01T02:37:42.669+0000] {processor.py:208} INFO - Processing /home/airflow/.local/lib/python3.12/site-packages/airflow/example_dags/example_setup_teardown.py took 0.070 seconds
[2025-07-01T02:38:12.851+0000] {processor.py:186} INFO - Started process (PID=10290) to work on /home/airflow/.local/lib/python3.12/site-packages/airflow/example_dags/example_setup_teardown.py
[2025-07-01T02:38:12.852+0000] {processor.py:914} INFO - Processing file /home/airflow/.local/lib/python3.12/site-packages/airflow/example_dags/example_setup_teardown.py for tasks to queue
[2025-07-01T02:38:12.854+0000] {logging_mixin.py:190} INFO - [2025-07-01T02:38:12.854+0000] {dagbag.py:588} INFO - Filling up the DagBag from /home/airflow/.local/lib/python3.12/site-packages/airflow/example_dags/example_setup_teardown.py
[2025-07-01T02:38:12.863+0000] {processor.py:925} INFO - DAG(s) 'example_setup_teardown' retrieved from /home/airflow/.local/lib/python3.12/site-packages/airflow/example_dags/example_setup_teardown.py
[2025-07-01T02:38:12.891+0000] {logging_mixin.py:190} INFO - [2025-07-01T02:38:12.891+0000] {dag.py:3239} INFO - Sync 1 DAGs
[2025-07-01T02:38:12.904+0000] {logging_mixin.py:190} INFO - [2025-07-01T02:38:12.904+0000] {dag.py:4180} INFO - Setting next_dagrun for example_setup_teardown to None, run_after=None
[2025-07-01T02:38:12.920+0000] {processor.py:208} INFO - Processing /home/airflow/.local/lib/python3.12/site-packages/airflow/example_dags/example_setup_teardown.py took 0.077 seconds
[2025-07-01T02:38:43.520+0000] {processor.py:186} INFO - Started process (PID=10352) to work on /home/airflow/.local/lib/python3.12/site-packages/airflow/example_dags/example_setup_teardown.py
[2025-07-01T02:38:43.522+0000] {processor.py:914} INFO - Processing file /home/airflow/.local/lib/python3.12/site-packages/airflow/example_dags/example_setup_teardown.py for tasks to queue
[2025-07-01T02:38:43.525+0000] {logging_mixin.py:190} INFO - [2025-07-01T02:38:43.524+0000] {dagbag.py:588} INFO - Filling up the DagBag from /home/airflow/.local/lib/python3.12/site-packages/airflow/example_dags/example_setup_teardown.py
[2025-07-01T02:38:43.536+0000] {processor.py:925} INFO - DAG(s) 'example_setup_teardown' retrieved from /home/airflow/.local/lib/python3.12/site-packages/airflow/example_dags/example_setup_teardown.py
[2025-07-01T02:38:43.559+0000] {logging_mixin.py:190} INFO - [2025-07-01T02:38:43.558+0000] {dag.py:3239} INFO - Sync 1 DAGs
[2025-07-01T02:38:43.576+0000] {logging_mixin.py:190} INFO - [2025-07-01T02:38:43.576+0000] {dag.py:4180} INFO - Setting next_dagrun for example_setup_teardown to None, run_after=None
[2025-07-01T02:38:43.603+0000] {processor.py:208} INFO - Processing /home/airflow/.local/lib/python3.12/site-packages/airflow/example_dags/example_setup_teardown.py took 0.089 seconds
[2025-07-01T02:39:14.321+0000] {processor.py:186} INFO - Started process (PID=10414) to work on /home/airflow/.local/lib/python3.12/site-packages/airflow/example_dags/example_setup_teardown.py
[2025-07-01T02:39:14.322+0000] {processor.py:914} INFO - Processing file /home/airflow/.local/lib/python3.12/site-packages/airflow/example_dags/example_setup_teardown.py for tasks to queue
[2025-07-01T02:39:14.326+0000] {logging_mixin.py:190} INFO - [2025-07-01T02:39:14.325+0000] {dagbag.py:588} INFO - Filling up the DagBag from /home/airflow/.local/lib/python3.12/site-packages/airflow/example_dags/example_setup_teardown.py
[2025-07-01T02:39:14.335+0000] {processor.py:925} INFO - DAG(s) 'example_setup_teardown' retrieved from /home/airflow/.local/lib/python3.12/site-packages/airflow/example_dags/example_setup_teardown.py
[2025-07-01T02:39:14.356+0000] {logging_mixin.py:190} INFO - [2025-07-01T02:39:14.355+0000] {dag.py:3239} INFO - Sync 1 DAGs
[2025-07-01T02:39:14.370+0000] {logging_mixin.py:190} INFO - [2025-07-01T02:39:14.370+0000] {dag.py:4180} INFO - Setting next_dagrun for example_setup_teardown to None, run_after=None
[2025-07-01T02:39:14.388+0000] {processor.py:208} INFO - Processing /home/airflow/.local/lib/python3.12/site-packages/airflow/example_dags/example_setup_teardown.py took 0.075 seconds
[2025-07-01T02:39:45.164+0000] {processor.py:186} INFO - Started process (PID=10476) to work on /home/airflow/.local/lib/python3.12/site-packages/airflow/example_dags/example_setup_teardown.py
[2025-07-01T02:39:45.166+0000] {processor.py:914} INFO - Processing file /home/airflow/.local/lib/python3.12/site-packages/airflow/example_dags/example_setup_teardown.py for tasks to queue
[2025-07-01T02:39:45.168+0000] {logging_mixin.py:190} INFO - [2025-07-01T02:39:45.168+0000] {dagbag.py:588} INFO - Filling up the DagBag from /home/airflow/.local/lib/python3.12/site-packages/airflow/example_dags/example_setup_teardown.py
[2025-07-01T02:39:45.176+0000] {processor.py:925} INFO - DAG(s) 'example_setup_teardown' retrieved from /home/airflow/.local/lib/python3.12/site-packages/airflow/example_dags/example_setup_teardown.py
[2025-07-01T02:39:45.195+0000] {logging_mixin.py:190} INFO - [2025-07-01T02:39:45.195+0000] {dag.py:3239} INFO - Sync 1 DAGs
[2025-07-01T02:39:45.210+0000] {logging_mixin.py:190} INFO - [2025-07-01T02:39:45.209+0000] {dag.py:4180} INFO - Setting next_dagrun for example_setup_teardown to None, run_after=None
[2025-07-01T02:39:45.227+0000] {processor.py:208} INFO - Processing /home/airflow/.local/lib/python3.12/site-packages/airflow/example_dags/example_setup_teardown.py took 0.069 seconds
[2025-07-01T02:40:16.241+0000] {processor.py:186} INFO - Started process (PID=10538) to work on /home/airflow/.local/lib/python3.12/site-packages/airflow/example_dags/example_setup_teardown.py
[2025-07-01T02:40:16.242+0000] {processor.py:914} INFO - Processing file /home/airflow/.local/lib/python3.12/site-packages/airflow/example_dags/example_setup_teardown.py for tasks to queue
[2025-07-01T02:40:16.245+0000] {logging_mixin.py:190} INFO - [2025-07-01T02:40:16.245+0000] {dagbag.py:588} INFO - Filling up the DagBag from /home/airflow/.local/lib/python3.12/site-packages/airflow/example_dags/example_setup_teardown.py
[2025-07-01T02:40:16.253+0000] {processor.py:925} INFO - DAG(s) 'example_setup_teardown' retrieved from /home/airflow/.local/lib/python3.12/site-packages/airflow/example_dags/example_setup_teardown.py
[2025-07-01T02:40:16.272+0000] {logging_mixin.py:190} INFO - [2025-07-01T02:40:16.271+0000] {dag.py:3239} INFO - Sync 1 DAGs
[2025-07-01T02:40:16.285+0000] {logging_mixin.py:190} INFO - [2025-07-01T02:40:16.285+0000] {dag.py:4180} INFO - Setting next_dagrun for example_setup_teardown to None, run_after=None
[2025-07-01T02:40:16.302+0000] {processor.py:208} INFO - Processing /home/airflow/.local/lib/python3.12/site-packages/airflow/example_dags/example_setup_teardown.py took 0.067 seconds
[2025-07-01T02:40:46.976+0000] {processor.py:186} INFO - Started process (PID=10600) to work on /home/airflow/.local/lib/python3.12/site-packages/airflow/example_dags/example_setup_teardown.py
[2025-07-01T02:40:46.977+0000] {processor.py:914} INFO - Processing file /home/airflow/.local/lib/python3.12/site-packages/airflow/example_dags/example_setup_teardown.py for tasks to queue
[2025-07-01T02:40:46.980+0000] {logging_mixin.py:190} INFO - [2025-07-01T02:40:46.979+0000] {dagbag.py:588} INFO - Filling up the DagBag from /home/airflow/.local/lib/python3.12/site-packages/airflow/example_dags/example_setup_teardown.py
[2025-07-01T02:40:46.988+0000] {processor.py:925} INFO - DAG(s) 'example_setup_teardown' retrieved from /home/airflow/.local/lib/python3.12/site-packages/airflow/example_dags/example_setup_teardown.py
[2025-07-01T02:40:47.007+0000] {logging_mixin.py:190} INFO - [2025-07-01T02:40:47.006+0000] {dag.py:3239} INFO - Sync 1 DAGs
[2025-07-01T02:40:47.020+0000] {logging_mixin.py:190} INFO - [2025-07-01T02:40:47.020+0000] {dag.py:4180} INFO - Setting next_dagrun for example_setup_teardown to None, run_after=None
[2025-07-01T02:40:47.037+0000] {processor.py:208} INFO - Processing /home/airflow/.local/lib/python3.12/site-packages/airflow/example_dags/example_setup_teardown.py took 0.067 seconds
[2025-07-01T02:41:17.890+0000] {processor.py:186} INFO - Started process (PID=10662) to work on /home/airflow/.local/lib/python3.12/site-packages/airflow/example_dags/example_setup_teardown.py
[2025-07-01T02:41:17.891+0000] {processor.py:914} INFO - Processing file /home/airflow/.local/lib/python3.12/site-packages/airflow/example_dags/example_setup_teardown.py for tasks to queue
[2025-07-01T02:41:17.894+0000] {logging_mixin.py:190} INFO - [2025-07-01T02:41:17.893+0000] {dagbag.py:588} INFO - Filling up the DagBag from /home/airflow/.local/lib/python3.12/site-packages/airflow/example_dags/example_setup_teardown.py
[2025-07-01T02:41:17.902+0000] {processor.py:925} INFO - DAG(s) 'example_setup_teardown' retrieved from /home/airflow/.local/lib/python3.12/site-packages/airflow/example_dags/example_setup_teardown.py
[2025-07-01T02:41:17.921+0000] {logging_mixin.py:190} INFO - [2025-07-01T02:41:17.921+0000] {dag.py:3239} INFO - Sync 1 DAGs
[2025-07-01T02:41:17.935+0000] {logging_mixin.py:190} INFO - [2025-07-01T02:41:17.935+0000] {dag.py:4180} INFO - Setting next_dagrun for example_setup_teardown to None, run_after=None
[2025-07-01T02:41:17.952+0000] {processor.py:208} INFO - Processing /home/airflow/.local/lib/python3.12/site-packages/airflow/example_dags/example_setup_teardown.py took 0.069 seconds
[2025-07-01T02:48:41.267+0000] {processor.py:186} INFO - Started process (PID=10692) to work on /home/airflow/.local/lib/python3.12/site-packages/airflow/example_dags/example_setup_teardown.py
[2025-07-01T02:48:41.278+0000] {processor.py:914} INFO - Processing file /home/airflow/.local/lib/python3.12/site-packages/airflow/example_dags/example_setup_teardown.py for tasks to queue
[2025-07-01T02:48:41.285+0000] {logging_mixin.py:190} INFO - [2025-07-01T02:48:41.284+0000] {dagbag.py:588} INFO - Filling up the DagBag from /home/airflow/.local/lib/python3.12/site-packages/airflow/example_dags/example_setup_teardown.py
[2025-07-01T02:48:41.331+0000] {processor.py:925} INFO - DAG(s) 'example_setup_teardown' retrieved from /home/airflow/.local/lib/python3.12/site-packages/airflow/example_dags/example_setup_teardown.py
[2025-07-01T02:48:41.426+0000] {logging_mixin.py:190} INFO - [2025-07-01T02:48:41.426+0000] {dag.py:3239} INFO - Sync 1 DAGs
[2025-07-01T02:48:41.508+0000] {logging_mixin.py:190} INFO - [2025-07-01T02:48:41.507+0000] {dag.py:4180} INFO - Setting next_dagrun for example_setup_teardown to None, run_after=None
[2025-07-01T02:48:41.601+0000] {processor.py:208} INFO - Processing /home/airflow/.local/lib/python3.12/site-packages/airflow/example_dags/example_setup_teardown.py took 0.355 seconds
[2025-07-01T02:49:12.228+0000] {processor.py:186} INFO - Started process (PID=10754) to work on /home/airflow/.local/lib/python3.12/site-packages/airflow/example_dags/example_setup_teardown.py
[2025-07-01T02:49:12.229+0000] {processor.py:914} INFO - Processing file /home/airflow/.local/lib/python3.12/site-packages/airflow/example_dags/example_setup_teardown.py for tasks to queue
[2025-07-01T02:49:12.233+0000] {logging_mixin.py:190} INFO - [2025-07-01T02:49:12.232+0000] {dagbag.py:588} INFO - Filling up the DagBag from /home/airflow/.local/lib/python3.12/site-packages/airflow/example_dags/example_setup_teardown.py
[2025-07-01T02:49:12.243+0000] {processor.py:925} INFO - DAG(s) 'example_setup_teardown' retrieved from /home/airflow/.local/lib/python3.12/site-packages/airflow/example_dags/example_setup_teardown.py
[2025-07-01T02:49:12.266+0000] {logging_mixin.py:190} INFO - [2025-07-01T02:49:12.266+0000] {dag.py:3239} INFO - Sync 1 DAGs
[2025-07-01T02:49:12.282+0000] {logging_mixin.py:190} INFO - [2025-07-01T02:49:12.281+0000] {dag.py:4180} INFO - Setting next_dagrun for example_setup_teardown to None, run_after=None
[2025-07-01T02:49:12.300+0000] {processor.py:208} INFO - Processing /home/airflow/.local/lib/python3.12/site-packages/airflow/example_dags/example_setup_teardown.py took 0.079 seconds
[2025-07-01T02:49:42.614+0000] {processor.py:186} INFO - Started process (PID=10816) to work on /home/airflow/.local/lib/python3.12/site-packages/airflow/example_dags/example_setup_teardown.py
[2025-07-01T02:49:42.615+0000] {processor.py:914} INFO - Processing file /home/airflow/.local/lib/python3.12/site-packages/airflow/example_dags/example_setup_teardown.py for tasks to queue
[2025-07-01T02:49:42.619+0000] {logging_mixin.py:190} INFO - [2025-07-01T02:49:42.618+0000] {dagbag.py:588} INFO - Filling up the DagBag from /home/airflow/.local/lib/python3.12/site-packages/airflow/example_dags/example_setup_teardown.py
[2025-07-01T02:49:42.630+0000] {processor.py:925} INFO - DAG(s) 'example_setup_teardown' retrieved from /home/airflow/.local/lib/python3.12/site-packages/airflow/example_dags/example_setup_teardown.py
[2025-07-01T02:49:42.657+0000] {logging_mixin.py:190} INFO - [2025-07-01T02:49:42.656+0000] {dag.py:3239} INFO - Sync 1 DAGs
[2025-07-01T02:49:42.675+0000] {logging_mixin.py:190} INFO - [2025-07-01T02:49:42.675+0000] {dag.py:4180} INFO - Setting next_dagrun for example_setup_teardown to None, run_after=None
[2025-07-01T02:49:42.707+0000] {processor.py:208} INFO - Processing /home/airflow/.local/lib/python3.12/site-packages/airflow/example_dags/example_setup_teardown.py took 0.102 seconds
[2025-07-01T02:50:12.820+0000] {processor.py:186} INFO - Started process (PID=10878) to work on /home/airflow/.local/lib/python3.12/site-packages/airflow/example_dags/example_setup_teardown.py
[2025-07-01T02:50:12.821+0000] {processor.py:914} INFO - Processing file /home/airflow/.local/lib/python3.12/site-packages/airflow/example_dags/example_setup_teardown.py for tasks to queue
[2025-07-01T02:50:12.825+0000] {logging_mixin.py:190} INFO - [2025-07-01T02:50:12.824+0000] {dagbag.py:588} INFO - Filling up the DagBag from /home/airflow/.local/lib/python3.12/site-packages/airflow/example_dags/example_setup_teardown.py
[2025-07-01T02:50:12.836+0000] {processor.py:925} INFO - DAG(s) 'example_setup_teardown' retrieved from /home/airflow/.local/lib/python3.12/site-packages/airflow/example_dags/example_setup_teardown.py
[2025-07-01T02:50:12.864+0000] {logging_mixin.py:190} INFO - [2025-07-01T02:50:12.864+0000] {dag.py:3239} INFO - Sync 1 DAGs
[2025-07-01T02:50:12.877+0000] {logging_mixin.py:190} INFO - [2025-07-01T02:50:12.877+0000] {dag.py:4180} INFO - Setting next_dagrun for example_setup_teardown to None, run_after=None
[2025-07-01T02:50:12.915+0000] {processor.py:208} INFO - Processing /home/airflow/.local/lib/python3.12/site-packages/airflow/example_dags/example_setup_teardown.py took 0.104 seconds
[2025-07-01T02:50:43.466+0000] {processor.py:186} INFO - Started process (PID=10940) to work on /home/airflow/.local/lib/python3.12/site-packages/airflow/example_dags/example_setup_teardown.py
[2025-07-01T02:50:43.467+0000] {processor.py:914} INFO - Processing file /home/airflow/.local/lib/python3.12/site-packages/airflow/example_dags/example_setup_teardown.py for tasks to queue
[2025-07-01T02:50:43.471+0000] {logging_mixin.py:190} INFO - [2025-07-01T02:50:43.470+0000] {dagbag.py:588} INFO - Filling up the DagBag from /home/airflow/.local/lib/python3.12/site-packages/airflow/example_dags/example_setup_teardown.py
[2025-07-01T02:50:43.481+0000] {processor.py:925} INFO - DAG(s) 'example_setup_teardown' retrieved from /home/airflow/.local/lib/python3.12/site-packages/airflow/example_dags/example_setup_teardown.py
[2025-07-01T02:50:43.505+0000] {logging_mixin.py:190} INFO - [2025-07-01T02:50:43.504+0000] {dag.py:3239} INFO - Sync 1 DAGs
[2025-07-01T02:50:43.524+0000] {logging_mixin.py:190} INFO - [2025-07-01T02:50:43.524+0000] {dag.py:4180} INFO - Setting next_dagrun for example_setup_teardown to None, run_after=None
[2025-07-01T02:50:43.545+0000] {processor.py:208} INFO - Processing /home/airflow/.local/lib/python3.12/site-packages/airflow/example_dags/example_setup_teardown.py took 0.087 seconds
[2025-07-01T02:51:13.750+0000] {processor.py:186} INFO - Started process (PID=11003) to work on /home/airflow/.local/lib/python3.12/site-packages/airflow/example_dags/example_setup_teardown.py
[2025-07-01T02:51:13.751+0000] {processor.py:914} INFO - Processing file /home/airflow/.local/lib/python3.12/site-packages/airflow/example_dags/example_setup_teardown.py for tasks to queue
[2025-07-01T02:51:13.753+0000] {logging_mixin.py:190} INFO - [2025-07-01T02:51:13.753+0000] {dagbag.py:588} INFO - Filling up the DagBag from /home/airflow/.local/lib/python3.12/site-packages/airflow/example_dags/example_setup_teardown.py
[2025-07-01T02:51:13.761+0000] {processor.py:925} INFO - DAG(s) 'example_setup_teardown' retrieved from /home/airflow/.local/lib/python3.12/site-packages/airflow/example_dags/example_setup_teardown.py
[2025-07-01T02:51:13.781+0000] {logging_mixin.py:190} INFO - [2025-07-01T02:51:13.781+0000] {dag.py:3239} INFO - Sync 1 DAGs
[2025-07-01T02:51:13.794+0000] {logging_mixin.py:190} INFO - [2025-07-01T02:51:13.794+0000] {dag.py:4180} INFO - Setting next_dagrun for example_setup_teardown to None, run_after=None
[2025-07-01T02:51:13.812+0000] {processor.py:208} INFO - Processing /home/airflow/.local/lib/python3.12/site-packages/airflow/example_dags/example_setup_teardown.py took 0.068 seconds
[2025-07-01T02:51:43.934+0000] {processor.py:186} INFO - Started process (PID=11065) to work on /home/airflow/.local/lib/python3.12/site-packages/airflow/example_dags/example_setup_teardown.py
[2025-07-01T02:51:43.935+0000] {processor.py:914} INFO - Processing file /home/airflow/.local/lib/python3.12/site-packages/airflow/example_dags/example_setup_teardown.py for tasks to queue
[2025-07-01T02:51:43.937+0000] {logging_mixin.py:190} INFO - [2025-07-01T02:51:43.937+0000] {dagbag.py:588} INFO - Filling up the DagBag from /home/airflow/.local/lib/python3.12/site-packages/airflow/example_dags/example_setup_teardown.py
[2025-07-01T02:51:43.945+0000] {processor.py:925} INFO - DAG(s) 'example_setup_teardown' retrieved from /home/airflow/.local/lib/python3.12/site-packages/airflow/example_dags/example_setup_teardown.py
[2025-07-01T02:51:43.965+0000] {logging_mixin.py:190} INFO - [2025-07-01T02:51:43.965+0000] {dag.py:3239} INFO - Sync 1 DAGs
[2025-07-01T02:51:43.978+0000] {logging_mixin.py:190} INFO - [2025-07-01T02:51:43.978+0000] {dag.py:4180} INFO - Setting next_dagrun for example_setup_teardown to None, run_after=None
[2025-07-01T02:51:43.994+0000] {processor.py:208} INFO - Processing /home/airflow/.local/lib/python3.12/site-packages/airflow/example_dags/example_setup_teardown.py took 0.067 seconds
[2025-07-01T02:52:14.233+0000] {processor.py:186} INFO - Started process (PID=11127) to work on /home/airflow/.local/lib/python3.12/site-packages/airflow/example_dags/example_setup_teardown.py
[2025-07-01T02:52:14.234+0000] {processor.py:914} INFO - Processing file /home/airflow/.local/lib/python3.12/site-packages/airflow/example_dags/example_setup_teardown.py for tasks to queue
[2025-07-01T02:52:14.237+0000] {logging_mixin.py:190} INFO - [2025-07-01T02:52:14.236+0000] {dagbag.py:588} INFO - Filling up the DagBag from /home/airflow/.local/lib/python3.12/site-packages/airflow/example_dags/example_setup_teardown.py
[2025-07-01T02:52:14.245+0000] {processor.py:925} INFO - DAG(s) 'example_setup_teardown' retrieved from /home/airflow/.local/lib/python3.12/site-packages/airflow/example_dags/example_setup_teardown.py
[2025-07-01T02:52:14.267+0000] {logging_mixin.py:190} INFO - [2025-07-01T02:52:14.266+0000] {dag.py:3239} INFO - Sync 1 DAGs
[2025-07-01T02:52:14.281+0000] {logging_mixin.py:190} INFO - [2025-07-01T02:52:14.281+0000] {dag.py:4180} INFO - Setting next_dagrun for example_setup_teardown to None, run_after=None
[2025-07-01T02:52:14.299+0000] {processor.py:208} INFO - Processing /home/airflow/.local/lib/python3.12/site-packages/airflow/example_dags/example_setup_teardown.py took 0.072 seconds
[2025-07-01T02:52:44.587+0000] {processor.py:186} INFO - Started process (PID=11189) to work on /home/airflow/.local/lib/python3.12/site-packages/airflow/example_dags/example_setup_teardown.py
[2025-07-01T02:52:44.588+0000] {processor.py:914} INFO - Processing file /home/airflow/.local/lib/python3.12/site-packages/airflow/example_dags/example_setup_teardown.py for tasks to queue
[2025-07-01T02:52:44.591+0000] {logging_mixin.py:190} INFO - [2025-07-01T02:52:44.591+0000] {dagbag.py:588} INFO - Filling up the DagBag from /home/airflow/.local/lib/python3.12/site-packages/airflow/example_dags/example_setup_teardown.py
[2025-07-01T02:52:44.601+0000] {processor.py:925} INFO - DAG(s) 'example_setup_teardown' retrieved from /home/airflow/.local/lib/python3.12/site-packages/airflow/example_dags/example_setup_teardown.py
[2025-07-01T02:52:44.626+0000] {logging_mixin.py:190} INFO - [2025-07-01T02:52:44.625+0000] {dag.py:3239} INFO - Sync 1 DAGs
[2025-07-01T02:52:44.642+0000] {logging_mixin.py:190} INFO - [2025-07-01T02:52:44.642+0000] {dag.py:4180} INFO - Setting next_dagrun for example_setup_teardown to None, run_after=None
[2025-07-01T02:52:44.659+0000] {processor.py:208} INFO - Processing /home/airflow/.local/lib/python3.12/site-packages/airflow/example_dags/example_setup_teardown.py took 0.082 seconds
[2025-07-01T02:53:14.786+0000] {processor.py:186} INFO - Started process (PID=11251) to work on /home/airflow/.local/lib/python3.12/site-packages/airflow/example_dags/example_setup_teardown.py
[2025-07-01T02:53:14.788+0000] {processor.py:914} INFO - Processing file /home/airflow/.local/lib/python3.12/site-packages/airflow/example_dags/example_setup_teardown.py for tasks to queue
[2025-07-01T02:53:14.790+0000] {logging_mixin.py:190} INFO - [2025-07-01T02:53:14.790+0000] {dagbag.py:588} INFO - Filling up the DagBag from /home/airflow/.local/lib/python3.12/site-packages/airflow/example_dags/example_setup_teardown.py
[2025-07-01T02:53:14.799+0000] {processor.py:925} INFO - DAG(s) 'example_setup_teardown' retrieved from /home/airflow/.local/lib/python3.12/site-packages/airflow/example_dags/example_setup_teardown.py
[2025-07-01T02:53:14.819+0000] {logging_mixin.py:190} INFO - [2025-07-01T02:53:14.819+0000] {dag.py:3239} INFO - Sync 1 DAGs
[2025-07-01T02:53:14.834+0000] {logging_mixin.py:190} INFO - [2025-07-01T02:53:14.834+0000] {dag.py:4180} INFO - Setting next_dagrun for example_setup_teardown to None, run_after=None
[2025-07-01T02:53:14.852+0000] {processor.py:208} INFO - Processing /home/airflow/.local/lib/python3.12/site-packages/airflow/example_dags/example_setup_teardown.py took 0.073 seconds
[2025-07-01T02:53:45.014+0000] {processor.py:186} INFO - Started process (PID=11312) to work on /home/airflow/.local/lib/python3.12/site-packages/airflow/example_dags/example_setup_teardown.py
[2025-07-01T02:53:45.015+0000] {processor.py:914} INFO - Processing file /home/airflow/.local/lib/python3.12/site-packages/airflow/example_dags/example_setup_teardown.py for tasks to queue
[2025-07-01T02:53:45.018+0000] {logging_mixin.py:190} INFO - [2025-07-01T02:53:45.018+0000] {dagbag.py:588} INFO - Filling up the DagBag from /home/airflow/.local/lib/python3.12/site-packages/airflow/example_dags/example_setup_teardown.py
[2025-07-01T02:53:45.026+0000] {processor.py:925} INFO - DAG(s) 'example_setup_teardown' retrieved from /home/airflow/.local/lib/python3.12/site-packages/airflow/example_dags/example_setup_teardown.py
[2025-07-01T02:53:45.045+0000] {logging_mixin.py:190} INFO - [2025-07-01T02:53:45.045+0000] {dag.py:3239} INFO - Sync 1 DAGs
[2025-07-01T02:53:45.059+0000] {logging_mixin.py:190} INFO - [2025-07-01T02:53:45.058+0000] {dag.py:4180} INFO - Setting next_dagrun for example_setup_teardown to None, run_after=None
[2025-07-01T02:53:45.076+0000] {processor.py:208} INFO - Processing /home/airflow/.local/lib/python3.12/site-packages/airflow/example_dags/example_setup_teardown.py took 0.067 seconds
[2025-07-01T02:54:15.239+0000] {processor.py:186} INFO - Started process (PID=11374) to work on /home/airflow/.local/lib/python3.12/site-packages/airflow/example_dags/example_setup_teardown.py
[2025-07-01T02:54:15.241+0000] {processor.py:914} INFO - Processing file /home/airflow/.local/lib/python3.12/site-packages/airflow/example_dags/example_setup_teardown.py for tasks to queue
[2025-07-01T02:54:15.245+0000] {logging_mixin.py:190} INFO - [2025-07-01T02:54:15.244+0000] {dagbag.py:588} INFO - Filling up the DagBag from /home/airflow/.local/lib/python3.12/site-packages/airflow/example_dags/example_setup_teardown.py
[2025-07-01T02:54:15.253+0000] {processor.py:925} INFO - DAG(s) 'example_setup_teardown' retrieved from /home/airflow/.local/lib/python3.12/site-packages/airflow/example_dags/example_setup_teardown.py
[2025-07-01T02:54:15.271+0000] {logging_mixin.py:190} INFO - [2025-07-01T02:54:15.271+0000] {dag.py:3239} INFO - Sync 1 DAGs
[2025-07-01T02:54:15.284+0000] {logging_mixin.py:190} INFO - [2025-07-01T02:54:15.284+0000] {dag.py:4180} INFO - Setting next_dagrun for example_setup_teardown to None, run_after=None
[2025-07-01T02:54:15.301+0000] {processor.py:208} INFO - Processing /home/airflow/.local/lib/python3.12/site-packages/airflow/example_dags/example_setup_teardown.py took 0.068 seconds
[2025-07-01T02:54:45.986+0000] {processor.py:186} INFO - Started process (PID=11436) to work on /home/airflow/.local/lib/python3.12/site-packages/airflow/example_dags/example_setup_teardown.py
[2025-07-01T02:54:45.987+0000] {processor.py:914} INFO - Processing file /home/airflow/.local/lib/python3.12/site-packages/airflow/example_dags/example_setup_teardown.py for tasks to queue
[2025-07-01T02:54:45.990+0000] {logging_mixin.py:190} INFO - [2025-07-01T02:54:45.990+0000] {dagbag.py:588} INFO - Filling up the DagBag from /home/airflow/.local/lib/python3.12/site-packages/airflow/example_dags/example_setup_teardown.py
[2025-07-01T02:54:45.998+0000] {processor.py:925} INFO - DAG(s) 'example_setup_teardown' retrieved from /home/airflow/.local/lib/python3.12/site-packages/airflow/example_dags/example_setup_teardown.py
[2025-07-01T02:54:46.020+0000] {logging_mixin.py:190} INFO - [2025-07-01T02:54:46.020+0000] {dag.py:3239} INFO - Sync 1 DAGs
[2025-07-01T02:54:46.034+0000] {logging_mixin.py:190} INFO - [2025-07-01T02:54:46.033+0000] {dag.py:4180} INFO - Setting next_dagrun for example_setup_teardown to None, run_after=None
[2025-07-01T02:54:46.052+0000] {processor.py:208} INFO - Processing /home/airflow/.local/lib/python3.12/site-packages/airflow/example_dags/example_setup_teardown.py took 0.072 seconds
[2025-07-01T02:55:17.016+0000] {processor.py:186} INFO - Started process (PID=11498) to work on /home/airflow/.local/lib/python3.12/site-packages/airflow/example_dags/example_setup_teardown.py
[2025-07-01T02:55:17.018+0000] {processor.py:914} INFO - Processing file /home/airflow/.local/lib/python3.12/site-packages/airflow/example_dags/example_setup_teardown.py for tasks to queue
[2025-07-01T02:55:17.021+0000] {logging_mixin.py:190} INFO - [2025-07-01T02:55:17.020+0000] {dagbag.py:588} INFO - Filling up the DagBag from /home/airflow/.local/lib/python3.12/site-packages/airflow/example_dags/example_setup_teardown.py
[2025-07-01T02:55:17.031+0000] {processor.py:925} INFO - DAG(s) 'example_setup_teardown' retrieved from /home/airflow/.local/lib/python3.12/site-packages/airflow/example_dags/example_setup_teardown.py
[2025-07-01T02:55:17.055+0000] {logging_mixin.py:190} INFO - [2025-07-01T02:55:17.054+0000] {dag.py:3239} INFO - Sync 1 DAGs
[2025-07-01T02:55:17.072+0000] {logging_mixin.py:190} INFO - [2025-07-01T02:55:17.071+0000] {dag.py:4180} INFO - Setting next_dagrun for example_setup_teardown to None, run_after=None
[2025-07-01T02:55:17.093+0000] {processor.py:208} INFO - Processing /home/airflow/.local/lib/python3.12/site-packages/airflow/example_dags/example_setup_teardown.py took 0.083 seconds
[2025-07-01T02:55:47.266+0000] {processor.py:186} INFO - Started process (PID=11560) to work on /home/airflow/.local/lib/python3.12/site-packages/airflow/example_dags/example_setup_teardown.py
[2025-07-01T02:55:47.267+0000] {processor.py:914} INFO - Processing file /home/airflow/.local/lib/python3.12/site-packages/airflow/example_dags/example_setup_teardown.py for tasks to queue
[2025-07-01T02:55:47.269+0000] {logging_mixin.py:190} INFO - [2025-07-01T02:55:47.269+0000] {dagbag.py:588} INFO - Filling up the DagBag from /home/airflow/.local/lib/python3.12/site-packages/airflow/example_dags/example_setup_teardown.py
[2025-07-01T02:55:47.278+0000] {processor.py:925} INFO - DAG(s) 'example_setup_teardown' retrieved from /home/airflow/.local/lib/python3.12/site-packages/airflow/example_dags/example_setup_teardown.py
[2025-07-01T02:55:47.299+0000] {logging_mixin.py:190} INFO - [2025-07-01T02:55:47.299+0000] {dag.py:3239} INFO - Sync 1 DAGs
[2025-07-01T02:55:47.312+0000] {logging_mixin.py:190} INFO - [2025-07-01T02:55:47.312+0000] {dag.py:4180} INFO - Setting next_dagrun for example_setup_teardown to None, run_after=None
[2025-07-01T02:55:47.332+0000] {processor.py:208} INFO - Processing /home/airflow/.local/lib/python3.12/site-packages/airflow/example_dags/example_setup_teardown.py took 0.073 seconds
[2025-07-01T02:56:17.829+0000] {processor.py:186} INFO - Started process (PID=11622) to work on /home/airflow/.local/lib/python3.12/site-packages/airflow/example_dags/example_setup_teardown.py
[2025-07-01T02:56:17.830+0000] {processor.py:914} INFO - Processing file /home/airflow/.local/lib/python3.12/site-packages/airflow/example_dags/example_setup_teardown.py for tasks to queue
[2025-07-01T02:56:17.832+0000] {logging_mixin.py:190} INFO - [2025-07-01T02:56:17.832+0000] {dagbag.py:588} INFO - Filling up the DagBag from /home/airflow/.local/lib/python3.12/site-packages/airflow/example_dags/example_setup_teardown.py
[2025-07-01T02:56:17.841+0000] {processor.py:925} INFO - DAG(s) 'example_setup_teardown' retrieved from /home/airflow/.local/lib/python3.12/site-packages/airflow/example_dags/example_setup_teardown.py
[2025-07-01T02:56:17.860+0000] {logging_mixin.py:190} INFO - [2025-07-01T02:56:17.860+0000] {dag.py:3239} INFO - Sync 1 DAGs
[2025-07-01T02:56:17.873+0000] {logging_mixin.py:190} INFO - [2025-07-01T02:56:17.873+0000] {dag.py:4180} INFO - Setting next_dagrun for example_setup_teardown to None, run_after=None
[2025-07-01T02:56:17.890+0000] {processor.py:208} INFO - Processing /home/airflow/.local/lib/python3.12/site-packages/airflow/example_dags/example_setup_teardown.py took 0.068 seconds
[2025-07-01T02:56:48.264+0000] {processor.py:186} INFO - Started process (PID=11684) to work on /home/airflow/.local/lib/python3.12/site-packages/airflow/example_dags/example_setup_teardown.py
[2025-07-01T02:56:48.265+0000] {processor.py:914} INFO - Processing file /home/airflow/.local/lib/python3.12/site-packages/airflow/example_dags/example_setup_teardown.py for tasks to queue
[2025-07-01T02:56:48.268+0000] {logging_mixin.py:190} INFO - [2025-07-01T02:56:48.267+0000] {dagbag.py:588} INFO - Filling up the DagBag from /home/airflow/.local/lib/python3.12/site-packages/airflow/example_dags/example_setup_teardown.py
[2025-07-01T02:56:48.277+0000] {processor.py:925} INFO - DAG(s) 'example_setup_teardown' retrieved from /home/airflow/.local/lib/python3.12/site-packages/airflow/example_dags/example_setup_teardown.py
[2025-07-01T02:56:48.298+0000] {logging_mixin.py:190} INFO - [2025-07-01T02:56:48.298+0000] {dag.py:3239} INFO - Sync 1 DAGs
[2025-07-01T02:56:48.314+0000] {logging_mixin.py:190} INFO - [2025-07-01T02:56:48.313+0000] {dag.py:4180} INFO - Setting next_dagrun for example_setup_teardown to None, run_after=None
[2025-07-01T02:56:48.333+0000] {processor.py:208} INFO - Processing /home/airflow/.local/lib/python3.12/site-packages/airflow/example_dags/example_setup_teardown.py took 0.074 seconds
[2025-07-01T02:57:18.796+0000] {processor.py:186} INFO - Started process (PID=11746) to work on /home/airflow/.local/lib/python3.12/site-packages/airflow/example_dags/example_setup_teardown.py
[2025-07-01T02:57:18.797+0000] {processor.py:914} INFO - Processing file /home/airflow/.local/lib/python3.12/site-packages/airflow/example_dags/example_setup_teardown.py for tasks to queue
[2025-07-01T02:57:18.799+0000] {logging_mixin.py:190} INFO - [2025-07-01T02:57:18.799+0000] {dagbag.py:588} INFO - Filling up the DagBag from /home/airflow/.local/lib/python3.12/site-packages/airflow/example_dags/example_setup_teardown.py
[2025-07-01T02:57:18.807+0000] {processor.py:925} INFO - DAG(s) 'example_setup_teardown' retrieved from /home/airflow/.local/lib/python3.12/site-packages/airflow/example_dags/example_setup_teardown.py
[2025-07-01T02:57:18.827+0000] {logging_mixin.py:190} INFO - [2025-07-01T02:57:18.827+0000] {dag.py:3239} INFO - Sync 1 DAGs
[2025-07-01T02:57:18.840+0000] {logging_mixin.py:190} INFO - [2025-07-01T02:57:18.840+0000] {dag.py:4180} INFO - Setting next_dagrun for example_setup_teardown to None, run_after=None
[2025-07-01T02:57:18.856+0000] {processor.py:208} INFO - Processing /home/airflow/.local/lib/python3.12/site-packages/airflow/example_dags/example_setup_teardown.py took 0.066 seconds
[2025-07-01T02:57:49.074+0000] {processor.py:186} INFO - Started process (PID=11808) to work on /home/airflow/.local/lib/python3.12/site-packages/airflow/example_dags/example_setup_teardown.py
[2025-07-01T02:57:49.075+0000] {processor.py:914} INFO - Processing file /home/airflow/.local/lib/python3.12/site-packages/airflow/example_dags/example_setup_teardown.py for tasks to queue
[2025-07-01T02:57:49.078+0000] {logging_mixin.py:190} INFO - [2025-07-01T02:57:49.078+0000] {dagbag.py:588} INFO - Filling up the DagBag from /home/airflow/.local/lib/python3.12/site-packages/airflow/example_dags/example_setup_teardown.py
[2025-07-01T02:57:49.087+0000] {processor.py:925} INFO - DAG(s) 'example_setup_teardown' retrieved from /home/airflow/.local/lib/python3.12/site-packages/airflow/example_dags/example_setup_teardown.py
[2025-07-01T02:57:49.108+0000] {logging_mixin.py:190} INFO - [2025-07-01T02:57:49.108+0000] {dag.py:3239} INFO - Sync 1 DAGs
[2025-07-01T02:57:49.128+0000] {logging_mixin.py:190} INFO - [2025-07-01T02:57:49.128+0000] {dag.py:4180} INFO - Setting next_dagrun for example_setup_teardown to None, run_after=None
[2025-07-01T02:57:49.153+0000] {processor.py:208} INFO - Processing /home/airflow/.local/lib/python3.12/site-packages/airflow/example_dags/example_setup_teardown.py took 0.085 seconds
[2025-07-01T02:58:19.680+0000] {processor.py:186} INFO - Started process (PID=11870) to work on /home/airflow/.local/lib/python3.12/site-packages/airflow/example_dags/example_setup_teardown.py
[2025-07-01T02:58:19.681+0000] {processor.py:914} INFO - Processing file /home/airflow/.local/lib/python3.12/site-packages/airflow/example_dags/example_setup_teardown.py for tasks to queue
[2025-07-01T02:58:19.684+0000] {logging_mixin.py:190} INFO - [2025-07-01T02:58:19.683+0000] {dagbag.py:588} INFO - Filling up the DagBag from /home/airflow/.local/lib/python3.12/site-packages/airflow/example_dags/example_setup_teardown.py
[2025-07-01T02:58:19.693+0000] {processor.py:925} INFO - DAG(s) 'example_setup_teardown' retrieved from /home/airflow/.local/lib/python3.12/site-packages/airflow/example_dags/example_setup_teardown.py
[2025-07-01T02:58:19.713+0000] {logging_mixin.py:190} INFO - [2025-07-01T02:58:19.712+0000] {dag.py:3239} INFO - Sync 1 DAGs
[2025-07-01T02:58:19.727+0000] {logging_mixin.py:190} INFO - [2025-07-01T02:58:19.726+0000] {dag.py:4180} INFO - Setting next_dagrun for example_setup_teardown to None, run_after=None
[2025-07-01T02:58:19.746+0000] {processor.py:208} INFO - Processing /home/airflow/.local/lib/python3.12/site-packages/airflow/example_dags/example_setup_teardown.py took 0.071 seconds
[2025-07-01T02:58:50.741+0000] {processor.py:186} INFO - Started process (PID=11932) to work on /home/airflow/.local/lib/python3.12/site-packages/airflow/example_dags/example_setup_teardown.py
[2025-07-01T02:58:50.742+0000] {processor.py:914} INFO - Processing file /home/airflow/.local/lib/python3.12/site-packages/airflow/example_dags/example_setup_teardown.py for tasks to queue
[2025-07-01T02:58:50.744+0000] {logging_mixin.py:190} INFO - [2025-07-01T02:58:50.744+0000] {dagbag.py:588} INFO - Filling up the DagBag from /home/airflow/.local/lib/python3.12/site-packages/airflow/example_dags/example_setup_teardown.py
[2025-07-01T02:58:50.752+0000] {processor.py:925} INFO - DAG(s) 'example_setup_teardown' retrieved from /home/airflow/.local/lib/python3.12/site-packages/airflow/example_dags/example_setup_teardown.py
[2025-07-01T02:58:50.771+0000] {logging_mixin.py:190} INFO - [2025-07-01T02:58:50.771+0000] {dag.py:3239} INFO - Sync 1 DAGs
[2025-07-01T02:58:50.784+0000] {logging_mixin.py:190} INFO - [2025-07-01T02:58:50.784+0000] {dag.py:4180} INFO - Setting next_dagrun for example_setup_teardown to None, run_after=None
[2025-07-01T02:58:50.802+0000] {processor.py:208} INFO - Processing /home/airflow/.local/lib/python3.12/site-packages/airflow/example_dags/example_setup_teardown.py took 0.068 seconds
[2025-07-01T02:59:21.648+0000] {processor.py:186} INFO - Started process (PID=11994) to work on /home/airflow/.local/lib/python3.12/site-packages/airflow/example_dags/example_setup_teardown.py
[2025-07-01T02:59:21.649+0000] {processor.py:914} INFO - Processing file /home/airflow/.local/lib/python3.12/site-packages/airflow/example_dags/example_setup_teardown.py for tasks to queue
[2025-07-01T02:59:21.652+0000] {logging_mixin.py:190} INFO - [2025-07-01T02:59:21.652+0000] {dagbag.py:588} INFO - Filling up the DagBag from /home/airflow/.local/lib/python3.12/site-packages/airflow/example_dags/example_setup_teardown.py
[2025-07-01T02:59:21.661+0000] {processor.py:925} INFO - DAG(s) 'example_setup_teardown' retrieved from /home/airflow/.local/lib/python3.12/site-packages/airflow/example_dags/example_setup_teardown.py
[2025-07-01T02:59:21.681+0000] {logging_mixin.py:190} INFO - [2025-07-01T02:59:21.680+0000] {dag.py:3239} INFO - Sync 1 DAGs
[2025-07-01T02:59:21.694+0000] {logging_mixin.py:190} INFO - [2025-07-01T02:59:21.694+0000] {dag.py:4180} INFO - Setting next_dagrun for example_setup_teardown to None, run_after=None
[2025-07-01T02:59:21.711+0000] {processor.py:208} INFO - Processing /home/airflow/.local/lib/python3.12/site-packages/airflow/example_dags/example_setup_teardown.py took 0.069 seconds
[2025-07-01T02:59:52.610+0000] {processor.py:186} INFO - Started process (PID=12056) to work on /home/airflow/.local/lib/python3.12/site-packages/airflow/example_dags/example_setup_teardown.py
[2025-07-01T02:59:52.611+0000] {processor.py:914} INFO - Processing file /home/airflow/.local/lib/python3.12/site-packages/airflow/example_dags/example_setup_teardown.py for tasks to queue
[2025-07-01T02:59:52.613+0000] {logging_mixin.py:190} INFO - [2025-07-01T02:59:52.613+0000] {dagbag.py:588} INFO - Filling up the DagBag from /home/airflow/.local/lib/python3.12/site-packages/airflow/example_dags/example_setup_teardown.py
[2025-07-01T02:59:52.622+0000] {processor.py:925} INFO - DAG(s) 'example_setup_teardown' retrieved from /home/airflow/.local/lib/python3.12/site-packages/airflow/example_dags/example_setup_teardown.py
[2025-07-01T02:59:52.651+0000] {logging_mixin.py:190} INFO - [2025-07-01T02:59:52.650+0000] {dag.py:3239} INFO - Sync 1 DAGs
[2025-07-01T02:59:52.669+0000] {logging_mixin.py:190} INFO - [2025-07-01T02:59:52.668+0000] {dag.py:4180} INFO - Setting next_dagrun for example_setup_teardown to None, run_after=None
[2025-07-01T02:59:52.687+0000] {processor.py:208} INFO - Processing /home/airflow/.local/lib/python3.12/site-packages/airflow/example_dags/example_setup_teardown.py took 0.083 seconds
[2025-07-01T03:00:22.747+0000] {processor.py:186} INFO - Started process (PID=12118) to work on /home/airflow/.local/lib/python3.12/site-packages/airflow/example_dags/example_setup_teardown.py
[2025-07-01T03:00:22.749+0000] {processor.py:914} INFO - Processing file /home/airflow/.local/lib/python3.12/site-packages/airflow/example_dags/example_setup_teardown.py for tasks to queue
[2025-07-01T03:00:22.751+0000] {logging_mixin.py:190} INFO - [2025-07-01T03:00:22.751+0000] {dagbag.py:588} INFO - Filling up the DagBag from /home/airflow/.local/lib/python3.12/site-packages/airflow/example_dags/example_setup_teardown.py
[2025-07-01T03:00:22.759+0000] {processor.py:925} INFO - DAG(s) 'example_setup_teardown' retrieved from /home/airflow/.local/lib/python3.12/site-packages/airflow/example_dags/example_setup_teardown.py
[2025-07-01T03:00:22.777+0000] {logging_mixin.py:190} INFO - [2025-07-01T03:00:22.777+0000] {dag.py:3239} INFO - Sync 1 DAGs
[2025-07-01T03:00:22.790+0000] {logging_mixin.py:190} INFO - [2025-07-01T03:00:22.790+0000] {dag.py:4180} INFO - Setting next_dagrun for example_setup_teardown to None, run_after=None
[2025-07-01T03:00:22.806+0000] {processor.py:208} INFO - Processing /home/airflow/.local/lib/python3.12/site-packages/airflow/example_dags/example_setup_teardown.py took 0.064 seconds
[2025-07-01T03:00:52.877+0000] {processor.py:186} INFO - Started process (PID=12180) to work on /home/airflow/.local/lib/python3.12/site-packages/airflow/example_dags/example_setup_teardown.py
[2025-07-01T03:00:52.878+0000] {processor.py:914} INFO - Processing file /home/airflow/.local/lib/python3.12/site-packages/airflow/example_dags/example_setup_teardown.py for tasks to queue
[2025-07-01T03:00:52.880+0000] {logging_mixin.py:190} INFO - [2025-07-01T03:00:52.880+0000] {dagbag.py:588} INFO - Filling up the DagBag from /home/airflow/.local/lib/python3.12/site-packages/airflow/example_dags/example_setup_teardown.py
[2025-07-01T03:00:52.888+0000] {processor.py:925} INFO - DAG(s) 'example_setup_teardown' retrieved from /home/airflow/.local/lib/python3.12/site-packages/airflow/example_dags/example_setup_teardown.py
[2025-07-01T03:00:52.910+0000] {logging_mixin.py:190} INFO - [2025-07-01T03:00:52.910+0000] {dag.py:3239} INFO - Sync 1 DAGs
[2025-07-01T03:00:52.923+0000] {logging_mixin.py:190} INFO - [2025-07-01T03:00:52.923+0000] {dag.py:4180} INFO - Setting next_dagrun for example_setup_teardown to None, run_after=None
[2025-07-01T03:00:52.941+0000] {processor.py:208} INFO - Processing /home/airflow/.local/lib/python3.12/site-packages/airflow/example_dags/example_setup_teardown.py took 0.070 seconds
[2025-07-01T03:01:22.982+0000] {processor.py:186} INFO - Started process (PID=12241) to work on /home/airflow/.local/lib/python3.12/site-packages/airflow/example_dags/example_setup_teardown.py
[2025-07-01T03:01:22.983+0000] {processor.py:914} INFO - Processing file /home/airflow/.local/lib/python3.12/site-packages/airflow/example_dags/example_setup_teardown.py for tasks to queue
[2025-07-01T03:01:22.986+0000] {logging_mixin.py:190} INFO - [2025-07-01T03:01:22.986+0000] {dagbag.py:588} INFO - Filling up the DagBag from /home/airflow/.local/lib/python3.12/site-packages/airflow/example_dags/example_setup_teardown.py
[2025-07-01T03:01:22.994+0000] {processor.py:925} INFO - DAG(s) 'example_setup_teardown' retrieved from /home/airflow/.local/lib/python3.12/site-packages/airflow/example_dags/example_setup_teardown.py
[2025-07-01T03:01:23.014+0000] {logging_mixin.py:190} INFO - [2025-07-01T03:01:23.014+0000] {dag.py:3239} INFO - Sync 1 DAGs
[2025-07-01T03:01:23.027+0000] {logging_mixin.py:190} INFO - [2025-07-01T03:01:23.027+0000] {dag.py:4180} INFO - Setting next_dagrun for example_setup_teardown to None, run_after=None
[2025-07-01T03:01:23.044+0000] {processor.py:208} INFO - Processing /home/airflow/.local/lib/python3.12/site-packages/airflow/example_dags/example_setup_teardown.py took 0.067 seconds
[2025-07-01T03:01:53.170+0000] {processor.py:186} INFO - Started process (PID=12303) to work on /home/airflow/.local/lib/python3.12/site-packages/airflow/example_dags/example_setup_teardown.py
[2025-07-01T03:01:53.171+0000] {processor.py:914} INFO - Processing file /home/airflow/.local/lib/python3.12/site-packages/airflow/example_dags/example_setup_teardown.py for tasks to queue
[2025-07-01T03:01:53.174+0000] {logging_mixin.py:190} INFO - [2025-07-01T03:01:53.174+0000] {dagbag.py:588} INFO - Filling up the DagBag from /home/airflow/.local/lib/python3.12/site-packages/airflow/example_dags/example_setup_teardown.py
[2025-07-01T03:01:53.182+0000] {processor.py:925} INFO - DAG(s) 'example_setup_teardown' retrieved from /home/airflow/.local/lib/python3.12/site-packages/airflow/example_dags/example_setup_teardown.py
[2025-07-01T03:01:53.202+0000] {logging_mixin.py:190} INFO - [2025-07-01T03:01:53.202+0000] {dag.py:3239} INFO - Sync 1 DAGs
[2025-07-01T03:01:53.215+0000] {logging_mixin.py:190} INFO - [2025-07-01T03:01:53.215+0000] {dag.py:4180} INFO - Setting next_dagrun for example_setup_teardown to None, run_after=None
[2025-07-01T03:01:53.233+0000] {processor.py:208} INFO - Processing /home/airflow/.local/lib/python3.12/site-packages/airflow/example_dags/example_setup_teardown.py took 0.069 seconds
[2025-07-01T03:02:23.462+0000] {processor.py:186} INFO - Started process (PID=12366) to work on /home/airflow/.local/lib/python3.12/site-packages/airflow/example_dags/example_setup_teardown.py
[2025-07-01T03:02:23.463+0000] {processor.py:914} INFO - Processing file /home/airflow/.local/lib/python3.12/site-packages/airflow/example_dags/example_setup_teardown.py for tasks to queue
[2025-07-01T03:02:23.465+0000] {logging_mixin.py:190} INFO - [2025-07-01T03:02:23.465+0000] {dagbag.py:588} INFO - Filling up the DagBag from /home/airflow/.local/lib/python3.12/site-packages/airflow/example_dags/example_setup_teardown.py
[2025-07-01T03:02:23.475+0000] {processor.py:925} INFO - DAG(s) 'example_setup_teardown' retrieved from /home/airflow/.local/lib/python3.12/site-packages/airflow/example_dags/example_setup_teardown.py
[2025-07-01T03:02:23.498+0000] {logging_mixin.py:190} INFO - [2025-07-01T03:02:23.498+0000] {dag.py:3239} INFO - Sync 1 DAGs
[2025-07-01T03:02:23.513+0000] {logging_mixin.py:190} INFO - [2025-07-01T03:02:23.513+0000] {dag.py:4180} INFO - Setting next_dagrun for example_setup_teardown to None, run_after=None
[2025-07-01T03:02:23.531+0000] {processor.py:208} INFO - Processing /home/airflow/.local/lib/python3.12/site-packages/airflow/example_dags/example_setup_teardown.py took 0.075 seconds
[2025-07-01T03:02:53.590+0000] {processor.py:186} INFO - Started process (PID=12427) to work on /home/airflow/.local/lib/python3.12/site-packages/airflow/example_dags/example_setup_teardown.py
[2025-07-01T03:02:53.593+0000] {processor.py:914} INFO - Processing file /home/airflow/.local/lib/python3.12/site-packages/airflow/example_dags/example_setup_teardown.py for tasks to queue
[2025-07-01T03:02:53.596+0000] {logging_mixin.py:190} INFO - [2025-07-01T03:02:53.595+0000] {dagbag.py:588} INFO - Filling up the DagBag from /home/airflow/.local/lib/python3.12/site-packages/airflow/example_dags/example_setup_teardown.py
[2025-07-01T03:02:53.604+0000] {processor.py:925} INFO - DAG(s) 'example_setup_teardown' retrieved from /home/airflow/.local/lib/python3.12/site-packages/airflow/example_dags/example_setup_teardown.py
[2025-07-01T03:02:53.629+0000] {logging_mixin.py:190} INFO - [2025-07-01T03:02:53.629+0000] {dag.py:3239} INFO - Sync 1 DAGs
[2025-07-01T03:02:53.644+0000] {logging_mixin.py:190} INFO - [2025-07-01T03:02:53.643+0000] {dag.py:4180} INFO - Setting next_dagrun for example_setup_teardown to None, run_after=None
[2025-07-01T03:02:53.662+0000] {processor.py:208} INFO - Processing /home/airflow/.local/lib/python3.12/site-packages/airflow/example_dags/example_setup_teardown.py took 0.079 seconds
[2025-07-01T03:03:24.413+0000] {processor.py:186} INFO - Started process (PID=12489) to work on /home/airflow/.local/lib/python3.12/site-packages/airflow/example_dags/example_setup_teardown.py
[2025-07-01T03:03:24.414+0000] {processor.py:914} INFO - Processing file /home/airflow/.local/lib/python3.12/site-packages/airflow/example_dags/example_setup_teardown.py for tasks to queue
[2025-07-01T03:03:24.417+0000] {logging_mixin.py:190} INFO - [2025-07-01T03:03:24.416+0000] {dagbag.py:588} INFO - Filling up the DagBag from /home/airflow/.local/lib/python3.12/site-packages/airflow/example_dags/example_setup_teardown.py
[2025-07-01T03:03:24.427+0000] {processor.py:925} INFO - DAG(s) 'example_setup_teardown' retrieved from /home/airflow/.local/lib/python3.12/site-packages/airflow/example_dags/example_setup_teardown.py
[2025-07-01T03:03:24.447+0000] {logging_mixin.py:190} INFO - [2025-07-01T03:03:24.447+0000] {dag.py:3239} INFO - Sync 1 DAGs
[2025-07-01T03:03:24.462+0000] {logging_mixin.py:190} INFO - [2025-07-01T03:03:24.462+0000] {dag.py:4180} INFO - Setting next_dagrun for example_setup_teardown to None, run_after=None
[2025-07-01T03:03:24.479+0000] {processor.py:208} INFO - Processing /home/airflow/.local/lib/python3.12/site-packages/airflow/example_dags/example_setup_teardown.py took 0.074 seconds
[2025-07-01T03:03:54.577+0000] {processor.py:186} INFO - Started process (PID=12551) to work on /home/airflow/.local/lib/python3.12/site-packages/airflow/example_dags/example_setup_teardown.py
[2025-07-01T03:03:54.578+0000] {processor.py:914} INFO - Processing file /home/airflow/.local/lib/python3.12/site-packages/airflow/example_dags/example_setup_teardown.py for tasks to queue
[2025-07-01T03:03:54.581+0000] {logging_mixin.py:190} INFO - [2025-07-01T03:03:54.581+0000] {dagbag.py:588} INFO - Filling up the DagBag from /home/airflow/.local/lib/python3.12/site-packages/airflow/example_dags/example_setup_teardown.py
[2025-07-01T03:03:54.590+0000] {processor.py:925} INFO - DAG(s) 'example_setup_teardown' retrieved from /home/airflow/.local/lib/python3.12/site-packages/airflow/example_dags/example_setup_teardown.py
[2025-07-01T03:03:54.609+0000] {logging_mixin.py:190} INFO - [2025-07-01T03:03:54.609+0000] {dag.py:3239} INFO - Sync 1 DAGs
[2025-07-01T03:03:54.622+0000] {logging_mixin.py:190} INFO - [2025-07-01T03:03:54.622+0000] {dag.py:4180} INFO - Setting next_dagrun for example_setup_teardown to None, run_after=None
[2025-07-01T03:03:54.639+0000] {processor.py:208} INFO - Processing /home/airflow/.local/lib/python3.12/site-packages/airflow/example_dags/example_setup_teardown.py took 0.068 seconds
[2025-07-01T03:04:24.837+0000] {processor.py:186} INFO - Started process (PID=12613) to work on /home/airflow/.local/lib/python3.12/site-packages/airflow/example_dags/example_setup_teardown.py
[2025-07-01T03:04:24.838+0000] {processor.py:914} INFO - Processing file /home/airflow/.local/lib/python3.12/site-packages/airflow/example_dags/example_setup_teardown.py for tasks to queue
[2025-07-01T03:04:24.840+0000] {logging_mixin.py:190} INFO - [2025-07-01T03:04:24.840+0000] {dagbag.py:588} INFO - Filling up the DagBag from /home/airflow/.local/lib/python3.12/site-packages/airflow/example_dags/example_setup_teardown.py
[2025-07-01T03:04:24.848+0000] {processor.py:925} INFO - DAG(s) 'example_setup_teardown' retrieved from /home/airflow/.local/lib/python3.12/site-packages/airflow/example_dags/example_setup_teardown.py
[2025-07-01T03:04:24.867+0000] {logging_mixin.py:190} INFO - [2025-07-01T03:04:24.867+0000] {dag.py:3239} INFO - Sync 1 DAGs
[2025-07-01T03:04:24.881+0000] {logging_mixin.py:190} INFO - [2025-07-01T03:04:24.881+0000] {dag.py:4180} INFO - Setting next_dagrun for example_setup_teardown to None, run_after=None
[2025-07-01T03:04:24.898+0000] {processor.py:208} INFO - Processing /home/airflow/.local/lib/python3.12/site-packages/airflow/example_dags/example_setup_teardown.py took 0.067 seconds
[2025-07-01T03:04:55.447+0000] {processor.py:186} INFO - Started process (PID=12675) to work on /home/airflow/.local/lib/python3.12/site-packages/airflow/example_dags/example_setup_teardown.py
[2025-07-01T03:04:55.448+0000] {processor.py:914} INFO - Processing file /home/airflow/.local/lib/python3.12/site-packages/airflow/example_dags/example_setup_teardown.py for tasks to queue
[2025-07-01T03:04:55.451+0000] {logging_mixin.py:190} INFO - [2025-07-01T03:04:55.450+0000] {dagbag.py:588} INFO - Filling up the DagBag from /home/airflow/.local/lib/python3.12/site-packages/airflow/example_dags/example_setup_teardown.py
[2025-07-01T03:04:55.460+0000] {processor.py:925} INFO - DAG(s) 'example_setup_teardown' retrieved from /home/airflow/.local/lib/python3.12/site-packages/airflow/example_dags/example_setup_teardown.py
[2025-07-01T03:04:55.479+0000] {logging_mixin.py:190} INFO - [2025-07-01T03:04:55.479+0000] {dag.py:3239} INFO - Sync 1 DAGs
[2025-07-01T03:04:55.493+0000] {logging_mixin.py:190} INFO - [2025-07-01T03:04:55.493+0000] {dag.py:4180} INFO - Setting next_dagrun for example_setup_teardown to None, run_after=None
[2025-07-01T03:04:55.510+0000] {processor.py:208} INFO - Processing /home/airflow/.local/lib/python3.12/site-packages/airflow/example_dags/example_setup_teardown.py took 0.070 seconds
[2025-07-01T03:05:26.489+0000] {processor.py:186} INFO - Started process (PID=12737) to work on /home/airflow/.local/lib/python3.12/site-packages/airflow/example_dags/example_setup_teardown.py
[2025-07-01T03:05:26.490+0000] {processor.py:914} INFO - Processing file /home/airflow/.local/lib/python3.12/site-packages/airflow/example_dags/example_setup_teardown.py for tasks to queue
[2025-07-01T03:05:26.493+0000] {logging_mixin.py:190} INFO - [2025-07-01T03:05:26.492+0000] {dagbag.py:588} INFO - Filling up the DagBag from /home/airflow/.local/lib/python3.12/site-packages/airflow/example_dags/example_setup_teardown.py
[2025-07-01T03:05:26.501+0000] {processor.py:925} INFO - DAG(s) 'example_setup_teardown' retrieved from /home/airflow/.local/lib/python3.12/site-packages/airflow/example_dags/example_setup_teardown.py
[2025-07-01T03:05:26.520+0000] {logging_mixin.py:190} INFO - [2025-07-01T03:05:26.520+0000] {dag.py:3239} INFO - Sync 1 DAGs
[2025-07-01T03:05:26.533+0000] {logging_mixin.py:190} INFO - [2025-07-01T03:05:26.533+0000] {dag.py:4180} INFO - Setting next_dagrun for example_setup_teardown to None, run_after=None
[2025-07-01T03:05:26.551+0000] {processor.py:208} INFO - Processing /home/airflow/.local/lib/python3.12/site-packages/airflow/example_dags/example_setup_teardown.py took 0.069 seconds
[2025-07-01T03:05:56.616+0000] {processor.py:186} INFO - Started process (PID=12799) to work on /home/airflow/.local/lib/python3.12/site-packages/airflow/example_dags/example_setup_teardown.py
[2025-07-01T03:05:56.617+0000] {processor.py:914} INFO - Processing file /home/airflow/.local/lib/python3.12/site-packages/airflow/example_dags/example_setup_teardown.py for tasks to queue
[2025-07-01T03:05:56.619+0000] {logging_mixin.py:190} INFO - [2025-07-01T03:05:56.619+0000] {dagbag.py:588} INFO - Filling up the DagBag from /home/airflow/.local/lib/python3.12/site-packages/airflow/example_dags/example_setup_teardown.py
[2025-07-01T03:05:56.628+0000] {processor.py:925} INFO - DAG(s) 'example_setup_teardown' retrieved from /home/airflow/.local/lib/python3.12/site-packages/airflow/example_dags/example_setup_teardown.py
[2025-07-01T03:05:56.647+0000] {logging_mixin.py:190} INFO - [2025-07-01T03:05:56.646+0000] {dag.py:3239} INFO - Sync 1 DAGs
[2025-07-01T03:05:56.660+0000] {logging_mixin.py:190} INFO - [2025-07-01T03:05:56.660+0000] {dag.py:4180} INFO - Setting next_dagrun for example_setup_teardown to None, run_after=None
[2025-07-01T03:05:56.678+0000] {processor.py:208} INFO - Processing /home/airflow/.local/lib/python3.12/site-packages/airflow/example_dags/example_setup_teardown.py took 0.068 seconds
[2025-07-01T03:06:26.752+0000] {processor.py:186} INFO - Started process (PID=12861) to work on /home/airflow/.local/lib/python3.12/site-packages/airflow/example_dags/example_setup_teardown.py
[2025-07-01T03:06:26.753+0000] {processor.py:914} INFO - Processing file /home/airflow/.local/lib/python3.12/site-packages/airflow/example_dags/example_setup_teardown.py for tasks to queue
[2025-07-01T03:06:26.755+0000] {logging_mixin.py:190} INFO - [2025-07-01T03:06:26.755+0000] {dagbag.py:588} INFO - Filling up the DagBag from /home/airflow/.local/lib/python3.12/site-packages/airflow/example_dags/example_setup_teardown.py
[2025-07-01T03:06:26.764+0000] {processor.py:925} INFO - DAG(s) 'example_setup_teardown' retrieved from /home/airflow/.local/lib/python3.12/site-packages/airflow/example_dags/example_setup_teardown.py
[2025-07-01T03:06:26.783+0000] {logging_mixin.py:190} INFO - [2025-07-01T03:06:26.782+0000] {dag.py:3239} INFO - Sync 1 DAGs
[2025-07-01T03:06:26.797+0000] {logging_mixin.py:190} INFO - [2025-07-01T03:06:26.797+0000] {dag.py:4180} INFO - Setting next_dagrun for example_setup_teardown to None, run_after=None
[2025-07-01T03:06:26.816+0000] {processor.py:208} INFO - Processing /home/airflow/.local/lib/python3.12/site-packages/airflow/example_dags/example_setup_teardown.py took 0.071 seconds
[2025-07-01T03:06:57.694+0000] {processor.py:186} INFO - Started process (PID=12923) to work on /home/airflow/.local/lib/python3.12/site-packages/airflow/example_dags/example_setup_teardown.py
[2025-07-01T03:06:57.695+0000] {processor.py:914} INFO - Processing file /home/airflow/.local/lib/python3.12/site-packages/airflow/example_dags/example_setup_teardown.py for tasks to queue
[2025-07-01T03:06:57.698+0000] {logging_mixin.py:190} INFO - [2025-07-01T03:06:57.698+0000] {dagbag.py:588} INFO - Filling up the DagBag from /home/airflow/.local/lib/python3.12/site-packages/airflow/example_dags/example_setup_teardown.py
[2025-07-01T03:06:57.706+0000] {processor.py:925} INFO - DAG(s) 'example_setup_teardown' retrieved from /home/airflow/.local/lib/python3.12/site-packages/airflow/example_dags/example_setup_teardown.py
[2025-07-01T03:06:57.725+0000] {logging_mixin.py:190} INFO - [2025-07-01T03:06:57.724+0000] {dag.py:3239} INFO - Sync 1 DAGs
[2025-07-01T03:06:57.738+0000] {logging_mixin.py:190} INFO - [2025-07-01T03:06:57.738+0000] {dag.py:4180} INFO - Setting next_dagrun for example_setup_teardown to None, run_after=None
[2025-07-01T03:06:57.755+0000] {processor.py:208} INFO - Processing /home/airflow/.local/lib/python3.12/site-packages/airflow/example_dags/example_setup_teardown.py took 0.066 seconds
[2025-07-01T03:07:28.668+0000] {processor.py:186} INFO - Started process (PID=12985) to work on /home/airflow/.local/lib/python3.12/site-packages/airflow/example_dags/example_setup_teardown.py
[2025-07-01T03:07:28.669+0000] {processor.py:914} INFO - Processing file /home/airflow/.local/lib/python3.12/site-packages/airflow/example_dags/example_setup_teardown.py for tasks to queue
[2025-07-01T03:07:28.671+0000] {logging_mixin.py:190} INFO - [2025-07-01T03:07:28.671+0000] {dagbag.py:588} INFO - Filling up the DagBag from /home/airflow/.local/lib/python3.12/site-packages/airflow/example_dags/example_setup_teardown.py
[2025-07-01T03:07:28.679+0000] {processor.py:925} INFO - DAG(s) 'example_setup_teardown' retrieved from /home/airflow/.local/lib/python3.12/site-packages/airflow/example_dags/example_setup_teardown.py
[2025-07-01T03:07:28.698+0000] {logging_mixin.py:190} INFO - [2025-07-01T03:07:28.698+0000] {dag.py:3239} INFO - Sync 1 DAGs
[2025-07-01T03:07:28.712+0000] {logging_mixin.py:190} INFO - [2025-07-01T03:07:28.711+0000] {dag.py:4180} INFO - Setting next_dagrun for example_setup_teardown to None, run_after=None
[2025-07-01T03:07:28.728+0000] {processor.py:208} INFO - Processing /home/airflow/.local/lib/python3.12/site-packages/airflow/example_dags/example_setup_teardown.py took 0.066 seconds
[2025-07-01T03:07:59.075+0000] {processor.py:186} INFO - Started process (PID=13047) to work on /home/airflow/.local/lib/python3.12/site-packages/airflow/example_dags/example_setup_teardown.py
[2025-07-01T03:07:59.076+0000] {processor.py:914} INFO - Processing file /home/airflow/.local/lib/python3.12/site-packages/airflow/example_dags/example_setup_teardown.py for tasks to queue
[2025-07-01T03:07:59.079+0000] {logging_mixin.py:190} INFO - [2025-07-01T03:07:59.078+0000] {dagbag.py:588} INFO - Filling up the DagBag from /home/airflow/.local/lib/python3.12/site-packages/airflow/example_dags/example_setup_teardown.py
[2025-07-01T03:07:59.087+0000] {processor.py:925} INFO - DAG(s) 'example_setup_teardown' retrieved from /home/airflow/.local/lib/python3.12/site-packages/airflow/example_dags/example_setup_teardown.py
[2025-07-01T03:07:59.107+0000] {logging_mixin.py:190} INFO - [2025-07-01T03:07:59.107+0000] {dag.py:3239} INFO - Sync 1 DAGs
[2025-07-01T03:07:59.122+0000] {logging_mixin.py:190} INFO - [2025-07-01T03:07:59.122+0000] {dag.py:4180} INFO - Setting next_dagrun for example_setup_teardown to None, run_after=None
[2025-07-01T03:07:59.139+0000] {processor.py:208} INFO - Processing /home/airflow/.local/lib/python3.12/site-packages/airflow/example_dags/example_setup_teardown.py took 0.070 seconds
[2025-07-01T03:08:29.347+0000] {processor.py:186} INFO - Started process (PID=13109) to work on /home/airflow/.local/lib/python3.12/site-packages/airflow/example_dags/example_setup_teardown.py
[2025-07-01T03:08:29.348+0000] {processor.py:914} INFO - Processing file /home/airflow/.local/lib/python3.12/site-packages/airflow/example_dags/example_setup_teardown.py for tasks to queue
[2025-07-01T03:08:29.350+0000] {logging_mixin.py:190} INFO - [2025-07-01T03:08:29.350+0000] {dagbag.py:588} INFO - Filling up the DagBag from /home/airflow/.local/lib/python3.12/site-packages/airflow/example_dags/example_setup_teardown.py
[2025-07-01T03:08:29.359+0000] {processor.py:925} INFO - DAG(s) 'example_setup_teardown' retrieved from /home/airflow/.local/lib/python3.12/site-packages/airflow/example_dags/example_setup_teardown.py
[2025-07-01T03:08:29.378+0000] {logging_mixin.py:190} INFO - [2025-07-01T03:08:29.378+0000] {dag.py:3239} INFO - Sync 1 DAGs
[2025-07-01T03:08:29.391+0000] {logging_mixin.py:190} INFO - [2025-07-01T03:08:29.391+0000] {dag.py:4180} INFO - Setting next_dagrun for example_setup_teardown to None, run_after=None
[2025-07-01T03:08:29.411+0000] {processor.py:208} INFO - Processing /home/airflow/.local/lib/python3.12/site-packages/airflow/example_dags/example_setup_teardown.py took 0.070 seconds
[2025-07-01T03:30:11.837+0000] {processor.py:186} INFO - Started process (PID=13120) to work on /home/airflow/.local/lib/python3.12/site-packages/airflow/example_dags/example_setup_teardown.py
[2025-07-01T03:30:11.840+0000] {processor.py:914} INFO - Processing file /home/airflow/.local/lib/python3.12/site-packages/airflow/example_dags/example_setup_teardown.py for tasks to queue
[2025-07-01T03:30:11.848+0000] {logging_mixin.py:190} INFO - [2025-07-01T03:30:11.847+0000] {dagbag.py:588} INFO - Filling up the DagBag from /home/airflow/.local/lib/python3.12/site-packages/airflow/example_dags/example_setup_teardown.py
[2025-07-01T03:30:11.892+0000] {processor.py:925} INFO - DAG(s) 'example_setup_teardown' retrieved from /home/airflow/.local/lib/python3.12/site-packages/airflow/example_dags/example_setup_teardown.py
[2025-07-01T03:30:12.008+0000] {logging_mixin.py:190} INFO - [2025-07-01T03:30:12.008+0000] {dag.py:3239} INFO - Sync 1 DAGs
[2025-07-01T03:30:12.068+0000] {logging_mixin.py:190} INFO - [2025-07-01T03:30:12.068+0000] {dag.py:4180} INFO - Setting next_dagrun for example_setup_teardown to None, run_after=None
[2025-07-01T03:30:12.171+0000] {processor.py:208} INFO - Processing /home/airflow/.local/lib/python3.12/site-packages/airflow/example_dags/example_setup_teardown.py took 0.354 seconds
[2025-07-01T03:30:43.146+0000] {processor.py:186} INFO - Started process (PID=13182) to work on /home/airflow/.local/lib/python3.12/site-packages/airflow/example_dags/example_setup_teardown.py
[2025-07-01T03:30:43.151+0000] {processor.py:914} INFO - Processing file /home/airflow/.local/lib/python3.12/site-packages/airflow/example_dags/example_setup_teardown.py for tasks to queue
[2025-07-01T03:30:43.162+0000] {logging_mixin.py:190} INFO - [2025-07-01T03:30:43.161+0000] {dagbag.py:588} INFO - Filling up the DagBag from /home/airflow/.local/lib/python3.12/site-packages/airflow/example_dags/example_setup_teardown.py
[2025-07-01T03:30:43.205+0000] {processor.py:925} INFO - DAG(s) 'example_setup_teardown' retrieved from /home/airflow/.local/lib/python3.12/site-packages/airflow/example_dags/example_setup_teardown.py
[2025-07-01T03:30:43.252+0000] {logging_mixin.py:190} INFO - [2025-07-01T03:30:43.252+0000] {dag.py:3239} INFO - Sync 1 DAGs
[2025-07-01T03:30:43.283+0000] {logging_mixin.py:190} INFO - [2025-07-01T03:30:43.283+0000] {dag.py:4180} INFO - Setting next_dagrun for example_setup_teardown to None, run_after=None
[2025-07-01T03:30:43.315+0000] {processor.py:208} INFO - Processing /home/airflow/.local/lib/python3.12/site-packages/airflow/example_dags/example_setup_teardown.py took 0.200 seconds
[2025-07-01T03:31:14.211+0000] {processor.py:186} INFO - Started process (PID=13244) to work on /home/airflow/.local/lib/python3.12/site-packages/airflow/example_dags/example_setup_teardown.py
[2025-07-01T03:31:14.213+0000] {processor.py:914} INFO - Processing file /home/airflow/.local/lib/python3.12/site-packages/airflow/example_dags/example_setup_teardown.py for tasks to queue
[2025-07-01T03:31:14.216+0000] {logging_mixin.py:190} INFO - [2025-07-01T03:31:14.215+0000] {dagbag.py:588} INFO - Filling up the DagBag from /home/airflow/.local/lib/python3.12/site-packages/airflow/example_dags/example_setup_teardown.py
[2025-07-01T03:31:14.227+0000] {processor.py:925} INFO - DAG(s) 'example_setup_teardown' retrieved from /home/airflow/.local/lib/python3.12/site-packages/airflow/example_dags/example_setup_teardown.py
[2025-07-01T03:31:14.252+0000] {logging_mixin.py:190} INFO - [2025-07-01T03:31:14.251+0000] {dag.py:3239} INFO - Sync 1 DAGs
[2025-07-01T03:31:14.268+0000] {logging_mixin.py:190} INFO - [2025-07-01T03:31:14.268+0000] {dag.py:4180} INFO - Setting next_dagrun for example_setup_teardown to None, run_after=None
[2025-07-01T03:31:14.289+0000] {processor.py:208} INFO - Processing /home/airflow/.local/lib/python3.12/site-packages/airflow/example_dags/example_setup_teardown.py took 0.086 seconds
[2025-07-01T03:31:44.879+0000] {processor.py:186} INFO - Started process (PID=13306) to work on /home/airflow/.local/lib/python3.12/site-packages/airflow/example_dags/example_setup_teardown.py
[2025-07-01T03:31:44.880+0000] {processor.py:914} INFO - Processing file /home/airflow/.local/lib/python3.12/site-packages/airflow/example_dags/example_setup_teardown.py for tasks to queue
[2025-07-01T03:31:44.882+0000] {logging_mixin.py:190} INFO - [2025-07-01T03:31:44.882+0000] {dagbag.py:588} INFO - Filling up the DagBag from /home/airflow/.local/lib/python3.12/site-packages/airflow/example_dags/example_setup_teardown.py
[2025-07-01T03:31:44.891+0000] {processor.py:925} INFO - DAG(s) 'example_setup_teardown' retrieved from /home/airflow/.local/lib/python3.12/site-packages/airflow/example_dags/example_setup_teardown.py
[2025-07-01T03:31:44.918+0000] {logging_mixin.py:190} INFO - [2025-07-01T03:31:44.918+0000] {dag.py:3239} INFO - Sync 1 DAGs
[2025-07-01T03:31:44.960+0000] {logging_mixin.py:190} INFO - [2025-07-01T03:31:44.959+0000] {dag.py:4180} INFO - Setting next_dagrun for example_setup_teardown to None, run_after=None
[2025-07-01T03:31:44.985+0000] {processor.py:208} INFO - Processing /home/airflow/.local/lib/python3.12/site-packages/airflow/example_dags/example_setup_teardown.py took 0.113 seconds
[2025-07-01T03:32:15.209+0000] {processor.py:186} INFO - Started process (PID=13368) to work on /home/airflow/.local/lib/python3.12/site-packages/airflow/example_dags/example_setup_teardown.py
[2025-07-01T03:32:15.211+0000] {processor.py:914} INFO - Processing file /home/airflow/.local/lib/python3.12/site-packages/airflow/example_dags/example_setup_teardown.py for tasks to queue
[2025-07-01T03:32:15.215+0000] {logging_mixin.py:190} INFO - [2025-07-01T03:32:15.214+0000] {dagbag.py:588} INFO - Filling up the DagBag from /home/airflow/.local/lib/python3.12/site-packages/airflow/example_dags/example_setup_teardown.py
[2025-07-01T03:32:15.228+0000] {processor.py:925} INFO - DAG(s) 'example_setup_teardown' retrieved from /home/airflow/.local/lib/python3.12/site-packages/airflow/example_dags/example_setup_teardown.py
[2025-07-01T03:32:15.255+0000] {logging_mixin.py:190} INFO - [2025-07-01T03:32:15.254+0000] {dag.py:3239} INFO - Sync 1 DAGs
[2025-07-01T03:32:15.274+0000] {logging_mixin.py:190} INFO - [2025-07-01T03:32:15.274+0000] {dag.py:4180} INFO - Setting next_dagrun for example_setup_teardown to None, run_after=None
[2025-07-01T03:32:15.297+0000] {processor.py:208} INFO - Processing /home/airflow/.local/lib/python3.12/site-packages/airflow/example_dags/example_setup_teardown.py took 0.101 seconds
[2025-07-01T03:32:45.883+0000] {processor.py:186} INFO - Started process (PID=13436) to work on /home/airflow/.local/lib/python3.12/site-packages/airflow/example_dags/example_setup_teardown.py
[2025-07-01T03:32:45.884+0000] {processor.py:914} INFO - Processing file /home/airflow/.local/lib/python3.12/site-packages/airflow/example_dags/example_setup_teardown.py for tasks to queue
[2025-07-01T03:32:45.887+0000] {logging_mixin.py:190} INFO - [2025-07-01T03:32:45.886+0000] {dagbag.py:588} INFO - Filling up the DagBag from /home/airflow/.local/lib/python3.12/site-packages/airflow/example_dags/example_setup_teardown.py
[2025-07-01T03:32:45.897+0000] {processor.py:925} INFO - DAG(s) 'example_setup_teardown' retrieved from /home/airflow/.local/lib/python3.12/site-packages/airflow/example_dags/example_setup_teardown.py
[2025-07-01T03:32:45.920+0000] {logging_mixin.py:190} INFO - [2025-07-01T03:32:45.920+0000] {dag.py:3239} INFO - Sync 1 DAGs
[2025-07-01T03:32:45.938+0000] {logging_mixin.py:190} INFO - [2025-07-01T03:32:45.938+0000] {dag.py:4180} INFO - Setting next_dagrun for example_setup_teardown to None, run_after=None
[2025-07-01T03:32:45.961+0000] {processor.py:208} INFO - Processing /home/airflow/.local/lib/python3.12/site-packages/airflow/example_dags/example_setup_teardown.py took 0.085 seconds
[2025-07-01T03:33:16.247+0000] {processor.py:186} INFO - Started process (PID=13499) to work on /home/airflow/.local/lib/python3.12/site-packages/airflow/example_dags/example_setup_teardown.py
[2025-07-01T03:33:16.248+0000] {processor.py:914} INFO - Processing file /home/airflow/.local/lib/python3.12/site-packages/airflow/example_dags/example_setup_teardown.py for tasks to queue
[2025-07-01T03:33:16.252+0000] {logging_mixin.py:190} INFO - [2025-07-01T03:33:16.252+0000] {dagbag.py:588} INFO - Filling up the DagBag from /home/airflow/.local/lib/python3.12/site-packages/airflow/example_dags/example_setup_teardown.py
[2025-07-01T03:33:16.264+0000] {processor.py:925} INFO - DAG(s) 'example_setup_teardown' retrieved from /home/airflow/.local/lib/python3.12/site-packages/airflow/example_dags/example_setup_teardown.py
[2025-07-01T03:33:16.294+0000] {logging_mixin.py:190} INFO - [2025-07-01T03:33:16.293+0000] {dag.py:3239} INFO - Sync 1 DAGs
[2025-07-01T03:33:16.314+0000] {logging_mixin.py:190} INFO - [2025-07-01T03:33:16.314+0000] {dag.py:4180} INFO - Setting next_dagrun for example_setup_teardown to None, run_after=None
[2025-07-01T03:33:16.333+0000] {processor.py:208} INFO - Processing /home/airflow/.local/lib/python3.12/site-packages/airflow/example_dags/example_setup_teardown.py took 0.094 seconds
[2025-07-01T03:33:46.666+0000] {processor.py:186} INFO - Started process (PID=13561) to work on /home/airflow/.local/lib/python3.12/site-packages/airflow/example_dags/example_setup_teardown.py
[2025-07-01T03:33:46.667+0000] {processor.py:914} INFO - Processing file /home/airflow/.local/lib/python3.12/site-packages/airflow/example_dags/example_setup_teardown.py for tasks to queue
[2025-07-01T03:33:46.669+0000] {logging_mixin.py:190} INFO - [2025-07-01T03:33:46.669+0000] {dagbag.py:588} INFO - Filling up the DagBag from /home/airflow/.local/lib/python3.12/site-packages/airflow/example_dags/example_setup_teardown.py
[2025-07-01T03:33:46.677+0000] {processor.py:925} INFO - DAG(s) 'example_setup_teardown' retrieved from /home/airflow/.local/lib/python3.12/site-packages/airflow/example_dags/example_setup_teardown.py
[2025-07-01T03:33:46.696+0000] {logging_mixin.py:190} INFO - [2025-07-01T03:33:46.696+0000] {dag.py:3239} INFO - Sync 1 DAGs
[2025-07-01T03:33:46.709+0000] {logging_mixin.py:190} INFO - [2025-07-01T03:33:46.709+0000] {dag.py:4180} INFO - Setting next_dagrun for example_setup_teardown to None, run_after=None
[2025-07-01T03:33:46.727+0000] {processor.py:208} INFO - Processing /home/airflow/.local/lib/python3.12/site-packages/airflow/example_dags/example_setup_teardown.py took 0.068 seconds
[2025-07-01T03:34:17.391+0000] {processor.py:186} INFO - Started process (PID=13623) to work on /home/airflow/.local/lib/python3.12/site-packages/airflow/example_dags/example_setup_teardown.py
[2025-07-01T03:34:17.392+0000] {processor.py:914} INFO - Processing file /home/airflow/.local/lib/python3.12/site-packages/airflow/example_dags/example_setup_teardown.py for tasks to queue
[2025-07-01T03:34:17.395+0000] {logging_mixin.py:190} INFO - [2025-07-01T03:34:17.394+0000] {dagbag.py:588} INFO - Filling up the DagBag from /home/airflow/.local/lib/python3.12/site-packages/airflow/example_dags/example_setup_teardown.py
[2025-07-01T03:34:17.404+0000] {processor.py:925} INFO - DAG(s) 'example_setup_teardown' retrieved from /home/airflow/.local/lib/python3.12/site-packages/airflow/example_dags/example_setup_teardown.py
[2025-07-01T03:34:17.425+0000] {logging_mixin.py:190} INFO - [2025-07-01T03:34:17.424+0000] {dag.py:3239} INFO - Sync 1 DAGs
[2025-07-01T03:34:17.438+0000] {logging_mixin.py:190} INFO - [2025-07-01T03:34:17.438+0000] {dag.py:4180} INFO - Setting next_dagrun for example_setup_teardown to None, run_after=None
[2025-07-01T03:34:17.465+0000] {processor.py:208} INFO - Processing /home/airflow/.local/lib/python3.12/site-packages/airflow/example_dags/example_setup_teardown.py took 0.080 seconds
[2025-07-01T03:34:47.928+0000] {processor.py:186} INFO - Started process (PID=13685) to work on /home/airflow/.local/lib/python3.12/site-packages/airflow/example_dags/example_setup_teardown.py
[2025-07-01T03:34:47.929+0000] {processor.py:914} INFO - Processing file /home/airflow/.local/lib/python3.12/site-packages/airflow/example_dags/example_setup_teardown.py for tasks to queue
[2025-07-01T03:34:47.932+0000] {logging_mixin.py:190} INFO - [2025-07-01T03:34:47.931+0000] {dagbag.py:588} INFO - Filling up the DagBag from /home/airflow/.local/lib/python3.12/site-packages/airflow/example_dags/example_setup_teardown.py
[2025-07-01T03:34:47.940+0000] {processor.py:925} INFO - DAG(s) 'example_setup_teardown' retrieved from /home/airflow/.local/lib/python3.12/site-packages/airflow/example_dags/example_setup_teardown.py
[2025-07-01T03:34:47.959+0000] {logging_mixin.py:190} INFO - [2025-07-01T03:34:47.959+0000] {dag.py:3239} INFO - Sync 1 DAGs
[2025-07-01T03:34:47.972+0000] {logging_mixin.py:190} INFO - [2025-07-01T03:34:47.971+0000] {dag.py:4180} INFO - Setting next_dagrun for example_setup_teardown to None, run_after=None
[2025-07-01T03:34:47.988+0000] {processor.py:208} INFO - Processing /home/airflow/.local/lib/python3.12/site-packages/airflow/example_dags/example_setup_teardown.py took 0.065 seconds
[2025-07-01T03:35:18.404+0000] {processor.py:186} INFO - Started process (PID=13747) to work on /home/airflow/.local/lib/python3.12/site-packages/airflow/example_dags/example_setup_teardown.py
[2025-07-01T03:35:18.405+0000] {processor.py:914} INFO - Processing file /home/airflow/.local/lib/python3.12/site-packages/airflow/example_dags/example_setup_teardown.py for tasks to queue
[2025-07-01T03:35:18.408+0000] {logging_mixin.py:190} INFO - [2025-07-01T03:35:18.408+0000] {dagbag.py:588} INFO - Filling up the DagBag from /home/airflow/.local/lib/python3.12/site-packages/airflow/example_dags/example_setup_teardown.py
[2025-07-01T03:35:18.417+0000] {processor.py:925} INFO - DAG(s) 'example_setup_teardown' retrieved from /home/airflow/.local/lib/python3.12/site-packages/airflow/example_dags/example_setup_teardown.py
[2025-07-01T03:35:18.438+0000] {logging_mixin.py:190} INFO - [2025-07-01T03:35:18.438+0000] {dag.py:3239} INFO - Sync 1 DAGs
[2025-07-01T03:35:18.451+0000] {logging_mixin.py:190} INFO - [2025-07-01T03:35:18.451+0000] {dag.py:4180} INFO - Setting next_dagrun for example_setup_teardown to None, run_after=None
[2025-07-01T03:35:18.468+0000] {processor.py:208} INFO - Processing /home/airflow/.local/lib/python3.12/site-packages/airflow/example_dags/example_setup_teardown.py took 0.070 seconds
[2025-07-01T03:35:48.564+0000] {processor.py:186} INFO - Started process (PID=13809) to work on /home/airflow/.local/lib/python3.12/site-packages/airflow/example_dags/example_setup_teardown.py
[2025-07-01T03:35:48.565+0000] {processor.py:914} INFO - Processing file /home/airflow/.local/lib/python3.12/site-packages/airflow/example_dags/example_setup_teardown.py for tasks to queue
[2025-07-01T03:35:48.568+0000] {logging_mixin.py:190} INFO - [2025-07-01T03:35:48.567+0000] {dagbag.py:588} INFO - Filling up the DagBag from /home/airflow/.local/lib/python3.12/site-packages/airflow/example_dags/example_setup_teardown.py
[2025-07-01T03:35:48.575+0000] {processor.py:925} INFO - DAG(s) 'example_setup_teardown' retrieved from /home/airflow/.local/lib/python3.12/site-packages/airflow/example_dags/example_setup_teardown.py
[2025-07-01T03:35:48.595+0000] {logging_mixin.py:190} INFO - [2025-07-01T03:35:48.595+0000] {dag.py:3239} INFO - Sync 1 DAGs
[2025-07-01T03:35:48.608+0000] {logging_mixin.py:190} INFO - [2025-07-01T03:35:48.608+0000] {dag.py:4180} INFO - Setting next_dagrun for example_setup_teardown to None, run_after=None
[2025-07-01T03:35:48.625+0000] {processor.py:208} INFO - Processing /home/airflow/.local/lib/python3.12/site-packages/airflow/example_dags/example_setup_teardown.py took 0.067 seconds
[2025-07-01T03:36:19.003+0000] {processor.py:186} INFO - Started process (PID=13871) to work on /home/airflow/.local/lib/python3.12/site-packages/airflow/example_dags/example_setup_teardown.py
[2025-07-01T03:36:19.004+0000] {processor.py:914} INFO - Processing file /home/airflow/.local/lib/python3.12/site-packages/airflow/example_dags/example_setup_teardown.py for tasks to queue
[2025-07-01T03:36:19.007+0000] {logging_mixin.py:190} INFO - [2025-07-01T03:36:19.007+0000] {dagbag.py:588} INFO - Filling up the DagBag from /home/airflow/.local/lib/python3.12/site-packages/airflow/example_dags/example_setup_teardown.py
[2025-07-01T03:36:19.018+0000] {processor.py:925} INFO - DAG(s) 'example_setup_teardown' retrieved from /home/airflow/.local/lib/python3.12/site-packages/airflow/example_dags/example_setup_teardown.py
[2025-07-01T03:36:19.043+0000] {logging_mixin.py:190} INFO - [2025-07-01T03:36:19.043+0000] {dag.py:3239} INFO - Sync 1 DAGs
[2025-07-01T03:36:19.059+0000] {logging_mixin.py:190} INFO - [2025-07-01T03:36:19.059+0000] {dag.py:4180} INFO - Setting next_dagrun for example_setup_teardown to None, run_after=None
[2025-07-01T03:36:19.081+0000] {processor.py:208} INFO - Processing /home/airflow/.local/lib/python3.12/site-packages/airflow/example_dags/example_setup_teardown.py took 0.085 seconds
[2025-07-01T03:36:49.286+0000] {processor.py:186} INFO - Started process (PID=13933) to work on /home/airflow/.local/lib/python3.12/site-packages/airflow/example_dags/example_setup_teardown.py
[2025-07-01T03:36:49.287+0000] {processor.py:914} INFO - Processing file /home/airflow/.local/lib/python3.12/site-packages/airflow/example_dags/example_setup_teardown.py for tasks to queue
[2025-07-01T03:36:49.290+0000] {logging_mixin.py:190} INFO - [2025-07-01T03:36:49.289+0000] {dagbag.py:588} INFO - Filling up the DagBag from /home/airflow/.local/lib/python3.12/site-packages/airflow/example_dags/example_setup_teardown.py
[2025-07-01T03:36:49.299+0000] {processor.py:925} INFO - DAG(s) 'example_setup_teardown' retrieved from /home/airflow/.local/lib/python3.12/site-packages/airflow/example_dags/example_setup_teardown.py
[2025-07-01T03:36:49.320+0000] {logging_mixin.py:190} INFO - [2025-07-01T03:36:49.319+0000] {dag.py:3239} INFO - Sync 1 DAGs
[2025-07-01T03:36:49.334+0000] {logging_mixin.py:190} INFO - [2025-07-01T03:36:49.334+0000] {dag.py:4180} INFO - Setting next_dagrun for example_setup_teardown to None, run_after=None
[2025-07-01T03:36:49.353+0000] {processor.py:208} INFO - Processing /home/airflow/.local/lib/python3.12/site-packages/airflow/example_dags/example_setup_teardown.py took 0.073 seconds
[2025-07-01T03:37:19.632+0000] {processor.py:186} INFO - Started process (PID=13995) to work on /home/airflow/.local/lib/python3.12/site-packages/airflow/example_dags/example_setup_teardown.py
[2025-07-01T03:37:19.633+0000] {processor.py:914} INFO - Processing file /home/airflow/.local/lib/python3.12/site-packages/airflow/example_dags/example_setup_teardown.py for tasks to queue
[2025-07-01T03:37:19.636+0000] {logging_mixin.py:190} INFO - [2025-07-01T03:37:19.636+0000] {dagbag.py:588} INFO - Filling up the DagBag from /home/airflow/.local/lib/python3.12/site-packages/airflow/example_dags/example_setup_teardown.py
[2025-07-01T03:37:19.645+0000] {processor.py:925} INFO - DAG(s) 'example_setup_teardown' retrieved from /home/airflow/.local/lib/python3.12/site-packages/airflow/example_dags/example_setup_teardown.py
[2025-07-01T03:37:19.665+0000] {logging_mixin.py:190} INFO - [2025-07-01T03:37:19.664+0000] {dag.py:3239} INFO - Sync 1 DAGs
[2025-07-01T03:37:19.680+0000] {logging_mixin.py:190} INFO - [2025-07-01T03:37:19.680+0000] {dag.py:4180} INFO - Setting next_dagrun for example_setup_teardown to None, run_after=None
[2025-07-01T03:37:19.697+0000] {processor.py:208} INFO - Processing /home/airflow/.local/lib/python3.12/site-packages/airflow/example_dags/example_setup_teardown.py took 0.072 seconds
[2025-07-01T03:37:49.930+0000] {processor.py:186} INFO - Started process (PID=14057) to work on /home/airflow/.local/lib/python3.12/site-packages/airflow/example_dags/example_setup_teardown.py
[2025-07-01T03:37:49.932+0000] {processor.py:914} INFO - Processing file /home/airflow/.local/lib/python3.12/site-packages/airflow/example_dags/example_setup_teardown.py for tasks to queue
[2025-07-01T03:37:49.935+0000] {logging_mixin.py:190} INFO - [2025-07-01T03:37:49.935+0000] {dagbag.py:588} INFO - Filling up the DagBag from /home/airflow/.local/lib/python3.12/site-packages/airflow/example_dags/example_setup_teardown.py
[2025-07-01T03:37:49.944+0000] {processor.py:925} INFO - DAG(s) 'example_setup_teardown' retrieved from /home/airflow/.local/lib/python3.12/site-packages/airflow/example_dags/example_setup_teardown.py
[2025-07-01T03:37:49.964+0000] {logging_mixin.py:190} INFO - [2025-07-01T03:37:49.963+0000] {dag.py:3239} INFO - Sync 1 DAGs
[2025-07-01T03:37:49.976+0000] {logging_mixin.py:190} INFO - [2025-07-01T03:37:49.976+0000] {dag.py:4180} INFO - Setting next_dagrun for example_setup_teardown to None, run_after=None
[2025-07-01T03:37:50.003+0000] {processor.py:208} INFO - Processing /home/airflow/.local/lib/python3.12/site-packages/airflow/example_dags/example_setup_teardown.py took 0.080 seconds
[2025-07-01T03:38:20.956+0000] {processor.py:186} INFO - Started process (PID=14119) to work on /home/airflow/.local/lib/python3.12/site-packages/airflow/example_dags/example_setup_teardown.py
[2025-07-01T03:38:20.957+0000] {processor.py:914} INFO - Processing file /home/airflow/.local/lib/python3.12/site-packages/airflow/example_dags/example_setup_teardown.py for tasks to queue
[2025-07-01T03:38:20.959+0000] {logging_mixin.py:190} INFO - [2025-07-01T03:38:20.959+0000] {dagbag.py:588} INFO - Filling up the DagBag from /home/airflow/.local/lib/python3.12/site-packages/airflow/example_dags/example_setup_teardown.py
[2025-07-01T03:38:20.967+0000] {processor.py:925} INFO - DAG(s) 'example_setup_teardown' retrieved from /home/airflow/.local/lib/python3.12/site-packages/airflow/example_dags/example_setup_teardown.py
[2025-07-01T03:38:20.987+0000] {logging_mixin.py:190} INFO - [2025-07-01T03:38:20.986+0000] {dag.py:3239} INFO - Sync 1 DAGs
[2025-07-01T03:38:20.999+0000] {logging_mixin.py:190} INFO - [2025-07-01T03:38:20.999+0000] {dag.py:4180} INFO - Setting next_dagrun for example_setup_teardown to None, run_after=None
[2025-07-01T03:38:21.015+0000] {processor.py:208} INFO - Processing /home/airflow/.local/lib/python3.12/site-packages/airflow/example_dags/example_setup_teardown.py took 0.066 seconds
[2025-07-01T03:38:51.728+0000] {processor.py:186} INFO - Started process (PID=14181) to work on /home/airflow/.local/lib/python3.12/site-packages/airflow/example_dags/example_setup_teardown.py
[2025-07-01T03:38:51.729+0000] {processor.py:914} INFO - Processing file /home/airflow/.local/lib/python3.12/site-packages/airflow/example_dags/example_setup_teardown.py for tasks to queue
[2025-07-01T03:38:51.732+0000] {logging_mixin.py:190} INFO - [2025-07-01T03:38:51.731+0000] {dagbag.py:588} INFO - Filling up the DagBag from /home/airflow/.local/lib/python3.12/site-packages/airflow/example_dags/example_setup_teardown.py
[2025-07-01T03:38:51.740+0000] {processor.py:925} INFO - DAG(s) 'example_setup_teardown' retrieved from /home/airflow/.local/lib/python3.12/site-packages/airflow/example_dags/example_setup_teardown.py
[2025-07-01T03:38:51.759+0000] {logging_mixin.py:190} INFO - [2025-07-01T03:38:51.759+0000] {dag.py:3239} INFO - Sync 1 DAGs
[2025-07-01T03:38:51.772+0000] {logging_mixin.py:190} INFO - [2025-07-01T03:38:51.772+0000] {dag.py:4180} INFO - Setting next_dagrun for example_setup_teardown to None, run_after=None
[2025-07-01T03:38:51.788+0000] {processor.py:208} INFO - Processing /home/airflow/.local/lib/python3.12/site-packages/airflow/example_dags/example_setup_teardown.py took 0.066 seconds
[2025-07-01T03:39:22.518+0000] {processor.py:186} INFO - Started process (PID=14243) to work on /home/airflow/.local/lib/python3.12/site-packages/airflow/example_dags/example_setup_teardown.py
[2025-07-01T03:39:22.519+0000] {processor.py:914} INFO - Processing file /home/airflow/.local/lib/python3.12/site-packages/airflow/example_dags/example_setup_teardown.py for tasks to queue
[2025-07-01T03:39:22.523+0000] {logging_mixin.py:190} INFO - [2025-07-01T03:39:22.523+0000] {dagbag.py:588} INFO - Filling up the DagBag from /home/airflow/.local/lib/python3.12/site-packages/airflow/example_dags/example_setup_teardown.py
[2025-07-01T03:39:22.536+0000] {processor.py:925} INFO - DAG(s) 'example_setup_teardown' retrieved from /home/airflow/.local/lib/python3.12/site-packages/airflow/example_dags/example_setup_teardown.py
[2025-07-01T03:39:22.560+0000] {logging_mixin.py:190} INFO - [2025-07-01T03:39:22.560+0000] {dag.py:3239} INFO - Sync 1 DAGs
[2025-07-01T03:39:22.579+0000] {logging_mixin.py:190} INFO - [2025-07-01T03:39:22.579+0000] {dag.py:4180} INFO - Setting next_dagrun for example_setup_teardown to None, run_after=None
[2025-07-01T03:39:22.603+0000] {processor.py:208} INFO - Processing /home/airflow/.local/lib/python3.12/site-packages/airflow/example_dags/example_setup_teardown.py took 0.092 seconds
[2025-07-01T03:39:53.336+0000] {processor.py:186} INFO - Started process (PID=14305) to work on /home/airflow/.local/lib/python3.12/site-packages/airflow/example_dags/example_setup_teardown.py
[2025-07-01T03:39:53.337+0000] {processor.py:914} INFO - Processing file /home/airflow/.local/lib/python3.12/site-packages/airflow/example_dags/example_setup_teardown.py for tasks to queue
[2025-07-01T03:39:53.339+0000] {logging_mixin.py:190} INFO - [2025-07-01T03:39:53.339+0000] {dagbag.py:588} INFO - Filling up the DagBag from /home/airflow/.local/lib/python3.12/site-packages/airflow/example_dags/example_setup_teardown.py
[2025-07-01T03:39:53.349+0000] {processor.py:925} INFO - DAG(s) 'example_setup_teardown' retrieved from /home/airflow/.local/lib/python3.12/site-packages/airflow/example_dags/example_setup_teardown.py
[2025-07-01T03:39:53.374+0000] {logging_mixin.py:190} INFO - [2025-07-01T03:39:53.373+0000] {dag.py:3239} INFO - Sync 1 DAGs
[2025-07-01T03:39:53.396+0000] {logging_mixin.py:190} INFO - [2025-07-01T03:39:53.395+0000] {dag.py:4180} INFO - Setting next_dagrun for example_setup_teardown to None, run_after=None
[2025-07-01T03:39:53.416+0000] {processor.py:208} INFO - Processing /home/airflow/.local/lib/python3.12/site-packages/airflow/example_dags/example_setup_teardown.py took 0.086 seconds
[2025-07-01T03:40:23.945+0000] {processor.py:186} INFO - Started process (PID=14367) to work on /home/airflow/.local/lib/python3.12/site-packages/airflow/example_dags/example_setup_teardown.py
[2025-07-01T03:40:23.947+0000] {processor.py:914} INFO - Processing file /home/airflow/.local/lib/python3.12/site-packages/airflow/example_dags/example_setup_teardown.py for tasks to queue
[2025-07-01T03:40:23.951+0000] {logging_mixin.py:190} INFO - [2025-07-01T03:40:23.950+0000] {dagbag.py:588} INFO - Filling up the DagBag from /home/airflow/.local/lib/python3.12/site-packages/airflow/example_dags/example_setup_teardown.py
[2025-07-01T03:40:23.965+0000] {processor.py:925} INFO - DAG(s) 'example_setup_teardown' retrieved from /home/airflow/.local/lib/python3.12/site-packages/airflow/example_dags/example_setup_teardown.py
[2025-07-01T03:40:23.993+0000] {logging_mixin.py:190} INFO - [2025-07-01T03:40:23.992+0000] {dag.py:3239} INFO - Sync 1 DAGs
[2025-07-01T03:40:24.012+0000] {logging_mixin.py:190} INFO - [2025-07-01T03:40:24.011+0000] {dag.py:4180} INFO - Setting next_dagrun for example_setup_teardown to None, run_after=None
[2025-07-01T03:40:24.033+0000] {processor.py:208} INFO - Processing /home/airflow/.local/lib/python3.12/site-packages/airflow/example_dags/example_setup_teardown.py took 0.098 seconds
[2025-07-01T03:40:54.902+0000] {processor.py:186} INFO - Started process (PID=14429) to work on /home/airflow/.local/lib/python3.12/site-packages/airflow/example_dags/example_setup_teardown.py
[2025-07-01T03:40:54.903+0000] {processor.py:914} INFO - Processing file /home/airflow/.local/lib/python3.12/site-packages/airflow/example_dags/example_setup_teardown.py for tasks to queue
[2025-07-01T03:40:54.905+0000] {logging_mixin.py:190} INFO - [2025-07-01T03:40:54.905+0000] {dagbag.py:588} INFO - Filling up the DagBag from /home/airflow/.local/lib/python3.12/site-packages/airflow/example_dags/example_setup_teardown.py
[2025-07-01T03:40:54.914+0000] {processor.py:925} INFO - DAG(s) 'example_setup_teardown' retrieved from /home/airflow/.local/lib/python3.12/site-packages/airflow/example_dags/example_setup_teardown.py
[2025-07-01T03:40:54.934+0000] {logging_mixin.py:190} INFO - [2025-07-01T03:40:54.933+0000] {dag.py:3239} INFO - Sync 1 DAGs
[2025-07-01T03:40:54.947+0000] {logging_mixin.py:190} INFO - [2025-07-01T03:40:54.947+0000] {dag.py:4180} INFO - Setting next_dagrun for example_setup_teardown to None, run_after=None
[2025-07-01T03:40:54.965+0000] {processor.py:208} INFO - Processing /home/airflow/.local/lib/python3.12/site-packages/airflow/example_dags/example_setup_teardown.py took 0.069 seconds
[2025-07-01T03:41:25.689+0000] {processor.py:186} INFO - Started process (PID=14491) to work on /home/airflow/.local/lib/python3.12/site-packages/airflow/example_dags/example_setup_teardown.py
[2025-07-01T03:41:25.690+0000] {processor.py:914} INFO - Processing file /home/airflow/.local/lib/python3.12/site-packages/airflow/example_dags/example_setup_teardown.py for tasks to queue
[2025-07-01T03:41:25.694+0000] {logging_mixin.py:190} INFO - [2025-07-01T03:41:25.693+0000] {dagbag.py:588} INFO - Filling up the DagBag from /home/airflow/.local/lib/python3.12/site-packages/airflow/example_dags/example_setup_teardown.py
[2025-07-01T03:41:25.705+0000] {processor.py:925} INFO - DAG(s) 'example_setup_teardown' retrieved from /home/airflow/.local/lib/python3.12/site-packages/airflow/example_dags/example_setup_teardown.py
[2025-07-01T03:41:25.725+0000] {logging_mixin.py:190} INFO - [2025-07-01T03:41:25.725+0000] {dag.py:3239} INFO - Sync 1 DAGs
[2025-07-01T03:41:25.738+0000] {logging_mixin.py:190} INFO - [2025-07-01T03:41:25.738+0000] {dag.py:4180} INFO - Setting next_dagrun for example_setup_teardown to None, run_after=None
[2025-07-01T03:41:25.754+0000] {processor.py:208} INFO - Processing /home/airflow/.local/lib/python3.12/site-packages/airflow/example_dags/example_setup_teardown.py took 0.072 seconds
[2025-07-01T03:41:55.962+0000] {processor.py:186} INFO - Started process (PID=14553) to work on /home/airflow/.local/lib/python3.12/site-packages/airflow/example_dags/example_setup_teardown.py
[2025-07-01T03:41:55.963+0000] {processor.py:914} INFO - Processing file /home/airflow/.local/lib/python3.12/site-packages/airflow/example_dags/example_setup_teardown.py for tasks to queue
[2025-07-01T03:41:55.965+0000] {logging_mixin.py:190} INFO - [2025-07-01T03:41:55.965+0000] {dagbag.py:588} INFO - Filling up the DagBag from /home/airflow/.local/lib/python3.12/site-packages/airflow/example_dags/example_setup_teardown.py
[2025-07-01T03:41:55.973+0000] {processor.py:925} INFO - DAG(s) 'example_setup_teardown' retrieved from /home/airflow/.local/lib/python3.12/site-packages/airflow/example_dags/example_setup_teardown.py
[2025-07-01T03:41:55.993+0000] {logging_mixin.py:190} INFO - [2025-07-01T03:41:55.992+0000] {dag.py:3239} INFO - Sync 1 DAGs
[2025-07-01T03:41:56.005+0000] {logging_mixin.py:190} INFO - [2025-07-01T03:41:56.005+0000] {dag.py:4180} INFO - Setting next_dagrun for example_setup_teardown to None, run_after=None
[2025-07-01T03:41:56.021+0000] {processor.py:208} INFO - Processing /home/airflow/.local/lib/python3.12/site-packages/airflow/example_dags/example_setup_teardown.py took 0.065 seconds
[2025-07-01T03:42:26.493+0000] {processor.py:186} INFO - Started process (PID=14615) to work on /home/airflow/.local/lib/python3.12/site-packages/airflow/example_dags/example_setup_teardown.py
[2025-07-01T03:42:26.495+0000] {processor.py:914} INFO - Processing file /home/airflow/.local/lib/python3.12/site-packages/airflow/example_dags/example_setup_teardown.py for tasks to queue
[2025-07-01T03:42:26.498+0000] {logging_mixin.py:190} INFO - [2025-07-01T03:42:26.498+0000] {dagbag.py:588} INFO - Filling up the DagBag from /home/airflow/.local/lib/python3.12/site-packages/airflow/example_dags/example_setup_teardown.py
[2025-07-01T03:42:26.509+0000] {processor.py:925} INFO - DAG(s) 'example_setup_teardown' retrieved from /home/airflow/.local/lib/python3.12/site-packages/airflow/example_dags/example_setup_teardown.py
[2025-07-01T03:42:26.532+0000] {logging_mixin.py:190} INFO - [2025-07-01T03:42:26.532+0000] {dag.py:3239} INFO - Sync 1 DAGs
[2025-07-01T03:42:26.548+0000] {logging_mixin.py:190} INFO - [2025-07-01T03:42:26.548+0000] {dag.py:4180} INFO - Setting next_dagrun for example_setup_teardown to None, run_after=None
[2025-07-01T03:42:26.565+0000] {processor.py:208} INFO - Processing /home/airflow/.local/lib/python3.12/site-packages/airflow/example_dags/example_setup_teardown.py took 0.079 seconds
[2025-07-01T03:42:57.337+0000] {processor.py:186} INFO - Started process (PID=14677) to work on /home/airflow/.local/lib/python3.12/site-packages/airflow/example_dags/example_setup_teardown.py
[2025-07-01T03:42:57.338+0000] {processor.py:914} INFO - Processing file /home/airflow/.local/lib/python3.12/site-packages/airflow/example_dags/example_setup_teardown.py for tasks to queue
[2025-07-01T03:42:57.341+0000] {logging_mixin.py:190} INFO - [2025-07-01T03:42:57.341+0000] {dagbag.py:588} INFO - Filling up the DagBag from /home/airflow/.local/lib/python3.12/site-packages/airflow/example_dags/example_setup_teardown.py
[2025-07-01T03:42:57.349+0000] {processor.py:925} INFO - DAG(s) 'example_setup_teardown' retrieved from /home/airflow/.local/lib/python3.12/site-packages/airflow/example_dags/example_setup_teardown.py
[2025-07-01T03:42:57.368+0000] {logging_mixin.py:190} INFO - [2025-07-01T03:42:57.368+0000] {dag.py:3239} INFO - Sync 1 DAGs
[2025-07-01T03:42:57.381+0000] {logging_mixin.py:190} INFO - [2025-07-01T03:42:57.380+0000] {dag.py:4180} INFO - Setting next_dagrun for example_setup_teardown to None, run_after=None
[2025-07-01T03:42:57.407+0000] {processor.py:208} INFO - Processing /home/airflow/.local/lib/python3.12/site-packages/airflow/example_dags/example_setup_teardown.py took 0.076 seconds
[2025-07-01T03:43:27.612+0000] {processor.py:186} INFO - Started process (PID=14739) to work on /home/airflow/.local/lib/python3.12/site-packages/airflow/example_dags/example_setup_teardown.py
[2025-07-01T03:43:27.613+0000] {processor.py:914} INFO - Processing file /home/airflow/.local/lib/python3.12/site-packages/airflow/example_dags/example_setup_teardown.py for tasks to queue
[2025-07-01T03:43:27.615+0000] {logging_mixin.py:190} INFO - [2025-07-01T03:43:27.615+0000] {dagbag.py:588} INFO - Filling up the DagBag from /home/airflow/.local/lib/python3.12/site-packages/airflow/example_dags/example_setup_teardown.py
[2025-07-01T03:43:27.623+0000] {processor.py:925} INFO - DAG(s) 'example_setup_teardown' retrieved from /home/airflow/.local/lib/python3.12/site-packages/airflow/example_dags/example_setup_teardown.py
[2025-07-01T03:43:27.644+0000] {logging_mixin.py:190} INFO - [2025-07-01T03:43:27.644+0000] {dag.py:3239} INFO - Sync 1 DAGs
[2025-07-01T03:43:27.657+0000] {logging_mixin.py:190} INFO - [2025-07-01T03:43:27.657+0000] {dag.py:4180} INFO - Setting next_dagrun for example_setup_teardown to None, run_after=None
[2025-07-01T03:43:27.685+0000] {processor.py:208} INFO - Processing /home/airflow/.local/lib/python3.12/site-packages/airflow/example_dags/example_setup_teardown.py took 0.078 seconds
[2025-07-01T03:43:57.805+0000] {processor.py:186} INFO - Started process (PID=14801) to work on /home/airflow/.local/lib/python3.12/site-packages/airflow/example_dags/example_setup_teardown.py
[2025-07-01T03:43:57.806+0000] {processor.py:914} INFO - Processing file /home/airflow/.local/lib/python3.12/site-packages/airflow/example_dags/example_setup_teardown.py for tasks to queue
[2025-07-01T03:43:57.808+0000] {logging_mixin.py:190} INFO - [2025-07-01T03:43:57.808+0000] {dagbag.py:588} INFO - Filling up the DagBag from /home/airflow/.local/lib/python3.12/site-packages/airflow/example_dags/example_setup_teardown.py
[2025-07-01T03:43:57.827+0000] {processor.py:925} INFO - DAG(s) 'example_setup_teardown' retrieved from /home/airflow/.local/lib/python3.12/site-packages/airflow/example_dags/example_setup_teardown.py
[2025-07-01T03:43:57.848+0000] {logging_mixin.py:190} INFO - [2025-07-01T03:43:57.848+0000] {dag.py:3239} INFO - Sync 1 DAGs
[2025-07-01T03:43:57.861+0000] {logging_mixin.py:190} INFO - [2025-07-01T03:43:57.860+0000] {dag.py:4180} INFO - Setting next_dagrun for example_setup_teardown to None, run_after=None
[2025-07-01T03:43:57.877+0000] {processor.py:208} INFO - Processing /home/airflow/.local/lib/python3.12/site-packages/airflow/example_dags/example_setup_teardown.py took 0.078 seconds
[2025-07-01T03:44:28.726+0000] {processor.py:186} INFO - Started process (PID=14863) to work on /home/airflow/.local/lib/python3.12/site-packages/airflow/example_dags/example_setup_teardown.py
[2025-07-01T03:44:28.728+0000] {processor.py:914} INFO - Processing file /home/airflow/.local/lib/python3.12/site-packages/airflow/example_dags/example_setup_teardown.py for tasks to queue
[2025-07-01T03:44:28.730+0000] {logging_mixin.py:190} INFO - [2025-07-01T03:44:28.730+0000] {dagbag.py:588} INFO - Filling up the DagBag from /home/airflow/.local/lib/python3.12/site-packages/airflow/example_dags/example_setup_teardown.py
[2025-07-01T03:44:28.738+0000] {processor.py:925} INFO - DAG(s) 'example_setup_teardown' retrieved from /home/airflow/.local/lib/python3.12/site-packages/airflow/example_dags/example_setup_teardown.py
[2025-07-01T03:44:28.759+0000] {logging_mixin.py:190} INFO - [2025-07-01T03:44:28.758+0000] {dag.py:3239} INFO - Sync 1 DAGs
[2025-07-01T03:44:28.771+0000] {logging_mixin.py:190} INFO - [2025-07-01T03:44:28.771+0000] {dag.py:4180} INFO - Setting next_dagrun for example_setup_teardown to None, run_after=None
[2025-07-01T03:44:28.787+0000] {processor.py:208} INFO - Processing /home/airflow/.local/lib/python3.12/site-packages/airflow/example_dags/example_setup_teardown.py took 0.068 seconds
[2025-07-01T03:44:59.324+0000] {processor.py:186} INFO - Started process (PID=14925) to work on /home/airflow/.local/lib/python3.12/site-packages/airflow/example_dags/example_setup_teardown.py
[2025-07-01T03:44:59.325+0000] {processor.py:914} INFO - Processing file /home/airflow/.local/lib/python3.12/site-packages/airflow/example_dags/example_setup_teardown.py for tasks to queue
[2025-07-01T03:44:59.328+0000] {logging_mixin.py:190} INFO - [2025-07-01T03:44:59.327+0000] {dagbag.py:588} INFO - Filling up the DagBag from /home/airflow/.local/lib/python3.12/site-packages/airflow/example_dags/example_setup_teardown.py
[2025-07-01T03:44:59.336+0000] {processor.py:925} INFO - DAG(s) 'example_setup_teardown' retrieved from /home/airflow/.local/lib/python3.12/site-packages/airflow/example_dags/example_setup_teardown.py
[2025-07-01T03:44:59.355+0000] {logging_mixin.py:190} INFO - [2025-07-01T03:44:59.355+0000] {dag.py:3239} INFO - Sync 1 DAGs
[2025-07-01T03:44:59.368+0000] {logging_mixin.py:190} INFO - [2025-07-01T03:44:59.367+0000] {dag.py:4180} INFO - Setting next_dagrun for example_setup_teardown to None, run_after=None
[2025-07-01T03:44:59.385+0000] {processor.py:208} INFO - Processing /home/airflow/.local/lib/python3.12/site-packages/airflow/example_dags/example_setup_teardown.py took 0.067 seconds
[2025-07-01T03:45:29.718+0000] {processor.py:186} INFO - Started process (PID=14987) to work on /home/airflow/.local/lib/python3.12/site-packages/airflow/example_dags/example_setup_teardown.py
[2025-07-01T03:45:29.719+0000] {processor.py:914} INFO - Processing file /home/airflow/.local/lib/python3.12/site-packages/airflow/example_dags/example_setup_teardown.py for tasks to queue
[2025-07-01T03:45:29.721+0000] {logging_mixin.py:190} INFO - [2025-07-01T03:45:29.721+0000] {dagbag.py:588} INFO - Filling up the DagBag from /home/airflow/.local/lib/python3.12/site-packages/airflow/example_dags/example_setup_teardown.py
[2025-07-01T03:45:29.729+0000] {processor.py:925} INFO - DAG(s) 'example_setup_teardown' retrieved from /home/airflow/.local/lib/python3.12/site-packages/airflow/example_dags/example_setup_teardown.py
[2025-07-01T03:45:29.748+0000] {logging_mixin.py:190} INFO - [2025-07-01T03:45:29.748+0000] {dag.py:3239} INFO - Sync 1 DAGs
[2025-07-01T03:45:29.760+0000] {logging_mixin.py:190} INFO - [2025-07-01T03:45:29.760+0000] {dag.py:4180} INFO - Setting next_dagrun for example_setup_teardown to None, run_after=None
[2025-07-01T03:45:29.778+0000] {processor.py:208} INFO - Processing /home/airflow/.local/lib/python3.12/site-packages/airflow/example_dags/example_setup_teardown.py took 0.066 seconds
[2025-07-01T03:46:00.524+0000] {processor.py:186} INFO - Started process (PID=15049) to work on /home/airflow/.local/lib/python3.12/site-packages/airflow/example_dags/example_setup_teardown.py
[2025-07-01T03:46:00.525+0000] {processor.py:914} INFO - Processing file /home/airflow/.local/lib/python3.12/site-packages/airflow/example_dags/example_setup_teardown.py for tasks to queue
[2025-07-01T03:46:00.527+0000] {logging_mixin.py:190} INFO - [2025-07-01T03:46:00.527+0000] {dagbag.py:588} INFO - Filling up the DagBag from /home/airflow/.local/lib/python3.12/site-packages/airflow/example_dags/example_setup_teardown.py
[2025-07-01T03:46:00.535+0000] {processor.py:925} INFO - DAG(s) 'example_setup_teardown' retrieved from /home/airflow/.local/lib/python3.12/site-packages/airflow/example_dags/example_setup_teardown.py
[2025-07-01T03:46:00.560+0000] {logging_mixin.py:190} INFO - [2025-07-01T03:46:00.560+0000] {dag.py:3239} INFO - Sync 1 DAGs
[2025-07-01T03:46:00.573+0000] {logging_mixin.py:190} INFO - [2025-07-01T03:46:00.573+0000] {dag.py:4180} INFO - Setting next_dagrun for example_setup_teardown to None, run_after=None
[2025-07-01T03:46:00.590+0000] {processor.py:208} INFO - Processing /home/airflow/.local/lib/python3.12/site-packages/airflow/example_dags/example_setup_teardown.py took 0.072 seconds
[2025-07-01T03:46:30.773+0000] {processor.py:186} INFO - Started process (PID=15111) to work on /home/airflow/.local/lib/python3.12/site-packages/airflow/example_dags/example_setup_teardown.py
[2025-07-01T03:46:30.774+0000] {processor.py:914} INFO - Processing file /home/airflow/.local/lib/python3.12/site-packages/airflow/example_dags/example_setup_teardown.py for tasks to queue
[2025-07-01T03:46:30.776+0000] {logging_mixin.py:190} INFO - [2025-07-01T03:46:30.776+0000] {dagbag.py:588} INFO - Filling up the DagBag from /home/airflow/.local/lib/python3.12/site-packages/airflow/example_dags/example_setup_teardown.py
[2025-07-01T03:46:30.787+0000] {processor.py:925} INFO - DAG(s) 'example_setup_teardown' retrieved from /home/airflow/.local/lib/python3.12/site-packages/airflow/example_dags/example_setup_teardown.py
[2025-07-01T03:46:30.806+0000] {logging_mixin.py:190} INFO - [2025-07-01T03:46:30.806+0000] {dag.py:3239} INFO - Sync 1 DAGs
[2025-07-01T03:46:30.819+0000] {logging_mixin.py:190} INFO - [2025-07-01T03:46:30.818+0000] {dag.py:4180} INFO - Setting next_dagrun for example_setup_teardown to None, run_after=None
[2025-07-01T03:46:30.835+0000] {processor.py:208} INFO - Processing /home/airflow/.local/lib/python3.12/site-packages/airflow/example_dags/example_setup_teardown.py took 0.068 seconds
[2025-07-01T03:47:00.912+0000] {processor.py:186} INFO - Started process (PID=15173) to work on /home/airflow/.local/lib/python3.12/site-packages/airflow/example_dags/example_setup_teardown.py
[2025-07-01T03:47:00.914+0000] {processor.py:914} INFO - Processing file /home/airflow/.local/lib/python3.12/site-packages/airflow/example_dags/example_setup_teardown.py for tasks to queue
[2025-07-01T03:47:00.918+0000] {logging_mixin.py:190} INFO - [2025-07-01T03:47:00.917+0000] {dagbag.py:588} INFO - Filling up the DagBag from /home/airflow/.local/lib/python3.12/site-packages/airflow/example_dags/example_setup_teardown.py
[2025-07-01T03:47:00.927+0000] {processor.py:925} INFO - DAG(s) 'example_setup_teardown' retrieved from /home/airflow/.local/lib/python3.12/site-packages/airflow/example_dags/example_setup_teardown.py
[2025-07-01T03:47:00.949+0000] {logging_mixin.py:190} INFO - [2025-07-01T03:47:00.948+0000] {dag.py:3239} INFO - Sync 1 DAGs
[2025-07-01T03:47:00.965+0000] {logging_mixin.py:190} INFO - [2025-07-01T03:47:00.964+0000] {dag.py:4180} INFO - Setting next_dagrun for example_setup_teardown to None, run_after=None
[2025-07-01T03:47:00.981+0000] {processor.py:208} INFO - Processing /home/airflow/.local/lib/python3.12/site-packages/airflow/example_dags/example_setup_teardown.py took 0.081 seconds
[2025-07-01T03:47:31.191+0000] {processor.py:186} INFO - Started process (PID=15235) to work on /home/airflow/.local/lib/python3.12/site-packages/airflow/example_dags/example_setup_teardown.py
[2025-07-01T03:47:31.192+0000] {processor.py:914} INFO - Processing file /home/airflow/.local/lib/python3.12/site-packages/airflow/example_dags/example_setup_teardown.py for tasks to queue
[2025-07-01T03:47:31.195+0000] {logging_mixin.py:190} INFO - [2025-07-01T03:47:31.194+0000] {dagbag.py:588} INFO - Filling up the DagBag from /home/airflow/.local/lib/python3.12/site-packages/airflow/example_dags/example_setup_teardown.py
[2025-07-01T03:47:31.206+0000] {processor.py:925} INFO - DAG(s) 'example_setup_teardown' retrieved from /home/airflow/.local/lib/python3.12/site-packages/airflow/example_dags/example_setup_teardown.py
[2025-07-01T03:47:31.231+0000] {logging_mixin.py:190} INFO - [2025-07-01T03:47:31.231+0000] {dag.py:3239} INFO - Sync 1 DAGs
[2025-07-01T03:47:31.250+0000] {logging_mixin.py:190} INFO - [2025-07-01T03:47:31.250+0000] {dag.py:4180} INFO - Setting next_dagrun for example_setup_teardown to None, run_after=None
[2025-07-01T03:47:31.269+0000] {processor.py:208} INFO - Processing /home/airflow/.local/lib/python3.12/site-packages/airflow/example_dags/example_setup_teardown.py took 0.086 seconds
[2025-07-01T03:48:02.000+0000] {processor.py:186} INFO - Started process (PID=15297) to work on /home/airflow/.local/lib/python3.12/site-packages/airflow/example_dags/example_setup_teardown.py
[2025-07-01T03:48:02.001+0000] {processor.py:914} INFO - Processing file /home/airflow/.local/lib/python3.12/site-packages/airflow/example_dags/example_setup_teardown.py for tasks to queue
[2025-07-01T03:48:02.003+0000] {logging_mixin.py:190} INFO - [2025-07-01T03:48:02.003+0000] {dagbag.py:588} INFO - Filling up the DagBag from /home/airflow/.local/lib/python3.12/site-packages/airflow/example_dags/example_setup_teardown.py
[2025-07-01T03:48:02.011+0000] {processor.py:925} INFO - DAG(s) 'example_setup_teardown' retrieved from /home/airflow/.local/lib/python3.12/site-packages/airflow/example_dags/example_setup_teardown.py
[2025-07-01T03:48:02.031+0000] {logging_mixin.py:190} INFO - [2025-07-01T03:48:02.031+0000] {dag.py:3239} INFO - Sync 1 DAGs
[2025-07-01T03:48:02.047+0000] {logging_mixin.py:190} INFO - [2025-07-01T03:48:02.046+0000] {dag.py:4180} INFO - Setting next_dagrun for example_setup_teardown to None, run_after=None
[2025-07-01T03:48:02.072+0000] {processor.py:208} INFO - Processing /home/airflow/.local/lib/python3.12/site-packages/airflow/example_dags/example_setup_teardown.py took 0.078 seconds
[2025-07-01T03:48:32.359+0000] {processor.py:186} INFO - Started process (PID=15359) to work on /home/airflow/.local/lib/python3.12/site-packages/airflow/example_dags/example_setup_teardown.py
[2025-07-01T03:48:32.360+0000] {processor.py:914} INFO - Processing file /home/airflow/.local/lib/python3.12/site-packages/airflow/example_dags/example_setup_teardown.py for tasks to queue
[2025-07-01T03:48:32.364+0000] {logging_mixin.py:190} INFO - [2025-07-01T03:48:32.364+0000] {dagbag.py:588} INFO - Filling up the DagBag from /home/airflow/.local/lib/python3.12/site-packages/airflow/example_dags/example_setup_teardown.py
[2025-07-01T03:48:32.377+0000] {processor.py:925} INFO - DAG(s) 'example_setup_teardown' retrieved from /home/airflow/.local/lib/python3.12/site-packages/airflow/example_dags/example_setup_teardown.py
[2025-07-01T03:48:32.405+0000] {logging_mixin.py:190} INFO - [2025-07-01T03:48:32.405+0000] {dag.py:3239} INFO - Sync 1 DAGs
[2025-07-01T03:48:32.423+0000] {logging_mixin.py:190} INFO - [2025-07-01T03:48:32.423+0000] {dag.py:4180} INFO - Setting next_dagrun for example_setup_teardown to None, run_after=None
[2025-07-01T03:48:32.447+0000] {processor.py:208} INFO - Processing /home/airflow/.local/lib/python3.12/site-packages/airflow/example_dags/example_setup_teardown.py took 0.095 seconds
[2025-07-01T03:49:02.819+0000] {processor.py:186} INFO - Started process (PID=15421) to work on /home/airflow/.local/lib/python3.12/site-packages/airflow/example_dags/example_setup_teardown.py
[2025-07-01T03:49:02.820+0000] {processor.py:914} INFO - Processing file /home/airflow/.local/lib/python3.12/site-packages/airflow/example_dags/example_setup_teardown.py for tasks to queue
[2025-07-01T03:49:02.823+0000] {logging_mixin.py:190} INFO - [2025-07-01T03:49:02.822+0000] {dagbag.py:588} INFO - Filling up the DagBag from /home/airflow/.local/lib/python3.12/site-packages/airflow/example_dags/example_setup_teardown.py
[2025-07-01T03:49:02.831+0000] {processor.py:925} INFO - DAG(s) 'example_setup_teardown' retrieved from /home/airflow/.local/lib/python3.12/site-packages/airflow/example_dags/example_setup_teardown.py
[2025-07-01T03:49:02.850+0000] {logging_mixin.py:190} INFO - [2025-07-01T03:49:02.850+0000] {dag.py:3239} INFO - Sync 1 DAGs
[2025-07-01T03:49:02.867+0000] {logging_mixin.py:190} INFO - [2025-07-01T03:49:02.867+0000] {dag.py:4180} INFO - Setting next_dagrun for example_setup_teardown to None, run_after=None
[2025-07-01T03:49:02.884+0000] {processor.py:208} INFO - Processing /home/airflow/.local/lib/python3.12/site-packages/airflow/example_dags/example_setup_teardown.py took 0.071 seconds
[2025-07-01T03:49:33.488+0000] {processor.py:186} INFO - Started process (PID=15483) to work on /home/airflow/.local/lib/python3.12/site-packages/airflow/example_dags/example_setup_teardown.py
[2025-07-01T03:49:33.489+0000] {processor.py:914} INFO - Processing file /home/airflow/.local/lib/python3.12/site-packages/airflow/example_dags/example_setup_teardown.py for tasks to queue
[2025-07-01T03:49:33.491+0000] {logging_mixin.py:190} INFO - [2025-07-01T03:49:33.491+0000] {dagbag.py:588} INFO - Filling up the DagBag from /home/airflow/.local/lib/python3.12/site-packages/airflow/example_dags/example_setup_teardown.py
[2025-07-01T03:49:33.499+0000] {processor.py:925} INFO - DAG(s) 'example_setup_teardown' retrieved from /home/airflow/.local/lib/python3.12/site-packages/airflow/example_dags/example_setup_teardown.py
[2025-07-01T03:49:33.519+0000] {logging_mixin.py:190} INFO - [2025-07-01T03:49:33.518+0000] {dag.py:3239} INFO - Sync 1 DAGs
[2025-07-01T03:49:33.531+0000] {logging_mixin.py:190} INFO - [2025-07-01T03:49:33.531+0000] {dag.py:4180} INFO - Setting next_dagrun for example_setup_teardown to None, run_after=None
[2025-07-01T03:49:33.550+0000] {processor.py:208} INFO - Processing /home/airflow/.local/lib/python3.12/site-packages/airflow/example_dags/example_setup_teardown.py took 0.069 seconds
[2025-07-01T03:50:04.159+0000] {processor.py:186} INFO - Started process (PID=15545) to work on /home/airflow/.local/lib/python3.12/site-packages/airflow/example_dags/example_setup_teardown.py
[2025-07-01T03:50:04.160+0000] {processor.py:914} INFO - Processing file /home/airflow/.local/lib/python3.12/site-packages/airflow/example_dags/example_setup_teardown.py for tasks to queue
[2025-07-01T03:50:04.162+0000] {logging_mixin.py:190} INFO - [2025-07-01T03:50:04.162+0000] {dagbag.py:588} INFO - Filling up the DagBag from /home/airflow/.local/lib/python3.12/site-packages/airflow/example_dags/example_setup_teardown.py
[2025-07-01T03:50:04.171+0000] {processor.py:925} INFO - DAG(s) 'example_setup_teardown' retrieved from /home/airflow/.local/lib/python3.12/site-packages/airflow/example_dags/example_setup_teardown.py
[2025-07-01T03:50:04.194+0000] {logging_mixin.py:190} INFO - [2025-07-01T03:50:04.194+0000] {dag.py:3239} INFO - Sync 1 DAGs
[2025-07-01T03:50:04.207+0000] {logging_mixin.py:190} INFO - [2025-07-01T03:50:04.207+0000] {dag.py:4180} INFO - Setting next_dagrun for example_setup_teardown to None, run_after=None
[2025-07-01T03:50:04.224+0000] {processor.py:208} INFO - Processing /home/airflow/.local/lib/python3.12/site-packages/airflow/example_dags/example_setup_teardown.py took 0.070 seconds
[2025-07-01T03:50:34.493+0000] {processor.py:186} INFO - Started process (PID=15607) to work on /home/airflow/.local/lib/python3.12/site-packages/airflow/example_dags/example_setup_teardown.py
[2025-07-01T03:50:34.497+0000] {processor.py:914} INFO - Processing file /home/airflow/.local/lib/python3.12/site-packages/airflow/example_dags/example_setup_teardown.py for tasks to queue
[2025-07-01T03:50:34.500+0000] {logging_mixin.py:190} INFO - [2025-07-01T03:50:34.499+0000] {dagbag.py:588} INFO - Filling up the DagBag from /home/airflow/.local/lib/python3.12/site-packages/airflow/example_dags/example_setup_teardown.py
[2025-07-01T03:50:34.508+0000] {processor.py:925} INFO - DAG(s) 'example_setup_teardown' retrieved from /home/airflow/.local/lib/python3.12/site-packages/airflow/example_dags/example_setup_teardown.py
[2025-07-01T03:50:34.527+0000] {logging_mixin.py:190} INFO - [2025-07-01T03:50:34.527+0000] {dag.py:3239} INFO - Sync 1 DAGs
[2025-07-01T03:50:34.540+0000] {logging_mixin.py:190} INFO - [2025-07-01T03:50:34.539+0000] {dag.py:4180} INFO - Setting next_dagrun for example_setup_teardown to None, run_after=None
[2025-07-01T03:50:34.556+0000] {processor.py:208} INFO - Processing /home/airflow/.local/lib/python3.12/site-packages/airflow/example_dags/example_setup_teardown.py took 0.069 seconds
[2025-07-01T03:51:05.021+0000] {processor.py:186} INFO - Started process (PID=15669) to work on /home/airflow/.local/lib/python3.12/site-packages/airflow/example_dags/example_setup_teardown.py
[2025-07-01T03:51:05.022+0000] {processor.py:914} INFO - Processing file /home/airflow/.local/lib/python3.12/site-packages/airflow/example_dags/example_setup_teardown.py for tasks to queue
[2025-07-01T03:51:05.024+0000] {logging_mixin.py:190} INFO - [2025-07-01T03:51:05.024+0000] {dagbag.py:588} INFO - Filling up the DagBag from /home/airflow/.local/lib/python3.12/site-packages/airflow/example_dags/example_setup_teardown.py
[2025-07-01T03:51:05.033+0000] {processor.py:925} INFO - DAG(s) 'example_setup_teardown' retrieved from /home/airflow/.local/lib/python3.12/site-packages/airflow/example_dags/example_setup_teardown.py
[2025-07-01T03:51:05.052+0000] {logging_mixin.py:190} INFO - [2025-07-01T03:51:05.052+0000] {dag.py:3239} INFO - Sync 1 DAGs
[2025-07-01T03:51:05.065+0000] {logging_mixin.py:190} INFO - [2025-07-01T03:51:05.064+0000] {dag.py:4180} INFO - Setting next_dagrun for example_setup_teardown to None, run_after=None
[2025-07-01T03:51:05.081+0000] {processor.py:208} INFO - Processing /home/airflow/.local/lib/python3.12/site-packages/airflow/example_dags/example_setup_teardown.py took 0.066 seconds
[2025-07-01T03:51:35.895+0000] {processor.py:186} INFO - Started process (PID=15731) to work on /home/airflow/.local/lib/python3.12/site-packages/airflow/example_dags/example_setup_teardown.py
[2025-07-01T03:51:35.897+0000] {processor.py:914} INFO - Processing file /home/airflow/.local/lib/python3.12/site-packages/airflow/example_dags/example_setup_teardown.py for tasks to queue
[2025-07-01T03:51:35.900+0000] {logging_mixin.py:190} INFO - [2025-07-01T03:51:35.900+0000] {dagbag.py:588} INFO - Filling up the DagBag from /home/airflow/.local/lib/python3.12/site-packages/airflow/example_dags/example_setup_teardown.py
[2025-07-01T03:51:35.911+0000] {processor.py:925} INFO - DAG(s) 'example_setup_teardown' retrieved from /home/airflow/.local/lib/python3.12/site-packages/airflow/example_dags/example_setup_teardown.py
[2025-07-01T03:51:35.932+0000] {logging_mixin.py:190} INFO - [2025-07-01T03:51:35.931+0000] {dag.py:3239} INFO - Sync 1 DAGs
[2025-07-01T03:51:35.945+0000] {logging_mixin.py:190} INFO - [2025-07-01T03:51:35.944+0000] {dag.py:4180} INFO - Setting next_dagrun for example_setup_teardown to None, run_after=None
[2025-07-01T03:51:35.961+0000] {processor.py:208} INFO - Processing /home/airflow/.local/lib/python3.12/site-packages/airflow/example_dags/example_setup_teardown.py took 0.072 seconds
[2025-07-01T03:52:06.570+0000] {processor.py:186} INFO - Started process (PID=15793) to work on /home/airflow/.local/lib/python3.12/site-packages/airflow/example_dags/example_setup_teardown.py
[2025-07-01T03:52:06.571+0000] {processor.py:914} INFO - Processing file /home/airflow/.local/lib/python3.12/site-packages/airflow/example_dags/example_setup_teardown.py for tasks to queue
[2025-07-01T03:52:06.574+0000] {logging_mixin.py:190} INFO - [2025-07-01T03:52:06.574+0000] {dagbag.py:588} INFO - Filling up the DagBag from /home/airflow/.local/lib/python3.12/site-packages/airflow/example_dags/example_setup_teardown.py
[2025-07-01T03:52:06.584+0000] {processor.py:925} INFO - DAG(s) 'example_setup_teardown' retrieved from /home/airflow/.local/lib/python3.12/site-packages/airflow/example_dags/example_setup_teardown.py
[2025-07-01T03:52:06.605+0000] {logging_mixin.py:190} INFO - [2025-07-01T03:52:06.605+0000] {dag.py:3239} INFO - Sync 1 DAGs
[2025-07-01T03:52:06.617+0000] {logging_mixin.py:190} INFO - [2025-07-01T03:52:06.617+0000] {dag.py:4180} INFO - Setting next_dagrun for example_setup_teardown to None, run_after=None
[2025-07-01T03:52:06.633+0000] {processor.py:208} INFO - Processing /home/airflow/.local/lib/python3.12/site-packages/airflow/example_dags/example_setup_teardown.py took 0.070 seconds
[2025-07-01T03:52:36.837+0000] {processor.py:186} INFO - Started process (PID=15855) to work on /home/airflow/.local/lib/python3.12/site-packages/airflow/example_dags/example_setup_teardown.py
[2025-07-01T03:52:36.838+0000] {processor.py:914} INFO - Processing file /home/airflow/.local/lib/python3.12/site-packages/airflow/example_dags/example_setup_teardown.py for tasks to queue
[2025-07-01T03:52:36.840+0000] {logging_mixin.py:190} INFO - [2025-07-01T03:52:36.840+0000] {dagbag.py:588} INFO - Filling up the DagBag from /home/airflow/.local/lib/python3.12/site-packages/airflow/example_dags/example_setup_teardown.py
[2025-07-01T03:52:36.848+0000] {processor.py:925} INFO - DAG(s) 'example_setup_teardown' retrieved from /home/airflow/.local/lib/python3.12/site-packages/airflow/example_dags/example_setup_teardown.py
[2025-07-01T03:52:36.869+0000] {logging_mixin.py:190} INFO - [2025-07-01T03:52:36.868+0000] {dag.py:3239} INFO - Sync 1 DAGs
[2025-07-01T03:52:36.882+0000] {logging_mixin.py:190} INFO - [2025-07-01T03:52:36.882+0000] {dag.py:4180} INFO - Setting next_dagrun for example_setup_teardown to None, run_after=None
[2025-07-01T03:52:36.898+0000] {processor.py:208} INFO - Processing /home/airflow/.local/lib/python3.12/site-packages/airflow/example_dags/example_setup_teardown.py took 0.067 seconds
[2025-07-01T03:53:07.744+0000] {processor.py:186} INFO - Started process (PID=15917) to work on /home/airflow/.local/lib/python3.12/site-packages/airflow/example_dags/example_setup_teardown.py
[2025-07-01T03:53:07.745+0000] {processor.py:914} INFO - Processing file /home/airflow/.local/lib/python3.12/site-packages/airflow/example_dags/example_setup_teardown.py for tasks to queue
[2025-07-01T03:53:07.747+0000] {logging_mixin.py:190} INFO - [2025-07-01T03:53:07.747+0000] {dagbag.py:588} INFO - Filling up the DagBag from /home/airflow/.local/lib/python3.12/site-packages/airflow/example_dags/example_setup_teardown.py
[2025-07-01T03:53:07.755+0000] {processor.py:925} INFO - DAG(s) 'example_setup_teardown' retrieved from /home/airflow/.local/lib/python3.12/site-packages/airflow/example_dags/example_setup_teardown.py
[2025-07-01T03:53:07.776+0000] {logging_mixin.py:190} INFO - [2025-07-01T03:53:07.776+0000] {dag.py:3239} INFO - Sync 1 DAGs
[2025-07-01T03:53:07.789+0000] {logging_mixin.py:190} INFO - [2025-07-01T03:53:07.788+0000] {dag.py:4180} INFO - Setting next_dagrun for example_setup_teardown to None, run_after=None
[2025-07-01T03:53:07.805+0000] {processor.py:208} INFO - Processing /home/airflow/.local/lib/python3.12/site-packages/airflow/example_dags/example_setup_teardown.py took 0.068 seconds
[2025-07-01T03:53:37.942+0000] {processor.py:186} INFO - Started process (PID=15979) to work on /home/airflow/.local/lib/python3.12/site-packages/airflow/example_dags/example_setup_teardown.py
[2025-07-01T03:53:37.943+0000] {processor.py:914} INFO - Processing file /home/airflow/.local/lib/python3.12/site-packages/airflow/example_dags/example_setup_teardown.py for tasks to queue
[2025-07-01T03:53:37.945+0000] {logging_mixin.py:190} INFO - [2025-07-01T03:53:37.945+0000] {dagbag.py:588} INFO - Filling up the DagBag from /home/airflow/.local/lib/python3.12/site-packages/airflow/example_dags/example_setup_teardown.py
[2025-07-01T03:53:37.953+0000] {processor.py:925} INFO - DAG(s) 'example_setup_teardown' retrieved from /home/airflow/.local/lib/python3.12/site-packages/airflow/example_dags/example_setup_teardown.py
[2025-07-01T03:53:37.973+0000] {logging_mixin.py:190} INFO - [2025-07-01T03:53:37.973+0000] {dag.py:3239} INFO - Sync 1 DAGs
[2025-07-01T03:53:37.986+0000] {logging_mixin.py:190} INFO - [2025-07-01T03:53:37.986+0000] {dag.py:4180} INFO - Setting next_dagrun for example_setup_teardown to None, run_after=None
[2025-07-01T03:53:38.003+0000] {processor.py:208} INFO - Processing /home/airflow/.local/lib/python3.12/site-packages/airflow/example_dags/example_setup_teardown.py took 0.067 seconds
[2025-07-01T03:54:08.158+0000] {processor.py:186} INFO - Started process (PID=16041) to work on /home/airflow/.local/lib/python3.12/site-packages/airflow/example_dags/example_setup_teardown.py
[2025-07-01T03:54:08.160+0000] {processor.py:914} INFO - Processing file /home/airflow/.local/lib/python3.12/site-packages/airflow/example_dags/example_setup_teardown.py for tasks to queue
[2025-07-01T03:54:08.163+0000] {logging_mixin.py:190} INFO - [2025-07-01T03:54:08.162+0000] {dagbag.py:588} INFO - Filling up the DagBag from /home/airflow/.local/lib/python3.12/site-packages/airflow/example_dags/example_setup_teardown.py
[2025-07-01T03:54:08.173+0000] {processor.py:925} INFO - DAG(s) 'example_setup_teardown' retrieved from /home/airflow/.local/lib/python3.12/site-packages/airflow/example_dags/example_setup_teardown.py
[2025-07-01T03:54:08.194+0000] {logging_mixin.py:190} INFO - [2025-07-01T03:54:08.194+0000] {dag.py:3239} INFO - Sync 1 DAGs
[2025-07-01T03:54:08.208+0000] {logging_mixin.py:190} INFO - [2025-07-01T03:54:08.208+0000] {dag.py:4180} INFO - Setting next_dagrun for example_setup_teardown to None, run_after=None
[2025-07-01T03:54:08.224+0000] {processor.py:208} INFO - Processing /home/airflow/.local/lib/python3.12/site-packages/airflow/example_dags/example_setup_teardown.py took 0.074 seconds
[2025-07-01T03:54:38.272+0000] {processor.py:186} INFO - Started process (PID=16103) to work on /home/airflow/.local/lib/python3.12/site-packages/airflow/example_dags/example_setup_teardown.py
[2025-07-01T03:54:38.273+0000] {processor.py:914} INFO - Processing file /home/airflow/.local/lib/python3.12/site-packages/airflow/example_dags/example_setup_teardown.py for tasks to queue
[2025-07-01T03:54:38.276+0000] {logging_mixin.py:190} INFO - [2025-07-01T03:54:38.276+0000] {dagbag.py:588} INFO - Filling up the DagBag from /home/airflow/.local/lib/python3.12/site-packages/airflow/example_dags/example_setup_teardown.py
[2025-07-01T03:54:38.285+0000] {processor.py:925} INFO - DAG(s) 'example_setup_teardown' retrieved from /home/airflow/.local/lib/python3.12/site-packages/airflow/example_dags/example_setup_teardown.py
[2025-07-01T03:54:38.308+0000] {logging_mixin.py:190} INFO - [2025-07-01T03:54:38.308+0000] {dag.py:3239} INFO - Sync 1 DAGs
[2025-07-01T03:54:38.470+0000] {logging_mixin.py:190} INFO - [2025-07-01T03:54:38.470+0000] {dag.py:4180} INFO - Setting next_dagrun for example_setup_teardown to None, run_after=None
[2025-07-01T03:54:38.488+0000] {processor.py:208} INFO - Processing /home/airflow/.local/lib/python3.12/site-packages/airflow/example_dags/example_setup_teardown.py took 0.223 seconds
[2025-07-01T03:55:08.656+0000] {processor.py:186} INFO - Started process (PID=16165) to work on /home/airflow/.local/lib/python3.12/site-packages/airflow/example_dags/example_setup_teardown.py
[2025-07-01T03:55:08.657+0000] {processor.py:914} INFO - Processing file /home/airflow/.local/lib/python3.12/site-packages/airflow/example_dags/example_setup_teardown.py for tasks to queue
[2025-07-01T03:55:08.660+0000] {logging_mixin.py:190} INFO - [2025-07-01T03:55:08.660+0000] {dagbag.py:588} INFO - Filling up the DagBag from /home/airflow/.local/lib/python3.12/site-packages/airflow/example_dags/example_setup_teardown.py
[2025-07-01T03:55:08.671+0000] {processor.py:925} INFO - DAG(s) 'example_setup_teardown' retrieved from /home/airflow/.local/lib/python3.12/site-packages/airflow/example_dags/example_setup_teardown.py
[2025-07-01T03:55:08.696+0000] {logging_mixin.py:190} INFO - [2025-07-01T03:55:08.696+0000] {dag.py:3239} INFO - Sync 1 DAGs
[2025-07-01T03:55:08.713+0000] {logging_mixin.py:190} INFO - [2025-07-01T03:55:08.713+0000] {dag.py:4180} INFO - Setting next_dagrun for example_setup_teardown to None, run_after=None
[2025-07-01T03:55:08.889+0000] {processor.py:208} INFO - Processing /home/airflow/.local/lib/python3.12/site-packages/airflow/example_dags/example_setup_teardown.py took 0.241 seconds
[2025-07-01T03:55:39.334+0000] {processor.py:186} INFO - Started process (PID=16227) to work on /home/airflow/.local/lib/python3.12/site-packages/airflow/example_dags/example_setup_teardown.py
[2025-07-01T03:55:39.335+0000] {processor.py:914} INFO - Processing file /home/airflow/.local/lib/python3.12/site-packages/airflow/example_dags/example_setup_teardown.py for tasks to queue
[2025-07-01T03:55:39.338+0000] {logging_mixin.py:190} INFO - [2025-07-01T03:55:39.337+0000] {dagbag.py:588} INFO - Filling up the DagBag from /home/airflow/.local/lib/python3.12/site-packages/airflow/example_dags/example_setup_teardown.py
[2025-07-01T03:55:39.346+0000] {processor.py:925} INFO - DAG(s) 'example_setup_teardown' retrieved from /home/airflow/.local/lib/python3.12/site-packages/airflow/example_dags/example_setup_teardown.py
[2025-07-01T03:55:39.366+0000] {logging_mixin.py:190} INFO - [2025-07-01T03:55:39.366+0000] {dag.py:3239} INFO - Sync 1 DAGs
[2025-07-01T03:55:39.380+0000] {logging_mixin.py:190} INFO - [2025-07-01T03:55:39.379+0000] {dag.py:4180} INFO - Setting next_dagrun for example_setup_teardown to None, run_after=None
[2025-07-01T03:55:39.397+0000] {processor.py:208} INFO - Processing /home/airflow/.local/lib/python3.12/site-packages/airflow/example_dags/example_setup_teardown.py took 0.069 seconds
[2025-07-01T03:56:09.763+0000] {processor.py:186} INFO - Started process (PID=16289) to work on /home/airflow/.local/lib/python3.12/site-packages/airflow/example_dags/example_setup_teardown.py
[2025-07-01T03:56:09.764+0000] {processor.py:914} INFO - Processing file /home/airflow/.local/lib/python3.12/site-packages/airflow/example_dags/example_setup_teardown.py for tasks to queue
[2025-07-01T03:56:09.767+0000] {logging_mixin.py:190} INFO - [2025-07-01T03:56:09.766+0000] {dagbag.py:588} INFO - Filling up the DagBag from /home/airflow/.local/lib/python3.12/site-packages/airflow/example_dags/example_setup_teardown.py
[2025-07-01T03:56:09.776+0000] {processor.py:925} INFO - DAG(s) 'example_setup_teardown' retrieved from /home/airflow/.local/lib/python3.12/site-packages/airflow/example_dags/example_setup_teardown.py
[2025-07-01T03:56:09.797+0000] {logging_mixin.py:190} INFO - [2025-07-01T03:56:09.796+0000] {dag.py:3239} INFO - Sync 1 DAGs
[2025-07-01T03:56:09.811+0000] {logging_mixin.py:190} INFO - [2025-07-01T03:56:09.810+0000] {dag.py:4180} INFO - Setting next_dagrun for example_setup_teardown to None, run_after=None
[2025-07-01T03:56:09.827+0000] {processor.py:208} INFO - Processing /home/airflow/.local/lib/python3.12/site-packages/airflow/example_dags/example_setup_teardown.py took 0.069 seconds
[2025-07-01T03:56:40.078+0000] {processor.py:186} INFO - Started process (PID=16351) to work on /home/airflow/.local/lib/python3.12/site-packages/airflow/example_dags/example_setup_teardown.py
[2025-07-01T03:56:40.079+0000] {processor.py:914} INFO - Processing file /home/airflow/.local/lib/python3.12/site-packages/airflow/example_dags/example_setup_teardown.py for tasks to queue
[2025-07-01T03:56:40.081+0000] {logging_mixin.py:190} INFO - [2025-07-01T03:56:40.081+0000] {dagbag.py:588} INFO - Filling up the DagBag from /home/airflow/.local/lib/python3.12/site-packages/airflow/example_dags/example_setup_teardown.py
[2025-07-01T03:56:40.089+0000] {processor.py:925} INFO - DAG(s) 'example_setup_teardown' retrieved from /home/airflow/.local/lib/python3.12/site-packages/airflow/example_dags/example_setup_teardown.py
[2025-07-01T03:56:40.112+0000] {logging_mixin.py:190} INFO - [2025-07-01T03:56:40.112+0000] {dag.py:3239} INFO - Sync 1 DAGs
[2025-07-01T03:56:40.127+0000] {logging_mixin.py:190} INFO - [2025-07-01T03:56:40.127+0000] {dag.py:4180} INFO - Setting next_dagrun for example_setup_teardown to None, run_after=None
[2025-07-01T03:56:40.149+0000] {processor.py:208} INFO - Processing /home/airflow/.local/lib/python3.12/site-packages/airflow/example_dags/example_setup_teardown.py took 0.077 seconds
[2025-07-01T03:57:10.800+0000] {processor.py:186} INFO - Started process (PID=16413) to work on /home/airflow/.local/lib/python3.12/site-packages/airflow/example_dags/example_setup_teardown.py
[2025-07-01T03:57:10.801+0000] {processor.py:914} INFO - Processing file /home/airflow/.local/lib/python3.12/site-packages/airflow/example_dags/example_setup_teardown.py for tasks to queue
[2025-07-01T03:57:10.804+0000] {logging_mixin.py:190} INFO - [2025-07-01T03:57:10.803+0000] {dagbag.py:588} INFO - Filling up the DagBag from /home/airflow/.local/lib/python3.12/site-packages/airflow/example_dags/example_setup_teardown.py
[2025-07-01T03:57:10.812+0000] {processor.py:925} INFO - DAG(s) 'example_setup_teardown' retrieved from /home/airflow/.local/lib/python3.12/site-packages/airflow/example_dags/example_setup_teardown.py
[2025-07-01T03:57:10.834+0000] {logging_mixin.py:190} INFO - [2025-07-01T03:57:10.833+0000] {dag.py:3239} INFO - Sync 1 DAGs
[2025-07-01T03:57:10.848+0000] {logging_mixin.py:190} INFO - [2025-07-01T03:57:10.848+0000] {dag.py:4180} INFO - Setting next_dagrun for example_setup_teardown to None, run_after=None
[2025-07-01T03:57:10.866+0000] {processor.py:208} INFO - Processing /home/airflow/.local/lib/python3.12/site-packages/airflow/example_dags/example_setup_teardown.py took 0.072 seconds
[2025-07-01T03:57:41.605+0000] {processor.py:186} INFO - Started process (PID=16475) to work on /home/airflow/.local/lib/python3.12/site-packages/airflow/example_dags/example_setup_teardown.py
[2025-07-01T03:57:41.606+0000] {processor.py:914} INFO - Processing file /home/airflow/.local/lib/python3.12/site-packages/airflow/example_dags/example_setup_teardown.py for tasks to queue
[2025-07-01T03:57:41.608+0000] {logging_mixin.py:190} INFO - [2025-07-01T03:57:41.608+0000] {dagbag.py:588} INFO - Filling up the DagBag from /home/airflow/.local/lib/python3.12/site-packages/airflow/example_dags/example_setup_teardown.py
[2025-07-01T03:57:41.617+0000] {processor.py:925} INFO - DAG(s) 'example_setup_teardown' retrieved from /home/airflow/.local/lib/python3.12/site-packages/airflow/example_dags/example_setup_teardown.py
[2025-07-01T03:57:41.638+0000] {logging_mixin.py:190} INFO - [2025-07-01T03:57:41.638+0000] {dag.py:3239} INFO - Sync 1 DAGs
[2025-07-01T03:57:41.654+0000] {logging_mixin.py:190} INFO - [2025-07-01T03:57:41.653+0000] {dag.py:4180} INFO - Setting next_dagrun for example_setup_teardown to None, run_after=None
[2025-07-01T03:57:41.671+0000] {processor.py:208} INFO - Processing /home/airflow/.local/lib/python3.12/site-packages/airflow/example_dags/example_setup_teardown.py took 0.073 seconds
[2025-07-01T03:58:11.815+0000] {processor.py:186} INFO - Started process (PID=16537) to work on /home/airflow/.local/lib/python3.12/site-packages/airflow/example_dags/example_setup_teardown.py
[2025-07-01T03:58:11.816+0000] {processor.py:914} INFO - Processing file /home/airflow/.local/lib/python3.12/site-packages/airflow/example_dags/example_setup_teardown.py for tasks to queue
[2025-07-01T03:58:11.818+0000] {logging_mixin.py:190} INFO - [2025-07-01T03:58:11.818+0000] {dagbag.py:588} INFO - Filling up the DagBag from /home/airflow/.local/lib/python3.12/site-packages/airflow/example_dags/example_setup_teardown.py
[2025-07-01T03:58:11.826+0000] {processor.py:925} INFO - DAG(s) 'example_setup_teardown' retrieved from /home/airflow/.local/lib/python3.12/site-packages/airflow/example_dags/example_setup_teardown.py
[2025-07-01T03:58:11.847+0000] {logging_mixin.py:190} INFO - [2025-07-01T03:58:11.847+0000] {dag.py:3239} INFO - Sync 1 DAGs
[2025-07-01T03:58:11.860+0000] {logging_mixin.py:190} INFO - [2025-07-01T03:58:11.860+0000] {dag.py:4180} INFO - Setting next_dagrun for example_setup_teardown to None, run_after=None
[2025-07-01T03:58:11.877+0000] {processor.py:208} INFO - Processing /home/airflow/.local/lib/python3.12/site-packages/airflow/example_dags/example_setup_teardown.py took 0.068 seconds
[2025-07-01T03:58:42.158+0000] {processor.py:186} INFO - Started process (PID=16599) to work on /home/airflow/.local/lib/python3.12/site-packages/airflow/example_dags/example_setup_teardown.py
[2025-07-01T03:58:42.159+0000] {processor.py:914} INFO - Processing file /home/airflow/.local/lib/python3.12/site-packages/airflow/example_dags/example_setup_teardown.py for tasks to queue
[2025-07-01T03:58:42.161+0000] {logging_mixin.py:190} INFO - [2025-07-01T03:58:42.161+0000] {dagbag.py:588} INFO - Filling up the DagBag from /home/airflow/.local/lib/python3.12/site-packages/airflow/example_dags/example_setup_teardown.py
[2025-07-01T03:58:42.170+0000] {processor.py:925} INFO - DAG(s) 'example_setup_teardown' retrieved from /home/airflow/.local/lib/python3.12/site-packages/airflow/example_dags/example_setup_teardown.py
[2025-07-01T03:58:42.189+0000] {logging_mixin.py:190} INFO - [2025-07-01T03:58:42.189+0000] {dag.py:3239} INFO - Sync 1 DAGs
[2025-07-01T03:58:42.203+0000] {logging_mixin.py:190} INFO - [2025-07-01T03:58:42.202+0000] {dag.py:4180} INFO - Setting next_dagrun for example_setup_teardown to None, run_after=None
[2025-07-01T03:58:42.219+0000] {processor.py:208} INFO - Processing /home/airflow/.local/lib/python3.12/site-packages/airflow/example_dags/example_setup_teardown.py took 0.067 seconds
[2025-07-01T03:59:12.284+0000] {processor.py:186} INFO - Started process (PID=16661) to work on /home/airflow/.local/lib/python3.12/site-packages/airflow/example_dags/example_setup_teardown.py
[2025-07-01T03:59:12.285+0000] {processor.py:914} INFO - Processing file /home/airflow/.local/lib/python3.12/site-packages/airflow/example_dags/example_setup_teardown.py for tasks to queue
[2025-07-01T03:59:12.288+0000] {logging_mixin.py:190} INFO - [2025-07-01T03:59:12.288+0000] {dagbag.py:588} INFO - Filling up the DagBag from /home/airflow/.local/lib/python3.12/site-packages/airflow/example_dags/example_setup_teardown.py
[2025-07-01T03:59:12.297+0000] {processor.py:925} INFO - DAG(s) 'example_setup_teardown' retrieved from /home/airflow/.local/lib/python3.12/site-packages/airflow/example_dags/example_setup_teardown.py
[2025-07-01T03:59:12.316+0000] {logging_mixin.py:190} INFO - [2025-07-01T03:59:12.316+0000] {dag.py:3239} INFO - Sync 1 DAGs
[2025-07-01T03:59:12.330+0000] {logging_mixin.py:190} INFO - [2025-07-01T03:59:12.329+0000] {dag.py:4180} INFO - Setting next_dagrun for example_setup_teardown to None, run_after=None
[2025-07-01T03:59:12.349+0000] {processor.py:208} INFO - Processing /home/airflow/.local/lib/python3.12/site-packages/airflow/example_dags/example_setup_teardown.py took 0.071 seconds
[2025-07-01T03:59:43.062+0000] {processor.py:186} INFO - Started process (PID=16723) to work on /home/airflow/.local/lib/python3.12/site-packages/airflow/example_dags/example_setup_teardown.py
[2025-07-01T03:59:43.063+0000] {processor.py:914} INFO - Processing file /home/airflow/.local/lib/python3.12/site-packages/airflow/example_dags/example_setup_teardown.py for tasks to queue
[2025-07-01T03:59:43.066+0000] {logging_mixin.py:190} INFO - [2025-07-01T03:59:43.065+0000] {dagbag.py:588} INFO - Filling up the DagBag from /home/airflow/.local/lib/python3.12/site-packages/airflow/example_dags/example_setup_teardown.py
[2025-07-01T03:59:43.074+0000] {processor.py:925} INFO - DAG(s) 'example_setup_teardown' retrieved from /home/airflow/.local/lib/python3.12/site-packages/airflow/example_dags/example_setup_teardown.py
[2025-07-01T03:59:43.092+0000] {logging_mixin.py:190} INFO - [2025-07-01T03:59:43.092+0000] {dag.py:3239} INFO - Sync 1 DAGs
[2025-07-01T03:59:43.105+0000] {logging_mixin.py:190} INFO - [2025-07-01T03:59:43.105+0000] {dag.py:4180} INFO - Setting next_dagrun for example_setup_teardown to None, run_after=None
[2025-07-01T03:59:43.121+0000] {processor.py:208} INFO - Processing /home/airflow/.local/lib/python3.12/site-packages/airflow/example_dags/example_setup_teardown.py took 0.065 seconds
[2025-07-01T04:00:13.900+0000] {processor.py:186} INFO - Started process (PID=16785) to work on /home/airflow/.local/lib/python3.12/site-packages/airflow/example_dags/example_setup_teardown.py
[2025-07-01T04:00:13.901+0000] {processor.py:914} INFO - Processing file /home/airflow/.local/lib/python3.12/site-packages/airflow/example_dags/example_setup_teardown.py for tasks to queue
[2025-07-01T04:00:13.904+0000] {logging_mixin.py:190} INFO - [2025-07-01T04:00:13.904+0000] {dagbag.py:588} INFO - Filling up the DagBag from /home/airflow/.local/lib/python3.12/site-packages/airflow/example_dags/example_setup_teardown.py
[2025-07-01T04:00:13.912+0000] {processor.py:925} INFO - DAG(s) 'example_setup_teardown' retrieved from /home/airflow/.local/lib/python3.12/site-packages/airflow/example_dags/example_setup_teardown.py
[2025-07-01T04:00:13.931+0000] {logging_mixin.py:190} INFO - [2025-07-01T04:00:13.931+0000] {dag.py:3239} INFO - Sync 1 DAGs
[2025-07-01T04:00:13.944+0000] {logging_mixin.py:190} INFO - [2025-07-01T04:00:13.944+0000] {dag.py:4180} INFO - Setting next_dagrun for example_setup_teardown to None, run_after=None
[2025-07-01T04:00:13.961+0000] {processor.py:208} INFO - Processing /home/airflow/.local/lib/python3.12/site-packages/airflow/example_dags/example_setup_teardown.py took 0.067 seconds
[2025-07-01T04:00:44.860+0000] {processor.py:186} INFO - Started process (PID=16847) to work on /home/airflow/.local/lib/python3.12/site-packages/airflow/example_dags/example_setup_teardown.py
[2025-07-01T04:00:44.861+0000] {processor.py:914} INFO - Processing file /home/airflow/.local/lib/python3.12/site-packages/airflow/example_dags/example_setup_teardown.py for tasks to queue
[2025-07-01T04:00:44.863+0000] {logging_mixin.py:190} INFO - [2025-07-01T04:00:44.863+0000] {dagbag.py:588} INFO - Filling up the DagBag from /home/airflow/.local/lib/python3.12/site-packages/airflow/example_dags/example_setup_teardown.py
[2025-07-01T04:00:44.871+0000] {processor.py:925} INFO - DAG(s) 'example_setup_teardown' retrieved from /home/airflow/.local/lib/python3.12/site-packages/airflow/example_dags/example_setup_teardown.py
[2025-07-01T04:00:44.890+0000] {logging_mixin.py:190} INFO - [2025-07-01T04:00:44.890+0000] {dag.py:3239} INFO - Sync 1 DAGs
[2025-07-01T04:00:44.904+0000] {logging_mixin.py:190} INFO - [2025-07-01T04:00:44.903+0000] {dag.py:4180} INFO - Setting next_dagrun for example_setup_teardown to None, run_after=None
[2025-07-01T04:00:44.919+0000] {processor.py:208} INFO - Processing /home/airflow/.local/lib/python3.12/site-packages/airflow/example_dags/example_setup_teardown.py took 0.065 seconds
[2025-07-01T04:01:15.754+0000] {processor.py:186} INFO - Started process (PID=16909) to work on /home/airflow/.local/lib/python3.12/site-packages/airflow/example_dags/example_setup_teardown.py
[2025-07-01T04:01:15.755+0000] {processor.py:914} INFO - Processing file /home/airflow/.local/lib/python3.12/site-packages/airflow/example_dags/example_setup_teardown.py for tasks to queue
[2025-07-01T04:01:15.758+0000] {logging_mixin.py:190} INFO - [2025-07-01T04:01:15.758+0000] {dagbag.py:588} INFO - Filling up the DagBag from /home/airflow/.local/lib/python3.12/site-packages/airflow/example_dags/example_setup_teardown.py
[2025-07-01T04:01:15.767+0000] {processor.py:925} INFO - DAG(s) 'example_setup_teardown' retrieved from /home/airflow/.local/lib/python3.12/site-packages/airflow/example_dags/example_setup_teardown.py
[2025-07-01T04:01:15.786+0000] {logging_mixin.py:190} INFO - [2025-07-01T04:01:15.786+0000] {dag.py:3239} INFO - Sync 1 DAGs
[2025-07-01T04:01:15.800+0000] {logging_mixin.py:190} INFO - [2025-07-01T04:01:15.799+0000] {dag.py:4180} INFO - Setting next_dagrun for example_setup_teardown to None, run_after=None
[2025-07-01T04:01:15.817+0000] {processor.py:208} INFO - Processing /home/airflow/.local/lib/python3.12/site-packages/airflow/example_dags/example_setup_teardown.py took 0.070 seconds
[2025-07-01T04:01:46.578+0000] {processor.py:186} INFO - Started process (PID=16971) to work on /home/airflow/.local/lib/python3.12/site-packages/airflow/example_dags/example_setup_teardown.py
[2025-07-01T04:01:46.579+0000] {processor.py:914} INFO - Processing file /home/airflow/.local/lib/python3.12/site-packages/airflow/example_dags/example_setup_teardown.py for tasks to queue
[2025-07-01T04:01:46.582+0000] {logging_mixin.py:190} INFO - [2025-07-01T04:01:46.581+0000] {dagbag.py:588} INFO - Filling up the DagBag from /home/airflow/.local/lib/python3.12/site-packages/airflow/example_dags/example_setup_teardown.py
[2025-07-01T04:01:46.590+0000] {processor.py:925} INFO - DAG(s) 'example_setup_teardown' retrieved from /home/airflow/.local/lib/python3.12/site-packages/airflow/example_dags/example_setup_teardown.py
[2025-07-01T04:01:46.608+0000] {logging_mixin.py:190} INFO - [2025-07-01T04:01:46.607+0000] {dag.py:3239} INFO - Sync 1 DAGs
[2025-07-01T04:01:46.620+0000] {logging_mixin.py:190} INFO - [2025-07-01T04:01:46.620+0000] {dag.py:4180} INFO - Setting next_dagrun for example_setup_teardown to None, run_after=None
[2025-07-01T04:01:46.637+0000] {processor.py:208} INFO - Processing /home/airflow/.local/lib/python3.12/site-packages/airflow/example_dags/example_setup_teardown.py took 0.065 seconds
[2025-07-01T04:02:17.360+0000] {processor.py:186} INFO - Started process (PID=17033) to work on /home/airflow/.local/lib/python3.12/site-packages/airflow/example_dags/example_setup_teardown.py
[2025-07-01T04:02:17.361+0000] {processor.py:914} INFO - Processing file /home/airflow/.local/lib/python3.12/site-packages/airflow/example_dags/example_setup_teardown.py for tasks to queue
[2025-07-01T04:02:17.364+0000] {logging_mixin.py:190} INFO - [2025-07-01T04:02:17.364+0000] {dagbag.py:588} INFO - Filling up the DagBag from /home/airflow/.local/lib/python3.12/site-packages/airflow/example_dags/example_setup_teardown.py
[2025-07-01T04:02:17.373+0000] {processor.py:925} INFO - DAG(s) 'example_setup_teardown' retrieved from /home/airflow/.local/lib/python3.12/site-packages/airflow/example_dags/example_setup_teardown.py
[2025-07-01T04:02:17.394+0000] {logging_mixin.py:190} INFO - [2025-07-01T04:02:17.393+0000] {dag.py:3239} INFO - Sync 1 DAGs
[2025-07-01T04:02:17.408+0000] {logging_mixin.py:190} INFO - [2025-07-01T04:02:17.408+0000] {dag.py:4180} INFO - Setting next_dagrun for example_setup_teardown to None, run_after=None
[2025-07-01T04:02:17.425+0000] {processor.py:208} INFO - Processing /home/airflow/.local/lib/python3.12/site-packages/airflow/example_dags/example_setup_teardown.py took 0.071 seconds
[2025-07-01T04:02:47.515+0000] {processor.py:186} INFO - Started process (PID=17095) to work on /home/airflow/.local/lib/python3.12/site-packages/airflow/example_dags/example_setup_teardown.py
[2025-07-01T04:02:47.516+0000] {processor.py:914} INFO - Processing file /home/airflow/.local/lib/python3.12/site-packages/airflow/example_dags/example_setup_teardown.py for tasks to queue
[2025-07-01T04:02:47.519+0000] {logging_mixin.py:190} INFO - [2025-07-01T04:02:47.519+0000] {dagbag.py:588} INFO - Filling up the DagBag from /home/airflow/.local/lib/python3.12/site-packages/airflow/example_dags/example_setup_teardown.py
[2025-07-01T04:02:47.527+0000] {processor.py:925} INFO - DAG(s) 'example_setup_teardown' retrieved from /home/airflow/.local/lib/python3.12/site-packages/airflow/example_dags/example_setup_teardown.py
[2025-07-01T04:02:47.546+0000] {logging_mixin.py:190} INFO - [2025-07-01T04:02:47.545+0000] {dag.py:3239} INFO - Sync 1 DAGs
[2025-07-01T04:02:47.559+0000] {logging_mixin.py:190} INFO - [2025-07-01T04:02:47.558+0000] {dag.py:4180} INFO - Setting next_dagrun for example_setup_teardown to None, run_after=None
[2025-07-01T04:02:47.575+0000] {processor.py:208} INFO - Processing /home/airflow/.local/lib/python3.12/site-packages/airflow/example_dags/example_setup_teardown.py took 0.067 seconds
[2025-07-01T04:03:18.583+0000] {processor.py:186} INFO - Started process (PID=17157) to work on /home/airflow/.local/lib/python3.12/site-packages/airflow/example_dags/example_setup_teardown.py
[2025-07-01T04:03:18.584+0000] {processor.py:914} INFO - Processing file /home/airflow/.local/lib/python3.12/site-packages/airflow/example_dags/example_setup_teardown.py for tasks to queue
[2025-07-01T04:03:18.586+0000] {logging_mixin.py:190} INFO - [2025-07-01T04:03:18.586+0000] {dagbag.py:588} INFO - Filling up the DagBag from /home/airflow/.local/lib/python3.12/site-packages/airflow/example_dags/example_setup_teardown.py
[2025-07-01T04:03:18.594+0000] {processor.py:925} INFO - DAG(s) 'example_setup_teardown' retrieved from /home/airflow/.local/lib/python3.12/site-packages/airflow/example_dags/example_setup_teardown.py
[2025-07-01T04:03:18.612+0000] {logging_mixin.py:190} INFO - [2025-07-01T04:03:18.612+0000] {dag.py:3239} INFO - Sync 1 DAGs
[2025-07-01T04:03:18.625+0000] {logging_mixin.py:190} INFO - [2025-07-01T04:03:18.625+0000] {dag.py:4180} INFO - Setting next_dagrun for example_setup_teardown to None, run_after=None
[2025-07-01T04:03:18.640+0000] {processor.py:208} INFO - Processing /home/airflow/.local/lib/python3.12/site-packages/airflow/example_dags/example_setup_teardown.py took 0.063 seconds
[2025-07-01T04:03:48.909+0000] {processor.py:186} INFO - Started process (PID=17219) to work on /home/airflow/.local/lib/python3.12/site-packages/airflow/example_dags/example_setup_teardown.py
[2025-07-01T04:03:48.911+0000] {processor.py:914} INFO - Processing file /home/airflow/.local/lib/python3.12/site-packages/airflow/example_dags/example_setup_teardown.py for tasks to queue
[2025-07-01T04:03:48.914+0000] {logging_mixin.py:190} INFO - [2025-07-01T04:03:48.914+0000] {dagbag.py:588} INFO - Filling up the DagBag from /home/airflow/.local/lib/python3.12/site-packages/airflow/example_dags/example_setup_teardown.py
[2025-07-01T04:03:48.922+0000] {processor.py:925} INFO - DAG(s) 'example_setup_teardown' retrieved from /home/airflow/.local/lib/python3.12/site-packages/airflow/example_dags/example_setup_teardown.py
[2025-07-01T04:03:48.943+0000] {logging_mixin.py:190} INFO - [2025-07-01T04:03:48.942+0000] {dag.py:3239} INFO - Sync 1 DAGs
[2025-07-01T04:03:48.958+0000] {logging_mixin.py:190} INFO - [2025-07-01T04:03:48.958+0000] {dag.py:4180} INFO - Setting next_dagrun for example_setup_teardown to None, run_after=None
[2025-07-01T04:03:48.976+0000] {processor.py:208} INFO - Processing /home/airflow/.local/lib/python3.12/site-packages/airflow/example_dags/example_setup_teardown.py took 0.073 seconds
[2025-07-01T04:04:19.021+0000] {processor.py:186} INFO - Started process (PID=17281) to work on /home/airflow/.local/lib/python3.12/site-packages/airflow/example_dags/example_setup_teardown.py
[2025-07-01T04:04:19.022+0000] {processor.py:914} INFO - Processing file /home/airflow/.local/lib/python3.12/site-packages/airflow/example_dags/example_setup_teardown.py for tasks to queue
[2025-07-01T04:04:19.025+0000] {logging_mixin.py:190} INFO - [2025-07-01T04:04:19.024+0000] {dagbag.py:588} INFO - Filling up the DagBag from /home/airflow/.local/lib/python3.12/site-packages/airflow/example_dags/example_setup_teardown.py
[2025-07-01T04:04:19.034+0000] {processor.py:925} INFO - DAG(s) 'example_setup_teardown' retrieved from /home/airflow/.local/lib/python3.12/site-packages/airflow/example_dags/example_setup_teardown.py
[2025-07-01T04:04:19.052+0000] {logging_mixin.py:190} INFO - [2025-07-01T04:04:19.052+0000] {dag.py:3239} INFO - Sync 1 DAGs
[2025-07-01T04:04:19.066+0000] {logging_mixin.py:190} INFO - [2025-07-01T04:04:19.066+0000] {dag.py:4180} INFO - Setting next_dagrun for example_setup_teardown to None, run_after=None
[2025-07-01T04:04:19.081+0000] {processor.py:208} INFO - Processing /home/airflow/.local/lib/python3.12/site-packages/airflow/example_dags/example_setup_teardown.py took 0.067 seconds
[2025-07-01T04:04:49.264+0000] {processor.py:186} INFO - Started process (PID=17343) to work on /home/airflow/.local/lib/python3.12/site-packages/airflow/example_dags/example_setup_teardown.py
[2025-07-01T04:04:49.265+0000] {processor.py:914} INFO - Processing file /home/airflow/.local/lib/python3.12/site-packages/airflow/example_dags/example_setup_teardown.py for tasks to queue
[2025-07-01T04:04:49.268+0000] {logging_mixin.py:190} INFO - [2025-07-01T04:04:49.268+0000] {dagbag.py:588} INFO - Filling up the DagBag from /home/airflow/.local/lib/python3.12/site-packages/airflow/example_dags/example_setup_teardown.py
[2025-07-01T04:04:49.277+0000] {processor.py:925} INFO - DAG(s) 'example_setup_teardown' retrieved from /home/airflow/.local/lib/python3.12/site-packages/airflow/example_dags/example_setup_teardown.py
[2025-07-01T04:04:49.295+0000] {logging_mixin.py:190} INFO - [2025-07-01T04:04:49.294+0000] {dag.py:3239} INFO - Sync 1 DAGs
[2025-07-01T04:04:49.307+0000] {logging_mixin.py:190} INFO - [2025-07-01T04:04:49.307+0000] {dag.py:4180} INFO - Setting next_dagrun for example_setup_teardown to None, run_after=None
[2025-07-01T04:04:49.323+0000] {processor.py:208} INFO - Processing /home/airflow/.local/lib/python3.12/site-packages/airflow/example_dags/example_setup_teardown.py took 0.065 seconds
[2025-07-01T04:05:19.393+0000] {processor.py:186} INFO - Started process (PID=17405) to work on /home/airflow/.local/lib/python3.12/site-packages/airflow/example_dags/example_setup_teardown.py
[2025-07-01T04:05:19.394+0000] {processor.py:914} INFO - Processing file /home/airflow/.local/lib/python3.12/site-packages/airflow/example_dags/example_setup_teardown.py for tasks to queue
[2025-07-01T04:05:19.397+0000] {logging_mixin.py:190} INFO - [2025-07-01T04:05:19.396+0000] {dagbag.py:588} INFO - Filling up the DagBag from /home/airflow/.local/lib/python3.12/site-packages/airflow/example_dags/example_setup_teardown.py
[2025-07-01T04:05:19.405+0000] {processor.py:925} INFO - DAG(s) 'example_setup_teardown' retrieved from /home/airflow/.local/lib/python3.12/site-packages/airflow/example_dags/example_setup_teardown.py
[2025-07-01T04:05:19.425+0000] {logging_mixin.py:190} INFO - [2025-07-01T04:05:19.425+0000] {dag.py:3239} INFO - Sync 1 DAGs
[2025-07-01T04:05:19.439+0000] {logging_mixin.py:190} INFO - [2025-07-01T04:05:19.438+0000] {dag.py:4180} INFO - Setting next_dagrun for example_setup_teardown to None, run_after=None
[2025-07-01T04:05:19.456+0000] {processor.py:208} INFO - Processing /home/airflow/.local/lib/python3.12/site-packages/airflow/example_dags/example_setup_teardown.py took 0.069 seconds
[2025-07-01T04:05:49.687+0000] {processor.py:186} INFO - Started process (PID=17467) to work on /home/airflow/.local/lib/python3.12/site-packages/airflow/example_dags/example_setup_teardown.py
[2025-07-01T04:05:49.690+0000] {processor.py:914} INFO - Processing file /home/airflow/.local/lib/python3.12/site-packages/airflow/example_dags/example_setup_teardown.py for tasks to queue
[2025-07-01T04:05:49.693+0000] {logging_mixin.py:190} INFO - [2025-07-01T04:05:49.693+0000] {dagbag.py:588} INFO - Filling up the DagBag from /home/airflow/.local/lib/python3.12/site-packages/airflow/example_dags/example_setup_teardown.py
[2025-07-01T04:05:49.702+0000] {processor.py:925} INFO - DAG(s) 'example_setup_teardown' retrieved from /home/airflow/.local/lib/python3.12/site-packages/airflow/example_dags/example_setup_teardown.py
[2025-07-01T04:05:49.720+0000] {logging_mixin.py:190} INFO - [2025-07-01T04:05:49.720+0000] {dag.py:3239} INFO - Sync 1 DAGs
[2025-07-01T04:05:49.734+0000] {logging_mixin.py:190} INFO - [2025-07-01T04:05:49.734+0000] {dag.py:4180} INFO - Setting next_dagrun for example_setup_teardown to None, run_after=None
[2025-07-01T04:05:49.750+0000] {processor.py:208} INFO - Processing /home/airflow/.local/lib/python3.12/site-packages/airflow/example_dags/example_setup_teardown.py took 0.069 seconds
[2025-07-01T04:06:20.022+0000] {processor.py:186} INFO - Started process (PID=17529) to work on /home/airflow/.local/lib/python3.12/site-packages/airflow/example_dags/example_setup_teardown.py
[2025-07-01T04:06:20.023+0000] {processor.py:914} INFO - Processing file /home/airflow/.local/lib/python3.12/site-packages/airflow/example_dags/example_setup_teardown.py for tasks to queue
[2025-07-01T04:06:20.026+0000] {logging_mixin.py:190} INFO - [2025-07-01T04:06:20.025+0000] {dagbag.py:588} INFO - Filling up the DagBag from /home/airflow/.local/lib/python3.12/site-packages/airflow/example_dags/example_setup_teardown.py
[2025-07-01T04:06:20.034+0000] {processor.py:925} INFO - DAG(s) 'example_setup_teardown' retrieved from /home/airflow/.local/lib/python3.12/site-packages/airflow/example_dags/example_setup_teardown.py
[2025-07-01T04:06:20.052+0000] {logging_mixin.py:190} INFO - [2025-07-01T04:06:20.052+0000] {dag.py:3239} INFO - Sync 1 DAGs
[2025-07-01T04:06:20.065+0000] {logging_mixin.py:190} INFO - [2025-07-01T04:06:20.065+0000] {dag.py:4180} INFO - Setting next_dagrun for example_setup_teardown to None, run_after=None
[2025-07-01T04:06:20.081+0000] {processor.py:208} INFO - Processing /home/airflow/.local/lib/python3.12/site-packages/airflow/example_dags/example_setup_teardown.py took 0.066 seconds
[2025-07-01T04:06:50.282+0000] {processor.py:186} INFO - Started process (PID=17591) to work on /home/airflow/.local/lib/python3.12/site-packages/airflow/example_dags/example_setup_teardown.py
[2025-07-01T04:06:50.283+0000] {processor.py:914} INFO - Processing file /home/airflow/.local/lib/python3.12/site-packages/airflow/example_dags/example_setup_teardown.py for tasks to queue
[2025-07-01T04:06:50.285+0000] {logging_mixin.py:190} INFO - [2025-07-01T04:06:50.285+0000] {dagbag.py:588} INFO - Filling up the DagBag from /home/airflow/.local/lib/python3.12/site-packages/airflow/example_dags/example_setup_teardown.py
[2025-07-01T04:06:50.294+0000] {processor.py:925} INFO - DAG(s) 'example_setup_teardown' retrieved from /home/airflow/.local/lib/python3.12/site-packages/airflow/example_dags/example_setup_teardown.py
[2025-07-01T04:06:50.313+0000] {logging_mixin.py:190} INFO - [2025-07-01T04:06:50.313+0000] {dag.py:3239} INFO - Sync 1 DAGs
[2025-07-01T04:06:50.327+0000] {logging_mixin.py:190} INFO - [2025-07-01T04:06:50.327+0000] {dag.py:4180} INFO - Setting next_dagrun for example_setup_teardown to None, run_after=None
[2025-07-01T04:06:50.342+0000] {processor.py:208} INFO - Processing /home/airflow/.local/lib/python3.12/site-packages/airflow/example_dags/example_setup_teardown.py took 0.067 seconds
[2025-07-01T04:07:21.056+0000] {processor.py:186} INFO - Started process (PID=17659) to work on /home/airflow/.local/lib/python3.12/site-packages/airflow/example_dags/example_setup_teardown.py
[2025-07-01T04:07:21.057+0000] {processor.py:914} INFO - Processing file /home/airflow/.local/lib/python3.12/site-packages/airflow/example_dags/example_setup_teardown.py for tasks to queue
[2025-07-01T04:07:21.060+0000] {logging_mixin.py:190} INFO - [2025-07-01T04:07:21.060+0000] {dagbag.py:588} INFO - Filling up the DagBag from /home/airflow/.local/lib/python3.12/site-packages/airflow/example_dags/example_setup_teardown.py
[2025-07-01T04:07:21.070+0000] {processor.py:925} INFO - DAG(s) 'example_setup_teardown' retrieved from /home/airflow/.local/lib/python3.12/site-packages/airflow/example_dags/example_setup_teardown.py
[2025-07-01T04:07:21.089+0000] {logging_mixin.py:190} INFO - [2025-07-01T04:07:21.089+0000] {dag.py:3239} INFO - Sync 1 DAGs
[2025-07-01T04:07:21.102+0000] {logging_mixin.py:190} INFO - [2025-07-01T04:07:21.102+0000] {dag.py:4180} INFO - Setting next_dagrun for example_setup_teardown to None, run_after=None
[2025-07-01T04:07:21.118+0000] {processor.py:208} INFO - Processing /home/airflow/.local/lib/python3.12/site-packages/airflow/example_dags/example_setup_teardown.py took 0.068 seconds
[2025-07-01T04:07:51.886+0000] {processor.py:186} INFO - Started process (PID=17721) to work on /home/airflow/.local/lib/python3.12/site-packages/airflow/example_dags/example_setup_teardown.py
[2025-07-01T04:07:51.887+0000] {processor.py:914} INFO - Processing file /home/airflow/.local/lib/python3.12/site-packages/airflow/example_dags/example_setup_teardown.py for tasks to queue
[2025-07-01T04:07:51.890+0000] {logging_mixin.py:190} INFO - [2025-07-01T04:07:51.889+0000] {dagbag.py:588} INFO - Filling up the DagBag from /home/airflow/.local/lib/python3.12/site-packages/airflow/example_dags/example_setup_teardown.py
[2025-07-01T04:07:51.898+0000] {processor.py:925} INFO - DAG(s) 'example_setup_teardown' retrieved from /home/airflow/.local/lib/python3.12/site-packages/airflow/example_dags/example_setup_teardown.py
[2025-07-01T04:07:51.916+0000] {logging_mixin.py:190} INFO - [2025-07-01T04:07:51.915+0000] {dag.py:3239} INFO - Sync 1 DAGs
[2025-07-01T04:07:51.929+0000] {logging_mixin.py:190} INFO - [2025-07-01T04:07:51.929+0000] {dag.py:4180} INFO - Setting next_dagrun for example_setup_teardown to None, run_after=None
[2025-07-01T04:07:51.944+0000] {processor.py:208} INFO - Processing /home/airflow/.local/lib/python3.12/site-packages/airflow/example_dags/example_setup_teardown.py took 0.064 seconds
[2025-07-01T04:08:22.633+0000] {processor.py:186} INFO - Started process (PID=17783) to work on /home/airflow/.local/lib/python3.12/site-packages/airflow/example_dags/example_setup_teardown.py
[2025-07-01T04:08:22.634+0000] {processor.py:914} INFO - Processing file /home/airflow/.local/lib/python3.12/site-packages/airflow/example_dags/example_setup_teardown.py for tasks to queue
[2025-07-01T04:08:22.637+0000] {logging_mixin.py:190} INFO - [2025-07-01T04:08:22.636+0000] {dagbag.py:588} INFO - Filling up the DagBag from /home/airflow/.local/lib/python3.12/site-packages/airflow/example_dags/example_setup_teardown.py
[2025-07-01T04:08:22.646+0000] {processor.py:925} INFO - DAG(s) 'example_setup_teardown' retrieved from /home/airflow/.local/lib/python3.12/site-packages/airflow/example_dags/example_setup_teardown.py
[2025-07-01T04:08:22.664+0000] {logging_mixin.py:190} INFO - [2025-07-01T04:08:22.663+0000] {dag.py:3239} INFO - Sync 1 DAGs
[2025-07-01T04:08:22.677+0000] {logging_mixin.py:190} INFO - [2025-07-01T04:08:22.677+0000] {dag.py:4180} INFO - Setting next_dagrun for example_setup_teardown to None, run_after=None
[2025-07-01T04:08:22.693+0000] {processor.py:208} INFO - Processing /home/airflow/.local/lib/python3.12/site-packages/airflow/example_dags/example_setup_teardown.py took 0.067 seconds
[2025-07-01T04:08:53.326+0000] {processor.py:186} INFO - Started process (PID=17845) to work on /home/airflow/.local/lib/python3.12/site-packages/airflow/example_dags/example_setup_teardown.py
[2025-07-01T04:08:53.327+0000] {processor.py:914} INFO - Processing file /home/airflow/.local/lib/python3.12/site-packages/airflow/example_dags/example_setup_teardown.py for tasks to queue
[2025-07-01T04:08:53.330+0000] {logging_mixin.py:190} INFO - [2025-07-01T04:08:53.329+0000] {dagbag.py:588} INFO - Filling up the DagBag from /home/airflow/.local/lib/python3.12/site-packages/airflow/example_dags/example_setup_teardown.py
[2025-07-01T04:08:53.338+0000] {processor.py:925} INFO - DAG(s) 'example_setup_teardown' retrieved from /home/airflow/.local/lib/python3.12/site-packages/airflow/example_dags/example_setup_teardown.py
[2025-07-01T04:08:53.356+0000] {logging_mixin.py:190} INFO - [2025-07-01T04:08:53.356+0000] {dag.py:3239} INFO - Sync 1 DAGs
[2025-07-01T04:08:53.369+0000] {logging_mixin.py:190} INFO - [2025-07-01T04:08:53.369+0000] {dag.py:4180} INFO - Setting next_dagrun for example_setup_teardown to None, run_after=None
[2025-07-01T04:08:53.385+0000] {processor.py:208} INFO - Processing /home/airflow/.local/lib/python3.12/site-packages/airflow/example_dags/example_setup_teardown.py took 0.065 seconds
[2025-07-01T04:09:24.037+0000] {processor.py:186} INFO - Started process (PID=17907) to work on /home/airflow/.local/lib/python3.12/site-packages/airflow/example_dags/example_setup_teardown.py
[2025-07-01T04:09:24.038+0000] {processor.py:914} INFO - Processing file /home/airflow/.local/lib/python3.12/site-packages/airflow/example_dags/example_setup_teardown.py for tasks to queue
[2025-07-01T04:09:24.042+0000] {logging_mixin.py:190} INFO - [2025-07-01T04:09:24.042+0000] {dagbag.py:588} INFO - Filling up the DagBag from /home/airflow/.local/lib/python3.12/site-packages/airflow/example_dags/example_setup_teardown.py
[2025-07-01T04:09:24.053+0000] {processor.py:925} INFO - DAG(s) 'example_setup_teardown' retrieved from /home/airflow/.local/lib/python3.12/site-packages/airflow/example_dags/example_setup_teardown.py
[2025-07-01T04:09:24.075+0000] {logging_mixin.py:190} INFO - [2025-07-01T04:09:24.075+0000] {dag.py:3239} INFO - Sync 1 DAGs
[2025-07-01T04:09:24.089+0000] {logging_mixin.py:190} INFO - [2025-07-01T04:09:24.088+0000] {dag.py:4180} INFO - Setting next_dagrun for example_setup_teardown to None, run_after=None
[2025-07-01T04:09:24.105+0000] {processor.py:208} INFO - Processing /home/airflow/.local/lib/python3.12/site-packages/airflow/example_dags/example_setup_teardown.py took 0.077 seconds
[2025-07-01T04:09:54.763+0000] {processor.py:186} INFO - Started process (PID=17969) to work on /home/airflow/.local/lib/python3.12/site-packages/airflow/example_dags/example_setup_teardown.py
[2025-07-01T04:09:54.765+0000] {processor.py:914} INFO - Processing file /home/airflow/.local/lib/python3.12/site-packages/airflow/example_dags/example_setup_teardown.py for tasks to queue
[2025-07-01T04:09:54.768+0000] {logging_mixin.py:190} INFO - [2025-07-01T04:09:54.768+0000] {dagbag.py:588} INFO - Filling up the DagBag from /home/airflow/.local/lib/python3.12/site-packages/airflow/example_dags/example_setup_teardown.py
[2025-07-01T04:09:54.777+0000] {processor.py:925} INFO - DAG(s) 'example_setup_teardown' retrieved from /home/airflow/.local/lib/python3.12/site-packages/airflow/example_dags/example_setup_teardown.py
[2025-07-01T04:09:54.795+0000] {logging_mixin.py:190} INFO - [2025-07-01T04:09:54.795+0000] {dag.py:3239} INFO - Sync 1 DAGs
[2025-07-01T04:09:54.809+0000] {logging_mixin.py:190} INFO - [2025-07-01T04:09:54.809+0000] {dag.py:4180} INFO - Setting next_dagrun for example_setup_teardown to None, run_after=None
[2025-07-01T04:09:54.825+0000] {processor.py:208} INFO - Processing /home/airflow/.local/lib/python3.12/site-packages/airflow/example_dags/example_setup_teardown.py took 0.068 seconds
[2025-07-01T04:10:25.310+0000] {processor.py:186} INFO - Started process (PID=18031) to work on /home/airflow/.local/lib/python3.12/site-packages/airflow/example_dags/example_setup_teardown.py
[2025-07-01T04:10:25.311+0000] {processor.py:914} INFO - Processing file /home/airflow/.local/lib/python3.12/site-packages/airflow/example_dags/example_setup_teardown.py for tasks to queue
[2025-07-01T04:10:25.313+0000] {logging_mixin.py:190} INFO - [2025-07-01T04:10:25.313+0000] {dagbag.py:588} INFO - Filling up the DagBag from /home/airflow/.local/lib/python3.12/site-packages/airflow/example_dags/example_setup_teardown.py
[2025-07-01T04:10:25.321+0000] {processor.py:925} INFO - DAG(s) 'example_setup_teardown' retrieved from /home/airflow/.local/lib/python3.12/site-packages/airflow/example_dags/example_setup_teardown.py
[2025-07-01T04:10:25.339+0000] {logging_mixin.py:190} INFO - [2025-07-01T04:10:25.339+0000] {dag.py:3239} INFO - Sync 1 DAGs
[2025-07-01T04:10:25.353+0000] {logging_mixin.py:190} INFO - [2025-07-01T04:10:25.353+0000] {dag.py:4180} INFO - Setting next_dagrun for example_setup_teardown to None, run_after=None
[2025-07-01T04:10:25.369+0000] {processor.py:208} INFO - Processing /home/airflow/.local/lib/python3.12/site-packages/airflow/example_dags/example_setup_teardown.py took 0.065 seconds
[2025-07-01T04:10:55.894+0000] {processor.py:186} INFO - Started process (PID=18093) to work on /home/airflow/.local/lib/python3.12/site-packages/airflow/example_dags/example_setup_teardown.py
[2025-07-01T04:10:55.895+0000] {processor.py:914} INFO - Processing file /home/airflow/.local/lib/python3.12/site-packages/airflow/example_dags/example_setup_teardown.py for tasks to queue
[2025-07-01T04:10:55.898+0000] {logging_mixin.py:190} INFO - [2025-07-01T04:10:55.898+0000] {dagbag.py:588} INFO - Filling up the DagBag from /home/airflow/.local/lib/python3.12/site-packages/airflow/example_dags/example_setup_teardown.py
[2025-07-01T04:10:55.906+0000] {processor.py:925} INFO - DAG(s) 'example_setup_teardown' retrieved from /home/airflow/.local/lib/python3.12/site-packages/airflow/example_dags/example_setup_teardown.py
[2025-07-01T04:10:55.925+0000] {logging_mixin.py:190} INFO - [2025-07-01T04:10:55.925+0000] {dag.py:3239} INFO - Sync 1 DAGs
[2025-07-01T04:10:55.938+0000] {logging_mixin.py:190} INFO - [2025-07-01T04:10:55.938+0000] {dag.py:4180} INFO - Setting next_dagrun for example_setup_teardown to None, run_after=None
[2025-07-01T04:10:55.954+0000] {processor.py:208} INFO - Processing /home/airflow/.local/lib/python3.12/site-packages/airflow/example_dags/example_setup_teardown.py took 0.067 seconds
[2025-07-01T04:11:26.697+0000] {processor.py:186} INFO - Started process (PID=18155) to work on /home/airflow/.local/lib/python3.12/site-packages/airflow/example_dags/example_setup_teardown.py
[2025-07-01T04:11:26.698+0000] {processor.py:914} INFO - Processing file /home/airflow/.local/lib/python3.12/site-packages/airflow/example_dags/example_setup_teardown.py for tasks to queue
[2025-07-01T04:11:26.701+0000] {logging_mixin.py:190} INFO - [2025-07-01T04:11:26.700+0000] {dagbag.py:588} INFO - Filling up the DagBag from /home/airflow/.local/lib/python3.12/site-packages/airflow/example_dags/example_setup_teardown.py
[2025-07-01T04:11:26.709+0000] {processor.py:925} INFO - DAG(s) 'example_setup_teardown' retrieved from /home/airflow/.local/lib/python3.12/site-packages/airflow/example_dags/example_setup_teardown.py
[2025-07-01T04:11:26.732+0000] {logging_mixin.py:190} INFO - [2025-07-01T04:11:26.731+0000] {dag.py:3239} INFO - Sync 1 DAGs
[2025-07-01T04:11:26.755+0000] {logging_mixin.py:190} INFO - [2025-07-01T04:11:26.755+0000] {dag.py:4180} INFO - Setting next_dagrun for example_setup_teardown to None, run_after=None
[2025-07-01T04:11:26.789+0000] {processor.py:208} INFO - Processing /home/airflow/.local/lib/python3.12/site-packages/airflow/example_dags/example_setup_teardown.py took 0.099 seconds
[2025-07-01T04:11:57.417+0000] {processor.py:186} INFO - Started process (PID=18217) to work on /home/airflow/.local/lib/python3.12/site-packages/airflow/example_dags/example_setup_teardown.py
[2025-07-01T04:11:57.418+0000] {processor.py:914} INFO - Processing file /home/airflow/.local/lib/python3.12/site-packages/airflow/example_dags/example_setup_teardown.py for tasks to queue
[2025-07-01T04:11:57.421+0000] {logging_mixin.py:190} INFO - [2025-07-01T04:11:57.420+0000] {dagbag.py:588} INFO - Filling up the DagBag from /home/airflow/.local/lib/python3.12/site-packages/airflow/example_dags/example_setup_teardown.py
[2025-07-01T04:11:57.429+0000] {processor.py:925} INFO - DAG(s) 'example_setup_teardown' retrieved from /home/airflow/.local/lib/python3.12/site-packages/airflow/example_dags/example_setup_teardown.py
[2025-07-01T04:11:57.447+0000] {logging_mixin.py:190} INFO - [2025-07-01T04:11:57.447+0000] {dag.py:3239} INFO - Sync 1 DAGs
[2025-07-01T04:11:57.461+0000] {logging_mixin.py:190} INFO - [2025-07-01T04:11:57.460+0000] {dag.py:4180} INFO - Setting next_dagrun for example_setup_teardown to None, run_after=None
[2025-07-01T04:11:57.477+0000] {processor.py:208} INFO - Processing /home/airflow/.local/lib/python3.12/site-packages/airflow/example_dags/example_setup_teardown.py took 0.066 seconds
[2025-07-01T04:12:28.017+0000] {processor.py:186} INFO - Started process (PID=18279) to work on /home/airflow/.local/lib/python3.12/site-packages/airflow/example_dags/example_setup_teardown.py
[2025-07-01T04:12:28.018+0000] {processor.py:914} INFO - Processing file /home/airflow/.local/lib/python3.12/site-packages/airflow/example_dags/example_setup_teardown.py for tasks to queue
[2025-07-01T04:12:28.020+0000] {logging_mixin.py:190} INFO - [2025-07-01T04:12:28.020+0000] {dagbag.py:588} INFO - Filling up the DagBag from /home/airflow/.local/lib/python3.12/site-packages/airflow/example_dags/example_setup_teardown.py
[2025-07-01T04:12:28.028+0000] {processor.py:925} INFO - DAG(s) 'example_setup_teardown' retrieved from /home/airflow/.local/lib/python3.12/site-packages/airflow/example_dags/example_setup_teardown.py
[2025-07-01T04:12:28.047+0000] {logging_mixin.py:190} INFO - [2025-07-01T04:12:28.046+0000] {dag.py:3239} INFO - Sync 1 DAGs
[2025-07-01T04:12:28.062+0000] {logging_mixin.py:190} INFO - [2025-07-01T04:12:28.061+0000] {dag.py:4180} INFO - Setting next_dagrun for example_setup_teardown to None, run_after=None
[2025-07-01T04:12:28.078+0000] {processor.py:208} INFO - Processing /home/airflow/.local/lib/python3.12/site-packages/airflow/example_dags/example_setup_teardown.py took 0.066 seconds
[2025-07-01T04:12:58.641+0000] {processor.py:186} INFO - Started process (PID=18341) to work on /home/airflow/.local/lib/python3.12/site-packages/airflow/example_dags/example_setup_teardown.py
[2025-07-01T04:12:58.642+0000] {processor.py:914} INFO - Processing file /home/airflow/.local/lib/python3.12/site-packages/airflow/example_dags/example_setup_teardown.py for tasks to queue
[2025-07-01T04:12:58.645+0000] {logging_mixin.py:190} INFO - [2025-07-01T04:12:58.644+0000] {dagbag.py:588} INFO - Filling up the DagBag from /home/airflow/.local/lib/python3.12/site-packages/airflow/example_dags/example_setup_teardown.py
[2025-07-01T04:12:58.653+0000] {processor.py:925} INFO - DAG(s) 'example_setup_teardown' retrieved from /home/airflow/.local/lib/python3.12/site-packages/airflow/example_dags/example_setup_teardown.py
[2025-07-01T04:12:58.672+0000] {logging_mixin.py:190} INFO - [2025-07-01T04:12:58.672+0000] {dag.py:3239} INFO - Sync 1 DAGs
[2025-07-01T04:12:58.685+0000] {logging_mixin.py:190} INFO - [2025-07-01T04:12:58.685+0000] {dag.py:4180} INFO - Setting next_dagrun for example_setup_teardown to None, run_after=None
[2025-07-01T04:12:58.702+0000] {processor.py:208} INFO - Processing /home/airflow/.local/lib/python3.12/site-packages/airflow/example_dags/example_setup_teardown.py took 0.067 seconds
[2025-07-01T04:13:29.157+0000] {processor.py:186} INFO - Started process (PID=18403) to work on /home/airflow/.local/lib/python3.12/site-packages/airflow/example_dags/example_setup_teardown.py
[2025-07-01T04:13:29.158+0000] {processor.py:914} INFO - Processing file /home/airflow/.local/lib/python3.12/site-packages/airflow/example_dags/example_setup_teardown.py for tasks to queue
[2025-07-01T04:13:29.161+0000] {logging_mixin.py:190} INFO - [2025-07-01T04:13:29.160+0000] {dagbag.py:588} INFO - Filling up the DagBag from /home/airflow/.local/lib/python3.12/site-packages/airflow/example_dags/example_setup_teardown.py
[2025-07-01T04:13:29.169+0000] {processor.py:925} INFO - DAG(s) 'example_setup_teardown' retrieved from /home/airflow/.local/lib/python3.12/site-packages/airflow/example_dags/example_setup_teardown.py
[2025-07-01T04:13:29.188+0000] {logging_mixin.py:190} INFO - [2025-07-01T04:13:29.187+0000] {dag.py:3239} INFO - Sync 1 DAGs
[2025-07-01T04:13:29.201+0000] {logging_mixin.py:190} INFO - [2025-07-01T04:13:29.201+0000] {dag.py:4180} INFO - Setting next_dagrun for example_setup_teardown to None, run_after=None
[2025-07-01T04:13:29.218+0000] {processor.py:208} INFO - Processing /home/airflow/.local/lib/python3.12/site-packages/airflow/example_dags/example_setup_teardown.py took 0.067 seconds
[2025-07-01T04:13:59.769+0000] {processor.py:186} INFO - Started process (PID=18465) to work on /home/airflow/.local/lib/python3.12/site-packages/airflow/example_dags/example_setup_teardown.py
[2025-07-01T04:13:59.770+0000] {processor.py:914} INFO - Processing file /home/airflow/.local/lib/python3.12/site-packages/airflow/example_dags/example_setup_teardown.py for tasks to queue
[2025-07-01T04:13:59.773+0000] {logging_mixin.py:190} INFO - [2025-07-01T04:13:59.772+0000] {dagbag.py:588} INFO - Filling up the DagBag from /home/airflow/.local/lib/python3.12/site-packages/airflow/example_dags/example_setup_teardown.py
[2025-07-01T04:13:59.781+0000] {processor.py:925} INFO - DAG(s) 'example_setup_teardown' retrieved from /home/airflow/.local/lib/python3.12/site-packages/airflow/example_dags/example_setup_teardown.py
[2025-07-01T04:13:59.800+0000] {logging_mixin.py:190} INFO - [2025-07-01T04:13:59.800+0000] {dag.py:3239} INFO - Sync 1 DAGs
[2025-07-01T04:13:59.815+0000] {logging_mixin.py:190} INFO - [2025-07-01T04:13:59.815+0000] {dag.py:4180} INFO - Setting next_dagrun for example_setup_teardown to None, run_after=None
[2025-07-01T04:13:59.833+0000] {processor.py:208} INFO - Processing /home/airflow/.local/lib/python3.12/site-packages/airflow/example_dags/example_setup_teardown.py took 0.071 seconds
[2025-07-01T04:14:30.397+0000] {processor.py:186} INFO - Started process (PID=18527) to work on /home/airflow/.local/lib/python3.12/site-packages/airflow/example_dags/example_setup_teardown.py
[2025-07-01T04:14:30.398+0000] {processor.py:914} INFO - Processing file /home/airflow/.local/lib/python3.12/site-packages/airflow/example_dags/example_setup_teardown.py for tasks to queue
[2025-07-01T04:14:30.401+0000] {logging_mixin.py:190} INFO - [2025-07-01T04:14:30.400+0000] {dagbag.py:588} INFO - Filling up the DagBag from /home/airflow/.local/lib/python3.12/site-packages/airflow/example_dags/example_setup_teardown.py
[2025-07-01T04:14:30.409+0000] {processor.py:925} INFO - DAG(s) 'example_setup_teardown' retrieved from /home/airflow/.local/lib/python3.12/site-packages/airflow/example_dags/example_setup_teardown.py
[2025-07-01T04:14:30.427+0000] {logging_mixin.py:190} INFO - [2025-07-01T04:14:30.427+0000] {dag.py:3239} INFO - Sync 1 DAGs
[2025-07-01T04:14:30.440+0000] {logging_mixin.py:190} INFO - [2025-07-01T04:14:30.440+0000] {dag.py:4180} INFO - Setting next_dagrun for example_setup_teardown to None, run_after=None
[2025-07-01T04:14:30.457+0000] {processor.py:208} INFO - Processing /home/airflow/.local/lib/python3.12/site-packages/airflow/example_dags/example_setup_teardown.py took 0.066 seconds
[2025-07-01T04:15:01.032+0000] {processor.py:186} INFO - Started process (PID=18589) to work on /home/airflow/.local/lib/python3.12/site-packages/airflow/example_dags/example_setup_teardown.py
[2025-07-01T04:15:01.033+0000] {processor.py:914} INFO - Processing file /home/airflow/.local/lib/python3.12/site-packages/airflow/example_dags/example_setup_teardown.py for tasks to queue
[2025-07-01T04:15:01.036+0000] {logging_mixin.py:190} INFO - [2025-07-01T04:15:01.035+0000] {dagbag.py:588} INFO - Filling up the DagBag from /home/airflow/.local/lib/python3.12/site-packages/airflow/example_dags/example_setup_teardown.py
[2025-07-01T04:15:01.043+0000] {processor.py:925} INFO - DAG(s) 'example_setup_teardown' retrieved from /home/airflow/.local/lib/python3.12/site-packages/airflow/example_dags/example_setup_teardown.py
[2025-07-01T04:15:01.061+0000] {logging_mixin.py:190} INFO - [2025-07-01T04:15:01.061+0000] {dag.py:3239} INFO - Sync 1 DAGs
[2025-07-01T04:15:01.074+0000] {logging_mixin.py:190} INFO - [2025-07-01T04:15:01.074+0000] {dag.py:4180} INFO - Setting next_dagrun for example_setup_teardown to None, run_after=None
[2025-07-01T04:15:01.090+0000] {processor.py:208} INFO - Processing /home/airflow/.local/lib/python3.12/site-packages/airflow/example_dags/example_setup_teardown.py took 0.065 seconds
[2025-07-01T04:15:31.613+0000] {processor.py:186} INFO - Started process (PID=18651) to work on /home/airflow/.local/lib/python3.12/site-packages/airflow/example_dags/example_setup_teardown.py
[2025-07-01T04:15:31.614+0000] {processor.py:914} INFO - Processing file /home/airflow/.local/lib/python3.12/site-packages/airflow/example_dags/example_setup_teardown.py for tasks to queue
[2025-07-01T04:15:31.617+0000] {logging_mixin.py:190} INFO - [2025-07-01T04:15:31.617+0000] {dagbag.py:588} INFO - Filling up the DagBag from /home/airflow/.local/lib/python3.12/site-packages/airflow/example_dags/example_setup_teardown.py
[2025-07-01T04:15:31.625+0000] {processor.py:925} INFO - DAG(s) 'example_setup_teardown' retrieved from /home/airflow/.local/lib/python3.12/site-packages/airflow/example_dags/example_setup_teardown.py
[2025-07-01T04:15:31.644+0000] {logging_mixin.py:190} INFO - [2025-07-01T04:15:31.644+0000] {dag.py:3239} INFO - Sync 1 DAGs
[2025-07-01T04:15:31.657+0000] {logging_mixin.py:190} INFO - [2025-07-01T04:15:31.657+0000] {dag.py:4180} INFO - Setting next_dagrun for example_setup_teardown to None, run_after=None
[2025-07-01T04:15:31.673+0000] {processor.py:208} INFO - Processing /home/airflow/.local/lib/python3.12/site-packages/airflow/example_dags/example_setup_teardown.py took 0.067 seconds
[2025-07-01T04:16:02.090+0000] {processor.py:186} INFO - Started process (PID=18713) to work on /home/airflow/.local/lib/python3.12/site-packages/airflow/example_dags/example_setup_teardown.py
[2025-07-01T04:16:02.091+0000] {processor.py:914} INFO - Processing file /home/airflow/.local/lib/python3.12/site-packages/airflow/example_dags/example_setup_teardown.py for tasks to queue
[2025-07-01T04:16:02.094+0000] {logging_mixin.py:190} INFO - [2025-07-01T04:16:02.094+0000] {dagbag.py:588} INFO - Filling up the DagBag from /home/airflow/.local/lib/python3.12/site-packages/airflow/example_dags/example_setup_teardown.py
[2025-07-01T04:16:02.102+0000] {processor.py:925} INFO - DAG(s) 'example_setup_teardown' retrieved from /home/airflow/.local/lib/python3.12/site-packages/airflow/example_dags/example_setup_teardown.py
[2025-07-01T04:16:02.122+0000] {logging_mixin.py:190} INFO - [2025-07-01T04:16:02.122+0000] {dag.py:3239} INFO - Sync 1 DAGs
[2025-07-01T04:16:02.136+0000] {logging_mixin.py:190} INFO - [2025-07-01T04:16:02.136+0000] {dag.py:4180} INFO - Setting next_dagrun for example_setup_teardown to None, run_after=None
[2025-07-01T04:16:02.153+0000] {processor.py:208} INFO - Processing /home/airflow/.local/lib/python3.12/site-packages/airflow/example_dags/example_setup_teardown.py took 0.069 seconds
[2025-07-01T04:16:32.797+0000] {processor.py:186} INFO - Started process (PID=18775) to work on /home/airflow/.local/lib/python3.12/site-packages/airflow/example_dags/example_setup_teardown.py
[2025-07-01T04:16:32.798+0000] {processor.py:914} INFO - Processing file /home/airflow/.local/lib/python3.12/site-packages/airflow/example_dags/example_setup_teardown.py for tasks to queue
[2025-07-01T04:16:32.801+0000] {logging_mixin.py:190} INFO - [2025-07-01T04:16:32.800+0000] {dagbag.py:588} INFO - Filling up the DagBag from /home/airflow/.local/lib/python3.12/site-packages/airflow/example_dags/example_setup_teardown.py
[2025-07-01T04:16:32.809+0000] {processor.py:925} INFO - DAG(s) 'example_setup_teardown' retrieved from /home/airflow/.local/lib/python3.12/site-packages/airflow/example_dags/example_setup_teardown.py
[2025-07-01T04:16:32.827+0000] {logging_mixin.py:190} INFO - [2025-07-01T04:16:32.827+0000] {dag.py:3239} INFO - Sync 1 DAGs
[2025-07-01T04:16:32.840+0000] {logging_mixin.py:190} INFO - [2025-07-01T04:16:32.840+0000] {dag.py:4180} INFO - Setting next_dagrun for example_setup_teardown to None, run_after=None
[2025-07-01T04:16:32.855+0000] {processor.py:208} INFO - Processing /home/airflow/.local/lib/python3.12/site-packages/airflow/example_dags/example_setup_teardown.py took 0.065 seconds
[2025-07-01T04:17:03.604+0000] {processor.py:186} INFO - Started process (PID=18837) to work on /home/airflow/.local/lib/python3.12/site-packages/airflow/example_dags/example_setup_teardown.py
[2025-07-01T04:17:03.605+0000] {processor.py:914} INFO - Processing file /home/airflow/.local/lib/python3.12/site-packages/airflow/example_dags/example_setup_teardown.py for tasks to queue
[2025-07-01T04:17:03.609+0000] {logging_mixin.py:190} INFO - [2025-07-01T04:17:03.608+0000] {dagbag.py:588} INFO - Filling up the DagBag from /home/airflow/.local/lib/python3.12/site-packages/airflow/example_dags/example_setup_teardown.py
[2025-07-01T04:17:03.619+0000] {processor.py:925} INFO - DAG(s) 'example_setup_teardown' retrieved from /home/airflow/.local/lib/python3.12/site-packages/airflow/example_dags/example_setup_teardown.py
[2025-07-01T04:17:03.638+0000] {logging_mixin.py:190} INFO - [2025-07-01T04:17:03.638+0000] {dag.py:3239} INFO - Sync 1 DAGs
[2025-07-01T04:17:03.652+0000] {logging_mixin.py:190} INFO - [2025-07-01T04:17:03.652+0000] {dag.py:4180} INFO - Setting next_dagrun for example_setup_teardown to None, run_after=None
[2025-07-01T04:17:03.669+0000] {processor.py:208} INFO - Processing /home/airflow/.local/lib/python3.12/site-packages/airflow/example_dags/example_setup_teardown.py took 0.074 seconds
[2025-07-01T04:17:34.599+0000] {processor.py:186} INFO - Started process (PID=18899) to work on /home/airflow/.local/lib/python3.12/site-packages/airflow/example_dags/example_setup_teardown.py
[2025-07-01T04:17:34.600+0000] {processor.py:914} INFO - Processing file /home/airflow/.local/lib/python3.12/site-packages/airflow/example_dags/example_setup_teardown.py for tasks to queue
[2025-07-01T04:17:34.603+0000] {logging_mixin.py:190} INFO - [2025-07-01T04:17:34.602+0000] {dagbag.py:588} INFO - Filling up the DagBag from /home/airflow/.local/lib/python3.12/site-packages/airflow/example_dags/example_setup_teardown.py
[2025-07-01T04:17:34.610+0000] {processor.py:925} INFO - DAG(s) 'example_setup_teardown' retrieved from /home/airflow/.local/lib/python3.12/site-packages/airflow/example_dags/example_setup_teardown.py
[2025-07-01T04:17:34.628+0000] {logging_mixin.py:190} INFO - [2025-07-01T04:17:34.628+0000] {dag.py:3239} INFO - Sync 1 DAGs
[2025-07-01T04:17:34.641+0000] {logging_mixin.py:190} INFO - [2025-07-01T04:17:34.641+0000] {dag.py:4180} INFO - Setting next_dagrun for example_setup_teardown to None, run_after=None
[2025-07-01T04:17:34.656+0000] {processor.py:208} INFO - Processing /home/airflow/.local/lib/python3.12/site-packages/airflow/example_dags/example_setup_teardown.py took 0.064 seconds
[2025-07-01T04:18:05.345+0000] {processor.py:186} INFO - Started process (PID=18961) to work on /home/airflow/.local/lib/python3.12/site-packages/airflow/example_dags/example_setup_teardown.py
[2025-07-01T04:18:05.346+0000] {processor.py:914} INFO - Processing file /home/airflow/.local/lib/python3.12/site-packages/airflow/example_dags/example_setup_teardown.py for tasks to queue
[2025-07-01T04:18:05.349+0000] {logging_mixin.py:190} INFO - [2025-07-01T04:18:05.349+0000] {dagbag.py:588} INFO - Filling up the DagBag from /home/airflow/.local/lib/python3.12/site-packages/airflow/example_dags/example_setup_teardown.py
[2025-07-01T04:18:05.357+0000] {processor.py:925} INFO - DAG(s) 'example_setup_teardown' retrieved from /home/airflow/.local/lib/python3.12/site-packages/airflow/example_dags/example_setup_teardown.py
[2025-07-01T04:18:05.375+0000] {logging_mixin.py:190} INFO - [2025-07-01T04:18:05.375+0000] {dag.py:3239} INFO - Sync 1 DAGs
[2025-07-01T04:18:05.388+0000] {logging_mixin.py:190} INFO - [2025-07-01T04:18:05.388+0000] {dag.py:4180} INFO - Setting next_dagrun for example_setup_teardown to None, run_after=None
[2025-07-01T04:18:05.405+0000] {processor.py:208} INFO - Processing /home/airflow/.local/lib/python3.12/site-packages/airflow/example_dags/example_setup_teardown.py took 0.066 seconds
[2025-07-01T04:18:36.160+0000] {processor.py:186} INFO - Started process (PID=19023) to work on /home/airflow/.local/lib/python3.12/site-packages/airflow/example_dags/example_setup_teardown.py
[2025-07-01T04:18:36.161+0000] {processor.py:914} INFO - Processing file /home/airflow/.local/lib/python3.12/site-packages/airflow/example_dags/example_setup_teardown.py for tasks to queue
[2025-07-01T04:18:36.164+0000] {logging_mixin.py:190} INFO - [2025-07-01T04:18:36.163+0000] {dagbag.py:588} INFO - Filling up the DagBag from /home/airflow/.local/lib/python3.12/site-packages/airflow/example_dags/example_setup_teardown.py
[2025-07-01T04:18:36.172+0000] {processor.py:925} INFO - DAG(s) 'example_setup_teardown' retrieved from /home/airflow/.local/lib/python3.12/site-packages/airflow/example_dags/example_setup_teardown.py
[2025-07-01T04:18:36.191+0000] {logging_mixin.py:190} INFO - [2025-07-01T04:18:36.191+0000] {dag.py:3239} INFO - Sync 1 DAGs
[2025-07-01T04:18:36.204+0000] {logging_mixin.py:190} INFO - [2025-07-01T04:18:36.204+0000] {dag.py:4180} INFO - Setting next_dagrun for example_setup_teardown to None, run_after=None
[2025-07-01T04:18:36.220+0000] {processor.py:208} INFO - Processing /home/airflow/.local/lib/python3.12/site-packages/airflow/example_dags/example_setup_teardown.py took 0.067 seconds
[2025-07-01T04:19:06.709+0000] {processor.py:186} INFO - Started process (PID=19085) to work on /home/airflow/.local/lib/python3.12/site-packages/airflow/example_dags/example_setup_teardown.py
[2025-07-01T04:19:06.710+0000] {processor.py:914} INFO - Processing file /home/airflow/.local/lib/python3.12/site-packages/airflow/example_dags/example_setup_teardown.py for tasks to queue
[2025-07-01T04:19:06.713+0000] {logging_mixin.py:190} INFO - [2025-07-01T04:19:06.713+0000] {dagbag.py:588} INFO - Filling up the DagBag from /home/airflow/.local/lib/python3.12/site-packages/airflow/example_dags/example_setup_teardown.py
[2025-07-01T04:19:06.722+0000] {processor.py:925} INFO - DAG(s) 'example_setup_teardown' retrieved from /home/airflow/.local/lib/python3.12/site-packages/airflow/example_dags/example_setup_teardown.py
[2025-07-01T04:19:06.742+0000] {logging_mixin.py:190} INFO - [2025-07-01T04:19:06.742+0000] {dag.py:3239} INFO - Sync 1 DAGs
[2025-07-01T04:19:06.756+0000] {logging_mixin.py:190} INFO - [2025-07-01T04:19:06.756+0000] {dag.py:4180} INFO - Setting next_dagrun for example_setup_teardown to None, run_after=None
[2025-07-01T04:19:06.776+0000] {processor.py:208} INFO - Processing /home/airflow/.local/lib/python3.12/site-packages/airflow/example_dags/example_setup_teardown.py took 0.073 seconds
[2025-07-01T04:19:37.496+0000] {processor.py:186} INFO - Started process (PID=19147) to work on /home/airflow/.local/lib/python3.12/site-packages/airflow/example_dags/example_setup_teardown.py
[2025-07-01T04:19:37.497+0000] {processor.py:914} INFO - Processing file /home/airflow/.local/lib/python3.12/site-packages/airflow/example_dags/example_setup_teardown.py for tasks to queue
[2025-07-01T04:19:37.500+0000] {logging_mixin.py:190} INFO - [2025-07-01T04:19:37.500+0000] {dagbag.py:588} INFO - Filling up the DagBag from /home/airflow/.local/lib/python3.12/site-packages/airflow/example_dags/example_setup_teardown.py
[2025-07-01T04:19:37.508+0000] {processor.py:925} INFO - DAG(s) 'example_setup_teardown' retrieved from /home/airflow/.local/lib/python3.12/site-packages/airflow/example_dags/example_setup_teardown.py
[2025-07-01T04:19:37.528+0000] {logging_mixin.py:190} INFO - [2025-07-01T04:19:37.528+0000] {dag.py:3239} INFO - Sync 1 DAGs
[2025-07-01T04:19:37.541+0000] {logging_mixin.py:190} INFO - [2025-07-01T04:19:37.541+0000] {dag.py:4180} INFO - Setting next_dagrun for example_setup_teardown to None, run_after=None
[2025-07-01T04:19:37.558+0000] {processor.py:208} INFO - Processing /home/airflow/.local/lib/python3.12/site-packages/airflow/example_dags/example_setup_teardown.py took 0.067 seconds
[2025-07-01T04:20:08.039+0000] {processor.py:186} INFO - Started process (PID=19209) to work on /home/airflow/.local/lib/python3.12/site-packages/airflow/example_dags/example_setup_teardown.py
[2025-07-01T04:20:08.041+0000] {processor.py:914} INFO - Processing file /home/airflow/.local/lib/python3.12/site-packages/airflow/example_dags/example_setup_teardown.py for tasks to queue
[2025-07-01T04:20:08.044+0000] {logging_mixin.py:190} INFO - [2025-07-01T04:20:08.044+0000] {dagbag.py:588} INFO - Filling up the DagBag from /home/airflow/.local/lib/python3.12/site-packages/airflow/example_dags/example_setup_teardown.py
[2025-07-01T04:20:08.052+0000] {processor.py:925} INFO - DAG(s) 'example_setup_teardown' retrieved from /home/airflow/.local/lib/python3.12/site-packages/airflow/example_dags/example_setup_teardown.py
[2025-07-01T04:20:08.071+0000] {logging_mixin.py:190} INFO - [2025-07-01T04:20:08.071+0000] {dag.py:3239} INFO - Sync 1 DAGs
[2025-07-01T04:20:08.084+0000] {logging_mixin.py:190} INFO - [2025-07-01T04:20:08.084+0000] {dag.py:4180} INFO - Setting next_dagrun for example_setup_teardown to None, run_after=None
[2025-07-01T04:20:08.101+0000] {processor.py:208} INFO - Processing /home/airflow/.local/lib/python3.12/site-packages/airflow/example_dags/example_setup_teardown.py took 0.068 seconds
[2025-07-01T04:20:38.682+0000] {processor.py:186} INFO - Started process (PID=19271) to work on /home/airflow/.local/lib/python3.12/site-packages/airflow/example_dags/example_setup_teardown.py
[2025-07-01T04:20:38.683+0000] {processor.py:914} INFO - Processing file /home/airflow/.local/lib/python3.12/site-packages/airflow/example_dags/example_setup_teardown.py for tasks to queue
[2025-07-01T04:20:38.686+0000] {logging_mixin.py:190} INFO - [2025-07-01T04:20:38.686+0000] {dagbag.py:588} INFO - Filling up the DagBag from /home/airflow/.local/lib/python3.12/site-packages/airflow/example_dags/example_setup_teardown.py
[2025-07-01T04:20:38.694+0000] {processor.py:925} INFO - DAG(s) 'example_setup_teardown' retrieved from /home/airflow/.local/lib/python3.12/site-packages/airflow/example_dags/example_setup_teardown.py
[2025-07-01T04:20:38.713+0000] {logging_mixin.py:190} INFO - [2025-07-01T04:20:38.712+0000] {dag.py:3239} INFO - Sync 1 DAGs
[2025-07-01T04:20:38.726+0000] {logging_mixin.py:190} INFO - [2025-07-01T04:20:38.725+0000] {dag.py:4180} INFO - Setting next_dagrun for example_setup_teardown to None, run_after=None
[2025-07-01T04:20:38.742+0000] {processor.py:208} INFO - Processing /home/airflow/.local/lib/python3.12/site-packages/airflow/example_dags/example_setup_teardown.py took 0.066 seconds
[2025-07-01T04:21:09.481+0000] {processor.py:186} INFO - Started process (PID=19333) to work on /home/airflow/.local/lib/python3.12/site-packages/airflow/example_dags/example_setup_teardown.py
[2025-07-01T04:21:09.482+0000] {processor.py:914} INFO - Processing file /home/airflow/.local/lib/python3.12/site-packages/airflow/example_dags/example_setup_teardown.py for tasks to queue
[2025-07-01T04:21:09.485+0000] {logging_mixin.py:190} INFO - [2025-07-01T04:21:09.484+0000] {dagbag.py:588} INFO - Filling up the DagBag from /home/airflow/.local/lib/python3.12/site-packages/airflow/example_dags/example_setup_teardown.py
[2025-07-01T04:21:09.493+0000] {processor.py:925} INFO - DAG(s) 'example_setup_teardown' retrieved from /home/airflow/.local/lib/python3.12/site-packages/airflow/example_dags/example_setup_teardown.py
[2025-07-01T04:21:09.512+0000] {logging_mixin.py:190} INFO - [2025-07-01T04:21:09.512+0000] {dag.py:3239} INFO - Sync 1 DAGs
[2025-07-01T04:21:09.526+0000] {logging_mixin.py:190} INFO - [2025-07-01T04:21:09.525+0000] {dag.py:4180} INFO - Setting next_dagrun for example_setup_teardown to None, run_after=None
[2025-07-01T04:21:09.542+0000] {processor.py:208} INFO - Processing /home/airflow/.local/lib/python3.12/site-packages/airflow/example_dags/example_setup_teardown.py took 0.068 seconds
[2025-07-01T04:21:40.306+0000] {processor.py:186} INFO - Started process (PID=19395) to work on /home/airflow/.local/lib/python3.12/site-packages/airflow/example_dags/example_setup_teardown.py
[2025-07-01T04:21:40.307+0000] {processor.py:914} INFO - Processing file /home/airflow/.local/lib/python3.12/site-packages/airflow/example_dags/example_setup_teardown.py for tasks to queue
[2025-07-01T04:21:40.310+0000] {logging_mixin.py:190} INFO - [2025-07-01T04:21:40.309+0000] {dagbag.py:588} INFO - Filling up the DagBag from /home/airflow/.local/lib/python3.12/site-packages/airflow/example_dags/example_setup_teardown.py
[2025-07-01T04:21:40.318+0000] {processor.py:925} INFO - DAG(s) 'example_setup_teardown' retrieved from /home/airflow/.local/lib/python3.12/site-packages/airflow/example_dags/example_setup_teardown.py
[2025-07-01T04:21:40.336+0000] {logging_mixin.py:190} INFO - [2025-07-01T04:21:40.336+0000] {dag.py:3239} INFO - Sync 1 DAGs
[2025-07-01T04:21:40.349+0000] {logging_mixin.py:190} INFO - [2025-07-01T04:21:40.349+0000] {dag.py:4180} INFO - Setting next_dagrun for example_setup_teardown to None, run_after=None
[2025-07-01T04:21:40.365+0000] {processor.py:208} INFO - Processing /home/airflow/.local/lib/python3.12/site-packages/airflow/example_dags/example_setup_teardown.py took 0.065 seconds
[2025-07-01T04:22:11.016+0000] {processor.py:186} INFO - Started process (PID=19457) to work on /home/airflow/.local/lib/python3.12/site-packages/airflow/example_dags/example_setup_teardown.py
[2025-07-01T04:22:11.017+0000] {processor.py:914} INFO - Processing file /home/airflow/.local/lib/python3.12/site-packages/airflow/example_dags/example_setup_teardown.py for tasks to queue
[2025-07-01T04:22:11.019+0000] {logging_mixin.py:190} INFO - [2025-07-01T04:22:11.019+0000] {dagbag.py:588} INFO - Filling up the DagBag from /home/airflow/.local/lib/python3.12/site-packages/airflow/example_dags/example_setup_teardown.py
[2025-07-01T04:22:11.027+0000] {processor.py:925} INFO - DAG(s) 'example_setup_teardown' retrieved from /home/airflow/.local/lib/python3.12/site-packages/airflow/example_dags/example_setup_teardown.py
[2025-07-01T04:22:11.047+0000] {logging_mixin.py:190} INFO - [2025-07-01T04:22:11.047+0000] {dag.py:3239} INFO - Sync 1 DAGs
[2025-07-01T04:22:11.061+0000] {logging_mixin.py:190} INFO - [2025-07-01T04:22:11.061+0000] {dag.py:4180} INFO - Setting next_dagrun for example_setup_teardown to None, run_after=None
[2025-07-01T04:22:11.078+0000] {processor.py:208} INFO - Processing /home/airflow/.local/lib/python3.12/site-packages/airflow/example_dags/example_setup_teardown.py took 0.068 seconds
[2025-07-01T04:22:41.578+0000] {processor.py:186} INFO - Started process (PID=19519) to work on /home/airflow/.local/lib/python3.12/site-packages/airflow/example_dags/example_setup_teardown.py
[2025-07-01T04:22:41.579+0000] {processor.py:914} INFO - Processing file /home/airflow/.local/lib/python3.12/site-packages/airflow/example_dags/example_setup_teardown.py for tasks to queue
[2025-07-01T04:22:41.582+0000] {logging_mixin.py:190} INFO - [2025-07-01T04:22:41.581+0000] {dagbag.py:588} INFO - Filling up the DagBag from /home/airflow/.local/lib/python3.12/site-packages/airflow/example_dags/example_setup_teardown.py
[2025-07-01T04:22:41.590+0000] {processor.py:925} INFO - DAG(s) 'example_setup_teardown' retrieved from /home/airflow/.local/lib/python3.12/site-packages/airflow/example_dags/example_setup_teardown.py
[2025-07-01T04:22:41.609+0000] {logging_mixin.py:190} INFO - [2025-07-01T04:22:41.609+0000] {dag.py:3239} INFO - Sync 1 DAGs
[2025-07-01T04:22:41.623+0000] {logging_mixin.py:190} INFO - [2025-07-01T04:22:41.622+0000] {dag.py:4180} INFO - Setting next_dagrun for example_setup_teardown to None, run_after=None
[2025-07-01T04:22:41.639+0000] {processor.py:208} INFO - Processing /home/airflow/.local/lib/python3.12/site-packages/airflow/example_dags/example_setup_teardown.py took 0.069 seconds
[2025-07-01T04:23:12.163+0000] {processor.py:186} INFO - Started process (PID=19581) to work on /home/airflow/.local/lib/python3.12/site-packages/airflow/example_dags/example_setup_teardown.py
[2025-07-01T04:23:12.165+0000] {processor.py:914} INFO - Processing file /home/airflow/.local/lib/python3.12/site-packages/airflow/example_dags/example_setup_teardown.py for tasks to queue
[2025-07-01T04:23:12.168+0000] {logging_mixin.py:190} INFO - [2025-07-01T04:23:12.168+0000] {dagbag.py:588} INFO - Filling up the DagBag from /home/airflow/.local/lib/python3.12/site-packages/airflow/example_dags/example_setup_teardown.py
[2025-07-01T04:23:12.176+0000] {processor.py:925} INFO - DAG(s) 'example_setup_teardown' retrieved from /home/airflow/.local/lib/python3.12/site-packages/airflow/example_dags/example_setup_teardown.py
[2025-07-01T04:23:12.195+0000] {logging_mixin.py:190} INFO - [2025-07-01T04:23:12.195+0000] {dag.py:3239} INFO - Sync 1 DAGs
[2025-07-01T04:23:12.209+0000] {logging_mixin.py:190} INFO - [2025-07-01T04:23:12.208+0000] {dag.py:4180} INFO - Setting next_dagrun for example_setup_teardown to None, run_after=None
[2025-07-01T04:23:12.226+0000] {processor.py:208} INFO - Processing /home/airflow/.local/lib/python3.12/site-packages/airflow/example_dags/example_setup_teardown.py took 0.069 seconds
[2025-07-01T04:23:43.092+0000] {processor.py:186} INFO - Started process (PID=19643) to work on /home/airflow/.local/lib/python3.12/site-packages/airflow/example_dags/example_setup_teardown.py
[2025-07-01T04:23:43.093+0000] {processor.py:914} INFO - Processing file /home/airflow/.local/lib/python3.12/site-packages/airflow/example_dags/example_setup_teardown.py for tasks to queue
[2025-07-01T04:23:43.096+0000] {logging_mixin.py:190} INFO - [2025-07-01T04:23:43.096+0000] {dagbag.py:588} INFO - Filling up the DagBag from /home/airflow/.local/lib/python3.12/site-packages/airflow/example_dags/example_setup_teardown.py
[2025-07-01T04:23:43.104+0000] {processor.py:925} INFO - DAG(s) 'example_setup_teardown' retrieved from /home/airflow/.local/lib/python3.12/site-packages/airflow/example_dags/example_setup_teardown.py
[2025-07-01T04:23:43.122+0000] {logging_mixin.py:190} INFO - [2025-07-01T04:23:43.122+0000] {dag.py:3239} INFO - Sync 1 DAGs
[2025-07-01T04:23:43.138+0000] {logging_mixin.py:190} INFO - [2025-07-01T04:23:43.137+0000] {dag.py:4180} INFO - Setting next_dagrun for example_setup_teardown to None, run_after=None
[2025-07-01T04:23:43.157+0000] {processor.py:208} INFO - Processing /home/airflow/.local/lib/python3.12/site-packages/airflow/example_dags/example_setup_teardown.py took 0.072 seconds
[2025-07-01T04:24:13.681+0000] {processor.py:186} INFO - Started process (PID=19705) to work on /home/airflow/.local/lib/python3.12/site-packages/airflow/example_dags/example_setup_teardown.py
[2025-07-01T04:24:13.682+0000] {processor.py:914} INFO - Processing file /home/airflow/.local/lib/python3.12/site-packages/airflow/example_dags/example_setup_teardown.py for tasks to queue
[2025-07-01T04:24:13.685+0000] {logging_mixin.py:190} INFO - [2025-07-01T04:24:13.685+0000] {dagbag.py:588} INFO - Filling up the DagBag from /home/airflow/.local/lib/python3.12/site-packages/airflow/example_dags/example_setup_teardown.py
[2025-07-01T04:24:13.693+0000] {processor.py:925} INFO - DAG(s) 'example_setup_teardown' retrieved from /home/airflow/.local/lib/python3.12/site-packages/airflow/example_dags/example_setup_teardown.py
[2025-07-01T04:24:13.713+0000] {logging_mixin.py:190} INFO - [2025-07-01T04:24:13.712+0000] {dag.py:3239} INFO - Sync 1 DAGs
[2025-07-01T04:24:13.726+0000] {logging_mixin.py:190} INFO - [2025-07-01T04:24:13.725+0000] {dag.py:4180} INFO - Setting next_dagrun for example_setup_teardown to None, run_after=None
[2025-07-01T04:24:13.742+0000] {processor.py:208} INFO - Processing /home/airflow/.local/lib/python3.12/site-packages/airflow/example_dags/example_setup_teardown.py took 0.067 seconds
[2025-07-01T04:24:44.347+0000] {processor.py:186} INFO - Started process (PID=19767) to work on /home/airflow/.local/lib/python3.12/site-packages/airflow/example_dags/example_setup_teardown.py
[2025-07-01T04:24:44.348+0000] {processor.py:914} INFO - Processing file /home/airflow/.local/lib/python3.12/site-packages/airflow/example_dags/example_setup_teardown.py for tasks to queue
[2025-07-01T04:24:44.351+0000] {logging_mixin.py:190} INFO - [2025-07-01T04:24:44.351+0000] {dagbag.py:588} INFO - Filling up the DagBag from /home/airflow/.local/lib/python3.12/site-packages/airflow/example_dags/example_setup_teardown.py
[2025-07-01T04:24:44.359+0000] {processor.py:925} INFO - DAG(s) 'example_setup_teardown' retrieved from /home/airflow/.local/lib/python3.12/site-packages/airflow/example_dags/example_setup_teardown.py
[2025-07-01T04:24:44.378+0000] {logging_mixin.py:190} INFO - [2025-07-01T04:24:44.377+0000] {dag.py:3239} INFO - Sync 1 DAGs
[2025-07-01T04:24:44.391+0000] {logging_mixin.py:190} INFO - [2025-07-01T04:24:44.391+0000] {dag.py:4180} INFO - Setting next_dagrun for example_setup_teardown to None, run_after=None
[2025-07-01T04:24:44.407+0000] {processor.py:208} INFO - Processing /home/airflow/.local/lib/python3.12/site-packages/airflow/example_dags/example_setup_teardown.py took 0.067 seconds
[2025-07-01T04:25:15.027+0000] {processor.py:186} INFO - Started process (PID=19830) to work on /home/airflow/.local/lib/python3.12/site-packages/airflow/example_dags/example_setup_teardown.py
[2025-07-01T04:25:15.028+0000] {processor.py:914} INFO - Processing file /home/airflow/.local/lib/python3.12/site-packages/airflow/example_dags/example_setup_teardown.py for tasks to queue
[2025-07-01T04:25:15.030+0000] {logging_mixin.py:190} INFO - [2025-07-01T04:25:15.030+0000] {dagbag.py:588} INFO - Filling up the DagBag from /home/airflow/.local/lib/python3.12/site-packages/airflow/example_dags/example_setup_teardown.py
[2025-07-01T04:25:15.038+0000] {processor.py:925} INFO - DAG(s) 'example_setup_teardown' retrieved from /home/airflow/.local/lib/python3.12/site-packages/airflow/example_dags/example_setup_teardown.py
[2025-07-01T04:25:15.055+0000] {logging_mixin.py:190} INFO - [2025-07-01T04:25:15.055+0000] {dag.py:3239} INFO - Sync 1 DAGs
[2025-07-01T04:25:15.068+0000] {logging_mixin.py:190} INFO - [2025-07-01T04:25:15.068+0000] {dag.py:4180} INFO - Setting next_dagrun for example_setup_teardown to None, run_after=None
[2025-07-01T04:25:15.083+0000] {processor.py:208} INFO - Processing /home/airflow/.local/lib/python3.12/site-packages/airflow/example_dags/example_setup_teardown.py took 0.063 seconds
[2025-07-01T04:25:45.914+0000] {processor.py:186} INFO - Started process (PID=19892) to work on /home/airflow/.local/lib/python3.12/site-packages/airflow/example_dags/example_setup_teardown.py
[2025-07-01T04:25:45.915+0000] {processor.py:914} INFO - Processing file /home/airflow/.local/lib/python3.12/site-packages/airflow/example_dags/example_setup_teardown.py for tasks to queue
[2025-07-01T04:25:45.917+0000] {logging_mixin.py:190} INFO - [2025-07-01T04:25:45.917+0000] {dagbag.py:588} INFO - Filling up the DagBag from /home/airflow/.local/lib/python3.12/site-packages/airflow/example_dags/example_setup_teardown.py
[2025-07-01T04:25:45.925+0000] {processor.py:925} INFO - DAG(s) 'example_setup_teardown' retrieved from /home/airflow/.local/lib/python3.12/site-packages/airflow/example_dags/example_setup_teardown.py
[2025-07-01T04:25:45.948+0000] {logging_mixin.py:190} INFO - [2025-07-01T04:25:45.947+0000] {dag.py:3239} INFO - Sync 1 DAGs
[2025-07-01T04:25:45.961+0000] {logging_mixin.py:190} INFO - [2025-07-01T04:25:45.961+0000] {dag.py:4180} INFO - Setting next_dagrun for example_setup_teardown to None, run_after=None
[2025-07-01T04:25:45.978+0000] {processor.py:208} INFO - Processing /home/airflow/.local/lib/python3.12/site-packages/airflow/example_dags/example_setup_teardown.py took 0.070 seconds
[2025-07-01T04:26:16.755+0000] {processor.py:186} INFO - Started process (PID=19954) to work on /home/airflow/.local/lib/python3.12/site-packages/airflow/example_dags/example_setup_teardown.py
[2025-07-01T04:26:16.756+0000] {processor.py:914} INFO - Processing file /home/airflow/.local/lib/python3.12/site-packages/airflow/example_dags/example_setup_teardown.py for tasks to queue
[2025-07-01T04:26:16.758+0000] {logging_mixin.py:190} INFO - [2025-07-01T04:26:16.758+0000] {dagbag.py:588} INFO - Filling up the DagBag from /home/airflow/.local/lib/python3.12/site-packages/airflow/example_dags/example_setup_teardown.py
[2025-07-01T04:26:16.766+0000] {processor.py:925} INFO - DAG(s) 'example_setup_teardown' retrieved from /home/airflow/.local/lib/python3.12/site-packages/airflow/example_dags/example_setup_teardown.py
[2025-07-01T04:26:16.786+0000] {logging_mixin.py:190} INFO - [2025-07-01T04:26:16.786+0000] {dag.py:3239} INFO - Sync 1 DAGs
[2025-07-01T04:26:16.800+0000] {logging_mixin.py:190} INFO - [2025-07-01T04:26:16.800+0000] {dag.py:4180} INFO - Setting next_dagrun for example_setup_teardown to None, run_after=None
[2025-07-01T04:26:16.817+0000] {processor.py:208} INFO - Processing /home/airflow/.local/lib/python3.12/site-packages/airflow/example_dags/example_setup_teardown.py took 0.069 seconds
[2025-07-01T04:26:47.529+0000] {processor.py:186} INFO - Started process (PID=20016) to work on /home/airflow/.local/lib/python3.12/site-packages/airflow/example_dags/example_setup_teardown.py
[2025-07-01T04:26:47.531+0000] {processor.py:914} INFO - Processing file /home/airflow/.local/lib/python3.12/site-packages/airflow/example_dags/example_setup_teardown.py for tasks to queue
[2025-07-01T04:26:47.533+0000] {logging_mixin.py:190} INFO - [2025-07-01T04:26:47.533+0000] {dagbag.py:588} INFO - Filling up the DagBag from /home/airflow/.local/lib/python3.12/site-packages/airflow/example_dags/example_setup_teardown.py
[2025-07-01T04:26:47.541+0000] {processor.py:925} INFO - DAG(s) 'example_setup_teardown' retrieved from /home/airflow/.local/lib/python3.12/site-packages/airflow/example_dags/example_setup_teardown.py
[2025-07-01T04:26:47.566+0000] {logging_mixin.py:190} INFO - [2025-07-01T04:26:47.566+0000] {dag.py:3239} INFO - Sync 1 DAGs
[2025-07-01T04:26:47.583+0000] {logging_mixin.py:190} INFO - [2025-07-01T04:26:47.583+0000] {dag.py:4180} INFO - Setting next_dagrun for example_setup_teardown to None, run_after=None
[2025-07-01T04:26:47.613+0000] {processor.py:208} INFO - Processing /home/airflow/.local/lib/python3.12/site-packages/airflow/example_dags/example_setup_teardown.py took 0.090 seconds
[2025-07-01T04:27:18.337+0000] {processor.py:186} INFO - Started process (PID=20078) to work on /home/airflow/.local/lib/python3.12/site-packages/airflow/example_dags/example_setup_teardown.py
[2025-07-01T04:27:18.338+0000] {processor.py:914} INFO - Processing file /home/airflow/.local/lib/python3.12/site-packages/airflow/example_dags/example_setup_teardown.py for tasks to queue
[2025-07-01T04:27:18.341+0000] {logging_mixin.py:190} INFO - [2025-07-01T04:27:18.340+0000] {dagbag.py:588} INFO - Filling up the DagBag from /home/airflow/.local/lib/python3.12/site-packages/airflow/example_dags/example_setup_teardown.py
[2025-07-01T04:27:18.349+0000] {processor.py:925} INFO - DAG(s) 'example_setup_teardown' retrieved from /home/airflow/.local/lib/python3.12/site-packages/airflow/example_dags/example_setup_teardown.py
[2025-07-01T04:27:18.367+0000] {logging_mixin.py:190} INFO - [2025-07-01T04:27:18.367+0000] {dag.py:3239} INFO - Sync 1 DAGs
[2025-07-01T04:27:18.380+0000] {logging_mixin.py:190} INFO - [2025-07-01T04:27:18.380+0000] {dag.py:4180} INFO - Setting next_dagrun for example_setup_teardown to None, run_after=None
[2025-07-01T04:27:18.397+0000] {processor.py:208} INFO - Processing /home/airflow/.local/lib/python3.12/site-packages/airflow/example_dags/example_setup_teardown.py took 0.065 seconds
[2025-07-01T04:27:48.910+0000] {processor.py:186} INFO - Started process (PID=20140) to work on /home/airflow/.local/lib/python3.12/site-packages/airflow/example_dags/example_setup_teardown.py
[2025-07-01T04:27:48.911+0000] {processor.py:914} INFO - Processing file /home/airflow/.local/lib/python3.12/site-packages/airflow/example_dags/example_setup_teardown.py for tasks to queue
[2025-07-01T04:27:48.913+0000] {logging_mixin.py:190} INFO - [2025-07-01T04:27:48.913+0000] {dagbag.py:588} INFO - Filling up the DagBag from /home/airflow/.local/lib/python3.12/site-packages/airflow/example_dags/example_setup_teardown.py
[2025-07-01T04:27:48.921+0000] {processor.py:925} INFO - DAG(s) 'example_setup_teardown' retrieved from /home/airflow/.local/lib/python3.12/site-packages/airflow/example_dags/example_setup_teardown.py
[2025-07-01T04:27:48.940+0000] {logging_mixin.py:190} INFO - [2025-07-01T04:27:48.940+0000] {dag.py:3239} INFO - Sync 1 DAGs
[2025-07-01T04:27:48.954+0000] {logging_mixin.py:190} INFO - [2025-07-01T04:27:48.954+0000] {dag.py:4180} INFO - Setting next_dagrun for example_setup_teardown to None, run_after=None
[2025-07-01T04:27:48.972+0000] {processor.py:208} INFO - Processing /home/airflow/.local/lib/python3.12/site-packages/airflow/example_dags/example_setup_teardown.py took 0.068 seconds
[2025-07-01T04:28:19.485+0000] {processor.py:186} INFO - Started process (PID=20202) to work on /home/airflow/.local/lib/python3.12/site-packages/airflow/example_dags/example_setup_teardown.py
[2025-07-01T04:28:19.486+0000] {processor.py:914} INFO - Processing file /home/airflow/.local/lib/python3.12/site-packages/airflow/example_dags/example_setup_teardown.py for tasks to queue
[2025-07-01T04:28:19.489+0000] {logging_mixin.py:190} INFO - [2025-07-01T04:28:19.489+0000] {dagbag.py:588} INFO - Filling up the DagBag from /home/airflow/.local/lib/python3.12/site-packages/airflow/example_dags/example_setup_teardown.py
[2025-07-01T04:28:19.499+0000] {processor.py:925} INFO - DAG(s) 'example_setup_teardown' retrieved from /home/airflow/.local/lib/python3.12/site-packages/airflow/example_dags/example_setup_teardown.py
[2025-07-01T04:28:19.517+0000] {logging_mixin.py:190} INFO - [2025-07-01T04:28:19.517+0000] {dag.py:3239} INFO - Sync 1 DAGs
[2025-07-01T04:28:19.531+0000] {logging_mixin.py:190} INFO - [2025-07-01T04:28:19.530+0000] {dag.py:4180} INFO - Setting next_dagrun for example_setup_teardown to None, run_after=None
[2025-07-01T04:28:19.548+0000] {processor.py:208} INFO - Processing /home/airflow/.local/lib/python3.12/site-packages/airflow/example_dags/example_setup_teardown.py took 0.069 seconds
[2025-07-01T04:28:50.265+0000] {processor.py:186} INFO - Started process (PID=20264) to work on /home/airflow/.local/lib/python3.12/site-packages/airflow/example_dags/example_setup_teardown.py
[2025-07-01T04:28:50.266+0000] {processor.py:914} INFO - Processing file /home/airflow/.local/lib/python3.12/site-packages/airflow/example_dags/example_setup_teardown.py for tasks to queue
[2025-07-01T04:28:50.269+0000] {logging_mixin.py:190} INFO - [2025-07-01T04:28:50.268+0000] {dagbag.py:588} INFO - Filling up the DagBag from /home/airflow/.local/lib/python3.12/site-packages/airflow/example_dags/example_setup_teardown.py
[2025-07-01T04:28:50.277+0000] {processor.py:925} INFO - DAG(s) 'example_setup_teardown' retrieved from /home/airflow/.local/lib/python3.12/site-packages/airflow/example_dags/example_setup_teardown.py
[2025-07-01T04:28:50.296+0000] {logging_mixin.py:190} INFO - [2025-07-01T04:28:50.295+0000] {dag.py:3239} INFO - Sync 1 DAGs
[2025-07-01T04:28:50.309+0000] {logging_mixin.py:190} INFO - [2025-07-01T04:28:50.308+0000] {dag.py:4180} INFO - Setting next_dagrun for example_setup_teardown to None, run_after=None
[2025-07-01T04:28:50.325+0000] {processor.py:208} INFO - Processing /home/airflow/.local/lib/python3.12/site-packages/airflow/example_dags/example_setup_teardown.py took 0.066 seconds
[2025-07-01T04:29:20.966+0000] {processor.py:186} INFO - Started process (PID=20326) to work on /home/airflow/.local/lib/python3.12/site-packages/airflow/example_dags/example_setup_teardown.py
[2025-07-01T04:29:20.967+0000] {processor.py:914} INFO - Processing file /home/airflow/.local/lib/python3.12/site-packages/airflow/example_dags/example_setup_teardown.py for tasks to queue
[2025-07-01T04:29:20.970+0000] {logging_mixin.py:190} INFO - [2025-07-01T04:29:20.970+0000] {dagbag.py:588} INFO - Filling up the DagBag from /home/airflow/.local/lib/python3.12/site-packages/airflow/example_dags/example_setup_teardown.py
[2025-07-01T04:29:20.978+0000] {processor.py:925} INFO - DAG(s) 'example_setup_teardown' retrieved from /home/airflow/.local/lib/python3.12/site-packages/airflow/example_dags/example_setup_teardown.py
[2025-07-01T04:29:20.996+0000] {logging_mixin.py:190} INFO - [2025-07-01T04:29:20.996+0000] {dag.py:3239} INFO - Sync 1 DAGs
[2025-07-01T04:29:21.009+0000] {logging_mixin.py:190} INFO - [2025-07-01T04:29:21.009+0000] {dag.py:4180} INFO - Setting next_dagrun for example_setup_teardown to None, run_after=None
[2025-07-01T04:29:21.024+0000] {processor.py:208} INFO - Processing /home/airflow/.local/lib/python3.12/site-packages/airflow/example_dags/example_setup_teardown.py took 0.065 seconds
[2025-07-01T04:29:51.707+0000] {processor.py:186} INFO - Started process (PID=20388) to work on /home/airflow/.local/lib/python3.12/site-packages/airflow/example_dags/example_setup_teardown.py
[2025-07-01T04:29:51.708+0000] {processor.py:914} INFO - Processing file /home/airflow/.local/lib/python3.12/site-packages/airflow/example_dags/example_setup_teardown.py for tasks to queue
[2025-07-01T04:29:51.711+0000] {logging_mixin.py:190} INFO - [2025-07-01T04:29:51.710+0000] {dagbag.py:588} INFO - Filling up the DagBag from /home/airflow/.local/lib/python3.12/site-packages/airflow/example_dags/example_setup_teardown.py
[2025-07-01T04:29:51.718+0000] {processor.py:925} INFO - DAG(s) 'example_setup_teardown' retrieved from /home/airflow/.local/lib/python3.12/site-packages/airflow/example_dags/example_setup_teardown.py
[2025-07-01T04:29:51.737+0000] {logging_mixin.py:190} INFO - [2025-07-01T04:29:51.737+0000] {dag.py:3239} INFO - Sync 1 DAGs
[2025-07-01T04:29:51.750+0000] {logging_mixin.py:190} INFO - [2025-07-01T04:29:51.750+0000] {dag.py:4180} INFO - Setting next_dagrun for example_setup_teardown to None, run_after=None
[2025-07-01T04:29:51.767+0000] {processor.py:208} INFO - Processing /home/airflow/.local/lib/python3.12/site-packages/airflow/example_dags/example_setup_teardown.py took 0.066 seconds
[2025-07-01T04:30:22.693+0000] {processor.py:186} INFO - Started process (PID=20450) to work on /home/airflow/.local/lib/python3.12/site-packages/airflow/example_dags/example_setup_teardown.py
[2025-07-01T04:30:22.694+0000] {processor.py:914} INFO - Processing file /home/airflow/.local/lib/python3.12/site-packages/airflow/example_dags/example_setup_teardown.py for tasks to queue
[2025-07-01T04:30:22.697+0000] {logging_mixin.py:190} INFO - [2025-07-01T04:30:22.696+0000] {dagbag.py:588} INFO - Filling up the DagBag from /home/airflow/.local/lib/python3.12/site-packages/airflow/example_dags/example_setup_teardown.py
[2025-07-01T04:30:22.704+0000] {processor.py:925} INFO - DAG(s) 'example_setup_teardown' retrieved from /home/airflow/.local/lib/python3.12/site-packages/airflow/example_dags/example_setup_teardown.py
[2025-07-01T04:30:22.723+0000] {logging_mixin.py:190} INFO - [2025-07-01T04:30:22.723+0000] {dag.py:3239} INFO - Sync 1 DAGs
[2025-07-01T04:30:22.736+0000] {logging_mixin.py:190} INFO - [2025-07-01T04:30:22.736+0000] {dag.py:4180} INFO - Setting next_dagrun for example_setup_teardown to None, run_after=None
[2025-07-01T04:30:22.753+0000] {processor.py:208} INFO - Processing /home/airflow/.local/lib/python3.12/site-packages/airflow/example_dags/example_setup_teardown.py took 0.065 seconds
[2025-07-01T04:30:53.717+0000] {processor.py:186} INFO - Started process (PID=20512) to work on /home/airflow/.local/lib/python3.12/site-packages/airflow/example_dags/example_setup_teardown.py
[2025-07-01T04:30:53.718+0000] {processor.py:914} INFO - Processing file /home/airflow/.local/lib/python3.12/site-packages/airflow/example_dags/example_setup_teardown.py for tasks to queue
[2025-07-01T04:30:53.720+0000] {logging_mixin.py:190} INFO - [2025-07-01T04:30:53.720+0000] {dagbag.py:588} INFO - Filling up the DagBag from /home/airflow/.local/lib/python3.12/site-packages/airflow/example_dags/example_setup_teardown.py
[2025-07-01T04:30:53.734+0000] {processor.py:925} INFO - DAG(s) 'example_setup_teardown' retrieved from /home/airflow/.local/lib/python3.12/site-packages/airflow/example_dags/example_setup_teardown.py
[2025-07-01T04:30:53.758+0000] {logging_mixin.py:190} INFO - [2025-07-01T04:30:53.758+0000] {dag.py:3239} INFO - Sync 1 DAGs
[2025-07-01T04:30:53.772+0000] {logging_mixin.py:190} INFO - [2025-07-01T04:30:53.772+0000] {dag.py:4180} INFO - Setting next_dagrun for example_setup_teardown to None, run_after=None
[2025-07-01T04:30:53.789+0000] {processor.py:208} INFO - Processing /home/airflow/.local/lib/python3.12/site-packages/airflow/example_dags/example_setup_teardown.py took 0.079 seconds
[2025-07-01T04:31:24.448+0000] {processor.py:186} INFO - Started process (PID=20580) to work on /home/airflow/.local/lib/python3.12/site-packages/airflow/example_dags/example_setup_teardown.py
[2025-07-01T04:31:24.449+0000] {processor.py:914} INFO - Processing file /home/airflow/.local/lib/python3.12/site-packages/airflow/example_dags/example_setup_teardown.py for tasks to queue
[2025-07-01T04:31:24.452+0000] {logging_mixin.py:190} INFO - [2025-07-01T04:31:24.451+0000] {dagbag.py:588} INFO - Filling up the DagBag from /home/airflow/.local/lib/python3.12/site-packages/airflow/example_dags/example_setup_teardown.py
[2025-07-01T04:31:24.460+0000] {processor.py:925} INFO - DAG(s) 'example_setup_teardown' retrieved from /home/airflow/.local/lib/python3.12/site-packages/airflow/example_dags/example_setup_teardown.py
[2025-07-01T04:31:24.478+0000] {logging_mixin.py:190} INFO - [2025-07-01T04:31:24.478+0000] {dag.py:3239} INFO - Sync 1 DAGs
[2025-07-01T04:31:24.492+0000] {logging_mixin.py:190} INFO - [2025-07-01T04:31:24.491+0000] {dag.py:4180} INFO - Setting next_dagrun for example_setup_teardown to None, run_after=None
[2025-07-01T04:31:24.508+0000] {processor.py:208} INFO - Processing /home/airflow/.local/lib/python3.12/site-packages/airflow/example_dags/example_setup_teardown.py took 0.066 seconds
[2025-07-01T04:31:55.017+0000] {processor.py:186} INFO - Started process (PID=20642) to work on /home/airflow/.local/lib/python3.12/site-packages/airflow/example_dags/example_setup_teardown.py
[2025-07-01T04:31:55.018+0000] {processor.py:914} INFO - Processing file /home/airflow/.local/lib/python3.12/site-packages/airflow/example_dags/example_setup_teardown.py for tasks to queue
[2025-07-01T04:31:55.021+0000] {logging_mixin.py:190} INFO - [2025-07-01T04:31:55.021+0000] {dagbag.py:588} INFO - Filling up the DagBag from /home/airflow/.local/lib/python3.12/site-packages/airflow/example_dags/example_setup_teardown.py
[2025-07-01T04:31:55.030+0000] {processor.py:925} INFO - DAG(s) 'example_setup_teardown' retrieved from /home/airflow/.local/lib/python3.12/site-packages/airflow/example_dags/example_setup_teardown.py
[2025-07-01T04:31:55.049+0000] {logging_mixin.py:190} INFO - [2025-07-01T04:31:55.049+0000] {dag.py:3239} INFO - Sync 1 DAGs
[2025-07-01T04:31:55.063+0000] {logging_mixin.py:190} INFO - [2025-07-01T04:31:55.063+0000] {dag.py:4180} INFO - Setting next_dagrun for example_setup_teardown to None, run_after=None
[2025-07-01T04:31:55.079+0000] {processor.py:208} INFO - Processing /home/airflow/.local/lib/python3.12/site-packages/airflow/example_dags/example_setup_teardown.py took 0.068 seconds
[2025-07-01T04:32:25.810+0000] {processor.py:186} INFO - Started process (PID=20704) to work on /home/airflow/.local/lib/python3.12/site-packages/airflow/example_dags/example_setup_teardown.py
[2025-07-01T04:32:25.812+0000] {processor.py:914} INFO - Processing file /home/airflow/.local/lib/python3.12/site-packages/airflow/example_dags/example_setup_teardown.py for tasks to queue
[2025-07-01T04:32:25.816+0000] {logging_mixin.py:190} INFO - [2025-07-01T04:32:25.815+0000] {dagbag.py:588} INFO - Filling up the DagBag from /home/airflow/.local/lib/python3.12/site-packages/airflow/example_dags/example_setup_teardown.py
[2025-07-01T04:32:25.826+0000] {processor.py:925} INFO - DAG(s) 'example_setup_teardown' retrieved from /home/airflow/.local/lib/python3.12/site-packages/airflow/example_dags/example_setup_teardown.py
[2025-07-01T04:32:25.848+0000] {logging_mixin.py:190} INFO - [2025-07-01T04:32:25.848+0000] {dag.py:3239} INFO - Sync 1 DAGs
[2025-07-01T04:32:25.862+0000] {logging_mixin.py:190} INFO - [2025-07-01T04:32:25.862+0000] {dag.py:4180} INFO - Setting next_dagrun for example_setup_teardown to None, run_after=None
[2025-07-01T04:32:25.876+0000] {processor.py:208} INFO - Processing /home/airflow/.local/lib/python3.12/site-packages/airflow/example_dags/example_setup_teardown.py took 0.078 seconds
[2025-07-01T04:32:56.536+0000] {processor.py:186} INFO - Started process (PID=20766) to work on /home/airflow/.local/lib/python3.12/site-packages/airflow/example_dags/example_setup_teardown.py
[2025-07-01T04:32:56.537+0000] {processor.py:914} INFO - Processing file /home/airflow/.local/lib/python3.12/site-packages/airflow/example_dags/example_setup_teardown.py for tasks to queue
[2025-07-01T04:32:56.539+0000] {logging_mixin.py:190} INFO - [2025-07-01T04:32:56.539+0000] {dagbag.py:588} INFO - Filling up the DagBag from /home/airflow/.local/lib/python3.12/site-packages/airflow/example_dags/example_setup_teardown.py
[2025-07-01T04:32:56.548+0000] {processor.py:925} INFO - DAG(s) 'example_setup_teardown' retrieved from /home/airflow/.local/lib/python3.12/site-packages/airflow/example_dags/example_setup_teardown.py
[2025-07-01T04:32:56.566+0000] {logging_mixin.py:190} INFO - [2025-07-01T04:32:56.566+0000] {dag.py:3239} INFO - Sync 1 DAGs
[2025-07-01T04:32:56.580+0000] {logging_mixin.py:190} INFO - [2025-07-01T04:32:56.580+0000] {dag.py:4180} INFO - Setting next_dagrun for example_setup_teardown to None, run_after=None
[2025-07-01T04:32:56.595+0000] {processor.py:208} INFO - Processing /home/airflow/.local/lib/python3.12/site-packages/airflow/example_dags/example_setup_teardown.py took 0.066 seconds
[2025-07-01T04:33:27.134+0000] {processor.py:186} INFO - Started process (PID=20828) to work on /home/airflow/.local/lib/python3.12/site-packages/airflow/example_dags/example_setup_teardown.py
[2025-07-01T04:33:27.135+0000] {processor.py:914} INFO - Processing file /home/airflow/.local/lib/python3.12/site-packages/airflow/example_dags/example_setup_teardown.py for tasks to queue
[2025-07-01T04:33:27.137+0000] {logging_mixin.py:190} INFO - [2025-07-01T04:33:27.137+0000] {dagbag.py:588} INFO - Filling up the DagBag from /home/airflow/.local/lib/python3.12/site-packages/airflow/example_dags/example_setup_teardown.py
[2025-07-01T04:33:27.145+0000] {processor.py:925} INFO - DAG(s) 'example_setup_teardown' retrieved from /home/airflow/.local/lib/python3.12/site-packages/airflow/example_dags/example_setup_teardown.py
[2025-07-01T04:33:27.164+0000] {logging_mixin.py:190} INFO - [2025-07-01T04:33:27.163+0000] {dag.py:3239} INFO - Sync 1 DAGs
[2025-07-01T04:33:27.177+0000] {logging_mixin.py:190} INFO - [2025-07-01T04:33:27.176+0000] {dag.py:4180} INFO - Setting next_dagrun for example_setup_teardown to None, run_after=None
[2025-07-01T04:33:27.193+0000] {processor.py:208} INFO - Processing /home/airflow/.local/lib/python3.12/site-packages/airflow/example_dags/example_setup_teardown.py took 0.064 seconds
[2025-07-01T04:33:57.867+0000] {processor.py:186} INFO - Started process (PID=20890) to work on /home/airflow/.local/lib/python3.12/site-packages/airflow/example_dags/example_setup_teardown.py
[2025-07-01T04:33:57.868+0000] {processor.py:914} INFO - Processing file /home/airflow/.local/lib/python3.12/site-packages/airflow/example_dags/example_setup_teardown.py for tasks to queue
[2025-07-01T04:33:57.870+0000] {logging_mixin.py:190} INFO - [2025-07-01T04:33:57.870+0000] {dagbag.py:588} INFO - Filling up the DagBag from /home/airflow/.local/lib/python3.12/site-packages/airflow/example_dags/example_setup_teardown.py
[2025-07-01T04:33:57.878+0000] {processor.py:925} INFO - DAG(s) 'example_setup_teardown' retrieved from /home/airflow/.local/lib/python3.12/site-packages/airflow/example_dags/example_setup_teardown.py
[2025-07-01T04:33:57.897+0000] {logging_mixin.py:190} INFO - [2025-07-01T04:33:57.896+0000] {dag.py:3239} INFO - Sync 1 DAGs
[2025-07-01T04:33:57.910+0000] {logging_mixin.py:190} INFO - [2025-07-01T04:33:57.909+0000] {dag.py:4180} INFO - Setting next_dagrun for example_setup_teardown to None, run_after=None
[2025-07-01T04:33:57.931+0000] {processor.py:208} INFO - Processing /home/airflow/.local/lib/python3.12/site-packages/airflow/example_dags/example_setup_teardown.py took 0.069 seconds
[2025-07-01T04:34:28.566+0000] {processor.py:186} INFO - Started process (PID=20952) to work on /home/airflow/.local/lib/python3.12/site-packages/airflow/example_dags/example_setup_teardown.py
[2025-07-01T04:34:28.567+0000] {processor.py:914} INFO - Processing file /home/airflow/.local/lib/python3.12/site-packages/airflow/example_dags/example_setup_teardown.py for tasks to queue
[2025-07-01T04:34:28.570+0000] {logging_mixin.py:190} INFO - [2025-07-01T04:34:28.569+0000] {dagbag.py:588} INFO - Filling up the DagBag from /home/airflow/.local/lib/python3.12/site-packages/airflow/example_dags/example_setup_teardown.py
[2025-07-01T04:34:28.581+0000] {processor.py:925} INFO - DAG(s) 'example_setup_teardown' retrieved from /home/airflow/.local/lib/python3.12/site-packages/airflow/example_dags/example_setup_teardown.py
[2025-07-01T04:34:28.599+0000] {logging_mixin.py:190} INFO - [2025-07-01T04:34:28.598+0000] {dag.py:3239} INFO - Sync 1 DAGs
[2025-07-01T04:34:28.612+0000] {logging_mixin.py:190} INFO - [2025-07-01T04:34:28.612+0000] {dag.py:4180} INFO - Setting next_dagrun for example_setup_teardown to None, run_after=None
[2025-07-01T04:34:28.627+0000] {processor.py:208} INFO - Processing /home/airflow/.local/lib/python3.12/site-packages/airflow/example_dags/example_setup_teardown.py took 0.067 seconds
[2025-07-01T04:34:59.343+0000] {processor.py:186} INFO - Started process (PID=21014) to work on /home/airflow/.local/lib/python3.12/site-packages/airflow/example_dags/example_setup_teardown.py
[2025-07-01T04:34:59.344+0000] {processor.py:914} INFO - Processing file /home/airflow/.local/lib/python3.12/site-packages/airflow/example_dags/example_setup_teardown.py for tasks to queue
[2025-07-01T04:34:59.347+0000] {logging_mixin.py:190} INFO - [2025-07-01T04:34:59.347+0000] {dagbag.py:588} INFO - Filling up the DagBag from /home/airflow/.local/lib/python3.12/site-packages/airflow/example_dags/example_setup_teardown.py
[2025-07-01T04:34:59.357+0000] {processor.py:925} INFO - DAG(s) 'example_setup_teardown' retrieved from /home/airflow/.local/lib/python3.12/site-packages/airflow/example_dags/example_setup_teardown.py
[2025-07-01T04:34:59.376+0000] {logging_mixin.py:190} INFO - [2025-07-01T04:34:59.376+0000] {dag.py:3239} INFO - Sync 1 DAGs
[2025-07-01T04:34:59.390+0000] {logging_mixin.py:190} INFO - [2025-07-01T04:34:59.390+0000] {dag.py:4180} INFO - Setting next_dagrun for example_setup_teardown to None, run_after=None
[2025-07-01T04:34:59.408+0000] {processor.py:208} INFO - Processing /home/airflow/.local/lib/python3.12/site-packages/airflow/example_dags/example_setup_teardown.py took 0.071 seconds
[2025-07-01T04:35:29.899+0000] {processor.py:186} INFO - Started process (PID=21076) to work on /home/airflow/.local/lib/python3.12/site-packages/airflow/example_dags/example_setup_teardown.py
[2025-07-01T04:35:29.900+0000] {processor.py:914} INFO - Processing file /home/airflow/.local/lib/python3.12/site-packages/airflow/example_dags/example_setup_teardown.py for tasks to queue
[2025-07-01T04:35:29.903+0000] {logging_mixin.py:190} INFO - [2025-07-01T04:35:29.903+0000] {dagbag.py:588} INFO - Filling up the DagBag from /home/airflow/.local/lib/python3.12/site-packages/airflow/example_dags/example_setup_teardown.py
[2025-07-01T04:35:29.912+0000] {processor.py:925} INFO - DAG(s) 'example_setup_teardown' retrieved from /home/airflow/.local/lib/python3.12/site-packages/airflow/example_dags/example_setup_teardown.py
[2025-07-01T04:35:29.931+0000] {logging_mixin.py:190} INFO - [2025-07-01T04:35:29.930+0000] {dag.py:3239} INFO - Sync 1 DAGs
[2025-07-01T04:35:29.944+0000] {logging_mixin.py:190} INFO - [2025-07-01T04:35:29.944+0000] {dag.py:4180} INFO - Setting next_dagrun for example_setup_teardown to None, run_after=None
[2025-07-01T04:35:29.960+0000] {processor.py:208} INFO - Processing /home/airflow/.local/lib/python3.12/site-packages/airflow/example_dags/example_setup_teardown.py took 0.067 seconds
[2025-07-01T04:36:00.273+0000] {processor.py:186} INFO - Started process (PID=21138) to work on /home/airflow/.local/lib/python3.12/site-packages/airflow/example_dags/example_setup_teardown.py
[2025-07-01T04:36:00.275+0000] {processor.py:914} INFO - Processing file /home/airflow/.local/lib/python3.12/site-packages/airflow/example_dags/example_setup_teardown.py for tasks to queue
[2025-07-01T04:36:00.279+0000] {logging_mixin.py:190} INFO - [2025-07-01T04:36:00.278+0000] {dagbag.py:588} INFO - Filling up the DagBag from /home/airflow/.local/lib/python3.12/site-packages/airflow/example_dags/example_setup_teardown.py
[2025-07-01T04:36:00.288+0000] {processor.py:925} INFO - DAG(s) 'example_setup_teardown' retrieved from /home/airflow/.local/lib/python3.12/site-packages/airflow/example_dags/example_setup_teardown.py
[2025-07-01T04:36:00.307+0000] {logging_mixin.py:190} INFO - [2025-07-01T04:36:00.306+0000] {dag.py:3239} INFO - Sync 1 DAGs
[2025-07-01T04:36:00.320+0000] {logging_mixin.py:190} INFO - [2025-07-01T04:36:00.319+0000] {dag.py:4180} INFO - Setting next_dagrun for example_setup_teardown to None, run_after=None
[2025-07-01T04:36:00.336+0000] {processor.py:208} INFO - Processing /home/airflow/.local/lib/python3.12/site-packages/airflow/example_dags/example_setup_teardown.py took 0.070 seconds
[2025-07-01T04:36:30.963+0000] {processor.py:186} INFO - Started process (PID=21200) to work on /home/airflow/.local/lib/python3.12/site-packages/airflow/example_dags/example_setup_teardown.py
[2025-07-01T04:36:30.964+0000] {processor.py:914} INFO - Processing file /home/airflow/.local/lib/python3.12/site-packages/airflow/example_dags/example_setup_teardown.py for tasks to queue
[2025-07-01T04:36:30.967+0000] {logging_mixin.py:190} INFO - [2025-07-01T04:36:30.966+0000] {dagbag.py:588} INFO - Filling up the DagBag from /home/airflow/.local/lib/python3.12/site-packages/airflow/example_dags/example_setup_teardown.py
[2025-07-01T04:36:30.976+0000] {processor.py:925} INFO - DAG(s) 'example_setup_teardown' retrieved from /home/airflow/.local/lib/python3.12/site-packages/airflow/example_dags/example_setup_teardown.py
[2025-07-01T04:36:30.996+0000] {logging_mixin.py:190} INFO - [2025-07-01T04:36:30.995+0000] {dag.py:3239} INFO - Sync 1 DAGs
[2025-07-01T04:36:31.010+0000] {logging_mixin.py:190} INFO - [2025-07-01T04:36:31.010+0000] {dag.py:4180} INFO - Setting next_dagrun for example_setup_teardown to None, run_after=None
[2025-07-01T04:36:31.027+0000] {processor.py:208} INFO - Processing /home/airflow/.local/lib/python3.12/site-packages/airflow/example_dags/example_setup_teardown.py took 0.071 seconds
[2025-07-01T04:37:02.013+0000] {processor.py:186} INFO - Started process (PID=21262) to work on /home/airflow/.local/lib/python3.12/site-packages/airflow/example_dags/example_setup_teardown.py
[2025-07-01T04:37:02.014+0000] {processor.py:914} INFO - Processing file /home/airflow/.local/lib/python3.12/site-packages/airflow/example_dags/example_setup_teardown.py for tasks to queue
[2025-07-01T04:37:02.017+0000] {logging_mixin.py:190} INFO - [2025-07-01T04:37:02.016+0000] {dagbag.py:588} INFO - Filling up the DagBag from /home/airflow/.local/lib/python3.12/site-packages/airflow/example_dags/example_setup_teardown.py
[2025-07-01T04:37:02.025+0000] {processor.py:925} INFO - DAG(s) 'example_setup_teardown' retrieved from /home/airflow/.local/lib/python3.12/site-packages/airflow/example_dags/example_setup_teardown.py
[2025-07-01T04:37:02.044+0000] {logging_mixin.py:190} INFO - [2025-07-01T04:37:02.043+0000] {dag.py:3239} INFO - Sync 1 DAGs
[2025-07-01T04:37:02.060+0000] {logging_mixin.py:190} INFO - [2025-07-01T04:37:02.059+0000] {dag.py:4180} INFO - Setting next_dagrun for example_setup_teardown to None, run_after=None
[2025-07-01T04:37:02.080+0000] {processor.py:208} INFO - Processing /home/airflow/.local/lib/python3.12/site-packages/airflow/example_dags/example_setup_teardown.py took 0.073 seconds
[2025-07-01T04:37:32.791+0000] {processor.py:186} INFO - Started process (PID=21324) to work on /home/airflow/.local/lib/python3.12/site-packages/airflow/example_dags/example_setup_teardown.py
[2025-07-01T04:37:32.792+0000] {processor.py:914} INFO - Processing file /home/airflow/.local/lib/python3.12/site-packages/airflow/example_dags/example_setup_teardown.py for tasks to queue
[2025-07-01T04:37:32.795+0000] {logging_mixin.py:190} INFO - [2025-07-01T04:37:32.795+0000] {dagbag.py:588} INFO - Filling up the DagBag from /home/airflow/.local/lib/python3.12/site-packages/airflow/example_dags/example_setup_teardown.py
[2025-07-01T04:37:32.804+0000] {processor.py:925} INFO - DAG(s) 'example_setup_teardown' retrieved from /home/airflow/.local/lib/python3.12/site-packages/airflow/example_dags/example_setup_teardown.py
[2025-07-01T04:37:32.824+0000] {logging_mixin.py:190} INFO - [2025-07-01T04:37:32.824+0000] {dag.py:3239} INFO - Sync 1 DAGs
[2025-07-01T04:37:32.837+0000] {logging_mixin.py:190} INFO - [2025-07-01T04:37:32.837+0000] {dag.py:4180} INFO - Setting next_dagrun for example_setup_teardown to None, run_after=None
[2025-07-01T04:37:32.861+0000] {processor.py:208} INFO - Processing /home/airflow/.local/lib/python3.12/site-packages/airflow/example_dags/example_setup_teardown.py took 0.077 seconds
[2025-07-01T04:38:03.025+0000] {processor.py:186} INFO - Started process (PID=21386) to work on /home/airflow/.local/lib/python3.12/site-packages/airflow/example_dags/example_setup_teardown.py
[2025-07-01T04:38:03.026+0000] {processor.py:914} INFO - Processing file /home/airflow/.local/lib/python3.12/site-packages/airflow/example_dags/example_setup_teardown.py for tasks to queue
[2025-07-01T04:38:03.030+0000] {logging_mixin.py:190} INFO - [2025-07-01T04:38:03.029+0000] {dagbag.py:588} INFO - Filling up the DagBag from /home/airflow/.local/lib/python3.12/site-packages/airflow/example_dags/example_setup_teardown.py
[2025-07-01T04:38:03.038+0000] {processor.py:925} INFO - DAG(s) 'example_setup_teardown' retrieved from /home/airflow/.local/lib/python3.12/site-packages/airflow/example_dags/example_setup_teardown.py
[2025-07-01T04:38:03.055+0000] {logging_mixin.py:190} INFO - [2025-07-01T04:38:03.055+0000] {dag.py:3239} INFO - Sync 1 DAGs
[2025-07-01T04:38:03.067+0000] {logging_mixin.py:190} INFO - [2025-07-01T04:38:03.067+0000] {dag.py:4180} INFO - Setting next_dagrun for example_setup_teardown to None, run_after=None
[2025-07-01T04:38:03.082+0000] {processor.py:208} INFO - Processing /home/airflow/.local/lib/python3.12/site-packages/airflow/example_dags/example_setup_teardown.py took 0.063 seconds
[2025-07-01T04:38:33.569+0000] {processor.py:186} INFO - Started process (PID=21448) to work on /home/airflow/.local/lib/python3.12/site-packages/airflow/example_dags/example_setup_teardown.py
[2025-07-01T04:38:33.570+0000] {processor.py:914} INFO - Processing file /home/airflow/.local/lib/python3.12/site-packages/airflow/example_dags/example_setup_teardown.py for tasks to queue
[2025-07-01T04:38:33.572+0000] {logging_mixin.py:190} INFO - [2025-07-01T04:38:33.571+0000] {dagbag.py:588} INFO - Filling up the DagBag from /home/airflow/.local/lib/python3.12/site-packages/airflow/example_dags/example_setup_teardown.py
[2025-07-01T04:38:33.579+0000] {processor.py:925} INFO - DAG(s) 'example_setup_teardown' retrieved from /home/airflow/.local/lib/python3.12/site-packages/airflow/example_dags/example_setup_teardown.py
[2025-07-01T04:38:33.600+0000] {logging_mixin.py:190} INFO - [2025-07-01T04:38:33.600+0000] {dag.py:3239} INFO - Sync 1 DAGs
[2025-07-01T04:38:33.617+0000] {logging_mixin.py:190} INFO - [2025-07-01T04:38:33.617+0000] {dag.py:4180} INFO - Setting next_dagrun for example_setup_teardown to None, run_after=None
[2025-07-01T04:38:33.633+0000] {processor.py:208} INFO - Processing /home/airflow/.local/lib/python3.12/site-packages/airflow/example_dags/example_setup_teardown.py took 0.071 seconds
[2025-07-01T04:39:04.070+0000] {processor.py:186} INFO - Started process (PID=21510) to work on /home/airflow/.local/lib/python3.12/site-packages/airflow/example_dags/example_setup_teardown.py
[2025-07-01T04:39:04.072+0000] {processor.py:914} INFO - Processing file /home/airflow/.local/lib/python3.12/site-packages/airflow/example_dags/example_setup_teardown.py for tasks to queue
[2025-07-01T04:39:04.075+0000] {logging_mixin.py:190} INFO - [2025-07-01T04:39:04.075+0000] {dagbag.py:588} INFO - Filling up the DagBag from /home/airflow/.local/lib/python3.12/site-packages/airflow/example_dags/example_setup_teardown.py
[2025-07-01T04:39:04.086+0000] {processor.py:925} INFO - DAG(s) 'example_setup_teardown' retrieved from /home/airflow/.local/lib/python3.12/site-packages/airflow/example_dags/example_setup_teardown.py
[2025-07-01T04:39:04.108+0000] {logging_mixin.py:190} INFO - [2025-07-01T04:39:04.107+0000] {dag.py:3239} INFO - Sync 1 DAGs
[2025-07-01T04:39:04.122+0000] {logging_mixin.py:190} INFO - [2025-07-01T04:39:04.122+0000] {dag.py:4180} INFO - Setting next_dagrun for example_setup_teardown to None, run_after=None
[2025-07-01T04:39:04.139+0000] {processor.py:208} INFO - Processing /home/airflow/.local/lib/python3.12/site-packages/airflow/example_dags/example_setup_teardown.py took 0.077 seconds
[2025-07-01T04:39:34.239+0000] {processor.py:186} INFO - Started process (PID=21572) to work on /home/airflow/.local/lib/python3.12/site-packages/airflow/example_dags/example_setup_teardown.py
[2025-07-01T04:39:34.240+0000] {processor.py:914} INFO - Processing file /home/airflow/.local/lib/python3.12/site-packages/airflow/example_dags/example_setup_teardown.py for tasks to queue
[2025-07-01T04:39:34.243+0000] {logging_mixin.py:190} INFO - [2025-07-01T04:39:34.243+0000] {dagbag.py:588} INFO - Filling up the DagBag from /home/airflow/.local/lib/python3.12/site-packages/airflow/example_dags/example_setup_teardown.py
[2025-07-01T04:39:34.253+0000] {processor.py:925} INFO - DAG(s) 'example_setup_teardown' retrieved from /home/airflow/.local/lib/python3.12/site-packages/airflow/example_dags/example_setup_teardown.py
[2025-07-01T04:39:34.271+0000] {logging_mixin.py:190} INFO - [2025-07-01T04:39:34.271+0000] {dag.py:3239} INFO - Sync 1 DAGs
[2025-07-01T04:39:34.284+0000] {logging_mixin.py:190} INFO - [2025-07-01T04:39:34.284+0000] {dag.py:4180} INFO - Setting next_dagrun for example_setup_teardown to None, run_after=None
[2025-07-01T04:39:34.300+0000] {processor.py:208} INFO - Processing /home/airflow/.local/lib/python3.12/site-packages/airflow/example_dags/example_setup_teardown.py took 0.067 seconds
[2025-07-01T04:40:04.749+0000] {processor.py:186} INFO - Started process (PID=21634) to work on /home/airflow/.local/lib/python3.12/site-packages/airflow/example_dags/example_setup_teardown.py
[2025-07-01T04:40:04.750+0000] {processor.py:914} INFO - Processing file /home/airflow/.local/lib/python3.12/site-packages/airflow/example_dags/example_setup_teardown.py for tasks to queue
[2025-07-01T04:40:04.754+0000] {logging_mixin.py:190} INFO - [2025-07-01T04:40:04.753+0000] {dagbag.py:588} INFO - Filling up the DagBag from /home/airflow/.local/lib/python3.12/site-packages/airflow/example_dags/example_setup_teardown.py
[2025-07-01T04:40:04.764+0000] {processor.py:925} INFO - DAG(s) 'example_setup_teardown' retrieved from /home/airflow/.local/lib/python3.12/site-packages/airflow/example_dags/example_setup_teardown.py
[2025-07-01T04:40:04.785+0000] {logging_mixin.py:190} INFO - [2025-07-01T04:40:04.785+0000] {dag.py:3239} INFO - Sync 1 DAGs
[2025-07-01T04:40:04.801+0000] {logging_mixin.py:190} INFO - [2025-07-01T04:40:04.801+0000] {dag.py:4180} INFO - Setting next_dagrun for example_setup_teardown to None, run_after=None
[2025-07-01T04:40:04.821+0000] {processor.py:208} INFO - Processing /home/airflow/.local/lib/python3.12/site-packages/airflow/example_dags/example_setup_teardown.py took 0.081 seconds
[2025-07-01T04:40:35.198+0000] {processor.py:186} INFO - Started process (PID=21696) to work on /home/airflow/.local/lib/python3.12/site-packages/airflow/example_dags/example_setup_teardown.py
[2025-07-01T04:40:35.199+0000] {processor.py:914} INFO - Processing file /home/airflow/.local/lib/python3.12/site-packages/airflow/example_dags/example_setup_teardown.py for tasks to queue
[2025-07-01T04:40:35.201+0000] {logging_mixin.py:190} INFO - [2025-07-01T04:40:35.201+0000] {dagbag.py:588} INFO - Filling up the DagBag from /home/airflow/.local/lib/python3.12/site-packages/airflow/example_dags/example_setup_teardown.py
[2025-07-01T04:40:35.209+0000] {processor.py:925} INFO - DAG(s) 'example_setup_teardown' retrieved from /home/airflow/.local/lib/python3.12/site-packages/airflow/example_dags/example_setup_teardown.py
[2025-07-01T04:40:35.228+0000] {logging_mixin.py:190} INFO - [2025-07-01T04:40:35.228+0000] {dag.py:3239} INFO - Sync 1 DAGs
[2025-07-01T04:40:35.241+0000] {logging_mixin.py:190} INFO - [2025-07-01T04:40:35.241+0000] {dag.py:4180} INFO - Setting next_dagrun for example_setup_teardown to None, run_after=None
[2025-07-01T04:40:35.257+0000] {processor.py:208} INFO - Processing /home/airflow/.local/lib/python3.12/site-packages/airflow/example_dags/example_setup_teardown.py took 0.065 seconds
[2025-07-01T04:41:05.672+0000] {processor.py:186} INFO - Started process (PID=21758) to work on /home/airflow/.local/lib/python3.12/site-packages/airflow/example_dags/example_setup_teardown.py
[2025-07-01T04:41:05.673+0000] {processor.py:914} INFO - Processing file /home/airflow/.local/lib/python3.12/site-packages/airflow/example_dags/example_setup_teardown.py for tasks to queue
[2025-07-01T04:41:05.676+0000] {logging_mixin.py:190} INFO - [2025-07-01T04:41:05.676+0000] {dagbag.py:588} INFO - Filling up the DagBag from /home/airflow/.local/lib/python3.12/site-packages/airflow/example_dags/example_setup_teardown.py
[2025-07-01T04:41:05.687+0000] {processor.py:925} INFO - DAG(s) 'example_setup_teardown' retrieved from /home/airflow/.local/lib/python3.12/site-packages/airflow/example_dags/example_setup_teardown.py
[2025-07-01T04:41:05.707+0000] {logging_mixin.py:190} INFO - [2025-07-01T04:41:05.707+0000] {dag.py:3239} INFO - Sync 1 DAGs
[2025-07-01T04:41:05.723+0000] {logging_mixin.py:190} INFO - [2025-07-01T04:41:05.723+0000] {dag.py:4180} INFO - Setting next_dagrun for example_setup_teardown to None, run_after=None
[2025-07-01T04:41:05.740+0000] {processor.py:208} INFO - Processing /home/airflow/.local/lib/python3.12/site-packages/airflow/example_dags/example_setup_teardown.py took 0.076 seconds
[2025-07-01T04:41:36.019+0000] {processor.py:186} INFO - Started process (PID=21820) to work on /home/airflow/.local/lib/python3.12/site-packages/airflow/example_dags/example_setup_teardown.py
[2025-07-01T04:41:36.020+0000] {processor.py:914} INFO - Processing file /home/airflow/.local/lib/python3.12/site-packages/airflow/example_dags/example_setup_teardown.py for tasks to queue
[2025-07-01T04:41:36.022+0000] {logging_mixin.py:190} INFO - [2025-07-01T04:41:36.022+0000] {dagbag.py:588} INFO - Filling up the DagBag from /home/airflow/.local/lib/python3.12/site-packages/airflow/example_dags/example_setup_teardown.py
[2025-07-01T04:41:36.030+0000] {processor.py:925} INFO - DAG(s) 'example_setup_teardown' retrieved from /home/airflow/.local/lib/python3.12/site-packages/airflow/example_dags/example_setup_teardown.py
[2025-07-01T04:41:36.049+0000] {logging_mixin.py:190} INFO - [2025-07-01T04:41:36.049+0000] {dag.py:3239} INFO - Sync 1 DAGs
[2025-07-01T04:41:36.062+0000] {logging_mixin.py:190} INFO - [2025-07-01T04:41:36.062+0000] {dag.py:4180} INFO - Setting next_dagrun for example_setup_teardown to None, run_after=None
[2025-07-01T04:41:36.079+0000] {processor.py:208} INFO - Processing /home/airflow/.local/lib/python3.12/site-packages/airflow/example_dags/example_setup_teardown.py took 0.066 seconds
[2025-07-01T04:42:06.438+0000] {processor.py:186} INFO - Started process (PID=21882) to work on /home/airflow/.local/lib/python3.12/site-packages/airflow/example_dags/example_setup_teardown.py
[2025-07-01T04:42:06.439+0000] {processor.py:914} INFO - Processing file /home/airflow/.local/lib/python3.12/site-packages/airflow/example_dags/example_setup_teardown.py for tasks to queue
[2025-07-01T04:42:06.442+0000] {logging_mixin.py:190} INFO - [2025-07-01T04:42:06.441+0000] {dagbag.py:588} INFO - Filling up the DagBag from /home/airflow/.local/lib/python3.12/site-packages/airflow/example_dags/example_setup_teardown.py
[2025-07-01T04:42:06.450+0000] {processor.py:925} INFO - DAG(s) 'example_setup_teardown' retrieved from /home/airflow/.local/lib/python3.12/site-packages/airflow/example_dags/example_setup_teardown.py
[2025-07-01T04:42:06.469+0000] {logging_mixin.py:190} INFO - [2025-07-01T04:42:06.469+0000] {dag.py:3239} INFO - Sync 1 DAGs
[2025-07-01T04:42:06.483+0000] {logging_mixin.py:190} INFO - [2025-07-01T04:42:06.482+0000] {dag.py:4180} INFO - Setting next_dagrun for example_setup_teardown to None, run_after=None
[2025-07-01T04:42:06.500+0000] {processor.py:208} INFO - Processing /home/airflow/.local/lib/python3.12/site-packages/airflow/example_dags/example_setup_teardown.py took 0.068 seconds
[2025-07-01T04:42:36.597+0000] {processor.py:186} INFO - Started process (PID=21944) to work on /home/airflow/.local/lib/python3.12/site-packages/airflow/example_dags/example_setup_teardown.py
[2025-07-01T04:42:36.598+0000] {processor.py:914} INFO - Processing file /home/airflow/.local/lib/python3.12/site-packages/airflow/example_dags/example_setup_teardown.py for tasks to queue
[2025-07-01T04:42:36.601+0000] {logging_mixin.py:190} INFO - [2025-07-01T04:42:36.601+0000] {dagbag.py:588} INFO - Filling up the DagBag from /home/airflow/.local/lib/python3.12/site-packages/airflow/example_dags/example_setup_teardown.py
[2025-07-01T04:42:36.609+0000] {processor.py:925} INFO - DAG(s) 'example_setup_teardown' retrieved from /home/airflow/.local/lib/python3.12/site-packages/airflow/example_dags/example_setup_teardown.py
[2025-07-01T04:42:36.628+0000] {logging_mixin.py:190} INFO - [2025-07-01T04:42:36.628+0000] {dag.py:3239} INFO - Sync 1 DAGs
[2025-07-01T04:42:36.642+0000] {logging_mixin.py:190} INFO - [2025-07-01T04:42:36.642+0000] {dag.py:4180} INFO - Setting next_dagrun for example_setup_teardown to None, run_after=None
[2025-07-01T04:42:36.660+0000] {processor.py:208} INFO - Processing /home/airflow/.local/lib/python3.12/site-packages/airflow/example_dags/example_setup_teardown.py took 0.068 seconds
[2025-07-01T04:43:07.303+0000] {processor.py:186} INFO - Started process (PID=22006) to work on /home/airflow/.local/lib/python3.12/site-packages/airflow/example_dags/example_setup_teardown.py
[2025-07-01T04:43:07.305+0000] {processor.py:914} INFO - Processing file /home/airflow/.local/lib/python3.12/site-packages/airflow/example_dags/example_setup_teardown.py for tasks to queue
[2025-07-01T04:43:07.309+0000] {logging_mixin.py:190} INFO - [2025-07-01T04:43:07.308+0000] {dagbag.py:588} INFO - Filling up the DagBag from /home/airflow/.local/lib/python3.12/site-packages/airflow/example_dags/example_setup_teardown.py
[2025-07-01T04:43:07.321+0000] {processor.py:925} INFO - DAG(s) 'example_setup_teardown' retrieved from /home/airflow/.local/lib/python3.12/site-packages/airflow/example_dags/example_setup_teardown.py
[2025-07-01T04:43:07.346+0000] {logging_mixin.py:190} INFO - [2025-07-01T04:43:07.345+0000] {dag.py:3239} INFO - Sync 1 DAGs
[2025-07-01T04:43:07.361+0000] {logging_mixin.py:190} INFO - [2025-07-01T04:43:07.360+0000] {dag.py:4180} INFO - Setting next_dagrun for example_setup_teardown to None, run_after=None
[2025-07-01T04:43:07.376+0000] {processor.py:208} INFO - Processing /home/airflow/.local/lib/python3.12/site-packages/airflow/example_dags/example_setup_teardown.py took 0.082 seconds
[2025-07-01T04:43:37.454+0000] {processor.py:186} INFO - Started process (PID=22068) to work on /home/airflow/.local/lib/python3.12/site-packages/airflow/example_dags/example_setup_teardown.py
[2025-07-01T04:43:37.455+0000] {processor.py:914} INFO - Processing file /home/airflow/.local/lib/python3.12/site-packages/airflow/example_dags/example_setup_teardown.py for tasks to queue
[2025-07-01T04:43:37.458+0000] {logging_mixin.py:190} INFO - [2025-07-01T04:43:37.457+0000] {dagbag.py:588} INFO - Filling up the DagBag from /home/airflow/.local/lib/python3.12/site-packages/airflow/example_dags/example_setup_teardown.py
[2025-07-01T04:43:37.466+0000] {processor.py:925} INFO - DAG(s) 'example_setup_teardown' retrieved from /home/airflow/.local/lib/python3.12/site-packages/airflow/example_dags/example_setup_teardown.py
[2025-07-01T04:43:37.484+0000] {logging_mixin.py:190} INFO - [2025-07-01T04:43:37.484+0000] {dag.py:3239} INFO - Sync 1 DAGs
[2025-07-01T04:43:37.497+0000] {logging_mixin.py:190} INFO - [2025-07-01T04:43:37.497+0000] {dag.py:4180} INFO - Setting next_dagrun for example_setup_teardown to None, run_after=None
[2025-07-01T04:43:37.514+0000] {processor.py:208} INFO - Processing /home/airflow/.local/lib/python3.12/site-packages/airflow/example_dags/example_setup_teardown.py took 0.067 seconds
[2025-07-01T04:44:07.866+0000] {processor.py:186} INFO - Started process (PID=22130) to work on /home/airflow/.local/lib/python3.12/site-packages/airflow/example_dags/example_setup_teardown.py
[2025-07-01T04:44:07.868+0000] {processor.py:914} INFO - Processing file /home/airflow/.local/lib/python3.12/site-packages/airflow/example_dags/example_setup_teardown.py for tasks to queue
[2025-07-01T04:44:07.870+0000] {logging_mixin.py:190} INFO - [2025-07-01T04:44:07.870+0000] {dagbag.py:588} INFO - Filling up the DagBag from /home/airflow/.local/lib/python3.12/site-packages/airflow/example_dags/example_setup_teardown.py
[2025-07-01T04:44:07.878+0000] {processor.py:925} INFO - DAG(s) 'example_setup_teardown' retrieved from /home/airflow/.local/lib/python3.12/site-packages/airflow/example_dags/example_setup_teardown.py
[2025-07-01T04:44:07.897+0000] {logging_mixin.py:190} INFO - [2025-07-01T04:44:07.896+0000] {dag.py:3239} INFO - Sync 1 DAGs
[2025-07-01T04:44:07.909+0000] {logging_mixin.py:190} INFO - [2025-07-01T04:44:07.909+0000] {dag.py:4180} INFO - Setting next_dagrun for example_setup_teardown to None, run_after=None
[2025-07-01T04:44:07.926+0000] {processor.py:208} INFO - Processing /home/airflow/.local/lib/python3.12/site-packages/airflow/example_dags/example_setup_teardown.py took 0.066 seconds
[2025-07-01T04:44:38.434+0000] {processor.py:186} INFO - Started process (PID=22192) to work on /home/airflow/.local/lib/python3.12/site-packages/airflow/example_dags/example_setup_teardown.py
[2025-07-01T04:44:38.435+0000] {processor.py:914} INFO - Processing file /home/airflow/.local/lib/python3.12/site-packages/airflow/example_dags/example_setup_teardown.py for tasks to queue
[2025-07-01T04:44:38.438+0000] {logging_mixin.py:190} INFO - [2025-07-01T04:44:38.438+0000] {dagbag.py:588} INFO - Filling up the DagBag from /home/airflow/.local/lib/python3.12/site-packages/airflow/example_dags/example_setup_teardown.py
[2025-07-01T04:44:38.449+0000] {processor.py:925} INFO - DAG(s) 'example_setup_teardown' retrieved from /home/airflow/.local/lib/python3.12/site-packages/airflow/example_dags/example_setup_teardown.py
[2025-07-01T04:44:38.470+0000] {logging_mixin.py:190} INFO - [2025-07-01T04:44:38.470+0000] {dag.py:3239} INFO - Sync 1 DAGs
[2025-07-01T04:44:38.487+0000] {logging_mixin.py:190} INFO - [2025-07-01T04:44:38.487+0000] {dag.py:4180} INFO - Setting next_dagrun for example_setup_teardown to None, run_after=None
[2025-07-01T04:44:38.507+0000] {processor.py:208} INFO - Processing /home/airflow/.local/lib/python3.12/site-packages/airflow/example_dags/example_setup_teardown.py took 0.079 seconds
[2025-07-01T04:45:09.085+0000] {processor.py:186} INFO - Started process (PID=22254) to work on /home/airflow/.local/lib/python3.12/site-packages/airflow/example_dags/example_setup_teardown.py
[2025-07-01T04:45:09.086+0000] {processor.py:914} INFO - Processing file /home/airflow/.local/lib/python3.12/site-packages/airflow/example_dags/example_setup_teardown.py for tasks to queue
[2025-07-01T04:45:09.089+0000] {logging_mixin.py:190} INFO - [2025-07-01T04:45:09.089+0000] {dagbag.py:588} INFO - Filling up the DagBag from /home/airflow/.local/lib/python3.12/site-packages/airflow/example_dags/example_setup_teardown.py
[2025-07-01T04:45:09.097+0000] {processor.py:925} INFO - DAG(s) 'example_setup_teardown' retrieved from /home/airflow/.local/lib/python3.12/site-packages/airflow/example_dags/example_setup_teardown.py
[2025-07-01T04:45:09.116+0000] {logging_mixin.py:190} INFO - [2025-07-01T04:45:09.116+0000] {dag.py:3239} INFO - Sync 1 DAGs
[2025-07-01T04:45:09.129+0000] {logging_mixin.py:190} INFO - [2025-07-01T04:45:09.129+0000] {dag.py:4180} INFO - Setting next_dagrun for example_setup_teardown to None, run_after=None
[2025-07-01T04:45:09.145+0000] {processor.py:208} INFO - Processing /home/airflow/.local/lib/python3.12/site-packages/airflow/example_dags/example_setup_teardown.py took 0.065 seconds
[2025-07-01T04:45:39.315+0000] {processor.py:186} INFO - Started process (PID=22316) to work on /home/airflow/.local/lib/python3.12/site-packages/airflow/example_dags/example_setup_teardown.py
[2025-07-01T04:45:39.317+0000] {processor.py:914} INFO - Processing file /home/airflow/.local/lib/python3.12/site-packages/airflow/example_dags/example_setup_teardown.py for tasks to queue
[2025-07-01T04:45:39.320+0000] {logging_mixin.py:190} INFO - [2025-07-01T04:45:39.320+0000] {dagbag.py:588} INFO - Filling up the DagBag from /home/airflow/.local/lib/python3.12/site-packages/airflow/example_dags/example_setup_teardown.py
[2025-07-01T04:45:39.331+0000] {processor.py:925} INFO - DAG(s) 'example_setup_teardown' retrieved from /home/airflow/.local/lib/python3.12/site-packages/airflow/example_dags/example_setup_teardown.py
[2025-07-01T04:45:39.352+0000] {logging_mixin.py:190} INFO - [2025-07-01T04:45:39.352+0000] {dag.py:3239} INFO - Sync 1 DAGs
[2025-07-01T04:45:39.366+0000] {logging_mixin.py:190} INFO - [2025-07-01T04:45:39.366+0000] {dag.py:4180} INFO - Setting next_dagrun for example_setup_teardown to None, run_after=None
[2025-07-01T04:45:39.383+0000] {processor.py:208} INFO - Processing /home/airflow/.local/lib/python3.12/site-packages/airflow/example_dags/example_setup_teardown.py took 0.075 seconds
[2025-07-01T04:46:09.972+0000] {processor.py:186} INFO - Started process (PID=22378) to work on /home/airflow/.local/lib/python3.12/site-packages/airflow/example_dags/example_setup_teardown.py
[2025-07-01T04:46:09.973+0000] {processor.py:914} INFO - Processing file /home/airflow/.local/lib/python3.12/site-packages/airflow/example_dags/example_setup_teardown.py for tasks to queue
[2025-07-01T04:46:09.976+0000] {logging_mixin.py:190} INFO - [2025-07-01T04:46:09.975+0000] {dagbag.py:588} INFO - Filling up the DagBag from /home/airflow/.local/lib/python3.12/site-packages/airflow/example_dags/example_setup_teardown.py
[2025-07-01T04:46:09.985+0000] {processor.py:925} INFO - DAG(s) 'example_setup_teardown' retrieved from /home/airflow/.local/lib/python3.12/site-packages/airflow/example_dags/example_setup_teardown.py
[2025-07-01T04:46:10.008+0000] {logging_mixin.py:190} INFO - [2025-07-01T04:46:10.008+0000] {dag.py:3239} INFO - Sync 1 DAGs
[2025-07-01T04:46:10.182+0000] {logging_mixin.py:190} INFO - [2025-07-01T04:46:10.182+0000] {dag.py:4180} INFO - Setting next_dagrun for example_setup_teardown to None, run_after=None
[2025-07-01T04:46:10.200+0000] {processor.py:208} INFO - Processing /home/airflow/.local/lib/python3.12/site-packages/airflow/example_dags/example_setup_teardown.py took 0.235 seconds
[2025-07-01T04:46:40.856+0000] {processor.py:186} INFO - Started process (PID=22439) to work on /home/airflow/.local/lib/python3.12/site-packages/airflow/example_dags/example_setup_teardown.py
[2025-07-01T04:46:40.857+0000] {processor.py:914} INFO - Processing file /home/airflow/.local/lib/python3.12/site-packages/airflow/example_dags/example_setup_teardown.py for tasks to queue
[2025-07-01T04:46:40.860+0000] {logging_mixin.py:190} INFO - [2025-07-01T04:46:40.859+0000] {dagbag.py:588} INFO - Filling up the DagBag from /home/airflow/.local/lib/python3.12/site-packages/airflow/example_dags/example_setup_teardown.py
[2025-07-01T04:46:40.868+0000] {processor.py:925} INFO - DAG(s) 'example_setup_teardown' retrieved from /home/airflow/.local/lib/python3.12/site-packages/airflow/example_dags/example_setup_teardown.py
[2025-07-01T04:46:40.889+0000] {logging_mixin.py:190} INFO - [2025-07-01T04:46:40.889+0000] {dag.py:3239} INFO - Sync 1 DAGs
[2025-07-01T04:46:40.905+0000] {logging_mixin.py:190} INFO - [2025-07-01T04:46:40.905+0000] {dag.py:4180} INFO - Setting next_dagrun for example_setup_teardown to None, run_after=None
[2025-07-01T04:46:41.083+0000] {processor.py:208} INFO - Processing /home/airflow/.local/lib/python3.12/site-packages/airflow/example_dags/example_setup_teardown.py took 0.233 seconds
[2025-07-01T04:47:11.533+0000] {processor.py:186} INFO - Started process (PID=22501) to work on /home/airflow/.local/lib/python3.12/site-packages/airflow/example_dags/example_setup_teardown.py
[2025-07-01T04:47:11.535+0000] {processor.py:914} INFO - Processing file /home/airflow/.local/lib/python3.12/site-packages/airflow/example_dags/example_setup_teardown.py for tasks to queue
[2025-07-01T04:47:11.537+0000] {logging_mixin.py:190} INFO - [2025-07-01T04:47:11.537+0000] {dagbag.py:588} INFO - Filling up the DagBag from /home/airflow/.local/lib/python3.12/site-packages/airflow/example_dags/example_setup_teardown.py
[2025-07-01T04:47:11.546+0000] {processor.py:925} INFO - DAG(s) 'example_setup_teardown' retrieved from /home/airflow/.local/lib/python3.12/site-packages/airflow/example_dags/example_setup_teardown.py
[2025-07-01T04:47:11.565+0000] {logging_mixin.py:190} INFO - [2025-07-01T04:47:11.565+0000] {dag.py:3239} INFO - Sync 1 DAGs
[2025-07-01T04:47:11.579+0000] {logging_mixin.py:190} INFO - [2025-07-01T04:47:11.578+0000] {dag.py:4180} INFO - Setting next_dagrun for example_setup_teardown to None, run_after=None
[2025-07-01T04:47:11.596+0000] {processor.py:208} INFO - Processing /home/airflow/.local/lib/python3.12/site-packages/airflow/example_dags/example_setup_teardown.py took 0.069 seconds
[2025-07-01T04:47:41.732+0000] {processor.py:186} INFO - Started process (PID=22563) to work on /home/airflow/.local/lib/python3.12/site-packages/airflow/example_dags/example_setup_teardown.py
[2025-07-01T04:47:41.733+0000] {processor.py:914} INFO - Processing file /home/airflow/.local/lib/python3.12/site-packages/airflow/example_dags/example_setup_teardown.py for tasks to queue
[2025-07-01T04:47:41.735+0000] {logging_mixin.py:190} INFO - [2025-07-01T04:47:41.735+0000] {dagbag.py:588} INFO - Filling up the DagBag from /home/airflow/.local/lib/python3.12/site-packages/airflow/example_dags/example_setup_teardown.py
[2025-07-01T04:47:41.744+0000] {processor.py:925} INFO - DAG(s) 'example_setup_teardown' retrieved from /home/airflow/.local/lib/python3.12/site-packages/airflow/example_dags/example_setup_teardown.py
[2025-07-01T04:47:41.764+0000] {logging_mixin.py:190} INFO - [2025-07-01T04:47:41.764+0000] {dag.py:3239} INFO - Sync 1 DAGs
[2025-07-01T04:47:41.778+0000] {logging_mixin.py:190} INFO - [2025-07-01T04:47:41.778+0000] {dag.py:4180} INFO - Setting next_dagrun for example_setup_teardown to None, run_after=None
[2025-07-01T04:47:41.795+0000] {processor.py:208} INFO - Processing /home/airflow/.local/lib/python3.12/site-packages/airflow/example_dags/example_setup_teardown.py took 0.069 seconds
[2025-07-01T04:48:12.532+0000] {processor.py:186} INFO - Started process (PID=22625) to work on /home/airflow/.local/lib/python3.12/site-packages/airflow/example_dags/example_setup_teardown.py
[2025-07-01T04:48:12.533+0000] {processor.py:914} INFO - Processing file /home/airflow/.local/lib/python3.12/site-packages/airflow/example_dags/example_setup_teardown.py for tasks to queue
[2025-07-01T04:48:12.535+0000] {logging_mixin.py:190} INFO - [2025-07-01T04:48:12.535+0000] {dagbag.py:588} INFO - Filling up the DagBag from /home/airflow/.local/lib/python3.12/site-packages/airflow/example_dags/example_setup_teardown.py
[2025-07-01T04:48:12.543+0000] {processor.py:925} INFO - DAG(s) 'example_setup_teardown' retrieved from /home/airflow/.local/lib/python3.12/site-packages/airflow/example_dags/example_setup_teardown.py
[2025-07-01T04:48:12.562+0000] {logging_mixin.py:190} INFO - [2025-07-01T04:48:12.562+0000] {dag.py:3239} INFO - Sync 1 DAGs
[2025-07-01T04:48:12.575+0000] {logging_mixin.py:190} INFO - [2025-07-01T04:48:12.575+0000] {dag.py:4180} INFO - Setting next_dagrun for example_setup_teardown to None, run_after=None
[2025-07-01T04:48:12.592+0000] {processor.py:208} INFO - Processing /home/airflow/.local/lib/python3.12/site-packages/airflow/example_dags/example_setup_teardown.py took 0.066 seconds
[2025-07-01T04:48:43.214+0000] {processor.py:186} INFO - Started process (PID=22687) to work on /home/airflow/.local/lib/python3.12/site-packages/airflow/example_dags/example_setup_teardown.py
[2025-07-01T04:48:43.215+0000] {processor.py:914} INFO - Processing file /home/airflow/.local/lib/python3.12/site-packages/airflow/example_dags/example_setup_teardown.py for tasks to queue
[2025-07-01T04:48:43.217+0000] {logging_mixin.py:190} INFO - [2025-07-01T04:48:43.217+0000] {dagbag.py:588} INFO - Filling up the DagBag from /home/airflow/.local/lib/python3.12/site-packages/airflow/example_dags/example_setup_teardown.py
[2025-07-01T04:48:43.226+0000] {processor.py:925} INFO - DAG(s) 'example_setup_teardown' retrieved from /home/airflow/.local/lib/python3.12/site-packages/airflow/example_dags/example_setup_teardown.py
[2025-07-01T04:48:43.244+0000] {logging_mixin.py:190} INFO - [2025-07-01T04:48:43.244+0000] {dag.py:3239} INFO - Sync 1 DAGs
[2025-07-01T04:48:43.258+0000] {logging_mixin.py:190} INFO - [2025-07-01T04:48:43.257+0000] {dag.py:4180} INFO - Setting next_dagrun for example_setup_teardown to None, run_after=None
[2025-07-01T04:48:43.275+0000] {processor.py:208} INFO - Processing /home/airflow/.local/lib/python3.12/site-packages/airflow/example_dags/example_setup_teardown.py took 0.067 seconds
[2025-07-01T04:49:14.105+0000] {processor.py:186} INFO - Started process (PID=22749) to work on /home/airflow/.local/lib/python3.12/site-packages/airflow/example_dags/example_setup_teardown.py
[2025-07-01T04:49:14.106+0000] {processor.py:914} INFO - Processing file /home/airflow/.local/lib/python3.12/site-packages/airflow/example_dags/example_setup_teardown.py for tasks to queue
[2025-07-01T04:49:14.109+0000] {logging_mixin.py:190} INFO - [2025-07-01T04:49:14.108+0000] {dagbag.py:588} INFO - Filling up the DagBag from /home/airflow/.local/lib/python3.12/site-packages/airflow/example_dags/example_setup_teardown.py
[2025-07-01T04:49:14.117+0000] {processor.py:925} INFO - DAG(s) 'example_setup_teardown' retrieved from /home/airflow/.local/lib/python3.12/site-packages/airflow/example_dags/example_setup_teardown.py
[2025-07-01T04:49:14.137+0000] {logging_mixin.py:190} INFO - [2025-07-01T04:49:14.136+0000] {dag.py:3239} INFO - Sync 1 DAGs
[2025-07-01T04:49:14.150+0000] {logging_mixin.py:190} INFO - [2025-07-01T04:49:14.150+0000] {dag.py:4180} INFO - Setting next_dagrun for example_setup_teardown to None, run_after=None
[2025-07-01T04:49:14.167+0000] {processor.py:208} INFO - Processing /home/airflow/.local/lib/python3.12/site-packages/airflow/example_dags/example_setup_teardown.py took 0.069 seconds
[2025-07-01T04:49:44.738+0000] {processor.py:186} INFO - Started process (PID=22811) to work on /home/airflow/.local/lib/python3.12/site-packages/airflow/example_dags/example_setup_teardown.py
[2025-07-01T04:49:44.739+0000] {processor.py:914} INFO - Processing file /home/airflow/.local/lib/python3.12/site-packages/airflow/example_dags/example_setup_teardown.py for tasks to queue
[2025-07-01T04:49:44.741+0000] {logging_mixin.py:190} INFO - [2025-07-01T04:49:44.741+0000] {dagbag.py:588} INFO - Filling up the DagBag from /home/airflow/.local/lib/python3.12/site-packages/airflow/example_dags/example_setup_teardown.py
[2025-07-01T04:49:44.749+0000] {processor.py:925} INFO - DAG(s) 'example_setup_teardown' retrieved from /home/airflow/.local/lib/python3.12/site-packages/airflow/example_dags/example_setup_teardown.py
[2025-07-01T04:49:44.771+0000] {logging_mixin.py:190} INFO - [2025-07-01T04:49:44.771+0000] {dag.py:3239} INFO - Sync 1 DAGs
[2025-07-01T04:49:44.786+0000] {logging_mixin.py:190} INFO - [2025-07-01T04:49:44.785+0000] {dag.py:4180} INFO - Setting next_dagrun for example_setup_teardown to None, run_after=None
[2025-07-01T04:49:44.804+0000] {processor.py:208} INFO - Processing /home/airflow/.local/lib/python3.12/site-packages/airflow/example_dags/example_setup_teardown.py took 0.073 seconds
[2025-07-01T04:50:15.468+0000] {processor.py:186} INFO - Started process (PID=22873) to work on /home/airflow/.local/lib/python3.12/site-packages/airflow/example_dags/example_setup_teardown.py
[2025-07-01T04:50:15.469+0000] {processor.py:914} INFO - Processing file /home/airflow/.local/lib/python3.12/site-packages/airflow/example_dags/example_setup_teardown.py for tasks to queue
[2025-07-01T04:50:15.472+0000] {logging_mixin.py:190} INFO - [2025-07-01T04:50:15.472+0000] {dagbag.py:588} INFO - Filling up the DagBag from /home/airflow/.local/lib/python3.12/site-packages/airflow/example_dags/example_setup_teardown.py
[2025-07-01T04:50:15.483+0000] {processor.py:925} INFO - DAG(s) 'example_setup_teardown' retrieved from /home/airflow/.local/lib/python3.12/site-packages/airflow/example_dags/example_setup_teardown.py
[2025-07-01T04:50:15.502+0000] {logging_mixin.py:190} INFO - [2025-07-01T04:50:15.502+0000] {dag.py:3239} INFO - Sync 1 DAGs
[2025-07-01T04:50:15.517+0000] {logging_mixin.py:190} INFO - [2025-07-01T04:50:15.517+0000] {dag.py:4180} INFO - Setting next_dagrun for example_setup_teardown to None, run_after=None
[2025-07-01T04:50:15.533+0000] {processor.py:208} INFO - Processing /home/airflow/.local/lib/python3.12/site-packages/airflow/example_dags/example_setup_teardown.py took 0.073 seconds
[2025-07-01T04:50:46.226+0000] {processor.py:186} INFO - Started process (PID=22935) to work on /home/airflow/.local/lib/python3.12/site-packages/airflow/example_dags/example_setup_teardown.py
[2025-07-01T04:50:46.227+0000] {processor.py:914} INFO - Processing file /home/airflow/.local/lib/python3.12/site-packages/airflow/example_dags/example_setup_teardown.py for tasks to queue
[2025-07-01T04:50:46.230+0000] {logging_mixin.py:190} INFO - [2025-07-01T04:50:46.229+0000] {dagbag.py:588} INFO - Filling up the DagBag from /home/airflow/.local/lib/python3.12/site-packages/airflow/example_dags/example_setup_teardown.py
[2025-07-01T04:50:46.239+0000] {processor.py:925} INFO - DAG(s) 'example_setup_teardown' retrieved from /home/airflow/.local/lib/python3.12/site-packages/airflow/example_dags/example_setup_teardown.py
[2025-07-01T04:50:46.258+0000] {logging_mixin.py:190} INFO - [2025-07-01T04:50:46.258+0000] {dag.py:3239} INFO - Sync 1 DAGs
[2025-07-01T04:50:46.272+0000] {logging_mixin.py:190} INFO - [2025-07-01T04:50:46.272+0000] {dag.py:4180} INFO - Setting next_dagrun for example_setup_teardown to None, run_after=None
[2025-07-01T04:50:46.288+0000] {processor.py:208} INFO - Processing /home/airflow/.local/lib/python3.12/site-packages/airflow/example_dags/example_setup_teardown.py took 0.068 seconds
[2025-07-01T04:51:16.995+0000] {processor.py:186} INFO - Started process (PID=22997) to work on /home/airflow/.local/lib/python3.12/site-packages/airflow/example_dags/example_setup_teardown.py
[2025-07-01T04:51:16.996+0000] {processor.py:914} INFO - Processing file /home/airflow/.local/lib/python3.12/site-packages/airflow/example_dags/example_setup_teardown.py for tasks to queue
[2025-07-01T04:51:16.999+0000] {logging_mixin.py:190} INFO - [2025-07-01T04:51:16.998+0000] {dagbag.py:588} INFO - Filling up the DagBag from /home/airflow/.local/lib/python3.12/site-packages/airflow/example_dags/example_setup_teardown.py
[2025-07-01T04:51:17.007+0000] {processor.py:925} INFO - DAG(s) 'example_setup_teardown' retrieved from /home/airflow/.local/lib/python3.12/site-packages/airflow/example_dags/example_setup_teardown.py
[2025-07-01T04:51:17.027+0000] {logging_mixin.py:190} INFO - [2025-07-01T04:51:17.027+0000] {dag.py:3239} INFO - Sync 1 DAGs
[2025-07-01T04:51:17.042+0000] {logging_mixin.py:190} INFO - [2025-07-01T04:51:17.042+0000] {dag.py:4180} INFO - Setting next_dagrun for example_setup_teardown to None, run_after=None
[2025-07-01T04:51:17.060+0000] {processor.py:208} INFO - Processing /home/airflow/.local/lib/python3.12/site-packages/airflow/example_dags/example_setup_teardown.py took 0.072 seconds
[2025-07-01T04:51:47.753+0000] {processor.py:186} INFO - Started process (PID=23059) to work on /home/airflow/.local/lib/python3.12/site-packages/airflow/example_dags/example_setup_teardown.py
[2025-07-01T04:51:47.754+0000] {processor.py:914} INFO - Processing file /home/airflow/.local/lib/python3.12/site-packages/airflow/example_dags/example_setup_teardown.py for tasks to queue
[2025-07-01T04:51:47.757+0000] {logging_mixin.py:190} INFO - [2025-07-01T04:51:47.756+0000] {dagbag.py:588} INFO - Filling up the DagBag from /home/airflow/.local/lib/python3.12/site-packages/airflow/example_dags/example_setup_teardown.py
[2025-07-01T04:51:47.765+0000] {processor.py:925} INFO - DAG(s) 'example_setup_teardown' retrieved from /home/airflow/.local/lib/python3.12/site-packages/airflow/example_dags/example_setup_teardown.py
[2025-07-01T04:51:47.783+0000] {logging_mixin.py:190} INFO - [2025-07-01T04:51:47.783+0000] {dag.py:3239} INFO - Sync 1 DAGs
[2025-07-01T04:51:47.797+0000] {logging_mixin.py:190} INFO - [2025-07-01T04:51:47.796+0000] {dag.py:4180} INFO - Setting next_dagrun for example_setup_teardown to None, run_after=None
[2025-07-01T04:51:47.815+0000] {processor.py:208} INFO - Processing /home/airflow/.local/lib/python3.12/site-packages/airflow/example_dags/example_setup_teardown.py took 0.069 seconds
[2025-07-01T04:52:18.679+0000] {processor.py:186} INFO - Started process (PID=23121) to work on /home/airflow/.local/lib/python3.12/site-packages/airflow/example_dags/example_setup_teardown.py
[2025-07-01T04:52:18.680+0000] {processor.py:914} INFO - Processing file /home/airflow/.local/lib/python3.12/site-packages/airflow/example_dags/example_setup_teardown.py for tasks to queue
[2025-07-01T04:52:18.683+0000] {logging_mixin.py:190} INFO - [2025-07-01T04:52:18.683+0000] {dagbag.py:588} INFO - Filling up the DagBag from /home/airflow/.local/lib/python3.12/site-packages/airflow/example_dags/example_setup_teardown.py
[2025-07-01T04:52:18.691+0000] {processor.py:925} INFO - DAG(s) 'example_setup_teardown' retrieved from /home/airflow/.local/lib/python3.12/site-packages/airflow/example_dags/example_setup_teardown.py
[2025-07-01T04:52:18.711+0000] {logging_mixin.py:190} INFO - [2025-07-01T04:52:18.711+0000] {dag.py:3239} INFO - Sync 1 DAGs
[2025-07-01T04:52:18.726+0000] {logging_mixin.py:190} INFO - [2025-07-01T04:52:18.725+0000] {dag.py:4180} INFO - Setting next_dagrun for example_setup_teardown to None, run_after=None
[2025-07-01T04:52:18.752+0000] {processor.py:208} INFO - Processing /home/airflow/.local/lib/python3.12/site-packages/airflow/example_dags/example_setup_teardown.py took 0.079 seconds
[2025-07-01T04:52:49.154+0000] {processor.py:186} INFO - Started process (PID=23183) to work on /home/airflow/.local/lib/python3.12/site-packages/airflow/example_dags/example_setup_teardown.py
[2025-07-01T04:52:49.155+0000] {processor.py:914} INFO - Processing file /home/airflow/.local/lib/python3.12/site-packages/airflow/example_dags/example_setup_teardown.py for tasks to queue
[2025-07-01T04:52:49.158+0000] {logging_mixin.py:190} INFO - [2025-07-01T04:52:49.158+0000] {dagbag.py:588} INFO - Filling up the DagBag from /home/airflow/.local/lib/python3.12/site-packages/airflow/example_dags/example_setup_teardown.py
[2025-07-01T04:52:49.167+0000] {processor.py:925} INFO - DAG(s) 'example_setup_teardown' retrieved from /home/airflow/.local/lib/python3.12/site-packages/airflow/example_dags/example_setup_teardown.py
[2025-07-01T04:52:49.187+0000] {logging_mixin.py:190} INFO - [2025-07-01T04:52:49.187+0000] {dag.py:3239} INFO - Sync 1 DAGs
[2025-07-01T04:52:49.201+0000] {logging_mixin.py:190} INFO - [2025-07-01T04:52:49.201+0000] {dag.py:4180} INFO - Setting next_dagrun for example_setup_teardown to None, run_after=None
[2025-07-01T04:52:49.218+0000] {processor.py:208} INFO - Processing /home/airflow/.local/lib/python3.12/site-packages/airflow/example_dags/example_setup_teardown.py took 0.070 seconds
[2025-07-01T04:53:19.523+0000] {processor.py:186} INFO - Started process (PID=23245) to work on /home/airflow/.local/lib/python3.12/site-packages/airflow/example_dags/example_setup_teardown.py
[2025-07-01T04:53:19.524+0000] {processor.py:914} INFO - Processing file /home/airflow/.local/lib/python3.12/site-packages/airflow/example_dags/example_setup_teardown.py for tasks to queue
[2025-07-01T04:53:19.527+0000] {logging_mixin.py:190} INFO - [2025-07-01T04:53:19.526+0000] {dagbag.py:588} INFO - Filling up the DagBag from /home/airflow/.local/lib/python3.12/site-packages/airflow/example_dags/example_setup_teardown.py
[2025-07-01T04:53:19.535+0000] {processor.py:925} INFO - DAG(s) 'example_setup_teardown' retrieved from /home/airflow/.local/lib/python3.12/site-packages/airflow/example_dags/example_setup_teardown.py
[2025-07-01T04:53:19.555+0000] {logging_mixin.py:190} INFO - [2025-07-01T04:53:19.555+0000] {dag.py:3239} INFO - Sync 1 DAGs
[2025-07-01T04:53:19.568+0000] {logging_mixin.py:190} INFO - [2025-07-01T04:53:19.568+0000] {dag.py:4180} INFO - Setting next_dagrun for example_setup_teardown to None, run_after=None
[2025-07-01T04:53:19.585+0000] {processor.py:208} INFO - Processing /home/airflow/.local/lib/python3.12/site-packages/airflow/example_dags/example_setup_teardown.py took 0.068 seconds
[2025-07-01T04:53:49.679+0000] {processor.py:186} INFO - Started process (PID=23307) to work on /home/airflow/.local/lib/python3.12/site-packages/airflow/example_dags/example_setup_teardown.py
[2025-07-01T04:53:49.680+0000] {processor.py:914} INFO - Processing file /home/airflow/.local/lib/python3.12/site-packages/airflow/example_dags/example_setup_teardown.py for tasks to queue
[2025-07-01T04:53:49.683+0000] {logging_mixin.py:190} INFO - [2025-07-01T04:53:49.683+0000] {dagbag.py:588} INFO - Filling up the DagBag from /home/airflow/.local/lib/python3.12/site-packages/airflow/example_dags/example_setup_teardown.py
[2025-07-01T04:53:49.691+0000] {processor.py:925} INFO - DAG(s) 'example_setup_teardown' retrieved from /home/airflow/.local/lib/python3.12/site-packages/airflow/example_dags/example_setup_teardown.py
[2025-07-01T04:53:49.710+0000] {logging_mixin.py:190} INFO - [2025-07-01T04:53:49.709+0000] {dag.py:3239} INFO - Sync 1 DAGs
[2025-07-01T04:53:49.723+0000] {logging_mixin.py:190} INFO - [2025-07-01T04:53:49.722+0000] {dag.py:4180} INFO - Setting next_dagrun for example_setup_teardown to None, run_after=None
[2025-07-01T04:53:49.739+0000] {processor.py:208} INFO - Processing /home/airflow/.local/lib/python3.12/site-packages/airflow/example_dags/example_setup_teardown.py took 0.066 seconds
[2025-07-01T04:54:20.522+0000] {processor.py:186} INFO - Started process (PID=23369) to work on /home/airflow/.local/lib/python3.12/site-packages/airflow/example_dags/example_setup_teardown.py
[2025-07-01T04:54:20.523+0000] {processor.py:914} INFO - Processing file /home/airflow/.local/lib/python3.12/site-packages/airflow/example_dags/example_setup_teardown.py for tasks to queue
[2025-07-01T04:54:20.526+0000] {logging_mixin.py:190} INFO - [2025-07-01T04:54:20.525+0000] {dagbag.py:588} INFO - Filling up the DagBag from /home/airflow/.local/lib/python3.12/site-packages/airflow/example_dags/example_setup_teardown.py
[2025-07-01T04:54:20.534+0000] {processor.py:925} INFO - DAG(s) 'example_setup_teardown' retrieved from /home/airflow/.local/lib/python3.12/site-packages/airflow/example_dags/example_setup_teardown.py
[2025-07-01T04:54:20.552+0000] {logging_mixin.py:190} INFO - [2025-07-01T04:54:20.551+0000] {dag.py:3239} INFO - Sync 1 DAGs
[2025-07-01T04:54:20.564+0000] {logging_mixin.py:190} INFO - [2025-07-01T04:54:20.564+0000] {dag.py:4180} INFO - Setting next_dagrun for example_setup_teardown to None, run_after=None
[2025-07-01T04:54:20.580+0000] {processor.py:208} INFO - Processing /home/airflow/.local/lib/python3.12/site-packages/airflow/example_dags/example_setup_teardown.py took 0.065 seconds
[2025-07-01T04:54:51.441+0000] {processor.py:186} INFO - Started process (PID=23432) to work on /home/airflow/.local/lib/python3.12/site-packages/airflow/example_dags/example_setup_teardown.py
[2025-07-01T04:54:51.442+0000] {processor.py:914} INFO - Processing file /home/airflow/.local/lib/python3.12/site-packages/airflow/example_dags/example_setup_teardown.py for tasks to queue
[2025-07-01T04:54:51.444+0000] {logging_mixin.py:190} INFO - [2025-07-01T04:54:51.444+0000] {dagbag.py:588} INFO - Filling up the DagBag from /home/airflow/.local/lib/python3.12/site-packages/airflow/example_dags/example_setup_teardown.py
[2025-07-01T04:54:51.452+0000] {processor.py:925} INFO - DAG(s) 'example_setup_teardown' retrieved from /home/airflow/.local/lib/python3.12/site-packages/airflow/example_dags/example_setup_teardown.py
[2025-07-01T04:54:51.470+0000] {logging_mixin.py:190} INFO - [2025-07-01T04:54:51.470+0000] {dag.py:3239} INFO - Sync 1 DAGs
[2025-07-01T04:54:51.483+0000] {logging_mixin.py:190} INFO - [2025-07-01T04:54:51.483+0000] {dag.py:4180} INFO - Setting next_dagrun for example_setup_teardown to None, run_after=None
[2025-07-01T04:54:51.499+0000] {processor.py:208} INFO - Processing /home/airflow/.local/lib/python3.12/site-packages/airflow/example_dags/example_setup_teardown.py took 0.064 seconds
[2025-07-01T04:55:22.193+0000] {processor.py:186} INFO - Started process (PID=23494) to work on /home/airflow/.local/lib/python3.12/site-packages/airflow/example_dags/example_setup_teardown.py
[2025-07-01T04:55:22.194+0000] {processor.py:914} INFO - Processing file /home/airflow/.local/lib/python3.12/site-packages/airflow/example_dags/example_setup_teardown.py for tasks to queue
[2025-07-01T04:55:22.197+0000] {logging_mixin.py:190} INFO - [2025-07-01T04:55:22.196+0000] {dagbag.py:588} INFO - Filling up the DagBag from /home/airflow/.local/lib/python3.12/site-packages/airflow/example_dags/example_setup_teardown.py
[2025-07-01T04:55:22.205+0000] {processor.py:925} INFO - DAG(s) 'example_setup_teardown' retrieved from /home/airflow/.local/lib/python3.12/site-packages/airflow/example_dags/example_setup_teardown.py
[2025-07-01T04:55:22.224+0000] {logging_mixin.py:190} INFO - [2025-07-01T04:55:22.224+0000] {dag.py:3239} INFO - Sync 1 DAGs
[2025-07-01T04:55:22.237+0000] {logging_mixin.py:190} INFO - [2025-07-01T04:55:22.237+0000] {dag.py:4180} INFO - Setting next_dagrun for example_setup_teardown to None, run_after=None
[2025-07-01T04:55:22.254+0000] {processor.py:208} INFO - Processing /home/airflow/.local/lib/python3.12/site-packages/airflow/example_dags/example_setup_teardown.py took 0.068 seconds
[2025-07-01T04:55:52.776+0000] {processor.py:186} INFO - Started process (PID=23556) to work on /home/airflow/.local/lib/python3.12/site-packages/airflow/example_dags/example_setup_teardown.py
[2025-07-01T04:55:52.777+0000] {processor.py:914} INFO - Processing file /home/airflow/.local/lib/python3.12/site-packages/airflow/example_dags/example_setup_teardown.py for tasks to queue
[2025-07-01T04:55:52.779+0000] {logging_mixin.py:190} INFO - [2025-07-01T04:55:52.779+0000] {dagbag.py:588} INFO - Filling up the DagBag from /home/airflow/.local/lib/python3.12/site-packages/airflow/example_dags/example_setup_teardown.py
[2025-07-01T04:55:52.787+0000] {processor.py:925} INFO - DAG(s) 'example_setup_teardown' retrieved from /home/airflow/.local/lib/python3.12/site-packages/airflow/example_dags/example_setup_teardown.py
[2025-07-01T04:55:52.806+0000] {logging_mixin.py:190} INFO - [2025-07-01T04:55:52.806+0000] {dag.py:3239} INFO - Sync 1 DAGs
[2025-07-01T04:55:52.818+0000] {logging_mixin.py:190} INFO - [2025-07-01T04:55:52.818+0000] {dag.py:4180} INFO - Setting next_dagrun for example_setup_teardown to None, run_after=None
[2025-07-01T04:55:52.835+0000] {processor.py:208} INFO - Processing /home/airflow/.local/lib/python3.12/site-packages/airflow/example_dags/example_setup_teardown.py took 0.064 seconds
[2025-07-01T04:56:23.381+0000] {processor.py:186} INFO - Started process (PID=23618) to work on /home/airflow/.local/lib/python3.12/site-packages/airflow/example_dags/example_setup_teardown.py
[2025-07-01T04:56:23.382+0000] {processor.py:914} INFO - Processing file /home/airflow/.local/lib/python3.12/site-packages/airflow/example_dags/example_setup_teardown.py for tasks to queue
[2025-07-01T04:56:23.385+0000] {logging_mixin.py:190} INFO - [2025-07-01T04:56:23.384+0000] {dagbag.py:588} INFO - Filling up the DagBag from /home/airflow/.local/lib/python3.12/site-packages/airflow/example_dags/example_setup_teardown.py
[2025-07-01T04:56:23.393+0000] {processor.py:925} INFO - DAG(s) 'example_setup_teardown' retrieved from /home/airflow/.local/lib/python3.12/site-packages/airflow/example_dags/example_setup_teardown.py
[2025-07-01T04:56:23.411+0000] {logging_mixin.py:190} INFO - [2025-07-01T04:56:23.411+0000] {dag.py:3239} INFO - Sync 1 DAGs
[2025-07-01T04:56:23.424+0000] {logging_mixin.py:190} INFO - [2025-07-01T04:56:23.424+0000] {dag.py:4180} INFO - Setting next_dagrun for example_setup_teardown to None, run_after=None
[2025-07-01T04:56:23.441+0000] {processor.py:208} INFO - Processing /home/airflow/.local/lib/python3.12/site-packages/airflow/example_dags/example_setup_teardown.py took 0.066 seconds
[2025-07-01T04:56:54.017+0000] {processor.py:186} INFO - Started process (PID=23680) to work on /home/airflow/.local/lib/python3.12/site-packages/airflow/example_dags/example_setup_teardown.py
[2025-07-01T04:56:54.018+0000] {processor.py:914} INFO - Processing file /home/airflow/.local/lib/python3.12/site-packages/airflow/example_dags/example_setup_teardown.py for tasks to queue
[2025-07-01T04:56:54.019+0000] {logging_mixin.py:190} INFO - [2025-07-01T04:56:54.019+0000] {dagbag.py:588} INFO - Filling up the DagBag from /home/airflow/.local/lib/python3.12/site-packages/airflow/example_dags/example_setup_teardown.py
[2025-07-01T04:56:54.027+0000] {processor.py:925} INFO - DAG(s) 'example_setup_teardown' retrieved from /home/airflow/.local/lib/python3.12/site-packages/airflow/example_dags/example_setup_teardown.py
[2025-07-01T04:56:54.047+0000] {logging_mixin.py:190} INFO - [2025-07-01T04:56:54.046+0000] {dag.py:3239} INFO - Sync 1 DAGs
[2025-07-01T04:56:54.061+0000] {logging_mixin.py:190} INFO - [2025-07-01T04:56:54.060+0000] {dag.py:4180} INFO - Setting next_dagrun for example_setup_teardown to None, run_after=None
[2025-07-01T04:56:54.078+0000] {processor.py:208} INFO - Processing /home/airflow/.local/lib/python3.12/site-packages/airflow/example_dags/example_setup_teardown.py took 0.071 seconds
[2025-07-01T04:57:24.663+0000] {processor.py:186} INFO - Started process (PID=23742) to work on /home/airflow/.local/lib/python3.12/site-packages/airflow/example_dags/example_setup_teardown.py
[2025-07-01T04:57:24.664+0000] {processor.py:914} INFO - Processing file /home/airflow/.local/lib/python3.12/site-packages/airflow/example_dags/example_setup_teardown.py for tasks to queue
[2025-07-01T04:57:24.666+0000] {logging_mixin.py:190} INFO - [2025-07-01T04:57:24.666+0000] {dagbag.py:588} INFO - Filling up the DagBag from /home/airflow/.local/lib/python3.12/site-packages/airflow/example_dags/example_setup_teardown.py
[2025-07-01T04:57:24.674+0000] {processor.py:925} INFO - DAG(s) 'example_setup_teardown' retrieved from /home/airflow/.local/lib/python3.12/site-packages/airflow/example_dags/example_setup_teardown.py
[2025-07-01T04:57:24.693+0000] {logging_mixin.py:190} INFO - [2025-07-01T04:57:24.692+0000] {dag.py:3239} INFO - Sync 1 DAGs
[2025-07-01T04:57:24.706+0000] {logging_mixin.py:190} INFO - [2025-07-01T04:57:24.706+0000] {dag.py:4180} INFO - Setting next_dagrun for example_setup_teardown to None, run_after=None
[2025-07-01T04:57:24.724+0000] {processor.py:208} INFO - Processing /home/airflow/.local/lib/python3.12/site-packages/airflow/example_dags/example_setup_teardown.py took 0.068 seconds
[2025-07-01T04:57:55.401+0000] {processor.py:186} INFO - Started process (PID=23804) to work on /home/airflow/.local/lib/python3.12/site-packages/airflow/example_dags/example_setup_teardown.py
[2025-07-01T04:57:55.402+0000] {processor.py:914} INFO - Processing file /home/airflow/.local/lib/python3.12/site-packages/airflow/example_dags/example_setup_teardown.py for tasks to queue
[2025-07-01T04:57:55.405+0000] {logging_mixin.py:190} INFO - [2025-07-01T04:57:55.405+0000] {dagbag.py:588} INFO - Filling up the DagBag from /home/airflow/.local/lib/python3.12/site-packages/airflow/example_dags/example_setup_teardown.py
[2025-07-01T04:57:55.414+0000] {processor.py:925} INFO - DAG(s) 'example_setup_teardown' retrieved from /home/airflow/.local/lib/python3.12/site-packages/airflow/example_dags/example_setup_teardown.py
[2025-07-01T04:57:55.433+0000] {logging_mixin.py:190} INFO - [2025-07-01T04:57:55.433+0000] {dag.py:3239} INFO - Sync 1 DAGs
[2025-07-01T04:57:55.446+0000] {logging_mixin.py:190} INFO - [2025-07-01T04:57:55.446+0000] {dag.py:4180} INFO - Setting next_dagrun for example_setup_teardown to None, run_after=None
[2025-07-01T04:57:55.463+0000] {processor.py:208} INFO - Processing /home/airflow/.local/lib/python3.12/site-packages/airflow/example_dags/example_setup_teardown.py took 0.069 seconds
[2025-07-01T04:58:26.070+0000] {processor.py:186} INFO - Started process (PID=23866) to work on /home/airflow/.local/lib/python3.12/site-packages/airflow/example_dags/example_setup_teardown.py
[2025-07-01T04:58:26.071+0000] {processor.py:914} INFO - Processing file /home/airflow/.local/lib/python3.12/site-packages/airflow/example_dags/example_setup_teardown.py for tasks to queue
[2025-07-01T04:58:26.074+0000] {logging_mixin.py:190} INFO - [2025-07-01T04:58:26.074+0000] {dagbag.py:588} INFO - Filling up the DagBag from /home/airflow/.local/lib/python3.12/site-packages/airflow/example_dags/example_setup_teardown.py
[2025-07-01T04:58:26.082+0000] {processor.py:925} INFO - DAG(s) 'example_setup_teardown' retrieved from /home/airflow/.local/lib/python3.12/site-packages/airflow/example_dags/example_setup_teardown.py
[2025-07-01T04:58:26.101+0000] {logging_mixin.py:190} INFO - [2025-07-01T04:58:26.100+0000] {dag.py:3239} INFO - Sync 1 DAGs
[2025-07-01T04:58:26.114+0000] {logging_mixin.py:190} INFO - [2025-07-01T04:58:26.114+0000] {dag.py:4180} INFO - Setting next_dagrun for example_setup_teardown to None, run_after=None
[2025-07-01T04:58:26.131+0000] {processor.py:208} INFO - Processing /home/airflow/.local/lib/python3.12/site-packages/airflow/example_dags/example_setup_teardown.py took 0.067 seconds
[2025-07-01T04:58:56.719+0000] {processor.py:186} INFO - Started process (PID=23928) to work on /home/airflow/.local/lib/python3.12/site-packages/airflow/example_dags/example_setup_teardown.py
[2025-07-01T04:58:56.721+0000] {processor.py:914} INFO - Processing file /home/airflow/.local/lib/python3.12/site-packages/airflow/example_dags/example_setup_teardown.py for tasks to queue
[2025-07-01T04:58:56.723+0000] {logging_mixin.py:190} INFO - [2025-07-01T04:58:56.723+0000] {dagbag.py:588} INFO - Filling up the DagBag from /home/airflow/.local/lib/python3.12/site-packages/airflow/example_dags/example_setup_teardown.py
[2025-07-01T04:58:56.732+0000] {processor.py:925} INFO - DAG(s) 'example_setup_teardown' retrieved from /home/airflow/.local/lib/python3.12/site-packages/airflow/example_dags/example_setup_teardown.py
[2025-07-01T04:58:56.752+0000] {logging_mixin.py:190} INFO - [2025-07-01T04:58:56.752+0000] {dag.py:3239} INFO - Sync 1 DAGs
[2025-07-01T04:58:56.765+0000] {logging_mixin.py:190} INFO - [2025-07-01T04:58:56.765+0000] {dag.py:4180} INFO - Setting next_dagrun for example_setup_teardown to None, run_after=None
[2025-07-01T04:58:56.781+0000] {processor.py:208} INFO - Processing /home/airflow/.local/lib/python3.12/site-packages/airflow/example_dags/example_setup_teardown.py took 0.068 seconds
[2025-07-01T04:59:27.575+0000] {processor.py:186} INFO - Started process (PID=23990) to work on /home/airflow/.local/lib/python3.12/site-packages/airflow/example_dags/example_setup_teardown.py
[2025-07-01T04:59:27.576+0000] {processor.py:914} INFO - Processing file /home/airflow/.local/lib/python3.12/site-packages/airflow/example_dags/example_setup_teardown.py for tasks to queue
[2025-07-01T04:59:27.578+0000] {logging_mixin.py:190} INFO - [2025-07-01T04:59:27.578+0000] {dagbag.py:588} INFO - Filling up the DagBag from /home/airflow/.local/lib/python3.12/site-packages/airflow/example_dags/example_setup_teardown.py
[2025-07-01T04:59:27.586+0000] {processor.py:925} INFO - DAG(s) 'example_setup_teardown' retrieved from /home/airflow/.local/lib/python3.12/site-packages/airflow/example_dags/example_setup_teardown.py
[2025-07-01T04:59:27.605+0000] {logging_mixin.py:190} INFO - [2025-07-01T04:59:27.604+0000] {dag.py:3239} INFO - Sync 1 DAGs
[2025-07-01T04:59:27.618+0000] {logging_mixin.py:190} INFO - [2025-07-01T04:59:27.618+0000] {dag.py:4180} INFO - Setting next_dagrun for example_setup_teardown to None, run_after=None
[2025-07-01T04:59:27.633+0000] {processor.py:208} INFO - Processing /home/airflow/.local/lib/python3.12/site-packages/airflow/example_dags/example_setup_teardown.py took 0.064 seconds
[2025-07-01T04:59:58.229+0000] {processor.py:186} INFO - Started process (PID=24058) to work on /home/airflow/.local/lib/python3.12/site-packages/airflow/example_dags/example_setup_teardown.py
[2025-07-01T04:59:58.230+0000] {processor.py:914} INFO - Processing file /home/airflow/.local/lib/python3.12/site-packages/airflow/example_dags/example_setup_teardown.py for tasks to queue
[2025-07-01T04:59:58.233+0000] {logging_mixin.py:190} INFO - [2025-07-01T04:59:58.233+0000] {dagbag.py:588} INFO - Filling up the DagBag from /home/airflow/.local/lib/python3.12/site-packages/airflow/example_dags/example_setup_teardown.py
[2025-07-01T04:59:58.241+0000] {processor.py:925} INFO - DAG(s) 'example_setup_teardown' retrieved from /home/airflow/.local/lib/python3.12/site-packages/airflow/example_dags/example_setup_teardown.py
[2025-07-01T04:59:58.260+0000] {logging_mixin.py:190} INFO - [2025-07-01T04:59:58.259+0000] {dag.py:3239} INFO - Sync 1 DAGs
[2025-07-01T04:59:58.273+0000] {logging_mixin.py:190} INFO - [2025-07-01T04:59:58.272+0000] {dag.py:4180} INFO - Setting next_dagrun for example_setup_teardown to None, run_after=None
[2025-07-01T04:59:58.289+0000] {processor.py:208} INFO - Processing /home/airflow/.local/lib/python3.12/site-packages/airflow/example_dags/example_setup_teardown.py took 0.067 seconds
[2025-07-01T05:00:29.121+0000] {processor.py:186} INFO - Started process (PID=24120) to work on /home/airflow/.local/lib/python3.12/site-packages/airflow/example_dags/example_setup_teardown.py
[2025-07-01T05:00:29.122+0000] {processor.py:914} INFO - Processing file /home/airflow/.local/lib/python3.12/site-packages/airflow/example_dags/example_setup_teardown.py for tasks to queue
[2025-07-01T05:00:29.125+0000] {logging_mixin.py:190} INFO - [2025-07-01T05:00:29.125+0000] {dagbag.py:588} INFO - Filling up the DagBag from /home/airflow/.local/lib/python3.12/site-packages/airflow/example_dags/example_setup_teardown.py
[2025-07-01T05:00:29.135+0000] {processor.py:925} INFO - DAG(s) 'example_setup_teardown' retrieved from /home/airflow/.local/lib/python3.12/site-packages/airflow/example_dags/example_setup_teardown.py
[2025-07-01T05:00:29.162+0000] {logging_mixin.py:190} INFO - [2025-07-01T05:00:29.161+0000] {dag.py:3239} INFO - Sync 1 DAGs
[2025-07-01T05:00:29.179+0000] {logging_mixin.py:190} INFO - [2025-07-01T05:00:29.178+0000] {dag.py:4180} INFO - Setting next_dagrun for example_setup_teardown to None, run_after=None
[2025-07-01T05:00:29.206+0000] {processor.py:208} INFO - Processing /home/airflow/.local/lib/python3.12/site-packages/airflow/example_dags/example_setup_teardown.py took 0.092 seconds
[2025-07-01T05:00:59.409+0000] {processor.py:186} INFO - Started process (PID=24182) to work on /home/airflow/.local/lib/python3.12/site-packages/airflow/example_dags/example_setup_teardown.py
[2025-07-01T05:00:59.410+0000] {processor.py:914} INFO - Processing file /home/airflow/.local/lib/python3.12/site-packages/airflow/example_dags/example_setup_teardown.py for tasks to queue
[2025-07-01T05:00:59.413+0000] {logging_mixin.py:190} INFO - [2025-07-01T05:00:59.413+0000] {dagbag.py:588} INFO - Filling up the DagBag from /home/airflow/.local/lib/python3.12/site-packages/airflow/example_dags/example_setup_teardown.py
[2025-07-01T05:00:59.426+0000] {processor.py:925} INFO - DAG(s) 'example_setup_teardown' retrieved from /home/airflow/.local/lib/python3.12/site-packages/airflow/example_dags/example_setup_teardown.py
[2025-07-01T05:00:59.451+0000] {logging_mixin.py:190} INFO - [2025-07-01T05:00:59.451+0000] {dag.py:3239} INFO - Sync 1 DAGs
[2025-07-01T05:00:59.469+0000] {logging_mixin.py:190} INFO - [2025-07-01T05:00:59.468+0000] {dag.py:4180} INFO - Setting next_dagrun for example_setup_teardown to None, run_after=None
[2025-07-01T05:00:59.489+0000] {processor.py:208} INFO - Processing /home/airflow/.local/lib/python3.12/site-packages/airflow/example_dags/example_setup_teardown.py took 0.087 seconds
[2025-07-01T05:01:29.636+0000] {processor.py:186} INFO - Started process (PID=24244) to work on /home/airflow/.local/lib/python3.12/site-packages/airflow/example_dags/example_setup_teardown.py
[2025-07-01T05:01:29.637+0000] {processor.py:914} INFO - Processing file /home/airflow/.local/lib/python3.12/site-packages/airflow/example_dags/example_setup_teardown.py for tasks to queue
[2025-07-01T05:01:29.640+0000] {logging_mixin.py:190} INFO - [2025-07-01T05:01:29.640+0000] {dagbag.py:588} INFO - Filling up the DagBag from /home/airflow/.local/lib/python3.12/site-packages/airflow/example_dags/example_setup_teardown.py
[2025-07-01T05:01:29.649+0000] {processor.py:925} INFO - DAG(s) 'example_setup_teardown' retrieved from /home/airflow/.local/lib/python3.12/site-packages/airflow/example_dags/example_setup_teardown.py
[2025-07-01T05:01:29.671+0000] {logging_mixin.py:190} INFO - [2025-07-01T05:01:29.671+0000] {dag.py:3239} INFO - Sync 1 DAGs
[2025-07-01T05:01:29.686+0000] {logging_mixin.py:190} INFO - [2025-07-01T05:01:29.685+0000] {dag.py:4180} INFO - Setting next_dagrun for example_setup_teardown to None, run_after=None
[2025-07-01T05:01:29.704+0000] {processor.py:208} INFO - Processing /home/airflow/.local/lib/python3.12/site-packages/airflow/example_dags/example_setup_teardown.py took 0.074 seconds
[2025-07-01T05:01:59.798+0000] {processor.py:186} INFO - Started process (PID=24306) to work on /home/airflow/.local/lib/python3.12/site-packages/airflow/example_dags/example_setup_teardown.py
[2025-07-01T05:01:59.799+0000] {processor.py:914} INFO - Processing file /home/airflow/.local/lib/python3.12/site-packages/airflow/example_dags/example_setup_teardown.py for tasks to queue
[2025-07-01T05:01:59.802+0000] {logging_mixin.py:190} INFO - [2025-07-01T05:01:59.801+0000] {dagbag.py:588} INFO - Filling up the DagBag from /home/airflow/.local/lib/python3.12/site-packages/airflow/example_dags/example_setup_teardown.py
[2025-07-01T05:01:59.810+0000] {processor.py:925} INFO - DAG(s) 'example_setup_teardown' retrieved from /home/airflow/.local/lib/python3.12/site-packages/airflow/example_dags/example_setup_teardown.py
[2025-07-01T05:01:59.830+0000] {logging_mixin.py:190} INFO - [2025-07-01T05:01:59.830+0000] {dag.py:3239} INFO - Sync 1 DAGs
[2025-07-01T05:01:59.843+0000] {logging_mixin.py:190} INFO - [2025-07-01T05:01:59.843+0000] {dag.py:4180} INFO - Setting next_dagrun for example_setup_teardown to None, run_after=None
[2025-07-01T05:01:59.860+0000] {processor.py:208} INFO - Processing /home/airflow/.local/lib/python3.12/site-packages/airflow/example_dags/example_setup_teardown.py took 0.068 seconds
[2025-07-01T05:02:29.976+0000] {processor.py:186} INFO - Started process (PID=24368) to work on /home/airflow/.local/lib/python3.12/site-packages/airflow/example_dags/example_setup_teardown.py
[2025-07-01T05:02:29.977+0000] {processor.py:914} INFO - Processing file /home/airflow/.local/lib/python3.12/site-packages/airflow/example_dags/example_setup_teardown.py for tasks to queue
[2025-07-01T05:02:29.980+0000] {logging_mixin.py:190} INFO - [2025-07-01T05:02:29.979+0000] {dagbag.py:588} INFO - Filling up the DagBag from /home/airflow/.local/lib/python3.12/site-packages/airflow/example_dags/example_setup_teardown.py
[2025-07-01T05:02:29.988+0000] {processor.py:925} INFO - DAG(s) 'example_setup_teardown' retrieved from /home/airflow/.local/lib/python3.12/site-packages/airflow/example_dags/example_setup_teardown.py
[2025-07-01T05:02:30.007+0000] {logging_mixin.py:190} INFO - [2025-07-01T05:02:30.006+0000] {dag.py:3239} INFO - Sync 1 DAGs
[2025-07-01T05:02:30.020+0000] {logging_mixin.py:190} INFO - [2025-07-01T05:02:30.019+0000] {dag.py:4180} INFO - Setting next_dagrun for example_setup_teardown to None, run_after=None
[2025-07-01T05:02:30.036+0000] {processor.py:208} INFO - Processing /home/airflow/.local/lib/python3.12/site-packages/airflow/example_dags/example_setup_teardown.py took 0.066 seconds
[2025-07-01T05:03:00.273+0000] {processor.py:186} INFO - Started process (PID=24430) to work on /home/airflow/.local/lib/python3.12/site-packages/airflow/example_dags/example_setup_teardown.py
[2025-07-01T05:03:00.274+0000] {processor.py:914} INFO - Processing file /home/airflow/.local/lib/python3.12/site-packages/airflow/example_dags/example_setup_teardown.py for tasks to queue
[2025-07-01T05:03:00.276+0000] {logging_mixin.py:190} INFO - [2025-07-01T05:03:00.276+0000] {dagbag.py:588} INFO - Filling up the DagBag from /home/airflow/.local/lib/python3.12/site-packages/airflow/example_dags/example_setup_teardown.py
[2025-07-01T05:03:00.284+0000] {processor.py:925} INFO - DAG(s) 'example_setup_teardown' retrieved from /home/airflow/.local/lib/python3.12/site-packages/airflow/example_dags/example_setup_teardown.py
[2025-07-01T05:03:00.303+0000] {logging_mixin.py:190} INFO - [2025-07-01T05:03:00.303+0000] {dag.py:3239} INFO - Sync 1 DAGs
[2025-07-01T05:03:00.316+0000] {logging_mixin.py:190} INFO - [2025-07-01T05:03:00.316+0000] {dag.py:4180} INFO - Setting next_dagrun for example_setup_teardown to None, run_after=None
[2025-07-01T05:03:00.332+0000] {processor.py:208} INFO - Processing /home/airflow/.local/lib/python3.12/site-packages/airflow/example_dags/example_setup_teardown.py took 0.065 seconds
[2025-07-01T05:03:30.823+0000] {processor.py:186} INFO - Started process (PID=24492) to work on /home/airflow/.local/lib/python3.12/site-packages/airflow/example_dags/example_setup_teardown.py
[2025-07-01T05:03:30.824+0000] {processor.py:914} INFO - Processing file /home/airflow/.local/lib/python3.12/site-packages/airflow/example_dags/example_setup_teardown.py for tasks to queue
[2025-07-01T05:03:30.827+0000] {logging_mixin.py:190} INFO - [2025-07-01T05:03:30.826+0000] {dagbag.py:588} INFO - Filling up the DagBag from /home/airflow/.local/lib/python3.12/site-packages/airflow/example_dags/example_setup_teardown.py
[2025-07-01T05:03:30.835+0000] {processor.py:925} INFO - DAG(s) 'example_setup_teardown' retrieved from /home/airflow/.local/lib/python3.12/site-packages/airflow/example_dags/example_setup_teardown.py
[2025-07-01T05:03:30.853+0000] {logging_mixin.py:190} INFO - [2025-07-01T05:03:30.853+0000] {dag.py:3239} INFO - Sync 1 DAGs
[2025-07-01T05:03:30.866+0000] {logging_mixin.py:190} INFO - [2025-07-01T05:03:30.866+0000] {dag.py:4180} INFO - Setting next_dagrun for example_setup_teardown to None, run_after=None
[2025-07-01T05:03:30.883+0000] {processor.py:208} INFO - Processing /home/airflow/.local/lib/python3.12/site-packages/airflow/example_dags/example_setup_teardown.py took 0.067 seconds
[2025-07-01T05:04:01.537+0000] {processor.py:186} INFO - Started process (PID=24554) to work on /home/airflow/.local/lib/python3.12/site-packages/airflow/example_dags/example_setup_teardown.py
[2025-07-01T05:04:01.538+0000] {processor.py:914} INFO - Processing file /home/airflow/.local/lib/python3.12/site-packages/airflow/example_dags/example_setup_teardown.py for tasks to queue
[2025-07-01T05:04:01.541+0000] {logging_mixin.py:190} INFO - [2025-07-01T05:04:01.541+0000] {dagbag.py:588} INFO - Filling up the DagBag from /home/airflow/.local/lib/python3.12/site-packages/airflow/example_dags/example_setup_teardown.py
[2025-07-01T05:04:01.549+0000] {processor.py:925} INFO - DAG(s) 'example_setup_teardown' retrieved from /home/airflow/.local/lib/python3.12/site-packages/airflow/example_dags/example_setup_teardown.py
[2025-07-01T05:04:01.567+0000] {logging_mixin.py:190} INFO - [2025-07-01T05:04:01.567+0000] {dag.py:3239} INFO - Sync 1 DAGs
[2025-07-01T05:04:01.580+0000] {logging_mixin.py:190} INFO - [2025-07-01T05:04:01.580+0000] {dag.py:4180} INFO - Setting next_dagrun for example_setup_teardown to None, run_after=None
[2025-07-01T05:04:01.596+0000] {processor.py:208} INFO - Processing /home/airflow/.local/lib/python3.12/site-packages/airflow/example_dags/example_setup_teardown.py took 0.065 seconds
[2025-07-01T05:04:32.096+0000] {processor.py:186} INFO - Started process (PID=24616) to work on /home/airflow/.local/lib/python3.12/site-packages/airflow/example_dags/example_setup_teardown.py
[2025-07-01T05:04:32.097+0000] {processor.py:914} INFO - Processing file /home/airflow/.local/lib/python3.12/site-packages/airflow/example_dags/example_setup_teardown.py for tasks to queue
[2025-07-01T05:04:32.099+0000] {logging_mixin.py:190} INFO - [2025-07-01T05:04:32.099+0000] {dagbag.py:588} INFO - Filling up the DagBag from /home/airflow/.local/lib/python3.12/site-packages/airflow/example_dags/example_setup_teardown.py
[2025-07-01T05:04:32.107+0000] {processor.py:925} INFO - DAG(s) 'example_setup_teardown' retrieved from /home/airflow/.local/lib/python3.12/site-packages/airflow/example_dags/example_setup_teardown.py
[2025-07-01T05:04:32.126+0000] {logging_mixin.py:190} INFO - [2025-07-01T05:04:32.126+0000] {dag.py:3239} INFO - Sync 1 DAGs
[2025-07-01T05:04:32.139+0000] {logging_mixin.py:190} INFO - [2025-07-01T05:04:32.139+0000] {dag.py:4180} INFO - Setting next_dagrun for example_setup_teardown to None, run_after=None
[2025-07-01T05:04:32.155+0000] {processor.py:208} INFO - Processing /home/airflow/.local/lib/python3.12/site-packages/airflow/example_dags/example_setup_teardown.py took 0.066 seconds
[2025-07-01T05:05:02.822+0000] {processor.py:186} INFO - Started process (PID=24678) to work on /home/airflow/.local/lib/python3.12/site-packages/airflow/example_dags/example_setup_teardown.py
[2025-07-01T05:05:02.823+0000] {processor.py:914} INFO - Processing file /home/airflow/.local/lib/python3.12/site-packages/airflow/example_dags/example_setup_teardown.py for tasks to queue
[2025-07-01T05:05:02.826+0000] {logging_mixin.py:190} INFO - [2025-07-01T05:05:02.826+0000] {dagbag.py:588} INFO - Filling up the DagBag from /home/airflow/.local/lib/python3.12/site-packages/airflow/example_dags/example_setup_teardown.py
[2025-07-01T05:05:02.834+0000] {processor.py:925} INFO - DAG(s) 'example_setup_teardown' retrieved from /home/airflow/.local/lib/python3.12/site-packages/airflow/example_dags/example_setup_teardown.py
[2025-07-01T05:05:02.853+0000] {logging_mixin.py:190} INFO - [2025-07-01T05:05:02.852+0000] {dag.py:3239} INFO - Sync 1 DAGs
[2025-07-01T05:05:02.866+0000] {logging_mixin.py:190} INFO - [2025-07-01T05:05:02.865+0000] {dag.py:4180} INFO - Setting next_dagrun for example_setup_teardown to None, run_after=None
[2025-07-01T05:05:02.882+0000] {processor.py:208} INFO - Processing /home/airflow/.local/lib/python3.12/site-packages/airflow/example_dags/example_setup_teardown.py took 0.065 seconds
[2025-07-01T05:05:33.526+0000] {processor.py:186} INFO - Started process (PID=24740) to work on /home/airflow/.local/lib/python3.12/site-packages/airflow/example_dags/example_setup_teardown.py
[2025-07-01T05:05:33.527+0000] {processor.py:914} INFO - Processing file /home/airflow/.local/lib/python3.12/site-packages/airflow/example_dags/example_setup_teardown.py for tasks to queue
[2025-07-01T05:05:33.530+0000] {logging_mixin.py:190} INFO - [2025-07-01T05:05:33.529+0000] {dagbag.py:588} INFO - Filling up the DagBag from /home/airflow/.local/lib/python3.12/site-packages/airflow/example_dags/example_setup_teardown.py
[2025-07-01T05:05:33.537+0000] {processor.py:925} INFO - DAG(s) 'example_setup_teardown' retrieved from /home/airflow/.local/lib/python3.12/site-packages/airflow/example_dags/example_setup_teardown.py
[2025-07-01T05:05:33.557+0000] {logging_mixin.py:190} INFO - [2025-07-01T05:05:33.556+0000] {dag.py:3239} INFO - Sync 1 DAGs
[2025-07-01T05:05:33.570+0000] {logging_mixin.py:190} INFO - [2025-07-01T05:05:33.569+0000] {dag.py:4180} INFO - Setting next_dagrun for example_setup_teardown to None, run_after=None
[2025-07-01T05:05:33.586+0000] {processor.py:208} INFO - Processing /home/airflow/.local/lib/python3.12/site-packages/airflow/example_dags/example_setup_teardown.py took 0.067 seconds
[2025-07-01T05:06:04.449+0000] {processor.py:186} INFO - Started process (PID=24802) to work on /home/airflow/.local/lib/python3.12/site-packages/airflow/example_dags/example_setup_teardown.py
[2025-07-01T05:06:04.451+0000] {processor.py:914} INFO - Processing file /home/airflow/.local/lib/python3.12/site-packages/airflow/example_dags/example_setup_teardown.py for tasks to queue
[2025-07-01T05:06:04.455+0000] {logging_mixin.py:190} INFO - [2025-07-01T05:06:04.454+0000] {dagbag.py:588} INFO - Filling up the DagBag from /home/airflow/.local/lib/python3.12/site-packages/airflow/example_dags/example_setup_teardown.py
[2025-07-01T05:06:04.464+0000] {processor.py:925} INFO - DAG(s) 'example_setup_teardown' retrieved from /home/airflow/.local/lib/python3.12/site-packages/airflow/example_dags/example_setup_teardown.py
[2025-07-01T05:06:04.483+0000] {logging_mixin.py:190} INFO - [2025-07-01T05:06:04.483+0000] {dag.py:3239} INFO - Sync 1 DAGs
[2025-07-01T05:06:04.496+0000] {logging_mixin.py:190} INFO - [2025-07-01T05:06:04.495+0000] {dag.py:4180} INFO - Setting next_dagrun for example_setup_teardown to None, run_after=None
[2025-07-01T05:06:04.511+0000] {processor.py:208} INFO - Processing /home/airflow/.local/lib/python3.12/site-packages/airflow/example_dags/example_setup_teardown.py took 0.070 seconds
[2025-07-01T05:06:35.201+0000] {processor.py:186} INFO - Started process (PID=24864) to work on /home/airflow/.local/lib/python3.12/site-packages/airflow/example_dags/example_setup_teardown.py
[2025-07-01T05:06:35.202+0000] {processor.py:914} INFO - Processing file /home/airflow/.local/lib/python3.12/site-packages/airflow/example_dags/example_setup_teardown.py for tasks to queue
[2025-07-01T05:06:35.205+0000] {logging_mixin.py:190} INFO - [2025-07-01T05:06:35.204+0000] {dagbag.py:588} INFO - Filling up the DagBag from /home/airflow/.local/lib/python3.12/site-packages/airflow/example_dags/example_setup_teardown.py
[2025-07-01T05:06:35.213+0000] {processor.py:925} INFO - DAG(s) 'example_setup_teardown' retrieved from /home/airflow/.local/lib/python3.12/site-packages/airflow/example_dags/example_setup_teardown.py
[2025-07-01T05:06:35.232+0000] {logging_mixin.py:190} INFO - [2025-07-01T05:06:35.231+0000] {dag.py:3239} INFO - Sync 1 DAGs
[2025-07-01T05:06:35.245+0000] {logging_mixin.py:190} INFO - [2025-07-01T05:06:35.244+0000] {dag.py:4180} INFO - Setting next_dagrun for example_setup_teardown to None, run_after=None
[2025-07-01T05:06:35.261+0000] {processor.py:208} INFO - Processing /home/airflow/.local/lib/python3.12/site-packages/airflow/example_dags/example_setup_teardown.py took 0.065 seconds
[2025-07-01T05:07:05.964+0000] {processor.py:186} INFO - Started process (PID=24926) to work on /home/airflow/.local/lib/python3.12/site-packages/airflow/example_dags/example_setup_teardown.py
[2025-07-01T05:07:05.965+0000] {processor.py:914} INFO - Processing file /home/airflow/.local/lib/python3.12/site-packages/airflow/example_dags/example_setup_teardown.py for tasks to queue
[2025-07-01T05:07:05.970+0000] {logging_mixin.py:190} INFO - [2025-07-01T05:07:05.970+0000] {dagbag.py:588} INFO - Filling up the DagBag from /home/airflow/.local/lib/python3.12/site-packages/airflow/example_dags/example_setup_teardown.py
[2025-07-01T05:07:05.981+0000] {processor.py:925} INFO - DAG(s) 'example_setup_teardown' retrieved from /home/airflow/.local/lib/python3.12/site-packages/airflow/example_dags/example_setup_teardown.py
[2025-07-01T05:07:06.003+0000] {logging_mixin.py:190} INFO - [2025-07-01T05:07:06.003+0000] {dag.py:3239} INFO - Sync 1 DAGs
[2025-07-01T05:07:06.020+0000] {logging_mixin.py:190} INFO - [2025-07-01T05:07:06.019+0000] {dag.py:4180} INFO - Setting next_dagrun for example_setup_teardown to None, run_after=None
[2025-07-01T05:07:06.040+0000] {processor.py:208} INFO - Processing /home/airflow/.local/lib/python3.12/site-packages/airflow/example_dags/example_setup_teardown.py took 0.086 seconds
[2025-07-01T05:07:36.574+0000] {processor.py:186} INFO - Started process (PID=24988) to work on /home/airflow/.local/lib/python3.12/site-packages/airflow/example_dags/example_setup_teardown.py
[2025-07-01T05:07:36.575+0000] {processor.py:914} INFO - Processing file /home/airflow/.local/lib/python3.12/site-packages/airflow/example_dags/example_setup_teardown.py for tasks to queue
[2025-07-01T05:07:36.577+0000] {logging_mixin.py:190} INFO - [2025-07-01T05:07:36.577+0000] {dagbag.py:588} INFO - Filling up the DagBag from /home/airflow/.local/lib/python3.12/site-packages/airflow/example_dags/example_setup_teardown.py
[2025-07-01T05:07:36.585+0000] {processor.py:925} INFO - DAG(s) 'example_setup_teardown' retrieved from /home/airflow/.local/lib/python3.12/site-packages/airflow/example_dags/example_setup_teardown.py
[2025-07-01T05:07:36.603+0000] {logging_mixin.py:190} INFO - [2025-07-01T05:07:36.603+0000] {dag.py:3239} INFO - Sync 1 DAGs
[2025-07-01T05:07:36.617+0000] {logging_mixin.py:190} INFO - [2025-07-01T05:07:36.617+0000] {dag.py:4180} INFO - Setting next_dagrun for example_setup_teardown to None, run_after=None
[2025-07-01T05:07:36.636+0000] {processor.py:208} INFO - Processing /home/airflow/.local/lib/python3.12/site-packages/airflow/example_dags/example_setup_teardown.py took 0.069 seconds
[2025-07-01T05:08:07.674+0000] {processor.py:186} INFO - Started process (PID=25050) to work on /home/airflow/.local/lib/python3.12/site-packages/airflow/example_dags/example_setup_teardown.py
[2025-07-01T05:08:07.675+0000] {processor.py:914} INFO - Processing file /home/airflow/.local/lib/python3.12/site-packages/airflow/example_dags/example_setup_teardown.py for tasks to queue
[2025-07-01T05:08:07.678+0000] {logging_mixin.py:190} INFO - [2025-07-01T05:08:07.678+0000] {dagbag.py:588} INFO - Filling up the DagBag from /home/airflow/.local/lib/python3.12/site-packages/airflow/example_dags/example_setup_teardown.py
[2025-07-01T05:08:07.686+0000] {processor.py:925} INFO - DAG(s) 'example_setup_teardown' retrieved from /home/airflow/.local/lib/python3.12/site-packages/airflow/example_dags/example_setup_teardown.py
[2025-07-01T05:08:07.705+0000] {logging_mixin.py:190} INFO - [2025-07-01T05:08:07.705+0000] {dag.py:3239} INFO - Sync 1 DAGs
[2025-07-01T05:08:07.718+0000] {logging_mixin.py:190} INFO - [2025-07-01T05:08:07.718+0000] {dag.py:4180} INFO - Setting next_dagrun for example_setup_teardown to None, run_after=None
[2025-07-01T05:08:07.735+0000] {processor.py:208} INFO - Processing /home/airflow/.local/lib/python3.12/site-packages/airflow/example_dags/example_setup_teardown.py took 0.067 seconds
[2025-07-01T05:08:37.886+0000] {processor.py:186} INFO - Started process (PID=25112) to work on /home/airflow/.local/lib/python3.12/site-packages/airflow/example_dags/example_setup_teardown.py
[2025-07-01T05:08:37.887+0000] {processor.py:914} INFO - Processing file /home/airflow/.local/lib/python3.12/site-packages/airflow/example_dags/example_setup_teardown.py for tasks to queue
[2025-07-01T05:08:37.890+0000] {logging_mixin.py:190} INFO - [2025-07-01T05:08:37.890+0000] {dagbag.py:588} INFO - Filling up the DagBag from /home/airflow/.local/lib/python3.12/site-packages/airflow/example_dags/example_setup_teardown.py
[2025-07-01T05:08:37.898+0000] {processor.py:925} INFO - DAG(s) 'example_setup_teardown' retrieved from /home/airflow/.local/lib/python3.12/site-packages/airflow/example_dags/example_setup_teardown.py
[2025-07-01T05:08:37.920+0000] {logging_mixin.py:190} INFO - [2025-07-01T05:08:37.919+0000] {dag.py:3239} INFO - Sync 1 DAGs
[2025-07-01T05:08:37.933+0000] {logging_mixin.py:190} INFO - [2025-07-01T05:08:37.932+0000] {dag.py:4180} INFO - Setting next_dagrun for example_setup_teardown to None, run_after=None
[2025-07-01T05:08:37.949+0000] {processor.py:208} INFO - Processing /home/airflow/.local/lib/python3.12/site-packages/airflow/example_dags/example_setup_teardown.py took 0.069 seconds
[2025-07-01T05:09:08.064+0000] {processor.py:186} INFO - Started process (PID=25174) to work on /home/airflow/.local/lib/python3.12/site-packages/airflow/example_dags/example_setup_teardown.py
[2025-07-01T05:09:08.068+0000] {processor.py:914} INFO - Processing file /home/airflow/.local/lib/python3.12/site-packages/airflow/example_dags/example_setup_teardown.py for tasks to queue
[2025-07-01T05:09:08.072+0000] {logging_mixin.py:190} INFO - [2025-07-01T05:09:08.072+0000] {dagbag.py:588} INFO - Filling up the DagBag from /home/airflow/.local/lib/python3.12/site-packages/airflow/example_dags/example_setup_teardown.py
[2025-07-01T05:09:08.083+0000] {processor.py:925} INFO - DAG(s) 'example_setup_teardown' retrieved from /home/airflow/.local/lib/python3.12/site-packages/airflow/example_dags/example_setup_teardown.py
[2025-07-01T05:09:08.105+0000] {logging_mixin.py:190} INFO - [2025-07-01T05:09:08.105+0000] {dag.py:3239} INFO - Sync 1 DAGs
[2025-07-01T05:09:08.119+0000] {logging_mixin.py:190} INFO - [2025-07-01T05:09:08.119+0000] {dag.py:4180} INFO - Setting next_dagrun for example_setup_teardown to None, run_after=None
[2025-07-01T05:09:08.140+0000] {processor.py:208} INFO - Processing /home/airflow/.local/lib/python3.12/site-packages/airflow/example_dags/example_setup_teardown.py took 0.083 seconds
[2025-07-01T05:09:38.854+0000] {processor.py:186} INFO - Started process (PID=25236) to work on /home/airflow/.local/lib/python3.12/site-packages/airflow/example_dags/example_setup_teardown.py
[2025-07-01T05:09:38.855+0000] {processor.py:914} INFO - Processing file /home/airflow/.local/lib/python3.12/site-packages/airflow/example_dags/example_setup_teardown.py for tasks to queue
[2025-07-01T05:09:38.858+0000] {logging_mixin.py:190} INFO - [2025-07-01T05:09:38.858+0000] {dagbag.py:588} INFO - Filling up the DagBag from /home/airflow/.local/lib/python3.12/site-packages/airflow/example_dags/example_setup_teardown.py
[2025-07-01T05:09:38.870+0000] {processor.py:925} INFO - DAG(s) 'example_setup_teardown' retrieved from /home/airflow/.local/lib/python3.12/site-packages/airflow/example_dags/example_setup_teardown.py
[2025-07-01T05:09:38.889+0000] {logging_mixin.py:190} INFO - [2025-07-01T05:09:38.888+0000] {dag.py:3239} INFO - Sync 1 DAGs
[2025-07-01T05:09:38.902+0000] {logging_mixin.py:190} INFO - [2025-07-01T05:09:38.901+0000] {dag.py:4180} INFO - Setting next_dagrun for example_setup_teardown to None, run_after=None
[2025-07-01T05:09:38.917+0000] {processor.py:208} INFO - Processing /home/airflow/.local/lib/python3.12/site-packages/airflow/example_dags/example_setup_teardown.py took 0.070 seconds
[2025-07-01T05:10:09.605+0000] {processor.py:186} INFO - Started process (PID=25298) to work on /home/airflow/.local/lib/python3.12/site-packages/airflow/example_dags/example_setup_teardown.py
[2025-07-01T05:10:09.607+0000] {processor.py:914} INFO - Processing file /home/airflow/.local/lib/python3.12/site-packages/airflow/example_dags/example_setup_teardown.py for tasks to queue
[2025-07-01T05:10:09.610+0000] {logging_mixin.py:190} INFO - [2025-07-01T05:10:09.609+0000] {dagbag.py:588} INFO - Filling up the DagBag from /home/airflow/.local/lib/python3.12/site-packages/airflow/example_dags/example_setup_teardown.py
[2025-07-01T05:10:09.624+0000] {processor.py:925} INFO - DAG(s) 'example_setup_teardown' retrieved from /home/airflow/.local/lib/python3.12/site-packages/airflow/example_dags/example_setup_teardown.py
[2025-07-01T05:10:09.660+0000] {logging_mixin.py:190} INFO - [2025-07-01T05:10:09.660+0000] {dag.py:3239} INFO - Sync 1 DAGs
[2025-07-01T05:10:09.674+0000] {logging_mixin.py:190} INFO - [2025-07-01T05:10:09.674+0000] {dag.py:4180} INFO - Setting next_dagrun for example_setup_teardown to None, run_after=None
[2025-07-01T05:10:09.691+0000] {processor.py:208} INFO - Processing /home/airflow/.local/lib/python3.12/site-packages/airflow/example_dags/example_setup_teardown.py took 0.093 seconds
[2025-07-01T05:10:40.404+0000] {processor.py:186} INFO - Started process (PID=25360) to work on /home/airflow/.local/lib/python3.12/site-packages/airflow/example_dags/example_setup_teardown.py
[2025-07-01T05:10:40.405+0000] {processor.py:914} INFO - Processing file /home/airflow/.local/lib/python3.12/site-packages/airflow/example_dags/example_setup_teardown.py for tasks to queue
[2025-07-01T05:10:40.407+0000] {logging_mixin.py:190} INFO - [2025-07-01T05:10:40.407+0000] {dagbag.py:588} INFO - Filling up the DagBag from /home/airflow/.local/lib/python3.12/site-packages/airflow/example_dags/example_setup_teardown.py
[2025-07-01T05:10:40.415+0000] {processor.py:925} INFO - DAG(s) 'example_setup_teardown' retrieved from /home/airflow/.local/lib/python3.12/site-packages/airflow/example_dags/example_setup_teardown.py
[2025-07-01T05:10:40.434+0000] {logging_mixin.py:190} INFO - [2025-07-01T05:10:40.434+0000] {dag.py:3239} INFO - Sync 1 DAGs
[2025-07-01T05:10:40.447+0000] {logging_mixin.py:190} INFO - [2025-07-01T05:10:40.447+0000] {dag.py:4180} INFO - Setting next_dagrun for example_setup_teardown to None, run_after=None
[2025-07-01T05:10:40.463+0000] {processor.py:208} INFO - Processing /home/airflow/.local/lib/python3.12/site-packages/airflow/example_dags/example_setup_teardown.py took 0.066 seconds
[2025-07-01T05:11:11.225+0000] {processor.py:186} INFO - Started process (PID=25422) to work on /home/airflow/.local/lib/python3.12/site-packages/airflow/example_dags/example_setup_teardown.py
[2025-07-01T05:11:11.226+0000] {processor.py:914} INFO - Processing file /home/airflow/.local/lib/python3.12/site-packages/airflow/example_dags/example_setup_teardown.py for tasks to queue
[2025-07-01T05:11:11.229+0000] {logging_mixin.py:190} INFO - [2025-07-01T05:11:11.229+0000] {dagbag.py:588} INFO - Filling up the DagBag from /home/airflow/.local/lib/python3.12/site-packages/airflow/example_dags/example_setup_teardown.py
[2025-07-01T05:11:11.237+0000] {processor.py:925} INFO - DAG(s) 'example_setup_teardown' retrieved from /home/airflow/.local/lib/python3.12/site-packages/airflow/example_dags/example_setup_teardown.py
[2025-07-01T05:11:11.256+0000] {logging_mixin.py:190} INFO - [2025-07-01T05:11:11.255+0000] {dag.py:3239} INFO - Sync 1 DAGs
[2025-07-01T05:11:11.268+0000] {logging_mixin.py:190} INFO - [2025-07-01T05:11:11.268+0000] {dag.py:4180} INFO - Setting next_dagrun for example_setup_teardown to None, run_after=None
[2025-07-01T05:11:11.284+0000] {processor.py:208} INFO - Processing /home/airflow/.local/lib/python3.12/site-packages/airflow/example_dags/example_setup_teardown.py took 0.065 seconds
[2025-07-01T05:11:41.954+0000] {processor.py:186} INFO - Started process (PID=25484) to work on /home/airflow/.local/lib/python3.12/site-packages/airflow/example_dags/example_setup_teardown.py
[2025-07-01T05:11:41.955+0000] {processor.py:914} INFO - Processing file /home/airflow/.local/lib/python3.12/site-packages/airflow/example_dags/example_setup_teardown.py for tasks to queue
[2025-07-01T05:11:41.958+0000] {logging_mixin.py:190} INFO - [2025-07-01T05:11:41.957+0000] {dagbag.py:588} INFO - Filling up the DagBag from /home/airflow/.local/lib/python3.12/site-packages/airflow/example_dags/example_setup_teardown.py
[2025-07-01T05:11:41.966+0000] {processor.py:925} INFO - DAG(s) 'example_setup_teardown' retrieved from /home/airflow/.local/lib/python3.12/site-packages/airflow/example_dags/example_setup_teardown.py
[2025-07-01T05:11:41.985+0000] {logging_mixin.py:190} INFO - [2025-07-01T05:11:41.984+0000] {dag.py:3239} INFO - Sync 1 DAGs
[2025-07-01T05:11:41.998+0000] {logging_mixin.py:190} INFO - [2025-07-01T05:11:41.998+0000] {dag.py:4180} INFO - Setting next_dagrun for example_setup_teardown to None, run_after=None
[2025-07-01T05:11:42.014+0000] {processor.py:208} INFO - Processing /home/airflow/.local/lib/python3.12/site-packages/airflow/example_dags/example_setup_teardown.py took 0.066 seconds
[2025-07-01T05:12:12.681+0000] {processor.py:186} INFO - Started process (PID=25546) to work on /home/airflow/.local/lib/python3.12/site-packages/airflow/example_dags/example_setup_teardown.py
[2025-07-01T05:12:12.682+0000] {processor.py:914} INFO - Processing file /home/airflow/.local/lib/python3.12/site-packages/airflow/example_dags/example_setup_teardown.py for tasks to queue
[2025-07-01T05:12:12.685+0000] {logging_mixin.py:190} INFO - [2025-07-01T05:12:12.685+0000] {dagbag.py:588} INFO - Filling up the DagBag from /home/airflow/.local/lib/python3.12/site-packages/airflow/example_dags/example_setup_teardown.py
[2025-07-01T05:12:12.695+0000] {processor.py:925} INFO - DAG(s) 'example_setup_teardown' retrieved from /home/airflow/.local/lib/python3.12/site-packages/airflow/example_dags/example_setup_teardown.py
[2025-07-01T05:12:12.716+0000] {logging_mixin.py:190} INFO - [2025-07-01T05:12:12.716+0000] {dag.py:3239} INFO - Sync 1 DAGs
[2025-07-01T05:12:12.729+0000] {logging_mixin.py:190} INFO - [2025-07-01T05:12:12.729+0000] {dag.py:4180} INFO - Setting next_dagrun for example_setup_teardown to None, run_after=None
[2025-07-01T05:12:12.746+0000] {processor.py:208} INFO - Processing /home/airflow/.local/lib/python3.12/site-packages/airflow/example_dags/example_setup_teardown.py took 0.073 seconds
[2025-07-01T05:12:43.318+0000] {processor.py:186} INFO - Started process (PID=25608) to work on /home/airflow/.local/lib/python3.12/site-packages/airflow/example_dags/example_setup_teardown.py
[2025-07-01T05:12:43.319+0000] {processor.py:914} INFO - Processing file /home/airflow/.local/lib/python3.12/site-packages/airflow/example_dags/example_setup_teardown.py for tasks to queue
[2025-07-01T05:12:43.322+0000] {logging_mixin.py:190} INFO - [2025-07-01T05:12:43.322+0000] {dagbag.py:588} INFO - Filling up the DagBag from /home/airflow/.local/lib/python3.12/site-packages/airflow/example_dags/example_setup_teardown.py
[2025-07-01T05:12:43.330+0000] {processor.py:925} INFO - DAG(s) 'example_setup_teardown' retrieved from /home/airflow/.local/lib/python3.12/site-packages/airflow/example_dags/example_setup_teardown.py
[2025-07-01T05:12:43.349+0000] {logging_mixin.py:190} INFO - [2025-07-01T05:12:43.349+0000] {dag.py:3239} INFO - Sync 1 DAGs
[2025-07-01T05:12:43.362+0000] {logging_mixin.py:190} INFO - [2025-07-01T05:12:43.362+0000] {dag.py:4180} INFO - Setting next_dagrun for example_setup_teardown to None, run_after=None
[2025-07-01T05:12:43.378+0000] {processor.py:208} INFO - Processing /home/airflow/.local/lib/python3.12/site-packages/airflow/example_dags/example_setup_teardown.py took 0.066 seconds
[2025-07-01T05:13:13.856+0000] {processor.py:186} INFO - Started process (PID=25670) to work on /home/airflow/.local/lib/python3.12/site-packages/airflow/example_dags/example_setup_teardown.py
[2025-07-01T05:13:13.857+0000] {processor.py:914} INFO - Processing file /home/airflow/.local/lib/python3.12/site-packages/airflow/example_dags/example_setup_teardown.py for tasks to queue
[2025-07-01T05:13:13.862+0000] {logging_mixin.py:190} INFO - [2025-07-01T05:13:13.861+0000] {dagbag.py:588} INFO - Filling up the DagBag from /home/airflow/.local/lib/python3.12/site-packages/airflow/example_dags/example_setup_teardown.py
[2025-07-01T05:13:13.870+0000] {processor.py:925} INFO - DAG(s) 'example_setup_teardown' retrieved from /home/airflow/.local/lib/python3.12/site-packages/airflow/example_dags/example_setup_teardown.py
[2025-07-01T05:13:13.888+0000] {logging_mixin.py:190} INFO - [2025-07-01T05:13:13.888+0000] {dag.py:3239} INFO - Sync 1 DAGs
[2025-07-01T05:13:13.901+0000] {logging_mixin.py:190} INFO - [2025-07-01T05:13:13.901+0000] {dag.py:4180} INFO - Setting next_dagrun for example_setup_teardown to None, run_after=None
[2025-07-01T05:13:13.917+0000] {processor.py:208} INFO - Processing /home/airflow/.local/lib/python3.12/site-packages/airflow/example_dags/example_setup_teardown.py took 0.067 seconds
[2025-07-01T05:13:44.340+0000] {processor.py:186} INFO - Started process (PID=25732) to work on /home/airflow/.local/lib/python3.12/site-packages/airflow/example_dags/example_setup_teardown.py
[2025-07-01T05:13:44.341+0000] {processor.py:914} INFO - Processing file /home/airflow/.local/lib/python3.12/site-packages/airflow/example_dags/example_setup_teardown.py for tasks to queue
[2025-07-01T05:13:44.344+0000] {logging_mixin.py:190} INFO - [2025-07-01T05:13:44.343+0000] {dagbag.py:588} INFO - Filling up the DagBag from /home/airflow/.local/lib/python3.12/site-packages/airflow/example_dags/example_setup_teardown.py
[2025-07-01T05:13:44.352+0000] {processor.py:925} INFO - DAG(s) 'example_setup_teardown' retrieved from /home/airflow/.local/lib/python3.12/site-packages/airflow/example_dags/example_setup_teardown.py
[2025-07-01T05:13:44.370+0000] {logging_mixin.py:190} INFO - [2025-07-01T05:13:44.370+0000] {dag.py:3239} INFO - Sync 1 DAGs
[2025-07-01T05:13:44.383+0000] {logging_mixin.py:190} INFO - [2025-07-01T05:13:44.383+0000] {dag.py:4180} INFO - Setting next_dagrun for example_setup_teardown to None, run_after=None
[2025-07-01T05:13:44.399+0000] {processor.py:208} INFO - Processing /home/airflow/.local/lib/python3.12/site-packages/airflow/example_dags/example_setup_teardown.py took 0.065 seconds
[2025-07-01T05:14:14.912+0000] {processor.py:186} INFO - Started process (PID=25794) to work on /home/airflow/.local/lib/python3.12/site-packages/airflow/example_dags/example_setup_teardown.py
[2025-07-01T05:14:14.913+0000] {processor.py:914} INFO - Processing file /home/airflow/.local/lib/python3.12/site-packages/airflow/example_dags/example_setup_teardown.py for tasks to queue
[2025-07-01T05:14:14.915+0000] {logging_mixin.py:190} INFO - [2025-07-01T05:14:14.915+0000] {dagbag.py:588} INFO - Filling up the DagBag from /home/airflow/.local/lib/python3.12/site-packages/airflow/example_dags/example_setup_teardown.py
[2025-07-01T05:14:14.923+0000] {processor.py:925} INFO - DAG(s) 'example_setup_teardown' retrieved from /home/airflow/.local/lib/python3.12/site-packages/airflow/example_dags/example_setup_teardown.py
[2025-07-01T05:14:14.942+0000] {logging_mixin.py:190} INFO - [2025-07-01T05:14:14.942+0000] {dag.py:3239} INFO - Sync 1 DAGs
[2025-07-01T05:14:14.955+0000] {logging_mixin.py:190} INFO - [2025-07-01T05:14:14.955+0000] {dag.py:4180} INFO - Setting next_dagrun for example_setup_teardown to None, run_after=None
[2025-07-01T05:14:14.971+0000] {processor.py:208} INFO - Processing /home/airflow/.local/lib/python3.12/site-packages/airflow/example_dags/example_setup_teardown.py took 0.065 seconds
[2025-07-01T05:14:45.403+0000] {processor.py:186} INFO - Started process (PID=25856) to work on /home/airflow/.local/lib/python3.12/site-packages/airflow/example_dags/example_setup_teardown.py
[2025-07-01T05:14:45.404+0000] {processor.py:914} INFO - Processing file /home/airflow/.local/lib/python3.12/site-packages/airflow/example_dags/example_setup_teardown.py for tasks to queue
[2025-07-01T05:14:45.406+0000] {logging_mixin.py:190} INFO - [2025-07-01T05:14:45.406+0000] {dagbag.py:588} INFO - Filling up the DagBag from /home/airflow/.local/lib/python3.12/site-packages/airflow/example_dags/example_setup_teardown.py
[2025-07-01T05:14:45.415+0000] {processor.py:925} INFO - DAG(s) 'example_setup_teardown' retrieved from /home/airflow/.local/lib/python3.12/site-packages/airflow/example_dags/example_setup_teardown.py
[2025-07-01T05:14:45.435+0000] {logging_mixin.py:190} INFO - [2025-07-01T05:14:45.435+0000] {dag.py:3239} INFO - Sync 1 DAGs
[2025-07-01T05:14:45.448+0000] {logging_mixin.py:190} INFO - [2025-07-01T05:14:45.448+0000] {dag.py:4180} INFO - Setting next_dagrun for example_setup_teardown to None, run_after=None
[2025-07-01T05:14:45.466+0000] {processor.py:208} INFO - Processing /home/airflow/.local/lib/python3.12/site-packages/airflow/example_dags/example_setup_teardown.py took 0.069 seconds
[2025-07-01T05:15:16.153+0000] {processor.py:186} INFO - Started process (PID=25918) to work on /home/airflow/.local/lib/python3.12/site-packages/airflow/example_dags/example_setup_teardown.py
[2025-07-01T05:15:16.154+0000] {processor.py:914} INFO - Processing file /home/airflow/.local/lib/python3.12/site-packages/airflow/example_dags/example_setup_teardown.py for tasks to queue
[2025-07-01T05:15:16.157+0000] {logging_mixin.py:190} INFO - [2025-07-01T05:15:16.157+0000] {dagbag.py:588} INFO - Filling up the DagBag from /home/airflow/.local/lib/python3.12/site-packages/airflow/example_dags/example_setup_teardown.py
[2025-07-01T05:15:16.165+0000] {processor.py:925} INFO - DAG(s) 'example_setup_teardown' retrieved from /home/airflow/.local/lib/python3.12/site-packages/airflow/example_dags/example_setup_teardown.py
[2025-07-01T05:15:16.183+0000] {logging_mixin.py:190} INFO - [2025-07-01T05:15:16.183+0000] {dag.py:3239} INFO - Sync 1 DAGs
[2025-07-01T05:15:16.196+0000] {logging_mixin.py:190} INFO - [2025-07-01T05:15:16.196+0000] {dag.py:4180} INFO - Setting next_dagrun for example_setup_teardown to None, run_after=None
[2025-07-01T05:15:16.212+0000] {processor.py:208} INFO - Processing /home/airflow/.local/lib/python3.12/site-packages/airflow/example_dags/example_setup_teardown.py took 0.065 seconds
[2025-07-01T05:15:46.826+0000] {processor.py:186} INFO - Started process (PID=25980) to work on /home/airflow/.local/lib/python3.12/site-packages/airflow/example_dags/example_setup_teardown.py
[2025-07-01T05:15:46.827+0000] {processor.py:914} INFO - Processing file /home/airflow/.local/lib/python3.12/site-packages/airflow/example_dags/example_setup_teardown.py for tasks to queue
[2025-07-01T05:15:46.830+0000] {logging_mixin.py:190} INFO - [2025-07-01T05:15:46.829+0000] {dagbag.py:588} INFO - Filling up the DagBag from /home/airflow/.local/lib/python3.12/site-packages/airflow/example_dags/example_setup_teardown.py
[2025-07-01T05:15:46.838+0000] {processor.py:925} INFO - DAG(s) 'example_setup_teardown' retrieved from /home/airflow/.local/lib/python3.12/site-packages/airflow/example_dags/example_setup_teardown.py
[2025-07-01T05:15:46.856+0000] {logging_mixin.py:190} INFO - [2025-07-01T05:15:46.856+0000] {dag.py:3239} INFO - Sync 1 DAGs
[2025-07-01T05:15:46.869+0000] {logging_mixin.py:190} INFO - [2025-07-01T05:15:46.869+0000] {dag.py:4180} INFO - Setting next_dagrun for example_setup_teardown to None, run_after=None
[2025-07-01T05:15:46.886+0000] {processor.py:208} INFO - Processing /home/airflow/.local/lib/python3.12/site-packages/airflow/example_dags/example_setup_teardown.py took 0.066 seconds
[2025-07-01T05:16:17.523+0000] {processor.py:186} INFO - Started process (PID=26042) to work on /home/airflow/.local/lib/python3.12/site-packages/airflow/example_dags/example_setup_teardown.py
[2025-07-01T05:16:17.524+0000] {processor.py:914} INFO - Processing file /home/airflow/.local/lib/python3.12/site-packages/airflow/example_dags/example_setup_teardown.py for tasks to queue
[2025-07-01T05:16:17.527+0000] {logging_mixin.py:190} INFO - [2025-07-01T05:16:17.527+0000] {dagbag.py:588} INFO - Filling up the DagBag from /home/airflow/.local/lib/python3.12/site-packages/airflow/example_dags/example_setup_teardown.py
[2025-07-01T05:16:17.535+0000] {processor.py:925} INFO - DAG(s) 'example_setup_teardown' retrieved from /home/airflow/.local/lib/python3.12/site-packages/airflow/example_dags/example_setup_teardown.py
[2025-07-01T05:16:17.554+0000] {logging_mixin.py:190} INFO - [2025-07-01T05:16:17.554+0000] {dag.py:3239} INFO - Sync 1 DAGs
[2025-07-01T05:16:17.568+0000] {logging_mixin.py:190} INFO - [2025-07-01T05:16:17.567+0000] {dag.py:4180} INFO - Setting next_dagrun for example_setup_teardown to None, run_after=None
[2025-07-01T05:16:17.586+0000] {processor.py:208} INFO - Processing /home/airflow/.local/lib/python3.12/site-packages/airflow/example_dags/example_setup_teardown.py took 0.070 seconds
[2025-07-01T05:16:48.305+0000] {processor.py:186} INFO - Started process (PID=26104) to work on /home/airflow/.local/lib/python3.12/site-packages/airflow/example_dags/example_setup_teardown.py
[2025-07-01T05:16:48.306+0000] {processor.py:914} INFO - Processing file /home/airflow/.local/lib/python3.12/site-packages/airflow/example_dags/example_setup_teardown.py for tasks to queue
[2025-07-01T05:16:48.309+0000] {logging_mixin.py:190} INFO - [2025-07-01T05:16:48.308+0000] {dagbag.py:588} INFO - Filling up the DagBag from /home/airflow/.local/lib/python3.12/site-packages/airflow/example_dags/example_setup_teardown.py
[2025-07-01T05:16:48.317+0000] {processor.py:925} INFO - DAG(s) 'example_setup_teardown' retrieved from /home/airflow/.local/lib/python3.12/site-packages/airflow/example_dags/example_setup_teardown.py
[2025-07-01T05:16:48.338+0000] {logging_mixin.py:190} INFO - [2025-07-01T05:16:48.337+0000] {dag.py:3239} INFO - Sync 1 DAGs
[2025-07-01T05:16:48.350+0000] {logging_mixin.py:190} INFO - [2025-07-01T05:16:48.350+0000] {dag.py:4180} INFO - Setting next_dagrun for example_setup_teardown to None, run_after=None
[2025-07-01T05:16:48.366+0000] {processor.py:208} INFO - Processing /home/airflow/.local/lib/python3.12/site-packages/airflow/example_dags/example_setup_teardown.py took 0.067 seconds
[2025-07-01T05:17:18.965+0000] {processor.py:186} INFO - Started process (PID=26166) to work on /home/airflow/.local/lib/python3.12/site-packages/airflow/example_dags/example_setup_teardown.py
[2025-07-01T05:17:18.966+0000] {processor.py:914} INFO - Processing file /home/airflow/.local/lib/python3.12/site-packages/airflow/example_dags/example_setup_teardown.py for tasks to queue
[2025-07-01T05:17:18.969+0000] {logging_mixin.py:190} INFO - [2025-07-01T05:17:18.969+0000] {dagbag.py:588} INFO - Filling up the DagBag from /home/airflow/.local/lib/python3.12/site-packages/airflow/example_dags/example_setup_teardown.py
[2025-07-01T05:17:18.981+0000] {processor.py:925} INFO - DAG(s) 'example_setup_teardown' retrieved from /home/airflow/.local/lib/python3.12/site-packages/airflow/example_dags/example_setup_teardown.py
[2025-07-01T05:17:19.003+0000] {logging_mixin.py:190} INFO - [2025-07-01T05:17:19.002+0000] {dag.py:3239} INFO - Sync 1 DAGs
[2025-07-01T05:17:19.022+0000] {logging_mixin.py:190} INFO - [2025-07-01T05:17:19.022+0000] {dag.py:4180} INFO - Setting next_dagrun for example_setup_teardown to None, run_after=None
[2025-07-01T05:17:19.042+0000] {processor.py:208} INFO - Processing /home/airflow/.local/lib/python3.12/site-packages/airflow/example_dags/example_setup_teardown.py took 0.085 seconds
[2025-07-01T05:17:49.726+0000] {processor.py:186} INFO - Started process (PID=26228) to work on /home/airflow/.local/lib/python3.12/site-packages/airflow/example_dags/example_setup_teardown.py
[2025-07-01T05:17:49.727+0000] {processor.py:914} INFO - Processing file /home/airflow/.local/lib/python3.12/site-packages/airflow/example_dags/example_setup_teardown.py for tasks to queue
[2025-07-01T05:17:49.730+0000] {logging_mixin.py:190} INFO - [2025-07-01T05:17:49.729+0000] {dagbag.py:588} INFO - Filling up the DagBag from /home/airflow/.local/lib/python3.12/site-packages/airflow/example_dags/example_setup_teardown.py
[2025-07-01T05:17:49.738+0000] {processor.py:925} INFO - DAG(s) 'example_setup_teardown' retrieved from /home/airflow/.local/lib/python3.12/site-packages/airflow/example_dags/example_setup_teardown.py
[2025-07-01T05:17:49.757+0000] {logging_mixin.py:190} INFO - [2025-07-01T05:17:49.757+0000] {dag.py:3239} INFO - Sync 1 DAGs
[2025-07-01T05:17:49.770+0000] {logging_mixin.py:190} INFO - [2025-07-01T05:17:49.770+0000] {dag.py:4180} INFO - Setting next_dagrun for example_setup_teardown to None, run_after=None
[2025-07-01T05:17:49.787+0000] {processor.py:208} INFO - Processing /home/airflow/.local/lib/python3.12/site-packages/airflow/example_dags/example_setup_teardown.py took 0.068 seconds
[2025-07-01T05:18:20.524+0000] {processor.py:186} INFO - Started process (PID=26290) to work on /home/airflow/.local/lib/python3.12/site-packages/airflow/example_dags/example_setup_teardown.py
[2025-07-01T05:18:20.525+0000] {processor.py:914} INFO - Processing file /home/airflow/.local/lib/python3.12/site-packages/airflow/example_dags/example_setup_teardown.py for tasks to queue
[2025-07-01T05:18:20.527+0000] {logging_mixin.py:190} INFO - [2025-07-01T05:18:20.527+0000] {dagbag.py:588} INFO - Filling up the DagBag from /home/airflow/.local/lib/python3.12/site-packages/airflow/example_dags/example_setup_teardown.py
[2025-07-01T05:18:20.535+0000] {processor.py:925} INFO - DAG(s) 'example_setup_teardown' retrieved from /home/airflow/.local/lib/python3.12/site-packages/airflow/example_dags/example_setup_teardown.py
[2025-07-01T05:18:20.554+0000] {logging_mixin.py:190} INFO - [2025-07-01T05:18:20.554+0000] {dag.py:3239} INFO - Sync 1 DAGs
[2025-07-01T05:18:20.567+0000] {logging_mixin.py:190} INFO - [2025-07-01T05:18:20.567+0000] {dag.py:4180} INFO - Setting next_dagrun for example_setup_teardown to None, run_after=None
[2025-07-01T05:18:20.583+0000] {processor.py:208} INFO - Processing /home/airflow/.local/lib/python3.12/site-packages/airflow/example_dags/example_setup_teardown.py took 0.065 seconds
[2025-07-01T05:18:51.451+0000] {processor.py:186} INFO - Started process (PID=26352) to work on /home/airflow/.local/lib/python3.12/site-packages/airflow/example_dags/example_setup_teardown.py
[2025-07-01T05:18:51.452+0000] {processor.py:914} INFO - Processing file /home/airflow/.local/lib/python3.12/site-packages/airflow/example_dags/example_setup_teardown.py for tasks to queue
[2025-07-01T05:18:51.455+0000] {logging_mixin.py:190} INFO - [2025-07-01T05:18:51.454+0000] {dagbag.py:588} INFO - Filling up the DagBag from /home/airflow/.local/lib/python3.12/site-packages/airflow/example_dags/example_setup_teardown.py
[2025-07-01T05:18:51.463+0000] {processor.py:925} INFO - DAG(s) 'example_setup_teardown' retrieved from /home/airflow/.local/lib/python3.12/site-packages/airflow/example_dags/example_setup_teardown.py
[2025-07-01T05:18:51.482+0000] {logging_mixin.py:190} INFO - [2025-07-01T05:18:51.482+0000] {dag.py:3239} INFO - Sync 1 DAGs
[2025-07-01T05:18:51.495+0000] {logging_mixin.py:190} INFO - [2025-07-01T05:18:51.494+0000] {dag.py:4180} INFO - Setting next_dagrun for example_setup_teardown to None, run_after=None
[2025-07-01T05:18:51.511+0000] {processor.py:208} INFO - Processing /home/airflow/.local/lib/python3.12/site-packages/airflow/example_dags/example_setup_teardown.py took 0.066 seconds
[2025-07-01T05:19:22.182+0000] {processor.py:186} INFO - Started process (PID=26415) to work on /home/airflow/.local/lib/python3.12/site-packages/airflow/example_dags/example_setup_teardown.py
[2025-07-01T05:19:22.183+0000] {processor.py:914} INFO - Processing file /home/airflow/.local/lib/python3.12/site-packages/airflow/example_dags/example_setup_teardown.py for tasks to queue
[2025-07-01T05:19:22.185+0000] {logging_mixin.py:190} INFO - [2025-07-01T05:19:22.185+0000] {dagbag.py:588} INFO - Filling up the DagBag from /home/airflow/.local/lib/python3.12/site-packages/airflow/example_dags/example_setup_teardown.py
[2025-07-01T05:19:22.193+0000] {processor.py:925} INFO - DAG(s) 'example_setup_teardown' retrieved from /home/airflow/.local/lib/python3.12/site-packages/airflow/example_dags/example_setup_teardown.py
[2025-07-01T05:19:22.212+0000] {logging_mixin.py:190} INFO - [2025-07-01T05:19:22.212+0000] {dag.py:3239} INFO - Sync 1 DAGs
[2025-07-01T05:19:22.225+0000] {logging_mixin.py:190} INFO - [2025-07-01T05:19:22.225+0000] {dag.py:4180} INFO - Setting next_dagrun for example_setup_teardown to None, run_after=None
[2025-07-01T05:19:22.241+0000] {processor.py:208} INFO - Processing /home/airflow/.local/lib/python3.12/site-packages/airflow/example_dags/example_setup_teardown.py took 0.065 seconds
[2025-07-01T05:19:53.017+0000] {processor.py:186} INFO - Started process (PID=26477) to work on /home/airflow/.local/lib/python3.12/site-packages/airflow/example_dags/example_setup_teardown.py
[2025-07-01T05:19:53.018+0000] {processor.py:914} INFO - Processing file /home/airflow/.local/lib/python3.12/site-packages/airflow/example_dags/example_setup_teardown.py for tasks to queue
[2025-07-01T05:19:53.020+0000] {logging_mixin.py:190} INFO - [2025-07-01T05:19:53.020+0000] {dagbag.py:588} INFO - Filling up the DagBag from /home/airflow/.local/lib/python3.12/site-packages/airflow/example_dags/example_setup_teardown.py
[2025-07-01T05:19:53.029+0000] {processor.py:925} INFO - DAG(s) 'example_setup_teardown' retrieved from /home/airflow/.local/lib/python3.12/site-packages/airflow/example_dags/example_setup_teardown.py
[2025-07-01T05:19:53.047+0000] {logging_mixin.py:190} INFO - [2025-07-01T05:19:53.047+0000] {dag.py:3239} INFO - Sync 1 DAGs
[2025-07-01T05:19:53.060+0000] {logging_mixin.py:190} INFO - [2025-07-01T05:19:53.060+0000] {dag.py:4180} INFO - Setting next_dagrun for example_setup_teardown to None, run_after=None
[2025-07-01T05:19:53.075+0000] {processor.py:208} INFO - Processing /home/airflow/.local/lib/python3.12/site-packages/airflow/example_dags/example_setup_teardown.py took 0.065 seconds
[2025-07-01T05:20:23.912+0000] {processor.py:186} INFO - Started process (PID=26539) to work on /home/airflow/.local/lib/python3.12/site-packages/airflow/example_dags/example_setup_teardown.py
[2025-07-01T05:20:23.914+0000] {processor.py:914} INFO - Processing file /home/airflow/.local/lib/python3.12/site-packages/airflow/example_dags/example_setup_teardown.py for tasks to queue
[2025-07-01T05:20:23.916+0000] {logging_mixin.py:190} INFO - [2025-07-01T05:20:23.916+0000] {dagbag.py:588} INFO - Filling up the DagBag from /home/airflow/.local/lib/python3.12/site-packages/airflow/example_dags/example_setup_teardown.py
[2025-07-01T05:20:23.924+0000] {processor.py:925} INFO - DAG(s) 'example_setup_teardown' retrieved from /home/airflow/.local/lib/python3.12/site-packages/airflow/example_dags/example_setup_teardown.py
[2025-07-01T05:20:23.944+0000] {logging_mixin.py:190} INFO - [2025-07-01T05:20:23.944+0000] {dag.py:3239} INFO - Sync 1 DAGs
[2025-07-01T05:20:23.958+0000] {logging_mixin.py:190} INFO - [2025-07-01T05:20:23.958+0000] {dag.py:4180} INFO - Setting next_dagrun for example_setup_teardown to None, run_after=None
[2025-07-01T05:20:23.976+0000] {processor.py:208} INFO - Processing /home/airflow/.local/lib/python3.12/site-packages/airflow/example_dags/example_setup_teardown.py took 0.069 seconds
[2025-07-01T05:20:54.521+0000] {processor.py:186} INFO - Started process (PID=26601) to work on /home/airflow/.local/lib/python3.12/site-packages/airflow/example_dags/example_setup_teardown.py
[2025-07-01T05:20:54.522+0000] {processor.py:914} INFO - Processing file /home/airflow/.local/lib/python3.12/site-packages/airflow/example_dags/example_setup_teardown.py for tasks to queue
[2025-07-01T05:20:54.525+0000] {logging_mixin.py:190} INFO - [2025-07-01T05:20:54.525+0000] {dagbag.py:588} INFO - Filling up the DagBag from /home/airflow/.local/lib/python3.12/site-packages/airflow/example_dags/example_setup_teardown.py
[2025-07-01T05:20:54.535+0000] {processor.py:925} INFO - DAG(s) 'example_setup_teardown' retrieved from /home/airflow/.local/lib/python3.12/site-packages/airflow/example_dags/example_setup_teardown.py
[2025-07-01T05:20:54.556+0000] {logging_mixin.py:190} INFO - [2025-07-01T05:20:54.556+0000] {dag.py:3239} INFO - Sync 1 DAGs
[2025-07-01T05:20:54.569+0000] {logging_mixin.py:190} INFO - [2025-07-01T05:20:54.569+0000] {dag.py:4180} INFO - Setting next_dagrun for example_setup_teardown to None, run_after=None
[2025-07-01T05:20:54.586+0000] {processor.py:208} INFO - Processing /home/airflow/.local/lib/python3.12/site-packages/airflow/example_dags/example_setup_teardown.py took 0.071 seconds
[2025-07-01T05:21:25.150+0000] {processor.py:186} INFO - Started process (PID=26663) to work on /home/airflow/.local/lib/python3.12/site-packages/airflow/example_dags/example_setup_teardown.py
[2025-07-01T05:21:25.151+0000] {processor.py:914} INFO - Processing file /home/airflow/.local/lib/python3.12/site-packages/airflow/example_dags/example_setup_teardown.py for tasks to queue
[2025-07-01T05:21:25.154+0000] {logging_mixin.py:190} INFO - [2025-07-01T05:21:25.154+0000] {dagbag.py:588} INFO - Filling up the DagBag from /home/airflow/.local/lib/python3.12/site-packages/airflow/example_dags/example_setup_teardown.py
[2025-07-01T05:21:25.162+0000] {processor.py:925} INFO - DAG(s) 'example_setup_teardown' retrieved from /home/airflow/.local/lib/python3.12/site-packages/airflow/example_dags/example_setup_teardown.py
[2025-07-01T05:21:25.181+0000] {logging_mixin.py:190} INFO - [2025-07-01T05:21:25.180+0000] {dag.py:3239} INFO - Sync 1 DAGs
[2025-07-01T05:21:25.194+0000] {logging_mixin.py:190} INFO - [2025-07-01T05:21:25.194+0000] {dag.py:4180} INFO - Setting next_dagrun for example_setup_teardown to None, run_after=None
[2025-07-01T05:21:25.211+0000] {processor.py:208} INFO - Processing /home/airflow/.local/lib/python3.12/site-packages/airflow/example_dags/example_setup_teardown.py took 0.067 seconds
[2025-07-01T05:21:55.711+0000] {processor.py:186} INFO - Started process (PID=26725) to work on /home/airflow/.local/lib/python3.12/site-packages/airflow/example_dags/example_setup_teardown.py
[2025-07-01T05:21:55.712+0000] {processor.py:914} INFO - Processing file /home/airflow/.local/lib/python3.12/site-packages/airflow/example_dags/example_setup_teardown.py for tasks to queue
[2025-07-01T05:21:55.714+0000] {logging_mixin.py:190} INFO - [2025-07-01T05:21:55.714+0000] {dagbag.py:588} INFO - Filling up the DagBag from /home/airflow/.local/lib/python3.12/site-packages/airflow/example_dags/example_setup_teardown.py
[2025-07-01T05:21:55.723+0000] {processor.py:925} INFO - DAG(s) 'example_setup_teardown' retrieved from /home/airflow/.local/lib/python3.12/site-packages/airflow/example_dags/example_setup_teardown.py
[2025-07-01T05:21:55.741+0000] {logging_mixin.py:190} INFO - [2025-07-01T05:21:55.741+0000] {dag.py:3239} INFO - Sync 1 DAGs
[2025-07-01T05:21:55.755+0000] {logging_mixin.py:190} INFO - [2025-07-01T05:21:55.754+0000] {dag.py:4180} INFO - Setting next_dagrun for example_setup_teardown to None, run_after=None
[2025-07-01T05:21:55.771+0000] {processor.py:208} INFO - Processing /home/airflow/.local/lib/python3.12/site-packages/airflow/example_dags/example_setup_teardown.py took 0.068 seconds
[2025-07-01T05:22:25.912+0000] {processor.py:186} INFO - Started process (PID=26787) to work on /home/airflow/.local/lib/python3.12/site-packages/airflow/example_dags/example_setup_teardown.py
[2025-07-01T05:22:25.913+0000] {processor.py:914} INFO - Processing file /home/airflow/.local/lib/python3.12/site-packages/airflow/example_dags/example_setup_teardown.py for tasks to queue
[2025-07-01T05:22:25.916+0000] {logging_mixin.py:190} INFO - [2025-07-01T05:22:25.915+0000] {dagbag.py:588} INFO - Filling up the DagBag from /home/airflow/.local/lib/python3.12/site-packages/airflow/example_dags/example_setup_teardown.py
[2025-07-01T05:22:25.924+0000] {processor.py:925} INFO - DAG(s) 'example_setup_teardown' retrieved from /home/airflow/.local/lib/python3.12/site-packages/airflow/example_dags/example_setup_teardown.py
[2025-07-01T05:22:25.943+0000] {logging_mixin.py:190} INFO - [2025-07-01T05:22:25.943+0000] {dag.py:3239} INFO - Sync 1 DAGs
[2025-07-01T05:22:25.956+0000] {logging_mixin.py:190} INFO - [2025-07-01T05:22:25.956+0000] {dag.py:4180} INFO - Setting next_dagrun for example_setup_teardown to None, run_after=None
[2025-07-01T05:22:25.972+0000] {processor.py:208} INFO - Processing /home/airflow/.local/lib/python3.12/site-packages/airflow/example_dags/example_setup_teardown.py took 0.066 seconds
[2025-07-01T05:22:56.724+0000] {processor.py:186} INFO - Started process (PID=26849) to work on /home/airflow/.local/lib/python3.12/site-packages/airflow/example_dags/example_setup_teardown.py
[2025-07-01T05:22:56.725+0000] {processor.py:914} INFO - Processing file /home/airflow/.local/lib/python3.12/site-packages/airflow/example_dags/example_setup_teardown.py for tasks to queue
[2025-07-01T05:22:56.728+0000] {logging_mixin.py:190} INFO - [2025-07-01T05:22:56.727+0000] {dagbag.py:588} INFO - Filling up the DagBag from /home/airflow/.local/lib/python3.12/site-packages/airflow/example_dags/example_setup_teardown.py
[2025-07-01T05:22:56.736+0000] {processor.py:925} INFO - DAG(s) 'example_setup_teardown' retrieved from /home/airflow/.local/lib/python3.12/site-packages/airflow/example_dags/example_setup_teardown.py
[2025-07-01T05:22:56.754+0000] {logging_mixin.py:190} INFO - [2025-07-01T05:22:56.754+0000] {dag.py:3239} INFO - Sync 1 DAGs
[2025-07-01T05:22:56.767+0000] {logging_mixin.py:190} INFO - [2025-07-01T05:22:56.767+0000] {dag.py:4180} INFO - Setting next_dagrun for example_setup_teardown to None, run_after=None
[2025-07-01T05:22:56.784+0000] {processor.py:208} INFO - Processing /home/airflow/.local/lib/python3.12/site-packages/airflow/example_dags/example_setup_teardown.py took 0.066 seconds
[2025-07-01T05:23:27.265+0000] {processor.py:186} INFO - Started process (PID=26911) to work on /home/airflow/.local/lib/python3.12/site-packages/airflow/example_dags/example_setup_teardown.py
[2025-07-01T05:23:27.266+0000] {processor.py:914} INFO - Processing file /home/airflow/.local/lib/python3.12/site-packages/airflow/example_dags/example_setup_teardown.py for tasks to queue
[2025-07-01T05:23:27.269+0000] {logging_mixin.py:190} INFO - [2025-07-01T05:23:27.268+0000] {dagbag.py:588} INFO - Filling up the DagBag from /home/airflow/.local/lib/python3.12/site-packages/airflow/example_dags/example_setup_teardown.py
[2025-07-01T05:23:27.276+0000] {processor.py:925} INFO - DAG(s) 'example_setup_teardown' retrieved from /home/airflow/.local/lib/python3.12/site-packages/airflow/example_dags/example_setup_teardown.py
[2025-07-01T05:23:27.295+0000] {logging_mixin.py:190} INFO - [2025-07-01T05:23:27.294+0000] {dag.py:3239} INFO - Sync 1 DAGs
[2025-07-01T05:23:27.308+0000] {logging_mixin.py:190} INFO - [2025-07-01T05:23:27.308+0000] {dag.py:4180} INFO - Setting next_dagrun for example_setup_teardown to None, run_after=None
[2025-07-01T05:23:27.323+0000] {processor.py:208} INFO - Processing /home/airflow/.local/lib/python3.12/site-packages/airflow/example_dags/example_setup_teardown.py took 0.064 seconds
[2025-07-01T05:23:57.944+0000] {processor.py:186} INFO - Started process (PID=26973) to work on /home/airflow/.local/lib/python3.12/site-packages/airflow/example_dags/example_setup_teardown.py
[2025-07-01T05:23:57.945+0000] {processor.py:914} INFO - Processing file /home/airflow/.local/lib/python3.12/site-packages/airflow/example_dags/example_setup_teardown.py for tasks to queue
[2025-07-01T05:23:57.948+0000] {logging_mixin.py:190} INFO - [2025-07-01T05:23:57.948+0000] {dagbag.py:588} INFO - Filling up the DagBag from /home/airflow/.local/lib/python3.12/site-packages/airflow/example_dags/example_setup_teardown.py
[2025-07-01T05:23:57.957+0000] {processor.py:925} INFO - DAG(s) 'example_setup_teardown' retrieved from /home/airflow/.local/lib/python3.12/site-packages/airflow/example_dags/example_setup_teardown.py
[2025-07-01T05:23:57.976+0000] {logging_mixin.py:190} INFO - [2025-07-01T05:23:57.976+0000] {dag.py:3239} INFO - Sync 1 DAGs
[2025-07-01T05:23:57.990+0000] {logging_mixin.py:190} INFO - [2025-07-01T05:23:57.990+0000] {dag.py:4180} INFO - Setting next_dagrun for example_setup_teardown to None, run_after=None
[2025-07-01T05:23:58.010+0000] {processor.py:208} INFO - Processing /home/airflow/.local/lib/python3.12/site-packages/airflow/example_dags/example_setup_teardown.py took 0.074 seconds
[2025-07-01T05:24:28.521+0000] {processor.py:186} INFO - Started process (PID=27035) to work on /home/airflow/.local/lib/python3.12/site-packages/airflow/example_dags/example_setup_teardown.py
[2025-07-01T05:24:28.522+0000] {processor.py:914} INFO - Processing file /home/airflow/.local/lib/python3.12/site-packages/airflow/example_dags/example_setup_teardown.py for tasks to queue
[2025-07-01T05:24:28.525+0000] {logging_mixin.py:190} INFO - [2025-07-01T05:24:28.525+0000] {dagbag.py:588} INFO - Filling up the DagBag from /home/airflow/.local/lib/python3.12/site-packages/airflow/example_dags/example_setup_teardown.py
[2025-07-01T05:24:28.533+0000] {processor.py:925} INFO - DAG(s) 'example_setup_teardown' retrieved from /home/airflow/.local/lib/python3.12/site-packages/airflow/example_dags/example_setup_teardown.py
[2025-07-01T05:24:28.551+0000] {logging_mixin.py:190} INFO - [2025-07-01T05:24:28.551+0000] {dag.py:3239} INFO - Sync 1 DAGs
[2025-07-01T05:24:28.563+0000] {logging_mixin.py:190} INFO - [2025-07-01T05:24:28.563+0000] {dag.py:4180} INFO - Setting next_dagrun for example_setup_teardown to None, run_after=None
[2025-07-01T05:24:28.579+0000] {processor.py:208} INFO - Processing /home/airflow/.local/lib/python3.12/site-packages/airflow/example_dags/example_setup_teardown.py took 0.064 seconds
[2025-07-01T05:24:59.457+0000] {processor.py:186} INFO - Started process (PID=27097) to work on /home/airflow/.local/lib/python3.12/site-packages/airflow/example_dags/example_setup_teardown.py
[2025-07-01T05:24:59.458+0000] {processor.py:914} INFO - Processing file /home/airflow/.local/lib/python3.12/site-packages/airflow/example_dags/example_setup_teardown.py for tasks to queue
[2025-07-01T05:24:59.462+0000] {logging_mixin.py:190} INFO - [2025-07-01T05:24:59.461+0000] {dagbag.py:588} INFO - Filling up the DagBag from /home/airflow/.local/lib/python3.12/site-packages/airflow/example_dags/example_setup_teardown.py
[2025-07-01T05:24:59.470+0000] {processor.py:925} INFO - DAG(s) 'example_setup_teardown' retrieved from /home/airflow/.local/lib/python3.12/site-packages/airflow/example_dags/example_setup_teardown.py
[2025-07-01T05:24:59.490+0000] {logging_mixin.py:190} INFO - [2025-07-01T05:24:59.490+0000] {dag.py:3239} INFO - Sync 1 DAGs
[2025-07-01T05:24:59.503+0000] {logging_mixin.py:190} INFO - [2025-07-01T05:24:59.503+0000] {dag.py:4180} INFO - Setting next_dagrun for example_setup_teardown to None, run_after=None
[2025-07-01T05:24:59.520+0000] {processor.py:208} INFO - Processing /home/airflow/.local/lib/python3.12/site-packages/airflow/example_dags/example_setup_teardown.py took 0.069 seconds
[2025-07-01T05:25:30.494+0000] {processor.py:186} INFO - Started process (PID=27159) to work on /home/airflow/.local/lib/python3.12/site-packages/airflow/example_dags/example_setup_teardown.py
[2025-07-01T05:25:30.495+0000] {processor.py:914} INFO - Processing file /home/airflow/.local/lib/python3.12/site-packages/airflow/example_dags/example_setup_teardown.py for tasks to queue
[2025-07-01T05:25:30.502+0000] {logging_mixin.py:190} INFO - [2025-07-01T05:25:30.501+0000] {dagbag.py:588} INFO - Filling up the DagBag from /home/airflow/.local/lib/python3.12/site-packages/airflow/example_dags/example_setup_teardown.py
[2025-07-01T05:25:30.524+0000] {processor.py:925} INFO - DAG(s) 'example_setup_teardown' retrieved from /home/airflow/.local/lib/python3.12/site-packages/airflow/example_dags/example_setup_teardown.py
[2025-07-01T05:25:30.550+0000] {logging_mixin.py:190} INFO - [2025-07-01T05:25:30.550+0000] {dag.py:3239} INFO - Sync 1 DAGs
[2025-07-01T05:25:30.566+0000] {logging_mixin.py:190} INFO - [2025-07-01T05:25:30.565+0000] {dag.py:4180} INFO - Setting next_dagrun for example_setup_teardown to None, run_after=None
[2025-07-01T05:25:30.581+0000] {processor.py:208} INFO - Processing /home/airflow/.local/lib/python3.12/site-packages/airflow/example_dags/example_setup_teardown.py took 0.095 seconds
[2025-07-01T05:26:01.013+0000] {processor.py:186} INFO - Started process (PID=27221) to work on /home/airflow/.local/lib/python3.12/site-packages/airflow/example_dags/example_setup_teardown.py
[2025-07-01T05:26:01.014+0000] {processor.py:914} INFO - Processing file /home/airflow/.local/lib/python3.12/site-packages/airflow/example_dags/example_setup_teardown.py for tasks to queue
[2025-07-01T05:26:01.017+0000] {logging_mixin.py:190} INFO - [2025-07-01T05:26:01.016+0000] {dagbag.py:588} INFO - Filling up the DagBag from /home/airflow/.local/lib/python3.12/site-packages/airflow/example_dags/example_setup_teardown.py
[2025-07-01T05:26:01.032+0000] {processor.py:925} INFO - DAG(s) 'example_setup_teardown' retrieved from /home/airflow/.local/lib/python3.12/site-packages/airflow/example_dags/example_setup_teardown.py
[2025-07-01T05:26:01.052+0000] {logging_mixin.py:190} INFO - [2025-07-01T05:26:01.052+0000] {dag.py:3239} INFO - Sync 1 DAGs
[2025-07-01T05:26:01.065+0000] {logging_mixin.py:190} INFO - [2025-07-01T05:26:01.065+0000] {dag.py:4180} INFO - Setting next_dagrun for example_setup_teardown to None, run_after=None
[2025-07-01T05:26:01.084+0000] {processor.py:208} INFO - Processing /home/airflow/.local/lib/python3.12/site-packages/airflow/example_dags/example_setup_teardown.py took 0.077 seconds
[2025-07-01T05:26:31.477+0000] {processor.py:186} INFO - Started process (PID=27283) to work on /home/airflow/.local/lib/python3.12/site-packages/airflow/example_dags/example_setup_teardown.py
[2025-07-01T05:26:31.478+0000] {processor.py:914} INFO - Processing file /home/airflow/.local/lib/python3.12/site-packages/airflow/example_dags/example_setup_teardown.py for tasks to queue
[2025-07-01T05:26:31.481+0000] {logging_mixin.py:190} INFO - [2025-07-01T05:26:31.480+0000] {dagbag.py:588} INFO - Filling up the DagBag from /home/airflow/.local/lib/python3.12/site-packages/airflow/example_dags/example_setup_teardown.py
[2025-07-01T05:26:31.489+0000] {processor.py:925} INFO - DAG(s) 'example_setup_teardown' retrieved from /home/airflow/.local/lib/python3.12/site-packages/airflow/example_dags/example_setup_teardown.py
[2025-07-01T05:26:31.507+0000] {logging_mixin.py:190} INFO - [2025-07-01T05:26:31.507+0000] {dag.py:3239} INFO - Sync 1 DAGs
[2025-07-01T05:26:31.520+0000] {logging_mixin.py:190} INFO - [2025-07-01T05:26:31.520+0000] {dag.py:4180} INFO - Setting next_dagrun for example_setup_teardown to None, run_after=None
[2025-07-01T05:26:31.537+0000] {processor.py:208} INFO - Processing /home/airflow/.local/lib/python3.12/site-packages/airflow/example_dags/example_setup_teardown.py took 0.066 seconds
[2025-07-01T05:27:02.336+0000] {processor.py:186} INFO - Started process (PID=27351) to work on /home/airflow/.local/lib/python3.12/site-packages/airflow/example_dags/example_setup_teardown.py
[2025-07-01T05:27:02.337+0000] {processor.py:914} INFO - Processing file /home/airflow/.local/lib/python3.12/site-packages/airflow/example_dags/example_setup_teardown.py for tasks to queue
[2025-07-01T05:27:02.340+0000] {logging_mixin.py:190} INFO - [2025-07-01T05:27:02.339+0000] {dagbag.py:588} INFO - Filling up the DagBag from /home/airflow/.local/lib/python3.12/site-packages/airflow/example_dags/example_setup_teardown.py
[2025-07-01T05:27:02.349+0000] {processor.py:925} INFO - DAG(s) 'example_setup_teardown' retrieved from /home/airflow/.local/lib/python3.12/site-packages/airflow/example_dags/example_setup_teardown.py
[2025-07-01T05:27:02.368+0000] {logging_mixin.py:190} INFO - [2025-07-01T05:27:02.368+0000] {dag.py:3239} INFO - Sync 1 DAGs
[2025-07-01T05:27:02.382+0000] {logging_mixin.py:190} INFO - [2025-07-01T05:27:02.382+0000] {dag.py:4180} INFO - Setting next_dagrun for example_setup_teardown to None, run_after=None
[2025-07-01T05:27:02.399+0000] {processor.py:208} INFO - Processing /home/airflow/.local/lib/python3.12/site-packages/airflow/example_dags/example_setup_teardown.py took 0.070 seconds
[2025-07-01T05:27:32.865+0000] {processor.py:186} INFO - Started process (PID=27413) to work on /home/airflow/.local/lib/python3.12/site-packages/airflow/example_dags/example_setup_teardown.py
[2025-07-01T05:27:32.866+0000] {processor.py:914} INFO - Processing file /home/airflow/.local/lib/python3.12/site-packages/airflow/example_dags/example_setup_teardown.py for tasks to queue
[2025-07-01T05:27:32.869+0000] {logging_mixin.py:190} INFO - [2025-07-01T05:27:32.869+0000] {dagbag.py:588} INFO - Filling up the DagBag from /home/airflow/.local/lib/python3.12/site-packages/airflow/example_dags/example_setup_teardown.py
[2025-07-01T05:27:32.878+0000] {processor.py:925} INFO - DAG(s) 'example_setup_teardown' retrieved from /home/airflow/.local/lib/python3.12/site-packages/airflow/example_dags/example_setup_teardown.py
[2025-07-01T05:27:32.896+0000] {logging_mixin.py:190} INFO - [2025-07-01T05:27:32.896+0000] {dag.py:3239} INFO - Sync 1 DAGs
[2025-07-01T05:27:32.909+0000] {logging_mixin.py:190} INFO - [2025-07-01T05:27:32.909+0000] {dag.py:4180} INFO - Setting next_dagrun for example_setup_teardown to None, run_after=None
[2025-07-01T05:27:32.924+0000] {processor.py:208} INFO - Processing /home/airflow/.local/lib/python3.12/site-packages/airflow/example_dags/example_setup_teardown.py took 0.066 seconds
[2025-07-01T05:28:03.987+0000] {processor.py:186} INFO - Started process (PID=27475) to work on /home/airflow/.local/lib/python3.12/site-packages/airflow/example_dags/example_setup_teardown.py
[2025-07-01T05:28:03.988+0000] {processor.py:914} INFO - Processing file /home/airflow/.local/lib/python3.12/site-packages/airflow/example_dags/example_setup_teardown.py for tasks to queue
[2025-07-01T05:28:03.990+0000] {logging_mixin.py:190} INFO - [2025-07-01T05:28:03.990+0000] {dagbag.py:588} INFO - Filling up the DagBag from /home/airflow/.local/lib/python3.12/site-packages/airflow/example_dags/example_setup_teardown.py
[2025-07-01T05:28:03.999+0000] {processor.py:925} INFO - DAG(s) 'example_setup_teardown' retrieved from /home/airflow/.local/lib/python3.12/site-packages/airflow/example_dags/example_setup_teardown.py
[2025-07-01T05:28:04.019+0000] {logging_mixin.py:190} INFO - [2025-07-01T05:28:04.019+0000] {dag.py:3239} INFO - Sync 1 DAGs
[2025-07-01T05:28:04.032+0000] {logging_mixin.py:190} INFO - [2025-07-01T05:28:04.032+0000] {dag.py:4180} INFO - Setting next_dagrun for example_setup_teardown to None, run_after=None
[2025-07-01T05:28:04.050+0000] {processor.py:208} INFO - Processing /home/airflow/.local/lib/python3.12/site-packages/airflow/example_dags/example_setup_teardown.py took 0.069 seconds
[2025-07-01T05:28:34.345+0000] {processor.py:186} INFO - Started process (PID=27537) to work on /home/airflow/.local/lib/python3.12/site-packages/airflow/example_dags/example_setup_teardown.py
[2025-07-01T05:28:34.346+0000] {processor.py:914} INFO - Processing file /home/airflow/.local/lib/python3.12/site-packages/airflow/example_dags/example_setup_teardown.py for tasks to queue
[2025-07-01T05:28:34.349+0000] {logging_mixin.py:190} INFO - [2025-07-01T05:28:34.349+0000] {dagbag.py:588} INFO - Filling up the DagBag from /home/airflow/.local/lib/python3.12/site-packages/airflow/example_dags/example_setup_teardown.py
[2025-07-01T05:28:34.358+0000] {processor.py:925} INFO - DAG(s) 'example_setup_teardown' retrieved from /home/airflow/.local/lib/python3.12/site-packages/airflow/example_dags/example_setup_teardown.py
[2025-07-01T05:28:34.377+0000] {logging_mixin.py:190} INFO - [2025-07-01T05:28:34.376+0000] {dag.py:3239} INFO - Sync 1 DAGs
[2025-07-01T05:28:34.390+0000] {logging_mixin.py:190} INFO - [2025-07-01T05:28:34.389+0000] {dag.py:4180} INFO - Setting next_dagrun for example_setup_teardown to None, run_after=None
[2025-07-01T05:28:34.406+0000] {processor.py:208} INFO - Processing /home/airflow/.local/lib/python3.12/site-packages/airflow/example_dags/example_setup_teardown.py took 0.068 seconds
[2025-07-01T05:29:04.563+0000] {processor.py:186} INFO - Started process (PID=27599) to work on /home/airflow/.local/lib/python3.12/site-packages/airflow/example_dags/example_setup_teardown.py
[2025-07-01T05:29:04.564+0000] {processor.py:914} INFO - Processing file /home/airflow/.local/lib/python3.12/site-packages/airflow/example_dags/example_setup_teardown.py for tasks to queue
[2025-07-01T05:29:04.566+0000] {logging_mixin.py:190} INFO - [2025-07-01T05:29:04.566+0000] {dagbag.py:588} INFO - Filling up the DagBag from /home/airflow/.local/lib/python3.12/site-packages/airflow/example_dags/example_setup_teardown.py
[2025-07-01T05:29:04.574+0000] {processor.py:925} INFO - DAG(s) 'example_setup_teardown' retrieved from /home/airflow/.local/lib/python3.12/site-packages/airflow/example_dags/example_setup_teardown.py
[2025-07-01T05:29:04.593+0000] {logging_mixin.py:190} INFO - [2025-07-01T05:29:04.593+0000] {dag.py:3239} INFO - Sync 1 DAGs
[2025-07-01T05:29:04.606+0000] {logging_mixin.py:190} INFO - [2025-07-01T05:29:04.606+0000] {dag.py:4180} INFO - Setting next_dagrun for example_setup_teardown to None, run_after=None
[2025-07-01T05:29:04.622+0000] {processor.py:208} INFO - Processing /home/airflow/.local/lib/python3.12/site-packages/airflow/example_dags/example_setup_teardown.py took 0.065 seconds
[2025-07-01T05:29:34.832+0000] {processor.py:186} INFO - Started process (PID=27661) to work on /home/airflow/.local/lib/python3.12/site-packages/airflow/example_dags/example_setup_teardown.py
[2025-07-01T05:29:34.833+0000] {processor.py:914} INFO - Processing file /home/airflow/.local/lib/python3.12/site-packages/airflow/example_dags/example_setup_teardown.py for tasks to queue
[2025-07-01T05:29:34.835+0000] {logging_mixin.py:190} INFO - [2025-07-01T05:29:34.835+0000] {dagbag.py:588} INFO - Filling up the DagBag from /home/airflow/.local/lib/python3.12/site-packages/airflow/example_dags/example_setup_teardown.py
[2025-07-01T05:29:34.843+0000] {processor.py:925} INFO - DAG(s) 'example_setup_teardown' retrieved from /home/airflow/.local/lib/python3.12/site-packages/airflow/example_dags/example_setup_teardown.py
[2025-07-01T05:29:34.862+0000] {logging_mixin.py:190} INFO - [2025-07-01T05:29:34.862+0000] {dag.py:3239} INFO - Sync 1 DAGs
[2025-07-01T05:29:34.875+0000] {logging_mixin.py:190} INFO - [2025-07-01T05:29:34.875+0000] {dag.py:4180} INFO - Setting next_dagrun for example_setup_teardown to None, run_after=None
[2025-07-01T05:29:34.892+0000] {processor.py:208} INFO - Processing /home/airflow/.local/lib/python3.12/site-packages/airflow/example_dags/example_setup_teardown.py took 0.066 seconds
[2025-07-01T05:30:05.421+0000] {processor.py:186} INFO - Started process (PID=27718) to work on /home/airflow/.local/lib/python3.12/site-packages/airflow/example_dags/example_setup_teardown.py
[2025-07-01T05:30:05.422+0000] {processor.py:914} INFO - Processing file /home/airflow/.local/lib/python3.12/site-packages/airflow/example_dags/example_setup_teardown.py for tasks to queue
[2025-07-01T05:30:05.425+0000] {logging_mixin.py:190} INFO - [2025-07-01T05:30:05.425+0000] {dagbag.py:588} INFO - Filling up the DagBag from /home/airflow/.local/lib/python3.12/site-packages/airflow/example_dags/example_setup_teardown.py
[2025-07-01T05:30:05.435+0000] {processor.py:925} INFO - DAG(s) 'example_setup_teardown' retrieved from /home/airflow/.local/lib/python3.12/site-packages/airflow/example_dags/example_setup_teardown.py
[2025-07-01T05:30:05.455+0000] {logging_mixin.py:190} INFO - [2025-07-01T05:30:05.455+0000] {dag.py:3239} INFO - Sync 1 DAGs
[2025-07-01T05:30:05.471+0000] {logging_mixin.py:190} INFO - [2025-07-01T05:30:05.471+0000] {dag.py:4180} INFO - Setting next_dagrun for example_setup_teardown to None, run_after=None
[2025-07-01T05:30:05.491+0000] {processor.py:208} INFO - Processing /home/airflow/.local/lib/python3.12/site-packages/airflow/example_dags/example_setup_teardown.py took 0.077 seconds
[2025-07-01T05:30:35.815+0000] {processor.py:186} INFO - Started process (PID=27780) to work on /home/airflow/.local/lib/python3.12/site-packages/airflow/example_dags/example_setup_teardown.py
[2025-07-01T05:30:35.817+0000] {processor.py:914} INFO - Processing file /home/airflow/.local/lib/python3.12/site-packages/airflow/example_dags/example_setup_teardown.py for tasks to queue
[2025-07-01T05:30:35.819+0000] {logging_mixin.py:190} INFO - [2025-07-01T05:30:35.819+0000] {dagbag.py:588} INFO - Filling up the DagBag from /home/airflow/.local/lib/python3.12/site-packages/airflow/example_dags/example_setup_teardown.py
[2025-07-01T05:30:35.828+0000] {processor.py:925} INFO - DAG(s) 'example_setup_teardown' retrieved from /home/airflow/.local/lib/python3.12/site-packages/airflow/example_dags/example_setup_teardown.py
[2025-07-01T05:30:35.847+0000] {logging_mixin.py:190} INFO - [2025-07-01T05:30:35.847+0000] {dag.py:3239} INFO - Sync 1 DAGs
[2025-07-01T05:30:35.861+0000] {logging_mixin.py:190} INFO - [2025-07-01T05:30:35.861+0000] {dag.py:4180} INFO - Setting next_dagrun for example_setup_teardown to None, run_after=None
[2025-07-01T05:30:35.879+0000] {processor.py:208} INFO - Processing /home/airflow/.local/lib/python3.12/site-packages/airflow/example_dags/example_setup_teardown.py took 0.070 seconds
[2025-07-01T05:31:06.558+0000] {processor.py:186} INFO - Started process (PID=27842) to work on /home/airflow/.local/lib/python3.12/site-packages/airflow/example_dags/example_setup_teardown.py
[2025-07-01T05:31:06.559+0000] {processor.py:914} INFO - Processing file /home/airflow/.local/lib/python3.12/site-packages/airflow/example_dags/example_setup_teardown.py for tasks to queue
[2025-07-01T05:31:06.562+0000] {logging_mixin.py:190} INFO - [2025-07-01T05:31:06.561+0000] {dagbag.py:588} INFO - Filling up the DagBag from /home/airflow/.local/lib/python3.12/site-packages/airflow/example_dags/example_setup_teardown.py
[2025-07-01T05:31:06.570+0000] {processor.py:925} INFO - DAG(s) 'example_setup_teardown' retrieved from /home/airflow/.local/lib/python3.12/site-packages/airflow/example_dags/example_setup_teardown.py
[2025-07-01T05:31:06.590+0000] {logging_mixin.py:190} INFO - [2025-07-01T05:31:06.590+0000] {dag.py:3239} INFO - Sync 1 DAGs
[2025-07-01T05:31:06.604+0000] {logging_mixin.py:190} INFO - [2025-07-01T05:31:06.604+0000] {dag.py:4180} INFO - Setting next_dagrun for example_setup_teardown to None, run_after=None
[2025-07-01T05:31:06.622+0000] {processor.py:208} INFO - Processing /home/airflow/.local/lib/python3.12/site-packages/airflow/example_dags/example_setup_teardown.py took 0.070 seconds
[2025-07-01T05:31:37.086+0000] {processor.py:186} INFO - Started process (PID=27899) to work on /home/airflow/.local/lib/python3.12/site-packages/airflow/example_dags/example_setup_teardown.py
[2025-07-01T05:31:37.087+0000] {processor.py:914} INFO - Processing file /home/airflow/.local/lib/python3.12/site-packages/airflow/example_dags/example_setup_teardown.py for tasks to queue
[2025-07-01T05:31:37.090+0000] {logging_mixin.py:190} INFO - [2025-07-01T05:31:37.089+0000] {dagbag.py:588} INFO - Filling up the DagBag from /home/airflow/.local/lib/python3.12/site-packages/airflow/example_dags/example_setup_teardown.py
[2025-07-01T05:31:37.098+0000] {processor.py:925} INFO - DAG(s) 'example_setup_teardown' retrieved from /home/airflow/.local/lib/python3.12/site-packages/airflow/example_dags/example_setup_teardown.py
[2025-07-01T05:31:37.117+0000] {logging_mixin.py:190} INFO - [2025-07-01T05:31:37.117+0000] {dag.py:3239} INFO - Sync 1 DAGs
[2025-07-01T05:31:37.130+0000] {logging_mixin.py:190} INFO - [2025-07-01T05:31:37.130+0000] {dag.py:4180} INFO - Setting next_dagrun for example_setup_teardown to None, run_after=None
[2025-07-01T05:31:37.148+0000] {processor.py:208} INFO - Processing /home/airflow/.local/lib/python3.12/site-packages/airflow/example_dags/example_setup_teardown.py took 0.067 seconds
[2025-07-01T05:32:07.488+0000] {processor.py:186} INFO - Started process (PID=27957) to work on /home/airflow/.local/lib/python3.12/site-packages/airflow/example_dags/example_setup_teardown.py
[2025-07-01T05:32:07.490+0000] {processor.py:914} INFO - Processing file /home/airflow/.local/lib/python3.12/site-packages/airflow/example_dags/example_setup_teardown.py for tasks to queue
[2025-07-01T05:32:07.493+0000] {logging_mixin.py:190} INFO - [2025-07-01T05:32:07.492+0000] {dagbag.py:588} INFO - Filling up the DagBag from /home/airflow/.local/lib/python3.12/site-packages/airflow/example_dags/example_setup_teardown.py
[2025-07-01T05:32:07.502+0000] {processor.py:925} INFO - DAG(s) 'example_setup_teardown' retrieved from /home/airflow/.local/lib/python3.12/site-packages/airflow/example_dags/example_setup_teardown.py
[2025-07-01T05:32:07.523+0000] {logging_mixin.py:190} INFO - [2025-07-01T05:32:07.522+0000] {dag.py:3239} INFO - Sync 1 DAGs
[2025-07-01T05:32:07.537+0000] {logging_mixin.py:190} INFO - [2025-07-01T05:32:07.537+0000] {dag.py:4180} INFO - Setting next_dagrun for example_setup_teardown to None, run_after=None
[2025-07-01T05:32:07.555+0000] {processor.py:208} INFO - Processing /home/airflow/.local/lib/python3.12/site-packages/airflow/example_dags/example_setup_teardown.py took 0.072 seconds
[2025-07-01T05:32:37.902+0000] {processor.py:186} INFO - Started process (PID=28012) to work on /home/airflow/.local/lib/python3.12/site-packages/airflow/example_dags/example_setup_teardown.py
[2025-07-01T05:32:37.903+0000] {processor.py:914} INFO - Processing file /home/airflow/.local/lib/python3.12/site-packages/airflow/example_dags/example_setup_teardown.py for tasks to queue
[2025-07-01T05:32:37.906+0000] {logging_mixin.py:190} INFO - [2025-07-01T05:32:37.905+0000] {dagbag.py:588} INFO - Filling up the DagBag from /home/airflow/.local/lib/python3.12/site-packages/airflow/example_dags/example_setup_teardown.py
[2025-07-01T05:32:37.915+0000] {processor.py:925} INFO - DAG(s) 'example_setup_teardown' retrieved from /home/airflow/.local/lib/python3.12/site-packages/airflow/example_dags/example_setup_teardown.py
[2025-07-01T05:32:37.935+0000] {logging_mixin.py:190} INFO - [2025-07-01T05:32:37.935+0000] {dag.py:3239} INFO - Sync 1 DAGs
[2025-07-01T05:32:37.950+0000] {logging_mixin.py:190} INFO - [2025-07-01T05:32:37.950+0000] {dag.py:4180} INFO - Setting next_dagrun for example_setup_teardown to None, run_after=None
[2025-07-01T05:32:37.968+0000] {processor.py:208} INFO - Processing /home/airflow/.local/lib/python3.12/site-packages/airflow/example_dags/example_setup_teardown.py took 0.072 seconds
[2025-07-01T05:33:08.807+0000] {processor.py:186} INFO - Started process (PID=28069) to work on /home/airflow/.local/lib/python3.12/site-packages/airflow/example_dags/example_setup_teardown.py
[2025-07-01T05:33:08.808+0000] {processor.py:914} INFO - Processing file /home/airflow/.local/lib/python3.12/site-packages/airflow/example_dags/example_setup_teardown.py for tasks to queue
[2025-07-01T05:33:08.811+0000] {logging_mixin.py:190} INFO - [2025-07-01T05:33:08.810+0000] {dagbag.py:588} INFO - Filling up the DagBag from /home/airflow/.local/lib/python3.12/site-packages/airflow/example_dags/example_setup_teardown.py
[2025-07-01T05:33:08.820+0000] {processor.py:925} INFO - DAG(s) 'example_setup_teardown' retrieved from /home/airflow/.local/lib/python3.12/site-packages/airflow/example_dags/example_setup_teardown.py
[2025-07-01T05:33:08.841+0000] {logging_mixin.py:190} INFO - [2025-07-01T05:33:08.841+0000] {dag.py:3239} INFO - Sync 1 DAGs
[2025-07-01T05:33:08.855+0000] {logging_mixin.py:190} INFO - [2025-07-01T05:33:08.855+0000] {dag.py:4180} INFO - Setting next_dagrun for example_setup_teardown to None, run_after=None
[2025-07-01T05:33:09.043+0000] {processor.py:208} INFO - Processing /home/airflow/.local/lib/python3.12/site-packages/airflow/example_dags/example_setup_teardown.py took 0.244 seconds
[2025-07-01T05:33:40.285+0000] {processor.py:186} INFO - Started process (PID=28127) to work on /home/airflow/.local/lib/python3.12/site-packages/airflow/example_dags/example_setup_teardown.py
[2025-07-01T05:33:40.286+0000] {processor.py:914} INFO - Processing file /home/airflow/.local/lib/python3.12/site-packages/airflow/example_dags/example_setup_teardown.py for tasks to queue
[2025-07-01T05:33:40.289+0000] {logging_mixin.py:190} INFO - [2025-07-01T05:33:40.289+0000] {dagbag.py:588} INFO - Filling up the DagBag from /home/airflow/.local/lib/python3.12/site-packages/airflow/example_dags/example_setup_teardown.py
[2025-07-01T05:33:40.298+0000] {processor.py:925} INFO - DAG(s) 'example_setup_teardown' retrieved from /home/airflow/.local/lib/python3.12/site-packages/airflow/example_dags/example_setup_teardown.py
[2025-07-01T05:33:40.327+0000] {logging_mixin.py:190} INFO - [2025-07-01T05:33:40.326+0000] {dag.py:3239} INFO - Sync 1 DAGs
[2025-07-01T05:33:40.345+0000] {logging_mixin.py:190} INFO - [2025-07-01T05:33:40.345+0000] {dag.py:4180} INFO - Setting next_dagrun for example_setup_teardown to None, run_after=None
[2025-07-01T05:33:40.368+0000] {processor.py:208} INFO - Processing /home/airflow/.local/lib/python3.12/site-packages/airflow/example_dags/example_setup_teardown.py took 0.090 seconds
[2025-07-01T05:34:10.698+0000] {processor.py:186} INFO - Started process (PID=28187) to work on /home/airflow/.local/lib/python3.12/site-packages/airflow/example_dags/example_setup_teardown.py
[2025-07-01T05:34:10.699+0000] {processor.py:914} INFO - Processing file /home/airflow/.local/lib/python3.12/site-packages/airflow/example_dags/example_setup_teardown.py for tasks to queue
[2025-07-01T05:34:10.701+0000] {logging_mixin.py:190} INFO - [2025-07-01T05:34:10.701+0000] {dagbag.py:588} INFO - Filling up the DagBag from /home/airflow/.local/lib/python3.12/site-packages/airflow/example_dags/example_setup_teardown.py
[2025-07-01T05:34:10.710+0000] {processor.py:925} INFO - DAG(s) 'example_setup_teardown' retrieved from /home/airflow/.local/lib/python3.12/site-packages/airflow/example_dags/example_setup_teardown.py
[2025-07-01T05:34:10.733+0000] {logging_mixin.py:190} INFO - [2025-07-01T05:34:10.733+0000] {dag.py:3239} INFO - Sync 1 DAGs
[2025-07-01T05:34:10.749+0000] {logging_mixin.py:190} INFO - [2025-07-01T05:34:10.749+0000] {dag.py:4180} INFO - Setting next_dagrun for example_setup_teardown to None, run_after=None
[2025-07-01T05:34:10.785+0000] {processor.py:208} INFO - Processing /home/airflow/.local/lib/python3.12/site-packages/airflow/example_dags/example_setup_teardown.py took 0.094 seconds
[2025-07-01T05:34:41.088+0000] {processor.py:186} INFO - Started process (PID=28249) to work on /home/airflow/.local/lib/python3.12/site-packages/airflow/example_dags/example_setup_teardown.py
[2025-07-01T05:34:41.089+0000] {processor.py:914} INFO - Processing file /home/airflow/.local/lib/python3.12/site-packages/airflow/example_dags/example_setup_teardown.py for tasks to queue
[2025-07-01T05:34:41.092+0000] {logging_mixin.py:190} INFO - [2025-07-01T05:34:41.091+0000] {dagbag.py:588} INFO - Filling up the DagBag from /home/airflow/.local/lib/python3.12/site-packages/airflow/example_dags/example_setup_teardown.py
[2025-07-01T05:34:41.100+0000] {processor.py:925} INFO - DAG(s) 'example_setup_teardown' retrieved from /home/airflow/.local/lib/python3.12/site-packages/airflow/example_dags/example_setup_teardown.py
[2025-07-01T05:34:41.121+0000] {logging_mixin.py:190} INFO - [2025-07-01T05:34:41.121+0000] {dag.py:3239} INFO - Sync 1 DAGs
[2025-07-01T05:34:41.315+0000] {logging_mixin.py:190} INFO - [2025-07-01T05:34:41.315+0000] {dag.py:4180} INFO - Setting next_dagrun for example_setup_teardown to None, run_after=None
[2025-07-01T05:34:41.334+0000] {processor.py:208} INFO - Processing /home/airflow/.local/lib/python3.12/site-packages/airflow/example_dags/example_setup_teardown.py took 0.252 seconds
[2025-07-01T05:35:11.840+0000] {processor.py:186} INFO - Started process (PID=28311) to work on /home/airflow/.local/lib/python3.12/site-packages/airflow/example_dags/example_setup_teardown.py
[2025-07-01T05:35:11.841+0000] {processor.py:914} INFO - Processing file /home/airflow/.local/lib/python3.12/site-packages/airflow/example_dags/example_setup_teardown.py for tasks to queue
[2025-07-01T05:35:11.844+0000] {logging_mixin.py:190} INFO - [2025-07-01T05:35:11.844+0000] {dagbag.py:588} INFO - Filling up the DagBag from /home/airflow/.local/lib/python3.12/site-packages/airflow/example_dags/example_setup_teardown.py
[2025-07-01T05:35:11.854+0000] {processor.py:925} INFO - DAG(s) 'example_setup_teardown' retrieved from /home/airflow/.local/lib/python3.12/site-packages/airflow/example_dags/example_setup_teardown.py
[2025-07-01T05:35:11.874+0000] {logging_mixin.py:190} INFO - [2025-07-01T05:35:11.874+0000] {dag.py:3239} INFO - Sync 1 DAGs
[2025-07-01T05:35:11.888+0000] {logging_mixin.py:190} INFO - [2025-07-01T05:35:11.888+0000] {dag.py:4180} INFO - Setting next_dagrun for example_setup_teardown to None, run_after=None
[2025-07-01T05:35:12.055+0000] {processor.py:208} INFO - Processing /home/airflow/.local/lib/python3.12/site-packages/airflow/example_dags/example_setup_teardown.py took 0.223 seconds
[2025-07-01T05:35:42.553+0000] {processor.py:186} INFO - Started process (PID=28373) to work on /home/airflow/.local/lib/python3.12/site-packages/airflow/example_dags/example_setup_teardown.py
[2025-07-01T05:35:42.555+0000] {processor.py:914} INFO - Processing file /home/airflow/.local/lib/python3.12/site-packages/airflow/example_dags/example_setup_teardown.py for tasks to queue
[2025-07-01T05:35:42.557+0000] {logging_mixin.py:190} INFO - [2025-07-01T05:35:42.557+0000] {dagbag.py:588} INFO - Filling up the DagBag from /home/airflow/.local/lib/python3.12/site-packages/airflow/example_dags/example_setup_teardown.py
[2025-07-01T05:35:42.566+0000] {processor.py:925} INFO - DAG(s) 'example_setup_teardown' retrieved from /home/airflow/.local/lib/python3.12/site-packages/airflow/example_dags/example_setup_teardown.py
[2025-07-01T05:35:42.588+0000] {logging_mixin.py:190} INFO - [2025-07-01T05:35:42.587+0000] {dag.py:3239} INFO - Sync 1 DAGs
[2025-07-01T05:35:42.601+0000] {logging_mixin.py:190} INFO - [2025-07-01T05:35:42.601+0000] {dag.py:4180} INFO - Setting next_dagrun for example_setup_teardown to None, run_after=None
[2025-07-01T05:35:42.781+0000] {processor.py:208} INFO - Processing /home/airflow/.local/lib/python3.12/site-packages/airflow/example_dags/example_setup_teardown.py took 0.235 seconds
[2025-07-01T05:36:13.545+0000] {processor.py:186} INFO - Started process (PID=28435) to work on /home/airflow/.local/lib/python3.12/site-packages/airflow/example_dags/example_setup_teardown.py
[2025-07-01T05:36:13.546+0000] {processor.py:914} INFO - Processing file /home/airflow/.local/lib/python3.12/site-packages/airflow/example_dags/example_setup_teardown.py for tasks to queue
[2025-07-01T05:36:13.551+0000] {logging_mixin.py:190} INFO - [2025-07-01T05:36:13.551+0000] {dagbag.py:588} INFO - Filling up the DagBag from /home/airflow/.local/lib/python3.12/site-packages/airflow/example_dags/example_setup_teardown.py
[2025-07-01T05:36:13.564+0000] {processor.py:925} INFO - DAG(s) 'example_setup_teardown' retrieved from /home/airflow/.local/lib/python3.12/site-packages/airflow/example_dags/example_setup_teardown.py
[2025-07-01T05:36:13.589+0000] {logging_mixin.py:190} INFO - [2025-07-01T05:36:13.589+0000] {dag.py:3239} INFO - Sync 1 DAGs
[2025-07-01T05:36:13.608+0000] {logging_mixin.py:190} INFO - [2025-07-01T05:36:13.607+0000] {dag.py:4180} INFO - Setting next_dagrun for example_setup_teardown to None, run_after=None
[2025-07-01T05:36:13.629+0000] {processor.py:208} INFO - Processing /home/airflow/.local/lib/python3.12/site-packages/airflow/example_dags/example_setup_teardown.py took 0.092 seconds
[2025-07-01T05:36:43.840+0000] {processor.py:186} INFO - Started process (PID=28497) to work on /home/airflow/.local/lib/python3.12/site-packages/airflow/example_dags/example_setup_teardown.py
[2025-07-01T05:36:43.841+0000] {processor.py:914} INFO - Processing file /home/airflow/.local/lib/python3.12/site-packages/airflow/example_dags/example_setup_teardown.py for tasks to queue
[2025-07-01T05:36:43.843+0000] {logging_mixin.py:190} INFO - [2025-07-01T05:36:43.843+0000] {dagbag.py:588} INFO - Filling up the DagBag from /home/airflow/.local/lib/python3.12/site-packages/airflow/example_dags/example_setup_teardown.py
[2025-07-01T05:36:43.852+0000] {processor.py:925} INFO - DAG(s) 'example_setup_teardown' retrieved from /home/airflow/.local/lib/python3.12/site-packages/airflow/example_dags/example_setup_teardown.py
[2025-07-01T05:36:43.872+0000] {logging_mixin.py:190} INFO - [2025-07-01T05:36:43.872+0000] {dag.py:3239} INFO - Sync 1 DAGs
[2025-07-01T05:36:43.886+0000] {logging_mixin.py:190} INFO - [2025-07-01T05:36:43.885+0000] {dag.py:4180} INFO - Setting next_dagrun for example_setup_teardown to None, run_after=None
[2025-07-01T05:36:43.903+0000] {processor.py:208} INFO - Processing /home/airflow/.local/lib/python3.12/site-packages/airflow/example_dags/example_setup_teardown.py took 0.069 seconds
[2025-07-01T05:37:14.031+0000] {processor.py:186} INFO - Started process (PID=28559) to work on /home/airflow/.local/lib/python3.12/site-packages/airflow/example_dags/example_setup_teardown.py
[2025-07-01T05:37:14.033+0000] {processor.py:914} INFO - Processing file /home/airflow/.local/lib/python3.12/site-packages/airflow/example_dags/example_setup_teardown.py for tasks to queue
[2025-07-01T05:37:14.036+0000] {logging_mixin.py:190} INFO - [2025-07-01T05:37:14.035+0000] {dagbag.py:588} INFO - Filling up the DagBag from /home/airflow/.local/lib/python3.12/site-packages/airflow/example_dags/example_setup_teardown.py
[2025-07-01T05:37:14.047+0000] {processor.py:925} INFO - DAG(s) 'example_setup_teardown' retrieved from /home/airflow/.local/lib/python3.12/site-packages/airflow/example_dags/example_setup_teardown.py
[2025-07-01T05:37:14.068+0000] {logging_mixin.py:190} INFO - [2025-07-01T05:37:14.068+0000] {dag.py:3239} INFO - Sync 1 DAGs
[2025-07-01T05:37:14.081+0000] {logging_mixin.py:190} INFO - [2025-07-01T05:37:14.081+0000] {dag.py:4180} INFO - Setting next_dagrun for example_setup_teardown to None, run_after=None
[2025-07-01T05:37:14.100+0000] {processor.py:208} INFO - Processing /home/airflow/.local/lib/python3.12/site-packages/airflow/example_dags/example_setup_teardown.py took 0.075 seconds
[2025-07-01T05:37:44.180+0000] {processor.py:186} INFO - Started process (PID=28621) to work on /home/airflow/.local/lib/python3.12/site-packages/airflow/example_dags/example_setup_teardown.py
[2025-07-01T05:37:44.181+0000] {processor.py:914} INFO - Processing file /home/airflow/.local/lib/python3.12/site-packages/airflow/example_dags/example_setup_teardown.py for tasks to queue
[2025-07-01T05:37:44.184+0000] {logging_mixin.py:190} INFO - [2025-07-01T05:37:44.184+0000] {dagbag.py:588} INFO - Filling up the DagBag from /home/airflow/.local/lib/python3.12/site-packages/airflow/example_dags/example_setup_teardown.py
[2025-07-01T05:37:44.193+0000] {processor.py:925} INFO - DAG(s) 'example_setup_teardown' retrieved from /home/airflow/.local/lib/python3.12/site-packages/airflow/example_dags/example_setup_teardown.py
[2025-07-01T05:37:44.214+0000] {logging_mixin.py:190} INFO - [2025-07-01T05:37:44.214+0000] {dag.py:3239} INFO - Sync 1 DAGs
[2025-07-01T05:37:44.228+0000] {logging_mixin.py:190} INFO - [2025-07-01T05:37:44.228+0000] {dag.py:4180} INFO - Setting next_dagrun for example_setup_teardown to None, run_after=None
[2025-07-01T05:37:44.246+0000] {processor.py:208} INFO - Processing /home/airflow/.local/lib/python3.12/site-packages/airflow/example_dags/example_setup_teardown.py took 0.072 seconds
[2025-07-01T05:38:14.419+0000] {processor.py:186} INFO - Started process (PID=28683) to work on /home/airflow/.local/lib/python3.12/site-packages/airflow/example_dags/example_setup_teardown.py
[2025-07-01T05:38:14.420+0000] {processor.py:914} INFO - Processing file /home/airflow/.local/lib/python3.12/site-packages/airflow/example_dags/example_setup_teardown.py for tasks to queue
[2025-07-01T05:38:14.422+0000] {logging_mixin.py:190} INFO - [2025-07-01T05:38:14.422+0000] {dagbag.py:588} INFO - Filling up the DagBag from /home/airflow/.local/lib/python3.12/site-packages/airflow/example_dags/example_setup_teardown.py
[2025-07-01T05:38:14.430+0000] {processor.py:925} INFO - DAG(s) 'example_setup_teardown' retrieved from /home/airflow/.local/lib/python3.12/site-packages/airflow/example_dags/example_setup_teardown.py
[2025-07-01T05:38:14.453+0000] {logging_mixin.py:190} INFO - [2025-07-01T05:38:14.453+0000] {dag.py:3239} INFO - Sync 1 DAGs
[2025-07-01T05:38:14.469+0000] {logging_mixin.py:190} INFO - [2025-07-01T05:38:14.469+0000] {dag.py:4180} INFO - Setting next_dagrun for example_setup_teardown to None, run_after=None
[2025-07-01T05:38:14.489+0000] {processor.py:208} INFO - Processing /home/airflow/.local/lib/python3.12/site-packages/airflow/example_dags/example_setup_teardown.py took 0.076 seconds
[2025-07-01T05:38:45.140+0000] {processor.py:186} INFO - Started process (PID=28745) to work on /home/airflow/.local/lib/python3.12/site-packages/airflow/example_dags/example_setup_teardown.py
[2025-07-01T05:38:45.141+0000] {processor.py:914} INFO - Processing file /home/airflow/.local/lib/python3.12/site-packages/airflow/example_dags/example_setup_teardown.py for tasks to queue
[2025-07-01T05:38:45.144+0000] {logging_mixin.py:190} INFO - [2025-07-01T05:38:45.143+0000] {dagbag.py:588} INFO - Filling up the DagBag from /home/airflow/.local/lib/python3.12/site-packages/airflow/example_dags/example_setup_teardown.py
[2025-07-01T05:38:45.153+0000] {processor.py:925} INFO - DAG(s) 'example_setup_teardown' retrieved from /home/airflow/.local/lib/python3.12/site-packages/airflow/example_dags/example_setup_teardown.py
[2025-07-01T05:38:45.173+0000] {logging_mixin.py:190} INFO - [2025-07-01T05:38:45.173+0000] {dag.py:3239} INFO - Sync 1 DAGs
[2025-07-01T05:38:45.187+0000] {logging_mixin.py:190} INFO - [2025-07-01T05:38:45.187+0000] {dag.py:4180} INFO - Setting next_dagrun for example_setup_teardown to None, run_after=None
[2025-07-01T05:38:45.205+0000] {processor.py:208} INFO - Processing /home/airflow/.local/lib/python3.12/site-packages/airflow/example_dags/example_setup_teardown.py took 0.071 seconds
[2025-07-01T05:39:15.776+0000] {processor.py:186} INFO - Started process (PID=28807) to work on /home/airflow/.local/lib/python3.12/site-packages/airflow/example_dags/example_setup_teardown.py
[2025-07-01T05:39:15.777+0000] {processor.py:914} INFO - Processing file /home/airflow/.local/lib/python3.12/site-packages/airflow/example_dags/example_setup_teardown.py for tasks to queue
[2025-07-01T05:39:15.780+0000] {logging_mixin.py:190} INFO - [2025-07-01T05:39:15.780+0000] {dagbag.py:588} INFO - Filling up the DagBag from /home/airflow/.local/lib/python3.12/site-packages/airflow/example_dags/example_setup_teardown.py
[2025-07-01T05:39:15.790+0000] {processor.py:925} INFO - DAG(s) 'example_setup_teardown' retrieved from /home/airflow/.local/lib/python3.12/site-packages/airflow/example_dags/example_setup_teardown.py
[2025-07-01T05:39:15.811+0000] {logging_mixin.py:190} INFO - [2025-07-01T05:39:15.811+0000] {dag.py:3239} INFO - Sync 1 DAGs
[2025-07-01T05:39:15.824+0000] {logging_mixin.py:190} INFO - [2025-07-01T05:39:15.824+0000] {dag.py:4180} INFO - Setting next_dagrun for example_setup_teardown to None, run_after=None
[2025-07-01T05:39:15.853+0000] {processor.py:208} INFO - Processing /home/airflow/.local/lib/python3.12/site-packages/airflow/example_dags/example_setup_teardown.py took 0.083 seconds
[2025-07-01T05:39:46.494+0000] {processor.py:186} INFO - Started process (PID=28869) to work on /home/airflow/.local/lib/python3.12/site-packages/airflow/example_dags/example_setup_teardown.py
[2025-07-01T05:39:46.495+0000] {processor.py:914} INFO - Processing file /home/airflow/.local/lib/python3.12/site-packages/airflow/example_dags/example_setup_teardown.py for tasks to queue
[2025-07-01T05:39:46.498+0000] {logging_mixin.py:190} INFO - [2025-07-01T05:39:46.497+0000] {dagbag.py:588} INFO - Filling up the DagBag from /home/airflow/.local/lib/python3.12/site-packages/airflow/example_dags/example_setup_teardown.py
[2025-07-01T05:39:46.506+0000] {processor.py:925} INFO - DAG(s) 'example_setup_teardown' retrieved from /home/airflow/.local/lib/python3.12/site-packages/airflow/example_dags/example_setup_teardown.py
[2025-07-01T05:39:46.527+0000] {logging_mixin.py:190} INFO - [2025-07-01T05:39:46.526+0000] {dag.py:3239} INFO - Sync 1 DAGs
[2025-07-01T05:39:46.540+0000] {logging_mixin.py:190} INFO - [2025-07-01T05:39:46.540+0000] {dag.py:4180} INFO - Setting next_dagrun for example_setup_teardown to None, run_after=None
[2025-07-01T05:39:46.557+0000] {processor.py:208} INFO - Processing /home/airflow/.local/lib/python3.12/site-packages/airflow/example_dags/example_setup_teardown.py took 0.068 seconds
[2025-07-01T05:40:17.197+0000] {processor.py:186} INFO - Started process (PID=28931) to work on /home/airflow/.local/lib/python3.12/site-packages/airflow/example_dags/example_setup_teardown.py
[2025-07-01T05:40:17.198+0000] {processor.py:914} INFO - Processing file /home/airflow/.local/lib/python3.12/site-packages/airflow/example_dags/example_setup_teardown.py for tasks to queue
[2025-07-01T05:40:17.201+0000] {logging_mixin.py:190} INFO - [2025-07-01T05:40:17.201+0000] {dagbag.py:588} INFO - Filling up the DagBag from /home/airflow/.local/lib/python3.12/site-packages/airflow/example_dags/example_setup_teardown.py
[2025-07-01T05:40:17.210+0000] {processor.py:925} INFO - DAG(s) 'example_setup_teardown' retrieved from /home/airflow/.local/lib/python3.12/site-packages/airflow/example_dags/example_setup_teardown.py
[2025-07-01T05:40:17.230+0000] {logging_mixin.py:190} INFO - [2025-07-01T05:40:17.230+0000] {dag.py:3239} INFO - Sync 1 DAGs
[2025-07-01T05:40:17.245+0000] {logging_mixin.py:190} INFO - [2025-07-01T05:40:17.244+0000] {dag.py:4180} INFO - Setting next_dagrun for example_setup_teardown to None, run_after=None
[2025-07-01T05:40:17.262+0000] {processor.py:208} INFO - Processing /home/airflow/.local/lib/python3.12/site-packages/airflow/example_dags/example_setup_teardown.py took 0.071 seconds
[2025-07-01T05:40:47.378+0000] {processor.py:186} INFO - Started process (PID=28994) to work on /home/airflow/.local/lib/python3.12/site-packages/airflow/example_dags/example_setup_teardown.py
[2025-07-01T05:40:47.379+0000] {processor.py:914} INFO - Processing file /home/airflow/.local/lib/python3.12/site-packages/airflow/example_dags/example_setup_teardown.py for tasks to queue
[2025-07-01T05:40:47.381+0000] {logging_mixin.py:190} INFO - [2025-07-01T05:40:47.381+0000] {dagbag.py:588} INFO - Filling up the DagBag from /home/airflow/.local/lib/python3.12/site-packages/airflow/example_dags/example_setup_teardown.py
[2025-07-01T05:40:47.390+0000] {processor.py:925} INFO - DAG(s) 'example_setup_teardown' retrieved from /home/airflow/.local/lib/python3.12/site-packages/airflow/example_dags/example_setup_teardown.py
[2025-07-01T05:40:47.411+0000] {logging_mixin.py:190} INFO - [2025-07-01T05:40:47.410+0000] {dag.py:3239} INFO - Sync 1 DAGs
[2025-07-01T05:40:47.425+0000] {logging_mixin.py:190} INFO - [2025-07-01T05:40:47.425+0000] {dag.py:4180} INFO - Setting next_dagrun for example_setup_teardown to None, run_after=None
[2025-07-01T05:40:47.445+0000] {processor.py:208} INFO - Processing /home/airflow/.local/lib/python3.12/site-packages/airflow/example_dags/example_setup_teardown.py took 0.073 seconds
[2025-07-01T05:41:18.373+0000] {processor.py:186} INFO - Started process (PID=29056) to work on /home/airflow/.local/lib/python3.12/site-packages/airflow/example_dags/example_setup_teardown.py
[2025-07-01T05:41:18.374+0000] {processor.py:914} INFO - Processing file /home/airflow/.local/lib/python3.12/site-packages/airflow/example_dags/example_setup_teardown.py for tasks to queue
[2025-07-01T05:41:18.377+0000] {logging_mixin.py:190} INFO - [2025-07-01T05:41:18.377+0000] {dagbag.py:588} INFO - Filling up the DagBag from /home/airflow/.local/lib/python3.12/site-packages/airflow/example_dags/example_setup_teardown.py
[2025-07-01T05:41:18.391+0000] {processor.py:925} INFO - DAG(s) 'example_setup_teardown' retrieved from /home/airflow/.local/lib/python3.12/site-packages/airflow/example_dags/example_setup_teardown.py
[2025-07-01T05:41:18.421+0000] {logging_mixin.py:190} INFO - [2025-07-01T05:41:18.420+0000] {dag.py:3239} INFO - Sync 1 DAGs
[2025-07-01T05:41:18.438+0000] {logging_mixin.py:190} INFO - [2025-07-01T05:41:18.438+0000] {dag.py:4180} INFO - Setting next_dagrun for example_setup_teardown to None, run_after=None
[2025-07-01T05:41:18.466+0000] {processor.py:208} INFO - Processing /home/airflow/.local/lib/python3.12/site-packages/airflow/example_dags/example_setup_teardown.py took 0.102 seconds
[2025-07-01T05:41:49.281+0000] {processor.py:186} INFO - Started process (PID=29118) to work on /home/airflow/.local/lib/python3.12/site-packages/airflow/example_dags/example_setup_teardown.py
[2025-07-01T05:41:49.282+0000] {processor.py:914} INFO - Processing file /home/airflow/.local/lib/python3.12/site-packages/airflow/example_dags/example_setup_teardown.py for tasks to queue
[2025-07-01T05:41:49.285+0000] {logging_mixin.py:190} INFO - [2025-07-01T05:41:49.284+0000] {dagbag.py:588} INFO - Filling up the DagBag from /home/airflow/.local/lib/python3.12/site-packages/airflow/example_dags/example_setup_teardown.py
[2025-07-01T05:41:49.293+0000] {processor.py:925} INFO - DAG(s) 'example_setup_teardown' retrieved from /home/airflow/.local/lib/python3.12/site-packages/airflow/example_dags/example_setup_teardown.py
[2025-07-01T05:41:49.318+0000] {logging_mixin.py:190} INFO - [2025-07-01T05:41:49.317+0000] {dag.py:3239} INFO - Sync 1 DAGs
[2025-07-01T05:41:49.334+0000] {logging_mixin.py:190} INFO - [2025-07-01T05:41:49.334+0000] {dag.py:4180} INFO - Setting next_dagrun for example_setup_teardown to None, run_after=None
[2025-07-01T05:41:49.352+0000] {processor.py:208} INFO - Processing /home/airflow/.local/lib/python3.12/site-packages/airflow/example_dags/example_setup_teardown.py took 0.076 seconds
[2025-07-01T05:42:19.402+0000] {processor.py:186} INFO - Started process (PID=29180) to work on /home/airflow/.local/lib/python3.12/site-packages/airflow/example_dags/example_setup_teardown.py
[2025-07-01T05:42:19.403+0000] {processor.py:914} INFO - Processing file /home/airflow/.local/lib/python3.12/site-packages/airflow/example_dags/example_setup_teardown.py for tasks to queue
[2025-07-01T05:42:19.406+0000] {logging_mixin.py:190} INFO - [2025-07-01T05:42:19.406+0000] {dagbag.py:588} INFO - Filling up the DagBag from /home/airflow/.local/lib/python3.12/site-packages/airflow/example_dags/example_setup_teardown.py
[2025-07-01T05:42:19.416+0000] {processor.py:925} INFO - DAG(s) 'example_setup_teardown' retrieved from /home/airflow/.local/lib/python3.12/site-packages/airflow/example_dags/example_setup_teardown.py
[2025-07-01T05:42:19.437+0000] {logging_mixin.py:190} INFO - [2025-07-01T05:42:19.437+0000] {dag.py:3239} INFO - Sync 1 DAGs
[2025-07-01T05:42:19.450+0000] {logging_mixin.py:190} INFO - [2025-07-01T05:42:19.450+0000] {dag.py:4180} INFO - Setting next_dagrun for example_setup_teardown to None, run_after=None
[2025-07-01T05:42:19.468+0000] {processor.py:208} INFO - Processing /home/airflow/.local/lib/python3.12/site-packages/airflow/example_dags/example_setup_teardown.py took 0.074 seconds
[2025-07-01T05:42:49.644+0000] {processor.py:186} INFO - Started process (PID=29242) to work on /home/airflow/.local/lib/python3.12/site-packages/airflow/example_dags/example_setup_teardown.py
[2025-07-01T05:42:49.645+0000] {processor.py:914} INFO - Processing file /home/airflow/.local/lib/python3.12/site-packages/airflow/example_dags/example_setup_teardown.py for tasks to queue
[2025-07-01T05:42:49.648+0000] {logging_mixin.py:190} INFO - [2025-07-01T05:42:49.647+0000] {dagbag.py:588} INFO - Filling up the DagBag from /home/airflow/.local/lib/python3.12/site-packages/airflow/example_dags/example_setup_teardown.py
[2025-07-01T05:42:49.656+0000] {processor.py:925} INFO - DAG(s) 'example_setup_teardown' retrieved from /home/airflow/.local/lib/python3.12/site-packages/airflow/example_dags/example_setup_teardown.py
[2025-07-01T05:42:49.680+0000] {logging_mixin.py:190} INFO - [2025-07-01T05:42:49.679+0000] {dag.py:3239} INFO - Sync 1 DAGs
[2025-07-01T05:42:49.693+0000] {logging_mixin.py:190} INFO - [2025-07-01T05:42:49.693+0000] {dag.py:4180} INFO - Setting next_dagrun for example_setup_teardown to None, run_after=None
[2025-07-01T05:42:49.712+0000] {processor.py:208} INFO - Processing /home/airflow/.local/lib/python3.12/site-packages/airflow/example_dags/example_setup_teardown.py took 0.074 seconds
[2025-07-01T05:43:19.843+0000] {processor.py:186} INFO - Started process (PID=29304) to work on /home/airflow/.local/lib/python3.12/site-packages/airflow/example_dags/example_setup_teardown.py
[2025-07-01T05:43:19.844+0000] {processor.py:914} INFO - Processing file /home/airflow/.local/lib/python3.12/site-packages/airflow/example_dags/example_setup_teardown.py for tasks to queue
[2025-07-01T05:43:19.846+0000] {logging_mixin.py:190} INFO - [2025-07-01T05:43:19.846+0000] {dagbag.py:588} INFO - Filling up the DagBag from /home/airflow/.local/lib/python3.12/site-packages/airflow/example_dags/example_setup_teardown.py
[2025-07-01T05:43:19.855+0000] {processor.py:925} INFO - DAG(s) 'example_setup_teardown' retrieved from /home/airflow/.local/lib/python3.12/site-packages/airflow/example_dags/example_setup_teardown.py
[2025-07-01T05:43:19.875+0000] {logging_mixin.py:190} INFO - [2025-07-01T05:43:19.875+0000] {dag.py:3239} INFO - Sync 1 DAGs
[2025-07-01T05:43:19.888+0000] {logging_mixin.py:190} INFO - [2025-07-01T05:43:19.888+0000] {dag.py:4180} INFO - Setting next_dagrun for example_setup_teardown to None, run_after=None
[2025-07-01T05:43:19.905+0000] {processor.py:208} INFO - Processing /home/airflow/.local/lib/python3.12/site-packages/airflow/example_dags/example_setup_teardown.py took 0.068 seconds
[2025-07-01T05:43:50.627+0000] {processor.py:186} INFO - Started process (PID=29365) to work on /home/airflow/.local/lib/python3.12/site-packages/airflow/example_dags/example_setup_teardown.py
[2025-07-01T05:43:50.628+0000] {processor.py:914} INFO - Processing file /home/airflow/.local/lib/python3.12/site-packages/airflow/example_dags/example_setup_teardown.py for tasks to queue
[2025-07-01T05:43:50.631+0000] {logging_mixin.py:190} INFO - [2025-07-01T05:43:50.631+0000] {dagbag.py:588} INFO - Filling up the DagBag from /home/airflow/.local/lib/python3.12/site-packages/airflow/example_dags/example_setup_teardown.py
[2025-07-01T05:43:50.640+0000] {processor.py:925} INFO - DAG(s) 'example_setup_teardown' retrieved from /home/airflow/.local/lib/python3.12/site-packages/airflow/example_dags/example_setup_teardown.py
[2025-07-01T05:43:50.660+0000] {logging_mixin.py:190} INFO - [2025-07-01T05:43:50.660+0000] {dag.py:3239} INFO - Sync 1 DAGs
[2025-07-01T05:43:50.674+0000] {logging_mixin.py:190} INFO - [2025-07-01T05:43:50.673+0000] {dag.py:4180} INFO - Setting next_dagrun for example_setup_teardown to None, run_after=None
[2025-07-01T05:43:50.691+0000] {processor.py:208} INFO - Processing /home/airflow/.local/lib/python3.12/site-packages/airflow/example_dags/example_setup_teardown.py took 0.069 seconds
[2025-07-01T05:44:21.547+0000] {processor.py:186} INFO - Started process (PID=29427) to work on /home/airflow/.local/lib/python3.12/site-packages/airflow/example_dags/example_setup_teardown.py
[2025-07-01T05:44:21.548+0000] {processor.py:914} INFO - Processing file /home/airflow/.local/lib/python3.12/site-packages/airflow/example_dags/example_setup_teardown.py for tasks to queue
[2025-07-01T05:44:21.551+0000] {logging_mixin.py:190} INFO - [2025-07-01T05:44:21.550+0000] {dagbag.py:588} INFO - Filling up the DagBag from /home/airflow/.local/lib/python3.12/site-packages/airflow/example_dags/example_setup_teardown.py
[2025-07-01T05:44:21.559+0000] {processor.py:925} INFO - DAG(s) 'example_setup_teardown' retrieved from /home/airflow/.local/lib/python3.12/site-packages/airflow/example_dags/example_setup_teardown.py
[2025-07-01T05:44:21.580+0000] {logging_mixin.py:190} INFO - [2025-07-01T05:44:21.580+0000] {dag.py:3239} INFO - Sync 1 DAGs
[2025-07-01T05:44:21.594+0000] {logging_mixin.py:190} INFO - [2025-07-01T05:44:21.593+0000] {dag.py:4180} INFO - Setting next_dagrun for example_setup_teardown to None, run_after=None
[2025-07-01T05:44:21.611+0000] {processor.py:208} INFO - Processing /home/airflow/.local/lib/python3.12/site-packages/airflow/example_dags/example_setup_teardown.py took 0.069 seconds
[2025-07-01T05:44:51.716+0000] {processor.py:186} INFO - Started process (PID=29489) to work on /home/airflow/.local/lib/python3.12/site-packages/airflow/example_dags/example_setup_teardown.py
[2025-07-01T05:44:51.717+0000] {processor.py:914} INFO - Processing file /home/airflow/.local/lib/python3.12/site-packages/airflow/example_dags/example_setup_teardown.py for tasks to queue
[2025-07-01T05:44:51.719+0000] {logging_mixin.py:190} INFO - [2025-07-01T05:44:51.719+0000] {dagbag.py:588} INFO - Filling up the DagBag from /home/airflow/.local/lib/python3.12/site-packages/airflow/example_dags/example_setup_teardown.py
[2025-07-01T05:44:51.727+0000] {processor.py:925} INFO - DAG(s) 'example_setup_teardown' retrieved from /home/airflow/.local/lib/python3.12/site-packages/airflow/example_dags/example_setup_teardown.py
[2025-07-01T05:44:51.747+0000] {logging_mixin.py:190} INFO - [2025-07-01T05:44:51.747+0000] {dag.py:3239} INFO - Sync 1 DAGs
[2025-07-01T05:44:51.760+0000] {logging_mixin.py:190} INFO - [2025-07-01T05:44:51.760+0000] {dag.py:4180} INFO - Setting next_dagrun for example_setup_teardown to None, run_after=None
[2025-07-01T05:44:51.777+0000] {processor.py:208} INFO - Processing /home/airflow/.local/lib/python3.12/site-packages/airflow/example_dags/example_setup_teardown.py took 0.067 seconds
[2025-07-01T05:45:22.535+0000] {processor.py:186} INFO - Started process (PID=29551) to work on /home/airflow/.local/lib/python3.12/site-packages/airflow/example_dags/example_setup_teardown.py
[2025-07-01T05:45:22.536+0000] {processor.py:914} INFO - Processing file /home/airflow/.local/lib/python3.12/site-packages/airflow/example_dags/example_setup_teardown.py for tasks to queue
[2025-07-01T05:45:22.539+0000] {logging_mixin.py:190} INFO - [2025-07-01T05:45:22.538+0000] {dagbag.py:588} INFO - Filling up the DagBag from /home/airflow/.local/lib/python3.12/site-packages/airflow/example_dags/example_setup_teardown.py
[2025-07-01T05:45:22.547+0000] {processor.py:925} INFO - DAG(s) 'example_setup_teardown' retrieved from /home/airflow/.local/lib/python3.12/site-packages/airflow/example_dags/example_setup_teardown.py
[2025-07-01T05:45:22.567+0000] {logging_mixin.py:190} INFO - [2025-07-01T05:45:22.566+0000] {dag.py:3239} INFO - Sync 1 DAGs
[2025-07-01T05:45:22.580+0000] {logging_mixin.py:190} INFO - [2025-07-01T05:45:22.580+0000] {dag.py:4180} INFO - Setting next_dagrun for example_setup_teardown to None, run_after=None
[2025-07-01T05:45:22.597+0000] {processor.py:208} INFO - Processing /home/airflow/.local/lib/python3.12/site-packages/airflow/example_dags/example_setup_teardown.py took 0.068 seconds
[2025-07-01T05:45:53.347+0000] {processor.py:186} INFO - Started process (PID=29613) to work on /home/airflow/.local/lib/python3.12/site-packages/airflow/example_dags/example_setup_teardown.py
[2025-07-01T05:45:53.348+0000] {processor.py:914} INFO - Processing file /home/airflow/.local/lib/python3.12/site-packages/airflow/example_dags/example_setup_teardown.py for tasks to queue
[2025-07-01T05:45:53.350+0000] {logging_mixin.py:190} INFO - [2025-07-01T05:45:53.350+0000] {dagbag.py:588} INFO - Filling up the DagBag from /home/airflow/.local/lib/python3.12/site-packages/airflow/example_dags/example_setup_teardown.py
[2025-07-01T05:45:53.358+0000] {processor.py:925} INFO - DAG(s) 'example_setup_teardown' retrieved from /home/airflow/.local/lib/python3.12/site-packages/airflow/example_dags/example_setup_teardown.py
[2025-07-01T05:45:53.377+0000] {logging_mixin.py:190} INFO - [2025-07-01T05:45:53.376+0000] {dag.py:3239} INFO - Sync 1 DAGs
[2025-07-01T05:45:53.389+0000] {logging_mixin.py:190} INFO - [2025-07-01T05:45:53.389+0000] {dag.py:4180} INFO - Setting next_dagrun for example_setup_teardown to None, run_after=None
[2025-07-01T05:45:53.407+0000] {processor.py:208} INFO - Processing /home/airflow/.local/lib/python3.12/site-packages/airflow/example_dags/example_setup_teardown.py took 0.066 seconds
[2025-07-01T05:46:24.077+0000] {processor.py:186} INFO - Started process (PID=29675) to work on /home/airflow/.local/lib/python3.12/site-packages/airflow/example_dags/example_setup_teardown.py
[2025-07-01T05:46:24.078+0000] {processor.py:914} INFO - Processing file /home/airflow/.local/lib/python3.12/site-packages/airflow/example_dags/example_setup_teardown.py for tasks to queue
[2025-07-01T05:46:24.081+0000] {logging_mixin.py:190} INFO - [2025-07-01T05:46:24.080+0000] {dagbag.py:588} INFO - Filling up the DagBag from /home/airflow/.local/lib/python3.12/site-packages/airflow/example_dags/example_setup_teardown.py
[2025-07-01T05:46:24.089+0000] {processor.py:925} INFO - DAG(s) 'example_setup_teardown' retrieved from /home/airflow/.local/lib/python3.12/site-packages/airflow/example_dags/example_setup_teardown.py
[2025-07-01T05:46:24.110+0000] {logging_mixin.py:190} INFO - [2025-07-01T05:46:24.110+0000] {dag.py:3239} INFO - Sync 1 DAGs
[2025-07-01T05:46:24.124+0000] {logging_mixin.py:190} INFO - [2025-07-01T05:46:24.124+0000] {dag.py:4180} INFO - Setting next_dagrun for example_setup_teardown to None, run_after=None
[2025-07-01T05:46:24.141+0000] {processor.py:208} INFO - Processing /home/airflow/.local/lib/python3.12/site-packages/airflow/example_dags/example_setup_teardown.py took 0.070 seconds
[2025-07-01T05:46:54.763+0000] {processor.py:186} INFO - Started process (PID=29737) to work on /home/airflow/.local/lib/python3.12/site-packages/airflow/example_dags/example_setup_teardown.py
[2025-07-01T05:46:54.764+0000] {processor.py:914} INFO - Processing file /home/airflow/.local/lib/python3.12/site-packages/airflow/example_dags/example_setup_teardown.py for tasks to queue
[2025-07-01T05:46:54.767+0000] {logging_mixin.py:190} INFO - [2025-07-01T05:46:54.766+0000] {dagbag.py:588} INFO - Filling up the DagBag from /home/airflow/.local/lib/python3.12/site-packages/airflow/example_dags/example_setup_teardown.py
[2025-07-01T05:46:54.775+0000] {processor.py:925} INFO - DAG(s) 'example_setup_teardown' retrieved from /home/airflow/.local/lib/python3.12/site-packages/airflow/example_dags/example_setup_teardown.py
[2025-07-01T05:46:54.794+0000] {logging_mixin.py:190} INFO - [2025-07-01T05:46:54.794+0000] {dag.py:3239} INFO - Sync 1 DAGs
[2025-07-01T05:46:54.807+0000] {logging_mixin.py:190} INFO - [2025-07-01T05:46:54.807+0000] {dag.py:4180} INFO - Setting next_dagrun for example_setup_teardown to None, run_after=None
[2025-07-01T05:46:54.824+0000] {processor.py:208} INFO - Processing /home/airflow/.local/lib/python3.12/site-packages/airflow/example_dags/example_setup_teardown.py took 0.067 seconds
[2025-07-01T05:47:25.680+0000] {processor.py:186} INFO - Started process (PID=29799) to work on /home/airflow/.local/lib/python3.12/site-packages/airflow/example_dags/example_setup_teardown.py
[2025-07-01T05:47:25.681+0000] {processor.py:914} INFO - Processing file /home/airflow/.local/lib/python3.12/site-packages/airflow/example_dags/example_setup_teardown.py for tasks to queue
[2025-07-01T05:47:25.684+0000] {logging_mixin.py:190} INFO - [2025-07-01T05:47:25.683+0000] {dagbag.py:588} INFO - Filling up the DagBag from /home/airflow/.local/lib/python3.12/site-packages/airflow/example_dags/example_setup_teardown.py
[2025-07-01T05:47:25.692+0000] {processor.py:925} INFO - DAG(s) 'example_setup_teardown' retrieved from /home/airflow/.local/lib/python3.12/site-packages/airflow/example_dags/example_setup_teardown.py
[2025-07-01T05:47:25.711+0000] {logging_mixin.py:190} INFO - [2025-07-01T05:47:25.711+0000] {dag.py:3239} INFO - Sync 1 DAGs
[2025-07-01T05:47:25.725+0000] {logging_mixin.py:190} INFO - [2025-07-01T05:47:25.725+0000] {dag.py:4180} INFO - Setting next_dagrun for example_setup_teardown to None, run_after=None
[2025-07-01T05:47:25.743+0000] {processor.py:208} INFO - Processing /home/airflow/.local/lib/python3.12/site-packages/airflow/example_dags/example_setup_teardown.py took 0.069 seconds
[2025-07-01T05:47:56.311+0000] {processor.py:186} INFO - Started process (PID=29861) to work on /home/airflow/.local/lib/python3.12/site-packages/airflow/example_dags/example_setup_teardown.py
[2025-07-01T05:47:56.312+0000] {processor.py:914} INFO - Processing file /home/airflow/.local/lib/python3.12/site-packages/airflow/example_dags/example_setup_teardown.py for tasks to queue
[2025-07-01T05:47:56.315+0000] {logging_mixin.py:190} INFO - [2025-07-01T05:47:56.314+0000] {dagbag.py:588} INFO - Filling up the DagBag from /home/airflow/.local/lib/python3.12/site-packages/airflow/example_dags/example_setup_teardown.py
[2025-07-01T05:47:56.323+0000] {processor.py:925} INFO - DAG(s) 'example_setup_teardown' retrieved from /home/airflow/.local/lib/python3.12/site-packages/airflow/example_dags/example_setup_teardown.py
[2025-07-01T05:47:56.345+0000] {logging_mixin.py:190} INFO - [2025-07-01T05:47:56.345+0000] {dag.py:3239} INFO - Sync 1 DAGs
[2025-07-01T05:47:56.361+0000] {logging_mixin.py:190} INFO - [2025-07-01T05:47:56.360+0000] {dag.py:4180} INFO - Setting next_dagrun for example_setup_teardown to None, run_after=None
[2025-07-01T05:47:56.379+0000] {processor.py:208} INFO - Processing /home/airflow/.local/lib/python3.12/site-packages/airflow/example_dags/example_setup_teardown.py took 0.074 seconds
[2025-07-01T05:48:26.934+0000] {processor.py:186} INFO - Started process (PID=29923) to work on /home/airflow/.local/lib/python3.12/site-packages/airflow/example_dags/example_setup_teardown.py
[2025-07-01T05:48:26.935+0000] {processor.py:914} INFO - Processing file /home/airflow/.local/lib/python3.12/site-packages/airflow/example_dags/example_setup_teardown.py for tasks to queue
[2025-07-01T05:48:26.938+0000] {logging_mixin.py:190} INFO - [2025-07-01T05:48:26.938+0000] {dagbag.py:588} INFO - Filling up the DagBag from /home/airflow/.local/lib/python3.12/site-packages/airflow/example_dags/example_setup_teardown.py
[2025-07-01T05:48:26.947+0000] {processor.py:925} INFO - DAG(s) 'example_setup_teardown' retrieved from /home/airflow/.local/lib/python3.12/site-packages/airflow/example_dags/example_setup_teardown.py
[2025-07-01T05:48:26.968+0000] {logging_mixin.py:190} INFO - [2025-07-01T05:48:26.968+0000] {dag.py:3239} INFO - Sync 1 DAGs
[2025-07-01T05:48:26.982+0000] {logging_mixin.py:190} INFO - [2025-07-01T05:48:26.982+0000] {dag.py:4180} INFO - Setting next_dagrun for example_setup_teardown to None, run_after=None
[2025-07-01T05:48:26.999+0000] {processor.py:208} INFO - Processing /home/airflow/.local/lib/python3.12/site-packages/airflow/example_dags/example_setup_teardown.py took 0.071 seconds
[2025-07-01T05:48:57.782+0000] {processor.py:186} INFO - Started process (PID=29985) to work on /home/airflow/.local/lib/python3.12/site-packages/airflow/example_dags/example_setup_teardown.py
[2025-07-01T05:48:57.783+0000] {processor.py:914} INFO - Processing file /home/airflow/.local/lib/python3.12/site-packages/airflow/example_dags/example_setup_teardown.py for tasks to queue
[2025-07-01T05:48:57.788+0000] {logging_mixin.py:190} INFO - [2025-07-01T05:48:57.787+0000] {dagbag.py:588} INFO - Filling up the DagBag from /home/airflow/.local/lib/python3.12/site-packages/airflow/example_dags/example_setup_teardown.py
[2025-07-01T05:48:57.797+0000] {processor.py:925} INFO - DAG(s) 'example_setup_teardown' retrieved from /home/airflow/.local/lib/python3.12/site-packages/airflow/example_dags/example_setup_teardown.py
[2025-07-01T05:48:57.817+0000] {logging_mixin.py:190} INFO - [2025-07-01T05:48:57.816+0000] {dag.py:3239} INFO - Sync 1 DAGs
[2025-07-01T05:48:57.830+0000] {logging_mixin.py:190} INFO - [2025-07-01T05:48:57.830+0000] {dag.py:4180} INFO - Setting next_dagrun for example_setup_teardown to None, run_after=None
[2025-07-01T05:48:57.847+0000] {processor.py:208} INFO - Processing /home/airflow/.local/lib/python3.12/site-packages/airflow/example_dags/example_setup_teardown.py took 0.071 seconds
[2025-07-01T05:49:28.706+0000] {processor.py:186} INFO - Started process (PID=30047) to work on /home/airflow/.local/lib/python3.12/site-packages/airflow/example_dags/example_setup_teardown.py
[2025-07-01T05:49:28.707+0000] {processor.py:914} INFO - Processing file /home/airflow/.local/lib/python3.12/site-packages/airflow/example_dags/example_setup_teardown.py for tasks to queue
[2025-07-01T05:49:28.710+0000] {logging_mixin.py:190} INFO - [2025-07-01T05:49:28.710+0000] {dagbag.py:588} INFO - Filling up the DagBag from /home/airflow/.local/lib/python3.12/site-packages/airflow/example_dags/example_setup_teardown.py
[2025-07-01T05:49:28.718+0000] {processor.py:925} INFO - DAG(s) 'example_setup_teardown' retrieved from /home/airflow/.local/lib/python3.12/site-packages/airflow/example_dags/example_setup_teardown.py
[2025-07-01T05:49:28.738+0000] {logging_mixin.py:190} INFO - [2025-07-01T05:49:28.738+0000] {dag.py:3239} INFO - Sync 1 DAGs
[2025-07-01T05:49:28.752+0000] {logging_mixin.py:190} INFO - [2025-07-01T05:49:28.752+0000] {dag.py:4180} INFO - Setting next_dagrun for example_setup_teardown to None, run_after=None
[2025-07-01T05:49:28.769+0000] {processor.py:208} INFO - Processing /home/airflow/.local/lib/python3.12/site-packages/airflow/example_dags/example_setup_teardown.py took 0.069 seconds
[2025-07-01T05:49:59.552+0000] {processor.py:186} INFO - Started process (PID=30109) to work on /home/airflow/.local/lib/python3.12/site-packages/airflow/example_dags/example_setup_teardown.py
[2025-07-01T05:49:59.553+0000] {processor.py:914} INFO - Processing file /home/airflow/.local/lib/python3.12/site-packages/airflow/example_dags/example_setup_teardown.py for tasks to queue
[2025-07-01T05:49:59.556+0000] {logging_mixin.py:190} INFO - [2025-07-01T05:49:59.556+0000] {dagbag.py:588} INFO - Filling up the DagBag from /home/airflow/.local/lib/python3.12/site-packages/airflow/example_dags/example_setup_teardown.py
[2025-07-01T05:49:59.565+0000] {processor.py:925} INFO - DAG(s) 'example_setup_teardown' retrieved from /home/airflow/.local/lib/python3.12/site-packages/airflow/example_dags/example_setup_teardown.py
[2025-07-01T05:49:59.585+0000] {logging_mixin.py:190} INFO - [2025-07-01T05:49:59.584+0000] {dag.py:3239} INFO - Sync 1 DAGs
[2025-07-01T05:49:59.598+0000] {logging_mixin.py:190} INFO - [2025-07-01T05:49:59.598+0000] {dag.py:4180} INFO - Setting next_dagrun for example_setup_teardown to None, run_after=None
[2025-07-01T05:49:59.616+0000] {processor.py:208} INFO - Processing /home/airflow/.local/lib/python3.12/site-packages/airflow/example_dags/example_setup_teardown.py took 0.070 seconds
[2025-07-01T05:50:30.442+0000] {processor.py:186} INFO - Started process (PID=30171) to work on /home/airflow/.local/lib/python3.12/site-packages/airflow/example_dags/example_setup_teardown.py
[2025-07-01T05:50:30.444+0000] {processor.py:914} INFO - Processing file /home/airflow/.local/lib/python3.12/site-packages/airflow/example_dags/example_setup_teardown.py for tasks to queue
[2025-07-01T05:50:30.446+0000] {logging_mixin.py:190} INFO - [2025-07-01T05:50:30.446+0000] {dagbag.py:588} INFO - Filling up the DagBag from /home/airflow/.local/lib/python3.12/site-packages/airflow/example_dags/example_setup_teardown.py
[2025-07-01T05:50:30.455+0000] {processor.py:925} INFO - DAG(s) 'example_setup_teardown' retrieved from /home/airflow/.local/lib/python3.12/site-packages/airflow/example_dags/example_setup_teardown.py
[2025-07-01T05:50:30.477+0000] {logging_mixin.py:190} INFO - [2025-07-01T05:50:30.476+0000] {dag.py:3239} INFO - Sync 1 DAGs
[2025-07-01T05:50:30.495+0000] {logging_mixin.py:190} INFO - [2025-07-01T05:50:30.495+0000] {dag.py:4180} INFO - Setting next_dagrun for example_setup_teardown to None, run_after=None
[2025-07-01T05:50:30.515+0000] {processor.py:208} INFO - Processing /home/airflow/.local/lib/python3.12/site-packages/airflow/example_dags/example_setup_teardown.py took 0.078 seconds
[2025-07-01T05:51:01.280+0000] {processor.py:186} INFO - Started process (PID=30233) to work on /home/airflow/.local/lib/python3.12/site-packages/airflow/example_dags/example_setup_teardown.py
[2025-07-01T05:51:01.281+0000] {processor.py:914} INFO - Processing file /home/airflow/.local/lib/python3.12/site-packages/airflow/example_dags/example_setup_teardown.py for tasks to queue
[2025-07-01T05:51:01.284+0000] {logging_mixin.py:190} INFO - [2025-07-01T05:51:01.284+0000] {dagbag.py:588} INFO - Filling up the DagBag from /home/airflow/.local/lib/python3.12/site-packages/airflow/example_dags/example_setup_teardown.py
[2025-07-01T05:51:01.292+0000] {processor.py:925} INFO - DAG(s) 'example_setup_teardown' retrieved from /home/airflow/.local/lib/python3.12/site-packages/airflow/example_dags/example_setup_teardown.py
[2025-07-01T05:51:01.312+0000] {logging_mixin.py:190} INFO - [2025-07-01T05:51:01.312+0000] {dag.py:3239} INFO - Sync 1 DAGs
[2025-07-01T05:51:01.325+0000] {logging_mixin.py:190} INFO - [2025-07-01T05:51:01.325+0000] {dag.py:4180} INFO - Setting next_dagrun for example_setup_teardown to None, run_after=None
[2025-07-01T05:51:01.343+0000] {processor.py:208} INFO - Processing /home/airflow/.local/lib/python3.12/site-packages/airflow/example_dags/example_setup_teardown.py took 0.068 seconds
[2025-07-01T05:51:32.311+0000] {processor.py:186} INFO - Started process (PID=30295) to work on /home/airflow/.local/lib/python3.12/site-packages/airflow/example_dags/example_setup_teardown.py
[2025-07-01T05:51:32.312+0000] {processor.py:914} INFO - Processing file /home/airflow/.local/lib/python3.12/site-packages/airflow/example_dags/example_setup_teardown.py for tasks to queue
[2025-07-01T05:51:32.314+0000] {logging_mixin.py:190} INFO - [2025-07-01T05:51:32.314+0000] {dagbag.py:588} INFO - Filling up the DagBag from /home/airflow/.local/lib/python3.12/site-packages/airflow/example_dags/example_setup_teardown.py
[2025-07-01T05:51:32.322+0000] {processor.py:925} INFO - DAG(s) 'example_setup_teardown' retrieved from /home/airflow/.local/lib/python3.12/site-packages/airflow/example_dags/example_setup_teardown.py
[2025-07-01T05:51:32.342+0000] {logging_mixin.py:190} INFO - [2025-07-01T05:51:32.342+0000] {dag.py:3239} INFO - Sync 1 DAGs
[2025-07-01T05:51:32.355+0000] {logging_mixin.py:190} INFO - [2025-07-01T05:51:32.355+0000] {dag.py:4180} INFO - Setting next_dagrun for example_setup_teardown to None, run_after=None
[2025-07-01T05:51:32.373+0000] {processor.py:208} INFO - Processing /home/airflow/.local/lib/python3.12/site-packages/airflow/example_dags/example_setup_teardown.py took 0.068 seconds
[2025-07-01T05:52:02.561+0000] {processor.py:186} INFO - Started process (PID=30357) to work on /home/airflow/.local/lib/python3.12/site-packages/airflow/example_dags/example_setup_teardown.py
[2025-07-01T05:52:02.563+0000] {processor.py:914} INFO - Processing file /home/airflow/.local/lib/python3.12/site-packages/airflow/example_dags/example_setup_teardown.py for tasks to queue
[2025-07-01T05:52:02.565+0000] {logging_mixin.py:190} INFO - [2025-07-01T05:52:02.565+0000] {dagbag.py:588} INFO - Filling up the DagBag from /home/airflow/.local/lib/python3.12/site-packages/airflow/example_dags/example_setup_teardown.py
[2025-07-01T05:52:02.575+0000] {processor.py:925} INFO - DAG(s) 'example_setup_teardown' retrieved from /home/airflow/.local/lib/python3.12/site-packages/airflow/example_dags/example_setup_teardown.py
[2025-07-01T05:52:02.597+0000] {logging_mixin.py:190} INFO - [2025-07-01T05:52:02.597+0000] {dag.py:3239} INFO - Sync 1 DAGs
[2025-07-01T05:52:02.613+0000] {logging_mixin.py:190} INFO - [2025-07-01T05:52:02.613+0000] {dag.py:4180} INFO - Setting next_dagrun for example_setup_teardown to None, run_after=None
[2025-07-01T05:52:02.633+0000] {processor.py:208} INFO - Processing /home/airflow/.local/lib/python3.12/site-packages/airflow/example_dags/example_setup_teardown.py took 0.077 seconds
[2025-07-01T05:52:32.887+0000] {processor.py:186} INFO - Started process (PID=30419) to work on /home/airflow/.local/lib/python3.12/site-packages/airflow/example_dags/example_setup_teardown.py
[2025-07-01T05:52:32.888+0000] {processor.py:914} INFO - Processing file /home/airflow/.local/lib/python3.12/site-packages/airflow/example_dags/example_setup_teardown.py for tasks to queue
[2025-07-01T05:52:32.891+0000] {logging_mixin.py:190} INFO - [2025-07-01T05:52:32.891+0000] {dagbag.py:588} INFO - Filling up the DagBag from /home/airflow/.local/lib/python3.12/site-packages/airflow/example_dags/example_setup_teardown.py
[2025-07-01T05:52:32.899+0000] {processor.py:925} INFO - DAG(s) 'example_setup_teardown' retrieved from /home/airflow/.local/lib/python3.12/site-packages/airflow/example_dags/example_setup_teardown.py
[2025-07-01T05:52:32.919+0000] {logging_mixin.py:190} INFO - [2025-07-01T05:52:32.919+0000] {dag.py:3239} INFO - Sync 1 DAGs
[2025-07-01T05:52:32.933+0000] {logging_mixin.py:190} INFO - [2025-07-01T05:52:32.933+0000] {dag.py:4180} INFO - Setting next_dagrun for example_setup_teardown to None, run_after=None
[2025-07-01T05:52:32.951+0000] {processor.py:208} INFO - Processing /home/airflow/.local/lib/python3.12/site-packages/airflow/example_dags/example_setup_teardown.py took 0.069 seconds
[2025-07-01T05:53:03.756+0000] {processor.py:186} INFO - Started process (PID=30481) to work on /home/airflow/.local/lib/python3.12/site-packages/airflow/example_dags/example_setup_teardown.py
[2025-07-01T05:53:03.757+0000] {processor.py:914} INFO - Processing file /home/airflow/.local/lib/python3.12/site-packages/airflow/example_dags/example_setup_teardown.py for tasks to queue
[2025-07-01T05:53:03.759+0000] {logging_mixin.py:190} INFO - [2025-07-01T05:53:03.759+0000] {dagbag.py:588} INFO - Filling up the DagBag from /home/airflow/.local/lib/python3.12/site-packages/airflow/example_dags/example_setup_teardown.py
[2025-07-01T05:53:03.768+0000] {processor.py:925} INFO - DAG(s) 'example_setup_teardown' retrieved from /home/airflow/.local/lib/python3.12/site-packages/airflow/example_dags/example_setup_teardown.py
[2025-07-01T05:53:03.788+0000] {logging_mixin.py:190} INFO - [2025-07-01T05:53:03.788+0000] {dag.py:3239} INFO - Sync 1 DAGs
[2025-07-01T05:53:03.802+0000] {logging_mixin.py:190} INFO - [2025-07-01T05:53:03.801+0000] {dag.py:4180} INFO - Setting next_dagrun for example_setup_teardown to None, run_after=None
[2025-07-01T05:53:03.819+0000] {processor.py:208} INFO - Processing /home/airflow/.local/lib/python3.12/site-packages/airflow/example_dags/example_setup_teardown.py took 0.070 seconds
[2025-07-01T05:53:33.889+0000] {processor.py:186} INFO - Started process (PID=30543) to work on /home/airflow/.local/lib/python3.12/site-packages/airflow/example_dags/example_setup_teardown.py
[2025-07-01T05:53:33.890+0000] {processor.py:914} INFO - Processing file /home/airflow/.local/lib/python3.12/site-packages/airflow/example_dags/example_setup_teardown.py for tasks to queue
[2025-07-01T05:53:33.892+0000] {logging_mixin.py:190} INFO - [2025-07-01T05:53:33.892+0000] {dagbag.py:588} INFO - Filling up the DagBag from /home/airflow/.local/lib/python3.12/site-packages/airflow/example_dags/example_setup_teardown.py
[2025-07-01T05:53:33.900+0000] {processor.py:925} INFO - DAG(s) 'example_setup_teardown' retrieved from /home/airflow/.local/lib/python3.12/site-packages/airflow/example_dags/example_setup_teardown.py
[2025-07-01T05:53:33.922+0000] {logging_mixin.py:190} INFO - [2025-07-01T05:53:33.921+0000] {dag.py:3239} INFO - Sync 1 DAGs
[2025-07-01T05:53:33.935+0000] {logging_mixin.py:190} INFO - [2025-07-01T05:53:33.935+0000] {dag.py:4180} INFO - Setting next_dagrun for example_setup_teardown to None, run_after=None
[2025-07-01T05:53:33.954+0000] {processor.py:208} INFO - Processing /home/airflow/.local/lib/python3.12/site-packages/airflow/example_dags/example_setup_teardown.py took 0.071 seconds
[2025-07-01T05:54:04.731+0000] {processor.py:186} INFO - Started process (PID=30605) to work on /home/airflow/.local/lib/python3.12/site-packages/airflow/example_dags/example_setup_teardown.py
[2025-07-01T05:54:04.732+0000] {processor.py:914} INFO - Processing file /home/airflow/.local/lib/python3.12/site-packages/airflow/example_dags/example_setup_teardown.py for tasks to queue
[2025-07-01T05:54:04.734+0000] {logging_mixin.py:190} INFO - [2025-07-01T05:54:04.734+0000] {dagbag.py:588} INFO - Filling up the DagBag from /home/airflow/.local/lib/python3.12/site-packages/airflow/example_dags/example_setup_teardown.py
[2025-07-01T05:54:04.742+0000] {processor.py:925} INFO - DAG(s) 'example_setup_teardown' retrieved from /home/airflow/.local/lib/python3.12/site-packages/airflow/example_dags/example_setup_teardown.py
[2025-07-01T05:54:04.760+0000] {logging_mixin.py:190} INFO - [2025-07-01T05:54:04.760+0000] {dag.py:3239} INFO - Sync 1 DAGs
[2025-07-01T05:54:04.774+0000] {logging_mixin.py:190} INFO - [2025-07-01T05:54:04.773+0000] {dag.py:4180} INFO - Setting next_dagrun for example_setup_teardown to None, run_after=None
[2025-07-01T05:54:04.791+0000] {processor.py:208} INFO - Processing /home/airflow/.local/lib/python3.12/site-packages/airflow/example_dags/example_setup_teardown.py took 0.066 seconds
[2025-07-01T05:54:35.475+0000] {processor.py:186} INFO - Started process (PID=30667) to work on /home/airflow/.local/lib/python3.12/site-packages/airflow/example_dags/example_setup_teardown.py
[2025-07-01T05:54:35.476+0000] {processor.py:914} INFO - Processing file /home/airflow/.local/lib/python3.12/site-packages/airflow/example_dags/example_setup_teardown.py for tasks to queue
[2025-07-01T05:54:35.479+0000] {logging_mixin.py:190} INFO - [2025-07-01T05:54:35.478+0000] {dagbag.py:588} INFO - Filling up the DagBag from /home/airflow/.local/lib/python3.12/site-packages/airflow/example_dags/example_setup_teardown.py
[2025-07-01T05:54:35.486+0000] {processor.py:925} INFO - DAG(s) 'example_setup_teardown' retrieved from /home/airflow/.local/lib/python3.12/site-packages/airflow/example_dags/example_setup_teardown.py
[2025-07-01T05:54:35.504+0000] {logging_mixin.py:190} INFO - [2025-07-01T05:54:35.504+0000] {dag.py:3239} INFO - Sync 1 DAGs
[2025-07-01T05:54:35.517+0000] {logging_mixin.py:190} INFO - [2025-07-01T05:54:35.517+0000] {dag.py:4180} INFO - Setting next_dagrun for example_setup_teardown to None, run_after=None
[2025-07-01T05:54:35.533+0000] {processor.py:208} INFO - Processing /home/airflow/.local/lib/python3.12/site-packages/airflow/example_dags/example_setup_teardown.py took 0.064 seconds
[2025-07-01T05:55:06.012+0000] {processor.py:186} INFO - Started process (PID=30735) to work on /home/airflow/.local/lib/python3.12/site-packages/airflow/example_dags/example_setup_teardown.py
[2025-07-01T05:55:06.013+0000] {processor.py:914} INFO - Processing file /home/airflow/.local/lib/python3.12/site-packages/airflow/example_dags/example_setup_teardown.py for tasks to queue
[2025-07-01T05:55:06.016+0000] {logging_mixin.py:190} INFO - [2025-07-01T05:55:06.015+0000] {dagbag.py:588} INFO - Filling up the DagBag from /home/airflow/.local/lib/python3.12/site-packages/airflow/example_dags/example_setup_teardown.py
[2025-07-01T05:55:06.025+0000] {processor.py:925} INFO - DAG(s) 'example_setup_teardown' retrieved from /home/airflow/.local/lib/python3.12/site-packages/airflow/example_dags/example_setup_teardown.py
[2025-07-01T05:55:06.044+0000] {logging_mixin.py:190} INFO - [2025-07-01T05:55:06.044+0000] {dag.py:3239} INFO - Sync 1 DAGs
[2025-07-01T05:55:06.057+0000] {logging_mixin.py:190} INFO - [2025-07-01T05:55:06.057+0000] {dag.py:4180} INFO - Setting next_dagrun for example_setup_teardown to None, run_after=None
[2025-07-01T05:55:06.074+0000] {processor.py:208} INFO - Processing /home/airflow/.local/lib/python3.12/site-packages/airflow/example_dags/example_setup_teardown.py took 0.068 seconds
[2025-07-01T05:55:36.677+0000] {processor.py:186} INFO - Started process (PID=30798) to work on /home/airflow/.local/lib/python3.12/site-packages/airflow/example_dags/example_setup_teardown.py
[2025-07-01T05:55:36.678+0000] {processor.py:914} INFO - Processing file /home/airflow/.local/lib/python3.12/site-packages/airflow/example_dags/example_setup_teardown.py for tasks to queue
[2025-07-01T05:55:36.681+0000] {logging_mixin.py:190} INFO - [2025-07-01T05:55:36.680+0000] {dagbag.py:588} INFO - Filling up the DagBag from /home/airflow/.local/lib/python3.12/site-packages/airflow/example_dags/example_setup_teardown.py
[2025-07-01T05:55:36.689+0000] {processor.py:925} INFO - DAG(s) 'example_setup_teardown' retrieved from /home/airflow/.local/lib/python3.12/site-packages/airflow/example_dags/example_setup_teardown.py
[2025-07-01T05:55:36.707+0000] {logging_mixin.py:190} INFO - [2025-07-01T05:55:36.707+0000] {dag.py:3239} INFO - Sync 1 DAGs
[2025-07-01T05:55:36.720+0000] {logging_mixin.py:190} INFO - [2025-07-01T05:55:36.720+0000] {dag.py:4180} INFO - Setting next_dagrun for example_setup_teardown to None, run_after=None
[2025-07-01T05:55:36.736+0000] {processor.py:208} INFO - Processing /home/airflow/.local/lib/python3.12/site-packages/airflow/example_dags/example_setup_teardown.py took 0.064 seconds
[2025-07-01T05:56:07.316+0000] {processor.py:186} INFO - Started process (PID=30860) to work on /home/airflow/.local/lib/python3.12/site-packages/airflow/example_dags/example_setup_teardown.py
[2025-07-01T05:56:07.317+0000] {processor.py:914} INFO - Processing file /home/airflow/.local/lib/python3.12/site-packages/airflow/example_dags/example_setup_teardown.py for tasks to queue
[2025-07-01T05:56:07.320+0000] {logging_mixin.py:190} INFO - [2025-07-01T05:56:07.320+0000] {dagbag.py:588} INFO - Filling up the DagBag from /home/airflow/.local/lib/python3.12/site-packages/airflow/example_dags/example_setup_teardown.py
[2025-07-01T05:56:07.328+0000] {processor.py:925} INFO - DAG(s) 'example_setup_teardown' retrieved from /home/airflow/.local/lib/python3.12/site-packages/airflow/example_dags/example_setup_teardown.py
[2025-07-01T05:56:07.349+0000] {logging_mixin.py:190} INFO - [2025-07-01T05:56:07.349+0000] {dag.py:3239} INFO - Sync 1 DAGs
[2025-07-01T05:56:07.362+0000] {logging_mixin.py:190} INFO - [2025-07-01T05:56:07.362+0000] {dag.py:4180} INFO - Setting next_dagrun for example_setup_teardown to None, run_after=None
[2025-07-01T05:56:07.380+0000] {processor.py:208} INFO - Processing /home/airflow/.local/lib/python3.12/site-packages/airflow/example_dags/example_setup_teardown.py took 0.069 seconds
[2025-07-01T05:56:37.940+0000] {processor.py:186} INFO - Started process (PID=30922) to work on /home/airflow/.local/lib/python3.12/site-packages/airflow/example_dags/example_setup_teardown.py
[2025-07-01T05:56:37.941+0000] {processor.py:914} INFO - Processing file /home/airflow/.local/lib/python3.12/site-packages/airflow/example_dags/example_setup_teardown.py for tasks to queue
[2025-07-01T05:56:37.944+0000] {logging_mixin.py:190} INFO - [2025-07-01T05:56:37.944+0000] {dagbag.py:588} INFO - Filling up the DagBag from /home/airflow/.local/lib/python3.12/site-packages/airflow/example_dags/example_setup_teardown.py
[2025-07-01T05:56:37.952+0000] {processor.py:925} INFO - DAG(s) 'example_setup_teardown' retrieved from /home/airflow/.local/lib/python3.12/site-packages/airflow/example_dags/example_setup_teardown.py
[2025-07-01T05:56:37.976+0000] {logging_mixin.py:190} INFO - [2025-07-01T05:56:37.975+0000] {dag.py:3239} INFO - Sync 1 DAGs
[2025-07-01T05:56:37.992+0000] {logging_mixin.py:190} INFO - [2025-07-01T05:56:37.992+0000] {dag.py:4180} INFO - Setting next_dagrun for example_setup_teardown to None, run_after=None
[2025-07-01T05:56:38.007+0000] {processor.py:208} INFO - Processing /home/airflow/.local/lib/python3.12/site-packages/airflow/example_dags/example_setup_teardown.py took 0.074 seconds
[2025-07-01T05:57:08.357+0000] {processor.py:186} INFO - Started process (PID=30984) to work on /home/airflow/.local/lib/python3.12/site-packages/airflow/example_dags/example_setup_teardown.py
[2025-07-01T05:57:08.358+0000] {processor.py:914} INFO - Processing file /home/airflow/.local/lib/python3.12/site-packages/airflow/example_dags/example_setup_teardown.py for tasks to queue
[2025-07-01T05:57:08.361+0000] {logging_mixin.py:190} INFO - [2025-07-01T05:57:08.361+0000] {dagbag.py:588} INFO - Filling up the DagBag from /home/airflow/.local/lib/python3.12/site-packages/airflow/example_dags/example_setup_teardown.py
[2025-07-01T05:57:08.369+0000] {processor.py:925} INFO - DAG(s) 'example_setup_teardown' retrieved from /home/airflow/.local/lib/python3.12/site-packages/airflow/example_dags/example_setup_teardown.py
[2025-07-01T05:57:08.388+0000] {logging_mixin.py:190} INFO - [2025-07-01T05:57:08.388+0000] {dag.py:3239} INFO - Sync 1 DAGs
[2025-07-01T05:57:08.401+0000] {logging_mixin.py:190} INFO - [2025-07-01T05:57:08.401+0000] {dag.py:4180} INFO - Setting next_dagrun for example_setup_teardown to None, run_after=None
[2025-07-01T05:57:08.418+0000] {processor.py:208} INFO - Processing /home/airflow/.local/lib/python3.12/site-packages/airflow/example_dags/example_setup_teardown.py took 0.067 seconds
[2025-07-01T05:57:39.294+0000] {processor.py:186} INFO - Started process (PID=31046) to work on /home/airflow/.local/lib/python3.12/site-packages/airflow/example_dags/example_setup_teardown.py
[2025-07-01T05:57:39.296+0000] {processor.py:914} INFO - Processing file /home/airflow/.local/lib/python3.12/site-packages/airflow/example_dags/example_setup_teardown.py for tasks to queue
[2025-07-01T05:57:39.300+0000] {logging_mixin.py:190} INFO - [2025-07-01T05:57:39.299+0000] {dagbag.py:588} INFO - Filling up the DagBag from /home/airflow/.local/lib/python3.12/site-packages/airflow/example_dags/example_setup_teardown.py
[2025-07-01T05:57:39.313+0000] {processor.py:925} INFO - DAG(s) 'example_setup_teardown' retrieved from /home/airflow/.local/lib/python3.12/site-packages/airflow/example_dags/example_setup_teardown.py
[2025-07-01T05:57:39.338+0000] {logging_mixin.py:190} INFO - [2025-07-01T05:57:39.337+0000] {dag.py:3239} INFO - Sync 1 DAGs
[2025-07-01T05:57:39.357+0000] {logging_mixin.py:190} INFO - [2025-07-01T05:57:39.357+0000] {dag.py:4180} INFO - Setting next_dagrun for example_setup_teardown to None, run_after=None
[2025-07-01T05:57:39.381+0000] {processor.py:208} INFO - Processing /home/airflow/.local/lib/python3.12/site-packages/airflow/example_dags/example_setup_teardown.py took 0.095 seconds
[2025-07-01T05:58:09.637+0000] {processor.py:186} INFO - Started process (PID=31108) to work on /home/airflow/.local/lib/python3.12/site-packages/airflow/example_dags/example_setup_teardown.py
[2025-07-01T05:58:09.638+0000] {processor.py:914} INFO - Processing file /home/airflow/.local/lib/python3.12/site-packages/airflow/example_dags/example_setup_teardown.py for tasks to queue
[2025-07-01T05:58:09.641+0000] {logging_mixin.py:190} INFO - [2025-07-01T05:58:09.641+0000] {dagbag.py:588} INFO - Filling up the DagBag from /home/airflow/.local/lib/python3.12/site-packages/airflow/example_dags/example_setup_teardown.py
[2025-07-01T05:58:09.649+0000] {processor.py:925} INFO - DAG(s) 'example_setup_teardown' retrieved from /home/airflow/.local/lib/python3.12/site-packages/airflow/example_dags/example_setup_teardown.py
[2025-07-01T05:58:09.668+0000] {logging_mixin.py:190} INFO - [2025-07-01T05:58:09.667+0000] {dag.py:3239} INFO - Sync 1 DAGs
[2025-07-01T05:58:09.680+0000] {logging_mixin.py:190} INFO - [2025-07-01T05:58:09.680+0000] {dag.py:4180} INFO - Setting next_dagrun for example_setup_teardown to None, run_after=None
[2025-07-01T05:58:09.696+0000] {processor.py:208} INFO - Processing /home/airflow/.local/lib/python3.12/site-packages/airflow/example_dags/example_setup_teardown.py took 0.066 seconds
[2025-07-01T05:58:40.118+0000] {processor.py:186} INFO - Started process (PID=31170) to work on /home/airflow/.local/lib/python3.12/site-packages/airflow/example_dags/example_setup_teardown.py
[2025-07-01T05:58:40.119+0000] {processor.py:914} INFO - Processing file /home/airflow/.local/lib/python3.12/site-packages/airflow/example_dags/example_setup_teardown.py for tasks to queue
[2025-07-01T05:58:40.121+0000] {logging_mixin.py:190} INFO - [2025-07-01T05:58:40.121+0000] {dagbag.py:588} INFO - Filling up the DagBag from /home/airflow/.local/lib/python3.12/site-packages/airflow/example_dags/example_setup_teardown.py
[2025-07-01T05:58:40.130+0000] {processor.py:925} INFO - DAG(s) 'example_setup_teardown' retrieved from /home/airflow/.local/lib/python3.12/site-packages/airflow/example_dags/example_setup_teardown.py
[2025-07-01T05:58:40.149+0000] {logging_mixin.py:190} INFO - [2025-07-01T05:58:40.148+0000] {dag.py:3239} INFO - Sync 1 DAGs
[2025-07-01T05:58:40.162+0000] {logging_mixin.py:190} INFO - [2025-07-01T05:58:40.162+0000] {dag.py:4180} INFO - Setting next_dagrun for example_setup_teardown to None, run_after=None
[2025-07-01T05:58:40.180+0000] {processor.py:208} INFO - Processing /home/airflow/.local/lib/python3.12/site-packages/airflow/example_dags/example_setup_teardown.py took 0.068 seconds
[2025-07-01T05:59:10.940+0000] {processor.py:186} INFO - Started process (PID=31232) to work on /home/airflow/.local/lib/python3.12/site-packages/airflow/example_dags/example_setup_teardown.py
[2025-07-01T05:59:10.941+0000] {processor.py:914} INFO - Processing file /home/airflow/.local/lib/python3.12/site-packages/airflow/example_dags/example_setup_teardown.py for tasks to queue
[2025-07-01T05:59:10.943+0000] {logging_mixin.py:190} INFO - [2025-07-01T05:59:10.943+0000] {dagbag.py:588} INFO - Filling up the DagBag from /home/airflow/.local/lib/python3.12/site-packages/airflow/example_dags/example_setup_teardown.py
[2025-07-01T05:59:10.951+0000] {processor.py:925} INFO - DAG(s) 'example_setup_teardown' retrieved from /home/airflow/.local/lib/python3.12/site-packages/airflow/example_dags/example_setup_teardown.py
[2025-07-01T05:59:10.970+0000] {logging_mixin.py:190} INFO - [2025-07-01T05:59:10.969+0000] {dag.py:3239} INFO - Sync 1 DAGs
[2025-07-01T05:59:10.985+0000] {logging_mixin.py:190} INFO - [2025-07-01T05:59:10.985+0000] {dag.py:4180} INFO - Setting next_dagrun for example_setup_teardown to None, run_after=None
[2025-07-01T05:59:11.001+0000] {processor.py:208} INFO - Processing /home/airflow/.local/lib/python3.12/site-packages/airflow/example_dags/example_setup_teardown.py took 0.067 seconds
[2025-07-01T05:59:41.388+0000] {processor.py:186} INFO - Started process (PID=31294) to work on /home/airflow/.local/lib/python3.12/site-packages/airflow/example_dags/example_setup_teardown.py
[2025-07-01T05:59:41.389+0000] {processor.py:914} INFO - Processing file /home/airflow/.local/lib/python3.12/site-packages/airflow/example_dags/example_setup_teardown.py for tasks to queue
[2025-07-01T05:59:41.392+0000] {logging_mixin.py:190} INFO - [2025-07-01T05:59:41.391+0000] {dagbag.py:588} INFO - Filling up the DagBag from /home/airflow/.local/lib/python3.12/site-packages/airflow/example_dags/example_setup_teardown.py
[2025-07-01T05:59:41.400+0000] {processor.py:925} INFO - DAG(s) 'example_setup_teardown' retrieved from /home/airflow/.local/lib/python3.12/site-packages/airflow/example_dags/example_setup_teardown.py
[2025-07-01T05:59:41.418+0000] {logging_mixin.py:190} INFO - [2025-07-01T05:59:41.418+0000] {dag.py:3239} INFO - Sync 1 DAGs
[2025-07-01T05:59:41.431+0000] {logging_mixin.py:190} INFO - [2025-07-01T05:59:41.431+0000] {dag.py:4180} INFO - Setting next_dagrun for example_setup_teardown to None, run_after=None
[2025-07-01T05:59:41.448+0000] {processor.py:208} INFO - Processing /home/airflow/.local/lib/python3.12/site-packages/airflow/example_dags/example_setup_teardown.py took 0.065 seconds
[2025-07-01T06:00:11.828+0000] {processor.py:186} INFO - Started process (PID=31356) to work on /home/airflow/.local/lib/python3.12/site-packages/airflow/example_dags/example_setup_teardown.py
[2025-07-01T06:00:11.829+0000] {processor.py:914} INFO - Processing file /home/airflow/.local/lib/python3.12/site-packages/airflow/example_dags/example_setup_teardown.py for tasks to queue
[2025-07-01T06:00:11.831+0000] {logging_mixin.py:190} INFO - [2025-07-01T06:00:11.831+0000] {dagbag.py:588} INFO - Filling up the DagBag from /home/airflow/.local/lib/python3.12/site-packages/airflow/example_dags/example_setup_teardown.py
[2025-07-01T06:00:11.839+0000] {processor.py:925} INFO - DAG(s) 'example_setup_teardown' retrieved from /home/airflow/.local/lib/python3.12/site-packages/airflow/example_dags/example_setup_teardown.py
[2025-07-01T06:00:11.857+0000] {logging_mixin.py:190} INFO - [2025-07-01T06:00:11.857+0000] {dag.py:3239} INFO - Sync 1 DAGs
[2025-07-01T06:00:11.870+0000] {logging_mixin.py:190} INFO - [2025-07-01T06:00:11.870+0000] {dag.py:4180} INFO - Setting next_dagrun for example_setup_teardown to None, run_after=None
[2025-07-01T06:00:11.887+0000] {processor.py:208} INFO - Processing /home/airflow/.local/lib/python3.12/site-packages/airflow/example_dags/example_setup_teardown.py took 0.065 seconds
[2025-07-01T06:00:42.274+0000] {processor.py:186} INFO - Started process (PID=31418) to work on /home/airflow/.local/lib/python3.12/site-packages/airflow/example_dags/example_setup_teardown.py
[2025-07-01T06:00:42.275+0000] {processor.py:914} INFO - Processing file /home/airflow/.local/lib/python3.12/site-packages/airflow/example_dags/example_setup_teardown.py for tasks to queue
[2025-07-01T06:00:42.278+0000] {logging_mixin.py:190} INFO - [2025-07-01T06:00:42.278+0000] {dagbag.py:588} INFO - Filling up the DagBag from /home/airflow/.local/lib/python3.12/site-packages/airflow/example_dags/example_setup_teardown.py
[2025-07-01T06:00:42.287+0000] {processor.py:925} INFO - DAG(s) 'example_setup_teardown' retrieved from /home/airflow/.local/lib/python3.12/site-packages/airflow/example_dags/example_setup_teardown.py
[2025-07-01T06:00:42.305+0000] {logging_mixin.py:190} INFO - [2025-07-01T06:00:42.304+0000] {dag.py:3239} INFO - Sync 1 DAGs
[2025-07-01T06:00:42.317+0000] {logging_mixin.py:190} INFO - [2025-07-01T06:00:42.317+0000] {dag.py:4180} INFO - Setting next_dagrun for example_setup_teardown to None, run_after=None
[2025-07-01T06:00:42.332+0000] {processor.py:208} INFO - Processing /home/airflow/.local/lib/python3.12/site-packages/airflow/example_dags/example_setup_teardown.py took 0.064 seconds
[2025-07-01T06:01:12.425+0000] {processor.py:186} INFO - Started process (PID=31480) to work on /home/airflow/.local/lib/python3.12/site-packages/airflow/example_dags/example_setup_teardown.py
[2025-07-01T06:01:12.426+0000] {processor.py:914} INFO - Processing file /home/airflow/.local/lib/python3.12/site-packages/airflow/example_dags/example_setup_teardown.py for tasks to queue
[2025-07-01T06:01:12.429+0000] {logging_mixin.py:190} INFO - [2025-07-01T06:01:12.429+0000] {dagbag.py:588} INFO - Filling up the DagBag from /home/airflow/.local/lib/python3.12/site-packages/airflow/example_dags/example_setup_teardown.py
[2025-07-01T06:01:12.438+0000] {processor.py:925} INFO - DAG(s) 'example_setup_teardown' retrieved from /home/airflow/.local/lib/python3.12/site-packages/airflow/example_dags/example_setup_teardown.py
[2025-07-01T06:01:12.457+0000] {logging_mixin.py:190} INFO - [2025-07-01T06:01:12.457+0000] {dag.py:3239} INFO - Sync 1 DAGs
[2025-07-01T06:01:12.470+0000] {logging_mixin.py:190} INFO - [2025-07-01T06:01:12.470+0000] {dag.py:4180} INFO - Setting next_dagrun for example_setup_teardown to None, run_after=None
[2025-07-01T06:01:12.486+0000] {processor.py:208} INFO - Processing /home/airflow/.local/lib/python3.12/site-packages/airflow/example_dags/example_setup_teardown.py took 0.067 seconds
[2025-07-01T06:01:42.786+0000] {processor.py:186} INFO - Started process (PID=31542) to work on /home/airflow/.local/lib/python3.12/site-packages/airflow/example_dags/example_setup_teardown.py
[2025-07-01T06:01:42.787+0000] {processor.py:914} INFO - Processing file /home/airflow/.local/lib/python3.12/site-packages/airflow/example_dags/example_setup_teardown.py for tasks to queue
[2025-07-01T06:01:42.790+0000] {logging_mixin.py:190} INFO - [2025-07-01T06:01:42.789+0000] {dagbag.py:588} INFO - Filling up the DagBag from /home/airflow/.local/lib/python3.12/site-packages/airflow/example_dags/example_setup_teardown.py
[2025-07-01T06:01:42.798+0000] {processor.py:925} INFO - DAG(s) 'example_setup_teardown' retrieved from /home/airflow/.local/lib/python3.12/site-packages/airflow/example_dags/example_setup_teardown.py
[2025-07-01T06:01:42.816+0000] {logging_mixin.py:190} INFO - [2025-07-01T06:01:42.816+0000] {dag.py:3239} INFO - Sync 1 DAGs
[2025-07-01T06:01:42.829+0000] {logging_mixin.py:190} INFO - [2025-07-01T06:01:42.829+0000] {dag.py:4180} INFO - Setting next_dagrun for example_setup_teardown to None, run_after=None
[2025-07-01T06:01:42.845+0000] {processor.py:208} INFO - Processing /home/airflow/.local/lib/python3.12/site-packages/airflow/example_dags/example_setup_teardown.py took 0.066 seconds
[2025-07-01T06:02:13.028+0000] {processor.py:186} INFO - Started process (PID=31604) to work on /home/airflow/.local/lib/python3.12/site-packages/airflow/example_dags/example_setup_teardown.py
[2025-07-01T06:02:13.029+0000] {processor.py:914} INFO - Processing file /home/airflow/.local/lib/python3.12/site-packages/airflow/example_dags/example_setup_teardown.py for tasks to queue
[2025-07-01T06:02:13.032+0000] {logging_mixin.py:190} INFO - [2025-07-01T06:02:13.031+0000] {dagbag.py:588} INFO - Filling up the DagBag from /home/airflow/.local/lib/python3.12/site-packages/airflow/example_dags/example_setup_teardown.py
[2025-07-01T06:02:13.040+0000] {processor.py:925} INFO - DAG(s) 'example_setup_teardown' retrieved from /home/airflow/.local/lib/python3.12/site-packages/airflow/example_dags/example_setup_teardown.py
[2025-07-01T06:02:13.058+0000] {logging_mixin.py:190} INFO - [2025-07-01T06:02:13.058+0000] {dag.py:3239} INFO - Sync 1 DAGs
[2025-07-01T06:02:13.071+0000] {logging_mixin.py:190} INFO - [2025-07-01T06:02:13.071+0000] {dag.py:4180} INFO - Setting next_dagrun for example_setup_teardown to None, run_after=None
[2025-07-01T06:02:13.087+0000] {processor.py:208} INFO - Processing /home/airflow/.local/lib/python3.12/site-packages/airflow/example_dags/example_setup_teardown.py took 0.065 seconds
[2025-07-01T06:02:43.688+0000] {processor.py:186} INFO - Started process (PID=31666) to work on /home/airflow/.local/lib/python3.12/site-packages/airflow/example_dags/example_setup_teardown.py
[2025-07-01T06:02:43.691+0000] {processor.py:914} INFO - Processing file /home/airflow/.local/lib/python3.12/site-packages/airflow/example_dags/example_setup_teardown.py for tasks to queue
[2025-07-01T06:02:43.694+0000] {logging_mixin.py:190} INFO - [2025-07-01T06:02:43.694+0000] {dagbag.py:588} INFO - Filling up the DagBag from /home/airflow/.local/lib/python3.12/site-packages/airflow/example_dags/example_setup_teardown.py
[2025-07-01T06:02:43.702+0000] {processor.py:925} INFO - DAG(s) 'example_setup_teardown' retrieved from /home/airflow/.local/lib/python3.12/site-packages/airflow/example_dags/example_setup_teardown.py
[2025-07-01T06:02:43.720+0000] {logging_mixin.py:190} INFO - [2025-07-01T06:02:43.720+0000] {dag.py:3239} INFO - Sync 1 DAGs
[2025-07-01T06:02:43.734+0000] {logging_mixin.py:190} INFO - [2025-07-01T06:02:43.733+0000] {dag.py:4180} INFO - Setting next_dagrun for example_setup_teardown to None, run_after=None
[2025-07-01T06:02:43.750+0000] {processor.py:208} INFO - Processing /home/airflow/.local/lib/python3.12/site-packages/airflow/example_dags/example_setup_teardown.py took 0.068 seconds
[2025-07-01T06:03:14.686+0000] {processor.py:186} INFO - Started process (PID=31728) to work on /home/airflow/.local/lib/python3.12/site-packages/airflow/example_dags/example_setup_teardown.py
[2025-07-01T06:03:14.688+0000] {processor.py:914} INFO - Processing file /home/airflow/.local/lib/python3.12/site-packages/airflow/example_dags/example_setup_teardown.py for tasks to queue
[2025-07-01T06:03:14.693+0000] {logging_mixin.py:190} INFO - [2025-07-01T06:03:14.693+0000] {dagbag.py:588} INFO - Filling up the DagBag from /home/airflow/.local/lib/python3.12/site-packages/airflow/example_dags/example_setup_teardown.py
[2025-07-01T06:03:14.703+0000] {processor.py:925} INFO - DAG(s) 'example_setup_teardown' retrieved from /home/airflow/.local/lib/python3.12/site-packages/airflow/example_dags/example_setup_teardown.py
[2025-07-01T06:03:14.728+0000] {logging_mixin.py:190} INFO - [2025-07-01T06:03:14.727+0000] {dag.py:3239} INFO - Sync 1 DAGs
[2025-07-01T06:03:14.746+0000] {logging_mixin.py:190} INFO - [2025-07-01T06:03:14.746+0000] {dag.py:4180} INFO - Setting next_dagrun for example_setup_teardown to None, run_after=None
[2025-07-01T06:03:14.768+0000] {processor.py:208} INFO - Processing /home/airflow/.local/lib/python3.12/site-packages/airflow/example_dags/example_setup_teardown.py took 0.094 seconds
[2025-07-01T06:03:44.849+0000] {processor.py:186} INFO - Started process (PID=31791) to work on /home/airflow/.local/lib/python3.12/site-packages/airflow/example_dags/example_setup_teardown.py
[2025-07-01T06:03:44.850+0000] {processor.py:914} INFO - Processing file /home/airflow/.local/lib/python3.12/site-packages/airflow/example_dags/example_setup_teardown.py for tasks to queue
[2025-07-01T06:03:44.853+0000] {logging_mixin.py:190} INFO - [2025-07-01T06:03:44.853+0000] {dagbag.py:588} INFO - Filling up the DagBag from /home/airflow/.local/lib/python3.12/site-packages/airflow/example_dags/example_setup_teardown.py
[2025-07-01T06:03:44.863+0000] {processor.py:925} INFO - DAG(s) 'example_setup_teardown' retrieved from /home/airflow/.local/lib/python3.12/site-packages/airflow/example_dags/example_setup_teardown.py
[2025-07-01T06:03:44.883+0000] {logging_mixin.py:190} INFO - [2025-07-01T06:03:44.882+0000] {dag.py:3239} INFO - Sync 1 DAGs
[2025-07-01T06:03:44.895+0000] {logging_mixin.py:190} INFO - [2025-07-01T06:03:44.895+0000] {dag.py:4180} INFO - Setting next_dagrun for example_setup_teardown to None, run_after=None
[2025-07-01T06:03:44.912+0000] {processor.py:208} INFO - Processing /home/airflow/.local/lib/python3.12/site-packages/airflow/example_dags/example_setup_teardown.py took 0.070 seconds
[2025-07-01T06:04:15.516+0000] {processor.py:186} INFO - Started process (PID=31853) to work on /home/airflow/.local/lib/python3.12/site-packages/airflow/example_dags/example_setup_teardown.py
[2025-07-01T06:04:15.517+0000] {processor.py:914} INFO - Processing file /home/airflow/.local/lib/python3.12/site-packages/airflow/example_dags/example_setup_teardown.py for tasks to queue
[2025-07-01T06:04:15.520+0000] {logging_mixin.py:190} INFO - [2025-07-01T06:04:15.520+0000] {dagbag.py:588} INFO - Filling up the DagBag from /home/airflow/.local/lib/python3.12/site-packages/airflow/example_dags/example_setup_teardown.py
[2025-07-01T06:04:15.528+0000] {processor.py:925} INFO - DAG(s) 'example_setup_teardown' retrieved from /home/airflow/.local/lib/python3.12/site-packages/airflow/example_dags/example_setup_teardown.py
[2025-07-01T06:04:15.549+0000] {logging_mixin.py:190} INFO - [2025-07-01T06:04:15.548+0000] {dag.py:3239} INFO - Sync 1 DAGs
[2025-07-01T06:04:15.562+0000] {logging_mixin.py:190} INFO - [2025-07-01T06:04:15.562+0000] {dag.py:4180} INFO - Setting next_dagrun for example_setup_teardown to None, run_after=None
[2025-07-01T06:04:15.577+0000] {processor.py:208} INFO - Processing /home/airflow/.local/lib/python3.12/site-packages/airflow/example_dags/example_setup_teardown.py took 0.070 seconds
[2025-07-01T06:04:46.391+0000] {processor.py:186} INFO - Started process (PID=31915) to work on /home/airflow/.local/lib/python3.12/site-packages/airflow/example_dags/example_setup_teardown.py
[2025-07-01T06:04:46.392+0000] {processor.py:914} INFO - Processing file /home/airflow/.local/lib/python3.12/site-packages/airflow/example_dags/example_setup_teardown.py for tasks to queue
[2025-07-01T06:04:46.395+0000] {logging_mixin.py:190} INFO - [2025-07-01T06:04:46.395+0000] {dagbag.py:588} INFO - Filling up the DagBag from /home/airflow/.local/lib/python3.12/site-packages/airflow/example_dags/example_setup_teardown.py
[2025-07-01T06:04:46.405+0000] {processor.py:925} INFO - DAG(s) 'example_setup_teardown' retrieved from /home/airflow/.local/lib/python3.12/site-packages/airflow/example_dags/example_setup_teardown.py
[2025-07-01T06:04:46.425+0000] {logging_mixin.py:190} INFO - [2025-07-01T06:04:46.425+0000] {dag.py:3239} INFO - Sync 1 DAGs
[2025-07-01T06:04:46.438+0000] {logging_mixin.py:190} INFO - [2025-07-01T06:04:46.438+0000] {dag.py:4180} INFO - Setting next_dagrun for example_setup_teardown to None, run_after=None
[2025-07-01T06:04:46.454+0000] {processor.py:208} INFO - Processing /home/airflow/.local/lib/python3.12/site-packages/airflow/example_dags/example_setup_teardown.py took 0.071 seconds
[2025-07-01T06:05:17.230+0000] {processor.py:186} INFO - Started process (PID=31977) to work on /home/airflow/.local/lib/python3.12/site-packages/airflow/example_dags/example_setup_teardown.py
[2025-07-01T06:05:17.232+0000] {processor.py:914} INFO - Processing file /home/airflow/.local/lib/python3.12/site-packages/airflow/example_dags/example_setup_teardown.py for tasks to queue
[2025-07-01T06:05:17.234+0000] {logging_mixin.py:190} INFO - [2025-07-01T06:05:17.234+0000] {dagbag.py:588} INFO - Filling up the DagBag from /home/airflow/.local/lib/python3.12/site-packages/airflow/example_dags/example_setup_teardown.py
[2025-07-01T06:05:17.243+0000] {processor.py:925} INFO - DAG(s) 'example_setup_teardown' retrieved from /home/airflow/.local/lib/python3.12/site-packages/airflow/example_dags/example_setup_teardown.py
[2025-07-01T06:05:17.262+0000] {logging_mixin.py:190} INFO - [2025-07-01T06:05:17.262+0000] {dag.py:3239} INFO - Sync 1 DAGs
[2025-07-01T06:05:17.275+0000] {logging_mixin.py:190} INFO - [2025-07-01T06:05:17.275+0000] {dag.py:4180} INFO - Setting next_dagrun for example_setup_teardown to None, run_after=None
[2025-07-01T06:05:17.293+0000] {processor.py:208} INFO - Processing /home/airflow/.local/lib/python3.12/site-packages/airflow/example_dags/example_setup_teardown.py took 0.068 seconds
[2025-07-01T06:05:47.343+0000] {processor.py:186} INFO - Started process (PID=32039) to work on /home/airflow/.local/lib/python3.12/site-packages/airflow/example_dags/example_setup_teardown.py
[2025-07-01T06:05:47.344+0000] {processor.py:914} INFO - Processing file /home/airflow/.local/lib/python3.12/site-packages/airflow/example_dags/example_setup_teardown.py for tasks to queue
[2025-07-01T06:05:47.347+0000] {logging_mixin.py:190} INFO - [2025-07-01T06:05:47.347+0000] {dagbag.py:588} INFO - Filling up the DagBag from /home/airflow/.local/lib/python3.12/site-packages/airflow/example_dags/example_setup_teardown.py
[2025-07-01T06:05:47.356+0000] {processor.py:925} INFO - DAG(s) 'example_setup_teardown' retrieved from /home/airflow/.local/lib/python3.12/site-packages/airflow/example_dags/example_setup_teardown.py
[2025-07-01T06:05:47.375+0000] {logging_mixin.py:190} INFO - [2025-07-01T06:05:47.375+0000] {dag.py:3239} INFO - Sync 1 DAGs
[2025-07-01T06:05:47.388+0000] {logging_mixin.py:190} INFO - [2025-07-01T06:05:47.388+0000] {dag.py:4180} INFO - Setting next_dagrun for example_setup_teardown to None, run_after=None
[2025-07-01T06:05:47.404+0000] {processor.py:208} INFO - Processing /home/airflow/.local/lib/python3.12/site-packages/airflow/example_dags/example_setup_teardown.py took 0.068 seconds
[2025-07-01T06:06:17.617+0000] {processor.py:186} INFO - Started process (PID=32101) to work on /home/airflow/.local/lib/python3.12/site-packages/airflow/example_dags/example_setup_teardown.py
[2025-07-01T06:06:17.618+0000] {processor.py:914} INFO - Processing file /home/airflow/.local/lib/python3.12/site-packages/airflow/example_dags/example_setup_teardown.py for tasks to queue
[2025-07-01T06:06:17.622+0000] {logging_mixin.py:190} INFO - [2025-07-01T06:06:17.621+0000] {dagbag.py:588} INFO - Filling up the DagBag from /home/airflow/.local/lib/python3.12/site-packages/airflow/example_dags/example_setup_teardown.py
[2025-07-01T06:06:17.631+0000] {processor.py:925} INFO - DAG(s) 'example_setup_teardown' retrieved from /home/airflow/.local/lib/python3.12/site-packages/airflow/example_dags/example_setup_teardown.py
[2025-07-01T06:06:17.651+0000] {logging_mixin.py:190} INFO - [2025-07-01T06:06:17.651+0000] {dag.py:3239} INFO - Sync 1 DAGs
[2025-07-01T06:06:17.666+0000] {logging_mixin.py:190} INFO - [2025-07-01T06:06:17.666+0000] {dag.py:4180} INFO - Setting next_dagrun for example_setup_teardown to None, run_after=None
[2025-07-01T06:06:17.682+0000] {processor.py:208} INFO - Processing /home/airflow/.local/lib/python3.12/site-packages/airflow/example_dags/example_setup_teardown.py took 0.072 seconds
[2025-07-01T06:06:48.260+0000] {processor.py:186} INFO - Started process (PID=32163) to work on /home/airflow/.local/lib/python3.12/site-packages/airflow/example_dags/example_setup_teardown.py
[2025-07-01T06:06:48.261+0000] {processor.py:914} INFO - Processing file /home/airflow/.local/lib/python3.12/site-packages/airflow/example_dags/example_setup_teardown.py for tasks to queue
[2025-07-01T06:06:48.264+0000] {logging_mixin.py:190} INFO - [2025-07-01T06:06:48.264+0000] {dagbag.py:588} INFO - Filling up the DagBag from /home/airflow/.local/lib/python3.12/site-packages/airflow/example_dags/example_setup_teardown.py
[2025-07-01T06:06:48.272+0000] {processor.py:925} INFO - DAG(s) 'example_setup_teardown' retrieved from /home/airflow/.local/lib/python3.12/site-packages/airflow/example_dags/example_setup_teardown.py
[2025-07-01T06:06:48.293+0000] {logging_mixin.py:190} INFO - [2025-07-01T06:06:48.293+0000] {dag.py:3239} INFO - Sync 1 DAGs
[2025-07-01T06:06:48.307+0000] {logging_mixin.py:190} INFO - [2025-07-01T06:06:48.307+0000] {dag.py:4180} INFO - Setting next_dagrun for example_setup_teardown to None, run_after=None
[2025-07-01T06:06:48.325+0000] {processor.py:208} INFO - Processing /home/airflow/.local/lib/python3.12/site-packages/airflow/example_dags/example_setup_teardown.py took 0.070 seconds
[2025-07-01T06:07:19.251+0000] {processor.py:186} INFO - Started process (PID=32225) to work on /home/airflow/.local/lib/python3.12/site-packages/airflow/example_dags/example_setup_teardown.py
[2025-07-01T06:07:19.252+0000] {processor.py:914} INFO - Processing file /home/airflow/.local/lib/python3.12/site-packages/airflow/example_dags/example_setup_teardown.py for tasks to queue
[2025-07-01T06:07:19.256+0000] {logging_mixin.py:190} INFO - [2025-07-01T06:07:19.256+0000] {dagbag.py:588} INFO - Filling up the DagBag from /home/airflow/.local/lib/python3.12/site-packages/airflow/example_dags/example_setup_teardown.py
[2025-07-01T06:07:19.266+0000] {processor.py:925} INFO - DAG(s) 'example_setup_teardown' retrieved from /home/airflow/.local/lib/python3.12/site-packages/airflow/example_dags/example_setup_teardown.py
[2025-07-01T06:07:19.286+0000] {logging_mixin.py:190} INFO - [2025-07-01T06:07:19.286+0000] {dag.py:3239} INFO - Sync 1 DAGs
[2025-07-01T06:07:19.299+0000] {logging_mixin.py:190} INFO - [2025-07-01T06:07:19.299+0000] {dag.py:4180} INFO - Setting next_dagrun for example_setup_teardown to None, run_after=None
[2025-07-01T06:07:19.318+0000] {processor.py:208} INFO - Processing /home/airflow/.local/lib/python3.12/site-packages/airflow/example_dags/example_setup_teardown.py took 0.074 seconds
[2025-07-01T06:07:50.106+0000] {processor.py:186} INFO - Started process (PID=32287) to work on /home/airflow/.local/lib/python3.12/site-packages/airflow/example_dags/example_setup_teardown.py
[2025-07-01T06:07:50.107+0000] {processor.py:914} INFO - Processing file /home/airflow/.local/lib/python3.12/site-packages/airflow/example_dags/example_setup_teardown.py for tasks to queue
[2025-07-01T06:07:50.110+0000] {logging_mixin.py:190} INFO - [2025-07-01T06:07:50.110+0000] {dagbag.py:588} INFO - Filling up the DagBag from /home/airflow/.local/lib/python3.12/site-packages/airflow/example_dags/example_setup_teardown.py
[2025-07-01T06:07:50.118+0000] {processor.py:925} INFO - DAG(s) 'example_setup_teardown' retrieved from /home/airflow/.local/lib/python3.12/site-packages/airflow/example_dags/example_setup_teardown.py
[2025-07-01T06:07:50.137+0000] {logging_mixin.py:190} INFO - [2025-07-01T06:07:50.136+0000] {dag.py:3239} INFO - Sync 1 DAGs
[2025-07-01T06:07:50.150+0000] {logging_mixin.py:190} INFO - [2025-07-01T06:07:50.149+0000] {dag.py:4180} INFO - Setting next_dagrun for example_setup_teardown to None, run_after=None
[2025-07-01T06:07:50.171+0000] {processor.py:208} INFO - Processing /home/airflow/.local/lib/python3.12/site-packages/airflow/example_dags/example_setup_teardown.py took 0.071 seconds
[2025-07-01T06:08:20.387+0000] {processor.py:186} INFO - Started process (PID=32350) to work on /home/airflow/.local/lib/python3.12/site-packages/airflow/example_dags/example_setup_teardown.py
[2025-07-01T06:08:20.388+0000] {processor.py:914} INFO - Processing file /home/airflow/.local/lib/python3.12/site-packages/airflow/example_dags/example_setup_teardown.py for tasks to queue
[2025-07-01T06:08:20.391+0000] {logging_mixin.py:190} INFO - [2025-07-01T06:08:20.391+0000] {dagbag.py:588} INFO - Filling up the DagBag from /home/airflow/.local/lib/python3.12/site-packages/airflow/example_dags/example_setup_teardown.py
[2025-07-01T06:08:20.399+0000] {processor.py:925} INFO - DAG(s) 'example_setup_teardown' retrieved from /home/airflow/.local/lib/python3.12/site-packages/airflow/example_dags/example_setup_teardown.py
[2025-07-01T06:08:20.419+0000] {logging_mixin.py:190} INFO - [2025-07-01T06:08:20.418+0000] {dag.py:3239} INFO - Sync 1 DAGs
[2025-07-01T06:08:20.432+0000] {logging_mixin.py:190} INFO - [2025-07-01T06:08:20.432+0000] {dag.py:4180} INFO - Setting next_dagrun for example_setup_teardown to None, run_after=None
[2025-07-01T06:08:20.448+0000] {processor.py:208} INFO - Processing /home/airflow/.local/lib/python3.12/site-packages/airflow/example_dags/example_setup_teardown.py took 0.067 seconds
[2025-07-01T06:08:50.865+0000] {processor.py:186} INFO - Started process (PID=32412) to work on /home/airflow/.local/lib/python3.12/site-packages/airflow/example_dags/example_setup_teardown.py
[2025-07-01T06:08:50.866+0000] {processor.py:914} INFO - Processing file /home/airflow/.local/lib/python3.12/site-packages/airflow/example_dags/example_setup_teardown.py for tasks to queue
[2025-07-01T06:08:50.868+0000] {logging_mixin.py:190} INFO - [2025-07-01T06:08:50.868+0000] {dagbag.py:588} INFO - Filling up the DagBag from /home/airflow/.local/lib/python3.12/site-packages/airflow/example_dags/example_setup_teardown.py
[2025-07-01T06:08:50.876+0000] {processor.py:925} INFO - DAG(s) 'example_setup_teardown' retrieved from /home/airflow/.local/lib/python3.12/site-packages/airflow/example_dags/example_setup_teardown.py
[2025-07-01T06:08:50.895+0000] {logging_mixin.py:190} INFO - [2025-07-01T06:08:50.894+0000] {dag.py:3239} INFO - Sync 1 DAGs
[2025-07-01T06:08:50.908+0000] {logging_mixin.py:190} INFO - [2025-07-01T06:08:50.907+0000] {dag.py:4180} INFO - Setting next_dagrun for example_setup_teardown to None, run_after=None
[2025-07-01T06:08:50.926+0000] {processor.py:208} INFO - Processing /home/airflow/.local/lib/python3.12/site-packages/airflow/example_dags/example_setup_teardown.py took 0.066 seconds
[2025-07-01T06:09:21.613+0000] {processor.py:186} INFO - Started process (PID=32474) to work on /home/airflow/.local/lib/python3.12/site-packages/airflow/example_dags/example_setup_teardown.py
[2025-07-01T06:09:21.615+0000] {processor.py:914} INFO - Processing file /home/airflow/.local/lib/python3.12/site-packages/airflow/example_dags/example_setup_teardown.py for tasks to queue
[2025-07-01T06:09:21.620+0000] {logging_mixin.py:190} INFO - [2025-07-01T06:09:21.619+0000] {dagbag.py:588} INFO - Filling up the DagBag from /home/airflow/.local/lib/python3.12/site-packages/airflow/example_dags/example_setup_teardown.py
[2025-07-01T06:09:21.629+0000] {processor.py:925} INFO - DAG(s) 'example_setup_teardown' retrieved from /home/airflow/.local/lib/python3.12/site-packages/airflow/example_dags/example_setup_teardown.py
[2025-07-01T06:09:21.649+0000] {logging_mixin.py:190} INFO - [2025-07-01T06:09:21.649+0000] {dag.py:3239} INFO - Sync 1 DAGs
[2025-07-01T06:09:21.664+0000] {logging_mixin.py:190} INFO - [2025-07-01T06:09:21.664+0000] {dag.py:4180} INFO - Setting next_dagrun for example_setup_teardown to None, run_after=None
[2025-07-01T06:09:21.682+0000] {processor.py:208} INFO - Processing /home/airflow/.local/lib/python3.12/site-packages/airflow/example_dags/example_setup_teardown.py took 0.076 seconds
[2025-07-01T06:09:52.234+0000] {processor.py:186} INFO - Started process (PID=32536) to work on /home/airflow/.local/lib/python3.12/site-packages/airflow/example_dags/example_setup_teardown.py
[2025-07-01T06:09:52.235+0000] {processor.py:914} INFO - Processing file /home/airflow/.local/lib/python3.12/site-packages/airflow/example_dags/example_setup_teardown.py for tasks to queue
[2025-07-01T06:09:52.238+0000] {logging_mixin.py:190} INFO - [2025-07-01T06:09:52.237+0000] {dagbag.py:588} INFO - Filling up the DagBag from /home/airflow/.local/lib/python3.12/site-packages/airflow/example_dags/example_setup_teardown.py
[2025-07-01T06:09:52.247+0000] {processor.py:925} INFO - DAG(s) 'example_setup_teardown' retrieved from /home/airflow/.local/lib/python3.12/site-packages/airflow/example_dags/example_setup_teardown.py
[2025-07-01T06:09:52.265+0000] {logging_mixin.py:190} INFO - [2025-07-01T06:09:52.264+0000] {dag.py:3239} INFO - Sync 1 DAGs
[2025-07-01T06:09:52.278+0000] {logging_mixin.py:190} INFO - [2025-07-01T06:09:52.278+0000] {dag.py:4180} INFO - Setting next_dagrun for example_setup_teardown to None, run_after=None
[2025-07-01T06:09:52.294+0000] {processor.py:208} INFO - Processing /home/airflow/.local/lib/python3.12/site-packages/airflow/example_dags/example_setup_teardown.py took 0.066 seconds
[2025-07-01T12:18:35.772+0000] {processor.py:186} INFO - Started process (PID=71) to work on /home/airflow/.local/lib/python3.12/site-packages/airflow/example_dags/example_setup_teardown.py
[2025-07-01T12:18:35.775+0000] {processor.py:914} INFO - Processing file /home/airflow/.local/lib/python3.12/site-packages/airflow/example_dags/example_setup_teardown.py for tasks to queue
[2025-07-01T12:18:35.780+0000] {logging_mixin.py:190} INFO - [2025-07-01T12:18:35.779+0000] {dagbag.py:588} INFO - Filling up the DagBag from /home/airflow/.local/lib/python3.12/site-packages/airflow/example_dags/example_setup_teardown.py
[2025-07-01T12:18:35.799+0000] {processor.py:925} INFO - DAG(s) 'example_setup_teardown' retrieved from /home/airflow/.local/lib/python3.12/site-packages/airflow/example_dags/example_setup_teardown.py
[2025-07-01T12:18:36.076+0000] {logging_mixin.py:190} INFO - [2025-07-01T12:18:36.076+0000] {dag.py:3239} INFO - Sync 1 DAGs
[2025-07-01T12:18:36.119+0000] {logging_mixin.py:190} INFO - [2025-07-01T12:18:36.119+0000] {dag.py:4180} INFO - Setting next_dagrun for example_setup_teardown to None, run_after=None
[2025-07-01T12:18:36.164+0000] {processor.py:208} INFO - Processing /home/airflow/.local/lib/python3.12/site-packages/airflow/example_dags/example_setup_teardown.py took 0.403 seconds
