[2025-07-01T01:07:12.855+0000] {processor.py:186} INFO - Started process (PID=106) to work on /home/airflow/.local/lib/python3.12/site-packages/airflow/example_dags/tutorial.py
[2025-07-01T01:07:12.857+0000] {processor.py:914} INFO - Processing file /home/airflow/.local/lib/python3.12/site-packages/airflow/example_dags/tutorial.py for tasks to queue
[2025-07-01T01:07:12.862+0000] {logging_mixin.py:190} INFO - [2025-07-01T01:07:12.862+0000] {dagbag.py:588} INFO - Filling up the DagBag from /home/airflow/.local/lib/python3.12/site-packages/airflow/example_dags/tutorial.py
[2025-07-01T01:07:12.877+0000] {processor.py:925} INFO - DAG(s) 'tutorial' retrieved from /home/airflow/.local/lib/python3.12/site-packages/airflow/example_dags/tutorial.py
[2025-07-01T01:07:13.050+0000] {logging_mixin.py:190} INFO - [2025-07-01T01:07:13.048+0000] {override.py:1900} INFO - Created Permission View: can delete on DAG:tutorial
[2025-07-01T01:07:13.067+0000] {logging_mixin.py:190} INFO - [2025-07-01T01:07:13.067+0000] {override.py:1900} INFO - Created Permission View: can edit on DAG:tutorial
[2025-07-01T01:07:13.077+0000] {logging_mixin.py:190} INFO - [2025-07-01T01:07:13.076+0000] {override.py:1900} INFO - Created Permission View: can read on DAG:tutorial
[2025-07-01T01:07:13.088+0000] {logging_mixin.py:190} INFO - [2025-07-01T01:07:13.088+0000] {override.py:1900} INFO - Created Permission View: can delete on DAG Run:tutorial
[2025-07-01T01:07:13.099+0000] {logging_mixin.py:190} INFO - [2025-07-01T01:07:13.098+0000] {override.py:1900} INFO - Created Permission View: menu access on DAG Run:tutorial
[2025-07-01T01:07:13.108+0000] {logging_mixin.py:190} INFO - [2025-07-01T01:07:13.108+0000] {override.py:1900} INFO - Created Permission View: can create on DAG Run:tutorial
[2025-07-01T01:07:13.119+0000] {logging_mixin.py:190} INFO - [2025-07-01T01:07:13.118+0000] {override.py:1900} INFO - Created Permission View: can read on DAG Run:tutorial
[2025-07-01T01:07:13.120+0000] {logging_mixin.py:190} INFO - [2025-07-01T01:07:13.119+0000] {dag.py:3239} INFO - Sync 1 DAGs
[2025-07-01T01:07:13.140+0000] {logging_mixin.py:190} INFO - [2025-07-01T01:07:13.140+0000] {dag.py:3262} INFO - Creating ORM DAG for tutorial
[2025-07-01T01:07:13.160+0000] {logging_mixin.py:190} INFO - [2025-07-01T01:07:13.160+0000] {dag.py:4180} INFO - Setting next_dagrun for tutorial to 2025-06-30 00:00:00+00:00, run_after=2025-07-01 00:00:00+00:00
[2025-07-01T01:07:13.195+0000] {processor.py:208} INFO - Processing /home/airflow/.local/lib/python3.12/site-packages/airflow/example_dags/tutorial.py took 0.349 seconds
[2025-07-01T01:07:43.395+0000] {processor.py:186} INFO - Started process (PID=169) to work on /home/airflow/.local/lib/python3.12/site-packages/airflow/example_dags/tutorial.py
[2025-07-01T01:07:43.397+0000] {processor.py:914} INFO - Processing file /home/airflow/.local/lib/python3.12/site-packages/airflow/example_dags/tutorial.py for tasks to queue
[2025-07-01T01:07:43.402+0000] {logging_mixin.py:190} INFO - [2025-07-01T01:07:43.402+0000] {dagbag.py:588} INFO - Filling up the DagBag from /home/airflow/.local/lib/python3.12/site-packages/airflow/example_dags/tutorial.py
[2025-07-01T01:07:43.418+0000] {processor.py:925} INFO - DAG(s) 'tutorial' retrieved from /home/airflow/.local/lib/python3.12/site-packages/airflow/example_dags/tutorial.py
[2025-07-01T01:07:43.454+0000] {logging_mixin.py:190} INFO - [2025-07-01T01:07:43.453+0000] {dag.py:3239} INFO - Sync 1 DAGs
[2025-07-01T01:07:43.495+0000] {logging_mixin.py:190} INFO - [2025-07-01T01:07:43.495+0000] {dag.py:4180} INFO - Setting next_dagrun for tutorial to 2025-06-30 00:00:00+00:00, run_after=2025-07-01 00:00:00+00:00
[2025-07-01T01:07:43.527+0000] {processor.py:208} INFO - Processing /home/airflow/.local/lib/python3.12/site-packages/airflow/example_dags/tutorial.py took 0.145 seconds
[2025-07-01T01:08:14.295+0000] {processor.py:186} INFO - Started process (PID=231) to work on /home/airflow/.local/lib/python3.12/site-packages/airflow/example_dags/tutorial.py
[2025-07-01T01:08:14.298+0000] {processor.py:914} INFO - Processing file /home/airflow/.local/lib/python3.12/site-packages/airflow/example_dags/tutorial.py for tasks to queue
[2025-07-01T01:08:14.301+0000] {logging_mixin.py:190} INFO - [2025-07-01T01:08:14.301+0000] {dagbag.py:588} INFO - Filling up the DagBag from /home/airflow/.local/lib/python3.12/site-packages/airflow/example_dags/tutorial.py
[2025-07-01T01:08:14.312+0000] {processor.py:925} INFO - DAG(s) 'tutorial' retrieved from /home/airflow/.local/lib/python3.12/site-packages/airflow/example_dags/tutorial.py
[2025-07-01T01:08:14.336+0000] {logging_mixin.py:190} INFO - [2025-07-01T01:08:14.336+0000] {dag.py:3239} INFO - Sync 1 DAGs
[2025-07-01T01:08:14.366+0000] {logging_mixin.py:190} INFO - [2025-07-01T01:08:14.365+0000] {dag.py:4180} INFO - Setting next_dagrun for tutorial to 2025-06-30 00:00:00+00:00, run_after=2025-07-01 00:00:00+00:00
[2025-07-01T01:08:14.389+0000] {processor.py:208} INFO - Processing /home/airflow/.local/lib/python3.12/site-packages/airflow/example_dags/tutorial.py took 0.101 seconds
[2025-07-01T01:08:45.297+0000] {processor.py:186} INFO - Started process (PID=293) to work on /home/airflow/.local/lib/python3.12/site-packages/airflow/example_dags/tutorial.py
[2025-07-01T01:08:45.299+0000] {processor.py:914} INFO - Processing file /home/airflow/.local/lib/python3.12/site-packages/airflow/example_dags/tutorial.py for tasks to queue
[2025-07-01T01:08:45.303+0000] {logging_mixin.py:190} INFO - [2025-07-01T01:08:45.302+0000] {dagbag.py:588} INFO - Filling up the DagBag from /home/airflow/.local/lib/python3.12/site-packages/airflow/example_dags/tutorial.py
[2025-07-01T01:08:45.312+0000] {processor.py:925} INFO - DAG(s) 'tutorial' retrieved from /home/airflow/.local/lib/python3.12/site-packages/airflow/example_dags/tutorial.py
[2025-07-01T01:08:45.335+0000] {logging_mixin.py:190} INFO - [2025-07-01T01:08:45.335+0000] {dag.py:3239} INFO - Sync 1 DAGs
[2025-07-01T01:08:45.361+0000] {logging_mixin.py:190} INFO - [2025-07-01T01:08:45.361+0000] {dag.py:4180} INFO - Setting next_dagrun for tutorial to 2025-06-30 00:00:00+00:00, run_after=2025-07-01 00:00:00+00:00
[2025-07-01T01:08:45.397+0000] {processor.py:208} INFO - Processing /home/airflow/.local/lib/python3.12/site-packages/airflow/example_dags/tutorial.py took 0.108 seconds
[2025-07-01T01:09:15.815+0000] {processor.py:186} INFO - Started process (PID=355) to work on /home/airflow/.local/lib/python3.12/site-packages/airflow/example_dags/tutorial.py
[2025-07-01T01:09:15.816+0000] {processor.py:914} INFO - Processing file /home/airflow/.local/lib/python3.12/site-packages/airflow/example_dags/tutorial.py for tasks to queue
[2025-07-01T01:09:15.820+0000] {logging_mixin.py:190} INFO - [2025-07-01T01:09:15.819+0000] {dagbag.py:588} INFO - Filling up the DagBag from /home/airflow/.local/lib/python3.12/site-packages/airflow/example_dags/tutorial.py
[2025-07-01T01:09:15.829+0000] {processor.py:925} INFO - DAG(s) 'tutorial' retrieved from /home/airflow/.local/lib/python3.12/site-packages/airflow/example_dags/tutorial.py
[2025-07-01T01:09:15.851+0000] {logging_mixin.py:190} INFO - [2025-07-01T01:09:15.851+0000] {dag.py:3239} INFO - Sync 1 DAGs
[2025-07-01T01:09:15.876+0000] {logging_mixin.py:190} INFO - [2025-07-01T01:09:15.876+0000] {dag.py:4180} INFO - Setting next_dagrun for tutorial to 2025-06-30 00:00:00+00:00, run_after=2025-07-01 00:00:00+00:00
[2025-07-01T01:09:15.898+0000] {processor.py:208} INFO - Processing /home/airflow/.local/lib/python3.12/site-packages/airflow/example_dags/tutorial.py took 0.089 seconds
[2025-07-01T01:09:46.315+0000] {processor.py:186} INFO - Started process (PID=417) to work on /home/airflow/.local/lib/python3.12/site-packages/airflow/example_dags/tutorial.py
[2025-07-01T01:09:46.316+0000] {processor.py:914} INFO - Processing file /home/airflow/.local/lib/python3.12/site-packages/airflow/example_dags/tutorial.py for tasks to queue
[2025-07-01T01:09:46.320+0000] {logging_mixin.py:190} INFO - [2025-07-01T01:09:46.319+0000] {dagbag.py:588} INFO - Filling up the DagBag from /home/airflow/.local/lib/python3.12/site-packages/airflow/example_dags/tutorial.py
[2025-07-01T01:09:46.328+0000] {processor.py:925} INFO - DAG(s) 'tutorial' retrieved from /home/airflow/.local/lib/python3.12/site-packages/airflow/example_dags/tutorial.py
[2025-07-01T01:09:46.352+0000] {logging_mixin.py:190} INFO - [2025-07-01T01:09:46.352+0000] {dag.py:3239} INFO - Sync 1 DAGs
[2025-07-01T01:09:46.378+0000] {logging_mixin.py:190} INFO - [2025-07-01T01:09:46.378+0000] {dag.py:4180} INFO - Setting next_dagrun for tutorial to 2025-06-30 00:00:00+00:00, run_after=2025-07-01 00:00:00+00:00
[2025-07-01T01:09:46.401+0000] {processor.py:208} INFO - Processing /home/airflow/.local/lib/python3.12/site-packages/airflow/example_dags/tutorial.py took 0.095 seconds
[2025-07-01T01:10:16.810+0000] {processor.py:186} INFO - Started process (PID=479) to work on /home/airflow/.local/lib/python3.12/site-packages/airflow/example_dags/tutorial.py
[2025-07-01T01:10:16.812+0000] {processor.py:914} INFO - Processing file /home/airflow/.local/lib/python3.12/site-packages/airflow/example_dags/tutorial.py for tasks to queue
[2025-07-01T01:10:16.816+0000] {logging_mixin.py:190} INFO - [2025-07-01T01:10:16.815+0000] {dagbag.py:588} INFO - Filling up the DagBag from /home/airflow/.local/lib/python3.12/site-packages/airflow/example_dags/tutorial.py
[2025-07-01T01:10:16.825+0000] {processor.py:925} INFO - DAG(s) 'tutorial' retrieved from /home/airflow/.local/lib/python3.12/site-packages/airflow/example_dags/tutorial.py
[2025-07-01T01:10:16.847+0000] {logging_mixin.py:190} INFO - [2025-07-01T01:10:16.847+0000] {dag.py:3239} INFO - Sync 1 DAGs
[2025-07-01T01:10:16.871+0000] {logging_mixin.py:190} INFO - [2025-07-01T01:10:16.871+0000] {dag.py:4180} INFO - Setting next_dagrun for tutorial to 2025-06-30 00:00:00+00:00, run_after=2025-07-01 00:00:00+00:00
[2025-07-01T01:10:16.891+0000] {processor.py:208} INFO - Processing /home/airflow/.local/lib/python3.12/site-packages/airflow/example_dags/tutorial.py took 0.087 seconds
[2025-07-01T01:10:47.159+0000] {processor.py:186} INFO - Started process (PID=541) to work on /home/airflow/.local/lib/python3.12/site-packages/airflow/example_dags/tutorial.py
[2025-07-01T01:10:47.161+0000] {processor.py:914} INFO - Processing file /home/airflow/.local/lib/python3.12/site-packages/airflow/example_dags/tutorial.py for tasks to queue
[2025-07-01T01:10:47.164+0000] {logging_mixin.py:190} INFO - [2025-07-01T01:10:47.164+0000] {dagbag.py:588} INFO - Filling up the DagBag from /home/airflow/.local/lib/python3.12/site-packages/airflow/example_dags/tutorial.py
[2025-07-01T01:10:47.172+0000] {processor.py:925} INFO - DAG(s) 'tutorial' retrieved from /home/airflow/.local/lib/python3.12/site-packages/airflow/example_dags/tutorial.py
[2025-07-01T01:10:47.195+0000] {logging_mixin.py:190} INFO - [2025-07-01T01:10:47.195+0000] {dag.py:3239} INFO - Sync 1 DAGs
[2025-07-01T01:10:47.224+0000] {logging_mixin.py:190} INFO - [2025-07-01T01:10:47.224+0000] {dag.py:4180} INFO - Setting next_dagrun for tutorial to 2025-06-30 00:00:00+00:00, run_after=2025-07-01 00:00:00+00:00
[2025-07-01T01:10:47.247+0000] {processor.py:208} INFO - Processing /home/airflow/.local/lib/python3.12/site-packages/airflow/example_dags/tutorial.py took 0.094 seconds
[2025-07-01T01:11:17.915+0000] {processor.py:186} INFO - Started process (PID=603) to work on /home/airflow/.local/lib/python3.12/site-packages/airflow/example_dags/tutorial.py
[2025-07-01T01:11:17.917+0000] {processor.py:914} INFO - Processing file /home/airflow/.local/lib/python3.12/site-packages/airflow/example_dags/tutorial.py for tasks to queue
[2025-07-01T01:11:17.922+0000] {logging_mixin.py:190} INFO - [2025-07-01T01:11:17.921+0000] {dagbag.py:588} INFO - Filling up the DagBag from /home/airflow/.local/lib/python3.12/site-packages/airflow/example_dags/tutorial.py
[2025-07-01T01:11:17.931+0000] {processor.py:925} INFO - DAG(s) 'tutorial' retrieved from /home/airflow/.local/lib/python3.12/site-packages/airflow/example_dags/tutorial.py
[2025-07-01T01:11:17.954+0000] {logging_mixin.py:190} INFO - [2025-07-01T01:11:17.953+0000] {dag.py:3239} INFO - Sync 1 DAGs
[2025-07-01T01:11:17.984+0000] {logging_mixin.py:190} INFO - [2025-07-01T01:11:17.984+0000] {dag.py:4180} INFO - Setting next_dagrun for tutorial to 2025-06-30 00:00:00+00:00, run_after=2025-07-01 00:00:00+00:00
[2025-07-01T01:11:18.008+0000] {processor.py:208} INFO - Processing /home/airflow/.local/lib/python3.12/site-packages/airflow/example_dags/tutorial.py took 0.100 seconds
[2025-07-01T01:11:48.409+0000] {processor.py:186} INFO - Started process (PID=665) to work on /home/airflow/.local/lib/python3.12/site-packages/airflow/example_dags/tutorial.py
[2025-07-01T01:11:48.410+0000] {processor.py:914} INFO - Processing file /home/airflow/.local/lib/python3.12/site-packages/airflow/example_dags/tutorial.py for tasks to queue
[2025-07-01T01:11:48.414+0000] {logging_mixin.py:190} INFO - [2025-07-01T01:11:48.414+0000] {dagbag.py:588} INFO - Filling up the DagBag from /home/airflow/.local/lib/python3.12/site-packages/airflow/example_dags/tutorial.py
[2025-07-01T01:11:48.423+0000] {processor.py:925} INFO - DAG(s) 'tutorial' retrieved from /home/airflow/.local/lib/python3.12/site-packages/airflow/example_dags/tutorial.py
[2025-07-01T01:11:48.451+0000] {logging_mixin.py:190} INFO - [2025-07-01T01:11:48.450+0000] {dag.py:3239} INFO - Sync 1 DAGs
[2025-07-01T01:11:48.480+0000] {logging_mixin.py:190} INFO - [2025-07-01T01:11:48.480+0000] {dag.py:4180} INFO - Setting next_dagrun for tutorial to 2025-06-30 00:00:00+00:00, run_after=2025-07-01 00:00:00+00:00
[2025-07-01T01:11:48.502+0000] {processor.py:208} INFO - Processing /home/airflow/.local/lib/python3.12/site-packages/airflow/example_dags/tutorial.py took 0.100 seconds
[2025-07-01T01:12:18.722+0000] {processor.py:186} INFO - Started process (PID=728) to work on /home/airflow/.local/lib/python3.12/site-packages/airflow/example_dags/tutorial.py
[2025-07-01T01:12:18.723+0000] {processor.py:914} INFO - Processing file /home/airflow/.local/lib/python3.12/site-packages/airflow/example_dags/tutorial.py for tasks to queue
[2025-07-01T01:12:18.727+0000] {logging_mixin.py:190} INFO - [2025-07-01T01:12:18.726+0000] {dagbag.py:588} INFO - Filling up the DagBag from /home/airflow/.local/lib/python3.12/site-packages/airflow/example_dags/tutorial.py
[2025-07-01T01:12:18.736+0000] {processor.py:925} INFO - DAG(s) 'tutorial' retrieved from /home/airflow/.local/lib/python3.12/site-packages/airflow/example_dags/tutorial.py
[2025-07-01T01:12:18.757+0000] {logging_mixin.py:190} INFO - [2025-07-01T01:12:18.756+0000] {dag.py:3239} INFO - Sync 1 DAGs
[2025-07-01T01:12:18.779+0000] {logging_mixin.py:190} INFO - [2025-07-01T01:12:18.779+0000] {dag.py:4180} INFO - Setting next_dagrun for tutorial to 2025-06-30 00:00:00+00:00, run_after=2025-07-01 00:00:00+00:00
[2025-07-01T01:12:18.798+0000] {processor.py:208} INFO - Processing /home/airflow/.local/lib/python3.12/site-packages/airflow/example_dags/tutorial.py took 0.084 seconds
[2025-07-01T01:12:49.510+0000] {processor.py:186} INFO - Started process (PID=790) to work on /home/airflow/.local/lib/python3.12/site-packages/airflow/example_dags/tutorial.py
[2025-07-01T01:12:49.511+0000] {processor.py:914} INFO - Processing file /home/airflow/.local/lib/python3.12/site-packages/airflow/example_dags/tutorial.py for tasks to queue
[2025-07-01T01:12:49.515+0000] {logging_mixin.py:190} INFO - [2025-07-01T01:12:49.514+0000] {dagbag.py:588} INFO - Filling up the DagBag from /home/airflow/.local/lib/python3.12/site-packages/airflow/example_dags/tutorial.py
[2025-07-01T01:12:49.525+0000] {processor.py:925} INFO - DAG(s) 'tutorial' retrieved from /home/airflow/.local/lib/python3.12/site-packages/airflow/example_dags/tutorial.py
[2025-07-01T01:12:49.549+0000] {logging_mixin.py:190} INFO - [2025-07-01T01:12:49.549+0000] {dag.py:3239} INFO - Sync 1 DAGs
[2025-07-01T01:12:49.581+0000] {logging_mixin.py:190} INFO - [2025-07-01T01:12:49.581+0000] {dag.py:4180} INFO - Setting next_dagrun for tutorial to 2025-06-30 00:00:00+00:00, run_after=2025-07-01 00:00:00+00:00
[2025-07-01T01:12:49.608+0000] {processor.py:208} INFO - Processing /home/airflow/.local/lib/python3.12/site-packages/airflow/example_dags/tutorial.py took 0.106 seconds
[2025-07-01T01:13:19.703+0000] {processor.py:186} INFO - Started process (PID=852) to work on /home/airflow/.local/lib/python3.12/site-packages/airflow/example_dags/tutorial.py
[2025-07-01T01:13:19.704+0000] {processor.py:914} INFO - Processing file /home/airflow/.local/lib/python3.12/site-packages/airflow/example_dags/tutorial.py for tasks to queue
[2025-07-01T01:13:19.708+0000] {logging_mixin.py:190} INFO - [2025-07-01T01:13:19.708+0000] {dagbag.py:588} INFO - Filling up the DagBag from /home/airflow/.local/lib/python3.12/site-packages/airflow/example_dags/tutorial.py
[2025-07-01T01:13:19.716+0000] {processor.py:925} INFO - DAG(s) 'tutorial' retrieved from /home/airflow/.local/lib/python3.12/site-packages/airflow/example_dags/tutorial.py
[2025-07-01T01:13:19.739+0000] {logging_mixin.py:190} INFO - [2025-07-01T01:13:19.738+0000] {dag.py:3239} INFO - Sync 1 DAGs
[2025-07-01T01:13:19.762+0000] {logging_mixin.py:190} INFO - [2025-07-01T01:13:19.761+0000] {dag.py:4180} INFO - Setting next_dagrun for tutorial to 2025-06-30 00:00:00+00:00, run_after=2025-07-01 00:00:00+00:00
[2025-07-01T01:13:19.781+0000] {processor.py:208} INFO - Processing /home/airflow/.local/lib/python3.12/site-packages/airflow/example_dags/tutorial.py took 0.084 seconds
[2025-07-01T01:13:50.316+0000] {processor.py:186} INFO - Started process (PID=915) to work on /home/airflow/.local/lib/python3.12/site-packages/airflow/example_dags/tutorial.py
[2025-07-01T01:13:50.317+0000] {processor.py:914} INFO - Processing file /home/airflow/.local/lib/python3.12/site-packages/airflow/example_dags/tutorial.py for tasks to queue
[2025-07-01T01:13:50.321+0000] {logging_mixin.py:190} INFO - [2025-07-01T01:13:50.320+0000] {dagbag.py:588} INFO - Filling up the DagBag from /home/airflow/.local/lib/python3.12/site-packages/airflow/example_dags/tutorial.py
[2025-07-01T01:13:50.329+0000] {processor.py:925} INFO - DAG(s) 'tutorial' retrieved from /home/airflow/.local/lib/python3.12/site-packages/airflow/example_dags/tutorial.py
[2025-07-01T01:13:50.352+0000] {logging_mixin.py:190} INFO - [2025-07-01T01:13:50.352+0000] {dag.py:3239} INFO - Sync 1 DAGs
[2025-07-01T01:13:50.375+0000] {logging_mixin.py:190} INFO - [2025-07-01T01:13:50.375+0000] {dag.py:4180} INFO - Setting next_dagrun for tutorial to 2025-06-30 00:00:00+00:00, run_after=2025-07-01 00:00:00+00:00
[2025-07-01T01:13:50.394+0000] {processor.py:208} INFO - Processing /home/airflow/.local/lib/python3.12/site-packages/airflow/example_dags/tutorial.py took 0.086 seconds
[2025-07-01T01:14:20.681+0000] {processor.py:186} INFO - Started process (PID=977) to work on /home/airflow/.local/lib/python3.12/site-packages/airflow/example_dags/tutorial.py
[2025-07-01T01:14:20.682+0000] {processor.py:914} INFO - Processing file /home/airflow/.local/lib/python3.12/site-packages/airflow/example_dags/tutorial.py for tasks to queue
[2025-07-01T01:14:20.685+0000] {logging_mixin.py:190} INFO - [2025-07-01T01:14:20.685+0000] {dagbag.py:588} INFO - Filling up the DagBag from /home/airflow/.local/lib/python3.12/site-packages/airflow/example_dags/tutorial.py
[2025-07-01T01:14:20.693+0000] {processor.py:925} INFO - DAG(s) 'tutorial' retrieved from /home/airflow/.local/lib/python3.12/site-packages/airflow/example_dags/tutorial.py
[2025-07-01T01:14:20.716+0000] {logging_mixin.py:190} INFO - [2025-07-01T01:14:20.715+0000] {dag.py:3239} INFO - Sync 1 DAGs
[2025-07-01T01:14:20.741+0000] {logging_mixin.py:190} INFO - [2025-07-01T01:14:20.740+0000] {dag.py:4180} INFO - Setting next_dagrun for tutorial to 2025-06-30 00:00:00+00:00, run_after=2025-07-01 00:00:00+00:00
[2025-07-01T01:14:20.760+0000] {processor.py:208} INFO - Processing /home/airflow/.local/lib/python3.12/site-packages/airflow/example_dags/tutorial.py took 0.085 seconds
[2025-07-01T01:14:50.853+0000] {processor.py:186} INFO - Started process (PID=1039) to work on /home/airflow/.local/lib/python3.12/site-packages/airflow/example_dags/tutorial.py
[2025-07-01T01:14:50.854+0000] {processor.py:914} INFO - Processing file /home/airflow/.local/lib/python3.12/site-packages/airflow/example_dags/tutorial.py for tasks to queue
[2025-07-01T01:14:50.857+0000] {logging_mixin.py:190} INFO - [2025-07-01T01:14:50.857+0000] {dagbag.py:588} INFO - Filling up the DagBag from /home/airflow/.local/lib/python3.12/site-packages/airflow/example_dags/tutorial.py
[2025-07-01T01:14:50.866+0000] {processor.py:925} INFO - DAG(s) 'tutorial' retrieved from /home/airflow/.local/lib/python3.12/site-packages/airflow/example_dags/tutorial.py
[2025-07-01T01:14:50.887+0000] {logging_mixin.py:190} INFO - [2025-07-01T01:14:50.887+0000] {dag.py:3239} INFO - Sync 1 DAGs
[2025-07-01T01:14:50.915+0000] {logging_mixin.py:190} INFO - [2025-07-01T01:14:50.915+0000] {dag.py:4180} INFO - Setting next_dagrun for tutorial to 2025-06-30 00:00:00+00:00, run_after=2025-07-01 00:00:00+00:00
[2025-07-01T01:14:50.936+0000] {processor.py:208} INFO - Processing /home/airflow/.local/lib/python3.12/site-packages/airflow/example_dags/tutorial.py took 0.089 seconds
[2025-07-01T01:15:21.457+0000] {processor.py:186} INFO - Started process (PID=1101) to work on /home/airflow/.local/lib/python3.12/site-packages/airflow/example_dags/tutorial.py
[2025-07-01T01:15:21.458+0000] {processor.py:914} INFO - Processing file /home/airflow/.local/lib/python3.12/site-packages/airflow/example_dags/tutorial.py for tasks to queue
[2025-07-01T01:15:21.461+0000] {logging_mixin.py:190} INFO - [2025-07-01T01:15:21.461+0000] {dagbag.py:588} INFO - Filling up the DagBag from /home/airflow/.local/lib/python3.12/site-packages/airflow/example_dags/tutorial.py
[2025-07-01T01:15:21.469+0000] {processor.py:925} INFO - DAG(s) 'tutorial' retrieved from /home/airflow/.local/lib/python3.12/site-packages/airflow/example_dags/tutorial.py
[2025-07-01T01:15:21.490+0000] {logging_mixin.py:190} INFO - [2025-07-01T01:15:21.489+0000] {dag.py:3239} INFO - Sync 1 DAGs
[2025-07-01T01:15:21.513+0000] {logging_mixin.py:190} INFO - [2025-07-01T01:15:21.513+0000] {dag.py:4180} INFO - Setting next_dagrun for tutorial to 2025-06-30 00:00:00+00:00, run_after=2025-07-01 00:00:00+00:00
[2025-07-01T01:15:21.532+0000] {processor.py:208} INFO - Processing /home/airflow/.local/lib/python3.12/site-packages/airflow/example_dags/tutorial.py took 0.082 seconds
[2025-07-01T01:15:51.790+0000] {processor.py:186} INFO - Started process (PID=1163) to work on /home/airflow/.local/lib/python3.12/site-packages/airflow/example_dags/tutorial.py
[2025-07-01T01:15:51.792+0000] {processor.py:914} INFO - Processing file /home/airflow/.local/lib/python3.12/site-packages/airflow/example_dags/tutorial.py for tasks to queue
[2025-07-01T01:15:51.796+0000] {logging_mixin.py:190} INFO - [2025-07-01T01:15:51.795+0000] {dagbag.py:588} INFO - Filling up the DagBag from /home/airflow/.local/lib/python3.12/site-packages/airflow/example_dags/tutorial.py
[2025-07-01T01:15:51.804+0000] {processor.py:925} INFO - DAG(s) 'tutorial' retrieved from /home/airflow/.local/lib/python3.12/site-packages/airflow/example_dags/tutorial.py
[2025-07-01T01:15:51.825+0000] {logging_mixin.py:190} INFO - [2025-07-01T01:15:51.825+0000] {dag.py:3239} INFO - Sync 1 DAGs
[2025-07-01T01:15:51.848+0000] {logging_mixin.py:190} INFO - [2025-07-01T01:15:51.847+0000] {dag.py:4180} INFO - Setting next_dagrun for tutorial to 2025-06-30 00:00:00+00:00, run_after=2025-07-01 00:00:00+00:00
[2025-07-01T01:15:51.869+0000] {processor.py:208} INFO - Processing /home/airflow/.local/lib/python3.12/site-packages/airflow/example_dags/tutorial.py took 0.085 seconds
[2025-07-01T01:16:22.000+0000] {processor.py:186} INFO - Started process (PID=1225) to work on /home/airflow/.local/lib/python3.12/site-packages/airflow/example_dags/tutorial.py
[2025-07-01T01:16:22.001+0000] {processor.py:914} INFO - Processing file /home/airflow/.local/lib/python3.12/site-packages/airflow/example_dags/tutorial.py for tasks to queue
[2025-07-01T01:16:22.004+0000] {logging_mixin.py:190} INFO - [2025-07-01T01:16:22.004+0000] {dagbag.py:588} INFO - Filling up the DagBag from /home/airflow/.local/lib/python3.12/site-packages/airflow/example_dags/tutorial.py
[2025-07-01T01:16:22.014+0000] {processor.py:925} INFO - DAG(s) 'tutorial' retrieved from /home/airflow/.local/lib/python3.12/site-packages/airflow/example_dags/tutorial.py
[2025-07-01T01:16:22.034+0000] {logging_mixin.py:190} INFO - [2025-07-01T01:16:22.034+0000] {dag.py:3239} INFO - Sync 1 DAGs
[2025-07-01T01:16:22.057+0000] {logging_mixin.py:190} INFO - [2025-07-01T01:16:22.056+0000] {dag.py:4180} INFO - Setting next_dagrun for tutorial to 2025-06-30 00:00:00+00:00, run_after=2025-07-01 00:00:00+00:00
[2025-07-01T01:16:22.078+0000] {processor.py:208} INFO - Processing /home/airflow/.local/lib/python3.12/site-packages/airflow/example_dags/tutorial.py took 0.086 seconds
[2025-07-01T01:16:52.331+0000] {processor.py:186} INFO - Started process (PID=1287) to work on /home/airflow/.local/lib/python3.12/site-packages/airflow/example_dags/tutorial.py
[2025-07-01T01:16:52.332+0000] {processor.py:914} INFO - Processing file /home/airflow/.local/lib/python3.12/site-packages/airflow/example_dags/tutorial.py for tasks to queue
[2025-07-01T01:16:52.336+0000] {logging_mixin.py:190} INFO - [2025-07-01T01:16:52.336+0000] {dagbag.py:588} INFO - Filling up the DagBag from /home/airflow/.local/lib/python3.12/site-packages/airflow/example_dags/tutorial.py
[2025-07-01T01:16:52.349+0000] {processor.py:925} INFO - DAG(s) 'tutorial' retrieved from /home/airflow/.local/lib/python3.12/site-packages/airflow/example_dags/tutorial.py
[2025-07-01T01:16:52.384+0000] {logging_mixin.py:190} INFO - [2025-07-01T01:16:52.384+0000] {dag.py:3239} INFO - Sync 1 DAGs
[2025-07-01T01:16:52.433+0000] {logging_mixin.py:190} INFO - [2025-07-01T01:16:52.433+0000] {dag.py:4180} INFO - Setting next_dagrun for tutorial to 2025-06-30 00:00:00+00:00, run_after=2025-07-01 00:00:00+00:00
[2025-07-01T01:16:52.465+0000] {processor.py:208} INFO - Processing /home/airflow/.local/lib/python3.12/site-packages/airflow/example_dags/tutorial.py took 0.145 seconds
[2025-07-01T01:17:22.879+0000] {processor.py:186} INFO - Started process (PID=1349) to work on /home/airflow/.local/lib/python3.12/site-packages/airflow/example_dags/tutorial.py
[2025-07-01T01:17:22.880+0000] {processor.py:914} INFO - Processing file /home/airflow/.local/lib/python3.12/site-packages/airflow/example_dags/tutorial.py for tasks to queue
[2025-07-01T01:17:22.884+0000] {logging_mixin.py:190} INFO - [2025-07-01T01:17:22.884+0000] {dagbag.py:588} INFO - Filling up the DagBag from /home/airflow/.local/lib/python3.12/site-packages/airflow/example_dags/tutorial.py
[2025-07-01T01:17:22.895+0000] {processor.py:925} INFO - DAG(s) 'tutorial' retrieved from /home/airflow/.local/lib/python3.12/site-packages/airflow/example_dags/tutorial.py
[2025-07-01T01:17:22.921+0000] {logging_mixin.py:190} INFO - [2025-07-01T01:17:22.921+0000] {dag.py:3239} INFO - Sync 1 DAGs
[2025-07-01T01:17:22.950+0000] {logging_mixin.py:190} INFO - [2025-07-01T01:17:22.950+0000] {dag.py:4180} INFO - Setting next_dagrun for tutorial to 2025-06-30 00:00:00+00:00, run_after=2025-07-01 00:00:00+00:00
[2025-07-01T01:17:22.973+0000] {processor.py:208} INFO - Processing /home/airflow/.local/lib/python3.12/site-packages/airflow/example_dags/tutorial.py took 0.101 seconds
[2025-07-01T01:17:53.243+0000] {processor.py:186} INFO - Started process (PID=1411) to work on /home/airflow/.local/lib/python3.12/site-packages/airflow/example_dags/tutorial.py
[2025-07-01T01:17:53.244+0000] {processor.py:914} INFO - Processing file /home/airflow/.local/lib/python3.12/site-packages/airflow/example_dags/tutorial.py for tasks to queue
[2025-07-01T01:17:53.248+0000] {logging_mixin.py:190} INFO - [2025-07-01T01:17:53.247+0000] {dagbag.py:588} INFO - Filling up the DagBag from /home/airflow/.local/lib/python3.12/site-packages/airflow/example_dags/tutorial.py
[2025-07-01T01:17:53.257+0000] {processor.py:925} INFO - DAG(s) 'tutorial' retrieved from /home/airflow/.local/lib/python3.12/site-packages/airflow/example_dags/tutorial.py
[2025-07-01T01:17:53.290+0000] {logging_mixin.py:190} INFO - [2025-07-01T01:17:53.289+0000] {dag.py:3239} INFO - Sync 1 DAGs
[2025-07-01T01:17:53.332+0000] {logging_mixin.py:190} INFO - [2025-07-01T01:17:53.332+0000] {dag.py:4180} INFO - Setting next_dagrun for tutorial to 2025-06-30 00:00:00+00:00, run_after=2025-07-01 00:00:00+00:00
[2025-07-01T01:17:53.355+0000] {processor.py:208} INFO - Processing /home/airflow/.local/lib/python3.12/site-packages/airflow/example_dags/tutorial.py took 0.121 seconds
[2025-07-01T01:18:23.632+0000] {processor.py:186} INFO - Started process (PID=1479) to work on /home/airflow/.local/lib/python3.12/site-packages/airflow/example_dags/tutorial.py
[2025-07-01T01:18:23.633+0000] {processor.py:914} INFO - Processing file /home/airflow/.local/lib/python3.12/site-packages/airflow/example_dags/tutorial.py for tasks to queue
[2025-07-01T01:18:23.638+0000] {logging_mixin.py:190} INFO - [2025-07-01T01:18:23.636+0000] {dagbag.py:588} INFO - Filling up the DagBag from /home/airflow/.local/lib/python3.12/site-packages/airflow/example_dags/tutorial.py
[2025-07-01T01:18:23.650+0000] {processor.py:925} INFO - DAG(s) 'tutorial' retrieved from /home/airflow/.local/lib/python3.12/site-packages/airflow/example_dags/tutorial.py
[2025-07-01T01:18:23.675+0000] {logging_mixin.py:190} INFO - [2025-07-01T01:18:23.674+0000] {dag.py:3239} INFO - Sync 1 DAGs
[2025-07-01T01:18:23.705+0000] {logging_mixin.py:190} INFO - [2025-07-01T01:18:23.704+0000] {dag.py:4180} INFO - Setting next_dagrun for tutorial to 2025-06-30 00:00:00+00:00, run_after=2025-07-01 00:00:00+00:00
[2025-07-01T01:18:23.729+0000] {processor.py:208} INFO - Processing /home/airflow/.local/lib/python3.12/site-packages/airflow/example_dags/tutorial.py took 0.105 seconds
[2025-07-01T01:18:53.959+0000] {processor.py:186} INFO - Started process (PID=1541) to work on /home/airflow/.local/lib/python3.12/site-packages/airflow/example_dags/tutorial.py
[2025-07-01T01:18:53.960+0000] {processor.py:914} INFO - Processing file /home/airflow/.local/lib/python3.12/site-packages/airflow/example_dags/tutorial.py for tasks to queue
[2025-07-01T01:18:53.963+0000] {logging_mixin.py:190} INFO - [2025-07-01T01:18:53.963+0000] {dagbag.py:588} INFO - Filling up the DagBag from /home/airflow/.local/lib/python3.12/site-packages/airflow/example_dags/tutorial.py
[2025-07-01T01:18:53.972+0000] {processor.py:925} INFO - DAG(s) 'tutorial' retrieved from /home/airflow/.local/lib/python3.12/site-packages/airflow/example_dags/tutorial.py
[2025-07-01T01:18:53.994+0000] {logging_mixin.py:190} INFO - [2025-07-01T01:18:53.994+0000] {dag.py:3239} INFO - Sync 1 DAGs
[2025-07-01T01:18:54.018+0000] {logging_mixin.py:190} INFO - [2025-07-01T01:18:54.018+0000] {dag.py:4180} INFO - Setting next_dagrun for tutorial to 2025-06-30 00:00:00+00:00, run_after=2025-07-01 00:00:00+00:00
[2025-07-01T01:18:54.038+0000] {processor.py:208} INFO - Processing /home/airflow/.local/lib/python3.12/site-packages/airflow/example_dags/tutorial.py took 0.086 seconds
[2025-07-01T01:19:24.309+0000] {processor.py:186} INFO - Started process (PID=1603) to work on /home/airflow/.local/lib/python3.12/site-packages/airflow/example_dags/tutorial.py
[2025-07-01T01:19:24.311+0000] {processor.py:914} INFO - Processing file /home/airflow/.local/lib/python3.12/site-packages/airflow/example_dags/tutorial.py for tasks to queue
[2025-07-01T01:19:24.315+0000] {logging_mixin.py:190} INFO - [2025-07-01T01:19:24.314+0000] {dagbag.py:588} INFO - Filling up the DagBag from /home/airflow/.local/lib/python3.12/site-packages/airflow/example_dags/tutorial.py
[2025-07-01T01:19:24.327+0000] {processor.py:925} INFO - DAG(s) 'tutorial' retrieved from /home/airflow/.local/lib/python3.12/site-packages/airflow/example_dags/tutorial.py
[2025-07-01T01:19:24.355+0000] {logging_mixin.py:190} INFO - [2025-07-01T01:19:24.354+0000] {dag.py:3239} INFO - Sync 1 DAGs
[2025-07-01T01:19:24.388+0000] {logging_mixin.py:190} INFO - [2025-07-01T01:19:24.387+0000] {dag.py:4180} INFO - Setting next_dagrun for tutorial to 2025-06-30 00:00:00+00:00, run_after=2025-07-01 00:00:00+00:00
[2025-07-01T01:19:24.413+0000] {processor.py:208} INFO - Processing /home/airflow/.local/lib/python3.12/site-packages/airflow/example_dags/tutorial.py took 0.111 seconds
[2025-07-01T01:19:54.666+0000] {processor.py:186} INFO - Started process (PID=1665) to work on /home/airflow/.local/lib/python3.12/site-packages/airflow/example_dags/tutorial.py
[2025-07-01T01:19:54.669+0000] {processor.py:914} INFO - Processing file /home/airflow/.local/lib/python3.12/site-packages/airflow/example_dags/tutorial.py for tasks to queue
[2025-07-01T01:19:54.675+0000] {logging_mixin.py:190} INFO - [2025-07-01T01:19:54.674+0000] {dagbag.py:588} INFO - Filling up the DagBag from /home/airflow/.local/lib/python3.12/site-packages/airflow/example_dags/tutorial.py
[2025-07-01T01:19:54.689+0000] {processor.py:925} INFO - DAG(s) 'tutorial' retrieved from /home/airflow/.local/lib/python3.12/site-packages/airflow/example_dags/tutorial.py
[2025-07-01T01:19:54.721+0000] {logging_mixin.py:190} INFO - [2025-07-01T01:19:54.720+0000] {dag.py:3239} INFO - Sync 1 DAGs
[2025-07-01T01:19:54.758+0000] {logging_mixin.py:190} INFO - [2025-07-01T01:19:54.758+0000] {dag.py:4180} INFO - Setting next_dagrun for tutorial to 2025-06-30 00:00:00+00:00, run_after=2025-07-01 00:00:00+00:00
[2025-07-01T01:19:54.794+0000] {processor.py:208} INFO - Processing /home/airflow/.local/lib/python3.12/site-packages/airflow/example_dags/tutorial.py took 0.143 seconds
[2025-07-01T01:20:25.388+0000] {processor.py:186} INFO - Started process (PID=1727) to work on /home/airflow/.local/lib/python3.12/site-packages/airflow/example_dags/tutorial.py
[2025-07-01T01:20:25.390+0000] {processor.py:914} INFO - Processing file /home/airflow/.local/lib/python3.12/site-packages/airflow/example_dags/tutorial.py for tasks to queue
[2025-07-01T01:20:25.392+0000] {logging_mixin.py:190} INFO - [2025-07-01T01:20:25.392+0000] {dagbag.py:588} INFO - Filling up the DagBag from /home/airflow/.local/lib/python3.12/site-packages/airflow/example_dags/tutorial.py
[2025-07-01T01:20:25.400+0000] {processor.py:925} INFO - DAG(s) 'tutorial' retrieved from /home/airflow/.local/lib/python3.12/site-packages/airflow/example_dags/tutorial.py
[2025-07-01T01:20:25.419+0000] {logging_mixin.py:190} INFO - [2025-07-01T01:20:25.419+0000] {dag.py:3239} INFO - Sync 1 DAGs
[2025-07-01T01:20:25.443+0000] {logging_mixin.py:190} INFO - [2025-07-01T01:20:25.442+0000] {dag.py:4180} INFO - Setting next_dagrun for tutorial to 2025-06-30 00:00:00+00:00, run_after=2025-07-01 00:00:00+00:00
[2025-07-01T01:20:25.461+0000] {processor.py:208} INFO - Processing /home/airflow/.local/lib/python3.12/site-packages/airflow/example_dags/tutorial.py took 0.078 seconds
[2025-07-01T01:20:55.632+0000] {processor.py:186} INFO - Started process (PID=1789) to work on /home/airflow/.local/lib/python3.12/site-packages/airflow/example_dags/tutorial.py
[2025-07-01T01:20:55.633+0000] {processor.py:914} INFO - Processing file /home/airflow/.local/lib/python3.12/site-packages/airflow/example_dags/tutorial.py for tasks to queue
[2025-07-01T01:20:55.636+0000] {logging_mixin.py:190} INFO - [2025-07-01T01:20:55.636+0000] {dagbag.py:588} INFO - Filling up the DagBag from /home/airflow/.local/lib/python3.12/site-packages/airflow/example_dags/tutorial.py
[2025-07-01T01:20:55.644+0000] {processor.py:925} INFO - DAG(s) 'tutorial' retrieved from /home/airflow/.local/lib/python3.12/site-packages/airflow/example_dags/tutorial.py
[2025-07-01T01:20:55.664+0000] {logging_mixin.py:190} INFO - [2025-07-01T01:20:55.664+0000] {dag.py:3239} INFO - Sync 1 DAGs
[2025-07-01T01:20:55.687+0000] {logging_mixin.py:190} INFO - [2025-07-01T01:20:55.687+0000] {dag.py:4180} INFO - Setting next_dagrun for tutorial to 2025-06-30 00:00:00+00:00, run_after=2025-07-01 00:00:00+00:00
[2025-07-01T01:20:55.706+0000] {processor.py:208} INFO - Processing /home/airflow/.local/lib/python3.12/site-packages/airflow/example_dags/tutorial.py took 0.081 seconds
[2025-07-01T01:21:26.008+0000] {processor.py:186} INFO - Started process (PID=1851) to work on /home/airflow/.local/lib/python3.12/site-packages/airflow/example_dags/tutorial.py
[2025-07-01T01:21:26.009+0000] {processor.py:914} INFO - Processing file /home/airflow/.local/lib/python3.12/site-packages/airflow/example_dags/tutorial.py for tasks to queue
[2025-07-01T01:21:26.012+0000] {logging_mixin.py:190} INFO - [2025-07-01T01:21:26.011+0000] {dagbag.py:588} INFO - Filling up the DagBag from /home/airflow/.local/lib/python3.12/site-packages/airflow/example_dags/tutorial.py
[2025-07-01T01:21:26.019+0000] {processor.py:925} INFO - DAG(s) 'tutorial' retrieved from /home/airflow/.local/lib/python3.12/site-packages/airflow/example_dags/tutorial.py
[2025-07-01T01:21:26.039+0000] {logging_mixin.py:190} INFO - [2025-07-01T01:21:26.038+0000] {dag.py:3239} INFO - Sync 1 DAGs
[2025-07-01T01:21:26.060+0000] {logging_mixin.py:190} INFO - [2025-07-01T01:21:26.060+0000] {dag.py:4180} INFO - Setting next_dagrun for tutorial to 2025-06-30 00:00:00+00:00, run_after=2025-07-01 00:00:00+00:00
[2025-07-01T01:21:26.078+0000] {processor.py:208} INFO - Processing /home/airflow/.local/lib/python3.12/site-packages/airflow/example_dags/tutorial.py took 0.076 seconds
[2025-07-01T01:21:56.550+0000] {processor.py:186} INFO - Started process (PID=1913) to work on /home/airflow/.local/lib/python3.12/site-packages/airflow/example_dags/tutorial.py
[2025-07-01T01:21:56.552+0000] {processor.py:914} INFO - Processing file /home/airflow/.local/lib/python3.12/site-packages/airflow/example_dags/tutorial.py for tasks to queue
[2025-07-01T01:21:56.555+0000] {logging_mixin.py:190} INFO - [2025-07-01T01:21:56.555+0000] {dagbag.py:588} INFO - Filling up the DagBag from /home/airflow/.local/lib/python3.12/site-packages/airflow/example_dags/tutorial.py
[2025-07-01T01:21:56.565+0000] {processor.py:925} INFO - DAG(s) 'tutorial' retrieved from /home/airflow/.local/lib/python3.12/site-packages/airflow/example_dags/tutorial.py
[2025-07-01T01:21:56.587+0000] {logging_mixin.py:190} INFO - [2025-07-01T01:21:56.587+0000] {dag.py:3239} INFO - Sync 1 DAGs
[2025-07-01T01:21:56.618+0000] {logging_mixin.py:190} INFO - [2025-07-01T01:21:56.618+0000] {dag.py:4180} INFO - Setting next_dagrun for tutorial to 2025-06-30 00:00:00+00:00, run_after=2025-07-01 00:00:00+00:00
[2025-07-01T01:21:56.637+0000] {processor.py:208} INFO - Processing /home/airflow/.local/lib/python3.12/site-packages/airflow/example_dags/tutorial.py took 0.093 seconds
[2025-07-01T01:22:26.806+0000] {processor.py:186} INFO - Started process (PID=1976) to work on /home/airflow/.local/lib/python3.12/site-packages/airflow/example_dags/tutorial.py
[2025-07-01T01:22:26.807+0000] {processor.py:914} INFO - Processing file /home/airflow/.local/lib/python3.12/site-packages/airflow/example_dags/tutorial.py for tasks to queue
[2025-07-01T01:22:26.810+0000] {logging_mixin.py:190} INFO - [2025-07-01T01:22:26.810+0000] {dagbag.py:588} INFO - Filling up the DagBag from /home/airflow/.local/lib/python3.12/site-packages/airflow/example_dags/tutorial.py
[2025-07-01T01:22:26.819+0000] {processor.py:925} INFO - DAG(s) 'tutorial' retrieved from /home/airflow/.local/lib/python3.12/site-packages/airflow/example_dags/tutorial.py
[2025-07-01T01:22:26.847+0000] {logging_mixin.py:190} INFO - [2025-07-01T01:22:26.847+0000] {dag.py:3239} INFO - Sync 1 DAGs
[2025-07-01T01:22:26.873+0000] {logging_mixin.py:190} INFO - [2025-07-01T01:22:26.873+0000] {dag.py:4180} INFO - Setting next_dagrun for tutorial to 2025-06-30 00:00:00+00:00, run_after=2025-07-01 00:00:00+00:00
[2025-07-01T01:22:26.890+0000] {processor.py:208} INFO - Processing /home/airflow/.local/lib/python3.12/site-packages/airflow/example_dags/tutorial.py took 0.089 seconds
[2025-07-01T01:22:57.231+0000] {processor.py:186} INFO - Started process (PID=2037) to work on /home/airflow/.local/lib/python3.12/site-packages/airflow/example_dags/tutorial.py
[2025-07-01T01:22:57.233+0000] {processor.py:914} INFO - Processing file /home/airflow/.local/lib/python3.12/site-packages/airflow/example_dags/tutorial.py for tasks to queue
[2025-07-01T01:22:57.235+0000] {logging_mixin.py:190} INFO - [2025-07-01T01:22:57.235+0000] {dagbag.py:588} INFO - Filling up the DagBag from /home/airflow/.local/lib/python3.12/site-packages/airflow/example_dags/tutorial.py
[2025-07-01T01:22:57.243+0000] {processor.py:925} INFO - DAG(s) 'tutorial' retrieved from /home/airflow/.local/lib/python3.12/site-packages/airflow/example_dags/tutorial.py
[2025-07-01T01:22:57.263+0000] {logging_mixin.py:190} INFO - [2025-07-01T01:22:57.263+0000] {dag.py:3239} INFO - Sync 1 DAGs
[2025-07-01T01:22:57.285+0000] {logging_mixin.py:190} INFO - [2025-07-01T01:22:57.285+0000] {dag.py:4180} INFO - Setting next_dagrun for tutorial to 2025-06-30 00:00:00+00:00, run_after=2025-07-01 00:00:00+00:00
[2025-07-01T01:22:57.302+0000] {processor.py:208} INFO - Processing /home/airflow/.local/lib/python3.12/site-packages/airflow/example_dags/tutorial.py took 0.076 seconds
[2025-07-01T01:23:27.843+0000] {processor.py:186} INFO - Started process (PID=2099) to work on /home/airflow/.local/lib/python3.12/site-packages/airflow/example_dags/tutorial.py
[2025-07-01T01:23:27.844+0000] {processor.py:914} INFO - Processing file /home/airflow/.local/lib/python3.12/site-packages/airflow/example_dags/tutorial.py for tasks to queue
[2025-07-01T01:23:27.847+0000] {logging_mixin.py:190} INFO - [2025-07-01T01:23:27.847+0000] {dagbag.py:588} INFO - Filling up the DagBag from /home/airflow/.local/lib/python3.12/site-packages/airflow/example_dags/tutorial.py
[2025-07-01T01:23:27.855+0000] {processor.py:925} INFO - DAG(s) 'tutorial' retrieved from /home/airflow/.local/lib/python3.12/site-packages/airflow/example_dags/tutorial.py
[2025-07-01T01:23:27.875+0000] {logging_mixin.py:190} INFO - [2025-07-01T01:23:27.875+0000] {dag.py:3239} INFO - Sync 1 DAGs
[2025-07-01T01:23:27.896+0000] {logging_mixin.py:190} INFO - [2025-07-01T01:23:27.896+0000] {dag.py:4180} INFO - Setting next_dagrun for tutorial to 2025-06-30 00:00:00+00:00, run_after=2025-07-01 00:00:00+00:00
[2025-07-01T01:23:27.913+0000] {processor.py:208} INFO - Processing /home/airflow/.local/lib/python3.12/site-packages/airflow/example_dags/tutorial.py took 0.076 seconds
[2025-07-01T01:23:58.738+0000] {processor.py:186} INFO - Started process (PID=2161) to work on /home/airflow/.local/lib/python3.12/site-packages/airflow/example_dags/tutorial.py
[2025-07-01T01:23:58.739+0000] {processor.py:914} INFO - Processing file /home/airflow/.local/lib/python3.12/site-packages/airflow/example_dags/tutorial.py for tasks to queue
[2025-07-01T01:23:58.742+0000] {logging_mixin.py:190} INFO - [2025-07-01T01:23:58.742+0000] {dagbag.py:588} INFO - Filling up the DagBag from /home/airflow/.local/lib/python3.12/site-packages/airflow/example_dags/tutorial.py
[2025-07-01T01:23:58.750+0000] {processor.py:925} INFO - DAG(s) 'tutorial' retrieved from /home/airflow/.local/lib/python3.12/site-packages/airflow/example_dags/tutorial.py
[2025-07-01T01:23:58.769+0000] {logging_mixin.py:190} INFO - [2025-07-01T01:23:58.769+0000] {dag.py:3239} INFO - Sync 1 DAGs
[2025-07-01T01:23:58.792+0000] {logging_mixin.py:190} INFO - [2025-07-01T01:23:58.792+0000] {dag.py:4180} INFO - Setting next_dagrun for tutorial to 2025-06-30 00:00:00+00:00, run_after=2025-07-01 00:00:00+00:00
[2025-07-01T01:23:58.810+0000] {processor.py:208} INFO - Processing /home/airflow/.local/lib/python3.12/site-packages/airflow/example_dags/tutorial.py took 0.078 seconds
[2025-07-01T01:24:29.404+0000] {processor.py:186} INFO - Started process (PID=2223) to work on /home/airflow/.local/lib/python3.12/site-packages/airflow/example_dags/tutorial.py
[2025-07-01T01:24:29.405+0000] {processor.py:914} INFO - Processing file /home/airflow/.local/lib/python3.12/site-packages/airflow/example_dags/tutorial.py for tasks to queue
[2025-07-01T01:24:29.409+0000] {logging_mixin.py:190} INFO - [2025-07-01T01:24:29.408+0000] {dagbag.py:588} INFO - Filling up the DagBag from /home/airflow/.local/lib/python3.12/site-packages/airflow/example_dags/tutorial.py
[2025-07-01T01:24:29.418+0000] {processor.py:925} INFO - DAG(s) 'tutorial' retrieved from /home/airflow/.local/lib/python3.12/site-packages/airflow/example_dags/tutorial.py
[2025-07-01T01:24:29.443+0000] {logging_mixin.py:190} INFO - [2025-07-01T01:24:29.442+0000] {dag.py:3239} INFO - Sync 1 DAGs
[2025-07-01T01:24:29.473+0000] {logging_mixin.py:190} INFO - [2025-07-01T01:24:29.472+0000] {dag.py:4180} INFO - Setting next_dagrun for tutorial to 2025-06-30 00:00:00+00:00, run_after=2025-07-01 00:00:00+00:00
[2025-07-01T01:24:29.493+0000] {processor.py:208} INFO - Processing /home/airflow/.local/lib/python3.12/site-packages/airflow/example_dags/tutorial.py took 0.095 seconds
[2025-07-01T01:25:00.128+0000] {processor.py:186} INFO - Started process (PID=2285) to work on /home/airflow/.local/lib/python3.12/site-packages/airflow/example_dags/tutorial.py
[2025-07-01T01:25:00.130+0000] {processor.py:914} INFO - Processing file /home/airflow/.local/lib/python3.12/site-packages/airflow/example_dags/tutorial.py for tasks to queue
[2025-07-01T01:25:00.133+0000] {logging_mixin.py:190} INFO - [2025-07-01T01:25:00.133+0000] {dagbag.py:588} INFO - Filling up the DagBag from /home/airflow/.local/lib/python3.12/site-packages/airflow/example_dags/tutorial.py
[2025-07-01T01:25:00.144+0000] {processor.py:925} INFO - DAG(s) 'tutorial' retrieved from /home/airflow/.local/lib/python3.12/site-packages/airflow/example_dags/tutorial.py
[2025-07-01T01:25:00.177+0000] {logging_mixin.py:190} INFO - [2025-07-01T01:25:00.176+0000] {dag.py:3239} INFO - Sync 1 DAGs
[2025-07-01T01:25:00.208+0000] {logging_mixin.py:190} INFO - [2025-07-01T01:25:00.207+0000] {dag.py:4180} INFO - Setting next_dagrun for tutorial to 2025-06-30 00:00:00+00:00, run_after=2025-07-01 00:00:00+00:00
[2025-07-01T01:25:00.227+0000] {processor.py:208} INFO - Processing /home/airflow/.local/lib/python3.12/site-packages/airflow/example_dags/tutorial.py took 0.107 seconds
[2025-07-01T01:25:31.495+0000] {processor.py:186} INFO - Started process (PID=2347) to work on /home/airflow/.local/lib/python3.12/site-packages/airflow/example_dags/tutorial.py
[2025-07-01T01:25:31.496+0000] {processor.py:914} INFO - Processing file /home/airflow/.local/lib/python3.12/site-packages/airflow/example_dags/tutorial.py for tasks to queue
[2025-07-01T01:25:31.499+0000] {logging_mixin.py:190} INFO - [2025-07-01T01:25:31.499+0000] {dagbag.py:588} INFO - Filling up the DagBag from /home/airflow/.local/lib/python3.12/site-packages/airflow/example_dags/tutorial.py
[2025-07-01T01:25:31.507+0000] {processor.py:925} INFO - DAG(s) 'tutorial' retrieved from /home/airflow/.local/lib/python3.12/site-packages/airflow/example_dags/tutorial.py
[2025-07-01T01:25:31.529+0000] {logging_mixin.py:190} INFO - [2025-07-01T01:25:31.529+0000] {dag.py:3239} INFO - Sync 1 DAGs
[2025-07-01T01:25:31.562+0000] {logging_mixin.py:190} INFO - [2025-07-01T01:25:31.561+0000] {dag.py:4180} INFO - Setting next_dagrun for tutorial to 2025-06-30 00:00:00+00:00, run_after=2025-07-01 00:00:00+00:00
[2025-07-01T01:25:31.583+0000] {processor.py:208} INFO - Processing /home/airflow/.local/lib/python3.12/site-packages/airflow/example_dags/tutorial.py took 0.094 seconds
[2025-07-01T01:26:01.847+0000] {processor.py:186} INFO - Started process (PID=2410) to work on /home/airflow/.local/lib/python3.12/site-packages/airflow/example_dags/tutorial.py
[2025-07-01T01:26:01.848+0000] {processor.py:914} INFO - Processing file /home/airflow/.local/lib/python3.12/site-packages/airflow/example_dags/tutorial.py for tasks to queue
[2025-07-01T01:26:01.851+0000] {logging_mixin.py:190} INFO - [2025-07-01T01:26:01.851+0000] {dagbag.py:588} INFO - Filling up the DagBag from /home/airflow/.local/lib/python3.12/site-packages/airflow/example_dags/tutorial.py
[2025-07-01T01:26:01.859+0000] {processor.py:925} INFO - DAG(s) 'tutorial' retrieved from /home/airflow/.local/lib/python3.12/site-packages/airflow/example_dags/tutorial.py
[2025-07-01T01:26:01.879+0000] {logging_mixin.py:190} INFO - [2025-07-01T01:26:01.879+0000] {dag.py:3239} INFO - Sync 1 DAGs
[2025-07-01T01:26:01.905+0000] {logging_mixin.py:190} INFO - [2025-07-01T01:26:01.905+0000] {dag.py:4180} INFO - Setting next_dagrun for tutorial to 2025-06-30 00:00:00+00:00, run_after=2025-07-01 00:00:00+00:00
[2025-07-01T01:26:01.928+0000] {processor.py:208} INFO - Processing /home/airflow/.local/lib/python3.12/site-packages/airflow/example_dags/tutorial.py took 0.087 seconds
[2025-07-01T01:26:32.341+0000] {processor.py:186} INFO - Started process (PID=2472) to work on /home/airflow/.local/lib/python3.12/site-packages/airflow/example_dags/tutorial.py
[2025-07-01T01:26:32.342+0000] {processor.py:914} INFO - Processing file /home/airflow/.local/lib/python3.12/site-packages/airflow/example_dags/tutorial.py for tasks to queue
[2025-07-01T01:26:32.345+0000] {logging_mixin.py:190} INFO - [2025-07-01T01:26:32.345+0000] {dagbag.py:588} INFO - Filling up the DagBag from /home/airflow/.local/lib/python3.12/site-packages/airflow/example_dags/tutorial.py
[2025-07-01T01:26:32.354+0000] {processor.py:925} INFO - DAG(s) 'tutorial' retrieved from /home/airflow/.local/lib/python3.12/site-packages/airflow/example_dags/tutorial.py
[2025-07-01T01:26:32.376+0000] {logging_mixin.py:190} INFO - [2025-07-01T01:26:32.376+0000] {dag.py:3239} INFO - Sync 1 DAGs
[2025-07-01T01:26:32.403+0000] {logging_mixin.py:190} INFO - [2025-07-01T01:26:32.403+0000] {dag.py:4180} INFO - Setting next_dagrun for tutorial to 2025-06-30 00:00:00+00:00, run_after=2025-07-01 00:00:00+00:00
[2025-07-01T01:26:32.423+0000] {processor.py:208} INFO - Processing /home/airflow/.local/lib/python3.12/site-packages/airflow/example_dags/tutorial.py took 0.088 seconds
[2025-07-01T01:27:03.116+0000] {processor.py:186} INFO - Started process (PID=2534) to work on /home/airflow/.local/lib/python3.12/site-packages/airflow/example_dags/tutorial.py
[2025-07-01T01:27:03.118+0000] {processor.py:914} INFO - Processing file /home/airflow/.local/lib/python3.12/site-packages/airflow/example_dags/tutorial.py for tasks to queue
[2025-07-01T01:27:03.121+0000] {logging_mixin.py:190} INFO - [2025-07-01T01:27:03.120+0000] {dagbag.py:588} INFO - Filling up the DagBag from /home/airflow/.local/lib/python3.12/site-packages/airflow/example_dags/tutorial.py
[2025-07-01T01:27:03.129+0000] {processor.py:925} INFO - DAG(s) 'tutorial' retrieved from /home/airflow/.local/lib/python3.12/site-packages/airflow/example_dags/tutorial.py
[2025-07-01T01:27:03.151+0000] {logging_mixin.py:190} INFO - [2025-07-01T01:27:03.151+0000] {dag.py:3239} INFO - Sync 1 DAGs
[2025-07-01T01:27:03.177+0000] {logging_mixin.py:190} INFO - [2025-07-01T01:27:03.177+0000] {dag.py:4180} INFO - Setting next_dagrun for tutorial to 2025-06-30 00:00:00+00:00, run_after=2025-07-01 00:00:00+00:00
[2025-07-01T01:27:03.194+0000] {processor.py:208} INFO - Processing /home/airflow/.local/lib/python3.12/site-packages/airflow/example_dags/tutorial.py took 0.084 seconds
[2025-07-01T01:27:33.944+0000] {processor.py:186} INFO - Started process (PID=2596) to work on /home/airflow/.local/lib/python3.12/site-packages/airflow/example_dags/tutorial.py
[2025-07-01T01:27:33.945+0000] {processor.py:914} INFO - Processing file /home/airflow/.local/lib/python3.12/site-packages/airflow/example_dags/tutorial.py for tasks to queue
[2025-07-01T01:27:33.950+0000] {logging_mixin.py:190} INFO - [2025-07-01T01:27:33.949+0000] {dagbag.py:588} INFO - Filling up the DagBag from /home/airflow/.local/lib/python3.12/site-packages/airflow/example_dags/tutorial.py
[2025-07-01T01:27:33.959+0000] {processor.py:925} INFO - DAG(s) 'tutorial' retrieved from /home/airflow/.local/lib/python3.12/site-packages/airflow/example_dags/tutorial.py
[2025-07-01T01:27:33.988+0000] {logging_mixin.py:190} INFO - [2025-07-01T01:27:33.987+0000] {dag.py:3239} INFO - Sync 1 DAGs
[2025-07-01T01:27:34.017+0000] {logging_mixin.py:190} INFO - [2025-07-01T01:27:34.017+0000] {dag.py:4180} INFO - Setting next_dagrun for tutorial to 2025-06-30 00:00:00+00:00, run_after=2025-07-01 00:00:00+00:00
[2025-07-01T01:27:34.042+0000] {processor.py:208} INFO - Processing /home/airflow/.local/lib/python3.12/site-packages/airflow/example_dags/tutorial.py took 0.105 seconds
[2025-07-01T01:28:05.089+0000] {processor.py:186} INFO - Started process (PID=2658) to work on /home/airflow/.local/lib/python3.12/site-packages/airflow/example_dags/tutorial.py
[2025-07-01T01:28:05.090+0000] {processor.py:914} INFO - Processing file /home/airflow/.local/lib/python3.12/site-packages/airflow/example_dags/tutorial.py for tasks to queue
[2025-07-01T01:28:05.092+0000] {logging_mixin.py:190} INFO - [2025-07-01T01:28:05.092+0000] {dagbag.py:588} INFO - Filling up the DagBag from /home/airflow/.local/lib/python3.12/site-packages/airflow/example_dags/tutorial.py
[2025-07-01T01:28:05.101+0000] {processor.py:925} INFO - DAG(s) 'tutorial' retrieved from /home/airflow/.local/lib/python3.12/site-packages/airflow/example_dags/tutorial.py
[2025-07-01T01:28:05.122+0000] {logging_mixin.py:190} INFO - [2025-07-01T01:28:05.122+0000] {dag.py:3239} INFO - Sync 1 DAGs
[2025-07-01T01:28:05.144+0000] {logging_mixin.py:190} INFO - [2025-07-01T01:28:05.144+0000] {dag.py:4180} INFO - Setting next_dagrun for tutorial to 2025-06-30 00:00:00+00:00, run_after=2025-07-01 00:00:00+00:00
[2025-07-01T01:28:05.162+0000] {processor.py:208} INFO - Processing /home/airflow/.local/lib/python3.12/site-packages/airflow/example_dags/tutorial.py took 0.078 seconds
[2025-07-01T01:28:36.370+0000] {processor.py:186} INFO - Started process (PID=2720) to work on /home/airflow/.local/lib/python3.12/site-packages/airflow/example_dags/tutorial.py
[2025-07-01T01:28:36.371+0000] {processor.py:914} INFO - Processing file /home/airflow/.local/lib/python3.12/site-packages/airflow/example_dags/tutorial.py for tasks to queue
[2025-07-01T01:28:36.374+0000] {logging_mixin.py:190} INFO - [2025-07-01T01:28:36.374+0000] {dagbag.py:588} INFO - Filling up the DagBag from /home/airflow/.local/lib/python3.12/site-packages/airflow/example_dags/tutorial.py
[2025-07-01T01:28:36.382+0000] {processor.py:925} INFO - DAG(s) 'tutorial' retrieved from /home/airflow/.local/lib/python3.12/site-packages/airflow/example_dags/tutorial.py
[2025-07-01T01:28:36.402+0000] {logging_mixin.py:190} INFO - [2025-07-01T01:28:36.402+0000] {dag.py:3239} INFO - Sync 1 DAGs
[2025-07-01T01:28:36.445+0000] {logging_mixin.py:190} INFO - [2025-07-01T01:28:36.445+0000] {dag.py:4180} INFO - Setting next_dagrun for tutorial to 2025-06-30 00:00:00+00:00, run_after=2025-07-01 00:00:00+00:00
[2025-07-01T01:28:36.493+0000] {processor.py:208} INFO - Processing /home/airflow/.local/lib/python3.12/site-packages/airflow/example_dags/tutorial.py took 0.128 seconds
[2025-07-01T01:29:06.633+0000] {processor.py:186} INFO - Started process (PID=2782) to work on /home/airflow/.local/lib/python3.12/site-packages/airflow/example_dags/tutorial.py
[2025-07-01T01:29:06.634+0000] {processor.py:914} INFO - Processing file /home/airflow/.local/lib/python3.12/site-packages/airflow/example_dags/tutorial.py for tasks to queue
[2025-07-01T01:29:06.637+0000] {logging_mixin.py:190} INFO - [2025-07-01T01:29:06.636+0000] {dagbag.py:588} INFO - Filling up the DagBag from /home/airflow/.local/lib/python3.12/site-packages/airflow/example_dags/tutorial.py
[2025-07-01T01:29:06.644+0000] {processor.py:925} INFO - DAG(s) 'tutorial' retrieved from /home/airflow/.local/lib/python3.12/site-packages/airflow/example_dags/tutorial.py
[2025-07-01T01:29:06.667+0000] {logging_mixin.py:190} INFO - [2025-07-01T01:29:06.666+0000] {dag.py:3239} INFO - Sync 1 DAGs
[2025-07-01T01:29:06.694+0000] {logging_mixin.py:190} INFO - [2025-07-01T01:29:06.694+0000] {dag.py:4180} INFO - Setting next_dagrun for tutorial to 2025-06-30 00:00:00+00:00, run_after=2025-07-01 00:00:00+00:00
[2025-07-01T01:29:06.716+0000] {processor.py:208} INFO - Processing /home/airflow/.local/lib/python3.12/site-packages/airflow/example_dags/tutorial.py took 0.090 seconds
[2025-07-01T01:29:37.866+0000] {processor.py:186} INFO - Started process (PID=2844) to work on /home/airflow/.local/lib/python3.12/site-packages/airflow/example_dags/tutorial.py
[2025-07-01T01:29:37.867+0000] {processor.py:914} INFO - Processing file /home/airflow/.local/lib/python3.12/site-packages/airflow/example_dags/tutorial.py for tasks to queue
[2025-07-01T01:29:37.872+0000] {logging_mixin.py:190} INFO - [2025-07-01T01:29:37.872+0000] {dagbag.py:588} INFO - Filling up the DagBag from /home/airflow/.local/lib/python3.12/site-packages/airflow/example_dags/tutorial.py
[2025-07-01T01:29:37.881+0000] {processor.py:925} INFO - DAG(s) 'tutorial' retrieved from /home/airflow/.local/lib/python3.12/site-packages/airflow/example_dags/tutorial.py
[2025-07-01T01:29:37.900+0000] {logging_mixin.py:190} INFO - [2025-07-01T01:29:37.899+0000] {dag.py:3239} INFO - Sync 1 DAGs
[2025-07-01T01:29:37.924+0000] {logging_mixin.py:190} INFO - [2025-07-01T01:29:37.924+0000] {dag.py:4180} INFO - Setting next_dagrun for tutorial to 2025-06-30 00:00:00+00:00, run_after=2025-07-01 00:00:00+00:00
[2025-07-01T01:29:37.942+0000] {processor.py:208} INFO - Processing /home/airflow/.local/lib/python3.12/site-packages/airflow/example_dags/tutorial.py took 0.082 seconds
[2025-07-01T01:30:09.322+0000] {processor.py:186} INFO - Started process (PID=2906) to work on /home/airflow/.local/lib/python3.12/site-packages/airflow/example_dags/tutorial.py
[2025-07-01T01:30:09.323+0000] {processor.py:914} INFO - Processing file /home/airflow/.local/lib/python3.12/site-packages/airflow/example_dags/tutorial.py for tasks to queue
[2025-07-01T01:30:09.327+0000] {logging_mixin.py:190} INFO - [2025-07-01T01:30:09.327+0000] {dagbag.py:588} INFO - Filling up the DagBag from /home/airflow/.local/lib/python3.12/site-packages/airflow/example_dags/tutorial.py
[2025-07-01T01:30:09.337+0000] {processor.py:925} INFO - DAG(s) 'tutorial' retrieved from /home/airflow/.local/lib/python3.12/site-packages/airflow/example_dags/tutorial.py
[2025-07-01T01:30:09.362+0000] {logging_mixin.py:190} INFO - [2025-07-01T01:30:09.361+0000] {dag.py:3239} INFO - Sync 1 DAGs
[2025-07-01T01:30:09.388+0000] {logging_mixin.py:190} INFO - [2025-07-01T01:30:09.388+0000] {dag.py:4180} INFO - Setting next_dagrun for tutorial to 2025-06-30 00:00:00+00:00, run_after=2025-07-01 00:00:00+00:00
[2025-07-01T01:30:09.411+0000] {processor.py:208} INFO - Processing /home/airflow/.local/lib/python3.12/site-packages/airflow/example_dags/tutorial.py took 0.097 seconds
[2025-07-01T01:30:39.655+0000] {processor.py:186} INFO - Started process (PID=2968) to work on /home/airflow/.local/lib/python3.12/site-packages/airflow/example_dags/tutorial.py
[2025-07-01T01:30:39.656+0000] {processor.py:914} INFO - Processing file /home/airflow/.local/lib/python3.12/site-packages/airflow/example_dags/tutorial.py for tasks to queue
[2025-07-01T01:30:39.660+0000] {logging_mixin.py:190} INFO - [2025-07-01T01:30:39.659+0000] {dagbag.py:588} INFO - Filling up the DagBag from /home/airflow/.local/lib/python3.12/site-packages/airflow/example_dags/tutorial.py
[2025-07-01T01:30:39.668+0000] {processor.py:925} INFO - DAG(s) 'tutorial' retrieved from /home/airflow/.local/lib/python3.12/site-packages/airflow/example_dags/tutorial.py
[2025-07-01T01:30:39.686+0000] {logging_mixin.py:190} INFO - [2025-07-01T01:30:39.686+0000] {dag.py:3239} INFO - Sync 1 DAGs
[2025-07-01T01:30:39.709+0000] {logging_mixin.py:190} INFO - [2025-07-01T01:30:39.709+0000] {dag.py:4180} INFO - Setting next_dagrun for tutorial to 2025-06-30 00:00:00+00:00, run_after=2025-07-01 00:00:00+00:00
[2025-07-01T01:30:39.727+0000] {processor.py:208} INFO - Processing /home/airflow/.local/lib/python3.12/site-packages/airflow/example_dags/tutorial.py took 0.078 seconds
[2025-07-01T01:31:10.590+0000] {processor.py:186} INFO - Started process (PID=3030) to work on /home/airflow/.local/lib/python3.12/site-packages/airflow/example_dags/tutorial.py
[2025-07-01T01:31:10.591+0000] {processor.py:914} INFO - Processing file /home/airflow/.local/lib/python3.12/site-packages/airflow/example_dags/tutorial.py for tasks to queue
[2025-07-01T01:31:10.594+0000] {logging_mixin.py:190} INFO - [2025-07-01T01:31:10.593+0000] {dagbag.py:588} INFO - Filling up the DagBag from /home/airflow/.local/lib/python3.12/site-packages/airflow/example_dags/tutorial.py
[2025-07-01T01:31:10.601+0000] {processor.py:925} INFO - DAG(s) 'tutorial' retrieved from /home/airflow/.local/lib/python3.12/site-packages/airflow/example_dags/tutorial.py
[2025-07-01T01:31:10.620+0000] {logging_mixin.py:190} INFO - [2025-07-01T01:31:10.619+0000] {dag.py:3239} INFO - Sync 1 DAGs
[2025-07-01T01:31:10.642+0000] {logging_mixin.py:190} INFO - [2025-07-01T01:31:10.642+0000] {dag.py:4180} INFO - Setting next_dagrun for tutorial to 2025-06-30 00:00:00+00:00, run_after=2025-07-01 00:00:00+00:00
[2025-07-01T01:31:10.660+0000] {processor.py:208} INFO - Processing /home/airflow/.local/lib/python3.12/site-packages/airflow/example_dags/tutorial.py took 0.076 seconds
[2025-07-01T01:31:41.512+0000] {processor.py:186} INFO - Started process (PID=3092) to work on /home/airflow/.local/lib/python3.12/site-packages/airflow/example_dags/tutorial.py
[2025-07-01T01:31:41.513+0000] {processor.py:914} INFO - Processing file /home/airflow/.local/lib/python3.12/site-packages/airflow/example_dags/tutorial.py for tasks to queue
[2025-07-01T01:31:41.517+0000] {logging_mixin.py:190} INFO - [2025-07-01T01:31:41.516+0000] {dagbag.py:588} INFO - Filling up the DagBag from /home/airflow/.local/lib/python3.12/site-packages/airflow/example_dags/tutorial.py
[2025-07-01T01:31:41.532+0000] {processor.py:925} INFO - DAG(s) 'tutorial' retrieved from /home/airflow/.local/lib/python3.12/site-packages/airflow/example_dags/tutorial.py
[2025-07-01T01:31:41.557+0000] {logging_mixin.py:190} INFO - [2025-07-01T01:31:41.556+0000] {dag.py:3239} INFO - Sync 1 DAGs
[2025-07-01T01:31:41.580+0000] {logging_mixin.py:190} INFO - [2025-07-01T01:31:41.580+0000] {dag.py:4180} INFO - Setting next_dagrun for tutorial to 2025-06-30 00:00:00+00:00, run_after=2025-07-01 00:00:00+00:00
[2025-07-01T01:31:41.598+0000] {processor.py:208} INFO - Processing /home/airflow/.local/lib/python3.12/site-packages/airflow/example_dags/tutorial.py took 0.093 seconds
[2025-07-01T01:32:11.883+0000] {processor.py:186} INFO - Started process (PID=3154) to work on /home/airflow/.local/lib/python3.12/site-packages/airflow/example_dags/tutorial.py
[2025-07-01T01:32:11.884+0000] {processor.py:914} INFO - Processing file /home/airflow/.local/lib/python3.12/site-packages/airflow/example_dags/tutorial.py for tasks to queue
[2025-07-01T01:32:11.887+0000] {logging_mixin.py:190} INFO - [2025-07-01T01:32:11.886+0000] {dagbag.py:588} INFO - Filling up the DagBag from /home/airflow/.local/lib/python3.12/site-packages/airflow/example_dags/tutorial.py
[2025-07-01T01:32:11.895+0000] {processor.py:925} INFO - DAG(s) 'tutorial' retrieved from /home/airflow/.local/lib/python3.12/site-packages/airflow/example_dags/tutorial.py
[2025-07-01T01:32:11.914+0000] {logging_mixin.py:190} INFO - [2025-07-01T01:32:11.914+0000] {dag.py:3239} INFO - Sync 1 DAGs
[2025-07-01T01:32:11.936+0000] {logging_mixin.py:190} INFO - [2025-07-01T01:32:11.936+0000] {dag.py:4180} INFO - Setting next_dagrun for tutorial to 2025-06-30 00:00:00+00:00, run_after=2025-07-01 00:00:00+00:00
[2025-07-01T01:32:11.953+0000] {processor.py:208} INFO - Processing /home/airflow/.local/lib/python3.12/site-packages/airflow/example_dags/tutorial.py took 0.075 seconds
[2025-07-01T01:32:43.570+0000] {processor.py:186} INFO - Started process (PID=3216) to work on /home/airflow/.local/lib/python3.12/site-packages/airflow/example_dags/tutorial.py
[2025-07-01T01:32:43.571+0000] {processor.py:914} INFO - Processing file /home/airflow/.local/lib/python3.12/site-packages/airflow/example_dags/tutorial.py for tasks to queue
[2025-07-01T01:32:43.574+0000] {logging_mixin.py:190} INFO - [2025-07-01T01:32:43.573+0000] {dagbag.py:588} INFO - Filling up the DagBag from /home/airflow/.local/lib/python3.12/site-packages/airflow/example_dags/tutorial.py
[2025-07-01T01:32:43.582+0000] {processor.py:925} INFO - DAG(s) 'tutorial' retrieved from /home/airflow/.local/lib/python3.12/site-packages/airflow/example_dags/tutorial.py
[2025-07-01T01:32:43.604+0000] {logging_mixin.py:190} INFO - [2025-07-01T01:32:43.603+0000] {dag.py:3239} INFO - Sync 1 DAGs
[2025-07-01T01:32:43.629+0000] {logging_mixin.py:190} INFO - [2025-07-01T01:32:43.629+0000] {dag.py:4180} INFO - Setting next_dagrun for tutorial to 2025-06-30 00:00:00+00:00, run_after=2025-07-01 00:00:00+00:00
[2025-07-01T01:32:43.648+0000] {processor.py:208} INFO - Processing /home/airflow/.local/lib/python3.12/site-packages/airflow/example_dags/tutorial.py took 0.086 seconds
[2025-07-01T01:33:15.337+0000] {processor.py:186} INFO - Started process (PID=3278) to work on /home/airflow/.local/lib/python3.12/site-packages/airflow/example_dags/tutorial.py
[2025-07-01T01:33:15.339+0000] {processor.py:914} INFO - Processing file /home/airflow/.local/lib/python3.12/site-packages/airflow/example_dags/tutorial.py for tasks to queue
[2025-07-01T01:33:15.342+0000] {logging_mixin.py:190} INFO - [2025-07-01T01:33:15.341+0000] {dagbag.py:588} INFO - Filling up the DagBag from /home/airflow/.local/lib/python3.12/site-packages/airflow/example_dags/tutorial.py
[2025-07-01T01:33:15.350+0000] {processor.py:925} INFO - DAG(s) 'tutorial' retrieved from /home/airflow/.local/lib/python3.12/site-packages/airflow/example_dags/tutorial.py
[2025-07-01T01:33:15.375+0000] {logging_mixin.py:190} INFO - [2025-07-01T01:33:15.375+0000] {dag.py:3239} INFO - Sync 1 DAGs
[2025-07-01T01:33:15.650+0000] {logging_mixin.py:190} INFO - [2025-07-01T01:33:15.650+0000] {dag.py:4180} INFO - Setting next_dagrun for tutorial to 2025-06-30 00:00:00+00:00, run_after=2025-07-01 00:00:00+00:00
[2025-07-01T01:33:15.673+0000] {processor.py:208} INFO - Processing /home/airflow/.local/lib/python3.12/site-packages/airflow/example_dags/tutorial.py took 0.342 seconds
[2025-07-01T01:33:45.762+0000] {processor.py:186} INFO - Started process (PID=3340) to work on /home/airflow/.local/lib/python3.12/site-packages/airflow/example_dags/tutorial.py
[2025-07-01T01:33:45.763+0000] {processor.py:914} INFO - Processing file /home/airflow/.local/lib/python3.12/site-packages/airflow/example_dags/tutorial.py for tasks to queue
[2025-07-01T01:33:45.766+0000] {logging_mixin.py:190} INFO - [2025-07-01T01:33:45.766+0000] {dagbag.py:588} INFO - Filling up the DagBag from /home/airflow/.local/lib/python3.12/site-packages/airflow/example_dags/tutorial.py
[2025-07-01T01:33:45.773+0000] {processor.py:925} INFO - DAG(s) 'tutorial' retrieved from /home/airflow/.local/lib/python3.12/site-packages/airflow/example_dags/tutorial.py
[2025-07-01T01:33:45.792+0000] {logging_mixin.py:190} INFO - [2025-07-01T01:33:45.792+0000] {dag.py:3239} INFO - Sync 1 DAGs
[2025-07-01T01:33:45.814+0000] {logging_mixin.py:190} INFO - [2025-07-01T01:33:45.813+0000] {dag.py:4180} INFO - Setting next_dagrun for tutorial to 2025-06-30 00:00:00+00:00, run_after=2025-07-01 00:00:00+00:00
[2025-07-01T01:33:46.017+0000] {processor.py:208} INFO - Processing /home/airflow/.local/lib/python3.12/site-packages/airflow/example_dags/tutorial.py took 0.260 seconds
[2025-07-01T01:34:16.103+0000] {processor.py:186} INFO - Started process (PID=3402) to work on /home/airflow/.local/lib/python3.12/site-packages/airflow/example_dags/tutorial.py
[2025-07-01T01:34:16.104+0000] {processor.py:914} INFO - Processing file /home/airflow/.local/lib/python3.12/site-packages/airflow/example_dags/tutorial.py for tasks to queue
[2025-07-01T01:34:16.107+0000] {logging_mixin.py:190} INFO - [2025-07-01T01:34:16.107+0000] {dagbag.py:588} INFO - Filling up the DagBag from /home/airflow/.local/lib/python3.12/site-packages/airflow/example_dags/tutorial.py
[2025-07-01T01:34:16.116+0000] {processor.py:925} INFO - DAG(s) 'tutorial' retrieved from /home/airflow/.local/lib/python3.12/site-packages/airflow/example_dags/tutorial.py
[2025-07-01T01:34:16.139+0000] {logging_mixin.py:190} INFO - [2025-07-01T01:34:16.139+0000] {dag.py:3239} INFO - Sync 1 DAGs
[2025-07-01T01:34:16.165+0000] {logging_mixin.py:190} INFO - [2025-07-01T01:34:16.165+0000] {dag.py:4180} INFO - Setting next_dagrun for tutorial to 2025-06-30 00:00:00+00:00, run_after=2025-07-01 00:00:00+00:00
[2025-07-01T01:34:16.183+0000] {processor.py:208} INFO - Processing /home/airflow/.local/lib/python3.12/site-packages/airflow/example_dags/tutorial.py took 0.086 seconds
[2025-07-01T01:34:46.689+0000] {processor.py:186} INFO - Started process (PID=3464) to work on /home/airflow/.local/lib/python3.12/site-packages/airflow/example_dags/tutorial.py
[2025-07-01T01:34:46.690+0000] {processor.py:914} INFO - Processing file /home/airflow/.local/lib/python3.12/site-packages/airflow/example_dags/tutorial.py for tasks to queue
[2025-07-01T01:34:46.693+0000] {logging_mixin.py:190} INFO - [2025-07-01T01:34:46.693+0000] {dagbag.py:588} INFO - Filling up the DagBag from /home/airflow/.local/lib/python3.12/site-packages/airflow/example_dags/tutorial.py
[2025-07-01T01:34:46.703+0000] {processor.py:925} INFO - DAG(s) 'tutorial' retrieved from /home/airflow/.local/lib/python3.12/site-packages/airflow/example_dags/tutorial.py
[2025-07-01T01:34:46.725+0000] {logging_mixin.py:190} INFO - [2025-07-01T01:34:46.724+0000] {dag.py:3239} INFO - Sync 1 DAGs
[2025-07-01T01:34:46.748+0000] {logging_mixin.py:190} INFO - [2025-07-01T01:34:46.748+0000] {dag.py:4180} INFO - Setting next_dagrun for tutorial to 2025-06-30 00:00:00+00:00, run_after=2025-07-01 00:00:00+00:00
[2025-07-01T01:34:46.765+0000] {processor.py:208} INFO - Processing /home/airflow/.local/lib/python3.12/site-packages/airflow/example_dags/tutorial.py took 0.084 seconds
[2025-07-01T01:35:18.761+0000] {processor.py:186} INFO - Started process (PID=3526) to work on /home/airflow/.local/lib/python3.12/site-packages/airflow/example_dags/tutorial.py
[2025-07-01T01:35:18.763+0000] {processor.py:914} INFO - Processing file /home/airflow/.local/lib/python3.12/site-packages/airflow/example_dags/tutorial.py for tasks to queue
[2025-07-01T01:35:18.766+0000] {logging_mixin.py:190} INFO - [2025-07-01T01:35:18.766+0000] {dagbag.py:588} INFO - Filling up the DagBag from /home/airflow/.local/lib/python3.12/site-packages/airflow/example_dags/tutorial.py
[2025-07-01T01:35:18.775+0000] {processor.py:925} INFO - DAG(s) 'tutorial' retrieved from /home/airflow/.local/lib/python3.12/site-packages/airflow/example_dags/tutorial.py
[2025-07-01T01:35:18.794+0000] {logging_mixin.py:190} INFO - [2025-07-01T01:35:18.794+0000] {dag.py:3239} INFO - Sync 1 DAGs
[2025-07-01T01:35:19.012+0000] {logging_mixin.py:190} INFO - [2025-07-01T01:35:19.011+0000] {dag.py:4180} INFO - Setting next_dagrun for tutorial to 2025-06-30 00:00:00+00:00, run_after=2025-07-01 00:00:00+00:00
[2025-07-01T01:35:19.033+0000] {processor.py:208} INFO - Processing /home/airflow/.local/lib/python3.12/site-packages/airflow/example_dags/tutorial.py took 0.279 seconds
[2025-07-01T01:35:49.740+0000] {processor.py:186} INFO - Started process (PID=3588) to work on /home/airflow/.local/lib/python3.12/site-packages/airflow/example_dags/tutorial.py
[2025-07-01T01:35:49.741+0000] {processor.py:914} INFO - Processing file /home/airflow/.local/lib/python3.12/site-packages/airflow/example_dags/tutorial.py for tasks to queue
[2025-07-01T01:35:49.744+0000] {logging_mixin.py:190} INFO - [2025-07-01T01:35:49.744+0000] {dagbag.py:588} INFO - Filling up the DagBag from /home/airflow/.local/lib/python3.12/site-packages/airflow/example_dags/tutorial.py
[2025-07-01T01:35:49.751+0000] {processor.py:925} INFO - DAG(s) 'tutorial' retrieved from /home/airflow/.local/lib/python3.12/site-packages/airflow/example_dags/tutorial.py
[2025-07-01T01:35:49.772+0000] {logging_mixin.py:190} INFO - [2025-07-01T01:35:49.772+0000] {dag.py:3239} INFO - Sync 1 DAGs
[2025-07-01T01:35:49.794+0000] {logging_mixin.py:190} INFO - [2025-07-01T01:35:49.794+0000] {dag.py:4180} INFO - Setting next_dagrun for tutorial to 2025-06-30 00:00:00+00:00, run_after=2025-07-01 00:00:00+00:00
[2025-07-01T01:35:49.810+0000] {processor.py:208} INFO - Processing /home/airflow/.local/lib/python3.12/site-packages/airflow/example_dags/tutorial.py took 0.075 seconds
[2025-07-01T01:36:19.954+0000] {processor.py:186} INFO - Started process (PID=3650) to work on /home/airflow/.local/lib/python3.12/site-packages/airflow/example_dags/tutorial.py
[2025-07-01T01:36:19.955+0000] {processor.py:914} INFO - Processing file /home/airflow/.local/lib/python3.12/site-packages/airflow/example_dags/tutorial.py for tasks to queue
[2025-07-01T01:36:19.958+0000] {logging_mixin.py:190} INFO - [2025-07-01T01:36:19.958+0000] {dagbag.py:588} INFO - Filling up the DagBag from /home/airflow/.local/lib/python3.12/site-packages/airflow/example_dags/tutorial.py
[2025-07-01T01:36:19.968+0000] {processor.py:925} INFO - DAG(s) 'tutorial' retrieved from /home/airflow/.local/lib/python3.12/site-packages/airflow/example_dags/tutorial.py
[2025-07-01T01:36:19.988+0000] {logging_mixin.py:190} INFO - [2025-07-01T01:36:19.988+0000] {dag.py:3239} INFO - Sync 1 DAGs
[2025-07-01T01:36:20.010+0000] {logging_mixin.py:190} INFO - [2025-07-01T01:36:20.010+0000] {dag.py:4180} INFO - Setting next_dagrun for tutorial to 2025-06-30 00:00:00+00:00, run_after=2025-07-01 00:00:00+00:00
[2025-07-01T01:36:20.027+0000] {processor.py:208} INFO - Processing /home/airflow/.local/lib/python3.12/site-packages/airflow/example_dags/tutorial.py took 0.079 seconds
[2025-07-01T01:36:50.965+0000] {processor.py:186} INFO - Started process (PID=3712) to work on /home/airflow/.local/lib/python3.12/site-packages/airflow/example_dags/tutorial.py
[2025-07-01T01:36:50.966+0000] {processor.py:914} INFO - Processing file /home/airflow/.local/lib/python3.12/site-packages/airflow/example_dags/tutorial.py for tasks to queue
[2025-07-01T01:36:50.969+0000] {logging_mixin.py:190} INFO - [2025-07-01T01:36:50.969+0000] {dagbag.py:588} INFO - Filling up the DagBag from /home/airflow/.local/lib/python3.12/site-packages/airflow/example_dags/tutorial.py
[2025-07-01T01:36:50.977+0000] {processor.py:925} INFO - DAG(s) 'tutorial' retrieved from /home/airflow/.local/lib/python3.12/site-packages/airflow/example_dags/tutorial.py
[2025-07-01T01:36:50.998+0000] {logging_mixin.py:190} INFO - [2025-07-01T01:36:50.997+0000] {dag.py:3239} INFO - Sync 1 DAGs
[2025-07-01T01:36:51.019+0000] {logging_mixin.py:190} INFO - [2025-07-01T01:36:51.019+0000] {dag.py:4180} INFO - Setting next_dagrun for tutorial to 2025-06-30 00:00:00+00:00, run_after=2025-07-01 00:00:00+00:00
[2025-07-01T01:36:51.037+0000] {processor.py:208} INFO - Processing /home/airflow/.local/lib/python3.12/site-packages/airflow/example_dags/tutorial.py took 0.077 seconds
[2025-07-01T01:37:21.129+0000] {processor.py:186} INFO - Started process (PID=3774) to work on /home/airflow/.local/lib/python3.12/site-packages/airflow/example_dags/tutorial.py
[2025-07-01T01:37:21.130+0000] {processor.py:914} INFO - Processing file /home/airflow/.local/lib/python3.12/site-packages/airflow/example_dags/tutorial.py for tasks to queue
[2025-07-01T01:37:21.133+0000] {logging_mixin.py:190} INFO - [2025-07-01T01:37:21.132+0000] {dagbag.py:588} INFO - Filling up the DagBag from /home/airflow/.local/lib/python3.12/site-packages/airflow/example_dags/tutorial.py
[2025-07-01T01:37:21.140+0000] {processor.py:925} INFO - DAG(s) 'tutorial' retrieved from /home/airflow/.local/lib/python3.12/site-packages/airflow/example_dags/tutorial.py
[2025-07-01T01:37:21.162+0000] {logging_mixin.py:190} INFO - [2025-07-01T01:37:21.161+0000] {dag.py:3239} INFO - Sync 1 DAGs
[2025-07-01T01:37:21.184+0000] {logging_mixin.py:190} INFO - [2025-07-01T01:37:21.184+0000] {dag.py:4180} INFO - Setting next_dagrun for tutorial to 2025-06-30 00:00:00+00:00, run_after=2025-07-01 00:00:00+00:00
[2025-07-01T01:37:21.201+0000] {processor.py:208} INFO - Processing /home/airflow/.local/lib/python3.12/site-packages/airflow/example_dags/tutorial.py took 0.079 seconds
[2025-07-01T01:37:51.377+0000] {processor.py:186} INFO - Started process (PID=3836) to work on /home/airflow/.local/lib/python3.12/site-packages/airflow/example_dags/tutorial.py
[2025-07-01T01:37:51.378+0000] {processor.py:914} INFO - Processing file /home/airflow/.local/lib/python3.12/site-packages/airflow/example_dags/tutorial.py for tasks to queue
[2025-07-01T01:37:51.381+0000] {logging_mixin.py:190} INFO - [2025-07-01T01:37:51.381+0000] {dagbag.py:588} INFO - Filling up the DagBag from /home/airflow/.local/lib/python3.12/site-packages/airflow/example_dags/tutorial.py
[2025-07-01T01:37:51.389+0000] {processor.py:925} INFO - DAG(s) 'tutorial' retrieved from /home/airflow/.local/lib/python3.12/site-packages/airflow/example_dags/tutorial.py
[2025-07-01T01:37:51.411+0000] {logging_mixin.py:190} INFO - [2025-07-01T01:37:51.410+0000] {dag.py:3239} INFO - Sync 1 DAGs
[2025-07-01T01:37:51.435+0000] {logging_mixin.py:190} INFO - [2025-07-01T01:37:51.434+0000] {dag.py:4180} INFO - Setting next_dagrun for tutorial to 2025-06-30 00:00:00+00:00, run_after=2025-07-01 00:00:00+00:00
[2025-07-01T01:37:51.452+0000] {processor.py:208} INFO - Processing /home/airflow/.local/lib/python3.12/site-packages/airflow/example_dags/tutorial.py took 0.081 seconds
[2025-07-01T01:38:22.183+0000] {processor.py:186} INFO - Started process (PID=3898) to work on /home/airflow/.local/lib/python3.12/site-packages/airflow/example_dags/tutorial.py
[2025-07-01T01:38:22.184+0000] {processor.py:914} INFO - Processing file /home/airflow/.local/lib/python3.12/site-packages/airflow/example_dags/tutorial.py for tasks to queue
[2025-07-01T01:38:22.187+0000] {logging_mixin.py:190} INFO - [2025-07-01T01:38:22.187+0000] {dagbag.py:588} INFO - Filling up the DagBag from /home/airflow/.local/lib/python3.12/site-packages/airflow/example_dags/tutorial.py
[2025-07-01T01:38:22.195+0000] {processor.py:925} INFO - DAG(s) 'tutorial' retrieved from /home/airflow/.local/lib/python3.12/site-packages/airflow/example_dags/tutorial.py
[2025-07-01T01:38:22.214+0000] {logging_mixin.py:190} INFO - [2025-07-01T01:38:22.214+0000] {dag.py:3239} INFO - Sync 1 DAGs
[2025-07-01T01:38:22.236+0000] {logging_mixin.py:190} INFO - [2025-07-01T01:38:22.236+0000] {dag.py:4180} INFO - Setting next_dagrun for tutorial to 2025-06-30 00:00:00+00:00, run_after=2025-07-01 00:00:00+00:00
[2025-07-01T01:38:22.254+0000] {processor.py:208} INFO - Processing /home/airflow/.local/lib/python3.12/site-packages/airflow/example_dags/tutorial.py took 0.077 seconds
[2025-07-01T01:38:52.970+0000] {processor.py:186} INFO - Started process (PID=3960) to work on /home/airflow/.local/lib/python3.12/site-packages/airflow/example_dags/tutorial.py
[2025-07-01T01:38:52.971+0000] {processor.py:914} INFO - Processing file /home/airflow/.local/lib/python3.12/site-packages/airflow/example_dags/tutorial.py for tasks to queue
[2025-07-01T01:38:52.974+0000] {logging_mixin.py:190} INFO - [2025-07-01T01:38:52.974+0000] {dagbag.py:588} INFO - Filling up the DagBag from /home/airflow/.local/lib/python3.12/site-packages/airflow/example_dags/tutorial.py
[2025-07-01T01:38:52.982+0000] {processor.py:925} INFO - DAG(s) 'tutorial' retrieved from /home/airflow/.local/lib/python3.12/site-packages/airflow/example_dags/tutorial.py
[2025-07-01T01:38:53.002+0000] {logging_mixin.py:190} INFO - [2025-07-01T01:38:53.001+0000] {dag.py:3239} INFO - Sync 1 DAGs
[2025-07-01T01:38:53.024+0000] {logging_mixin.py:190} INFO - [2025-07-01T01:38:53.024+0000] {dag.py:4180} INFO - Setting next_dagrun for tutorial to 2025-06-30 00:00:00+00:00, run_after=2025-07-01 00:00:00+00:00
[2025-07-01T01:38:53.041+0000] {processor.py:208} INFO - Processing /home/airflow/.local/lib/python3.12/site-packages/airflow/example_dags/tutorial.py took 0.076 seconds
[2025-07-01T01:39:23.562+0000] {processor.py:186} INFO - Started process (PID=4022) to work on /home/airflow/.local/lib/python3.12/site-packages/airflow/example_dags/tutorial.py
[2025-07-01T01:39:23.563+0000] {processor.py:914} INFO - Processing file /home/airflow/.local/lib/python3.12/site-packages/airflow/example_dags/tutorial.py for tasks to queue
[2025-07-01T01:39:23.567+0000] {logging_mixin.py:190} INFO - [2025-07-01T01:39:23.566+0000] {dagbag.py:588} INFO - Filling up the DagBag from /home/airflow/.local/lib/python3.12/site-packages/airflow/example_dags/tutorial.py
[2025-07-01T01:39:23.575+0000] {processor.py:925} INFO - DAG(s) 'tutorial' retrieved from /home/airflow/.local/lib/python3.12/site-packages/airflow/example_dags/tutorial.py
[2025-07-01T01:39:23.594+0000] {logging_mixin.py:190} INFO - [2025-07-01T01:39:23.594+0000] {dag.py:3239} INFO - Sync 1 DAGs
[2025-07-01T01:39:23.615+0000] {logging_mixin.py:190} INFO - [2025-07-01T01:39:23.614+0000] {dag.py:4180} INFO - Setting next_dagrun for tutorial to 2025-06-30 00:00:00+00:00, run_after=2025-07-01 00:00:00+00:00
[2025-07-01T01:39:23.630+0000] {processor.py:208} INFO - Processing /home/airflow/.local/lib/python3.12/site-packages/airflow/example_dags/tutorial.py took 0.075 seconds
[2025-07-01T01:39:54.266+0000] {processor.py:186} INFO - Started process (PID=4084) to work on /home/airflow/.local/lib/python3.12/site-packages/airflow/example_dags/tutorial.py
[2025-07-01T01:39:54.267+0000] {processor.py:914} INFO - Processing file /home/airflow/.local/lib/python3.12/site-packages/airflow/example_dags/tutorial.py for tasks to queue
[2025-07-01T01:39:54.271+0000] {logging_mixin.py:190} INFO - [2025-07-01T01:39:54.270+0000] {dagbag.py:588} INFO - Filling up the DagBag from /home/airflow/.local/lib/python3.12/site-packages/airflow/example_dags/tutorial.py
[2025-07-01T01:39:54.279+0000] {processor.py:925} INFO - DAG(s) 'tutorial' retrieved from /home/airflow/.local/lib/python3.12/site-packages/airflow/example_dags/tutorial.py
[2025-07-01T01:39:54.299+0000] {logging_mixin.py:190} INFO - [2025-07-01T01:39:54.299+0000] {dag.py:3239} INFO - Sync 1 DAGs
[2025-07-01T01:39:54.321+0000] {logging_mixin.py:190} INFO - [2025-07-01T01:39:54.321+0000] {dag.py:4180} INFO - Setting next_dagrun for tutorial to 2025-06-30 00:00:00+00:00, run_after=2025-07-01 00:00:00+00:00
[2025-07-01T01:39:54.339+0000] {processor.py:208} INFO - Processing /home/airflow/.local/lib/python3.12/site-packages/airflow/example_dags/tutorial.py took 0.078 seconds
[2025-07-01T01:40:24.812+0000] {processor.py:186} INFO - Started process (PID=4146) to work on /home/airflow/.local/lib/python3.12/site-packages/airflow/example_dags/tutorial.py
[2025-07-01T01:40:24.813+0000] {processor.py:914} INFO - Processing file /home/airflow/.local/lib/python3.12/site-packages/airflow/example_dags/tutorial.py for tasks to queue
[2025-07-01T01:40:24.818+0000] {logging_mixin.py:190} INFO - [2025-07-01T01:40:24.818+0000] {dagbag.py:588} INFO - Filling up the DagBag from /home/airflow/.local/lib/python3.12/site-packages/airflow/example_dags/tutorial.py
[2025-07-01T01:40:24.827+0000] {processor.py:925} INFO - DAG(s) 'tutorial' retrieved from /home/airflow/.local/lib/python3.12/site-packages/airflow/example_dags/tutorial.py
[2025-07-01T01:40:24.847+0000] {logging_mixin.py:190} INFO - [2025-07-01T01:40:24.846+0000] {dag.py:3239} INFO - Sync 1 DAGs
[2025-07-01T01:40:24.869+0000] {logging_mixin.py:190} INFO - [2025-07-01T01:40:24.869+0000] {dag.py:4180} INFO - Setting next_dagrun for tutorial to 2025-06-30 00:00:00+00:00, run_after=2025-07-01 00:00:00+00:00
[2025-07-01T01:40:24.885+0000] {processor.py:208} INFO - Processing /home/airflow/.local/lib/python3.12/site-packages/airflow/example_dags/tutorial.py took 0.080 seconds
[2025-07-01T01:40:55.465+0000] {processor.py:186} INFO - Started process (PID=4208) to work on /home/airflow/.local/lib/python3.12/site-packages/airflow/example_dags/tutorial.py
[2025-07-01T01:40:55.467+0000] {processor.py:914} INFO - Processing file /home/airflow/.local/lib/python3.12/site-packages/airflow/example_dags/tutorial.py for tasks to queue
[2025-07-01T01:40:55.469+0000] {logging_mixin.py:190} INFO - [2025-07-01T01:40:55.469+0000] {dagbag.py:588} INFO - Filling up the DagBag from /home/airflow/.local/lib/python3.12/site-packages/airflow/example_dags/tutorial.py
[2025-07-01T01:40:55.477+0000] {processor.py:925} INFO - DAG(s) 'tutorial' retrieved from /home/airflow/.local/lib/python3.12/site-packages/airflow/example_dags/tutorial.py
[2025-07-01T01:40:55.498+0000] {logging_mixin.py:190} INFO - [2025-07-01T01:40:55.497+0000] {dag.py:3239} INFO - Sync 1 DAGs
[2025-07-01T01:40:55.524+0000] {logging_mixin.py:190} INFO - [2025-07-01T01:40:55.524+0000] {dag.py:4180} INFO - Setting next_dagrun for tutorial to 2025-06-30 00:00:00+00:00, run_after=2025-07-01 00:00:00+00:00
[2025-07-01T01:40:55.545+0000] {processor.py:208} INFO - Processing /home/airflow/.local/lib/python3.12/site-packages/airflow/example_dags/tutorial.py took 0.085 seconds
[2025-07-01T01:41:25.828+0000] {processor.py:186} INFO - Started process (PID=4271) to work on /home/airflow/.local/lib/python3.12/site-packages/airflow/example_dags/tutorial.py
[2025-07-01T01:41:25.829+0000] {processor.py:914} INFO - Processing file /home/airflow/.local/lib/python3.12/site-packages/airflow/example_dags/tutorial.py for tasks to queue
[2025-07-01T01:41:25.832+0000] {logging_mixin.py:190} INFO - [2025-07-01T01:41:25.832+0000] {dagbag.py:588} INFO - Filling up the DagBag from /home/airflow/.local/lib/python3.12/site-packages/airflow/example_dags/tutorial.py
[2025-07-01T01:41:25.840+0000] {processor.py:925} INFO - DAG(s) 'tutorial' retrieved from /home/airflow/.local/lib/python3.12/site-packages/airflow/example_dags/tutorial.py
[2025-07-01T01:41:25.859+0000] {logging_mixin.py:190} INFO - [2025-07-01T01:41:25.859+0000] {dag.py:3239} INFO - Sync 1 DAGs
[2025-07-01T01:41:25.881+0000] {logging_mixin.py:190} INFO - [2025-07-01T01:41:25.881+0000] {dag.py:4180} INFO - Setting next_dagrun for tutorial to 2025-06-30 00:00:00+00:00, run_after=2025-07-01 00:00:00+00:00
[2025-07-01T01:41:25.900+0000] {processor.py:208} INFO - Processing /home/airflow/.local/lib/python3.12/site-packages/airflow/example_dags/tutorial.py took 0.078 seconds
[2025-07-01T01:41:56.814+0000] {processor.py:186} INFO - Started process (PID=4333) to work on /home/airflow/.local/lib/python3.12/site-packages/airflow/example_dags/tutorial.py
[2025-07-01T01:41:56.815+0000] {processor.py:914} INFO - Processing file /home/airflow/.local/lib/python3.12/site-packages/airflow/example_dags/tutorial.py for tasks to queue
[2025-07-01T01:41:56.830+0000] {logging_mixin.py:190} INFO - [2025-07-01T01:41:56.829+0000] {dagbag.py:588} INFO - Filling up the DagBag from /home/airflow/.local/lib/python3.12/site-packages/airflow/example_dags/tutorial.py
[2025-07-01T01:41:56.843+0000] {processor.py:925} INFO - DAG(s) 'tutorial' retrieved from /home/airflow/.local/lib/python3.12/site-packages/airflow/example_dags/tutorial.py
[2025-07-01T01:41:56.873+0000] {logging_mixin.py:190} INFO - [2025-07-01T01:41:56.872+0000] {dag.py:3239} INFO - Sync 1 DAGs
[2025-07-01T01:41:56.923+0000] {logging_mixin.py:190} INFO - [2025-07-01T01:41:56.923+0000] {dag.py:4180} INFO - Setting next_dagrun for tutorial to 2025-06-30 00:00:00+00:00, run_after=2025-07-01 00:00:00+00:00
[2025-07-01T01:41:56.953+0000] {processor.py:208} INFO - Processing /home/airflow/.local/lib/python3.12/site-packages/airflow/example_dags/tutorial.py took 0.147 seconds
[2025-07-01T01:42:27.161+0000] {processor.py:186} INFO - Started process (PID=4400) to work on /home/airflow/.local/lib/python3.12/site-packages/airflow/example_dags/tutorial.py
[2025-07-01T01:42:27.162+0000] {processor.py:914} INFO - Processing file /home/airflow/.local/lib/python3.12/site-packages/airflow/example_dags/tutorial.py for tasks to queue
[2025-07-01T01:42:27.165+0000] {logging_mixin.py:190} INFO - [2025-07-01T01:42:27.164+0000] {dagbag.py:588} INFO - Filling up the DagBag from /home/airflow/.local/lib/python3.12/site-packages/airflow/example_dags/tutorial.py
[2025-07-01T01:42:27.175+0000] {processor.py:925} INFO - DAG(s) 'tutorial' retrieved from /home/airflow/.local/lib/python3.12/site-packages/airflow/example_dags/tutorial.py
[2025-07-01T01:42:27.194+0000] {logging_mixin.py:190} INFO - [2025-07-01T01:42:27.194+0000] {dag.py:3239} INFO - Sync 1 DAGs
[2025-07-01T01:42:27.219+0000] {logging_mixin.py:190} INFO - [2025-07-01T01:42:27.219+0000] {dag.py:4180} INFO - Setting next_dagrun for tutorial to 2025-06-30 00:00:00+00:00, run_after=2025-07-01 00:00:00+00:00
[2025-07-01T01:42:27.237+0000] {processor.py:208} INFO - Processing /home/airflow/.local/lib/python3.12/site-packages/airflow/example_dags/tutorial.py took 0.083 seconds
[2025-07-01T01:42:57.803+0000] {processor.py:186} INFO - Started process (PID=4462) to work on /home/airflow/.local/lib/python3.12/site-packages/airflow/example_dags/tutorial.py
[2025-07-01T01:42:57.804+0000] {processor.py:914} INFO - Processing file /home/airflow/.local/lib/python3.12/site-packages/airflow/example_dags/tutorial.py for tasks to queue
[2025-07-01T01:42:57.808+0000] {logging_mixin.py:190} INFO - [2025-07-01T01:42:57.808+0000] {dagbag.py:588} INFO - Filling up the DagBag from /home/airflow/.local/lib/python3.12/site-packages/airflow/example_dags/tutorial.py
[2025-07-01T01:42:57.818+0000] {processor.py:925} INFO - DAG(s) 'tutorial' retrieved from /home/airflow/.local/lib/python3.12/site-packages/airflow/example_dags/tutorial.py
[2025-07-01T01:42:57.841+0000] {logging_mixin.py:190} INFO - [2025-07-01T01:42:57.841+0000] {dag.py:3239} INFO - Sync 1 DAGs
[2025-07-01T01:42:57.875+0000] {logging_mixin.py:190} INFO - [2025-07-01T01:42:57.874+0000] {dag.py:4180} INFO - Setting next_dagrun for tutorial to 2025-06-30 00:00:00+00:00, run_after=2025-07-01 00:00:00+00:00
[2025-07-01T01:42:57.896+0000] {processor.py:208} INFO - Processing /home/airflow/.local/lib/python3.12/site-packages/airflow/example_dags/tutorial.py took 0.103 seconds
[2025-07-01T01:43:28.480+0000] {processor.py:186} INFO - Started process (PID=4524) to work on /home/airflow/.local/lib/python3.12/site-packages/airflow/example_dags/tutorial.py
[2025-07-01T01:43:28.481+0000] {processor.py:914} INFO - Processing file /home/airflow/.local/lib/python3.12/site-packages/airflow/example_dags/tutorial.py for tasks to queue
[2025-07-01T01:43:28.484+0000] {logging_mixin.py:190} INFO - [2025-07-01T01:43:28.484+0000] {dagbag.py:588} INFO - Filling up the DagBag from /home/airflow/.local/lib/python3.12/site-packages/airflow/example_dags/tutorial.py
[2025-07-01T01:43:28.492+0000] {processor.py:925} INFO - DAG(s) 'tutorial' retrieved from /home/airflow/.local/lib/python3.12/site-packages/airflow/example_dags/tutorial.py
[2025-07-01T01:43:28.513+0000] {logging_mixin.py:190} INFO - [2025-07-01T01:43:28.512+0000] {dag.py:3239} INFO - Sync 1 DAGs
[2025-07-01T01:43:28.538+0000] {logging_mixin.py:190} INFO - [2025-07-01T01:43:28.538+0000] {dag.py:4180} INFO - Setting next_dagrun for tutorial to 2025-06-30 00:00:00+00:00, run_after=2025-07-01 00:00:00+00:00
[2025-07-01T01:43:28.557+0000] {processor.py:208} INFO - Processing /home/airflow/.local/lib/python3.12/site-packages/airflow/example_dags/tutorial.py took 0.084 seconds
[2025-07-01T01:43:59.127+0000] {processor.py:186} INFO - Started process (PID=4586) to work on /home/airflow/.local/lib/python3.12/site-packages/airflow/example_dags/tutorial.py
[2025-07-01T01:43:59.128+0000] {processor.py:914} INFO - Processing file /home/airflow/.local/lib/python3.12/site-packages/airflow/example_dags/tutorial.py for tasks to queue
[2025-07-01T01:43:59.131+0000] {logging_mixin.py:190} INFO - [2025-07-01T01:43:59.131+0000] {dagbag.py:588} INFO - Filling up the DagBag from /home/airflow/.local/lib/python3.12/site-packages/airflow/example_dags/tutorial.py
[2025-07-01T01:43:59.140+0000] {processor.py:925} INFO - DAG(s) 'tutorial' retrieved from /home/airflow/.local/lib/python3.12/site-packages/airflow/example_dags/tutorial.py
[2025-07-01T01:43:59.161+0000] {logging_mixin.py:190} INFO - [2025-07-01T01:43:59.161+0000] {dag.py:3239} INFO - Sync 1 DAGs
[2025-07-01T01:43:59.185+0000] {logging_mixin.py:190} INFO - [2025-07-01T01:43:59.184+0000] {dag.py:4180} INFO - Setting next_dagrun for tutorial to 2025-06-30 00:00:00+00:00, run_after=2025-07-01 00:00:00+00:00
[2025-07-01T01:43:59.203+0000] {processor.py:208} INFO - Processing /home/airflow/.local/lib/python3.12/site-packages/airflow/example_dags/tutorial.py took 0.082 seconds
[2025-07-01T01:44:29.835+0000] {processor.py:186} INFO - Started process (PID=4648) to work on /home/airflow/.local/lib/python3.12/site-packages/airflow/example_dags/tutorial.py
[2025-07-01T01:44:29.836+0000] {processor.py:914} INFO - Processing file /home/airflow/.local/lib/python3.12/site-packages/airflow/example_dags/tutorial.py for tasks to queue
[2025-07-01T01:44:29.839+0000] {logging_mixin.py:190} INFO - [2025-07-01T01:44:29.838+0000] {dagbag.py:588} INFO - Filling up the DagBag from /home/airflow/.local/lib/python3.12/site-packages/airflow/example_dags/tutorial.py
[2025-07-01T01:44:29.847+0000] {processor.py:925} INFO - DAG(s) 'tutorial' retrieved from /home/airflow/.local/lib/python3.12/site-packages/airflow/example_dags/tutorial.py
[2025-07-01T01:44:29.867+0000] {logging_mixin.py:190} INFO - [2025-07-01T01:44:29.867+0000] {dag.py:3239} INFO - Sync 1 DAGs
[2025-07-01T01:44:29.890+0000] {logging_mixin.py:190} INFO - [2025-07-01T01:44:29.890+0000] {dag.py:4180} INFO - Setting next_dagrun for tutorial to 2025-06-30 00:00:00+00:00, run_after=2025-07-01 00:00:00+00:00
[2025-07-01T01:44:29.908+0000] {processor.py:208} INFO - Processing /home/airflow/.local/lib/python3.12/site-packages/airflow/example_dags/tutorial.py took 0.079 seconds
[2025-07-01T01:45:00.542+0000] {processor.py:186} INFO - Started process (PID=4710) to work on /home/airflow/.local/lib/python3.12/site-packages/airflow/example_dags/tutorial.py
[2025-07-01T01:45:00.543+0000] {processor.py:914} INFO - Processing file /home/airflow/.local/lib/python3.12/site-packages/airflow/example_dags/tutorial.py for tasks to queue
[2025-07-01T01:45:00.547+0000] {logging_mixin.py:190} INFO - [2025-07-01T01:45:00.546+0000] {dagbag.py:588} INFO - Filling up the DagBag from /home/airflow/.local/lib/python3.12/site-packages/airflow/example_dags/tutorial.py
[2025-07-01T01:45:00.554+0000] {processor.py:925} INFO - DAG(s) 'tutorial' retrieved from /home/airflow/.local/lib/python3.12/site-packages/airflow/example_dags/tutorial.py
[2025-07-01T01:45:00.574+0000] {logging_mixin.py:190} INFO - [2025-07-01T01:45:00.574+0000] {dag.py:3239} INFO - Sync 1 DAGs
[2025-07-01T01:45:00.599+0000] {logging_mixin.py:190} INFO - [2025-07-01T01:45:00.598+0000] {dag.py:4180} INFO - Setting next_dagrun for tutorial to 2025-06-30 00:00:00+00:00, run_after=2025-07-01 00:00:00+00:00
[2025-07-01T01:45:00.617+0000] {processor.py:208} INFO - Processing /home/airflow/.local/lib/python3.12/site-packages/airflow/example_dags/tutorial.py took 0.080 seconds
[2025-07-01T01:45:31.431+0000] {processor.py:186} INFO - Started process (PID=4772) to work on /home/airflow/.local/lib/python3.12/site-packages/airflow/example_dags/tutorial.py
[2025-07-01T01:45:31.432+0000] {processor.py:914} INFO - Processing file /home/airflow/.local/lib/python3.12/site-packages/airflow/example_dags/tutorial.py for tasks to queue
[2025-07-01T01:45:31.435+0000] {logging_mixin.py:190} INFO - [2025-07-01T01:45:31.435+0000] {dagbag.py:588} INFO - Filling up the DagBag from /home/airflow/.local/lib/python3.12/site-packages/airflow/example_dags/tutorial.py
[2025-07-01T01:45:31.443+0000] {processor.py:925} INFO - DAG(s) 'tutorial' retrieved from /home/airflow/.local/lib/python3.12/site-packages/airflow/example_dags/tutorial.py
[2025-07-01T01:45:31.461+0000] {logging_mixin.py:190} INFO - [2025-07-01T01:45:31.461+0000] {dag.py:3239} INFO - Sync 1 DAGs
[2025-07-01T01:45:31.484+0000] {logging_mixin.py:190} INFO - [2025-07-01T01:45:31.484+0000] {dag.py:4180} INFO - Setting next_dagrun for tutorial to 2025-06-30 00:00:00+00:00, run_after=2025-07-01 00:00:00+00:00
[2025-07-01T01:45:31.504+0000] {processor.py:208} INFO - Processing /home/airflow/.local/lib/python3.12/site-packages/airflow/example_dags/tutorial.py took 0.080 seconds
[2025-07-01T01:46:02.010+0000] {processor.py:186} INFO - Started process (PID=4834) to work on /home/airflow/.local/lib/python3.12/site-packages/airflow/example_dags/tutorial.py
[2025-07-01T01:46:02.011+0000] {processor.py:914} INFO - Processing file /home/airflow/.local/lib/python3.12/site-packages/airflow/example_dags/tutorial.py for tasks to queue
[2025-07-01T01:46:02.014+0000] {logging_mixin.py:190} INFO - [2025-07-01T01:46:02.014+0000] {dagbag.py:588} INFO - Filling up the DagBag from /home/airflow/.local/lib/python3.12/site-packages/airflow/example_dags/tutorial.py
[2025-07-01T01:46:02.022+0000] {processor.py:925} INFO - DAG(s) 'tutorial' retrieved from /home/airflow/.local/lib/python3.12/site-packages/airflow/example_dags/tutorial.py
[2025-07-01T01:46:02.042+0000] {logging_mixin.py:190} INFO - [2025-07-01T01:46:02.042+0000] {dag.py:3239} INFO - Sync 1 DAGs
[2025-07-01T01:46:02.065+0000] {logging_mixin.py:190} INFO - [2025-07-01T01:46:02.065+0000] {dag.py:4180} INFO - Setting next_dagrun for tutorial to 2025-06-30 00:00:00+00:00, run_after=2025-07-01 00:00:00+00:00
[2025-07-01T01:46:02.083+0000] {processor.py:208} INFO - Processing /home/airflow/.local/lib/python3.12/site-packages/airflow/example_dags/tutorial.py took 0.079 seconds
[2025-07-01T01:46:32.544+0000] {processor.py:186} INFO - Started process (PID=4896) to work on /home/airflow/.local/lib/python3.12/site-packages/airflow/example_dags/tutorial.py
[2025-07-01T01:46:32.547+0000] {processor.py:914} INFO - Processing file /home/airflow/.local/lib/python3.12/site-packages/airflow/example_dags/tutorial.py for tasks to queue
[2025-07-01T01:46:32.550+0000] {logging_mixin.py:190} INFO - [2025-07-01T01:46:32.550+0000] {dagbag.py:588} INFO - Filling up the DagBag from /home/airflow/.local/lib/python3.12/site-packages/airflow/example_dags/tutorial.py
[2025-07-01T01:46:32.563+0000] {processor.py:925} INFO - DAG(s) 'tutorial' retrieved from /home/airflow/.local/lib/python3.12/site-packages/airflow/example_dags/tutorial.py
[2025-07-01T01:46:32.582+0000] {logging_mixin.py:190} INFO - [2025-07-01T01:46:32.582+0000] {dag.py:3239} INFO - Sync 1 DAGs
[2025-07-01T01:46:32.605+0000] {logging_mixin.py:190} INFO - [2025-07-01T01:46:32.604+0000] {dag.py:4180} INFO - Setting next_dagrun for tutorial to 2025-06-30 00:00:00+00:00, run_after=2025-07-01 00:00:00+00:00
[2025-07-01T01:46:32.621+0000] {processor.py:208} INFO - Processing /home/airflow/.local/lib/python3.12/site-packages/airflow/example_dags/tutorial.py took 0.083 seconds
[2025-07-01T01:47:03.065+0000] {processor.py:186} INFO - Started process (PID=4958) to work on /home/airflow/.local/lib/python3.12/site-packages/airflow/example_dags/tutorial.py
[2025-07-01T01:47:03.066+0000] {processor.py:914} INFO - Processing file /home/airflow/.local/lib/python3.12/site-packages/airflow/example_dags/tutorial.py for tasks to queue
[2025-07-01T01:47:03.069+0000] {logging_mixin.py:190} INFO - [2025-07-01T01:47:03.069+0000] {dagbag.py:588} INFO - Filling up the DagBag from /home/airflow/.local/lib/python3.12/site-packages/airflow/example_dags/tutorial.py
[2025-07-01T01:47:03.077+0000] {processor.py:925} INFO - DAG(s) 'tutorial' retrieved from /home/airflow/.local/lib/python3.12/site-packages/airflow/example_dags/tutorial.py
[2025-07-01T01:47:03.096+0000] {logging_mixin.py:190} INFO - [2025-07-01T01:47:03.095+0000] {dag.py:3239} INFO - Sync 1 DAGs
[2025-07-01T01:47:03.118+0000] {logging_mixin.py:190} INFO - [2025-07-01T01:47:03.118+0000] {dag.py:4180} INFO - Setting next_dagrun for tutorial to 2025-06-30 00:00:00+00:00, run_after=2025-07-01 00:00:00+00:00
[2025-07-01T01:47:03.135+0000] {processor.py:208} INFO - Processing /home/airflow/.local/lib/python3.12/site-packages/airflow/example_dags/tutorial.py took 0.076 seconds
[2025-07-01T01:47:33.626+0000] {processor.py:186} INFO - Started process (PID=5020) to work on /home/airflow/.local/lib/python3.12/site-packages/airflow/example_dags/tutorial.py
[2025-07-01T01:47:33.627+0000] {processor.py:914} INFO - Processing file /home/airflow/.local/lib/python3.12/site-packages/airflow/example_dags/tutorial.py for tasks to queue
[2025-07-01T01:47:33.631+0000] {logging_mixin.py:190} INFO - [2025-07-01T01:47:33.631+0000] {dagbag.py:588} INFO - Filling up the DagBag from /home/airflow/.local/lib/python3.12/site-packages/airflow/example_dags/tutorial.py
[2025-07-01T01:47:33.642+0000] {processor.py:925} INFO - DAG(s) 'tutorial' retrieved from /home/airflow/.local/lib/python3.12/site-packages/airflow/example_dags/tutorial.py
[2025-07-01T01:47:33.667+0000] {logging_mixin.py:190} INFO - [2025-07-01T01:47:33.667+0000] {dag.py:3239} INFO - Sync 1 DAGs
[2025-07-01T01:47:33.701+0000] {logging_mixin.py:190} INFO - [2025-07-01T01:47:33.701+0000] {dag.py:4180} INFO - Setting next_dagrun for tutorial to 2025-06-30 00:00:00+00:00, run_after=2025-07-01 00:00:00+00:00
[2025-07-01T01:47:33.721+0000] {processor.py:208} INFO - Processing /home/airflow/.local/lib/python3.12/site-packages/airflow/example_dags/tutorial.py took 0.103 seconds
[2025-07-01T01:48:04.663+0000] {processor.py:186} INFO - Started process (PID=5082) to work on /home/airflow/.local/lib/python3.12/site-packages/airflow/example_dags/tutorial.py
[2025-07-01T01:48:04.665+0000] {processor.py:914} INFO - Processing file /home/airflow/.local/lib/python3.12/site-packages/airflow/example_dags/tutorial.py for tasks to queue
[2025-07-01T01:48:04.667+0000] {logging_mixin.py:190} INFO - [2025-07-01T01:48:04.667+0000] {dagbag.py:588} INFO - Filling up the DagBag from /home/airflow/.local/lib/python3.12/site-packages/airflow/example_dags/tutorial.py
[2025-07-01T01:48:04.675+0000] {processor.py:925} INFO - DAG(s) 'tutorial' retrieved from /home/airflow/.local/lib/python3.12/site-packages/airflow/example_dags/tutorial.py
[2025-07-01T01:48:04.698+0000] {logging_mixin.py:190} INFO - [2025-07-01T01:48:04.697+0000] {dag.py:3239} INFO - Sync 1 DAGs
[2025-07-01T01:48:04.724+0000] {logging_mixin.py:190} INFO - [2025-07-01T01:48:04.724+0000] {dag.py:4180} INFO - Setting next_dagrun for tutorial to 2025-06-30 00:00:00+00:00, run_after=2025-07-01 00:00:00+00:00
[2025-07-01T01:48:04.741+0000] {processor.py:208} INFO - Processing /home/airflow/.local/lib/python3.12/site-packages/airflow/example_dags/tutorial.py took 0.084 seconds
[2025-07-01T01:48:35.970+0000] {processor.py:186} INFO - Started process (PID=5144) to work on /home/airflow/.local/lib/python3.12/site-packages/airflow/example_dags/tutorial.py
[2025-07-01T01:48:35.972+0000] {processor.py:914} INFO - Processing file /home/airflow/.local/lib/python3.12/site-packages/airflow/example_dags/tutorial.py for tasks to queue
[2025-07-01T01:48:35.975+0000] {logging_mixin.py:190} INFO - [2025-07-01T01:48:35.975+0000] {dagbag.py:588} INFO - Filling up the DagBag from /home/airflow/.local/lib/python3.12/site-packages/airflow/example_dags/tutorial.py
[2025-07-01T01:48:35.985+0000] {processor.py:925} INFO - DAG(s) 'tutorial' retrieved from /home/airflow/.local/lib/python3.12/site-packages/airflow/example_dags/tutorial.py
[2025-07-01T01:48:36.011+0000] {logging_mixin.py:190} INFO - [2025-07-01T01:48:36.011+0000] {dag.py:3239} INFO - Sync 1 DAGs
[2025-07-01T01:48:36.043+0000] {logging_mixin.py:190} INFO - [2025-07-01T01:48:36.043+0000] {dag.py:4180} INFO - Setting next_dagrun for tutorial to 2025-06-30 00:00:00+00:00, run_after=2025-07-01 00:00:00+00:00
[2025-07-01T01:48:36.062+0000] {processor.py:208} INFO - Processing /home/airflow/.local/lib/python3.12/site-packages/airflow/example_dags/tutorial.py took 0.099 seconds
[2025-07-01T01:49:06.961+0000] {processor.py:186} INFO - Started process (PID=5207) to work on /home/airflow/.local/lib/python3.12/site-packages/airflow/example_dags/tutorial.py
[2025-07-01T01:49:06.962+0000] {processor.py:914} INFO - Processing file /home/airflow/.local/lib/python3.12/site-packages/airflow/example_dags/tutorial.py for tasks to queue
[2025-07-01T01:49:06.965+0000] {logging_mixin.py:190} INFO - [2025-07-01T01:49:06.964+0000] {dagbag.py:588} INFO - Filling up the DagBag from /home/airflow/.local/lib/python3.12/site-packages/airflow/example_dags/tutorial.py
[2025-07-01T01:49:06.973+0000] {processor.py:925} INFO - DAG(s) 'tutorial' retrieved from /home/airflow/.local/lib/python3.12/site-packages/airflow/example_dags/tutorial.py
[2025-07-01T01:49:06.995+0000] {logging_mixin.py:190} INFO - [2025-07-01T01:49:06.994+0000] {dag.py:3239} INFO - Sync 1 DAGs
[2025-07-01T01:49:07.021+0000] {logging_mixin.py:190} INFO - [2025-07-01T01:49:07.021+0000] {dag.py:4180} INFO - Setting next_dagrun for tutorial to 2025-06-30 00:00:00+00:00, run_after=2025-07-01 00:00:00+00:00
[2025-07-01T01:49:07.045+0000] {processor.py:208} INFO - Processing /home/airflow/.local/lib/python3.12/site-packages/airflow/example_dags/tutorial.py took 0.090 seconds
[2025-07-01T01:49:37.602+0000] {processor.py:186} INFO - Started process (PID=5269) to work on /home/airflow/.local/lib/python3.12/site-packages/airflow/example_dags/tutorial.py
[2025-07-01T01:49:37.603+0000] {processor.py:914} INFO - Processing file /home/airflow/.local/lib/python3.12/site-packages/airflow/example_dags/tutorial.py for tasks to queue
[2025-07-01T01:49:37.606+0000] {logging_mixin.py:190} INFO - [2025-07-01T01:49:37.605+0000] {dagbag.py:588} INFO - Filling up the DagBag from /home/airflow/.local/lib/python3.12/site-packages/airflow/example_dags/tutorial.py
[2025-07-01T01:49:37.614+0000] {processor.py:925} INFO - DAG(s) 'tutorial' retrieved from /home/airflow/.local/lib/python3.12/site-packages/airflow/example_dags/tutorial.py
[2025-07-01T01:49:37.634+0000] {logging_mixin.py:190} INFO - [2025-07-01T01:49:37.633+0000] {dag.py:3239} INFO - Sync 1 DAGs
[2025-07-01T01:49:37.657+0000] {logging_mixin.py:190} INFO - [2025-07-01T01:49:37.657+0000] {dag.py:4180} INFO - Setting next_dagrun for tutorial to 2025-06-30 00:00:00+00:00, run_after=2025-07-01 00:00:00+00:00
[2025-07-01T01:49:37.674+0000] {processor.py:208} INFO - Processing /home/airflow/.local/lib/python3.12/site-packages/airflow/example_dags/tutorial.py took 0.078 seconds
[2025-07-01T01:50:09.111+0000] {processor.py:186} INFO - Started process (PID=5331) to work on /home/airflow/.local/lib/python3.12/site-packages/airflow/example_dags/tutorial.py
[2025-07-01T01:50:09.114+0000] {processor.py:914} INFO - Processing file /home/airflow/.local/lib/python3.12/site-packages/airflow/example_dags/tutorial.py for tasks to queue
[2025-07-01T01:50:09.124+0000] {logging_mixin.py:190} INFO - [2025-07-01T01:50:09.123+0000] {dagbag.py:588} INFO - Filling up the DagBag from /home/airflow/.local/lib/python3.12/site-packages/airflow/example_dags/tutorial.py
[2025-07-01T01:50:09.134+0000] {processor.py:925} INFO - DAG(s) 'tutorial' retrieved from /home/airflow/.local/lib/python3.12/site-packages/airflow/example_dags/tutorial.py
[2025-07-01T01:50:09.155+0000] {logging_mixin.py:190} INFO - [2025-07-01T01:50:09.155+0000] {dag.py:3239} INFO - Sync 1 DAGs
[2025-07-01T01:50:09.183+0000] {logging_mixin.py:190} INFO - [2025-07-01T01:50:09.183+0000] {dag.py:4180} INFO - Setting next_dagrun for tutorial to 2025-06-30 00:00:00+00:00, run_after=2025-07-01 00:00:00+00:00
[2025-07-01T01:50:09.202+0000] {processor.py:208} INFO - Processing /home/airflow/.local/lib/python3.12/site-packages/airflow/example_dags/tutorial.py took 0.100 seconds
[2025-07-01T01:50:40.049+0000] {processor.py:186} INFO - Started process (PID=5393) to work on /home/airflow/.local/lib/python3.12/site-packages/airflow/example_dags/tutorial.py
[2025-07-01T01:50:40.050+0000] {processor.py:914} INFO - Processing file /home/airflow/.local/lib/python3.12/site-packages/airflow/example_dags/tutorial.py for tasks to queue
[2025-07-01T01:50:40.054+0000] {logging_mixin.py:190} INFO - [2025-07-01T01:50:40.054+0000] {dagbag.py:588} INFO - Filling up the DagBag from /home/airflow/.local/lib/python3.12/site-packages/airflow/example_dags/tutorial.py
[2025-07-01T01:50:40.066+0000] {processor.py:925} INFO - DAG(s) 'tutorial' retrieved from /home/airflow/.local/lib/python3.12/site-packages/airflow/example_dags/tutorial.py
[2025-07-01T01:50:40.100+0000] {logging_mixin.py:190} INFO - [2025-07-01T01:50:40.100+0000] {dag.py:3239} INFO - Sync 1 DAGs
[2025-07-01T01:50:40.154+0000] {logging_mixin.py:190} INFO - [2025-07-01T01:50:40.154+0000] {dag.py:4180} INFO - Setting next_dagrun for tutorial to 2025-06-30 00:00:00+00:00, run_after=2025-07-01 00:00:00+00:00
[2025-07-01T01:50:40.194+0000] {processor.py:208} INFO - Processing /home/airflow/.local/lib/python3.12/site-packages/airflow/example_dags/tutorial.py took 0.153 seconds
[2025-07-01T01:51:10.537+0000] {processor.py:186} INFO - Started process (PID=5455) to work on /home/airflow/.local/lib/python3.12/site-packages/airflow/example_dags/tutorial.py
[2025-07-01T01:51:10.539+0000] {processor.py:914} INFO - Processing file /home/airflow/.local/lib/python3.12/site-packages/airflow/example_dags/tutorial.py for tasks to queue
[2025-07-01T01:51:10.544+0000] {logging_mixin.py:190} INFO - [2025-07-01T01:51:10.543+0000] {dagbag.py:588} INFO - Filling up the DagBag from /home/airflow/.local/lib/python3.12/site-packages/airflow/example_dags/tutorial.py
[2025-07-01T01:51:10.554+0000] {processor.py:925} INFO - DAG(s) 'tutorial' retrieved from /home/airflow/.local/lib/python3.12/site-packages/airflow/example_dags/tutorial.py
[2025-07-01T01:51:10.579+0000] {logging_mixin.py:190} INFO - [2025-07-01T01:51:10.579+0000] {dag.py:3239} INFO - Sync 1 DAGs
[2025-07-01T01:51:10.607+0000] {logging_mixin.py:190} INFO - [2025-07-01T01:51:10.607+0000] {dag.py:4180} INFO - Setting next_dagrun for tutorial to 2025-06-30 00:00:00+00:00, run_after=2025-07-01 00:00:00+00:00
[2025-07-01T01:51:10.655+0000] {processor.py:208} INFO - Processing /home/airflow/.local/lib/python3.12/site-packages/airflow/example_dags/tutorial.py took 0.129 seconds
[2025-07-01T01:51:41.571+0000] {processor.py:186} INFO - Started process (PID=5517) to work on /home/airflow/.local/lib/python3.12/site-packages/airflow/example_dags/tutorial.py
[2025-07-01T01:51:41.572+0000] {processor.py:914} INFO - Processing file /home/airflow/.local/lib/python3.12/site-packages/airflow/example_dags/tutorial.py for tasks to queue
[2025-07-01T01:51:41.575+0000] {logging_mixin.py:190} INFO - [2025-07-01T01:51:41.575+0000] {dagbag.py:588} INFO - Filling up the DagBag from /home/airflow/.local/lib/python3.12/site-packages/airflow/example_dags/tutorial.py
[2025-07-01T01:51:41.584+0000] {processor.py:925} INFO - DAG(s) 'tutorial' retrieved from /home/airflow/.local/lib/python3.12/site-packages/airflow/example_dags/tutorial.py
[2025-07-01T01:51:41.607+0000] {logging_mixin.py:190} INFO - [2025-07-01T01:51:41.606+0000] {dag.py:3239} INFO - Sync 1 DAGs
[2025-07-01T01:51:41.629+0000] {logging_mixin.py:190} INFO - [2025-07-01T01:51:41.629+0000] {dag.py:4180} INFO - Setting next_dagrun for tutorial to 2025-06-30 00:00:00+00:00, run_after=2025-07-01 00:00:00+00:00
[2025-07-01T01:51:41.650+0000] {processor.py:208} INFO - Processing /home/airflow/.local/lib/python3.12/site-packages/airflow/example_dags/tutorial.py took 0.086 seconds
[2025-07-01T01:52:12.609+0000] {processor.py:186} INFO - Started process (PID=5579) to work on /home/airflow/.local/lib/python3.12/site-packages/airflow/example_dags/tutorial.py
[2025-07-01T01:52:12.610+0000] {processor.py:914} INFO - Processing file /home/airflow/.local/lib/python3.12/site-packages/airflow/example_dags/tutorial.py for tasks to queue
[2025-07-01T01:52:12.612+0000] {logging_mixin.py:190} INFO - [2025-07-01T01:52:12.612+0000] {dagbag.py:588} INFO - Filling up the DagBag from /home/airflow/.local/lib/python3.12/site-packages/airflow/example_dags/tutorial.py
[2025-07-01T01:52:12.621+0000] {processor.py:925} INFO - DAG(s) 'tutorial' retrieved from /home/airflow/.local/lib/python3.12/site-packages/airflow/example_dags/tutorial.py
[2025-07-01T01:52:12.641+0000] {logging_mixin.py:190} INFO - [2025-07-01T01:52:12.641+0000] {dag.py:3239} INFO - Sync 1 DAGs
[2025-07-01T01:52:12.664+0000] {logging_mixin.py:190} INFO - [2025-07-01T01:52:12.664+0000] {dag.py:4180} INFO - Setting next_dagrun for tutorial to 2025-06-30 00:00:00+00:00, run_after=2025-07-01 00:00:00+00:00
[2025-07-01T01:52:12.683+0000] {processor.py:208} INFO - Processing /home/airflow/.local/lib/python3.12/site-packages/airflow/example_dags/tutorial.py took 0.081 seconds
[2025-07-01T01:52:42.768+0000] {processor.py:186} INFO - Started process (PID=5641) to work on /home/airflow/.local/lib/python3.12/site-packages/airflow/example_dags/tutorial.py
[2025-07-01T01:52:42.769+0000] {processor.py:914} INFO - Processing file /home/airflow/.local/lib/python3.12/site-packages/airflow/example_dags/tutorial.py for tasks to queue
[2025-07-01T01:52:42.774+0000] {logging_mixin.py:190} INFO - [2025-07-01T01:52:42.773+0000] {dagbag.py:588} INFO - Filling up the DagBag from /home/airflow/.local/lib/python3.12/site-packages/airflow/example_dags/tutorial.py
[2025-07-01T01:52:42.782+0000] {processor.py:925} INFO - DAG(s) 'tutorial' retrieved from /home/airflow/.local/lib/python3.12/site-packages/airflow/example_dags/tutorial.py
[2025-07-01T01:52:42.803+0000] {logging_mixin.py:190} INFO - [2025-07-01T01:52:42.803+0000] {dag.py:3239} INFO - Sync 1 DAGs
[2025-07-01T01:52:42.829+0000] {logging_mixin.py:190} INFO - [2025-07-01T01:52:42.828+0000] {dag.py:4180} INFO - Setting next_dagrun for tutorial to 2025-06-30 00:00:00+00:00, run_after=2025-07-01 00:00:00+00:00
[2025-07-01T01:52:42.849+0000] {processor.py:208} INFO - Processing /home/airflow/.local/lib/python3.12/site-packages/airflow/example_dags/tutorial.py took 0.087 seconds
[2025-07-01T01:53:13.229+0000] {processor.py:186} INFO - Started process (PID=5703) to work on /home/airflow/.local/lib/python3.12/site-packages/airflow/example_dags/tutorial.py
[2025-07-01T01:53:13.230+0000] {processor.py:914} INFO - Processing file /home/airflow/.local/lib/python3.12/site-packages/airflow/example_dags/tutorial.py for tasks to queue
[2025-07-01T01:53:13.233+0000] {logging_mixin.py:190} INFO - [2025-07-01T01:53:13.233+0000] {dagbag.py:588} INFO - Filling up the DagBag from /home/airflow/.local/lib/python3.12/site-packages/airflow/example_dags/tutorial.py
[2025-07-01T01:53:13.244+0000] {processor.py:925} INFO - DAG(s) 'tutorial' retrieved from /home/airflow/.local/lib/python3.12/site-packages/airflow/example_dags/tutorial.py
[2025-07-01T01:53:13.265+0000] {logging_mixin.py:190} INFO - [2025-07-01T01:53:13.264+0000] {dag.py:3239} INFO - Sync 1 DAGs
[2025-07-01T01:53:13.290+0000] {logging_mixin.py:190} INFO - [2025-07-01T01:53:13.290+0000] {dag.py:4180} INFO - Setting next_dagrun for tutorial to 2025-06-30 00:00:00+00:00, run_after=2025-07-01 00:00:00+00:00
[2025-07-01T01:53:13.308+0000] {processor.py:208} INFO - Processing /home/airflow/.local/lib/python3.12/site-packages/airflow/example_dags/tutorial.py took 0.088 seconds
[2025-07-01T01:53:43.551+0000] {processor.py:186} INFO - Started process (PID=5765) to work on /home/airflow/.local/lib/python3.12/site-packages/airflow/example_dags/tutorial.py
[2025-07-01T01:53:43.553+0000] {processor.py:914} INFO - Processing file /home/airflow/.local/lib/python3.12/site-packages/airflow/example_dags/tutorial.py for tasks to queue
[2025-07-01T01:53:43.555+0000] {logging_mixin.py:190} INFO - [2025-07-01T01:53:43.555+0000] {dagbag.py:588} INFO - Filling up the DagBag from /home/airflow/.local/lib/python3.12/site-packages/airflow/example_dags/tutorial.py
[2025-07-01T01:53:43.563+0000] {processor.py:925} INFO - DAG(s) 'tutorial' retrieved from /home/airflow/.local/lib/python3.12/site-packages/airflow/example_dags/tutorial.py
[2025-07-01T01:53:43.582+0000] {logging_mixin.py:190} INFO - [2025-07-01T01:53:43.582+0000] {dag.py:3239} INFO - Sync 1 DAGs
[2025-07-01T01:53:43.605+0000] {logging_mixin.py:190} INFO - [2025-07-01T01:53:43.605+0000] {dag.py:4180} INFO - Setting next_dagrun for tutorial to 2025-06-30 00:00:00+00:00, run_after=2025-07-01 00:00:00+00:00
[2025-07-01T01:53:43.623+0000] {processor.py:208} INFO - Processing /home/airflow/.local/lib/python3.12/site-packages/airflow/example_dags/tutorial.py took 0.078 seconds
[2025-07-01T01:54:13.869+0000] {processor.py:186} INFO - Started process (PID=5827) to work on /home/airflow/.local/lib/python3.12/site-packages/airflow/example_dags/tutorial.py
[2025-07-01T01:54:13.870+0000] {processor.py:914} INFO - Processing file /home/airflow/.local/lib/python3.12/site-packages/airflow/example_dags/tutorial.py for tasks to queue
[2025-07-01T01:54:13.873+0000] {logging_mixin.py:190} INFO - [2025-07-01T01:54:13.873+0000] {dagbag.py:588} INFO - Filling up the DagBag from /home/airflow/.local/lib/python3.12/site-packages/airflow/example_dags/tutorial.py
[2025-07-01T01:54:13.884+0000] {processor.py:925} INFO - DAG(s) 'tutorial' retrieved from /home/airflow/.local/lib/python3.12/site-packages/airflow/example_dags/tutorial.py
[2025-07-01T01:54:13.909+0000] {logging_mixin.py:190} INFO - [2025-07-01T01:54:13.909+0000] {dag.py:3239} INFO - Sync 1 DAGs
[2025-07-01T01:54:13.940+0000] {logging_mixin.py:190} INFO - [2025-07-01T01:54:13.940+0000] {dag.py:4180} INFO - Setting next_dagrun for tutorial to 2025-06-30 00:00:00+00:00, run_after=2025-07-01 00:00:00+00:00
[2025-07-01T01:54:13.969+0000] {processor.py:208} INFO - Processing /home/airflow/.local/lib/python3.12/site-packages/airflow/example_dags/tutorial.py took 0.106 seconds
[2025-07-01T01:54:44.921+0000] {processor.py:186} INFO - Started process (PID=5889) to work on /home/airflow/.local/lib/python3.12/site-packages/airflow/example_dags/tutorial.py
[2025-07-01T01:54:44.922+0000] {processor.py:914} INFO - Processing file /home/airflow/.local/lib/python3.12/site-packages/airflow/example_dags/tutorial.py for tasks to queue
[2025-07-01T01:54:44.925+0000] {logging_mixin.py:190} INFO - [2025-07-01T01:54:44.925+0000] {dagbag.py:588} INFO - Filling up the DagBag from /home/airflow/.local/lib/python3.12/site-packages/airflow/example_dags/tutorial.py
[2025-07-01T01:54:44.934+0000] {processor.py:925} INFO - DAG(s) 'tutorial' retrieved from /home/airflow/.local/lib/python3.12/site-packages/airflow/example_dags/tutorial.py
[2025-07-01T01:54:44.955+0000] {logging_mixin.py:190} INFO - [2025-07-01T01:54:44.955+0000] {dag.py:3239} INFO - Sync 1 DAGs
[2025-07-01T01:54:44.978+0000] {logging_mixin.py:190} INFO - [2025-07-01T01:54:44.977+0000] {dag.py:4180} INFO - Setting next_dagrun for tutorial to 2025-06-30 00:00:00+00:00, run_after=2025-07-01 00:00:00+00:00
[2025-07-01T01:54:44.998+0000] {processor.py:208} INFO - Processing /home/airflow/.local/lib/python3.12/site-packages/airflow/example_dags/tutorial.py took 0.083 seconds
[2025-07-01T01:55:16.076+0000] {processor.py:186} INFO - Started process (PID=5951) to work on /home/airflow/.local/lib/python3.12/site-packages/airflow/example_dags/tutorial.py
[2025-07-01T01:55:16.077+0000] {processor.py:914} INFO - Processing file /home/airflow/.local/lib/python3.12/site-packages/airflow/example_dags/tutorial.py for tasks to queue
[2025-07-01T01:55:16.080+0000] {logging_mixin.py:190} INFO - [2025-07-01T01:55:16.080+0000] {dagbag.py:588} INFO - Filling up the DagBag from /home/airflow/.local/lib/python3.12/site-packages/airflow/example_dags/tutorial.py
[2025-07-01T01:55:16.088+0000] {processor.py:925} INFO - DAG(s) 'tutorial' retrieved from /home/airflow/.local/lib/python3.12/site-packages/airflow/example_dags/tutorial.py
[2025-07-01T01:55:16.108+0000] {logging_mixin.py:190} INFO - [2025-07-01T01:55:16.108+0000] {dag.py:3239} INFO - Sync 1 DAGs
[2025-07-01T01:55:16.132+0000] {logging_mixin.py:190} INFO - [2025-07-01T01:55:16.132+0000] {dag.py:4180} INFO - Setting next_dagrun for tutorial to 2025-06-30 00:00:00+00:00, run_after=2025-07-01 00:00:00+00:00
[2025-07-01T01:55:16.149+0000] {processor.py:208} INFO - Processing /home/airflow/.local/lib/python3.12/site-packages/airflow/example_dags/tutorial.py took 0.079 seconds
[2025-07-01T01:55:46.893+0000] {processor.py:186} INFO - Started process (PID=6013) to work on /home/airflow/.local/lib/python3.12/site-packages/airflow/example_dags/tutorial.py
[2025-07-01T01:55:46.894+0000] {processor.py:914} INFO - Processing file /home/airflow/.local/lib/python3.12/site-packages/airflow/example_dags/tutorial.py for tasks to queue
[2025-07-01T01:55:46.899+0000] {logging_mixin.py:190} INFO - [2025-07-01T01:55:46.898+0000] {dagbag.py:588} INFO - Filling up the DagBag from /home/airflow/.local/lib/python3.12/site-packages/airflow/example_dags/tutorial.py
[2025-07-01T01:55:46.909+0000] {processor.py:925} INFO - DAG(s) 'tutorial' retrieved from /home/airflow/.local/lib/python3.12/site-packages/airflow/example_dags/tutorial.py
[2025-07-01T01:55:46.934+0000] {logging_mixin.py:190} INFO - [2025-07-01T01:55:46.934+0000] {dag.py:3239} INFO - Sync 1 DAGs
[2025-07-01T01:55:46.968+0000] {logging_mixin.py:190} INFO - [2025-07-01T01:55:46.967+0000] {dag.py:4180} INFO - Setting next_dagrun for tutorial to 2025-06-30 00:00:00+00:00, run_after=2025-07-01 00:00:00+00:00
[2025-07-01T01:55:46.994+0000] {processor.py:208} INFO - Processing /home/airflow/.local/lib/python3.12/site-packages/airflow/example_dags/tutorial.py took 0.108 seconds
[2025-07-01T01:56:17.787+0000] {processor.py:186} INFO - Started process (PID=6075) to work on /home/airflow/.local/lib/python3.12/site-packages/airflow/example_dags/tutorial.py
[2025-07-01T01:56:17.788+0000] {processor.py:914} INFO - Processing file /home/airflow/.local/lib/python3.12/site-packages/airflow/example_dags/tutorial.py for tasks to queue
[2025-07-01T01:56:17.791+0000] {logging_mixin.py:190} INFO - [2025-07-01T01:56:17.791+0000] {dagbag.py:588} INFO - Filling up the DagBag from /home/airflow/.local/lib/python3.12/site-packages/airflow/example_dags/tutorial.py
[2025-07-01T01:56:17.801+0000] {processor.py:925} INFO - DAG(s) 'tutorial' retrieved from /home/airflow/.local/lib/python3.12/site-packages/airflow/example_dags/tutorial.py
[2025-07-01T01:56:17.824+0000] {logging_mixin.py:190} INFO - [2025-07-01T01:56:17.824+0000] {dag.py:3239} INFO - Sync 1 DAGs
[2025-07-01T01:56:17.850+0000] {logging_mixin.py:190} INFO - [2025-07-01T01:56:17.849+0000] {dag.py:4180} INFO - Setting next_dagrun for tutorial to 2025-06-30 00:00:00+00:00, run_after=2025-07-01 00:00:00+00:00
[2025-07-01T01:56:17.868+0000] {processor.py:208} INFO - Processing /home/airflow/.local/lib/python3.12/site-packages/airflow/example_dags/tutorial.py took 0.089 seconds
[2025-07-01T01:56:48.853+0000] {processor.py:186} INFO - Started process (PID=6137) to work on /home/airflow/.local/lib/python3.12/site-packages/airflow/example_dags/tutorial.py
[2025-07-01T01:56:48.854+0000] {processor.py:914} INFO - Processing file /home/airflow/.local/lib/python3.12/site-packages/airflow/example_dags/tutorial.py for tasks to queue
[2025-07-01T01:56:48.859+0000] {logging_mixin.py:190} INFO - [2025-07-01T01:56:48.858+0000] {dagbag.py:588} INFO - Filling up the DagBag from /home/airflow/.local/lib/python3.12/site-packages/airflow/example_dags/tutorial.py
[2025-07-01T01:56:48.868+0000] {processor.py:925} INFO - DAG(s) 'tutorial' retrieved from /home/airflow/.local/lib/python3.12/site-packages/airflow/example_dags/tutorial.py
[2025-07-01T01:56:48.888+0000] {logging_mixin.py:190} INFO - [2025-07-01T01:56:48.888+0000] {dag.py:3239} INFO - Sync 1 DAGs
[2025-07-01T01:56:48.912+0000] {logging_mixin.py:190} INFO - [2025-07-01T01:56:48.912+0000] {dag.py:4180} INFO - Setting next_dagrun for tutorial to 2025-06-30 00:00:00+00:00, run_after=2025-07-01 00:00:00+00:00
[2025-07-01T01:56:48.930+0000] {processor.py:208} INFO - Processing /home/airflow/.local/lib/python3.12/site-packages/airflow/example_dags/tutorial.py took 0.089 seconds
[2025-07-01T01:57:19.084+0000] {processor.py:186} INFO - Started process (PID=6199) to work on /home/airflow/.local/lib/python3.12/site-packages/airflow/example_dags/tutorial.py
[2025-07-01T01:57:19.085+0000] {processor.py:914} INFO - Processing file /home/airflow/.local/lib/python3.12/site-packages/airflow/example_dags/tutorial.py for tasks to queue
[2025-07-01T01:57:19.089+0000] {logging_mixin.py:190} INFO - [2025-07-01T01:57:19.089+0000] {dagbag.py:588} INFO - Filling up the DagBag from /home/airflow/.local/lib/python3.12/site-packages/airflow/example_dags/tutorial.py
[2025-07-01T01:57:19.097+0000] {processor.py:925} INFO - DAG(s) 'tutorial' retrieved from /home/airflow/.local/lib/python3.12/site-packages/airflow/example_dags/tutorial.py
[2025-07-01T01:57:19.119+0000] {logging_mixin.py:190} INFO - [2025-07-01T01:57:19.118+0000] {dag.py:3239} INFO - Sync 1 DAGs
[2025-07-01T01:57:19.145+0000] {logging_mixin.py:190} INFO - [2025-07-01T01:57:19.145+0000] {dag.py:4180} INFO - Setting next_dagrun for tutorial to 2025-06-30 00:00:00+00:00, run_after=2025-07-01 00:00:00+00:00
[2025-07-01T01:57:19.164+0000] {processor.py:208} INFO - Processing /home/airflow/.local/lib/python3.12/site-packages/airflow/example_dags/tutorial.py took 0.086 seconds
[2025-07-01T01:57:50.230+0000] {processor.py:186} INFO - Started process (PID=6261) to work on /home/airflow/.local/lib/python3.12/site-packages/airflow/example_dags/tutorial.py
[2025-07-01T01:57:50.231+0000] {processor.py:914} INFO - Processing file /home/airflow/.local/lib/python3.12/site-packages/airflow/example_dags/tutorial.py for tasks to queue
[2025-07-01T01:57:50.234+0000] {logging_mixin.py:190} INFO - [2025-07-01T01:57:50.233+0000] {dagbag.py:588} INFO - Filling up the DagBag from /home/airflow/.local/lib/python3.12/site-packages/airflow/example_dags/tutorial.py
[2025-07-01T01:57:50.242+0000] {processor.py:925} INFO - DAG(s) 'tutorial' retrieved from /home/airflow/.local/lib/python3.12/site-packages/airflow/example_dags/tutorial.py
[2025-07-01T01:57:50.262+0000] {logging_mixin.py:190} INFO - [2025-07-01T01:57:50.261+0000] {dag.py:3239} INFO - Sync 1 DAGs
[2025-07-01T01:57:50.284+0000] {logging_mixin.py:190} INFO - [2025-07-01T01:57:50.284+0000] {dag.py:4180} INFO - Setting next_dagrun for tutorial to 2025-06-30 00:00:00+00:00, run_after=2025-07-01 00:00:00+00:00
[2025-07-01T01:57:50.302+0000] {processor.py:208} INFO - Processing /home/airflow/.local/lib/python3.12/site-packages/airflow/example_dags/tutorial.py took 0.079 seconds
[2025-07-01T01:58:21.065+0000] {processor.py:186} INFO - Started process (PID=6324) to work on /home/airflow/.local/lib/python3.12/site-packages/airflow/example_dags/tutorial.py
[2025-07-01T01:58:21.066+0000] {processor.py:914} INFO - Processing file /home/airflow/.local/lib/python3.12/site-packages/airflow/example_dags/tutorial.py for tasks to queue
[2025-07-01T01:58:21.068+0000] {logging_mixin.py:190} INFO - [2025-07-01T01:58:21.068+0000] {dagbag.py:588} INFO - Filling up the DagBag from /home/airflow/.local/lib/python3.12/site-packages/airflow/example_dags/tutorial.py
[2025-07-01T01:58:21.076+0000] {processor.py:925} INFO - DAG(s) 'tutorial' retrieved from /home/airflow/.local/lib/python3.12/site-packages/airflow/example_dags/tutorial.py
[2025-07-01T01:58:21.097+0000] {logging_mixin.py:190} INFO - [2025-07-01T01:58:21.097+0000] {dag.py:3239} INFO - Sync 1 DAGs
[2025-07-01T01:58:21.119+0000] {logging_mixin.py:190} INFO - [2025-07-01T01:58:21.119+0000] {dag.py:4180} INFO - Setting next_dagrun for tutorial to 2025-06-30 00:00:00+00:00, run_after=2025-07-01 00:00:00+00:00
[2025-07-01T01:58:21.136+0000] {processor.py:208} INFO - Processing /home/airflow/.local/lib/python3.12/site-packages/airflow/example_dags/tutorial.py took 0.078 seconds
[2025-07-01T01:58:51.755+0000] {processor.py:186} INFO - Started process (PID=6386) to work on /home/airflow/.local/lib/python3.12/site-packages/airflow/example_dags/tutorial.py
[2025-07-01T01:58:51.756+0000] {processor.py:914} INFO - Processing file /home/airflow/.local/lib/python3.12/site-packages/airflow/example_dags/tutorial.py for tasks to queue
[2025-07-01T01:58:51.759+0000] {logging_mixin.py:190} INFO - [2025-07-01T01:58:51.759+0000] {dagbag.py:588} INFO - Filling up the DagBag from /home/airflow/.local/lib/python3.12/site-packages/airflow/example_dags/tutorial.py
[2025-07-01T01:58:51.768+0000] {processor.py:925} INFO - DAG(s) 'tutorial' retrieved from /home/airflow/.local/lib/python3.12/site-packages/airflow/example_dags/tutorial.py
[2025-07-01T01:58:51.789+0000] {logging_mixin.py:190} INFO - [2025-07-01T01:58:51.789+0000] {dag.py:3239} INFO - Sync 1 DAGs
[2025-07-01T01:58:51.814+0000] {logging_mixin.py:190} INFO - [2025-07-01T01:58:51.814+0000] {dag.py:4180} INFO - Setting next_dagrun for tutorial to 2025-06-30 00:00:00+00:00, run_after=2025-07-01 00:00:00+00:00
[2025-07-01T01:58:51.834+0000] {processor.py:208} INFO - Processing /home/airflow/.local/lib/python3.12/site-packages/airflow/example_dags/tutorial.py took 0.085 seconds
[2025-07-01T01:59:22.424+0000] {processor.py:186} INFO - Started process (PID=6448) to work on /home/airflow/.local/lib/python3.12/site-packages/airflow/example_dags/tutorial.py
[2025-07-01T01:59:22.425+0000] {processor.py:914} INFO - Processing file /home/airflow/.local/lib/python3.12/site-packages/airflow/example_dags/tutorial.py for tasks to queue
[2025-07-01T01:59:22.428+0000] {logging_mixin.py:190} INFO - [2025-07-01T01:59:22.428+0000] {dagbag.py:588} INFO - Filling up the DagBag from /home/airflow/.local/lib/python3.12/site-packages/airflow/example_dags/tutorial.py
[2025-07-01T01:59:22.436+0000] {processor.py:925} INFO - DAG(s) 'tutorial' retrieved from /home/airflow/.local/lib/python3.12/site-packages/airflow/example_dags/tutorial.py
[2025-07-01T01:59:22.460+0000] {logging_mixin.py:190} INFO - [2025-07-01T01:59:22.459+0000] {dag.py:3239} INFO - Sync 1 DAGs
[2025-07-01T01:59:22.481+0000] {logging_mixin.py:190} INFO - [2025-07-01T01:59:22.481+0000] {dag.py:4180} INFO - Setting next_dagrun for tutorial to 2025-06-30 00:00:00+00:00, run_after=2025-07-01 00:00:00+00:00
[2025-07-01T01:59:22.500+0000] {processor.py:208} INFO - Processing /home/airflow/.local/lib/python3.12/site-packages/airflow/example_dags/tutorial.py took 0.085 seconds
[2025-07-01T01:59:53.581+0000] {processor.py:186} INFO - Started process (PID=6512) to work on /home/airflow/.local/lib/python3.12/site-packages/airflow/example_dags/tutorial.py
[2025-07-01T01:59:53.582+0000] {processor.py:914} INFO - Processing file /home/airflow/.local/lib/python3.12/site-packages/airflow/example_dags/tutorial.py for tasks to queue
[2025-07-01T01:59:53.584+0000] {logging_mixin.py:190} INFO - [2025-07-01T01:59:53.584+0000] {dagbag.py:588} INFO - Filling up the DagBag from /home/airflow/.local/lib/python3.12/site-packages/airflow/example_dags/tutorial.py
[2025-07-01T01:59:53.592+0000] {processor.py:925} INFO - DAG(s) 'tutorial' retrieved from /home/airflow/.local/lib/python3.12/site-packages/airflow/example_dags/tutorial.py
[2025-07-01T01:59:53.611+0000] {logging_mixin.py:190} INFO - [2025-07-01T01:59:53.611+0000] {dag.py:3239} INFO - Sync 1 DAGs
[2025-07-01T01:59:53.633+0000] {logging_mixin.py:190} INFO - [2025-07-01T01:59:53.633+0000] {dag.py:4180} INFO - Setting next_dagrun for tutorial to 2025-06-30 00:00:00+00:00, run_after=2025-07-01 00:00:00+00:00
[2025-07-01T01:59:53.652+0000] {processor.py:208} INFO - Processing /home/airflow/.local/lib/python3.12/site-packages/airflow/example_dags/tutorial.py took 0.077 seconds
[2025-07-01T02:00:23.864+0000] {processor.py:186} INFO - Started process (PID=6574) to work on /home/airflow/.local/lib/python3.12/site-packages/airflow/example_dags/tutorial.py
[2025-07-01T02:00:23.865+0000] {processor.py:914} INFO - Processing file /home/airflow/.local/lib/python3.12/site-packages/airflow/example_dags/tutorial.py for tasks to queue
[2025-07-01T02:00:23.868+0000] {logging_mixin.py:190} INFO - [2025-07-01T02:00:23.868+0000] {dagbag.py:588} INFO - Filling up the DagBag from /home/airflow/.local/lib/python3.12/site-packages/airflow/example_dags/tutorial.py
[2025-07-01T02:00:23.876+0000] {processor.py:925} INFO - DAG(s) 'tutorial' retrieved from /home/airflow/.local/lib/python3.12/site-packages/airflow/example_dags/tutorial.py
[2025-07-01T02:00:23.896+0000] {logging_mixin.py:190} INFO - [2025-07-01T02:00:23.896+0000] {dag.py:3239} INFO - Sync 1 DAGs
[2025-07-01T02:00:23.918+0000] {logging_mixin.py:190} INFO - [2025-07-01T02:00:23.918+0000] {dag.py:4180} INFO - Setting next_dagrun for tutorial to 2025-06-30 00:00:00+00:00, run_after=2025-07-01 00:00:00+00:00
[2025-07-01T02:00:23.935+0000] {processor.py:208} INFO - Processing /home/airflow/.local/lib/python3.12/site-packages/airflow/example_dags/tutorial.py took 0.076 seconds
[2025-07-01T02:00:54.931+0000] {processor.py:186} INFO - Started process (PID=6636) to work on /home/airflow/.local/lib/python3.12/site-packages/airflow/example_dags/tutorial.py
[2025-07-01T02:00:54.932+0000] {processor.py:914} INFO - Processing file /home/airflow/.local/lib/python3.12/site-packages/airflow/example_dags/tutorial.py for tasks to queue
[2025-07-01T02:00:54.934+0000] {logging_mixin.py:190} INFO - [2025-07-01T02:00:54.934+0000] {dagbag.py:588} INFO - Filling up the DagBag from /home/airflow/.local/lib/python3.12/site-packages/airflow/example_dags/tutorial.py
[2025-07-01T02:00:54.942+0000] {processor.py:925} INFO - DAG(s) 'tutorial' retrieved from /home/airflow/.local/lib/python3.12/site-packages/airflow/example_dags/tutorial.py
[2025-07-01T02:00:54.962+0000] {logging_mixin.py:190} INFO - [2025-07-01T02:00:54.962+0000] {dag.py:3239} INFO - Sync 1 DAGs
[2025-07-01T02:00:54.983+0000] {logging_mixin.py:190} INFO - [2025-07-01T02:00:54.983+0000] {dag.py:4180} INFO - Setting next_dagrun for tutorial to 2025-06-30 00:00:00+00:00, run_after=2025-07-01 00:00:00+00:00
[2025-07-01T02:00:55.001+0000] {processor.py:208} INFO - Processing /home/airflow/.local/lib/python3.12/site-packages/airflow/example_dags/tutorial.py took 0.077 seconds
[2025-07-01T02:01:25.316+0000] {processor.py:186} INFO - Started process (PID=6698) to work on /home/airflow/.local/lib/python3.12/site-packages/airflow/example_dags/tutorial.py
[2025-07-01T02:01:25.317+0000] {processor.py:914} INFO - Processing file /home/airflow/.local/lib/python3.12/site-packages/airflow/example_dags/tutorial.py for tasks to queue
[2025-07-01T02:01:25.321+0000] {logging_mixin.py:190} INFO - [2025-07-01T02:01:25.320+0000] {dagbag.py:588} INFO - Filling up the DagBag from /home/airflow/.local/lib/python3.12/site-packages/airflow/example_dags/tutorial.py
[2025-07-01T02:01:25.333+0000] {processor.py:925} INFO - DAG(s) 'tutorial' retrieved from /home/airflow/.local/lib/python3.12/site-packages/airflow/example_dags/tutorial.py
[2025-07-01T02:01:25.352+0000] {logging_mixin.py:190} INFO - [2025-07-01T02:01:25.352+0000] {dag.py:3239} INFO - Sync 1 DAGs
[2025-07-01T02:01:25.374+0000] {logging_mixin.py:190} INFO - [2025-07-01T02:01:25.374+0000] {dag.py:4180} INFO - Setting next_dagrun for tutorial to 2025-06-30 00:00:00+00:00, run_after=2025-07-01 00:00:00+00:00
[2025-07-01T02:01:25.392+0000] {processor.py:208} INFO - Processing /home/airflow/.local/lib/python3.12/site-packages/airflow/example_dags/tutorial.py took 0.083 seconds
[2025-07-01T02:01:55.713+0000] {processor.py:186} INFO - Started process (PID=6760) to work on /home/airflow/.local/lib/python3.12/site-packages/airflow/example_dags/tutorial.py
[2025-07-01T02:01:55.715+0000] {processor.py:914} INFO - Processing file /home/airflow/.local/lib/python3.12/site-packages/airflow/example_dags/tutorial.py for tasks to queue
[2025-07-01T02:01:55.720+0000] {logging_mixin.py:190} INFO - [2025-07-01T02:01:55.720+0000] {dagbag.py:588} INFO - Filling up the DagBag from /home/airflow/.local/lib/python3.12/site-packages/airflow/example_dags/tutorial.py
[2025-07-01T02:01:55.729+0000] {processor.py:925} INFO - DAG(s) 'tutorial' retrieved from /home/airflow/.local/lib/python3.12/site-packages/airflow/example_dags/tutorial.py
[2025-07-01T02:01:55.749+0000] {logging_mixin.py:190} INFO - [2025-07-01T02:01:55.749+0000] {dag.py:3239} INFO - Sync 1 DAGs
[2025-07-01T02:01:55.773+0000] {logging_mixin.py:190} INFO - [2025-07-01T02:01:55.772+0000] {dag.py:4180} INFO - Setting next_dagrun for tutorial to 2025-06-30 00:00:00+00:00, run_after=2025-07-01 00:00:00+00:00
[2025-07-01T02:01:55.792+0000] {processor.py:208} INFO - Processing /home/airflow/.local/lib/python3.12/site-packages/airflow/example_dags/tutorial.py took 0.085 seconds
[2025-07-01T02:02:26.637+0000] {processor.py:186} INFO - Started process (PID=6824) to work on /home/airflow/.local/lib/python3.12/site-packages/airflow/example_dags/tutorial.py
[2025-07-01T02:02:26.639+0000] {processor.py:914} INFO - Processing file /home/airflow/.local/lib/python3.12/site-packages/airflow/example_dags/tutorial.py for tasks to queue
[2025-07-01T02:02:26.641+0000] {logging_mixin.py:190} INFO - [2025-07-01T02:02:26.641+0000] {dagbag.py:588} INFO - Filling up the DagBag from /home/airflow/.local/lib/python3.12/site-packages/airflow/example_dags/tutorial.py
[2025-07-01T02:02:26.650+0000] {processor.py:925} INFO - DAG(s) 'tutorial' retrieved from /home/airflow/.local/lib/python3.12/site-packages/airflow/example_dags/tutorial.py
[2025-07-01T02:02:26.671+0000] {logging_mixin.py:190} INFO - [2025-07-01T02:02:26.671+0000] {dag.py:3239} INFO - Sync 1 DAGs
[2025-07-01T02:02:26.694+0000] {logging_mixin.py:190} INFO - [2025-07-01T02:02:26.694+0000] {dag.py:4180} INFO - Setting next_dagrun for tutorial to 2025-06-30 00:00:00+00:00, run_after=2025-07-01 00:00:00+00:00
[2025-07-01T02:02:26.714+0000] {processor.py:208} INFO - Processing /home/airflow/.local/lib/python3.12/site-packages/airflow/example_dags/tutorial.py took 0.083 seconds
[2025-07-01T02:02:57.085+0000] {processor.py:186} INFO - Started process (PID=6886) to work on /home/airflow/.local/lib/python3.12/site-packages/airflow/example_dags/tutorial.py
[2025-07-01T02:02:57.087+0000] {processor.py:914} INFO - Processing file /home/airflow/.local/lib/python3.12/site-packages/airflow/example_dags/tutorial.py for tasks to queue
[2025-07-01T02:02:57.089+0000] {logging_mixin.py:190} INFO - [2025-07-01T02:02:57.089+0000] {dagbag.py:588} INFO - Filling up the DagBag from /home/airflow/.local/lib/python3.12/site-packages/airflow/example_dags/tutorial.py
[2025-07-01T02:02:57.097+0000] {processor.py:925} INFO - DAG(s) 'tutorial' retrieved from /home/airflow/.local/lib/python3.12/site-packages/airflow/example_dags/tutorial.py
[2025-07-01T02:02:57.119+0000] {logging_mixin.py:190} INFO - [2025-07-01T02:02:57.119+0000] {dag.py:3239} INFO - Sync 1 DAGs
[2025-07-01T02:02:57.143+0000] {logging_mixin.py:190} INFO - [2025-07-01T02:02:57.143+0000] {dag.py:4180} INFO - Setting next_dagrun for tutorial to 2025-06-30 00:00:00+00:00, run_after=2025-07-01 00:00:00+00:00
[2025-07-01T02:02:57.160+0000] {processor.py:208} INFO - Processing /home/airflow/.local/lib/python3.12/site-packages/airflow/example_dags/tutorial.py took 0.081 seconds
[2025-07-01T02:03:27.943+0000] {processor.py:186} INFO - Started process (PID=6948) to work on /home/airflow/.local/lib/python3.12/site-packages/airflow/example_dags/tutorial.py
[2025-07-01T02:03:27.944+0000] {processor.py:914} INFO - Processing file /home/airflow/.local/lib/python3.12/site-packages/airflow/example_dags/tutorial.py for tasks to queue
[2025-07-01T02:03:27.948+0000] {logging_mixin.py:190} INFO - [2025-07-01T02:03:27.947+0000] {dagbag.py:588} INFO - Filling up the DagBag from /home/airflow/.local/lib/python3.12/site-packages/airflow/example_dags/tutorial.py
[2025-07-01T02:03:27.955+0000] {processor.py:925} INFO - DAG(s) 'tutorial' retrieved from /home/airflow/.local/lib/python3.12/site-packages/airflow/example_dags/tutorial.py
[2025-07-01T02:03:27.975+0000] {logging_mixin.py:190} INFO - [2025-07-01T02:03:27.975+0000] {dag.py:3239} INFO - Sync 1 DAGs
[2025-07-01T02:03:27.996+0000] {logging_mixin.py:190} INFO - [2025-07-01T02:03:27.996+0000] {dag.py:4180} INFO - Setting next_dagrun for tutorial to 2025-06-30 00:00:00+00:00, run_after=2025-07-01 00:00:00+00:00
[2025-07-01T02:03:28.014+0000] {processor.py:208} INFO - Processing /home/airflow/.local/lib/python3.12/site-packages/airflow/example_dags/tutorial.py took 0.077 seconds
[2025-07-01T02:03:58.472+0000] {processor.py:186} INFO - Started process (PID=7010) to work on /home/airflow/.local/lib/python3.12/site-packages/airflow/example_dags/tutorial.py
[2025-07-01T02:03:58.473+0000] {processor.py:914} INFO - Processing file /home/airflow/.local/lib/python3.12/site-packages/airflow/example_dags/tutorial.py for tasks to queue
[2025-07-01T02:03:58.475+0000] {logging_mixin.py:190} INFO - [2025-07-01T02:03:58.475+0000] {dagbag.py:588} INFO - Filling up the DagBag from /home/airflow/.local/lib/python3.12/site-packages/airflow/example_dags/tutorial.py
[2025-07-01T02:03:58.483+0000] {processor.py:925} INFO - DAG(s) 'tutorial' retrieved from /home/airflow/.local/lib/python3.12/site-packages/airflow/example_dags/tutorial.py
[2025-07-01T02:03:58.503+0000] {logging_mixin.py:190} INFO - [2025-07-01T02:03:58.503+0000] {dag.py:3239} INFO - Sync 1 DAGs
[2025-07-01T02:03:58.530+0000] {logging_mixin.py:190} INFO - [2025-07-01T02:03:58.530+0000] {dag.py:4180} INFO - Setting next_dagrun for tutorial to 2025-06-30 00:00:00+00:00, run_after=2025-07-01 00:00:00+00:00
[2025-07-01T02:03:58.546+0000] {processor.py:208} INFO - Processing /home/airflow/.local/lib/python3.12/site-packages/airflow/example_dags/tutorial.py took 0.080 seconds
[2025-07-01T02:04:28.997+0000] {processor.py:186} INFO - Started process (PID=7072) to work on /home/airflow/.local/lib/python3.12/site-packages/airflow/example_dags/tutorial.py
[2025-07-01T02:04:28.998+0000] {processor.py:914} INFO - Processing file /home/airflow/.local/lib/python3.12/site-packages/airflow/example_dags/tutorial.py for tasks to queue
[2025-07-01T02:04:29.001+0000] {logging_mixin.py:190} INFO - [2025-07-01T02:04:29.001+0000] {dagbag.py:588} INFO - Filling up the DagBag from /home/airflow/.local/lib/python3.12/site-packages/airflow/example_dags/tutorial.py
[2025-07-01T02:04:29.009+0000] {processor.py:925} INFO - DAG(s) 'tutorial' retrieved from /home/airflow/.local/lib/python3.12/site-packages/airflow/example_dags/tutorial.py
[2025-07-01T02:04:29.029+0000] {logging_mixin.py:190} INFO - [2025-07-01T02:04:29.029+0000] {dag.py:3239} INFO - Sync 1 DAGs
[2025-07-01T02:04:29.053+0000] {logging_mixin.py:190} INFO - [2025-07-01T02:04:29.053+0000] {dag.py:4180} INFO - Setting next_dagrun for tutorial to 2025-06-30 00:00:00+00:00, run_after=2025-07-01 00:00:00+00:00
[2025-07-01T02:04:29.073+0000] {processor.py:208} INFO - Processing /home/airflow/.local/lib/python3.12/site-packages/airflow/example_dags/tutorial.py took 0.083 seconds
[2025-07-01T02:04:59.447+0000] {processor.py:186} INFO - Started process (PID=7134) to work on /home/airflow/.local/lib/python3.12/site-packages/airflow/example_dags/tutorial.py
[2025-07-01T02:04:59.448+0000] {processor.py:914} INFO - Processing file /home/airflow/.local/lib/python3.12/site-packages/airflow/example_dags/tutorial.py for tasks to queue
[2025-07-01T02:04:59.454+0000] {logging_mixin.py:190} INFO - [2025-07-01T02:04:59.453+0000] {dagbag.py:588} INFO - Filling up the DagBag from /home/airflow/.local/lib/python3.12/site-packages/airflow/example_dags/tutorial.py
[2025-07-01T02:04:59.468+0000] {processor.py:925} INFO - DAG(s) 'tutorial' retrieved from /home/airflow/.local/lib/python3.12/site-packages/airflow/example_dags/tutorial.py
[2025-07-01T02:04:59.491+0000] {logging_mixin.py:190} INFO - [2025-07-01T02:04:59.490+0000] {dag.py:3239} INFO - Sync 1 DAGs
[2025-07-01T02:04:59.518+0000] {logging_mixin.py:190} INFO - [2025-07-01T02:04:59.518+0000] {dag.py:4180} INFO - Setting next_dagrun for tutorial to 2025-06-30 00:00:00+00:00, run_after=2025-07-01 00:00:00+00:00
[2025-07-01T02:04:59.540+0000] {processor.py:208} INFO - Processing /home/airflow/.local/lib/python3.12/site-packages/airflow/example_dags/tutorial.py took 0.099 seconds
[2025-07-01T02:05:30.172+0000] {processor.py:186} INFO - Started process (PID=7196) to work on /home/airflow/.local/lib/python3.12/site-packages/airflow/example_dags/tutorial.py
[2025-07-01T02:05:30.174+0000] {processor.py:914} INFO - Processing file /home/airflow/.local/lib/python3.12/site-packages/airflow/example_dags/tutorial.py for tasks to queue
[2025-07-01T02:05:30.179+0000] {logging_mixin.py:190} INFO - [2025-07-01T02:05:30.178+0000] {dagbag.py:588} INFO - Filling up the DagBag from /home/airflow/.local/lib/python3.12/site-packages/airflow/example_dags/tutorial.py
[2025-07-01T02:05:30.193+0000] {processor.py:925} INFO - DAG(s) 'tutorial' retrieved from /home/airflow/.local/lib/python3.12/site-packages/airflow/example_dags/tutorial.py
[2025-07-01T02:05:30.226+0000] {logging_mixin.py:190} INFO - [2025-07-01T02:05:30.225+0000] {dag.py:3239} INFO - Sync 1 DAGs
[2025-07-01T02:05:30.263+0000] {logging_mixin.py:190} INFO - [2025-07-01T02:05:30.263+0000] {dag.py:4180} INFO - Setting next_dagrun for tutorial to 2025-06-30 00:00:00+00:00, run_after=2025-07-01 00:00:00+00:00
[2025-07-01T02:05:30.287+0000] {processor.py:208} INFO - Processing /home/airflow/.local/lib/python3.12/site-packages/airflow/example_dags/tutorial.py took 0.127 seconds
[2025-07-01T02:06:00.530+0000] {processor.py:186} INFO - Started process (PID=7263) to work on /home/airflow/.local/lib/python3.12/site-packages/airflow/example_dags/tutorial.py
[2025-07-01T02:06:00.531+0000] {processor.py:914} INFO - Processing file /home/airflow/.local/lib/python3.12/site-packages/airflow/example_dags/tutorial.py for tasks to queue
[2025-07-01T02:06:00.534+0000] {logging_mixin.py:190} INFO - [2025-07-01T02:06:00.534+0000] {dagbag.py:588} INFO - Filling up the DagBag from /home/airflow/.local/lib/python3.12/site-packages/airflow/example_dags/tutorial.py
[2025-07-01T02:06:00.543+0000] {processor.py:925} INFO - DAG(s) 'tutorial' retrieved from /home/airflow/.local/lib/python3.12/site-packages/airflow/example_dags/tutorial.py
[2025-07-01T02:06:00.565+0000] {logging_mixin.py:190} INFO - [2025-07-01T02:06:00.564+0000] {dag.py:3239} INFO - Sync 1 DAGs
[2025-07-01T02:06:00.590+0000] {logging_mixin.py:190} INFO - [2025-07-01T02:06:00.590+0000] {dag.py:4180} INFO - Setting next_dagrun for tutorial to 2025-06-30 00:00:00+00:00, run_after=2025-07-01 00:00:00+00:00
[2025-07-01T02:06:00.609+0000] {processor.py:208} INFO - Processing /home/airflow/.local/lib/python3.12/site-packages/airflow/example_dags/tutorial.py took 0.085 seconds
[2025-07-01T02:06:31.070+0000] {processor.py:186} INFO - Started process (PID=7325) to work on /home/airflow/.local/lib/python3.12/site-packages/airflow/example_dags/tutorial.py
[2025-07-01T02:06:31.072+0000] {processor.py:914} INFO - Processing file /home/airflow/.local/lib/python3.12/site-packages/airflow/example_dags/tutorial.py for tasks to queue
[2025-07-01T02:06:31.075+0000] {logging_mixin.py:190} INFO - [2025-07-01T02:06:31.075+0000] {dagbag.py:588} INFO - Filling up the DagBag from /home/airflow/.local/lib/python3.12/site-packages/airflow/example_dags/tutorial.py
[2025-07-01T02:06:31.086+0000] {processor.py:925} INFO - DAG(s) 'tutorial' retrieved from /home/airflow/.local/lib/python3.12/site-packages/airflow/example_dags/tutorial.py
[2025-07-01T02:06:31.111+0000] {logging_mixin.py:190} INFO - [2025-07-01T02:06:31.110+0000] {dag.py:3239} INFO - Sync 1 DAGs
[2025-07-01T02:06:31.140+0000] {logging_mixin.py:190} INFO - [2025-07-01T02:06:31.139+0000] {dag.py:4180} INFO - Setting next_dagrun for tutorial to 2025-06-30 00:00:00+00:00, run_after=2025-07-01 00:00:00+00:00
[2025-07-01T02:06:31.161+0000] {processor.py:208} INFO - Processing /home/airflow/.local/lib/python3.12/site-packages/airflow/example_dags/tutorial.py took 0.098 seconds
[2025-07-01T02:07:01.893+0000] {processor.py:186} INFO - Started process (PID=7388) to work on /home/airflow/.local/lib/python3.12/site-packages/airflow/example_dags/tutorial.py
[2025-07-01T02:07:01.894+0000] {processor.py:914} INFO - Processing file /home/airflow/.local/lib/python3.12/site-packages/airflow/example_dags/tutorial.py for tasks to queue
[2025-07-01T02:07:01.897+0000] {logging_mixin.py:190} INFO - [2025-07-01T02:07:01.897+0000] {dagbag.py:588} INFO - Filling up the DagBag from /home/airflow/.local/lib/python3.12/site-packages/airflow/example_dags/tutorial.py
[2025-07-01T02:07:01.907+0000] {processor.py:925} INFO - DAG(s) 'tutorial' retrieved from /home/airflow/.local/lib/python3.12/site-packages/airflow/example_dags/tutorial.py
[2025-07-01T02:07:01.933+0000] {logging_mixin.py:190} INFO - [2025-07-01T02:07:01.932+0000] {dag.py:3239} INFO - Sync 1 DAGs
[2025-07-01T02:07:01.964+0000] {logging_mixin.py:190} INFO - [2025-07-01T02:07:01.964+0000] {dag.py:4180} INFO - Setting next_dagrun for tutorial to 2025-06-30 00:00:00+00:00, run_after=2025-07-01 00:00:00+00:00
[2025-07-01T02:07:01.989+0000] {processor.py:208} INFO - Processing /home/airflow/.local/lib/python3.12/site-packages/airflow/example_dags/tutorial.py took 0.102 seconds
[2025-07-01T02:07:32.840+0000] {processor.py:186} INFO - Started process (PID=7450) to work on /home/airflow/.local/lib/python3.12/site-packages/airflow/example_dags/tutorial.py
[2025-07-01T02:07:32.841+0000] {processor.py:914} INFO - Processing file /home/airflow/.local/lib/python3.12/site-packages/airflow/example_dags/tutorial.py for tasks to queue
[2025-07-01T02:07:32.845+0000] {logging_mixin.py:190} INFO - [2025-07-01T02:07:32.845+0000] {dagbag.py:588} INFO - Filling up the DagBag from /home/airflow/.local/lib/python3.12/site-packages/airflow/example_dags/tutorial.py
[2025-07-01T02:07:32.856+0000] {processor.py:925} INFO - DAG(s) 'tutorial' retrieved from /home/airflow/.local/lib/python3.12/site-packages/airflow/example_dags/tutorial.py
[2025-07-01T02:07:32.884+0000] {logging_mixin.py:190} INFO - [2025-07-01T02:07:32.884+0000] {dag.py:3239} INFO - Sync 1 DAGs
[2025-07-01T02:07:32.913+0000] {logging_mixin.py:190} INFO - [2025-07-01T02:07:32.912+0000] {dag.py:4180} INFO - Setting next_dagrun for tutorial to 2025-06-30 00:00:00+00:00, run_after=2025-07-01 00:00:00+00:00
[2025-07-01T02:07:32.934+0000] {processor.py:208} INFO - Processing /home/airflow/.local/lib/python3.12/site-packages/airflow/example_dags/tutorial.py took 0.103 seconds
[2025-07-01T02:08:03.490+0000] {processor.py:186} INFO - Started process (PID=7512) to work on /home/airflow/.local/lib/python3.12/site-packages/airflow/example_dags/tutorial.py
[2025-07-01T02:08:03.492+0000] {processor.py:914} INFO - Processing file /home/airflow/.local/lib/python3.12/site-packages/airflow/example_dags/tutorial.py for tasks to queue
[2025-07-01T02:08:03.495+0000] {logging_mixin.py:190} INFO - [2025-07-01T02:08:03.495+0000] {dagbag.py:588} INFO - Filling up the DagBag from /home/airflow/.local/lib/python3.12/site-packages/airflow/example_dags/tutorial.py
[2025-07-01T02:08:03.507+0000] {processor.py:925} INFO - DAG(s) 'tutorial' retrieved from /home/airflow/.local/lib/python3.12/site-packages/airflow/example_dags/tutorial.py
[2025-07-01T02:08:03.535+0000] {logging_mixin.py:190} INFO - [2025-07-01T02:08:03.534+0000] {dag.py:3239} INFO - Sync 1 DAGs
[2025-07-01T02:08:03.563+0000] {logging_mixin.py:190} INFO - [2025-07-01T02:08:03.563+0000] {dag.py:4180} INFO - Setting next_dagrun for tutorial to 2025-06-30 00:00:00+00:00, run_after=2025-07-01 00:00:00+00:00
[2025-07-01T02:08:03.584+0000] {processor.py:208} INFO - Processing /home/airflow/.local/lib/python3.12/site-packages/airflow/example_dags/tutorial.py took 0.102 seconds
[2025-07-01T02:08:34.443+0000] {processor.py:186} INFO - Started process (PID=7574) to work on /home/airflow/.local/lib/python3.12/site-packages/airflow/example_dags/tutorial.py
[2025-07-01T02:08:34.444+0000] {processor.py:914} INFO - Processing file /home/airflow/.local/lib/python3.12/site-packages/airflow/example_dags/tutorial.py for tasks to queue
[2025-07-01T02:08:34.447+0000] {logging_mixin.py:190} INFO - [2025-07-01T02:08:34.446+0000] {dagbag.py:588} INFO - Filling up the DagBag from /home/airflow/.local/lib/python3.12/site-packages/airflow/example_dags/tutorial.py
[2025-07-01T02:08:34.454+0000] {processor.py:925} INFO - DAG(s) 'tutorial' retrieved from /home/airflow/.local/lib/python3.12/site-packages/airflow/example_dags/tutorial.py
[2025-07-01T02:08:34.475+0000] {logging_mixin.py:190} INFO - [2025-07-01T02:08:34.475+0000] {dag.py:3239} INFO - Sync 1 DAGs
[2025-07-01T02:08:34.501+0000] {logging_mixin.py:190} INFO - [2025-07-01T02:08:34.501+0000] {dag.py:4180} INFO - Setting next_dagrun for tutorial to 2025-06-30 00:00:00+00:00, run_after=2025-07-01 00:00:00+00:00
[2025-07-01T02:08:34.520+0000] {processor.py:208} INFO - Processing /home/airflow/.local/lib/python3.12/site-packages/airflow/example_dags/tutorial.py took 0.083 seconds
[2025-07-01T02:09:05.003+0000] {processor.py:186} INFO - Started process (PID=7636) to work on /home/airflow/.local/lib/python3.12/site-packages/airflow/example_dags/tutorial.py
[2025-07-01T02:09:05.004+0000] {processor.py:914} INFO - Processing file /home/airflow/.local/lib/python3.12/site-packages/airflow/example_dags/tutorial.py for tasks to queue
[2025-07-01T02:09:05.008+0000] {logging_mixin.py:190} INFO - [2025-07-01T02:09:05.007+0000] {dagbag.py:588} INFO - Filling up the DagBag from /home/airflow/.local/lib/python3.12/site-packages/airflow/example_dags/tutorial.py
[2025-07-01T02:09:05.016+0000] {processor.py:925} INFO - DAG(s) 'tutorial' retrieved from /home/airflow/.local/lib/python3.12/site-packages/airflow/example_dags/tutorial.py
[2025-07-01T02:09:05.036+0000] {logging_mixin.py:190} INFO - [2025-07-01T02:09:05.036+0000] {dag.py:3239} INFO - Sync 1 DAGs
[2025-07-01T02:09:05.060+0000] {logging_mixin.py:190} INFO - [2025-07-01T02:09:05.060+0000] {dag.py:4180} INFO - Setting next_dagrun for tutorial to 2025-06-30 00:00:00+00:00, run_after=2025-07-01 00:00:00+00:00
[2025-07-01T02:09:05.078+0000] {processor.py:208} INFO - Processing /home/airflow/.local/lib/python3.12/site-packages/airflow/example_dags/tutorial.py took 0.082 seconds
[2025-07-01T02:09:35.342+0000] {processor.py:186} INFO - Started process (PID=7699) to work on /home/airflow/.local/lib/python3.12/site-packages/airflow/example_dags/tutorial.py
[2025-07-01T02:09:35.343+0000] {processor.py:914} INFO - Processing file /home/airflow/.local/lib/python3.12/site-packages/airflow/example_dags/tutorial.py for tasks to queue
[2025-07-01T02:09:35.345+0000] {logging_mixin.py:190} INFO - [2025-07-01T02:09:35.345+0000] {dagbag.py:588} INFO - Filling up the DagBag from /home/airflow/.local/lib/python3.12/site-packages/airflow/example_dags/tutorial.py
[2025-07-01T02:09:35.353+0000] {processor.py:925} INFO - DAG(s) 'tutorial' retrieved from /home/airflow/.local/lib/python3.12/site-packages/airflow/example_dags/tutorial.py
[2025-07-01T02:09:35.374+0000] {logging_mixin.py:190} INFO - [2025-07-01T02:09:35.373+0000] {dag.py:3239} INFO - Sync 1 DAGs
[2025-07-01T02:09:35.396+0000] {logging_mixin.py:190} INFO - [2025-07-01T02:09:35.396+0000] {dag.py:4180} INFO - Setting next_dagrun for tutorial to 2025-06-30 00:00:00+00:00, run_after=2025-07-01 00:00:00+00:00
[2025-07-01T02:09:35.415+0000] {processor.py:208} INFO - Processing /home/airflow/.local/lib/python3.12/site-packages/airflow/example_dags/tutorial.py took 0.079 seconds
[2025-07-01T02:10:05.964+0000] {processor.py:186} INFO - Started process (PID=7761) to work on /home/airflow/.local/lib/python3.12/site-packages/airflow/example_dags/tutorial.py
[2025-07-01T02:10:05.965+0000] {processor.py:914} INFO - Processing file /home/airflow/.local/lib/python3.12/site-packages/airflow/example_dags/tutorial.py for tasks to queue
[2025-07-01T02:10:05.968+0000] {logging_mixin.py:190} INFO - [2025-07-01T02:10:05.968+0000] {dagbag.py:588} INFO - Filling up the DagBag from /home/airflow/.local/lib/python3.12/site-packages/airflow/example_dags/tutorial.py
[2025-07-01T02:10:05.976+0000] {processor.py:925} INFO - DAG(s) 'tutorial' retrieved from /home/airflow/.local/lib/python3.12/site-packages/airflow/example_dags/tutorial.py
[2025-07-01T02:10:05.996+0000] {logging_mixin.py:190} INFO - [2025-07-01T02:10:05.996+0000] {dag.py:3239} INFO - Sync 1 DAGs
[2025-07-01T02:10:06.019+0000] {logging_mixin.py:190} INFO - [2025-07-01T02:10:06.019+0000] {dag.py:4180} INFO - Setting next_dagrun for tutorial to 2025-06-30 00:00:00+00:00, run_after=2025-07-01 00:00:00+00:00
[2025-07-01T02:10:06.037+0000] {processor.py:208} INFO - Processing /home/airflow/.local/lib/python3.12/site-packages/airflow/example_dags/tutorial.py took 0.080 seconds
[2025-07-01T02:10:36.543+0000] {processor.py:186} INFO - Started process (PID=7823) to work on /home/airflow/.local/lib/python3.12/site-packages/airflow/example_dags/tutorial.py
[2025-07-01T02:10:36.544+0000] {processor.py:914} INFO - Processing file /home/airflow/.local/lib/python3.12/site-packages/airflow/example_dags/tutorial.py for tasks to queue
[2025-07-01T02:10:36.547+0000] {logging_mixin.py:190} INFO - [2025-07-01T02:10:36.547+0000] {dagbag.py:588} INFO - Filling up the DagBag from /home/airflow/.local/lib/python3.12/site-packages/airflow/example_dags/tutorial.py
[2025-07-01T02:10:36.555+0000] {processor.py:925} INFO - DAG(s) 'tutorial' retrieved from /home/airflow/.local/lib/python3.12/site-packages/airflow/example_dags/tutorial.py
[2025-07-01T02:10:36.578+0000] {logging_mixin.py:190} INFO - [2025-07-01T02:10:36.577+0000] {dag.py:3239} INFO - Sync 1 DAGs
[2025-07-01T02:10:36.600+0000] {logging_mixin.py:190} INFO - [2025-07-01T02:10:36.600+0000] {dag.py:4180} INFO - Setting next_dagrun for tutorial to 2025-06-30 00:00:00+00:00, run_after=2025-07-01 00:00:00+00:00
[2025-07-01T02:10:36.622+0000] {processor.py:208} INFO - Processing /home/airflow/.local/lib/python3.12/site-packages/airflow/example_dags/tutorial.py took 0.085 seconds
[2025-07-01T02:11:07.544+0000] {processor.py:186} INFO - Started process (PID=7885) to work on /home/airflow/.local/lib/python3.12/site-packages/airflow/example_dags/tutorial.py
[2025-07-01T02:11:07.546+0000] {processor.py:914} INFO - Processing file /home/airflow/.local/lib/python3.12/site-packages/airflow/example_dags/tutorial.py for tasks to queue
[2025-07-01T02:11:07.550+0000] {logging_mixin.py:190} INFO - [2025-07-01T02:11:07.550+0000] {dagbag.py:588} INFO - Filling up the DagBag from /home/airflow/.local/lib/python3.12/site-packages/airflow/example_dags/tutorial.py
[2025-07-01T02:11:07.561+0000] {processor.py:925} INFO - DAG(s) 'tutorial' retrieved from /home/airflow/.local/lib/python3.12/site-packages/airflow/example_dags/tutorial.py
[2025-07-01T02:11:07.585+0000] {logging_mixin.py:190} INFO - [2025-07-01T02:11:07.585+0000] {dag.py:3239} INFO - Sync 1 DAGs
[2025-07-01T02:11:07.609+0000] {logging_mixin.py:190} INFO - [2025-07-01T02:11:07.609+0000] {dag.py:4180} INFO - Setting next_dagrun for tutorial to 2025-06-30 00:00:00+00:00, run_after=2025-07-01 00:00:00+00:00
[2025-07-01T02:11:07.626+0000] {processor.py:208} INFO - Processing /home/airflow/.local/lib/python3.12/site-packages/airflow/example_dags/tutorial.py took 0.090 seconds
[2025-07-01T02:11:38.376+0000] {processor.py:186} INFO - Started process (PID=7947) to work on /home/airflow/.local/lib/python3.12/site-packages/airflow/example_dags/tutorial.py
[2025-07-01T02:11:38.377+0000] {processor.py:914} INFO - Processing file /home/airflow/.local/lib/python3.12/site-packages/airflow/example_dags/tutorial.py for tasks to queue
[2025-07-01T02:11:38.380+0000] {logging_mixin.py:190} INFO - [2025-07-01T02:11:38.380+0000] {dagbag.py:588} INFO - Filling up the DagBag from /home/airflow/.local/lib/python3.12/site-packages/airflow/example_dags/tutorial.py
[2025-07-01T02:11:38.389+0000] {processor.py:925} INFO - DAG(s) 'tutorial' retrieved from /home/airflow/.local/lib/python3.12/site-packages/airflow/example_dags/tutorial.py
[2025-07-01T02:11:38.408+0000] {logging_mixin.py:190} INFO - [2025-07-01T02:11:38.408+0000] {dag.py:3239} INFO - Sync 1 DAGs
[2025-07-01T02:11:38.430+0000] {logging_mixin.py:190} INFO - [2025-07-01T02:11:38.430+0000] {dag.py:4180} INFO - Setting next_dagrun for tutorial to 2025-06-30 00:00:00+00:00, run_after=2025-07-01 00:00:00+00:00
[2025-07-01T02:11:38.446+0000] {processor.py:208} INFO - Processing /home/airflow/.local/lib/python3.12/site-packages/airflow/example_dags/tutorial.py took 0.076 seconds
[2025-07-01T02:12:09.171+0000] {processor.py:186} INFO - Started process (PID=8009) to work on /home/airflow/.local/lib/python3.12/site-packages/airflow/example_dags/tutorial.py
[2025-07-01T02:12:09.172+0000] {processor.py:914} INFO - Processing file /home/airflow/.local/lib/python3.12/site-packages/airflow/example_dags/tutorial.py for tasks to queue
[2025-07-01T02:12:09.175+0000] {logging_mixin.py:190} INFO - [2025-07-01T02:12:09.175+0000] {dagbag.py:588} INFO - Filling up the DagBag from /home/airflow/.local/lib/python3.12/site-packages/airflow/example_dags/tutorial.py
[2025-07-01T02:12:09.185+0000] {processor.py:925} INFO - DAG(s) 'tutorial' retrieved from /home/airflow/.local/lib/python3.12/site-packages/airflow/example_dags/tutorial.py
[2025-07-01T02:12:09.210+0000] {logging_mixin.py:190} INFO - [2025-07-01T02:12:09.209+0000] {dag.py:3239} INFO - Sync 1 DAGs
[2025-07-01T02:12:09.238+0000] {logging_mixin.py:190} INFO - [2025-07-01T02:12:09.237+0000] {dag.py:4180} INFO - Setting next_dagrun for tutorial to 2025-06-30 00:00:00+00:00, run_after=2025-07-01 00:00:00+00:00
[2025-07-01T02:12:09.261+0000] {processor.py:208} INFO - Processing /home/airflow/.local/lib/python3.12/site-packages/airflow/example_dags/tutorial.py took 0.097 seconds
[2025-07-01T02:12:43.117+0000] {processor.py:186} INFO - Started process (PID=8071) to work on /home/airflow/.local/lib/python3.12/site-packages/airflow/example_dags/tutorial.py
[2025-07-01T02:12:43.118+0000] {processor.py:914} INFO - Processing file /home/airflow/.local/lib/python3.12/site-packages/airflow/example_dags/tutorial.py for tasks to queue
[2025-07-01T02:12:43.122+0000] {logging_mixin.py:190} INFO - [2025-07-01T02:12:43.121+0000] {dagbag.py:588} INFO - Filling up the DagBag from /home/airflow/.local/lib/python3.12/site-packages/airflow/example_dags/tutorial.py
[2025-07-01T02:12:43.131+0000] {processor.py:925} INFO - DAG(s) 'tutorial' retrieved from /home/airflow/.local/lib/python3.12/site-packages/airflow/example_dags/tutorial.py
[2025-07-01T02:12:43.153+0000] {logging_mixin.py:190} INFO - [2025-07-01T02:12:43.152+0000] {dag.py:3239} INFO - Sync 1 DAGs
[2025-07-01T02:12:43.179+0000] {logging_mixin.py:190} INFO - [2025-07-01T02:12:43.179+0000] {dag.py:4180} INFO - Setting next_dagrun for tutorial to 2025-06-30 00:00:00+00:00, run_after=2025-07-01 00:00:00+00:00
[2025-07-01T02:12:43.198+0000] {processor.py:208} INFO - Processing /home/airflow/.local/lib/python3.12/site-packages/airflow/example_dags/tutorial.py took 0.089 seconds
[2025-07-01T02:13:13.569+0000] {processor.py:186} INFO - Started process (PID=8133) to work on /home/airflow/.local/lib/python3.12/site-packages/airflow/example_dags/tutorial.py
[2025-07-01T02:13:13.570+0000] {processor.py:914} INFO - Processing file /home/airflow/.local/lib/python3.12/site-packages/airflow/example_dags/tutorial.py for tasks to queue
[2025-07-01T02:13:13.573+0000] {logging_mixin.py:190} INFO - [2025-07-01T02:13:13.573+0000] {dagbag.py:588} INFO - Filling up the DagBag from /home/airflow/.local/lib/python3.12/site-packages/airflow/example_dags/tutorial.py
[2025-07-01T02:13:13.581+0000] {processor.py:925} INFO - DAG(s) 'tutorial' retrieved from /home/airflow/.local/lib/python3.12/site-packages/airflow/example_dags/tutorial.py
[2025-07-01T02:13:13.601+0000] {logging_mixin.py:190} INFO - [2025-07-01T02:13:13.600+0000] {dag.py:3239} INFO - Sync 1 DAGs
[2025-07-01T02:13:13.624+0000] {logging_mixin.py:190} INFO - [2025-07-01T02:13:13.624+0000] {dag.py:4180} INFO - Setting next_dagrun for tutorial to 2025-06-30 00:00:00+00:00, run_after=2025-07-01 00:00:00+00:00
[2025-07-01T02:13:13.641+0000] {processor.py:208} INFO - Processing /home/airflow/.local/lib/python3.12/site-packages/airflow/example_dags/tutorial.py took 0.080 seconds
[2025-07-01T02:13:43.904+0000] {processor.py:186} INFO - Started process (PID=8195) to work on /home/airflow/.local/lib/python3.12/site-packages/airflow/example_dags/tutorial.py
[2025-07-01T02:13:43.905+0000] {processor.py:914} INFO - Processing file /home/airflow/.local/lib/python3.12/site-packages/airflow/example_dags/tutorial.py for tasks to queue
[2025-07-01T02:13:43.908+0000] {logging_mixin.py:190} INFO - [2025-07-01T02:13:43.908+0000] {dagbag.py:588} INFO - Filling up the DagBag from /home/airflow/.local/lib/python3.12/site-packages/airflow/example_dags/tutorial.py
[2025-07-01T02:13:43.916+0000] {processor.py:925} INFO - DAG(s) 'tutorial' retrieved from /home/airflow/.local/lib/python3.12/site-packages/airflow/example_dags/tutorial.py
[2025-07-01T02:13:43.936+0000] {logging_mixin.py:190} INFO - [2025-07-01T02:13:43.936+0000] {dag.py:3239} INFO - Sync 1 DAGs
[2025-07-01T02:13:43.959+0000] {logging_mixin.py:190} INFO - [2025-07-01T02:13:43.959+0000] {dag.py:4180} INFO - Setting next_dagrun for tutorial to 2025-06-30 00:00:00+00:00, run_after=2025-07-01 00:00:00+00:00
[2025-07-01T02:13:43.977+0000] {processor.py:208} INFO - Processing /home/airflow/.local/lib/python3.12/site-packages/airflow/example_dags/tutorial.py took 0.079 seconds
[2025-07-01T02:14:14.379+0000] {processor.py:186} INFO - Started process (PID=8257) to work on /home/airflow/.local/lib/python3.12/site-packages/airflow/example_dags/tutorial.py
[2025-07-01T02:14:14.380+0000] {processor.py:914} INFO - Processing file /home/airflow/.local/lib/python3.12/site-packages/airflow/example_dags/tutorial.py for tasks to queue
[2025-07-01T02:14:14.384+0000] {logging_mixin.py:190} INFO - [2025-07-01T02:14:14.384+0000] {dagbag.py:588} INFO - Filling up the DagBag from /home/airflow/.local/lib/python3.12/site-packages/airflow/example_dags/tutorial.py
[2025-07-01T02:14:14.397+0000] {processor.py:925} INFO - DAG(s) 'tutorial' retrieved from /home/airflow/.local/lib/python3.12/site-packages/airflow/example_dags/tutorial.py
[2025-07-01T02:14:14.420+0000] {logging_mixin.py:190} INFO - [2025-07-01T02:14:14.420+0000] {dag.py:3239} INFO - Sync 1 DAGs
[2025-07-01T02:14:14.445+0000] {logging_mixin.py:190} INFO - [2025-07-01T02:14:14.445+0000] {dag.py:4180} INFO - Setting next_dagrun for tutorial to 2025-06-30 00:00:00+00:00, run_after=2025-07-01 00:00:00+00:00
[2025-07-01T02:14:14.464+0000] {processor.py:208} INFO - Processing /home/airflow/.local/lib/python3.12/site-packages/airflow/example_dags/tutorial.py took 0.092 seconds
[2025-07-01T02:14:44.705+0000] {processor.py:186} INFO - Started process (PID=8319) to work on /home/airflow/.local/lib/python3.12/site-packages/airflow/example_dags/tutorial.py
[2025-07-01T02:14:44.706+0000] {processor.py:914} INFO - Processing file /home/airflow/.local/lib/python3.12/site-packages/airflow/example_dags/tutorial.py for tasks to queue
[2025-07-01T02:14:44.709+0000] {logging_mixin.py:190} INFO - [2025-07-01T02:14:44.709+0000] {dagbag.py:588} INFO - Filling up the DagBag from /home/airflow/.local/lib/python3.12/site-packages/airflow/example_dags/tutorial.py
[2025-07-01T02:14:44.717+0000] {processor.py:925} INFO - DAG(s) 'tutorial' retrieved from /home/airflow/.local/lib/python3.12/site-packages/airflow/example_dags/tutorial.py
[2025-07-01T02:14:44.737+0000] {logging_mixin.py:190} INFO - [2025-07-01T02:14:44.737+0000] {dag.py:3239} INFO - Sync 1 DAGs
[2025-07-01T02:14:44.759+0000] {logging_mixin.py:190} INFO - [2025-07-01T02:14:44.759+0000] {dag.py:4180} INFO - Setting next_dagrun for tutorial to 2025-06-30 00:00:00+00:00, run_after=2025-07-01 00:00:00+00:00
[2025-07-01T02:14:44.776+0000] {processor.py:208} INFO - Processing /home/airflow/.local/lib/python3.12/site-packages/airflow/example_dags/tutorial.py took 0.077 seconds
[2025-07-01T02:15:15.491+0000] {processor.py:186} INFO - Started process (PID=8381) to work on /home/airflow/.local/lib/python3.12/site-packages/airflow/example_dags/tutorial.py
[2025-07-01T02:15:15.492+0000] {processor.py:914} INFO - Processing file /home/airflow/.local/lib/python3.12/site-packages/airflow/example_dags/tutorial.py for tasks to queue
[2025-07-01T02:15:15.496+0000] {logging_mixin.py:190} INFO - [2025-07-01T02:15:15.495+0000] {dagbag.py:588} INFO - Filling up the DagBag from /home/airflow/.local/lib/python3.12/site-packages/airflow/example_dags/tutorial.py
[2025-07-01T02:15:15.505+0000] {processor.py:925} INFO - DAG(s) 'tutorial' retrieved from /home/airflow/.local/lib/python3.12/site-packages/airflow/example_dags/tutorial.py
[2025-07-01T02:15:15.531+0000] {logging_mixin.py:190} INFO - [2025-07-01T02:15:15.531+0000] {dag.py:3239} INFO - Sync 1 DAGs
[2025-07-01T02:15:15.565+0000] {logging_mixin.py:190} INFO - [2025-07-01T02:15:15.564+0000] {dag.py:4180} INFO - Setting next_dagrun for tutorial to 2025-06-30 00:00:00+00:00, run_after=2025-07-01 00:00:00+00:00
[2025-07-01T02:15:15.593+0000] {processor.py:208} INFO - Processing /home/airflow/.local/lib/python3.12/site-packages/airflow/example_dags/tutorial.py took 0.109 seconds
[2025-07-01T02:15:46.877+0000] {processor.py:186} INFO - Started process (PID=8445) to work on /home/airflow/.local/lib/python3.12/site-packages/airflow/example_dags/tutorial.py
[2025-07-01T02:15:46.878+0000] {processor.py:914} INFO - Processing file /home/airflow/.local/lib/python3.12/site-packages/airflow/example_dags/tutorial.py for tasks to queue
[2025-07-01T02:15:46.880+0000] {logging_mixin.py:190} INFO - [2025-07-01T02:15:46.880+0000] {dagbag.py:588} INFO - Filling up the DagBag from /home/airflow/.local/lib/python3.12/site-packages/airflow/example_dags/tutorial.py
[2025-07-01T02:15:46.888+0000] {processor.py:925} INFO - DAG(s) 'tutorial' retrieved from /home/airflow/.local/lib/python3.12/site-packages/airflow/example_dags/tutorial.py
[2025-07-01T02:15:46.907+0000] {logging_mixin.py:190} INFO - [2025-07-01T02:15:46.907+0000] {dag.py:3239} INFO - Sync 1 DAGs
[2025-07-01T02:15:46.930+0000] {logging_mixin.py:190} INFO - [2025-07-01T02:15:46.930+0000] {dag.py:4180} INFO - Setting next_dagrun for tutorial to 2025-06-30 00:00:00+00:00, run_after=2025-07-01 00:00:00+00:00
[2025-07-01T02:15:46.954+0000] {processor.py:208} INFO - Processing /home/airflow/.local/lib/python3.12/site-packages/airflow/example_dags/tutorial.py took 0.083 seconds
[2025-07-01T02:16:17.144+0000] {processor.py:186} INFO - Started process (PID=8507) to work on /home/airflow/.local/lib/python3.12/site-packages/airflow/example_dags/tutorial.py
[2025-07-01T02:16:17.145+0000] {processor.py:914} INFO - Processing file /home/airflow/.local/lib/python3.12/site-packages/airflow/example_dags/tutorial.py for tasks to queue
[2025-07-01T02:16:17.147+0000] {logging_mixin.py:190} INFO - [2025-07-01T02:16:17.147+0000] {dagbag.py:588} INFO - Filling up the DagBag from /home/airflow/.local/lib/python3.12/site-packages/airflow/example_dags/tutorial.py
[2025-07-01T02:16:17.155+0000] {processor.py:925} INFO - DAG(s) 'tutorial' retrieved from /home/airflow/.local/lib/python3.12/site-packages/airflow/example_dags/tutorial.py
[2025-07-01T02:16:17.175+0000] {logging_mixin.py:190} INFO - [2025-07-01T02:16:17.174+0000] {dag.py:3239} INFO - Sync 1 DAGs
[2025-07-01T02:16:17.198+0000] {logging_mixin.py:190} INFO - [2025-07-01T02:16:17.198+0000] {dag.py:4180} INFO - Setting next_dagrun for tutorial to 2025-06-30 00:00:00+00:00, run_after=2025-07-01 00:00:00+00:00
[2025-07-01T02:16:17.217+0000] {processor.py:208} INFO - Processing /home/airflow/.local/lib/python3.12/site-packages/airflow/example_dags/tutorial.py took 0.079 seconds
[2025-07-01T02:16:47.470+0000] {processor.py:186} INFO - Started process (PID=8569) to work on /home/airflow/.local/lib/python3.12/site-packages/airflow/example_dags/tutorial.py
[2025-07-01T02:16:47.471+0000] {processor.py:914} INFO - Processing file /home/airflow/.local/lib/python3.12/site-packages/airflow/example_dags/tutorial.py for tasks to queue
[2025-07-01T02:16:47.474+0000] {logging_mixin.py:190} INFO - [2025-07-01T02:16:47.474+0000] {dagbag.py:588} INFO - Filling up the DagBag from /home/airflow/.local/lib/python3.12/site-packages/airflow/example_dags/tutorial.py
[2025-07-01T02:16:47.483+0000] {processor.py:925} INFO - DAG(s) 'tutorial' retrieved from /home/airflow/.local/lib/python3.12/site-packages/airflow/example_dags/tutorial.py
[2025-07-01T02:16:47.503+0000] {logging_mixin.py:190} INFO - [2025-07-01T02:16:47.502+0000] {dag.py:3239} INFO - Sync 1 DAGs
[2025-07-01T02:16:47.524+0000] {logging_mixin.py:190} INFO - [2025-07-01T02:16:47.523+0000] {dag.py:4180} INFO - Setting next_dagrun for tutorial to 2025-06-30 00:00:00+00:00, run_after=2025-07-01 00:00:00+00:00
[2025-07-01T02:16:47.540+0000] {processor.py:208} INFO - Processing /home/airflow/.local/lib/python3.12/site-packages/airflow/example_dags/tutorial.py took 0.078 seconds
[2025-07-01T02:17:18.154+0000] {processor.py:186} INFO - Started process (PID=8631) to work on /home/airflow/.local/lib/python3.12/site-packages/airflow/example_dags/tutorial.py
[2025-07-01T02:17:18.156+0000] {processor.py:914} INFO - Processing file /home/airflow/.local/lib/python3.12/site-packages/airflow/example_dags/tutorial.py for tasks to queue
[2025-07-01T02:17:18.159+0000] {logging_mixin.py:190} INFO - [2025-07-01T02:17:18.158+0000] {dagbag.py:588} INFO - Filling up the DagBag from /home/airflow/.local/lib/python3.12/site-packages/airflow/example_dags/tutorial.py
[2025-07-01T02:17:18.166+0000] {processor.py:925} INFO - DAG(s) 'tutorial' retrieved from /home/airflow/.local/lib/python3.12/site-packages/airflow/example_dags/tutorial.py
[2025-07-01T02:17:18.186+0000] {logging_mixin.py:190} INFO - [2025-07-01T02:17:18.186+0000] {dag.py:3239} INFO - Sync 1 DAGs
[2025-07-01T02:17:18.208+0000] {logging_mixin.py:190} INFO - [2025-07-01T02:17:18.208+0000] {dag.py:4180} INFO - Setting next_dagrun for tutorial to 2025-06-30 00:00:00+00:00, run_after=2025-07-01 00:00:00+00:00
[2025-07-01T02:17:18.226+0000] {processor.py:208} INFO - Processing /home/airflow/.local/lib/python3.12/site-packages/airflow/example_dags/tutorial.py took 0.077 seconds
[2025-07-01T02:17:49.444+0000] {processor.py:186} INFO - Started process (PID=8693) to work on /home/airflow/.local/lib/python3.12/site-packages/airflow/example_dags/tutorial.py
[2025-07-01T02:17:49.445+0000] {processor.py:914} INFO - Processing file /home/airflow/.local/lib/python3.12/site-packages/airflow/example_dags/tutorial.py for tasks to queue
[2025-07-01T02:17:49.448+0000] {logging_mixin.py:190} INFO - [2025-07-01T02:17:49.448+0000] {dagbag.py:588} INFO - Filling up the DagBag from /home/airflow/.local/lib/python3.12/site-packages/airflow/example_dags/tutorial.py
[2025-07-01T02:17:49.456+0000] {processor.py:925} INFO - DAG(s) 'tutorial' retrieved from /home/airflow/.local/lib/python3.12/site-packages/airflow/example_dags/tutorial.py
[2025-07-01T02:17:49.474+0000] {logging_mixin.py:190} INFO - [2025-07-01T02:17:49.474+0000] {dag.py:3239} INFO - Sync 1 DAGs
[2025-07-01T02:17:49.496+0000] {logging_mixin.py:190} INFO - [2025-07-01T02:17:49.496+0000] {dag.py:4180} INFO - Setting next_dagrun for tutorial to 2025-06-30 00:00:00+00:00, run_after=2025-07-01 00:00:00+00:00
[2025-07-01T02:17:49.514+0000] {processor.py:208} INFO - Processing /home/airflow/.local/lib/python3.12/site-packages/airflow/example_dags/tutorial.py took 0.076 seconds
[2025-07-01T02:18:20.974+0000] {processor.py:186} INFO - Started process (PID=8761) to work on /home/airflow/.local/lib/python3.12/site-packages/airflow/example_dags/tutorial.py
[2025-07-01T02:18:20.976+0000] {processor.py:914} INFO - Processing file /home/airflow/.local/lib/python3.12/site-packages/airflow/example_dags/tutorial.py for tasks to queue
[2025-07-01T02:18:20.979+0000] {logging_mixin.py:190} INFO - [2025-07-01T02:18:20.978+0000] {dagbag.py:588} INFO - Filling up the DagBag from /home/airflow/.local/lib/python3.12/site-packages/airflow/example_dags/tutorial.py
[2025-07-01T02:18:20.988+0000] {processor.py:925} INFO - DAG(s) 'tutorial' retrieved from /home/airflow/.local/lib/python3.12/site-packages/airflow/example_dags/tutorial.py
[2025-07-01T02:18:21.008+0000] {logging_mixin.py:190} INFO - [2025-07-01T02:18:21.008+0000] {dag.py:3239} INFO - Sync 1 DAGs
[2025-07-01T02:18:21.030+0000] {logging_mixin.py:190} INFO - [2025-07-01T02:18:21.030+0000] {dag.py:4180} INFO - Setting next_dagrun for tutorial to 2025-06-30 00:00:00+00:00, run_after=2025-07-01 00:00:00+00:00
[2025-07-01T02:18:21.047+0000] {processor.py:208} INFO - Processing /home/airflow/.local/lib/python3.12/site-packages/airflow/example_dags/tutorial.py took 0.079 seconds
[2025-07-01T02:18:52.089+0000] {processor.py:186} INFO - Started process (PID=8823) to work on /home/airflow/.local/lib/python3.12/site-packages/airflow/example_dags/tutorial.py
[2025-07-01T02:18:52.090+0000] {processor.py:914} INFO - Processing file /home/airflow/.local/lib/python3.12/site-packages/airflow/example_dags/tutorial.py for tasks to queue
[2025-07-01T02:18:52.093+0000] {logging_mixin.py:190} INFO - [2025-07-01T02:18:52.092+0000] {dagbag.py:588} INFO - Filling up the DagBag from /home/airflow/.local/lib/python3.12/site-packages/airflow/example_dags/tutorial.py
[2025-07-01T02:18:52.101+0000] {processor.py:925} INFO - DAG(s) 'tutorial' retrieved from /home/airflow/.local/lib/python3.12/site-packages/airflow/example_dags/tutorial.py
[2025-07-01T02:18:52.120+0000] {logging_mixin.py:190} INFO - [2025-07-01T02:18:52.120+0000] {dag.py:3239} INFO - Sync 1 DAGs
[2025-07-01T02:18:52.143+0000] {logging_mixin.py:190} INFO - [2025-07-01T02:18:52.143+0000] {dag.py:4180} INFO - Setting next_dagrun for tutorial to 2025-06-30 00:00:00+00:00, run_after=2025-07-01 00:00:00+00:00
[2025-07-01T02:18:52.162+0000] {processor.py:208} INFO - Processing /home/airflow/.local/lib/python3.12/site-packages/airflow/example_dags/tutorial.py took 0.079 seconds
[2025-07-01T02:26:38.178+0000] {processor.py:186} INFO - Started process (PID=8896) to work on /home/airflow/.local/lib/python3.12/site-packages/airflow/example_dags/tutorial.py
[2025-07-01T02:26:38.180+0000] {processor.py:914} INFO - Processing file /home/airflow/.local/lib/python3.12/site-packages/airflow/example_dags/tutorial.py for tasks to queue
[2025-07-01T02:26:38.184+0000] {logging_mixin.py:190} INFO - [2025-07-01T02:26:38.184+0000] {dagbag.py:588} INFO - Filling up the DagBag from /home/airflow/.local/lib/python3.12/site-packages/airflow/example_dags/tutorial.py
[2025-07-01T02:26:38.200+0000] {processor.py:925} INFO - DAG(s) 'tutorial' retrieved from /home/airflow/.local/lib/python3.12/site-packages/airflow/example_dags/tutorial.py
[2025-07-01T02:26:38.232+0000] {logging_mixin.py:190} INFO - [2025-07-01T02:26:38.231+0000] {dag.py:3239} INFO - Sync 1 DAGs
[2025-07-01T02:26:38.279+0000] {logging_mixin.py:190} INFO - [2025-07-01T02:26:38.279+0000] {dag.py:4180} INFO - Setting next_dagrun for tutorial to 2025-06-30 00:00:00+00:00, run_after=2025-07-01 00:00:00+00:00
[2025-07-01T02:26:38.315+0000] {processor.py:208} INFO - Processing /home/airflow/.local/lib/python3.12/site-packages/airflow/example_dags/tutorial.py took 0.146 seconds
[2025-07-01T02:27:08.502+0000] {processor.py:186} INFO - Started process (PID=8958) to work on /home/airflow/.local/lib/python3.12/site-packages/airflow/example_dags/tutorial.py
[2025-07-01T02:27:08.503+0000] {processor.py:914} INFO - Processing file /home/airflow/.local/lib/python3.12/site-packages/airflow/example_dags/tutorial.py for tasks to queue
[2025-07-01T02:27:08.507+0000] {logging_mixin.py:190} INFO - [2025-07-01T02:27:08.506+0000] {dagbag.py:588} INFO - Filling up the DagBag from /home/airflow/.local/lib/python3.12/site-packages/airflow/example_dags/tutorial.py
[2025-07-01T02:27:08.517+0000] {processor.py:925} INFO - DAG(s) 'tutorial' retrieved from /home/airflow/.local/lib/python3.12/site-packages/airflow/example_dags/tutorial.py
[2025-07-01T02:27:08.542+0000] {logging_mixin.py:190} INFO - [2025-07-01T02:27:08.542+0000] {dag.py:3239} INFO - Sync 1 DAGs
[2025-07-01T02:27:08.569+0000] {logging_mixin.py:190} INFO - [2025-07-01T02:27:08.569+0000] {dag.py:4180} INFO - Setting next_dagrun for tutorial to 2025-06-30 00:00:00+00:00, run_after=2025-07-01 00:00:00+00:00
[2025-07-01T02:27:08.589+0000] {processor.py:208} INFO - Processing /home/airflow/.local/lib/python3.12/site-packages/airflow/example_dags/tutorial.py took 0.095 seconds
[2025-07-01T02:27:39.103+0000] {processor.py:186} INFO - Started process (PID=9021) to work on /home/airflow/.local/lib/python3.12/site-packages/airflow/example_dags/tutorial.py
[2025-07-01T02:27:39.104+0000] {processor.py:914} INFO - Processing file /home/airflow/.local/lib/python3.12/site-packages/airflow/example_dags/tutorial.py for tasks to queue
[2025-07-01T02:27:39.107+0000] {logging_mixin.py:190} INFO - [2025-07-01T02:27:39.106+0000] {dagbag.py:588} INFO - Filling up the DagBag from /home/airflow/.local/lib/python3.12/site-packages/airflow/example_dags/tutorial.py
[2025-07-01T02:27:39.116+0000] {processor.py:925} INFO - DAG(s) 'tutorial' retrieved from /home/airflow/.local/lib/python3.12/site-packages/airflow/example_dags/tutorial.py
[2025-07-01T02:27:39.139+0000] {logging_mixin.py:190} INFO - [2025-07-01T02:27:39.139+0000] {dag.py:3239} INFO - Sync 1 DAGs
[2025-07-01T02:27:39.169+0000] {logging_mixin.py:190} INFO - [2025-07-01T02:27:39.169+0000] {dag.py:4180} INFO - Setting next_dagrun for tutorial to 2025-06-30 00:00:00+00:00, run_after=2025-07-01 00:00:00+00:00
[2025-07-01T02:27:39.190+0000] {processor.py:208} INFO - Processing /home/airflow/.local/lib/python3.12/site-packages/airflow/example_dags/tutorial.py took 0.094 seconds
[2025-07-01T02:28:09.736+0000] {processor.py:186} INFO - Started process (PID=9083) to work on /home/airflow/.local/lib/python3.12/site-packages/airflow/example_dags/tutorial.py
[2025-07-01T02:28:09.737+0000] {processor.py:914} INFO - Processing file /home/airflow/.local/lib/python3.12/site-packages/airflow/example_dags/tutorial.py for tasks to queue
[2025-07-01T02:28:09.740+0000] {logging_mixin.py:190} INFO - [2025-07-01T02:28:09.739+0000] {dagbag.py:588} INFO - Filling up the DagBag from /home/airflow/.local/lib/python3.12/site-packages/airflow/example_dags/tutorial.py
[2025-07-01T02:28:09.748+0000] {processor.py:925} INFO - DAG(s) 'tutorial' retrieved from /home/airflow/.local/lib/python3.12/site-packages/airflow/example_dags/tutorial.py
[2025-07-01T02:28:09.768+0000] {logging_mixin.py:190} INFO - [2025-07-01T02:28:09.767+0000] {dag.py:3239} INFO - Sync 1 DAGs
[2025-07-01T02:28:09.791+0000] {logging_mixin.py:190} INFO - [2025-07-01T02:28:09.790+0000] {dag.py:4180} INFO - Setting next_dagrun for tutorial to 2025-06-30 00:00:00+00:00, run_after=2025-07-01 00:00:00+00:00
[2025-07-01T02:28:09.808+0000] {processor.py:208} INFO - Processing /home/airflow/.local/lib/python3.12/site-packages/airflow/example_dags/tutorial.py took 0.078 seconds
[2025-07-01T02:28:40.123+0000] {processor.py:186} INFO - Started process (PID=9145) to work on /home/airflow/.local/lib/python3.12/site-packages/airflow/example_dags/tutorial.py
[2025-07-01T02:28:40.124+0000] {processor.py:914} INFO - Processing file /home/airflow/.local/lib/python3.12/site-packages/airflow/example_dags/tutorial.py for tasks to queue
[2025-07-01T02:28:40.126+0000] {logging_mixin.py:190} INFO - [2025-07-01T02:28:40.126+0000] {dagbag.py:588} INFO - Filling up the DagBag from /home/airflow/.local/lib/python3.12/site-packages/airflow/example_dags/tutorial.py
[2025-07-01T02:28:40.135+0000] {processor.py:925} INFO - DAG(s) 'tutorial' retrieved from /home/airflow/.local/lib/python3.12/site-packages/airflow/example_dags/tutorial.py
[2025-07-01T02:28:40.154+0000] {logging_mixin.py:190} INFO - [2025-07-01T02:28:40.154+0000] {dag.py:3239} INFO - Sync 1 DAGs
[2025-07-01T02:28:40.177+0000] {logging_mixin.py:190} INFO - [2025-07-01T02:28:40.176+0000] {dag.py:4180} INFO - Setting next_dagrun for tutorial to 2025-06-30 00:00:00+00:00, run_after=2025-07-01 00:00:00+00:00
[2025-07-01T02:28:40.193+0000] {processor.py:208} INFO - Processing /home/airflow/.local/lib/python3.12/site-packages/airflow/example_dags/tutorial.py took 0.077 seconds
[2025-07-01T02:29:11.032+0000] {processor.py:186} INFO - Started process (PID=9207) to work on /home/airflow/.local/lib/python3.12/site-packages/airflow/example_dags/tutorial.py
[2025-07-01T02:29:11.033+0000] {processor.py:914} INFO - Processing file /home/airflow/.local/lib/python3.12/site-packages/airflow/example_dags/tutorial.py for tasks to queue
[2025-07-01T02:29:11.036+0000] {logging_mixin.py:190} INFO - [2025-07-01T02:29:11.035+0000] {dagbag.py:588} INFO - Filling up the DagBag from /home/airflow/.local/lib/python3.12/site-packages/airflow/example_dags/tutorial.py
[2025-07-01T02:29:11.043+0000] {processor.py:925} INFO - DAG(s) 'tutorial' retrieved from /home/airflow/.local/lib/python3.12/site-packages/airflow/example_dags/tutorial.py
[2025-07-01T02:29:11.064+0000] {logging_mixin.py:190} INFO - [2025-07-01T02:29:11.063+0000] {dag.py:3239} INFO - Sync 1 DAGs
[2025-07-01T02:29:11.086+0000] {logging_mixin.py:190} INFO - [2025-07-01T02:29:11.085+0000] {dag.py:4180} INFO - Setting next_dagrun for tutorial to 2025-06-30 00:00:00+00:00, run_after=2025-07-01 00:00:00+00:00
[2025-07-01T02:29:11.103+0000] {processor.py:208} INFO - Processing /home/airflow/.local/lib/python3.12/site-packages/airflow/example_dags/tutorial.py took 0.077 seconds
[2025-07-01T02:29:41.791+0000] {processor.py:186} INFO - Started process (PID=9269) to work on /home/airflow/.local/lib/python3.12/site-packages/airflow/example_dags/tutorial.py
[2025-07-01T02:29:41.792+0000] {processor.py:914} INFO - Processing file /home/airflow/.local/lib/python3.12/site-packages/airflow/example_dags/tutorial.py for tasks to queue
[2025-07-01T02:29:41.795+0000] {logging_mixin.py:190} INFO - [2025-07-01T02:29:41.794+0000] {dagbag.py:588} INFO - Filling up the DagBag from /home/airflow/.local/lib/python3.12/site-packages/airflow/example_dags/tutorial.py
[2025-07-01T02:29:41.803+0000] {processor.py:925} INFO - DAG(s) 'tutorial' retrieved from /home/airflow/.local/lib/python3.12/site-packages/airflow/example_dags/tutorial.py
[2025-07-01T02:29:41.823+0000] {logging_mixin.py:190} INFO - [2025-07-01T02:29:41.823+0000] {dag.py:3239} INFO - Sync 1 DAGs
[2025-07-01T02:29:41.849+0000] {logging_mixin.py:190} INFO - [2025-07-01T02:29:41.848+0000] {dag.py:4180} INFO - Setting next_dagrun for tutorial to 2025-06-30 00:00:00+00:00, run_after=2025-07-01 00:00:00+00:00
[2025-07-01T02:29:41.867+0000] {processor.py:208} INFO - Processing /home/airflow/.local/lib/python3.12/site-packages/airflow/example_dags/tutorial.py took 0.082 seconds
[2025-07-01T02:30:12.396+0000] {processor.py:186} INFO - Started process (PID=9331) to work on /home/airflow/.local/lib/python3.12/site-packages/airflow/example_dags/tutorial.py
[2025-07-01T02:30:12.397+0000] {processor.py:914} INFO - Processing file /home/airflow/.local/lib/python3.12/site-packages/airflow/example_dags/tutorial.py for tasks to queue
[2025-07-01T02:30:12.400+0000] {logging_mixin.py:190} INFO - [2025-07-01T02:30:12.399+0000] {dagbag.py:588} INFO - Filling up the DagBag from /home/airflow/.local/lib/python3.12/site-packages/airflow/example_dags/tutorial.py
[2025-07-01T02:30:12.409+0000] {processor.py:925} INFO - DAG(s) 'tutorial' retrieved from /home/airflow/.local/lib/python3.12/site-packages/airflow/example_dags/tutorial.py
[2025-07-01T02:30:12.429+0000] {logging_mixin.py:190} INFO - [2025-07-01T02:30:12.429+0000] {dag.py:3239} INFO - Sync 1 DAGs
[2025-07-01T02:30:12.453+0000] {logging_mixin.py:190} INFO - [2025-07-01T02:30:12.452+0000] {dag.py:4180} INFO - Setting next_dagrun for tutorial to 2025-06-30 00:00:00+00:00, run_after=2025-07-01 00:00:00+00:00
[2025-07-01T02:30:12.472+0000] {processor.py:208} INFO - Processing /home/airflow/.local/lib/python3.12/site-packages/airflow/example_dags/tutorial.py took 0.082 seconds
[2025-07-01T02:30:43.212+0000] {processor.py:186} INFO - Started process (PID=9394) to work on /home/airflow/.local/lib/python3.12/site-packages/airflow/example_dags/tutorial.py
[2025-07-01T02:30:43.213+0000] {processor.py:914} INFO - Processing file /home/airflow/.local/lib/python3.12/site-packages/airflow/example_dags/tutorial.py for tasks to queue
[2025-07-01T02:30:43.216+0000] {logging_mixin.py:190} INFO - [2025-07-01T02:30:43.216+0000] {dagbag.py:588} INFO - Filling up the DagBag from /home/airflow/.local/lib/python3.12/site-packages/airflow/example_dags/tutorial.py
[2025-07-01T02:30:43.224+0000] {processor.py:925} INFO - DAG(s) 'tutorial' retrieved from /home/airflow/.local/lib/python3.12/site-packages/airflow/example_dags/tutorial.py
[2025-07-01T02:30:43.244+0000] {logging_mixin.py:190} INFO - [2025-07-01T02:30:43.243+0000] {dag.py:3239} INFO - Sync 1 DAGs
[2025-07-01T02:30:43.266+0000] {logging_mixin.py:190} INFO - [2025-07-01T02:30:43.266+0000] {dag.py:4180} INFO - Setting next_dagrun for tutorial to 2025-06-30 00:00:00+00:00, run_after=2025-07-01 00:00:00+00:00
[2025-07-01T02:30:43.283+0000] {processor.py:208} INFO - Processing /home/airflow/.local/lib/python3.12/site-packages/airflow/example_dags/tutorial.py took 0.077 seconds
[2025-07-01T02:31:13.771+0000] {processor.py:186} INFO - Started process (PID=9456) to work on /home/airflow/.local/lib/python3.12/site-packages/airflow/example_dags/tutorial.py
[2025-07-01T02:31:13.772+0000] {processor.py:914} INFO - Processing file /home/airflow/.local/lib/python3.12/site-packages/airflow/example_dags/tutorial.py for tasks to queue
[2025-07-01T02:31:13.775+0000] {logging_mixin.py:190} INFO - [2025-07-01T02:31:13.774+0000] {dagbag.py:588} INFO - Filling up the DagBag from /home/airflow/.local/lib/python3.12/site-packages/airflow/example_dags/tutorial.py
[2025-07-01T02:31:13.785+0000] {processor.py:925} INFO - DAG(s) 'tutorial' retrieved from /home/airflow/.local/lib/python3.12/site-packages/airflow/example_dags/tutorial.py
[2025-07-01T02:31:13.811+0000] {logging_mixin.py:190} INFO - [2025-07-01T02:31:13.811+0000] {dag.py:3239} INFO - Sync 1 DAGs
[2025-07-01T02:31:13.839+0000] {logging_mixin.py:190} INFO - [2025-07-01T02:31:13.839+0000] {dag.py:4180} INFO - Setting next_dagrun for tutorial to 2025-06-30 00:00:00+00:00, run_after=2025-07-01 00:00:00+00:00
[2025-07-01T02:31:13.860+0000] {processor.py:208} INFO - Processing /home/airflow/.local/lib/python3.12/site-packages/airflow/example_dags/tutorial.py took 0.096 seconds
[2025-07-01T02:31:45.042+0000] {processor.py:186} INFO - Started process (PID=9518) to work on /home/airflow/.local/lib/python3.12/site-packages/airflow/example_dags/tutorial.py
[2025-07-01T02:31:45.045+0000] {processor.py:914} INFO - Processing file /home/airflow/.local/lib/python3.12/site-packages/airflow/example_dags/tutorial.py for tasks to queue
[2025-07-01T02:31:45.047+0000] {logging_mixin.py:190} INFO - [2025-07-01T02:31:45.047+0000] {dagbag.py:588} INFO - Filling up the DagBag from /home/airflow/.local/lib/python3.12/site-packages/airflow/example_dags/tutorial.py
[2025-07-01T02:31:45.055+0000] {processor.py:925} INFO - DAG(s) 'tutorial' retrieved from /home/airflow/.local/lib/python3.12/site-packages/airflow/example_dags/tutorial.py
[2025-07-01T02:31:45.075+0000] {logging_mixin.py:190} INFO - [2025-07-01T02:31:45.075+0000] {dag.py:3239} INFO - Sync 1 DAGs
[2025-07-01T02:31:45.096+0000] {logging_mixin.py:190} INFO - [2025-07-01T02:31:45.096+0000] {dag.py:4180} INFO - Setting next_dagrun for tutorial to 2025-06-30 00:00:00+00:00, run_after=2025-07-01 00:00:00+00:00
[2025-07-01T02:31:45.115+0000] {processor.py:208} INFO - Processing /home/airflow/.local/lib/python3.12/site-packages/airflow/example_dags/tutorial.py took 0.079 seconds
[2025-07-01T02:32:15.363+0000] {processor.py:186} INFO - Started process (PID=9580) to work on /home/airflow/.local/lib/python3.12/site-packages/airflow/example_dags/tutorial.py
[2025-07-01T02:32:15.364+0000] {processor.py:914} INFO - Processing file /home/airflow/.local/lib/python3.12/site-packages/airflow/example_dags/tutorial.py for tasks to queue
[2025-07-01T02:32:15.367+0000] {logging_mixin.py:190} INFO - [2025-07-01T02:32:15.367+0000] {dagbag.py:588} INFO - Filling up the DagBag from /home/airflow/.local/lib/python3.12/site-packages/airflow/example_dags/tutorial.py
[2025-07-01T02:32:15.375+0000] {processor.py:925} INFO - DAG(s) 'tutorial' retrieved from /home/airflow/.local/lib/python3.12/site-packages/airflow/example_dags/tutorial.py
[2025-07-01T02:32:15.396+0000] {logging_mixin.py:190} INFO - [2025-07-01T02:32:15.396+0000] {dag.py:3239} INFO - Sync 1 DAGs
[2025-07-01T02:32:15.419+0000] {logging_mixin.py:190} INFO - [2025-07-01T02:32:15.419+0000] {dag.py:4180} INFO - Setting next_dagrun for tutorial to 2025-06-30 00:00:00+00:00, run_after=2025-07-01 00:00:00+00:00
[2025-07-01T02:32:15.437+0000] {processor.py:208} INFO - Processing /home/airflow/.local/lib/python3.12/site-packages/airflow/example_dags/tutorial.py took 0.081 seconds
[2025-07-01T02:32:46.221+0000] {processor.py:186} INFO - Started process (PID=9642) to work on /home/airflow/.local/lib/python3.12/site-packages/airflow/example_dags/tutorial.py
[2025-07-01T02:32:46.222+0000] {processor.py:914} INFO - Processing file /home/airflow/.local/lib/python3.12/site-packages/airflow/example_dags/tutorial.py for tasks to queue
[2025-07-01T02:32:46.225+0000] {logging_mixin.py:190} INFO - [2025-07-01T02:32:46.224+0000] {dagbag.py:588} INFO - Filling up the DagBag from /home/airflow/.local/lib/python3.12/site-packages/airflow/example_dags/tutorial.py
[2025-07-01T02:32:46.232+0000] {processor.py:925} INFO - DAG(s) 'tutorial' retrieved from /home/airflow/.local/lib/python3.12/site-packages/airflow/example_dags/tutorial.py
[2025-07-01T02:32:46.251+0000] {logging_mixin.py:190} INFO - [2025-07-01T02:32:46.250+0000] {dag.py:3239} INFO - Sync 1 DAGs
[2025-07-01T02:32:46.271+0000] {logging_mixin.py:190} INFO - [2025-07-01T02:32:46.271+0000] {dag.py:4180} INFO - Setting next_dagrun for tutorial to 2025-06-30 00:00:00+00:00, run_after=2025-07-01 00:00:00+00:00
[2025-07-01T02:32:46.288+0000] {processor.py:208} INFO - Processing /home/airflow/.local/lib/python3.12/site-packages/airflow/example_dags/tutorial.py took 0.073 seconds
[2025-07-01T02:33:17.045+0000] {processor.py:186} INFO - Started process (PID=9704) to work on /home/airflow/.local/lib/python3.12/site-packages/airflow/example_dags/tutorial.py
[2025-07-01T02:33:17.047+0000] {processor.py:914} INFO - Processing file /home/airflow/.local/lib/python3.12/site-packages/airflow/example_dags/tutorial.py for tasks to queue
[2025-07-01T02:33:17.050+0000] {logging_mixin.py:190} INFO - [2025-07-01T02:33:17.050+0000] {dagbag.py:588} INFO - Filling up the DagBag from /home/airflow/.local/lib/python3.12/site-packages/airflow/example_dags/tutorial.py
[2025-07-01T02:33:17.057+0000] {processor.py:925} INFO - DAG(s) 'tutorial' retrieved from /home/airflow/.local/lib/python3.12/site-packages/airflow/example_dags/tutorial.py
[2025-07-01T02:33:17.077+0000] {logging_mixin.py:190} INFO - [2025-07-01T02:33:17.077+0000] {dag.py:3239} INFO - Sync 1 DAGs
[2025-07-01T02:33:17.099+0000] {logging_mixin.py:190} INFO - [2025-07-01T02:33:17.099+0000] {dag.py:4180} INFO - Setting next_dagrun for tutorial to 2025-06-30 00:00:00+00:00, run_after=2025-07-01 00:00:00+00:00
[2025-07-01T02:33:17.116+0000] {processor.py:208} INFO - Processing /home/airflow/.local/lib/python3.12/site-packages/airflow/example_dags/tutorial.py took 0.077 seconds
[2025-07-01T02:33:50.623+0000] {processor.py:186} INFO - Started process (PID=9766) to work on /home/airflow/.local/lib/python3.12/site-packages/airflow/example_dags/tutorial.py
[2025-07-01T02:33:50.625+0000] {processor.py:914} INFO - Processing file /home/airflow/.local/lib/python3.12/site-packages/airflow/example_dags/tutorial.py for tasks to queue
[2025-07-01T02:33:50.632+0000] {logging_mixin.py:190} INFO - [2025-07-01T02:33:50.631+0000] {dagbag.py:588} INFO - Filling up the DagBag from /home/airflow/.local/lib/python3.12/site-packages/airflow/example_dags/tutorial.py
[2025-07-01T02:33:50.649+0000] {processor.py:925} INFO - DAG(s) 'tutorial' retrieved from /home/airflow/.local/lib/python3.12/site-packages/airflow/example_dags/tutorial.py
[2025-07-01T02:33:50.702+0000] {logging_mixin.py:190} INFO - [2025-07-01T02:33:50.702+0000] {dag.py:3239} INFO - Sync 1 DAGs
[2025-07-01T02:33:50.923+0000] {logging_mixin.py:190} INFO - [2025-07-01T02:33:50.923+0000] {dag.py:4180} INFO - Setting next_dagrun for tutorial to 2025-06-30 00:00:00+00:00, run_after=2025-07-01 00:00:00+00:00
[2025-07-01T02:33:50.940+0000] {processor.py:208} INFO - Processing /home/airflow/.local/lib/python3.12/site-packages/airflow/example_dags/tutorial.py took 0.330 seconds
[2025-07-01T02:34:21.150+0000] {processor.py:186} INFO - Started process (PID=9828) to work on /home/airflow/.local/lib/python3.12/site-packages/airflow/example_dags/tutorial.py
[2025-07-01T02:34:21.152+0000] {processor.py:914} INFO - Processing file /home/airflow/.local/lib/python3.12/site-packages/airflow/example_dags/tutorial.py for tasks to queue
[2025-07-01T02:34:21.156+0000] {logging_mixin.py:190} INFO - [2025-07-01T02:34:21.156+0000] {dagbag.py:588} INFO - Filling up the DagBag from /home/airflow/.local/lib/python3.12/site-packages/airflow/example_dags/tutorial.py
[2025-07-01T02:34:21.167+0000] {processor.py:925} INFO - DAG(s) 'tutorial' retrieved from /home/airflow/.local/lib/python3.12/site-packages/airflow/example_dags/tutorial.py
[2025-07-01T02:34:21.190+0000] {logging_mixin.py:190} INFO - [2025-07-01T02:34:21.190+0000] {dag.py:3239} INFO - Sync 1 DAGs
[2025-07-01T02:34:21.438+0000] {logging_mixin.py:190} INFO - [2025-07-01T02:34:21.438+0000] {dag.py:4180} INFO - Setting next_dagrun for tutorial to 2025-06-30 00:00:00+00:00, run_after=2025-07-01 00:00:00+00:00
[2025-07-01T02:34:21.460+0000] {processor.py:208} INFO - Processing /home/airflow/.local/lib/python3.12/site-packages/airflow/example_dags/tutorial.py took 0.318 seconds
[2025-07-01T02:34:51.507+0000] {processor.py:186} INFO - Started process (PID=9890) to work on /home/airflow/.local/lib/python3.12/site-packages/airflow/example_dags/tutorial.py
[2025-07-01T02:34:51.508+0000] {processor.py:914} INFO - Processing file /home/airflow/.local/lib/python3.12/site-packages/airflow/example_dags/tutorial.py for tasks to queue
[2025-07-01T02:34:51.511+0000] {logging_mixin.py:190} INFO - [2025-07-01T02:34:51.511+0000] {dagbag.py:588} INFO - Filling up the DagBag from /home/airflow/.local/lib/python3.12/site-packages/airflow/example_dags/tutorial.py
[2025-07-01T02:34:51.519+0000] {processor.py:925} INFO - DAG(s) 'tutorial' retrieved from /home/airflow/.local/lib/python3.12/site-packages/airflow/example_dags/tutorial.py
[2025-07-01T02:34:51.539+0000] {logging_mixin.py:190} INFO - [2025-07-01T02:34:51.539+0000] {dag.py:3239} INFO - Sync 1 DAGs
[2025-07-01T02:34:51.563+0000] {logging_mixin.py:190} INFO - [2025-07-01T02:34:51.562+0000] {dag.py:4180} INFO - Setting next_dagrun for tutorial to 2025-06-30 00:00:00+00:00, run_after=2025-07-01 00:00:00+00:00
[2025-07-01T02:34:51.583+0000] {processor.py:208} INFO - Processing /home/airflow/.local/lib/python3.12/site-packages/airflow/example_dags/tutorial.py took 0.084 seconds
[2025-07-01T02:35:21.786+0000] {processor.py:186} INFO - Started process (PID=9952) to work on /home/airflow/.local/lib/python3.12/site-packages/airflow/example_dags/tutorial.py
[2025-07-01T02:35:21.787+0000] {processor.py:914} INFO - Processing file /home/airflow/.local/lib/python3.12/site-packages/airflow/example_dags/tutorial.py for tasks to queue
[2025-07-01T02:35:21.790+0000] {logging_mixin.py:190} INFO - [2025-07-01T02:35:21.790+0000] {dagbag.py:588} INFO - Filling up the DagBag from /home/airflow/.local/lib/python3.12/site-packages/airflow/example_dags/tutorial.py
[2025-07-01T02:35:21.799+0000] {processor.py:925} INFO - DAG(s) 'tutorial' retrieved from /home/airflow/.local/lib/python3.12/site-packages/airflow/example_dags/tutorial.py
[2025-07-01T02:35:21.820+0000] {logging_mixin.py:190} INFO - [2025-07-01T02:35:21.820+0000] {dag.py:3239} INFO - Sync 1 DAGs
[2025-07-01T02:35:21.840+0000] {logging_mixin.py:190} INFO - [2025-07-01T02:35:21.840+0000] {dag.py:4180} INFO - Setting next_dagrun for tutorial to 2025-06-30 00:00:00+00:00, run_after=2025-07-01 00:00:00+00:00
[2025-07-01T02:35:21.856+0000] {processor.py:208} INFO - Processing /home/airflow/.local/lib/python3.12/site-packages/airflow/example_dags/tutorial.py took 0.079 seconds
[2025-07-01T02:35:52.743+0000] {processor.py:186} INFO - Started process (PID=10014) to work on /home/airflow/.local/lib/python3.12/site-packages/airflow/example_dags/tutorial.py
[2025-07-01T02:35:52.744+0000] {processor.py:914} INFO - Processing file /home/airflow/.local/lib/python3.12/site-packages/airflow/example_dags/tutorial.py for tasks to queue
[2025-07-01T02:35:52.747+0000] {logging_mixin.py:190} INFO - [2025-07-01T02:35:52.746+0000] {dagbag.py:588} INFO - Filling up the DagBag from /home/airflow/.local/lib/python3.12/site-packages/airflow/example_dags/tutorial.py
[2025-07-01T02:35:52.754+0000] {processor.py:925} INFO - DAG(s) 'tutorial' retrieved from /home/airflow/.local/lib/python3.12/site-packages/airflow/example_dags/tutorial.py
[2025-07-01T02:35:52.774+0000] {logging_mixin.py:190} INFO - [2025-07-01T02:35:52.774+0000] {dag.py:3239} INFO - Sync 1 DAGs
[2025-07-01T02:35:52.806+0000] {logging_mixin.py:190} INFO - [2025-07-01T02:35:52.806+0000] {dag.py:4180} INFO - Setting next_dagrun for tutorial to 2025-06-30 00:00:00+00:00, run_after=2025-07-01 00:00:00+00:00
[2025-07-01T02:35:52.825+0000] {processor.py:208} INFO - Processing /home/airflow/.local/lib/python3.12/site-packages/airflow/example_dags/tutorial.py took 0.088 seconds
[2025-07-01T02:36:23.434+0000] {processor.py:186} INFO - Started process (PID=10076) to work on /home/airflow/.local/lib/python3.12/site-packages/airflow/example_dags/tutorial.py
[2025-07-01T02:36:23.435+0000] {processor.py:914} INFO - Processing file /home/airflow/.local/lib/python3.12/site-packages/airflow/example_dags/tutorial.py for tasks to queue
[2025-07-01T02:36:23.438+0000] {logging_mixin.py:190} INFO - [2025-07-01T02:36:23.437+0000] {dagbag.py:588} INFO - Filling up the DagBag from /home/airflow/.local/lib/python3.12/site-packages/airflow/example_dags/tutorial.py
[2025-07-01T02:36:23.448+0000] {processor.py:925} INFO - DAG(s) 'tutorial' retrieved from /home/airflow/.local/lib/python3.12/site-packages/airflow/example_dags/tutorial.py
[2025-07-01T02:36:23.478+0000] {logging_mixin.py:190} INFO - [2025-07-01T02:36:23.478+0000] {dag.py:3239} INFO - Sync 1 DAGs
[2025-07-01T02:36:23.510+0000] {logging_mixin.py:190} INFO - [2025-07-01T02:36:23.510+0000] {dag.py:4180} INFO - Setting next_dagrun for tutorial to 2025-06-30 00:00:00+00:00, run_after=2025-07-01 00:00:00+00:00
[2025-07-01T02:36:23.526+0000] {processor.py:208} INFO - Processing /home/airflow/.local/lib/python3.12/site-packages/airflow/example_dags/tutorial.py took 0.099 seconds
[2025-07-01T02:36:53.825+0000] {processor.py:186} INFO - Started process (PID=10138) to work on /home/airflow/.local/lib/python3.12/site-packages/airflow/example_dags/tutorial.py
[2025-07-01T02:36:53.826+0000] {processor.py:914} INFO - Processing file /home/airflow/.local/lib/python3.12/site-packages/airflow/example_dags/tutorial.py for tasks to queue
[2025-07-01T02:36:53.829+0000] {logging_mixin.py:190} INFO - [2025-07-01T02:36:53.829+0000] {dagbag.py:588} INFO - Filling up the DagBag from /home/airflow/.local/lib/python3.12/site-packages/airflow/example_dags/tutorial.py
[2025-07-01T02:36:53.837+0000] {processor.py:925} INFO - DAG(s) 'tutorial' retrieved from /home/airflow/.local/lib/python3.12/site-packages/airflow/example_dags/tutorial.py
[2025-07-01T02:36:53.857+0000] {logging_mixin.py:190} INFO - [2025-07-01T02:36:53.857+0000] {dag.py:3239} INFO - Sync 1 DAGs
[2025-07-01T02:36:53.878+0000] {logging_mixin.py:190} INFO - [2025-07-01T02:36:53.878+0000] {dag.py:4180} INFO - Setting next_dagrun for tutorial to 2025-06-30 00:00:00+00:00, run_after=2025-07-01 00:00:00+00:00
[2025-07-01T02:36:53.895+0000] {processor.py:208} INFO - Processing /home/airflow/.local/lib/python3.12/site-packages/airflow/example_dags/tutorial.py took 0.075 seconds
[2025-07-01T02:37:23.992+0000] {processor.py:186} INFO - Started process (PID=10200) to work on /home/airflow/.local/lib/python3.12/site-packages/airflow/example_dags/tutorial.py
[2025-07-01T02:37:23.993+0000] {processor.py:914} INFO - Processing file /home/airflow/.local/lib/python3.12/site-packages/airflow/example_dags/tutorial.py for tasks to queue
[2025-07-01T02:37:23.996+0000] {logging_mixin.py:190} INFO - [2025-07-01T02:37:23.995+0000] {dagbag.py:588} INFO - Filling up the DagBag from /home/airflow/.local/lib/python3.12/site-packages/airflow/example_dags/tutorial.py
[2025-07-01T02:37:24.003+0000] {processor.py:925} INFO - DAG(s) 'tutorial' retrieved from /home/airflow/.local/lib/python3.12/site-packages/airflow/example_dags/tutorial.py
[2025-07-01T02:37:24.023+0000] {logging_mixin.py:190} INFO - [2025-07-01T02:37:24.022+0000] {dag.py:3239} INFO - Sync 1 DAGs
[2025-07-01T02:37:24.043+0000] {logging_mixin.py:190} INFO - [2025-07-01T02:37:24.043+0000] {dag.py:4180} INFO - Setting next_dagrun for tutorial to 2025-06-30 00:00:00+00:00, run_after=2025-07-01 00:00:00+00:00
[2025-07-01T02:37:24.059+0000] {processor.py:208} INFO - Processing /home/airflow/.local/lib/python3.12/site-packages/airflow/example_dags/tutorial.py took 0.073 seconds
[2025-07-01T02:37:54.329+0000] {processor.py:186} INFO - Started process (PID=10263) to work on /home/airflow/.local/lib/python3.12/site-packages/airflow/example_dags/tutorial.py
[2025-07-01T02:37:54.330+0000] {processor.py:914} INFO - Processing file /home/airflow/.local/lib/python3.12/site-packages/airflow/example_dags/tutorial.py for tasks to queue
[2025-07-01T02:37:54.334+0000] {logging_mixin.py:190} INFO - [2025-07-01T02:37:54.333+0000] {dagbag.py:588} INFO - Filling up the DagBag from /home/airflow/.local/lib/python3.12/site-packages/airflow/example_dags/tutorial.py
[2025-07-01T02:37:54.343+0000] {processor.py:925} INFO - DAG(s) 'tutorial' retrieved from /home/airflow/.local/lib/python3.12/site-packages/airflow/example_dags/tutorial.py
[2025-07-01T02:37:54.366+0000] {logging_mixin.py:190} INFO - [2025-07-01T02:37:54.365+0000] {dag.py:3239} INFO - Sync 1 DAGs
[2025-07-01T02:37:54.392+0000] {logging_mixin.py:190} INFO - [2025-07-01T02:37:54.392+0000] {dag.py:4180} INFO - Setting next_dagrun for tutorial to 2025-06-30 00:00:00+00:00, run_after=2025-07-01 00:00:00+00:00
[2025-07-01T02:37:54.415+0000] {processor.py:208} INFO - Processing /home/airflow/.local/lib/python3.12/site-packages/airflow/example_dags/tutorial.py took 0.092 seconds
[2025-07-01T02:38:25.122+0000] {processor.py:186} INFO - Started process (PID=10325) to work on /home/airflow/.local/lib/python3.12/site-packages/airflow/example_dags/tutorial.py
[2025-07-01T02:38:25.123+0000] {processor.py:914} INFO - Processing file /home/airflow/.local/lib/python3.12/site-packages/airflow/example_dags/tutorial.py for tasks to queue
[2025-07-01T02:38:25.126+0000] {logging_mixin.py:190} INFO - [2025-07-01T02:38:25.125+0000] {dagbag.py:588} INFO - Filling up the DagBag from /home/airflow/.local/lib/python3.12/site-packages/airflow/example_dags/tutorial.py
[2025-07-01T02:38:25.133+0000] {processor.py:925} INFO - DAG(s) 'tutorial' retrieved from /home/airflow/.local/lib/python3.12/site-packages/airflow/example_dags/tutorial.py
[2025-07-01T02:38:25.152+0000] {logging_mixin.py:190} INFO - [2025-07-01T02:38:25.152+0000] {dag.py:3239} INFO - Sync 1 DAGs
[2025-07-01T02:38:25.173+0000] {logging_mixin.py:190} INFO - [2025-07-01T02:38:25.173+0000] {dag.py:4180} INFO - Setting next_dagrun for tutorial to 2025-06-30 00:00:00+00:00, run_after=2025-07-01 00:00:00+00:00
[2025-07-01T02:38:25.189+0000] {processor.py:208} INFO - Processing /home/airflow/.local/lib/python3.12/site-packages/airflow/example_dags/tutorial.py took 0.074 seconds
[2025-07-01T02:38:55.935+0000] {processor.py:186} INFO - Started process (PID=10393) to work on /home/airflow/.local/lib/python3.12/site-packages/airflow/example_dags/tutorial.py
[2025-07-01T02:38:55.936+0000] {processor.py:914} INFO - Processing file /home/airflow/.local/lib/python3.12/site-packages/airflow/example_dags/tutorial.py for tasks to queue
[2025-07-01T02:38:55.939+0000] {logging_mixin.py:190} INFO - [2025-07-01T02:38:55.939+0000] {dagbag.py:588} INFO - Filling up the DagBag from /home/airflow/.local/lib/python3.12/site-packages/airflow/example_dags/tutorial.py
[2025-07-01T02:38:55.954+0000] {processor.py:925} INFO - DAG(s) 'tutorial' retrieved from /home/airflow/.local/lib/python3.12/site-packages/airflow/example_dags/tutorial.py
[2025-07-01T02:38:55.976+0000] {logging_mixin.py:190} INFO - [2025-07-01T02:38:55.975+0000] {dag.py:3239} INFO - Sync 1 DAGs
[2025-07-01T02:38:56.001+0000] {logging_mixin.py:190} INFO - [2025-07-01T02:38:56.001+0000] {dag.py:4180} INFO - Setting next_dagrun for tutorial to 2025-06-30 00:00:00+00:00, run_after=2025-07-01 00:00:00+00:00
[2025-07-01T02:38:56.021+0000] {processor.py:208} INFO - Processing /home/airflow/.local/lib/python3.12/site-packages/airflow/example_dags/tutorial.py took 0.093 seconds
[2025-07-01T02:39:26.801+0000] {processor.py:186} INFO - Started process (PID=10455) to work on /home/airflow/.local/lib/python3.12/site-packages/airflow/example_dags/tutorial.py
[2025-07-01T02:39:26.802+0000] {processor.py:914} INFO - Processing file /home/airflow/.local/lib/python3.12/site-packages/airflow/example_dags/tutorial.py for tasks to queue
[2025-07-01T02:39:26.805+0000] {logging_mixin.py:190} INFO - [2025-07-01T02:39:26.805+0000] {dagbag.py:588} INFO - Filling up the DagBag from /home/airflow/.local/lib/python3.12/site-packages/airflow/example_dags/tutorial.py
[2025-07-01T02:39:26.813+0000] {processor.py:925} INFO - DAG(s) 'tutorial' retrieved from /home/airflow/.local/lib/python3.12/site-packages/airflow/example_dags/tutorial.py
[2025-07-01T02:39:26.832+0000] {logging_mixin.py:190} INFO - [2025-07-01T02:39:26.832+0000] {dag.py:3239} INFO - Sync 1 DAGs
[2025-07-01T02:39:26.853+0000] {logging_mixin.py:190} INFO - [2025-07-01T02:39:26.853+0000] {dag.py:4180} INFO - Setting next_dagrun for tutorial to 2025-06-30 00:00:00+00:00, run_after=2025-07-01 00:00:00+00:00
[2025-07-01T02:39:26.869+0000] {processor.py:208} INFO - Processing /home/airflow/.local/lib/python3.12/site-packages/airflow/example_dags/tutorial.py took 0.074 seconds
[2025-07-01T02:39:57.829+0000] {processor.py:186} INFO - Started process (PID=10517) to work on /home/airflow/.local/lib/python3.12/site-packages/airflow/example_dags/tutorial.py
[2025-07-01T02:39:57.830+0000] {processor.py:914} INFO - Processing file /home/airflow/.local/lib/python3.12/site-packages/airflow/example_dags/tutorial.py for tasks to queue
[2025-07-01T02:39:57.833+0000] {logging_mixin.py:190} INFO - [2025-07-01T02:39:57.833+0000] {dagbag.py:588} INFO - Filling up the DagBag from /home/airflow/.local/lib/python3.12/site-packages/airflow/example_dags/tutorial.py
[2025-07-01T02:39:57.841+0000] {processor.py:925} INFO - DAG(s) 'tutorial' retrieved from /home/airflow/.local/lib/python3.12/site-packages/airflow/example_dags/tutorial.py
[2025-07-01T02:39:57.861+0000] {logging_mixin.py:190} INFO - [2025-07-01T02:39:57.860+0000] {dag.py:3239} INFO - Sync 1 DAGs
[2025-07-01T02:39:57.882+0000] {logging_mixin.py:190} INFO - [2025-07-01T02:39:57.881+0000] {dag.py:4180} INFO - Setting next_dagrun for tutorial to 2025-06-30 00:00:00+00:00, run_after=2025-07-01 00:00:00+00:00
[2025-07-01T02:39:57.899+0000] {processor.py:208} INFO - Processing /home/airflow/.local/lib/python3.12/site-packages/airflow/example_dags/tutorial.py took 0.075 seconds
[2025-07-01T02:40:28.608+0000] {processor.py:186} INFO - Started process (PID=10579) to work on /home/airflow/.local/lib/python3.12/site-packages/airflow/example_dags/tutorial.py
[2025-07-01T02:40:28.609+0000] {processor.py:914} INFO - Processing file /home/airflow/.local/lib/python3.12/site-packages/airflow/example_dags/tutorial.py for tasks to queue
[2025-07-01T02:40:28.611+0000] {logging_mixin.py:190} INFO - [2025-07-01T02:40:28.611+0000] {dagbag.py:588} INFO - Filling up the DagBag from /home/airflow/.local/lib/python3.12/site-packages/airflow/example_dags/tutorial.py
[2025-07-01T02:40:28.620+0000] {processor.py:925} INFO - DAG(s) 'tutorial' retrieved from /home/airflow/.local/lib/python3.12/site-packages/airflow/example_dags/tutorial.py
[2025-07-01T02:40:28.639+0000] {logging_mixin.py:190} INFO - [2025-07-01T02:40:28.639+0000] {dag.py:3239} INFO - Sync 1 DAGs
[2025-07-01T02:40:28.659+0000] {logging_mixin.py:190} INFO - [2025-07-01T02:40:28.659+0000] {dag.py:4180} INFO - Setting next_dagrun for tutorial to 2025-06-30 00:00:00+00:00, run_after=2025-07-01 00:00:00+00:00
[2025-07-01T02:40:28.674+0000] {processor.py:208} INFO - Processing /home/airflow/.local/lib/python3.12/site-packages/airflow/example_dags/tutorial.py took 0.072 seconds
[2025-07-01T02:40:59.374+0000] {processor.py:186} INFO - Started process (PID=10641) to work on /home/airflow/.local/lib/python3.12/site-packages/airflow/example_dags/tutorial.py
[2025-07-01T02:40:59.376+0000] {processor.py:914} INFO - Processing file /home/airflow/.local/lib/python3.12/site-packages/airflow/example_dags/tutorial.py for tasks to queue
[2025-07-01T02:40:59.379+0000] {logging_mixin.py:190} INFO - [2025-07-01T02:40:59.379+0000] {dagbag.py:588} INFO - Filling up the DagBag from /home/airflow/.local/lib/python3.12/site-packages/airflow/example_dags/tutorial.py
[2025-07-01T02:40:59.389+0000] {processor.py:925} INFO - DAG(s) 'tutorial' retrieved from /home/airflow/.local/lib/python3.12/site-packages/airflow/example_dags/tutorial.py
[2025-07-01T02:40:59.408+0000] {logging_mixin.py:190} INFO - [2025-07-01T02:40:59.408+0000] {dag.py:3239} INFO - Sync 1 DAGs
[2025-07-01T02:40:59.429+0000] {logging_mixin.py:190} INFO - [2025-07-01T02:40:59.429+0000] {dag.py:4180} INFO - Setting next_dagrun for tutorial to 2025-06-30 00:00:00+00:00, run_after=2025-07-01 00:00:00+00:00
[2025-07-01T02:40:59.446+0000] {processor.py:208} INFO - Processing /home/airflow/.local/lib/python3.12/site-packages/airflow/example_dags/tutorial.py took 0.077 seconds
[2025-07-01T02:48:46.762+0000] {processor.py:186} INFO - Started process (PID=10725) to work on /home/airflow/.local/lib/python3.12/site-packages/airflow/example_dags/tutorial.py
[2025-07-01T02:48:46.764+0000] {processor.py:914} INFO - Processing file /home/airflow/.local/lib/python3.12/site-packages/airflow/example_dags/tutorial.py for tasks to queue
[2025-07-01T02:48:46.767+0000] {logging_mixin.py:190} INFO - [2025-07-01T02:48:46.767+0000] {dagbag.py:588} INFO - Filling up the DagBag from /home/airflow/.local/lib/python3.12/site-packages/airflow/example_dags/tutorial.py
[2025-07-01T02:48:46.778+0000] {processor.py:925} INFO - DAG(s) 'tutorial' retrieved from /home/airflow/.local/lib/python3.12/site-packages/airflow/example_dags/tutorial.py
[2025-07-01T02:48:46.808+0000] {logging_mixin.py:190} INFO - [2025-07-01T02:48:46.808+0000] {dag.py:3239} INFO - Sync 1 DAGs
[2025-07-01T02:48:46.841+0000] {logging_mixin.py:190} INFO - [2025-07-01T02:48:46.841+0000] {dag.py:4180} INFO - Setting next_dagrun for tutorial to 2025-06-30 00:00:00+00:00, run_after=2025-07-01 00:00:00+00:00
[2025-07-01T02:48:46.866+0000] {processor.py:208} INFO - Processing /home/airflow/.local/lib/python3.12/site-packages/airflow/example_dags/tutorial.py took 0.114 seconds
[2025-07-01T02:49:17.446+0000] {processor.py:186} INFO - Started process (PID=10787) to work on /home/airflow/.local/lib/python3.12/site-packages/airflow/example_dags/tutorial.py
[2025-07-01T02:49:17.447+0000] {processor.py:914} INFO - Processing file /home/airflow/.local/lib/python3.12/site-packages/airflow/example_dags/tutorial.py for tasks to queue
[2025-07-01T02:49:17.451+0000] {logging_mixin.py:190} INFO - [2025-07-01T02:49:17.450+0000] {dagbag.py:588} INFO - Filling up the DagBag from /home/airflow/.local/lib/python3.12/site-packages/airflow/example_dags/tutorial.py
[2025-07-01T02:49:17.463+0000] {processor.py:925} INFO - DAG(s) 'tutorial' retrieved from /home/airflow/.local/lib/python3.12/site-packages/airflow/example_dags/tutorial.py
[2025-07-01T02:49:17.486+0000] {logging_mixin.py:190} INFO - [2025-07-01T02:49:17.485+0000] {dag.py:3239} INFO - Sync 1 DAGs
[2025-07-01T02:49:17.511+0000] {logging_mixin.py:190} INFO - [2025-07-01T02:49:17.510+0000] {dag.py:4180} INFO - Setting next_dagrun for tutorial to 2025-06-30 00:00:00+00:00, run_after=2025-07-01 00:00:00+00:00
[2025-07-01T02:49:17.539+0000] {processor.py:208} INFO - Processing /home/airflow/.local/lib/python3.12/site-packages/airflow/example_dags/tutorial.py took 0.103 seconds
[2025-07-01T02:49:47.707+0000] {processor.py:186} INFO - Started process (PID=10849) to work on /home/airflow/.local/lib/python3.12/site-packages/airflow/example_dags/tutorial.py
[2025-07-01T02:49:47.708+0000] {processor.py:914} INFO - Processing file /home/airflow/.local/lib/python3.12/site-packages/airflow/example_dags/tutorial.py for tasks to queue
[2025-07-01T02:49:47.711+0000] {logging_mixin.py:190} INFO - [2025-07-01T02:49:47.711+0000] {dagbag.py:588} INFO - Filling up the DagBag from /home/airflow/.local/lib/python3.12/site-packages/airflow/example_dags/tutorial.py
[2025-07-01T02:49:47.721+0000] {processor.py:925} INFO - DAG(s) 'tutorial' retrieved from /home/airflow/.local/lib/python3.12/site-packages/airflow/example_dags/tutorial.py
[2025-07-01T02:49:47.743+0000] {logging_mixin.py:190} INFO - [2025-07-01T02:49:47.743+0000] {dag.py:3239} INFO - Sync 1 DAGs
[2025-07-01T02:49:47.768+0000] {logging_mixin.py:190} INFO - [2025-07-01T02:49:47.767+0000] {dag.py:4180} INFO - Setting next_dagrun for tutorial to 2025-06-30 00:00:00+00:00, run_after=2025-07-01 00:00:00+00:00
[2025-07-01T02:49:47.797+0000] {processor.py:208} INFO - Processing /home/airflow/.local/lib/python3.12/site-packages/airflow/example_dags/tutorial.py took 0.097 seconds
[2025-07-01T02:50:18.716+0000] {processor.py:186} INFO - Started process (PID=10911) to work on /home/airflow/.local/lib/python3.12/site-packages/airflow/example_dags/tutorial.py
[2025-07-01T02:50:18.717+0000] {processor.py:914} INFO - Processing file /home/airflow/.local/lib/python3.12/site-packages/airflow/example_dags/tutorial.py for tasks to queue
[2025-07-01T02:50:18.720+0000] {logging_mixin.py:190} INFO - [2025-07-01T02:50:18.720+0000] {dagbag.py:588} INFO - Filling up the DagBag from /home/airflow/.local/lib/python3.12/site-packages/airflow/example_dags/tutorial.py
[2025-07-01T02:50:18.728+0000] {processor.py:925} INFO - DAG(s) 'tutorial' retrieved from /home/airflow/.local/lib/python3.12/site-packages/airflow/example_dags/tutorial.py
[2025-07-01T02:50:18.748+0000] {logging_mixin.py:190} INFO - [2025-07-01T02:50:18.748+0000] {dag.py:3239} INFO - Sync 1 DAGs
[2025-07-01T02:50:18.769+0000] {logging_mixin.py:190} INFO - [2025-07-01T02:50:18.769+0000] {dag.py:4180} INFO - Setting next_dagrun for tutorial to 2025-06-30 00:00:00+00:00, run_after=2025-07-01 00:00:00+00:00
[2025-07-01T02:50:18.788+0000] {processor.py:208} INFO - Processing /home/airflow/.local/lib/python3.12/site-packages/airflow/example_dags/tutorial.py took 0.077 seconds
[2025-07-01T02:50:48.873+0000] {processor.py:186} INFO - Started process (PID=10973) to work on /home/airflow/.local/lib/python3.12/site-packages/airflow/example_dags/tutorial.py
[2025-07-01T02:50:48.874+0000] {processor.py:914} INFO - Processing file /home/airflow/.local/lib/python3.12/site-packages/airflow/example_dags/tutorial.py for tasks to queue
[2025-07-01T02:50:48.877+0000] {logging_mixin.py:190} INFO - [2025-07-01T02:50:48.877+0000] {dagbag.py:588} INFO - Filling up the DagBag from /home/airflow/.local/lib/python3.12/site-packages/airflow/example_dags/tutorial.py
[2025-07-01T02:50:48.885+0000] {processor.py:925} INFO - DAG(s) 'tutorial' retrieved from /home/airflow/.local/lib/python3.12/site-packages/airflow/example_dags/tutorial.py
[2025-07-01T02:50:48.905+0000] {logging_mixin.py:190} INFO - [2025-07-01T02:50:48.904+0000] {dag.py:3239} INFO - Sync 1 DAGs
[2025-07-01T02:50:48.925+0000] {logging_mixin.py:190} INFO - [2025-07-01T02:50:48.925+0000] {dag.py:4180} INFO - Setting next_dagrun for tutorial to 2025-06-30 00:00:00+00:00, run_after=2025-07-01 00:00:00+00:00
[2025-07-01T02:50:48.941+0000] {processor.py:208} INFO - Processing /home/airflow/.local/lib/python3.12/site-packages/airflow/example_dags/tutorial.py took 0.074 seconds
[2025-07-01T02:51:19.226+0000] {processor.py:186} INFO - Started process (PID=11036) to work on /home/airflow/.local/lib/python3.12/site-packages/airflow/example_dags/tutorial.py
[2025-07-01T02:51:19.227+0000] {processor.py:914} INFO - Processing file /home/airflow/.local/lib/python3.12/site-packages/airflow/example_dags/tutorial.py for tasks to queue
[2025-07-01T02:51:19.230+0000] {logging_mixin.py:190} INFO - [2025-07-01T02:51:19.229+0000] {dagbag.py:588} INFO - Filling up the DagBag from /home/airflow/.local/lib/python3.12/site-packages/airflow/example_dags/tutorial.py
[2025-07-01T02:51:19.237+0000] {processor.py:925} INFO - DAG(s) 'tutorial' retrieved from /home/airflow/.local/lib/python3.12/site-packages/airflow/example_dags/tutorial.py
[2025-07-01T02:51:19.259+0000] {logging_mixin.py:190} INFO - [2025-07-01T02:51:19.259+0000] {dag.py:3239} INFO - Sync 1 DAGs
[2025-07-01T02:51:19.280+0000] {logging_mixin.py:190} INFO - [2025-07-01T02:51:19.280+0000] {dag.py:4180} INFO - Setting next_dagrun for tutorial to 2025-06-30 00:00:00+00:00, run_after=2025-07-01 00:00:00+00:00
[2025-07-01T02:51:19.296+0000] {processor.py:208} INFO - Processing /home/airflow/.local/lib/python3.12/site-packages/airflow/example_dags/tutorial.py took 0.077 seconds
[2025-07-01T02:51:49.484+0000] {processor.py:186} INFO - Started process (PID=11098) to work on /home/airflow/.local/lib/python3.12/site-packages/airflow/example_dags/tutorial.py
[2025-07-01T02:51:49.485+0000] {processor.py:914} INFO - Processing file /home/airflow/.local/lib/python3.12/site-packages/airflow/example_dags/tutorial.py for tasks to queue
[2025-07-01T02:51:49.488+0000] {logging_mixin.py:190} INFO - [2025-07-01T02:51:49.488+0000] {dagbag.py:588} INFO - Filling up the DagBag from /home/airflow/.local/lib/python3.12/site-packages/airflow/example_dags/tutorial.py
[2025-07-01T02:51:49.496+0000] {processor.py:925} INFO - DAG(s) 'tutorial' retrieved from /home/airflow/.local/lib/python3.12/site-packages/airflow/example_dags/tutorial.py
[2025-07-01T02:51:49.515+0000] {logging_mixin.py:190} INFO - [2025-07-01T02:51:49.515+0000] {dag.py:3239} INFO - Sync 1 DAGs
[2025-07-01T02:51:49.537+0000] {logging_mixin.py:190} INFO - [2025-07-01T02:51:49.537+0000] {dag.py:4180} INFO - Setting next_dagrun for tutorial to 2025-06-30 00:00:00+00:00, run_after=2025-07-01 00:00:00+00:00
[2025-07-01T02:51:49.565+0000] {processor.py:208} INFO - Processing /home/airflow/.local/lib/python3.12/site-packages/airflow/example_dags/tutorial.py took 0.087 seconds
[2025-07-01T02:52:19.821+0000] {processor.py:186} INFO - Started process (PID=11160) to work on /home/airflow/.local/lib/python3.12/site-packages/airflow/example_dags/tutorial.py
[2025-07-01T02:52:19.822+0000] {processor.py:914} INFO - Processing file /home/airflow/.local/lib/python3.12/site-packages/airflow/example_dags/tutorial.py for tasks to queue
[2025-07-01T02:52:19.826+0000] {logging_mixin.py:190} INFO - [2025-07-01T02:52:19.825+0000] {dagbag.py:588} INFO - Filling up the DagBag from /home/airflow/.local/lib/python3.12/site-packages/airflow/example_dags/tutorial.py
[2025-07-01T02:52:19.834+0000] {processor.py:925} INFO - DAG(s) 'tutorial' retrieved from /home/airflow/.local/lib/python3.12/site-packages/airflow/example_dags/tutorial.py
[2025-07-01T02:52:19.855+0000] {logging_mixin.py:190} INFO - [2025-07-01T02:52:19.855+0000] {dag.py:3239} INFO - Sync 1 DAGs
[2025-07-01T02:52:19.875+0000] {logging_mixin.py:190} INFO - [2025-07-01T02:52:19.875+0000] {dag.py:4180} INFO - Setting next_dagrun for tutorial to 2025-06-30 00:00:00+00:00, run_after=2025-07-01 00:00:00+00:00
[2025-07-01T02:52:19.892+0000] {processor.py:208} INFO - Processing /home/airflow/.local/lib/python3.12/site-packages/airflow/example_dags/tutorial.py took 0.078 seconds
[2025-07-01T02:52:49.956+0000] {processor.py:186} INFO - Started process (PID=11222) to work on /home/airflow/.local/lib/python3.12/site-packages/airflow/example_dags/tutorial.py
[2025-07-01T02:52:49.958+0000] {processor.py:914} INFO - Processing file /home/airflow/.local/lib/python3.12/site-packages/airflow/example_dags/tutorial.py for tasks to queue
[2025-07-01T02:52:49.961+0000] {logging_mixin.py:190} INFO - [2025-07-01T02:52:49.961+0000] {dagbag.py:588} INFO - Filling up the DagBag from /home/airflow/.local/lib/python3.12/site-packages/airflow/example_dags/tutorial.py
[2025-07-01T02:52:49.970+0000] {processor.py:925} INFO - DAG(s) 'tutorial' retrieved from /home/airflow/.local/lib/python3.12/site-packages/airflow/example_dags/tutorial.py
[2025-07-01T02:52:49.989+0000] {logging_mixin.py:190} INFO - [2025-07-01T02:52:49.989+0000] {dag.py:3239} INFO - Sync 1 DAGs
[2025-07-01T02:52:50.014+0000] {logging_mixin.py:190} INFO - [2025-07-01T02:52:50.014+0000] {dag.py:4180} INFO - Setting next_dagrun for tutorial to 2025-06-30 00:00:00+00:00, run_after=2025-07-01 00:00:00+00:00
[2025-07-01T02:52:50.030+0000] {processor.py:208} INFO - Processing /home/airflow/.local/lib/python3.12/site-packages/airflow/example_dags/tutorial.py took 0.080 seconds
[2025-07-01T02:53:20.365+0000] {processor.py:186} INFO - Started process (PID=11284) to work on /home/airflow/.local/lib/python3.12/site-packages/airflow/example_dags/tutorial.py
[2025-07-01T02:53:20.366+0000] {processor.py:914} INFO - Processing file /home/airflow/.local/lib/python3.12/site-packages/airflow/example_dags/tutorial.py for tasks to queue
[2025-07-01T02:53:20.370+0000] {logging_mixin.py:190} INFO - [2025-07-01T02:53:20.369+0000] {dagbag.py:588} INFO - Filling up the DagBag from /home/airflow/.local/lib/python3.12/site-packages/airflow/example_dags/tutorial.py
[2025-07-01T02:53:20.381+0000] {processor.py:925} INFO - DAG(s) 'tutorial' retrieved from /home/airflow/.local/lib/python3.12/site-packages/airflow/example_dags/tutorial.py
[2025-07-01T02:53:20.406+0000] {logging_mixin.py:190} INFO - [2025-07-01T02:53:20.406+0000] {dag.py:3239} INFO - Sync 1 DAGs
[2025-07-01T02:53:20.431+0000] {logging_mixin.py:190} INFO - [2025-07-01T02:53:20.431+0000] {dag.py:4180} INFO - Setting next_dagrun for tutorial to 2025-06-30 00:00:00+00:00, run_after=2025-07-01 00:00:00+00:00
[2025-07-01T02:53:20.446+0000] {processor.py:208} INFO - Processing /home/airflow/.local/lib/python3.12/site-packages/airflow/example_dags/tutorial.py took 0.091 seconds
[2025-07-01T02:53:50.661+0000] {processor.py:186} INFO - Started process (PID=11346) to work on /home/airflow/.local/lib/python3.12/site-packages/airflow/example_dags/tutorial.py
[2025-07-01T02:53:50.662+0000] {processor.py:914} INFO - Processing file /home/airflow/.local/lib/python3.12/site-packages/airflow/example_dags/tutorial.py for tasks to queue
[2025-07-01T02:53:50.666+0000] {logging_mixin.py:190} INFO - [2025-07-01T02:53:50.666+0000] {dagbag.py:588} INFO - Filling up the DagBag from /home/airflow/.local/lib/python3.12/site-packages/airflow/example_dags/tutorial.py
[2025-07-01T02:53:50.675+0000] {processor.py:925} INFO - DAG(s) 'tutorial' retrieved from /home/airflow/.local/lib/python3.12/site-packages/airflow/example_dags/tutorial.py
[2025-07-01T02:53:50.694+0000] {logging_mixin.py:190} INFO - [2025-07-01T02:53:50.694+0000] {dag.py:3239} INFO - Sync 1 DAGs
[2025-07-01T02:53:50.716+0000] {logging_mixin.py:190} INFO - [2025-07-01T02:53:50.716+0000] {dag.py:4180} INFO - Setting next_dagrun for tutorial to 2025-06-30 00:00:00+00:00, run_after=2025-07-01 00:00:00+00:00
[2025-07-01T02:53:50.732+0000] {processor.py:208} INFO - Processing /home/airflow/.local/lib/python3.12/site-packages/airflow/example_dags/tutorial.py took 0.079 seconds
[2025-07-01T02:54:21.532+0000] {processor.py:186} INFO - Started process (PID=11408) to work on /home/airflow/.local/lib/python3.12/site-packages/airflow/example_dags/tutorial.py
[2025-07-01T02:54:21.533+0000] {processor.py:914} INFO - Processing file /home/airflow/.local/lib/python3.12/site-packages/airflow/example_dags/tutorial.py for tasks to queue
[2025-07-01T02:54:21.536+0000] {logging_mixin.py:190} INFO - [2025-07-01T02:54:21.536+0000] {dagbag.py:588} INFO - Filling up the DagBag from /home/airflow/.local/lib/python3.12/site-packages/airflow/example_dags/tutorial.py
[2025-07-01T02:54:21.545+0000] {processor.py:925} INFO - DAG(s) 'tutorial' retrieved from /home/airflow/.local/lib/python3.12/site-packages/airflow/example_dags/tutorial.py
[2025-07-01T02:54:21.565+0000] {logging_mixin.py:190} INFO - [2025-07-01T02:54:21.564+0000] {dag.py:3239} INFO - Sync 1 DAGs
[2025-07-01T02:54:21.586+0000] {logging_mixin.py:190} INFO - [2025-07-01T02:54:21.586+0000] {dag.py:4180} INFO - Setting next_dagrun for tutorial to 2025-06-30 00:00:00+00:00, run_after=2025-07-01 00:00:00+00:00
[2025-07-01T02:54:21.605+0000] {processor.py:208} INFO - Processing /home/airflow/.local/lib/python3.12/site-packages/airflow/example_dags/tutorial.py took 0.078 seconds
[2025-07-01T02:54:52.371+0000] {processor.py:186} INFO - Started process (PID=11470) to work on /home/airflow/.local/lib/python3.12/site-packages/airflow/example_dags/tutorial.py
[2025-07-01T02:54:52.372+0000] {processor.py:914} INFO - Processing file /home/airflow/.local/lib/python3.12/site-packages/airflow/example_dags/tutorial.py for tasks to queue
[2025-07-01T02:54:52.375+0000] {logging_mixin.py:190} INFO - [2025-07-01T02:54:52.375+0000] {dagbag.py:588} INFO - Filling up the DagBag from /home/airflow/.local/lib/python3.12/site-packages/airflow/example_dags/tutorial.py
[2025-07-01T02:54:52.383+0000] {processor.py:925} INFO - DAG(s) 'tutorial' retrieved from /home/airflow/.local/lib/python3.12/site-packages/airflow/example_dags/tutorial.py
[2025-07-01T02:54:52.411+0000] {logging_mixin.py:190} INFO - [2025-07-01T02:54:52.411+0000] {dag.py:3239} INFO - Sync 1 DAGs
[2025-07-01T02:54:52.433+0000] {logging_mixin.py:190} INFO - [2025-07-01T02:54:52.433+0000] {dag.py:4180} INFO - Setting next_dagrun for tutorial to 2025-06-30 00:00:00+00:00, run_after=2025-07-01 00:00:00+00:00
[2025-07-01T02:54:52.451+0000] {processor.py:208} INFO - Processing /home/airflow/.local/lib/python3.12/site-packages/airflow/example_dags/tutorial.py took 0.087 seconds
[2025-07-01T02:55:22.779+0000] {processor.py:186} INFO - Started process (PID=11532) to work on /home/airflow/.local/lib/python3.12/site-packages/airflow/example_dags/tutorial.py
[2025-07-01T02:55:22.780+0000] {processor.py:914} INFO - Processing file /home/airflow/.local/lib/python3.12/site-packages/airflow/example_dags/tutorial.py for tasks to queue
[2025-07-01T02:55:22.783+0000] {logging_mixin.py:190} INFO - [2025-07-01T02:55:22.783+0000] {dagbag.py:588} INFO - Filling up the DagBag from /home/airflow/.local/lib/python3.12/site-packages/airflow/example_dags/tutorial.py
[2025-07-01T02:55:22.791+0000] {processor.py:925} INFO - DAG(s) 'tutorial' retrieved from /home/airflow/.local/lib/python3.12/site-packages/airflow/example_dags/tutorial.py
[2025-07-01T02:55:22.811+0000] {logging_mixin.py:190} INFO - [2025-07-01T02:55:22.811+0000] {dag.py:3239} INFO - Sync 1 DAGs
[2025-07-01T02:55:22.833+0000] {logging_mixin.py:190} INFO - [2025-07-01T02:55:22.833+0000] {dag.py:4180} INFO - Setting next_dagrun for tutorial to 2025-06-30 00:00:00+00:00, run_after=2025-07-01 00:00:00+00:00
[2025-07-01T02:55:22.856+0000] {processor.py:208} INFO - Processing /home/airflow/.local/lib/python3.12/site-packages/airflow/example_dags/tutorial.py took 0.083 seconds
[2025-07-01T02:55:53.379+0000] {processor.py:186} INFO - Started process (PID=11594) to work on /home/airflow/.local/lib/python3.12/site-packages/airflow/example_dags/tutorial.py
[2025-07-01T02:55:53.380+0000] {processor.py:914} INFO - Processing file /home/airflow/.local/lib/python3.12/site-packages/airflow/example_dags/tutorial.py for tasks to queue
[2025-07-01T02:55:53.384+0000] {logging_mixin.py:190} INFO - [2025-07-01T02:55:53.383+0000] {dagbag.py:588} INFO - Filling up the DagBag from /home/airflow/.local/lib/python3.12/site-packages/airflow/example_dags/tutorial.py
[2025-07-01T02:55:53.394+0000] {processor.py:925} INFO - DAG(s) 'tutorial' retrieved from /home/airflow/.local/lib/python3.12/site-packages/airflow/example_dags/tutorial.py
[2025-07-01T02:55:53.421+0000] {logging_mixin.py:190} INFO - [2025-07-01T02:55:53.420+0000] {dag.py:3239} INFO - Sync 1 DAGs
[2025-07-01T02:55:53.451+0000] {logging_mixin.py:190} INFO - [2025-07-01T02:55:53.451+0000] {dag.py:4180} INFO - Setting next_dagrun for tutorial to 2025-06-30 00:00:00+00:00, run_after=2025-07-01 00:00:00+00:00
[2025-07-01T02:55:53.468+0000] {processor.py:208} INFO - Processing /home/airflow/.local/lib/python3.12/site-packages/airflow/example_dags/tutorial.py took 0.098 seconds
[2025-07-01T02:56:23.710+0000] {processor.py:186} INFO - Started process (PID=11656) to work on /home/airflow/.local/lib/python3.12/site-packages/airflow/example_dags/tutorial.py
[2025-07-01T02:56:23.711+0000] {processor.py:914} INFO - Processing file /home/airflow/.local/lib/python3.12/site-packages/airflow/example_dags/tutorial.py for tasks to queue
[2025-07-01T02:56:23.714+0000] {logging_mixin.py:190} INFO - [2025-07-01T02:56:23.714+0000] {dagbag.py:588} INFO - Filling up the DagBag from /home/airflow/.local/lib/python3.12/site-packages/airflow/example_dags/tutorial.py
[2025-07-01T02:56:23.723+0000] {processor.py:925} INFO - DAG(s) 'tutorial' retrieved from /home/airflow/.local/lib/python3.12/site-packages/airflow/example_dags/tutorial.py
[2025-07-01T02:56:23.743+0000] {logging_mixin.py:190} INFO - [2025-07-01T02:56:23.743+0000] {dag.py:3239} INFO - Sync 1 DAGs
[2025-07-01T02:56:23.766+0000] {logging_mixin.py:190} INFO - [2025-07-01T02:56:23.766+0000] {dag.py:4180} INFO - Setting next_dagrun for tutorial to 2025-06-30 00:00:00+00:00, run_after=2025-07-01 00:00:00+00:00
[2025-07-01T02:56:23.791+0000] {processor.py:208} INFO - Processing /home/airflow/.local/lib/python3.12/site-packages/airflow/example_dags/tutorial.py took 0.086 seconds
[2025-07-01T02:56:54.071+0000] {processor.py:186} INFO - Started process (PID=11718) to work on /home/airflow/.local/lib/python3.12/site-packages/airflow/example_dags/tutorial.py
[2025-07-01T02:56:54.072+0000] {processor.py:914} INFO - Processing file /home/airflow/.local/lib/python3.12/site-packages/airflow/example_dags/tutorial.py for tasks to queue
[2025-07-01T02:56:54.076+0000] {logging_mixin.py:190} INFO - [2025-07-01T02:56:54.076+0000] {dagbag.py:588} INFO - Filling up the DagBag from /home/airflow/.local/lib/python3.12/site-packages/airflow/example_dags/tutorial.py
[2025-07-01T02:56:54.085+0000] {processor.py:925} INFO - DAG(s) 'tutorial' retrieved from /home/airflow/.local/lib/python3.12/site-packages/airflow/example_dags/tutorial.py
[2025-07-01T02:56:54.106+0000] {logging_mixin.py:190} INFO - [2025-07-01T02:56:54.106+0000] {dag.py:3239} INFO - Sync 1 DAGs
[2025-07-01T02:56:54.131+0000] {logging_mixin.py:190} INFO - [2025-07-01T02:56:54.131+0000] {dag.py:4180} INFO - Setting next_dagrun for tutorial to 2025-06-30 00:00:00+00:00, run_after=2025-07-01 00:00:00+00:00
[2025-07-01T02:56:54.150+0000] {processor.py:208} INFO - Processing /home/airflow/.local/lib/python3.12/site-packages/airflow/example_dags/tutorial.py took 0.088 seconds
[2025-07-01T02:57:24.277+0000] {processor.py:186} INFO - Started process (PID=11780) to work on /home/airflow/.local/lib/python3.12/site-packages/airflow/example_dags/tutorial.py
[2025-07-01T02:57:24.279+0000] {processor.py:914} INFO - Processing file /home/airflow/.local/lib/python3.12/site-packages/airflow/example_dags/tutorial.py for tasks to queue
[2025-07-01T02:57:24.282+0000] {logging_mixin.py:190} INFO - [2025-07-01T02:57:24.282+0000] {dagbag.py:588} INFO - Filling up the DagBag from /home/airflow/.local/lib/python3.12/site-packages/airflow/example_dags/tutorial.py
[2025-07-01T02:57:24.290+0000] {processor.py:925} INFO - DAG(s) 'tutorial' retrieved from /home/airflow/.local/lib/python3.12/site-packages/airflow/example_dags/tutorial.py
[2025-07-01T02:57:24.306+0000] {logging_mixin.py:190} INFO - [2025-07-01T02:57:24.306+0000] {dag.py:3239} INFO - Sync 1 DAGs
[2025-07-01T02:57:24.327+0000] {logging_mixin.py:190} INFO - [2025-07-01T02:57:24.327+0000] {dag.py:4180} INFO - Setting next_dagrun for tutorial to 2025-06-30 00:00:00+00:00, run_after=2025-07-01 00:00:00+00:00
[2025-07-01T02:57:24.344+0000] {processor.py:208} INFO - Processing /home/airflow/.local/lib/python3.12/site-packages/airflow/example_dags/tutorial.py took 0.072 seconds
[2025-07-01T02:57:54.916+0000] {processor.py:186} INFO - Started process (PID=11842) to work on /home/airflow/.local/lib/python3.12/site-packages/airflow/example_dags/tutorial.py
[2025-07-01T02:57:54.917+0000] {processor.py:914} INFO - Processing file /home/airflow/.local/lib/python3.12/site-packages/airflow/example_dags/tutorial.py for tasks to queue
[2025-07-01T02:57:54.920+0000] {logging_mixin.py:190} INFO - [2025-07-01T02:57:54.920+0000] {dagbag.py:588} INFO - Filling up the DagBag from /home/airflow/.local/lib/python3.12/site-packages/airflow/example_dags/tutorial.py
[2025-07-01T02:57:54.930+0000] {processor.py:925} INFO - DAG(s) 'tutorial' retrieved from /home/airflow/.local/lib/python3.12/site-packages/airflow/example_dags/tutorial.py
[2025-07-01T02:57:54.950+0000] {logging_mixin.py:190} INFO - [2025-07-01T02:57:54.950+0000] {dag.py:3239} INFO - Sync 1 DAGs
[2025-07-01T02:57:54.971+0000] {logging_mixin.py:190} INFO - [2025-07-01T02:57:54.971+0000] {dag.py:4180} INFO - Setting next_dagrun for tutorial to 2025-06-30 00:00:00+00:00, run_after=2025-07-01 00:00:00+00:00
[2025-07-01T02:57:54.991+0000] {processor.py:208} INFO - Processing /home/airflow/.local/lib/python3.12/site-packages/airflow/example_dags/tutorial.py took 0.082 seconds
[2025-07-01T02:58:25.123+0000] {processor.py:186} INFO - Started process (PID=11904) to work on /home/airflow/.local/lib/python3.12/site-packages/airflow/example_dags/tutorial.py
[2025-07-01T02:58:25.124+0000] {processor.py:914} INFO - Processing file /home/airflow/.local/lib/python3.12/site-packages/airflow/example_dags/tutorial.py for tasks to queue
[2025-07-01T02:58:25.127+0000] {logging_mixin.py:190} INFO - [2025-07-01T02:58:25.126+0000] {dagbag.py:588} INFO - Filling up the DagBag from /home/airflow/.local/lib/python3.12/site-packages/airflow/example_dags/tutorial.py
[2025-07-01T02:58:25.134+0000] {processor.py:925} INFO - DAG(s) 'tutorial' retrieved from /home/airflow/.local/lib/python3.12/site-packages/airflow/example_dags/tutorial.py
[2025-07-01T02:58:25.154+0000] {logging_mixin.py:190} INFO - [2025-07-01T02:58:25.154+0000] {dag.py:3239} INFO - Sync 1 DAGs
[2025-07-01T02:58:25.179+0000] {logging_mixin.py:190} INFO - [2025-07-01T02:58:25.178+0000] {dag.py:4180} INFO - Setting next_dagrun for tutorial to 2025-06-30 00:00:00+00:00, run_after=2025-07-01 00:00:00+00:00
[2025-07-01T02:58:25.196+0000] {processor.py:208} INFO - Processing /home/airflow/.local/lib/python3.12/site-packages/airflow/example_dags/tutorial.py took 0.079 seconds
[2025-07-01T02:58:56.122+0000] {processor.py:186} INFO - Started process (PID=11966) to work on /home/airflow/.local/lib/python3.12/site-packages/airflow/example_dags/tutorial.py
[2025-07-01T02:58:56.123+0000] {processor.py:914} INFO - Processing file /home/airflow/.local/lib/python3.12/site-packages/airflow/example_dags/tutorial.py for tasks to queue
[2025-07-01T02:58:56.125+0000] {logging_mixin.py:190} INFO - [2025-07-01T02:58:56.125+0000] {dagbag.py:588} INFO - Filling up the DagBag from /home/airflow/.local/lib/python3.12/site-packages/airflow/example_dags/tutorial.py
[2025-07-01T02:58:56.133+0000] {processor.py:925} INFO - DAG(s) 'tutorial' retrieved from /home/airflow/.local/lib/python3.12/site-packages/airflow/example_dags/tutorial.py
[2025-07-01T02:58:56.152+0000] {logging_mixin.py:190} INFO - [2025-07-01T02:58:56.151+0000] {dag.py:3239} INFO - Sync 1 DAGs
[2025-07-01T02:58:56.173+0000] {logging_mixin.py:190} INFO - [2025-07-01T02:58:56.173+0000] {dag.py:4180} INFO - Setting next_dagrun for tutorial to 2025-06-30 00:00:00+00:00, run_after=2025-07-01 00:00:00+00:00
[2025-07-01T02:58:56.190+0000] {processor.py:208} INFO - Processing /home/airflow/.local/lib/python3.12/site-packages/airflow/example_dags/tutorial.py took 0.075 seconds
[2025-07-01T02:59:27.032+0000] {processor.py:186} INFO - Started process (PID=12028) to work on /home/airflow/.local/lib/python3.12/site-packages/airflow/example_dags/tutorial.py
[2025-07-01T02:59:27.033+0000] {processor.py:914} INFO - Processing file /home/airflow/.local/lib/python3.12/site-packages/airflow/example_dags/tutorial.py for tasks to queue
[2025-07-01T02:59:27.035+0000] {logging_mixin.py:190} INFO - [2025-07-01T02:59:27.035+0000] {dagbag.py:588} INFO - Filling up the DagBag from /home/airflow/.local/lib/python3.12/site-packages/airflow/example_dags/tutorial.py
[2025-07-01T02:59:27.043+0000] {processor.py:925} INFO - DAG(s) 'tutorial' retrieved from /home/airflow/.local/lib/python3.12/site-packages/airflow/example_dags/tutorial.py
[2025-07-01T02:59:27.065+0000] {logging_mixin.py:190} INFO - [2025-07-01T02:59:27.064+0000] {dag.py:3239} INFO - Sync 1 DAGs
[2025-07-01T02:59:27.089+0000] {logging_mixin.py:190} INFO - [2025-07-01T02:59:27.089+0000] {dag.py:4180} INFO - Setting next_dagrun for tutorial to 2025-06-30 00:00:00+00:00, run_after=2025-07-01 00:00:00+00:00
[2025-07-01T02:59:27.106+0000] {processor.py:208} INFO - Processing /home/airflow/.local/lib/python3.12/site-packages/airflow/example_dags/tutorial.py took 0.081 seconds
[2025-07-01T02:59:57.988+0000] {processor.py:186} INFO - Started process (PID=12090) to work on /home/airflow/.local/lib/python3.12/site-packages/airflow/example_dags/tutorial.py
[2025-07-01T02:59:57.989+0000] {processor.py:914} INFO - Processing file /home/airflow/.local/lib/python3.12/site-packages/airflow/example_dags/tutorial.py for tasks to queue
[2025-07-01T02:59:57.992+0000] {logging_mixin.py:190} INFO - [2025-07-01T02:59:57.991+0000] {dagbag.py:588} INFO - Filling up the DagBag from /home/airflow/.local/lib/python3.12/site-packages/airflow/example_dags/tutorial.py
[2025-07-01T02:59:58.000+0000] {processor.py:925} INFO - DAG(s) 'tutorial' retrieved from /home/airflow/.local/lib/python3.12/site-packages/airflow/example_dags/tutorial.py
[2025-07-01T02:59:58.019+0000] {logging_mixin.py:190} INFO - [2025-07-01T02:59:58.019+0000] {dag.py:3239} INFO - Sync 1 DAGs
[2025-07-01T02:59:58.042+0000] {logging_mixin.py:190} INFO - [2025-07-01T02:59:58.042+0000] {dag.py:4180} INFO - Setting next_dagrun for tutorial to 2025-06-30 00:00:00+00:00, run_after=2025-07-01 00:00:00+00:00
[2025-07-01T02:59:58.059+0000] {processor.py:208} INFO - Processing /home/airflow/.local/lib/python3.12/site-packages/airflow/example_dags/tutorial.py took 0.076 seconds
[2025-07-01T03:00:28.253+0000] {processor.py:186} INFO - Started process (PID=12152) to work on /home/airflow/.local/lib/python3.12/site-packages/airflow/example_dags/tutorial.py
[2025-07-01T03:00:28.254+0000] {processor.py:914} INFO - Processing file /home/airflow/.local/lib/python3.12/site-packages/airflow/example_dags/tutorial.py for tasks to queue
[2025-07-01T03:00:28.257+0000] {logging_mixin.py:190} INFO - [2025-07-01T03:00:28.256+0000] {dagbag.py:588} INFO - Filling up the DagBag from /home/airflow/.local/lib/python3.12/site-packages/airflow/example_dags/tutorial.py
[2025-07-01T03:00:28.265+0000] {processor.py:925} INFO - DAG(s) 'tutorial' retrieved from /home/airflow/.local/lib/python3.12/site-packages/airflow/example_dags/tutorial.py
[2025-07-01T03:00:28.284+0000] {logging_mixin.py:190} INFO - [2025-07-01T03:00:28.284+0000] {dag.py:3239} INFO - Sync 1 DAGs
[2025-07-01T03:00:28.306+0000] {logging_mixin.py:190} INFO - [2025-07-01T03:00:28.306+0000] {dag.py:4180} INFO - Setting next_dagrun for tutorial to 2025-06-30 00:00:00+00:00, run_after=2025-07-01 00:00:00+00:00
[2025-07-01T03:00:28.324+0000] {processor.py:208} INFO - Processing /home/airflow/.local/lib/python3.12/site-packages/airflow/example_dags/tutorial.py took 0.077 seconds
[2025-07-01T03:00:59.384+0000] {processor.py:186} INFO - Started process (PID=12214) to work on /home/airflow/.local/lib/python3.12/site-packages/airflow/example_dags/tutorial.py
[2025-07-01T03:00:59.385+0000] {processor.py:914} INFO - Processing file /home/airflow/.local/lib/python3.12/site-packages/airflow/example_dags/tutorial.py for tasks to queue
[2025-07-01T03:00:59.387+0000] {logging_mixin.py:190} INFO - [2025-07-01T03:00:59.387+0000] {dagbag.py:588} INFO - Filling up the DagBag from /home/airflow/.local/lib/python3.12/site-packages/airflow/example_dags/tutorial.py
[2025-07-01T03:00:59.395+0000] {processor.py:925} INFO - DAG(s) 'tutorial' retrieved from /home/airflow/.local/lib/python3.12/site-packages/airflow/example_dags/tutorial.py
[2025-07-01T03:00:59.415+0000] {logging_mixin.py:190} INFO - [2025-07-01T03:00:59.415+0000] {dag.py:3239} INFO - Sync 1 DAGs
[2025-07-01T03:00:59.436+0000] {logging_mixin.py:190} INFO - [2025-07-01T03:00:59.436+0000] {dag.py:4180} INFO - Setting next_dagrun for tutorial to 2025-06-30 00:00:00+00:00, run_after=2025-07-01 00:00:00+00:00
[2025-07-01T03:00:59.452+0000] {processor.py:208} INFO - Processing /home/airflow/.local/lib/python3.12/site-packages/airflow/example_dags/tutorial.py took 0.074 seconds
[2025-07-01T03:01:29.848+0000] {processor.py:186} INFO - Started process (PID=12276) to work on /home/airflow/.local/lib/python3.12/site-packages/airflow/example_dags/tutorial.py
[2025-07-01T03:01:29.849+0000] {processor.py:914} INFO - Processing file /home/airflow/.local/lib/python3.12/site-packages/airflow/example_dags/tutorial.py for tasks to queue
[2025-07-01T03:01:29.852+0000] {logging_mixin.py:190} INFO - [2025-07-01T03:01:29.851+0000] {dagbag.py:588} INFO - Filling up the DagBag from /home/airflow/.local/lib/python3.12/site-packages/airflow/example_dags/tutorial.py
[2025-07-01T03:01:29.859+0000] {processor.py:925} INFO - DAG(s) 'tutorial' retrieved from /home/airflow/.local/lib/python3.12/site-packages/airflow/example_dags/tutorial.py
[2025-07-01T03:01:29.880+0000] {logging_mixin.py:190} INFO - [2025-07-01T03:01:29.879+0000] {dag.py:3239} INFO - Sync 1 DAGs
[2025-07-01T03:01:29.903+0000] {logging_mixin.py:190} INFO - [2025-07-01T03:01:29.902+0000] {dag.py:4180} INFO - Setting next_dagrun for tutorial to 2025-06-30 00:00:00+00:00, run_after=2025-07-01 00:00:00+00:00
[2025-07-01T03:01:29.922+0000] {processor.py:208} INFO - Processing /home/airflow/.local/lib/python3.12/site-packages/airflow/example_dags/tutorial.py took 0.080 seconds
[2025-07-01T03:02:00.999+0000] {processor.py:186} INFO - Started process (PID=12338) to work on /home/airflow/.local/lib/python3.12/site-packages/airflow/example_dags/tutorial.py
[2025-07-01T03:02:01.000+0000] {processor.py:914} INFO - Processing file /home/airflow/.local/lib/python3.12/site-packages/airflow/example_dags/tutorial.py for tasks to queue
[2025-07-01T03:02:01.002+0000] {logging_mixin.py:190} INFO - [2025-07-01T03:02:01.002+0000] {dagbag.py:588} INFO - Filling up the DagBag from /home/airflow/.local/lib/python3.12/site-packages/airflow/example_dags/tutorial.py
[2025-07-01T03:02:01.011+0000] {processor.py:925} INFO - DAG(s) 'tutorial' retrieved from /home/airflow/.local/lib/python3.12/site-packages/airflow/example_dags/tutorial.py
[2025-07-01T03:02:01.030+0000] {logging_mixin.py:190} INFO - [2025-07-01T03:02:01.030+0000] {dag.py:3239} INFO - Sync 1 DAGs
[2025-07-01T03:02:01.053+0000] {logging_mixin.py:190} INFO - [2025-07-01T03:02:01.053+0000] {dag.py:4180} INFO - Setting next_dagrun for tutorial to 2025-06-30 00:00:00+00:00, run_after=2025-07-01 00:00:00+00:00
[2025-07-01T03:02:01.071+0000] {processor.py:208} INFO - Processing /home/airflow/.local/lib/python3.12/site-packages/airflow/example_dags/tutorial.py took 0.079 seconds
[2025-07-01T03:02:32.079+0000] {processor.py:186} INFO - Started process (PID=12400) to work on /home/airflow/.local/lib/python3.12/site-packages/airflow/example_dags/tutorial.py
[2025-07-01T03:02:32.080+0000] {processor.py:914} INFO - Processing file /home/airflow/.local/lib/python3.12/site-packages/airflow/example_dags/tutorial.py for tasks to queue
[2025-07-01T03:02:32.083+0000] {logging_mixin.py:190} INFO - [2025-07-01T03:02:32.082+0000] {dagbag.py:588} INFO - Filling up the DagBag from /home/airflow/.local/lib/python3.12/site-packages/airflow/example_dags/tutorial.py
[2025-07-01T03:02:32.091+0000] {processor.py:925} INFO - DAG(s) 'tutorial' retrieved from /home/airflow/.local/lib/python3.12/site-packages/airflow/example_dags/tutorial.py
[2025-07-01T03:02:32.111+0000] {logging_mixin.py:190} INFO - [2025-07-01T03:02:32.110+0000] {dag.py:3239} INFO - Sync 1 DAGs
[2025-07-01T03:02:32.133+0000] {logging_mixin.py:190} INFO - [2025-07-01T03:02:32.133+0000] {dag.py:4180} INFO - Setting next_dagrun for tutorial to 2025-06-30 00:00:00+00:00, run_after=2025-07-01 00:00:00+00:00
[2025-07-01T03:02:32.153+0000] {processor.py:208} INFO - Processing /home/airflow/.local/lib/python3.12/site-packages/airflow/example_dags/tutorial.py took 0.080 seconds
[2025-07-01T03:03:02.699+0000] {processor.py:186} INFO - Started process (PID=12462) to work on /home/airflow/.local/lib/python3.12/site-packages/airflow/example_dags/tutorial.py
[2025-07-01T03:03:02.700+0000] {processor.py:914} INFO - Processing file /home/airflow/.local/lib/python3.12/site-packages/airflow/example_dags/tutorial.py for tasks to queue
[2025-07-01T03:03:02.703+0000] {logging_mixin.py:190} INFO - [2025-07-01T03:03:02.703+0000] {dagbag.py:588} INFO - Filling up the DagBag from /home/airflow/.local/lib/python3.12/site-packages/airflow/example_dags/tutorial.py
[2025-07-01T03:03:02.711+0000] {processor.py:925} INFO - DAG(s) 'tutorial' retrieved from /home/airflow/.local/lib/python3.12/site-packages/airflow/example_dags/tutorial.py
[2025-07-01T03:03:02.732+0000] {logging_mixin.py:190} INFO - [2025-07-01T03:03:02.731+0000] {dag.py:3239} INFO - Sync 1 DAGs
[2025-07-01T03:03:02.754+0000] {logging_mixin.py:190} INFO - [2025-07-01T03:03:02.754+0000] {dag.py:4180} INFO - Setting next_dagrun for tutorial to 2025-06-30 00:00:00+00:00, run_after=2025-07-01 00:00:00+00:00
[2025-07-01T03:03:02.772+0000] {processor.py:208} INFO - Processing /home/airflow/.local/lib/python3.12/site-packages/airflow/example_dags/tutorial.py took 0.079 seconds
[2025-07-01T03:03:32.925+0000] {processor.py:186} INFO - Started process (PID=12524) to work on /home/airflow/.local/lib/python3.12/site-packages/airflow/example_dags/tutorial.py
[2025-07-01T03:03:32.926+0000] {processor.py:914} INFO - Processing file /home/airflow/.local/lib/python3.12/site-packages/airflow/example_dags/tutorial.py for tasks to queue
[2025-07-01T03:03:32.929+0000] {logging_mixin.py:190} INFO - [2025-07-01T03:03:32.928+0000] {dagbag.py:588} INFO - Filling up the DagBag from /home/airflow/.local/lib/python3.12/site-packages/airflow/example_dags/tutorial.py
[2025-07-01T03:03:32.936+0000] {processor.py:925} INFO - DAG(s) 'tutorial' retrieved from /home/airflow/.local/lib/python3.12/site-packages/airflow/example_dags/tutorial.py
[2025-07-01T03:03:32.956+0000] {logging_mixin.py:190} INFO - [2025-07-01T03:03:32.956+0000] {dag.py:3239} INFO - Sync 1 DAGs
[2025-07-01T03:03:32.977+0000] {logging_mixin.py:190} INFO - [2025-07-01T03:03:32.977+0000] {dag.py:4180} INFO - Setting next_dagrun for tutorial to 2025-06-30 00:00:00+00:00, run_after=2025-07-01 00:00:00+00:00
[2025-07-01T03:03:32.997+0000] {processor.py:208} INFO - Processing /home/airflow/.local/lib/python3.12/site-packages/airflow/example_dags/tutorial.py took 0.077 seconds
[2025-07-01T03:04:03.175+0000] {processor.py:186} INFO - Started process (PID=12586) to work on /home/airflow/.local/lib/python3.12/site-packages/airflow/example_dags/tutorial.py
[2025-07-01T03:04:03.176+0000] {processor.py:914} INFO - Processing file /home/airflow/.local/lib/python3.12/site-packages/airflow/example_dags/tutorial.py for tasks to queue
[2025-07-01T03:04:03.179+0000] {logging_mixin.py:190} INFO - [2025-07-01T03:04:03.179+0000] {dagbag.py:588} INFO - Filling up the DagBag from /home/airflow/.local/lib/python3.12/site-packages/airflow/example_dags/tutorial.py
[2025-07-01T03:04:03.190+0000] {processor.py:925} INFO - DAG(s) 'tutorial' retrieved from /home/airflow/.local/lib/python3.12/site-packages/airflow/example_dags/tutorial.py
[2025-07-01T03:04:03.211+0000] {logging_mixin.py:190} INFO - [2025-07-01T03:04:03.211+0000] {dag.py:3239} INFO - Sync 1 DAGs
[2025-07-01T03:04:03.232+0000] {logging_mixin.py:190} INFO - [2025-07-01T03:04:03.232+0000] {dag.py:4180} INFO - Setting next_dagrun for tutorial to 2025-06-30 00:00:00+00:00, run_after=2025-07-01 00:00:00+00:00
[2025-07-01T03:04:03.251+0000] {processor.py:208} INFO - Processing /home/airflow/.local/lib/python3.12/site-packages/airflow/example_dags/tutorial.py took 0.083 seconds
[2025-07-01T03:04:33.756+0000] {processor.py:186} INFO - Started process (PID=12648) to work on /home/airflow/.local/lib/python3.12/site-packages/airflow/example_dags/tutorial.py
[2025-07-01T03:04:33.757+0000] {processor.py:914} INFO - Processing file /home/airflow/.local/lib/python3.12/site-packages/airflow/example_dags/tutorial.py for tasks to queue
[2025-07-01T03:04:33.760+0000] {logging_mixin.py:190} INFO - [2025-07-01T03:04:33.760+0000] {dagbag.py:588} INFO - Filling up the DagBag from /home/airflow/.local/lib/python3.12/site-packages/airflow/example_dags/tutorial.py
[2025-07-01T03:04:33.770+0000] {processor.py:925} INFO - DAG(s) 'tutorial' retrieved from /home/airflow/.local/lib/python3.12/site-packages/airflow/example_dags/tutorial.py
[2025-07-01T03:04:33.800+0000] {logging_mixin.py:190} INFO - [2025-07-01T03:04:33.800+0000] {dag.py:3239} INFO - Sync 1 DAGs
[2025-07-01T03:04:33.824+0000] {logging_mixin.py:190} INFO - [2025-07-01T03:04:33.824+0000] {dag.py:4180} INFO - Setting next_dagrun for tutorial to 2025-06-30 00:00:00+00:00, run_after=2025-07-01 00:00:00+00:00
[2025-07-01T03:04:33.848+0000] {processor.py:208} INFO - Processing /home/airflow/.local/lib/python3.12/site-packages/airflow/example_dags/tutorial.py took 0.098 seconds
[2025-07-01T03:05:03.952+0000] {processor.py:186} INFO - Started process (PID=12710) to work on /home/airflow/.local/lib/python3.12/site-packages/airflow/example_dags/tutorial.py
[2025-07-01T03:05:03.953+0000] {processor.py:914} INFO - Processing file /home/airflow/.local/lib/python3.12/site-packages/airflow/example_dags/tutorial.py for tasks to queue
[2025-07-01T03:05:03.955+0000] {logging_mixin.py:190} INFO - [2025-07-01T03:05:03.955+0000] {dagbag.py:588} INFO - Filling up the DagBag from /home/airflow/.local/lib/python3.12/site-packages/airflow/example_dags/tutorial.py
[2025-07-01T03:05:03.964+0000] {processor.py:925} INFO - DAG(s) 'tutorial' retrieved from /home/airflow/.local/lib/python3.12/site-packages/airflow/example_dags/tutorial.py
[2025-07-01T03:05:03.983+0000] {logging_mixin.py:190} INFO - [2025-07-01T03:05:03.983+0000] {dag.py:3239} INFO - Sync 1 DAGs
[2025-07-01T03:05:04.005+0000] {logging_mixin.py:190} INFO - [2025-07-01T03:05:04.004+0000] {dag.py:4180} INFO - Setting next_dagrun for tutorial to 2025-06-30 00:00:00+00:00, run_after=2025-07-01 00:00:00+00:00
[2025-07-01T03:05:04.021+0000] {processor.py:208} INFO - Processing /home/airflow/.local/lib/python3.12/site-packages/airflow/example_dags/tutorial.py took 0.077 seconds
[2025-07-01T03:05:35.221+0000] {processor.py:186} INFO - Started process (PID=12772) to work on /home/airflow/.local/lib/python3.12/site-packages/airflow/example_dags/tutorial.py
[2025-07-01T03:05:35.222+0000] {processor.py:914} INFO - Processing file /home/airflow/.local/lib/python3.12/site-packages/airflow/example_dags/tutorial.py for tasks to queue
[2025-07-01T03:05:35.225+0000] {logging_mixin.py:190} INFO - [2025-07-01T03:05:35.225+0000] {dagbag.py:588} INFO - Filling up the DagBag from /home/airflow/.local/lib/python3.12/site-packages/airflow/example_dags/tutorial.py
[2025-07-01T03:05:35.233+0000] {processor.py:925} INFO - DAG(s) 'tutorial' retrieved from /home/airflow/.local/lib/python3.12/site-packages/airflow/example_dags/tutorial.py
[2025-07-01T03:05:35.254+0000] {logging_mixin.py:190} INFO - [2025-07-01T03:05:35.254+0000] {dag.py:3239} INFO - Sync 1 DAGs
[2025-07-01T03:05:35.275+0000] {logging_mixin.py:190} INFO - [2025-07-01T03:05:35.275+0000] {dag.py:4180} INFO - Setting next_dagrun for tutorial to 2025-06-30 00:00:00+00:00, run_after=2025-07-01 00:00:00+00:00
[2025-07-01T03:05:35.293+0000] {processor.py:208} INFO - Processing /home/airflow/.local/lib/python3.12/site-packages/airflow/example_dags/tutorial.py took 0.077 seconds
[2025-07-01T03:06:05.408+0000] {processor.py:186} INFO - Started process (PID=12835) to work on /home/airflow/.local/lib/python3.12/site-packages/airflow/example_dags/tutorial.py
[2025-07-01T03:06:05.409+0000] {processor.py:914} INFO - Processing file /home/airflow/.local/lib/python3.12/site-packages/airflow/example_dags/tutorial.py for tasks to queue
[2025-07-01T03:06:05.411+0000] {logging_mixin.py:190} INFO - [2025-07-01T03:06:05.411+0000] {dagbag.py:588} INFO - Filling up the DagBag from /home/airflow/.local/lib/python3.12/site-packages/airflow/example_dags/tutorial.py
[2025-07-01T03:06:05.419+0000] {processor.py:925} INFO - DAG(s) 'tutorial' retrieved from /home/airflow/.local/lib/python3.12/site-packages/airflow/example_dags/tutorial.py
[2025-07-01T03:06:05.437+0000] {logging_mixin.py:190} INFO - [2025-07-01T03:06:05.437+0000] {dag.py:3239} INFO - Sync 1 DAGs
[2025-07-01T03:06:05.459+0000] {logging_mixin.py:190} INFO - [2025-07-01T03:06:05.458+0000] {dag.py:4180} INFO - Setting next_dagrun for tutorial to 2025-06-30 00:00:00+00:00, run_after=2025-07-01 00:00:00+00:00
[2025-07-01T03:06:05.475+0000] {processor.py:208} INFO - Processing /home/airflow/.local/lib/python3.12/site-packages/airflow/example_dags/tutorial.py took 0.073 seconds
[2025-07-01T03:06:36.354+0000] {processor.py:186} INFO - Started process (PID=12896) to work on /home/airflow/.local/lib/python3.12/site-packages/airflow/example_dags/tutorial.py
[2025-07-01T03:06:36.356+0000] {processor.py:914} INFO - Processing file /home/airflow/.local/lib/python3.12/site-packages/airflow/example_dags/tutorial.py for tasks to queue
[2025-07-01T03:06:36.359+0000] {logging_mixin.py:190} INFO - [2025-07-01T03:06:36.358+0000] {dagbag.py:588} INFO - Filling up the DagBag from /home/airflow/.local/lib/python3.12/site-packages/airflow/example_dags/tutorial.py
[2025-07-01T03:06:36.367+0000] {processor.py:925} INFO - DAG(s) 'tutorial' retrieved from /home/airflow/.local/lib/python3.12/site-packages/airflow/example_dags/tutorial.py
[2025-07-01T03:06:36.385+0000] {logging_mixin.py:190} INFO - [2025-07-01T03:06:36.385+0000] {dag.py:3239} INFO - Sync 1 DAGs
[2025-07-01T03:06:36.409+0000] {logging_mixin.py:190} INFO - [2025-07-01T03:06:36.409+0000] {dag.py:4180} INFO - Setting next_dagrun for tutorial to 2025-06-30 00:00:00+00:00, run_after=2025-07-01 00:00:00+00:00
[2025-07-01T03:06:36.426+0000] {processor.py:208} INFO - Processing /home/airflow/.local/lib/python3.12/site-packages/airflow/example_dags/tutorial.py took 0.078 seconds
[2025-07-01T03:07:07.262+0000] {processor.py:186} INFO - Started process (PID=12958) to work on /home/airflow/.local/lib/python3.12/site-packages/airflow/example_dags/tutorial.py
[2025-07-01T03:07:07.262+0000] {processor.py:914} INFO - Processing file /home/airflow/.local/lib/python3.12/site-packages/airflow/example_dags/tutorial.py for tasks to queue
[2025-07-01T03:07:07.265+0000] {logging_mixin.py:190} INFO - [2025-07-01T03:07:07.265+0000] {dagbag.py:588} INFO - Filling up the DagBag from /home/airflow/.local/lib/python3.12/site-packages/airflow/example_dags/tutorial.py
[2025-07-01T03:07:07.273+0000] {processor.py:925} INFO - DAG(s) 'tutorial' retrieved from /home/airflow/.local/lib/python3.12/site-packages/airflow/example_dags/tutorial.py
[2025-07-01T03:07:07.294+0000] {logging_mixin.py:190} INFO - [2025-07-01T03:07:07.293+0000] {dag.py:3239} INFO - Sync 1 DAGs
[2025-07-01T03:07:07.315+0000] {logging_mixin.py:190} INFO - [2025-07-01T03:07:07.315+0000] {dag.py:4180} INFO - Setting next_dagrun for tutorial to 2025-06-30 00:00:00+00:00, run_after=2025-07-01 00:00:00+00:00
[2025-07-01T03:07:07.332+0000] {processor.py:208} INFO - Processing /home/airflow/.local/lib/python3.12/site-packages/airflow/example_dags/tutorial.py took 0.076 seconds
[2025-07-01T03:07:37.703+0000] {processor.py:186} INFO - Started process (PID=13020) to work on /home/airflow/.local/lib/python3.12/site-packages/airflow/example_dags/tutorial.py
[2025-07-01T03:07:37.704+0000] {processor.py:914} INFO - Processing file /home/airflow/.local/lib/python3.12/site-packages/airflow/example_dags/tutorial.py for tasks to queue
[2025-07-01T03:07:37.707+0000] {logging_mixin.py:190} INFO - [2025-07-01T03:07:37.706+0000] {dagbag.py:588} INFO - Filling up the DagBag from /home/airflow/.local/lib/python3.12/site-packages/airflow/example_dags/tutorial.py
[2025-07-01T03:07:37.715+0000] {processor.py:925} INFO - DAG(s) 'tutorial' retrieved from /home/airflow/.local/lib/python3.12/site-packages/airflow/example_dags/tutorial.py
[2025-07-01T03:07:37.735+0000] {logging_mixin.py:190} INFO - [2025-07-01T03:07:37.734+0000] {dag.py:3239} INFO - Sync 1 DAGs
[2025-07-01T03:07:37.755+0000] {logging_mixin.py:190} INFO - [2025-07-01T03:07:37.755+0000] {dag.py:4180} INFO - Setting next_dagrun for tutorial to 2025-06-30 00:00:00+00:00, run_after=2025-07-01 00:00:00+00:00
[2025-07-01T03:07:37.771+0000] {processor.py:208} INFO - Processing /home/airflow/.local/lib/python3.12/site-packages/airflow/example_dags/tutorial.py took 0.074 seconds
[2025-07-01T03:08:07.839+0000] {processor.py:186} INFO - Started process (PID=13082) to work on /home/airflow/.local/lib/python3.12/site-packages/airflow/example_dags/tutorial.py
[2025-07-01T03:08:07.840+0000] {processor.py:914} INFO - Processing file /home/airflow/.local/lib/python3.12/site-packages/airflow/example_dags/tutorial.py for tasks to queue
[2025-07-01T03:08:07.843+0000] {logging_mixin.py:190} INFO - [2025-07-01T03:08:07.842+0000] {dagbag.py:588} INFO - Filling up the DagBag from /home/airflow/.local/lib/python3.12/site-packages/airflow/example_dags/tutorial.py
[2025-07-01T03:08:07.852+0000] {processor.py:925} INFO - DAG(s) 'tutorial' retrieved from /home/airflow/.local/lib/python3.12/site-packages/airflow/example_dags/tutorial.py
[2025-07-01T03:08:07.874+0000] {logging_mixin.py:190} INFO - [2025-07-01T03:08:07.874+0000] {dag.py:3239} INFO - Sync 1 DAGs
[2025-07-01T03:08:07.896+0000] {logging_mixin.py:190} INFO - [2025-07-01T03:08:07.896+0000] {dag.py:4180} INFO - Setting next_dagrun for tutorial to 2025-06-30 00:00:00+00:00, run_after=2025-07-01 00:00:00+00:00
[2025-07-01T03:08:07.912+0000] {processor.py:208} INFO - Processing /home/airflow/.local/lib/python3.12/site-packages/airflow/example_dags/tutorial.py took 0.080 seconds
[2025-07-01T03:30:19.654+0000] {processor.py:186} INFO - Started process (PID=13161) to work on /home/airflow/.local/lib/python3.12/site-packages/airflow/example_dags/tutorial.py
[2025-07-01T03:30:19.655+0000] {processor.py:914} INFO - Processing file /home/airflow/.local/lib/python3.12/site-packages/airflow/example_dags/tutorial.py for tasks to queue
[2025-07-01T03:30:19.659+0000] {logging_mixin.py:190} INFO - [2025-07-01T03:30:19.659+0000] {dagbag.py:588} INFO - Filling up the DagBag from /home/airflow/.local/lib/python3.12/site-packages/airflow/example_dags/tutorial.py
[2025-07-01T03:30:19.675+0000] {processor.py:925} INFO - DAG(s) 'tutorial' retrieved from /home/airflow/.local/lib/python3.12/site-packages/airflow/example_dags/tutorial.py
[2025-07-01T03:30:19.705+0000] {logging_mixin.py:190} INFO - [2025-07-01T03:30:19.704+0000] {dag.py:3239} INFO - Sync 1 DAGs
[2025-07-01T03:30:19.765+0000] {logging_mixin.py:190} INFO - [2025-07-01T03:30:19.764+0000] {dag.py:4180} INFO - Setting next_dagrun for tutorial to 2025-06-30 00:00:00+00:00, run_after=2025-07-01 00:00:00+00:00
[2025-07-01T03:30:19.807+0000] {processor.py:208} INFO - Processing /home/airflow/.local/lib/python3.12/site-packages/airflow/example_dags/tutorial.py took 0.164 seconds
[2025-07-01T03:30:50.500+0000] {processor.py:186} INFO - Started process (PID=13223) to work on /home/airflow/.local/lib/python3.12/site-packages/airflow/example_dags/tutorial.py
[2025-07-01T03:30:50.501+0000] {processor.py:914} INFO - Processing file /home/airflow/.local/lib/python3.12/site-packages/airflow/example_dags/tutorial.py for tasks to queue
[2025-07-01T03:30:50.504+0000] {logging_mixin.py:190} INFO - [2025-07-01T03:30:50.504+0000] {dagbag.py:588} INFO - Filling up the DagBag from /home/airflow/.local/lib/python3.12/site-packages/airflow/example_dags/tutorial.py
[2025-07-01T03:30:50.514+0000] {processor.py:925} INFO - DAG(s) 'tutorial' retrieved from /home/airflow/.local/lib/python3.12/site-packages/airflow/example_dags/tutorial.py
[2025-07-01T03:30:50.539+0000] {logging_mixin.py:190} INFO - [2025-07-01T03:30:50.539+0000] {dag.py:3239} INFO - Sync 1 DAGs
[2025-07-01T03:30:50.568+0000] {logging_mixin.py:190} INFO - [2025-07-01T03:30:50.568+0000] {dag.py:4180} INFO - Setting next_dagrun for tutorial to 2025-06-30 00:00:00+00:00, run_after=2025-07-01 00:00:00+00:00
[2025-07-01T03:30:50.589+0000] {processor.py:208} INFO - Processing /home/airflow/.local/lib/python3.12/site-packages/airflow/example_dags/tutorial.py took 0.096 seconds
[2025-07-01T03:31:21.038+0000] {processor.py:186} INFO - Started process (PID=13285) to work on /home/airflow/.local/lib/python3.12/site-packages/airflow/example_dags/tutorial.py
[2025-07-01T03:31:21.039+0000] {processor.py:914} INFO - Processing file /home/airflow/.local/lib/python3.12/site-packages/airflow/example_dags/tutorial.py for tasks to queue
[2025-07-01T03:31:21.042+0000] {logging_mixin.py:190} INFO - [2025-07-01T03:31:21.041+0000] {dagbag.py:588} INFO - Filling up the DagBag from /home/airflow/.local/lib/python3.12/site-packages/airflow/example_dags/tutorial.py
[2025-07-01T03:31:21.052+0000] {processor.py:925} INFO - DAG(s) 'tutorial' retrieved from /home/airflow/.local/lib/python3.12/site-packages/airflow/example_dags/tutorial.py
[2025-07-01T03:31:21.076+0000] {logging_mixin.py:190} INFO - [2025-07-01T03:31:21.076+0000] {dag.py:3239} INFO - Sync 1 DAGs
[2025-07-01T03:31:21.101+0000] {logging_mixin.py:190} INFO - [2025-07-01T03:31:21.101+0000] {dag.py:4180} INFO - Setting next_dagrun for tutorial to 2025-06-30 00:00:00+00:00, run_after=2025-07-01 00:00:00+00:00
[2025-07-01T03:31:21.123+0000] {processor.py:208} INFO - Processing /home/airflow/.local/lib/python3.12/site-packages/airflow/example_dags/tutorial.py took 0.094 seconds
[2025-07-01T03:31:51.636+0000] {processor.py:186} INFO - Started process (PID=13347) to work on /home/airflow/.local/lib/python3.12/site-packages/airflow/example_dags/tutorial.py
[2025-07-01T03:31:51.637+0000] {processor.py:914} INFO - Processing file /home/airflow/.local/lib/python3.12/site-packages/airflow/example_dags/tutorial.py for tasks to queue
[2025-07-01T03:31:51.639+0000] {logging_mixin.py:190} INFO - [2025-07-01T03:31:51.639+0000] {dagbag.py:588} INFO - Filling up the DagBag from /home/airflow/.local/lib/python3.12/site-packages/airflow/example_dags/tutorial.py
[2025-07-01T03:31:51.647+0000] {processor.py:925} INFO - DAG(s) 'tutorial' retrieved from /home/airflow/.local/lib/python3.12/site-packages/airflow/example_dags/tutorial.py
[2025-07-01T03:31:51.667+0000] {logging_mixin.py:190} INFO - [2025-07-01T03:31:51.667+0000] {dag.py:3239} INFO - Sync 1 DAGs
[2025-07-01T03:31:51.690+0000] {logging_mixin.py:190} INFO - [2025-07-01T03:31:51.690+0000] {dag.py:4180} INFO - Setting next_dagrun for tutorial to 2025-06-30 00:00:00+00:00, run_after=2025-07-01 00:00:00+00:00
[2025-07-01T03:31:51.707+0000] {processor.py:208} INFO - Processing /home/airflow/.local/lib/python3.12/site-packages/airflow/example_dags/tutorial.py took 0.077 seconds
[2025-07-01T03:32:22.268+0000] {processor.py:186} INFO - Started process (PID=13409) to work on /home/airflow/.local/lib/python3.12/site-packages/airflow/example_dags/tutorial.py
[2025-07-01T03:32:22.270+0000] {processor.py:914} INFO - Processing file /home/airflow/.local/lib/python3.12/site-packages/airflow/example_dags/tutorial.py for tasks to queue
[2025-07-01T03:32:22.274+0000] {logging_mixin.py:190} INFO - [2025-07-01T03:32:22.274+0000] {dagbag.py:588} INFO - Filling up the DagBag from /home/airflow/.local/lib/python3.12/site-packages/airflow/example_dags/tutorial.py
[2025-07-01T03:32:22.286+0000] {processor.py:925} INFO - DAG(s) 'tutorial' retrieved from /home/airflow/.local/lib/python3.12/site-packages/airflow/example_dags/tutorial.py
[2025-07-01T03:32:22.314+0000] {logging_mixin.py:190} INFO - [2025-07-01T03:32:22.314+0000] {dag.py:3239} INFO - Sync 1 DAGs
[2025-07-01T03:32:22.343+0000] {logging_mixin.py:190} INFO - [2025-07-01T03:32:22.343+0000] {dag.py:4180} INFO - Setting next_dagrun for tutorial to 2025-06-30 00:00:00+00:00, run_after=2025-07-01 00:00:00+00:00
[2025-07-01T03:32:22.363+0000] {processor.py:208} INFO - Processing /home/airflow/.local/lib/python3.12/site-packages/airflow/example_dags/tutorial.py took 0.103 seconds
[2025-07-01T03:32:52.548+0000] {processor.py:186} INFO - Started process (PID=13471) to work on /home/airflow/.local/lib/python3.12/site-packages/airflow/example_dags/tutorial.py
[2025-07-01T03:32:52.549+0000] {processor.py:914} INFO - Processing file /home/airflow/.local/lib/python3.12/site-packages/airflow/example_dags/tutorial.py for tasks to queue
[2025-07-01T03:32:52.552+0000] {logging_mixin.py:190} INFO - [2025-07-01T03:32:52.552+0000] {dagbag.py:588} INFO - Filling up the DagBag from /home/airflow/.local/lib/python3.12/site-packages/airflow/example_dags/tutorial.py
[2025-07-01T03:32:52.563+0000] {processor.py:925} INFO - DAG(s) 'tutorial' retrieved from /home/airflow/.local/lib/python3.12/site-packages/airflow/example_dags/tutorial.py
[2025-07-01T03:32:52.586+0000] {logging_mixin.py:190} INFO - [2025-07-01T03:32:52.585+0000] {dag.py:3239} INFO - Sync 1 DAGs
[2025-07-01T03:32:52.610+0000] {logging_mixin.py:190} INFO - [2025-07-01T03:32:52.609+0000] {dag.py:4180} INFO - Setting next_dagrun for tutorial to 2025-06-30 00:00:00+00:00, run_after=2025-07-01 00:00:00+00:00
[2025-07-01T03:32:52.628+0000] {processor.py:208} INFO - Processing /home/airflow/.local/lib/python3.12/site-packages/airflow/example_dags/tutorial.py took 0.088 seconds
[2025-07-01T03:33:23.197+0000] {processor.py:186} INFO - Started process (PID=13534) to work on /home/airflow/.local/lib/python3.12/site-packages/airflow/example_dags/tutorial.py
[2025-07-01T03:33:23.198+0000] {processor.py:914} INFO - Processing file /home/airflow/.local/lib/python3.12/site-packages/airflow/example_dags/tutorial.py for tasks to queue
[2025-07-01T03:33:23.200+0000] {logging_mixin.py:190} INFO - [2025-07-01T03:33:23.200+0000] {dagbag.py:588} INFO - Filling up the DagBag from /home/airflow/.local/lib/python3.12/site-packages/airflow/example_dags/tutorial.py
[2025-07-01T03:33:23.210+0000] {processor.py:925} INFO - DAG(s) 'tutorial' retrieved from /home/airflow/.local/lib/python3.12/site-packages/airflow/example_dags/tutorial.py
[2025-07-01T03:33:23.230+0000] {logging_mixin.py:190} INFO - [2025-07-01T03:33:23.230+0000] {dag.py:3239} INFO - Sync 1 DAGs
[2025-07-01T03:33:23.256+0000] {logging_mixin.py:190} INFO - [2025-07-01T03:33:23.255+0000] {dag.py:4180} INFO - Setting next_dagrun for tutorial to 2025-06-30 00:00:00+00:00, run_after=2025-07-01 00:00:00+00:00
[2025-07-01T03:33:23.275+0000] {processor.py:208} INFO - Processing /home/airflow/.local/lib/python3.12/site-packages/airflow/example_dags/tutorial.py took 0.086 seconds
[2025-07-01T03:33:53.690+0000] {processor.py:186} INFO - Started process (PID=13596) to work on /home/airflow/.local/lib/python3.12/site-packages/airflow/example_dags/tutorial.py
[2025-07-01T03:33:53.691+0000] {processor.py:914} INFO - Processing file /home/airflow/.local/lib/python3.12/site-packages/airflow/example_dags/tutorial.py for tasks to queue
[2025-07-01T03:33:53.695+0000] {logging_mixin.py:190} INFO - [2025-07-01T03:33:53.694+0000] {dagbag.py:588} INFO - Filling up the DagBag from /home/airflow/.local/lib/python3.12/site-packages/airflow/example_dags/tutorial.py
[2025-07-01T03:33:53.705+0000] {processor.py:925} INFO - DAG(s) 'tutorial' retrieved from /home/airflow/.local/lib/python3.12/site-packages/airflow/example_dags/tutorial.py
[2025-07-01T03:33:53.727+0000] {logging_mixin.py:190} INFO - [2025-07-01T03:33:53.726+0000] {dag.py:3239} INFO - Sync 1 DAGs
[2025-07-01T03:33:53.753+0000] {logging_mixin.py:190} INFO - [2025-07-01T03:33:53.753+0000] {dag.py:4180} INFO - Setting next_dagrun for tutorial to 2025-06-30 00:00:00+00:00, run_after=2025-07-01 00:00:00+00:00
[2025-07-01T03:33:53.773+0000] {processor.py:208} INFO - Processing /home/airflow/.local/lib/python3.12/site-packages/airflow/example_dags/tutorial.py took 0.090 seconds
[2025-07-01T03:34:24.262+0000] {processor.py:186} INFO - Started process (PID=13658) to work on /home/airflow/.local/lib/python3.12/site-packages/airflow/example_dags/tutorial.py
[2025-07-01T03:34:24.264+0000] {processor.py:914} INFO - Processing file /home/airflow/.local/lib/python3.12/site-packages/airflow/example_dags/tutorial.py for tasks to queue
[2025-07-01T03:34:24.267+0000] {logging_mixin.py:190} INFO - [2025-07-01T03:34:24.267+0000] {dagbag.py:588} INFO - Filling up the DagBag from /home/airflow/.local/lib/python3.12/site-packages/airflow/example_dags/tutorial.py
[2025-07-01T03:34:24.281+0000] {processor.py:925} INFO - DAG(s) 'tutorial' retrieved from /home/airflow/.local/lib/python3.12/site-packages/airflow/example_dags/tutorial.py
[2025-07-01T03:34:24.305+0000] {logging_mixin.py:190} INFO - [2025-07-01T03:34:24.305+0000] {dag.py:3239} INFO - Sync 1 DAGs
[2025-07-01T03:34:24.331+0000] {logging_mixin.py:190} INFO - [2025-07-01T03:34:24.331+0000] {dag.py:4180} INFO - Setting next_dagrun for tutorial to 2025-06-30 00:00:00+00:00, run_after=2025-07-01 00:00:00+00:00
[2025-07-01T03:34:24.349+0000] {processor.py:208} INFO - Processing /home/airflow/.local/lib/python3.12/site-packages/airflow/example_dags/tutorial.py took 0.095 seconds
[2025-07-01T03:34:54.452+0000] {processor.py:186} INFO - Started process (PID=13720) to work on /home/airflow/.local/lib/python3.12/site-packages/airflow/example_dags/tutorial.py
[2025-07-01T03:34:54.453+0000] {processor.py:914} INFO - Processing file /home/airflow/.local/lib/python3.12/site-packages/airflow/example_dags/tutorial.py for tasks to queue
[2025-07-01T03:34:54.456+0000] {logging_mixin.py:190} INFO - [2025-07-01T03:34:54.455+0000] {dagbag.py:588} INFO - Filling up the DagBag from /home/airflow/.local/lib/python3.12/site-packages/airflow/example_dags/tutorial.py
[2025-07-01T03:34:54.468+0000] {processor.py:925} INFO - DAG(s) 'tutorial' retrieved from /home/airflow/.local/lib/python3.12/site-packages/airflow/example_dags/tutorial.py
[2025-07-01T03:34:54.493+0000] {logging_mixin.py:190} INFO - [2025-07-01T03:34:54.493+0000] {dag.py:3239} INFO - Sync 1 DAGs
[2025-07-01T03:34:54.516+0000] {logging_mixin.py:190} INFO - [2025-07-01T03:34:54.516+0000] {dag.py:4180} INFO - Setting next_dagrun for tutorial to 2025-06-30 00:00:00+00:00, run_after=2025-07-01 00:00:00+00:00
[2025-07-01T03:34:54.534+0000] {processor.py:208} INFO - Processing /home/airflow/.local/lib/python3.12/site-packages/airflow/example_dags/tutorial.py took 0.088 seconds
[2025-07-01T03:35:24.887+0000] {processor.py:186} INFO - Started process (PID=13782) to work on /home/airflow/.local/lib/python3.12/site-packages/airflow/example_dags/tutorial.py
[2025-07-01T03:35:24.889+0000] {processor.py:914} INFO - Processing file /home/airflow/.local/lib/python3.12/site-packages/airflow/example_dags/tutorial.py for tasks to queue
[2025-07-01T03:35:24.892+0000] {logging_mixin.py:190} INFO - [2025-07-01T03:35:24.892+0000] {dagbag.py:588} INFO - Filling up the DagBag from /home/airflow/.local/lib/python3.12/site-packages/airflow/example_dags/tutorial.py
[2025-07-01T03:35:24.903+0000] {processor.py:925} INFO - DAG(s) 'tutorial' retrieved from /home/airflow/.local/lib/python3.12/site-packages/airflow/example_dags/tutorial.py
[2025-07-01T03:35:24.926+0000] {logging_mixin.py:190} INFO - [2025-07-01T03:35:24.926+0000] {dag.py:3239} INFO - Sync 1 DAGs
[2025-07-01T03:35:24.952+0000] {logging_mixin.py:190} INFO - [2025-07-01T03:35:24.952+0000] {dag.py:4180} INFO - Setting next_dagrun for tutorial to 2025-06-30 00:00:00+00:00, run_after=2025-07-01 00:00:00+00:00
[2025-07-01T03:35:24.977+0000] {processor.py:208} INFO - Processing /home/airflow/.local/lib/python3.12/site-packages/airflow/example_dags/tutorial.py took 0.098 seconds
[2025-07-01T03:35:55.197+0000] {processor.py:186} INFO - Started process (PID=13844) to work on /home/airflow/.local/lib/python3.12/site-packages/airflow/example_dags/tutorial.py
[2025-07-01T03:35:55.198+0000] {processor.py:914} INFO - Processing file /home/airflow/.local/lib/python3.12/site-packages/airflow/example_dags/tutorial.py for tasks to queue
[2025-07-01T03:35:55.201+0000] {logging_mixin.py:190} INFO - [2025-07-01T03:35:55.201+0000] {dagbag.py:588} INFO - Filling up the DagBag from /home/airflow/.local/lib/python3.12/site-packages/airflow/example_dags/tutorial.py
[2025-07-01T03:35:55.216+0000] {processor.py:925} INFO - DAG(s) 'tutorial' retrieved from /home/airflow/.local/lib/python3.12/site-packages/airflow/example_dags/tutorial.py
[2025-07-01T03:35:55.249+0000] {logging_mixin.py:190} INFO - [2025-07-01T03:35:55.249+0000] {dag.py:3239} INFO - Sync 1 DAGs
[2025-07-01T03:35:55.277+0000] {logging_mixin.py:190} INFO - [2025-07-01T03:35:55.277+0000] {dag.py:4180} INFO - Setting next_dagrun for tutorial to 2025-06-30 00:00:00+00:00, run_after=2025-07-01 00:00:00+00:00
[2025-07-01T03:35:55.296+0000] {processor.py:208} INFO - Processing /home/airflow/.local/lib/python3.12/site-packages/airflow/example_dags/tutorial.py took 0.107 seconds
[2025-07-01T03:36:25.452+0000] {processor.py:186} INFO - Started process (PID=13906) to work on /home/airflow/.local/lib/python3.12/site-packages/airflow/example_dags/tutorial.py
[2025-07-01T03:36:25.453+0000] {processor.py:914} INFO - Processing file /home/airflow/.local/lib/python3.12/site-packages/airflow/example_dags/tutorial.py for tasks to queue
[2025-07-01T03:36:25.455+0000] {logging_mixin.py:190} INFO - [2025-07-01T03:36:25.455+0000] {dagbag.py:588} INFO - Filling up the DagBag from /home/airflow/.local/lib/python3.12/site-packages/airflow/example_dags/tutorial.py
[2025-07-01T03:36:25.464+0000] {processor.py:925} INFO - DAG(s) 'tutorial' retrieved from /home/airflow/.local/lib/python3.12/site-packages/airflow/example_dags/tutorial.py
[2025-07-01T03:36:25.484+0000] {logging_mixin.py:190} INFO - [2025-07-01T03:36:25.483+0000] {dag.py:3239} INFO - Sync 1 DAGs
[2025-07-01T03:36:25.506+0000] {logging_mixin.py:190} INFO - [2025-07-01T03:36:25.506+0000] {dag.py:4180} INFO - Setting next_dagrun for tutorial to 2025-06-30 00:00:00+00:00, run_after=2025-07-01 00:00:00+00:00
[2025-07-01T03:36:25.524+0000] {processor.py:208} INFO - Processing /home/airflow/.local/lib/python3.12/site-packages/airflow/example_dags/tutorial.py took 0.079 seconds
[2025-07-01T03:36:56.005+0000] {processor.py:186} INFO - Started process (PID=13968) to work on /home/airflow/.local/lib/python3.12/site-packages/airflow/example_dags/tutorial.py
[2025-07-01T03:36:56.006+0000] {processor.py:914} INFO - Processing file /home/airflow/.local/lib/python3.12/site-packages/airflow/example_dags/tutorial.py for tasks to queue
[2025-07-01T03:36:56.009+0000] {logging_mixin.py:190} INFO - [2025-07-01T03:36:56.009+0000] {dagbag.py:588} INFO - Filling up the DagBag from /home/airflow/.local/lib/python3.12/site-packages/airflow/example_dags/tutorial.py
[2025-07-01T03:36:56.017+0000] {processor.py:925} INFO - DAG(s) 'tutorial' retrieved from /home/airflow/.local/lib/python3.12/site-packages/airflow/example_dags/tutorial.py
[2025-07-01T03:36:56.038+0000] {logging_mixin.py:190} INFO - [2025-07-01T03:36:56.038+0000] {dag.py:3239} INFO - Sync 1 DAGs
[2025-07-01T03:36:56.060+0000] {logging_mixin.py:190} INFO - [2025-07-01T03:36:56.059+0000] {dag.py:4180} INFO - Setting next_dagrun for tutorial to 2025-06-30 00:00:00+00:00, run_after=2025-07-01 00:00:00+00:00
[2025-07-01T03:36:56.078+0000] {processor.py:208} INFO - Processing /home/airflow/.local/lib/python3.12/site-packages/airflow/example_dags/tutorial.py took 0.079 seconds
[2025-07-01T03:37:26.360+0000] {processor.py:186} INFO - Started process (PID=14030) to work on /home/airflow/.local/lib/python3.12/site-packages/airflow/example_dags/tutorial.py
[2025-07-01T03:37:26.361+0000] {processor.py:914} INFO - Processing file /home/airflow/.local/lib/python3.12/site-packages/airflow/example_dags/tutorial.py for tasks to queue
[2025-07-01T03:37:26.364+0000] {logging_mixin.py:190} INFO - [2025-07-01T03:37:26.363+0000] {dagbag.py:588} INFO - Filling up the DagBag from /home/airflow/.local/lib/python3.12/site-packages/airflow/example_dags/tutorial.py
[2025-07-01T03:37:26.372+0000] {processor.py:925} INFO - DAG(s) 'tutorial' retrieved from /home/airflow/.local/lib/python3.12/site-packages/airflow/example_dags/tutorial.py
[2025-07-01T03:37:26.393+0000] {logging_mixin.py:190} INFO - [2025-07-01T03:37:26.393+0000] {dag.py:3239} INFO - Sync 1 DAGs
[2025-07-01T03:37:26.430+0000] {logging_mixin.py:190} INFO - [2025-07-01T03:37:26.430+0000] {dag.py:4180} INFO - Setting next_dagrun for tutorial to 2025-06-30 00:00:00+00:00, run_after=2025-07-01 00:00:00+00:00
[2025-07-01T03:37:26.453+0000] {processor.py:208} INFO - Processing /home/airflow/.local/lib/python3.12/site-packages/airflow/example_dags/tutorial.py took 0.099 seconds
[2025-07-01T03:37:56.565+0000] {processor.py:186} INFO - Started process (PID=14092) to work on /home/airflow/.local/lib/python3.12/site-packages/airflow/example_dags/tutorial.py
[2025-07-01T03:37:56.566+0000] {processor.py:914} INFO - Processing file /home/airflow/.local/lib/python3.12/site-packages/airflow/example_dags/tutorial.py for tasks to queue
[2025-07-01T03:37:56.569+0000] {logging_mixin.py:190} INFO - [2025-07-01T03:37:56.568+0000] {dagbag.py:588} INFO - Filling up the DagBag from /home/airflow/.local/lib/python3.12/site-packages/airflow/example_dags/tutorial.py
[2025-07-01T03:37:56.578+0000] {processor.py:925} INFO - DAG(s) 'tutorial' retrieved from /home/airflow/.local/lib/python3.12/site-packages/airflow/example_dags/tutorial.py
[2025-07-01T03:37:56.597+0000] {logging_mixin.py:190} INFO - [2025-07-01T03:37:56.597+0000] {dag.py:3239} INFO - Sync 1 DAGs
[2025-07-01T03:37:56.619+0000] {logging_mixin.py:190} INFO - [2025-07-01T03:37:56.619+0000] {dag.py:4180} INFO - Setting next_dagrun for tutorial to 2025-06-30 00:00:00+00:00, run_after=2025-07-01 00:00:00+00:00
[2025-07-01T03:37:56.636+0000] {processor.py:208} INFO - Processing /home/airflow/.local/lib/python3.12/site-packages/airflow/example_dags/tutorial.py took 0.078 seconds
[2025-07-01T03:38:27.280+0000] {processor.py:186} INFO - Started process (PID=14154) to work on /home/airflow/.local/lib/python3.12/site-packages/airflow/example_dags/tutorial.py
[2025-07-01T03:38:27.281+0000] {processor.py:914} INFO - Processing file /home/airflow/.local/lib/python3.12/site-packages/airflow/example_dags/tutorial.py for tasks to queue
[2025-07-01T03:38:27.283+0000] {logging_mixin.py:190} INFO - [2025-07-01T03:38:27.283+0000] {dagbag.py:588} INFO - Filling up the DagBag from /home/airflow/.local/lib/python3.12/site-packages/airflow/example_dags/tutorial.py
[2025-07-01T03:38:27.291+0000] {processor.py:925} INFO - DAG(s) 'tutorial' retrieved from /home/airflow/.local/lib/python3.12/site-packages/airflow/example_dags/tutorial.py
[2025-07-01T03:38:27.312+0000] {logging_mixin.py:190} INFO - [2025-07-01T03:38:27.312+0000] {dag.py:3239} INFO - Sync 1 DAGs
[2025-07-01T03:38:27.336+0000] {logging_mixin.py:190} INFO - [2025-07-01T03:38:27.336+0000] {dag.py:4180} INFO - Setting next_dagrun for tutorial to 2025-06-30 00:00:00+00:00, run_after=2025-07-01 00:00:00+00:00
[2025-07-01T03:38:27.353+0000] {processor.py:208} INFO - Processing /home/airflow/.local/lib/python3.12/site-packages/airflow/example_dags/tutorial.py took 0.079 seconds
[2025-07-01T03:38:58.118+0000] {processor.py:186} INFO - Started process (PID=14216) to work on /home/airflow/.local/lib/python3.12/site-packages/airflow/example_dags/tutorial.py
[2025-07-01T03:38:58.119+0000] {processor.py:914} INFO - Processing file /home/airflow/.local/lib/python3.12/site-packages/airflow/example_dags/tutorial.py for tasks to queue
[2025-07-01T03:38:58.123+0000] {logging_mixin.py:190} INFO - [2025-07-01T03:38:58.122+0000] {dagbag.py:588} INFO - Filling up the DagBag from /home/airflow/.local/lib/python3.12/site-packages/airflow/example_dags/tutorial.py
[2025-07-01T03:38:58.132+0000] {processor.py:925} INFO - DAG(s) 'tutorial' retrieved from /home/airflow/.local/lib/python3.12/site-packages/airflow/example_dags/tutorial.py
[2025-07-01T03:38:58.152+0000] {logging_mixin.py:190} INFO - [2025-07-01T03:38:58.152+0000] {dag.py:3239} INFO - Sync 1 DAGs
[2025-07-01T03:38:58.177+0000] {logging_mixin.py:190} INFO - [2025-07-01T03:38:58.177+0000] {dag.py:4180} INFO - Setting next_dagrun for tutorial to 2025-06-30 00:00:00+00:00, run_after=2025-07-01 00:00:00+00:00
[2025-07-01T03:38:58.195+0000] {processor.py:208} INFO - Processing /home/airflow/.local/lib/python3.12/site-packages/airflow/example_dags/tutorial.py took 0.085 seconds
[2025-07-01T03:39:28.859+0000] {processor.py:186} INFO - Started process (PID=14278) to work on /home/airflow/.local/lib/python3.12/site-packages/airflow/example_dags/tutorial.py
[2025-07-01T03:39:28.860+0000] {processor.py:914} INFO - Processing file /home/airflow/.local/lib/python3.12/site-packages/airflow/example_dags/tutorial.py for tasks to queue
[2025-07-01T03:39:28.862+0000] {logging_mixin.py:190} INFO - [2025-07-01T03:39:28.862+0000] {dagbag.py:588} INFO - Filling up the DagBag from /home/airflow/.local/lib/python3.12/site-packages/airflow/example_dags/tutorial.py
[2025-07-01T03:39:28.871+0000] {processor.py:925} INFO - DAG(s) 'tutorial' retrieved from /home/airflow/.local/lib/python3.12/site-packages/airflow/example_dags/tutorial.py
[2025-07-01T03:39:28.890+0000] {logging_mixin.py:190} INFO - [2025-07-01T03:39:28.890+0000] {dag.py:3239} INFO - Sync 1 DAGs
[2025-07-01T03:39:28.912+0000] {logging_mixin.py:190} INFO - [2025-07-01T03:39:28.912+0000] {dag.py:4180} INFO - Setting next_dagrun for tutorial to 2025-06-30 00:00:00+00:00, run_after=2025-07-01 00:00:00+00:00
[2025-07-01T03:39:28.929+0000] {processor.py:208} INFO - Processing /home/airflow/.local/lib/python3.12/site-packages/airflow/example_dags/tutorial.py took 0.077 seconds
[2025-07-01T03:39:59.535+0000] {processor.py:186} INFO - Started process (PID=14340) to work on /home/airflow/.local/lib/python3.12/site-packages/airflow/example_dags/tutorial.py
[2025-07-01T03:39:59.536+0000] {processor.py:914} INFO - Processing file /home/airflow/.local/lib/python3.12/site-packages/airflow/example_dags/tutorial.py for tasks to queue
[2025-07-01T03:39:59.539+0000] {logging_mixin.py:190} INFO - [2025-07-01T03:39:59.538+0000] {dagbag.py:588} INFO - Filling up the DagBag from /home/airflow/.local/lib/python3.12/site-packages/airflow/example_dags/tutorial.py
[2025-07-01T03:39:59.547+0000] {processor.py:925} INFO - DAG(s) 'tutorial' retrieved from /home/airflow/.local/lib/python3.12/site-packages/airflow/example_dags/tutorial.py
[2025-07-01T03:39:59.567+0000] {logging_mixin.py:190} INFO - [2025-07-01T03:39:59.567+0000] {dag.py:3239} INFO - Sync 1 DAGs
[2025-07-01T03:39:59.589+0000] {logging_mixin.py:190} INFO - [2025-07-01T03:39:59.589+0000] {dag.py:4180} INFO - Setting next_dagrun for tutorial to 2025-06-30 00:00:00+00:00, run_after=2025-07-01 00:00:00+00:00
[2025-07-01T03:39:59.605+0000] {processor.py:208} INFO - Processing /home/airflow/.local/lib/python3.12/site-packages/airflow/example_dags/tutorial.py took 0.076 seconds
[2025-07-01T03:40:30.321+0000] {processor.py:186} INFO - Started process (PID=14402) to work on /home/airflow/.local/lib/python3.12/site-packages/airflow/example_dags/tutorial.py
[2025-07-01T03:40:30.323+0000] {processor.py:914} INFO - Processing file /home/airflow/.local/lib/python3.12/site-packages/airflow/example_dags/tutorial.py for tasks to queue
[2025-07-01T03:40:30.325+0000] {logging_mixin.py:190} INFO - [2025-07-01T03:40:30.325+0000] {dagbag.py:588} INFO - Filling up the DagBag from /home/airflow/.local/lib/python3.12/site-packages/airflow/example_dags/tutorial.py
[2025-07-01T03:40:30.333+0000] {processor.py:925} INFO - DAG(s) 'tutorial' retrieved from /home/airflow/.local/lib/python3.12/site-packages/airflow/example_dags/tutorial.py
[2025-07-01T03:40:30.353+0000] {logging_mixin.py:190} INFO - [2025-07-01T03:40:30.353+0000] {dag.py:3239} INFO - Sync 1 DAGs
[2025-07-01T03:40:30.375+0000] {logging_mixin.py:190} INFO - [2025-07-01T03:40:30.375+0000] {dag.py:4180} INFO - Setting next_dagrun for tutorial to 2025-06-30 00:00:00+00:00, run_after=2025-07-01 00:00:00+00:00
[2025-07-01T03:40:30.392+0000] {processor.py:208} INFO - Processing /home/airflow/.local/lib/python3.12/site-packages/airflow/example_dags/tutorial.py took 0.077 seconds
[2025-07-01T03:41:01.278+0000] {processor.py:186} INFO - Started process (PID=14464) to work on /home/airflow/.local/lib/python3.12/site-packages/airflow/example_dags/tutorial.py
[2025-07-01T03:41:01.279+0000] {processor.py:914} INFO - Processing file /home/airflow/.local/lib/python3.12/site-packages/airflow/example_dags/tutorial.py for tasks to queue
[2025-07-01T03:41:01.282+0000] {logging_mixin.py:190} INFO - [2025-07-01T03:41:01.281+0000] {dagbag.py:588} INFO - Filling up the DagBag from /home/airflow/.local/lib/python3.12/site-packages/airflow/example_dags/tutorial.py
[2025-07-01T03:41:01.290+0000] {processor.py:925} INFO - DAG(s) 'tutorial' retrieved from /home/airflow/.local/lib/python3.12/site-packages/airflow/example_dags/tutorial.py
[2025-07-01T03:41:01.309+0000] {logging_mixin.py:190} INFO - [2025-07-01T03:41:01.309+0000] {dag.py:3239} INFO - Sync 1 DAGs
[2025-07-01T03:41:01.332+0000] {logging_mixin.py:190} INFO - [2025-07-01T03:41:01.332+0000] {dag.py:4180} INFO - Setting next_dagrun for tutorial to 2025-06-30 00:00:00+00:00, run_after=2025-07-01 00:00:00+00:00
[2025-07-01T03:41:01.349+0000] {processor.py:208} INFO - Processing /home/airflow/.local/lib/python3.12/site-packages/airflow/example_dags/tutorial.py took 0.077 seconds
[2025-07-01T03:41:32.411+0000] {processor.py:186} INFO - Started process (PID=14526) to work on /home/airflow/.local/lib/python3.12/site-packages/airflow/example_dags/tutorial.py
[2025-07-01T03:41:32.412+0000] {processor.py:914} INFO - Processing file /home/airflow/.local/lib/python3.12/site-packages/airflow/example_dags/tutorial.py for tasks to queue
[2025-07-01T03:41:32.415+0000] {logging_mixin.py:190} INFO - [2025-07-01T03:41:32.414+0000] {dagbag.py:588} INFO - Filling up the DagBag from /home/airflow/.local/lib/python3.12/site-packages/airflow/example_dags/tutorial.py
[2025-07-01T03:41:32.425+0000] {processor.py:925} INFO - DAG(s) 'tutorial' retrieved from /home/airflow/.local/lib/python3.12/site-packages/airflow/example_dags/tutorial.py
[2025-07-01T03:41:32.447+0000] {logging_mixin.py:190} INFO - [2025-07-01T03:41:32.446+0000] {dag.py:3239} INFO - Sync 1 DAGs
[2025-07-01T03:41:32.476+0000] {logging_mixin.py:190} INFO - [2025-07-01T03:41:32.476+0000] {dag.py:4180} INFO - Setting next_dagrun for tutorial to 2025-06-30 00:00:00+00:00, run_after=2025-07-01 00:00:00+00:00
[2025-07-01T03:41:32.496+0000] {processor.py:208} INFO - Processing /home/airflow/.local/lib/python3.12/site-packages/airflow/example_dags/tutorial.py took 0.092 seconds
[2025-07-01T03:42:02.964+0000] {processor.py:186} INFO - Started process (PID=14588) to work on /home/airflow/.local/lib/python3.12/site-packages/airflow/example_dags/tutorial.py
[2025-07-01T03:42:02.965+0000] {processor.py:914} INFO - Processing file /home/airflow/.local/lib/python3.12/site-packages/airflow/example_dags/tutorial.py for tasks to queue
[2025-07-01T03:42:02.969+0000] {logging_mixin.py:190} INFO - [2025-07-01T03:42:02.968+0000] {dagbag.py:588} INFO - Filling up the DagBag from /home/airflow/.local/lib/python3.12/site-packages/airflow/example_dags/tutorial.py
[2025-07-01T03:42:02.979+0000] {processor.py:925} INFO - DAG(s) 'tutorial' retrieved from /home/airflow/.local/lib/python3.12/site-packages/airflow/example_dags/tutorial.py
[2025-07-01T03:42:02.998+0000] {logging_mixin.py:190} INFO - [2025-07-01T03:42:02.998+0000] {dag.py:3239} INFO - Sync 1 DAGs
[2025-07-01T03:42:03.021+0000] {logging_mixin.py:190} INFO - [2025-07-01T03:42:03.021+0000] {dag.py:4180} INFO - Setting next_dagrun for tutorial to 2025-06-30 00:00:00+00:00, run_after=2025-07-01 00:00:00+00:00
[2025-07-01T03:42:03.040+0000] {processor.py:208} INFO - Processing /home/airflow/.local/lib/python3.12/site-packages/airflow/example_dags/tutorial.py took 0.082 seconds
[2025-07-01T03:42:34.923+0000] {processor.py:186} INFO - Started process (PID=14650) to work on /home/airflow/.local/lib/python3.12/site-packages/airflow/example_dags/tutorial.py
[2025-07-01T03:42:34.924+0000] {processor.py:914} INFO - Processing file /home/airflow/.local/lib/python3.12/site-packages/airflow/example_dags/tutorial.py for tasks to queue
[2025-07-01T03:42:34.927+0000] {logging_mixin.py:190} INFO - [2025-07-01T03:42:34.926+0000] {dagbag.py:588} INFO - Filling up the DagBag from /home/airflow/.local/lib/python3.12/site-packages/airflow/example_dags/tutorial.py
[2025-07-01T03:42:34.935+0000] {processor.py:925} INFO - DAG(s) 'tutorial' retrieved from /home/airflow/.local/lib/python3.12/site-packages/airflow/example_dags/tutorial.py
[2025-07-01T03:42:34.955+0000] {logging_mixin.py:190} INFO - [2025-07-01T03:42:34.955+0000] {dag.py:3239} INFO - Sync 1 DAGs
[2025-07-01T03:42:34.977+0000] {logging_mixin.py:190} INFO - [2025-07-01T03:42:34.977+0000] {dag.py:4180} INFO - Setting next_dagrun for tutorial to 2025-06-30 00:00:00+00:00, run_after=2025-07-01 00:00:00+00:00
[2025-07-01T03:42:34.995+0000] {processor.py:208} INFO - Processing /home/airflow/.local/lib/python3.12/site-packages/airflow/example_dags/tutorial.py took 0.078 seconds
[2025-07-01T03:43:05.823+0000] {processor.py:186} INFO - Started process (PID=14712) to work on /home/airflow/.local/lib/python3.12/site-packages/airflow/example_dags/tutorial.py
[2025-07-01T03:43:05.824+0000] {processor.py:914} INFO - Processing file /home/airflow/.local/lib/python3.12/site-packages/airflow/example_dags/tutorial.py for tasks to queue
[2025-07-01T03:43:05.827+0000] {logging_mixin.py:190} INFO - [2025-07-01T03:43:05.826+0000] {dagbag.py:588} INFO - Filling up the DagBag from /home/airflow/.local/lib/python3.12/site-packages/airflow/example_dags/tutorial.py
[2025-07-01T03:43:05.836+0000] {processor.py:925} INFO - DAG(s) 'tutorial' retrieved from /home/airflow/.local/lib/python3.12/site-packages/airflow/example_dags/tutorial.py
[2025-07-01T03:43:05.855+0000] {logging_mixin.py:190} INFO - [2025-07-01T03:43:05.855+0000] {dag.py:3239} INFO - Sync 1 DAGs
[2025-07-01T03:43:05.878+0000] {logging_mixin.py:190} INFO - [2025-07-01T03:43:05.878+0000] {dag.py:4180} INFO - Setting next_dagrun for tutorial to 2025-06-30 00:00:00+00:00, run_after=2025-07-01 00:00:00+00:00
[2025-07-01T03:43:05.896+0000] {processor.py:208} INFO - Processing /home/airflow/.local/lib/python3.12/site-packages/airflow/example_dags/tutorial.py took 0.079 seconds
[2025-07-01T03:43:36.121+0000] {processor.py:186} INFO - Started process (PID=14774) to work on /home/airflow/.local/lib/python3.12/site-packages/airflow/example_dags/tutorial.py
[2025-07-01T03:43:36.122+0000] {processor.py:914} INFO - Processing file /home/airflow/.local/lib/python3.12/site-packages/airflow/example_dags/tutorial.py for tasks to queue
[2025-07-01T03:43:36.125+0000] {logging_mixin.py:190} INFO - [2025-07-01T03:43:36.124+0000] {dagbag.py:588} INFO - Filling up the DagBag from /home/airflow/.local/lib/python3.12/site-packages/airflow/example_dags/tutorial.py
[2025-07-01T03:43:36.133+0000] {processor.py:925} INFO - DAG(s) 'tutorial' retrieved from /home/airflow/.local/lib/python3.12/site-packages/airflow/example_dags/tutorial.py
[2025-07-01T03:43:36.152+0000] {logging_mixin.py:190} INFO - [2025-07-01T03:43:36.152+0000] {dag.py:3239} INFO - Sync 1 DAGs
[2025-07-01T03:43:36.176+0000] {logging_mixin.py:190} INFO - [2025-07-01T03:43:36.175+0000] {dag.py:4180} INFO - Setting next_dagrun for tutorial to 2025-06-30 00:00:00+00:00, run_after=2025-07-01 00:00:00+00:00
[2025-07-01T03:43:36.193+0000] {processor.py:208} INFO - Processing /home/airflow/.local/lib/python3.12/site-packages/airflow/example_dags/tutorial.py took 0.078 seconds
[2025-07-01T03:44:07.356+0000] {processor.py:186} INFO - Started process (PID=14836) to work on /home/airflow/.local/lib/python3.12/site-packages/airflow/example_dags/tutorial.py
[2025-07-01T03:44:07.357+0000] {processor.py:914} INFO - Processing file /home/airflow/.local/lib/python3.12/site-packages/airflow/example_dags/tutorial.py for tasks to queue
[2025-07-01T03:44:07.360+0000] {logging_mixin.py:190} INFO - [2025-07-01T03:44:07.360+0000] {dagbag.py:588} INFO - Filling up the DagBag from /home/airflow/.local/lib/python3.12/site-packages/airflow/example_dags/tutorial.py
[2025-07-01T03:44:07.368+0000] {processor.py:925} INFO - DAG(s) 'tutorial' retrieved from /home/airflow/.local/lib/python3.12/site-packages/airflow/example_dags/tutorial.py
[2025-07-01T03:44:07.388+0000] {logging_mixin.py:190} INFO - [2025-07-01T03:44:07.388+0000] {dag.py:3239} INFO - Sync 1 DAGs
[2025-07-01T03:44:07.409+0000] {logging_mixin.py:190} INFO - [2025-07-01T03:44:07.409+0000] {dag.py:4180} INFO - Setting next_dagrun for tutorial to 2025-06-30 00:00:00+00:00, run_after=2025-07-01 00:00:00+00:00
[2025-07-01T03:44:07.426+0000] {processor.py:208} INFO - Processing /home/airflow/.local/lib/python3.12/site-packages/airflow/example_dags/tutorial.py took 0.076 seconds
[2025-07-01T03:44:38.752+0000] {processor.py:186} INFO - Started process (PID=14898) to work on /home/airflow/.local/lib/python3.12/site-packages/airflow/example_dags/tutorial.py
[2025-07-01T03:44:38.753+0000] {processor.py:914} INFO - Processing file /home/airflow/.local/lib/python3.12/site-packages/airflow/example_dags/tutorial.py for tasks to queue
[2025-07-01T03:44:38.755+0000] {logging_mixin.py:190} INFO - [2025-07-01T03:44:38.755+0000] {dagbag.py:588} INFO - Filling up the DagBag from /home/airflow/.local/lib/python3.12/site-packages/airflow/example_dags/tutorial.py
[2025-07-01T03:44:38.763+0000] {processor.py:925} INFO - DAG(s) 'tutorial' retrieved from /home/airflow/.local/lib/python3.12/site-packages/airflow/example_dags/tutorial.py
[2025-07-01T03:44:38.783+0000] {logging_mixin.py:190} INFO - [2025-07-01T03:44:38.783+0000] {dag.py:3239} INFO - Sync 1 DAGs
[2025-07-01T03:44:38.804+0000] {logging_mixin.py:190} INFO - [2025-07-01T03:44:38.804+0000] {dag.py:4180} INFO - Setting next_dagrun for tutorial to 2025-06-30 00:00:00+00:00, run_after=2025-07-01 00:00:00+00:00
[2025-07-01T03:44:38.822+0000] {processor.py:208} INFO - Processing /home/airflow/.local/lib/python3.12/site-packages/airflow/example_dags/tutorial.py took 0.076 seconds
[2025-07-01T03:45:09.226+0000] {processor.py:186} INFO - Started process (PID=14960) to work on /home/airflow/.local/lib/python3.12/site-packages/airflow/example_dags/tutorial.py
[2025-07-01T03:45:09.227+0000] {processor.py:914} INFO - Processing file /home/airflow/.local/lib/python3.12/site-packages/airflow/example_dags/tutorial.py for tasks to queue
[2025-07-01T03:45:09.230+0000] {logging_mixin.py:190} INFO - [2025-07-01T03:45:09.229+0000] {dagbag.py:588} INFO - Filling up the DagBag from /home/airflow/.local/lib/python3.12/site-packages/airflow/example_dags/tutorial.py
[2025-07-01T03:45:09.239+0000] {processor.py:925} INFO - DAG(s) 'tutorial' retrieved from /home/airflow/.local/lib/python3.12/site-packages/airflow/example_dags/tutorial.py
[2025-07-01T03:45:09.259+0000] {logging_mixin.py:190} INFO - [2025-07-01T03:45:09.259+0000] {dag.py:3239} INFO - Sync 1 DAGs
[2025-07-01T03:45:09.281+0000] {logging_mixin.py:190} INFO - [2025-07-01T03:45:09.281+0000] {dag.py:4180} INFO - Setting next_dagrun for tutorial to 2025-06-30 00:00:00+00:00, run_after=2025-07-01 00:00:00+00:00
[2025-07-01T03:45:09.298+0000] {processor.py:208} INFO - Processing /home/airflow/.local/lib/python3.12/site-packages/airflow/example_dags/tutorial.py took 0.078 seconds
[2025-07-01T03:45:40.179+0000] {processor.py:186} INFO - Started process (PID=15022) to work on /home/airflow/.local/lib/python3.12/site-packages/airflow/example_dags/tutorial.py
[2025-07-01T03:45:40.181+0000] {processor.py:914} INFO - Processing file /home/airflow/.local/lib/python3.12/site-packages/airflow/example_dags/tutorial.py for tasks to queue
[2025-07-01T03:45:40.183+0000] {logging_mixin.py:190} INFO - [2025-07-01T03:45:40.183+0000] {dagbag.py:588} INFO - Filling up the DagBag from /home/airflow/.local/lib/python3.12/site-packages/airflow/example_dags/tutorial.py
[2025-07-01T03:45:40.191+0000] {processor.py:925} INFO - DAG(s) 'tutorial' retrieved from /home/airflow/.local/lib/python3.12/site-packages/airflow/example_dags/tutorial.py
[2025-07-01T03:45:40.211+0000] {logging_mixin.py:190} INFO - [2025-07-01T03:45:40.211+0000] {dag.py:3239} INFO - Sync 1 DAGs
[2025-07-01T03:45:40.234+0000] {logging_mixin.py:190} INFO - [2025-07-01T03:45:40.234+0000] {dag.py:4180} INFO - Setting next_dagrun for tutorial to 2025-06-30 00:00:00+00:00, run_after=2025-07-01 00:00:00+00:00
[2025-07-01T03:45:40.252+0000] {processor.py:208} INFO - Processing /home/airflow/.local/lib/python3.12/site-packages/airflow/example_dags/tutorial.py took 0.078 seconds
[2025-07-01T03:46:11.205+0000] {processor.py:186} INFO - Started process (PID=15084) to work on /home/airflow/.local/lib/python3.12/site-packages/airflow/example_dags/tutorial.py
[2025-07-01T03:46:11.206+0000] {processor.py:914} INFO - Processing file /home/airflow/.local/lib/python3.12/site-packages/airflow/example_dags/tutorial.py for tasks to queue
[2025-07-01T03:46:11.209+0000] {logging_mixin.py:190} INFO - [2025-07-01T03:46:11.208+0000] {dagbag.py:588} INFO - Filling up the DagBag from /home/airflow/.local/lib/python3.12/site-packages/airflow/example_dags/tutorial.py
[2025-07-01T03:46:11.217+0000] {processor.py:925} INFO - DAG(s) 'tutorial' retrieved from /home/airflow/.local/lib/python3.12/site-packages/airflow/example_dags/tutorial.py
[2025-07-01T03:46:11.238+0000] {logging_mixin.py:190} INFO - [2025-07-01T03:46:11.237+0000] {dag.py:3239} INFO - Sync 1 DAGs
[2025-07-01T03:46:11.260+0000] {logging_mixin.py:190} INFO - [2025-07-01T03:46:11.259+0000] {dag.py:4180} INFO - Setting next_dagrun for tutorial to 2025-06-30 00:00:00+00:00, run_after=2025-07-01 00:00:00+00:00
[2025-07-01T03:46:11.277+0000] {processor.py:208} INFO - Processing /home/airflow/.local/lib/python3.12/site-packages/airflow/example_dags/tutorial.py took 0.078 seconds
[2025-07-01T03:46:41.715+0000] {processor.py:186} INFO - Started process (PID=15146) to work on /home/airflow/.local/lib/python3.12/site-packages/airflow/example_dags/tutorial.py
[2025-07-01T03:46:41.716+0000] {processor.py:914} INFO - Processing file /home/airflow/.local/lib/python3.12/site-packages/airflow/example_dags/tutorial.py for tasks to queue
[2025-07-01T03:46:41.718+0000] {logging_mixin.py:190} INFO - [2025-07-01T03:46:41.718+0000] {dagbag.py:588} INFO - Filling up the DagBag from /home/airflow/.local/lib/python3.12/site-packages/airflow/example_dags/tutorial.py
[2025-07-01T03:46:41.726+0000] {processor.py:925} INFO - DAG(s) 'tutorial' retrieved from /home/airflow/.local/lib/python3.12/site-packages/airflow/example_dags/tutorial.py
[2025-07-01T03:46:41.746+0000] {logging_mixin.py:190} INFO - [2025-07-01T03:46:41.746+0000] {dag.py:3239} INFO - Sync 1 DAGs
[2025-07-01T03:46:41.769+0000] {logging_mixin.py:190} INFO - [2025-07-01T03:46:41.769+0000] {dag.py:4180} INFO - Setting next_dagrun for tutorial to 2025-06-30 00:00:00+00:00, run_after=2025-07-01 00:00:00+00:00
[2025-07-01T03:46:41.787+0000] {processor.py:208} INFO - Processing /home/airflow/.local/lib/python3.12/site-packages/airflow/example_dags/tutorial.py took 0.078 seconds
[2025-07-01T03:47:12.777+0000] {processor.py:186} INFO - Started process (PID=15208) to work on /home/airflow/.local/lib/python3.12/site-packages/airflow/example_dags/tutorial.py
[2025-07-01T03:47:12.779+0000] {processor.py:914} INFO - Processing file /home/airflow/.local/lib/python3.12/site-packages/airflow/example_dags/tutorial.py for tasks to queue
[2025-07-01T03:47:12.781+0000] {logging_mixin.py:190} INFO - [2025-07-01T03:47:12.781+0000] {dagbag.py:588} INFO - Filling up the DagBag from /home/airflow/.local/lib/python3.12/site-packages/airflow/example_dags/tutorial.py
[2025-07-01T03:47:12.791+0000] {processor.py:925} INFO - DAG(s) 'tutorial' retrieved from /home/airflow/.local/lib/python3.12/site-packages/airflow/example_dags/tutorial.py
[2025-07-01T03:47:12.809+0000] {logging_mixin.py:190} INFO - [2025-07-01T03:47:12.809+0000] {dag.py:3239} INFO - Sync 1 DAGs
[2025-07-01T03:47:12.830+0000] {logging_mixin.py:190} INFO - [2025-07-01T03:47:12.830+0000] {dag.py:4180} INFO - Setting next_dagrun for tutorial to 2025-06-30 00:00:00+00:00, run_after=2025-07-01 00:00:00+00:00
[2025-07-01T03:47:12.847+0000] {processor.py:208} INFO - Processing /home/airflow/.local/lib/python3.12/site-packages/airflow/example_dags/tutorial.py took 0.075 seconds
[2025-07-01T03:47:44.387+0000] {processor.py:186} INFO - Started process (PID=15270) to work on /home/airflow/.local/lib/python3.12/site-packages/airflow/example_dags/tutorial.py
[2025-07-01T03:47:44.388+0000] {processor.py:914} INFO - Processing file /home/airflow/.local/lib/python3.12/site-packages/airflow/example_dags/tutorial.py for tasks to queue
[2025-07-01T03:47:44.390+0000] {logging_mixin.py:190} INFO - [2025-07-01T03:47:44.390+0000] {dagbag.py:588} INFO - Filling up the DagBag from /home/airflow/.local/lib/python3.12/site-packages/airflow/example_dags/tutorial.py
[2025-07-01T03:47:44.400+0000] {processor.py:925} INFO - DAG(s) 'tutorial' retrieved from /home/airflow/.local/lib/python3.12/site-packages/airflow/example_dags/tutorial.py
[2025-07-01T03:47:44.421+0000] {logging_mixin.py:190} INFO - [2025-07-01T03:47:44.421+0000] {dag.py:3239} INFO - Sync 1 DAGs
[2025-07-01T03:47:44.444+0000] {logging_mixin.py:190} INFO - [2025-07-01T03:47:44.444+0000] {dag.py:4180} INFO - Setting next_dagrun for tutorial to 2025-06-30 00:00:00+00:00, run_after=2025-07-01 00:00:00+00:00
[2025-07-01T03:47:44.465+0000] {processor.py:208} INFO - Processing /home/airflow/.local/lib/python3.12/site-packages/airflow/example_dags/tutorial.py took 0.085 seconds
[2025-07-01T03:48:14.759+0000] {processor.py:186} INFO - Started process (PID=15332) to work on /home/airflow/.local/lib/python3.12/site-packages/airflow/example_dags/tutorial.py
[2025-07-01T03:48:14.761+0000] {processor.py:914} INFO - Processing file /home/airflow/.local/lib/python3.12/site-packages/airflow/example_dags/tutorial.py for tasks to queue
[2025-07-01T03:48:14.763+0000] {logging_mixin.py:190} INFO - [2025-07-01T03:48:14.763+0000] {dagbag.py:588} INFO - Filling up the DagBag from /home/airflow/.local/lib/python3.12/site-packages/airflow/example_dags/tutorial.py
[2025-07-01T03:48:14.771+0000] {processor.py:925} INFO - DAG(s) 'tutorial' retrieved from /home/airflow/.local/lib/python3.12/site-packages/airflow/example_dags/tutorial.py
[2025-07-01T03:48:14.791+0000] {logging_mixin.py:190} INFO - [2025-07-01T03:48:14.791+0000] {dag.py:3239} INFO - Sync 1 DAGs
[2025-07-01T03:48:14.813+0000] {logging_mixin.py:190} INFO - [2025-07-01T03:48:14.813+0000] {dag.py:4180} INFO - Setting next_dagrun for tutorial to 2025-06-30 00:00:00+00:00, run_after=2025-07-01 00:00:00+00:00
[2025-07-01T03:48:14.831+0000] {processor.py:208} INFO - Processing /home/airflow/.local/lib/python3.12/site-packages/airflow/example_dags/tutorial.py took 0.077 seconds
[2025-07-01T03:48:46.261+0000] {processor.py:186} INFO - Started process (PID=15394) to work on /home/airflow/.local/lib/python3.12/site-packages/airflow/example_dags/tutorial.py
[2025-07-01T03:48:46.263+0000] {processor.py:914} INFO - Processing file /home/airflow/.local/lib/python3.12/site-packages/airflow/example_dags/tutorial.py for tasks to queue
[2025-07-01T03:48:46.266+0000] {logging_mixin.py:190} INFO - [2025-07-01T03:48:46.265+0000] {dagbag.py:588} INFO - Filling up the DagBag from /home/airflow/.local/lib/python3.12/site-packages/airflow/example_dags/tutorial.py
[2025-07-01T03:48:46.277+0000] {processor.py:925} INFO - DAG(s) 'tutorial' retrieved from /home/airflow/.local/lib/python3.12/site-packages/airflow/example_dags/tutorial.py
[2025-07-01T03:48:46.300+0000] {logging_mixin.py:190} INFO - [2025-07-01T03:48:46.300+0000] {dag.py:3239} INFO - Sync 1 DAGs
[2025-07-01T03:48:46.327+0000] {logging_mixin.py:190} INFO - [2025-07-01T03:48:46.326+0000] {dag.py:4180} INFO - Setting next_dagrun for tutorial to 2025-06-30 00:00:00+00:00, run_after=2025-07-01 00:00:00+00:00
[2025-07-01T03:48:46.347+0000] {processor.py:208} INFO - Processing /home/airflow/.local/lib/python3.12/site-packages/airflow/example_dags/tutorial.py took 0.094 seconds
[2025-07-01T03:49:16.954+0000] {processor.py:186} INFO - Started process (PID=15456) to work on /home/airflow/.local/lib/python3.12/site-packages/airflow/example_dags/tutorial.py
[2025-07-01T03:49:16.956+0000] {processor.py:914} INFO - Processing file /home/airflow/.local/lib/python3.12/site-packages/airflow/example_dags/tutorial.py for tasks to queue
[2025-07-01T03:49:16.958+0000] {logging_mixin.py:190} INFO - [2025-07-01T03:49:16.958+0000] {dagbag.py:588} INFO - Filling up the DagBag from /home/airflow/.local/lib/python3.12/site-packages/airflow/example_dags/tutorial.py
[2025-07-01T03:49:16.967+0000] {processor.py:925} INFO - DAG(s) 'tutorial' retrieved from /home/airflow/.local/lib/python3.12/site-packages/airflow/example_dags/tutorial.py
[2025-07-01T03:49:16.987+0000] {logging_mixin.py:190} INFO - [2025-07-01T03:49:16.986+0000] {dag.py:3239} INFO - Sync 1 DAGs
[2025-07-01T03:49:17.009+0000] {logging_mixin.py:190} INFO - [2025-07-01T03:49:17.009+0000] {dag.py:4180} INFO - Setting next_dagrun for tutorial to 2025-06-30 00:00:00+00:00, run_after=2025-07-01 00:00:00+00:00
[2025-07-01T03:49:17.028+0000] {processor.py:208} INFO - Processing /home/airflow/.local/lib/python3.12/site-packages/airflow/example_dags/tutorial.py took 0.080 seconds
[2025-07-01T03:49:47.503+0000] {processor.py:186} INFO - Started process (PID=15518) to work on /home/airflow/.local/lib/python3.12/site-packages/airflow/example_dags/tutorial.py
[2025-07-01T03:49:47.504+0000] {processor.py:914} INFO - Processing file /home/airflow/.local/lib/python3.12/site-packages/airflow/example_dags/tutorial.py for tasks to queue
[2025-07-01T03:49:47.507+0000] {logging_mixin.py:190} INFO - [2025-07-01T03:49:47.507+0000] {dagbag.py:588} INFO - Filling up the DagBag from /home/airflow/.local/lib/python3.12/site-packages/airflow/example_dags/tutorial.py
[2025-07-01T03:49:47.515+0000] {processor.py:925} INFO - DAG(s) 'tutorial' retrieved from /home/airflow/.local/lib/python3.12/site-packages/airflow/example_dags/tutorial.py
[2025-07-01T03:49:47.535+0000] {logging_mixin.py:190} INFO - [2025-07-01T03:49:47.534+0000] {dag.py:3239} INFO - Sync 1 DAGs
[2025-07-01T03:49:47.557+0000] {logging_mixin.py:190} INFO - [2025-07-01T03:49:47.557+0000] {dag.py:4180} INFO - Setting next_dagrun for tutorial to 2025-06-30 00:00:00+00:00, run_after=2025-07-01 00:00:00+00:00
[2025-07-01T03:49:47.575+0000] {processor.py:208} INFO - Processing /home/airflow/.local/lib/python3.12/site-packages/airflow/example_dags/tutorial.py took 0.077 seconds
[2025-07-01T03:50:18.087+0000] {processor.py:186} INFO - Started process (PID=15580) to work on /home/airflow/.local/lib/python3.12/site-packages/airflow/example_dags/tutorial.py
[2025-07-01T03:50:18.088+0000] {processor.py:914} INFO - Processing file /home/airflow/.local/lib/python3.12/site-packages/airflow/example_dags/tutorial.py for tasks to queue
[2025-07-01T03:50:18.091+0000] {logging_mixin.py:190} INFO - [2025-07-01T03:50:18.091+0000] {dagbag.py:588} INFO - Filling up the DagBag from /home/airflow/.local/lib/python3.12/site-packages/airflow/example_dags/tutorial.py
[2025-07-01T03:50:18.099+0000] {processor.py:925} INFO - DAG(s) 'tutorial' retrieved from /home/airflow/.local/lib/python3.12/site-packages/airflow/example_dags/tutorial.py
[2025-07-01T03:50:18.119+0000] {logging_mixin.py:190} INFO - [2025-07-01T03:50:18.119+0000] {dag.py:3239} INFO - Sync 1 DAGs
[2025-07-01T03:50:18.141+0000] {logging_mixin.py:190} INFO - [2025-07-01T03:50:18.141+0000] {dag.py:4180} INFO - Setting next_dagrun for tutorial to 2025-06-30 00:00:00+00:00, run_after=2025-07-01 00:00:00+00:00
[2025-07-01T03:50:18.158+0000] {processor.py:208} INFO - Processing /home/airflow/.local/lib/python3.12/site-packages/airflow/example_dags/tutorial.py took 0.077 seconds
[2025-07-01T03:50:48.538+0000] {processor.py:186} INFO - Started process (PID=15648) to work on /home/airflow/.local/lib/python3.12/site-packages/airflow/example_dags/tutorial.py
[2025-07-01T03:50:48.539+0000] {processor.py:914} INFO - Processing file /home/airflow/.local/lib/python3.12/site-packages/airflow/example_dags/tutorial.py for tasks to queue
[2025-07-01T03:50:48.541+0000] {logging_mixin.py:190} INFO - [2025-07-01T03:50:48.541+0000] {dagbag.py:588} INFO - Filling up the DagBag from /home/airflow/.local/lib/python3.12/site-packages/airflow/example_dags/tutorial.py
[2025-07-01T03:50:48.549+0000] {processor.py:925} INFO - DAG(s) 'tutorial' retrieved from /home/airflow/.local/lib/python3.12/site-packages/airflow/example_dags/tutorial.py
[2025-07-01T03:50:48.569+0000] {logging_mixin.py:190} INFO - [2025-07-01T03:50:48.569+0000] {dag.py:3239} INFO - Sync 1 DAGs
[2025-07-01T03:50:48.592+0000] {logging_mixin.py:190} INFO - [2025-07-01T03:50:48.592+0000] {dag.py:4180} INFO - Setting next_dagrun for tutorial to 2025-06-30 00:00:00+00:00, run_after=2025-07-01 00:00:00+00:00
[2025-07-01T03:50:48.609+0000] {processor.py:208} INFO - Processing /home/airflow/.local/lib/python3.12/site-packages/airflow/example_dags/tutorial.py took 0.077 seconds
[2025-07-01T03:51:19.304+0000] {processor.py:186} INFO - Started process (PID=15710) to work on /home/airflow/.local/lib/python3.12/site-packages/airflow/example_dags/tutorial.py
[2025-07-01T03:51:19.305+0000] {processor.py:914} INFO - Processing file /home/airflow/.local/lib/python3.12/site-packages/airflow/example_dags/tutorial.py for tasks to queue
[2025-07-01T03:51:19.308+0000] {logging_mixin.py:190} INFO - [2025-07-01T03:51:19.308+0000] {dagbag.py:588} INFO - Filling up the DagBag from /home/airflow/.local/lib/python3.12/site-packages/airflow/example_dags/tutorial.py
[2025-07-01T03:51:19.317+0000] {processor.py:925} INFO - DAG(s) 'tutorial' retrieved from /home/airflow/.local/lib/python3.12/site-packages/airflow/example_dags/tutorial.py
[2025-07-01T03:51:19.338+0000] {logging_mixin.py:190} INFO - [2025-07-01T03:51:19.338+0000] {dag.py:3239} INFO - Sync 1 DAGs
[2025-07-01T03:51:19.362+0000] {logging_mixin.py:190} INFO - [2025-07-01T03:51:19.362+0000] {dag.py:4180} INFO - Setting next_dagrun for tutorial to 2025-06-30 00:00:00+00:00, run_after=2025-07-01 00:00:00+00:00
[2025-07-01T03:51:19.379+0000] {processor.py:208} INFO - Processing /home/airflow/.local/lib/python3.12/site-packages/airflow/example_dags/tutorial.py took 0.080 seconds
[2025-07-01T03:51:50.038+0000] {processor.py:186} INFO - Started process (PID=15772) to work on /home/airflow/.local/lib/python3.12/site-packages/airflow/example_dags/tutorial.py
[2025-07-01T03:51:50.039+0000] {processor.py:914} INFO - Processing file /home/airflow/.local/lib/python3.12/site-packages/airflow/example_dags/tutorial.py for tasks to queue
[2025-07-01T03:51:50.042+0000] {logging_mixin.py:190} INFO - [2025-07-01T03:51:50.042+0000] {dagbag.py:588} INFO - Filling up the DagBag from /home/airflow/.local/lib/python3.12/site-packages/airflow/example_dags/tutorial.py
[2025-07-01T03:51:50.050+0000] {processor.py:925} INFO - DAG(s) 'tutorial' retrieved from /home/airflow/.local/lib/python3.12/site-packages/airflow/example_dags/tutorial.py
[2025-07-01T03:51:50.068+0000] {logging_mixin.py:190} INFO - [2025-07-01T03:51:50.068+0000] {dag.py:3239} INFO - Sync 1 DAGs
[2025-07-01T03:51:50.090+0000] {logging_mixin.py:190} INFO - [2025-07-01T03:51:50.090+0000] {dag.py:4180} INFO - Setting next_dagrun for tutorial to 2025-06-30 00:00:00+00:00, run_after=2025-07-01 00:00:00+00:00
[2025-07-01T03:51:50.110+0000] {processor.py:208} INFO - Processing /home/airflow/.local/lib/python3.12/site-packages/airflow/example_dags/tutorial.py took 0.079 seconds
[2025-07-01T03:52:21.105+0000] {processor.py:186} INFO - Started process (PID=15834) to work on /home/airflow/.local/lib/python3.12/site-packages/airflow/example_dags/tutorial.py
[2025-07-01T03:52:21.106+0000] {processor.py:914} INFO - Processing file /home/airflow/.local/lib/python3.12/site-packages/airflow/example_dags/tutorial.py for tasks to queue
[2025-07-01T03:52:21.109+0000] {logging_mixin.py:190} INFO - [2025-07-01T03:52:21.108+0000] {dagbag.py:588} INFO - Filling up the DagBag from /home/airflow/.local/lib/python3.12/site-packages/airflow/example_dags/tutorial.py
[2025-07-01T03:52:21.117+0000] {processor.py:925} INFO - DAG(s) 'tutorial' retrieved from /home/airflow/.local/lib/python3.12/site-packages/airflow/example_dags/tutorial.py
[2025-07-01T03:52:21.138+0000] {logging_mixin.py:190} INFO - [2025-07-01T03:52:21.138+0000] {dag.py:3239} INFO - Sync 1 DAGs
[2025-07-01T03:52:21.160+0000] {logging_mixin.py:190} INFO - [2025-07-01T03:52:21.160+0000] {dag.py:4180} INFO - Setting next_dagrun for tutorial to 2025-06-30 00:00:00+00:00, run_after=2025-07-01 00:00:00+00:00
[2025-07-01T03:52:21.178+0000] {processor.py:208} INFO - Processing /home/airflow/.local/lib/python3.12/site-packages/airflow/example_dags/tutorial.py took 0.079 seconds
[2025-07-01T03:52:51.959+0000] {processor.py:186} INFO - Started process (PID=15896) to work on /home/airflow/.local/lib/python3.12/site-packages/airflow/example_dags/tutorial.py
[2025-07-01T03:52:51.960+0000] {processor.py:914} INFO - Processing file /home/airflow/.local/lib/python3.12/site-packages/airflow/example_dags/tutorial.py for tasks to queue
[2025-07-01T03:52:51.963+0000] {logging_mixin.py:190} INFO - [2025-07-01T03:52:51.963+0000] {dagbag.py:588} INFO - Filling up the DagBag from /home/airflow/.local/lib/python3.12/site-packages/airflow/example_dags/tutorial.py
[2025-07-01T03:52:51.973+0000] {processor.py:925} INFO - DAG(s) 'tutorial' retrieved from /home/airflow/.local/lib/python3.12/site-packages/airflow/example_dags/tutorial.py
[2025-07-01T03:52:51.993+0000] {logging_mixin.py:190} INFO - [2025-07-01T03:52:51.992+0000] {dag.py:3239} INFO - Sync 1 DAGs
[2025-07-01T03:52:52.014+0000] {logging_mixin.py:190} INFO - [2025-07-01T03:52:52.014+0000] {dag.py:4180} INFO - Setting next_dagrun for tutorial to 2025-06-30 00:00:00+00:00, run_after=2025-07-01 00:00:00+00:00
[2025-07-01T03:52:52.030+0000] {processor.py:208} INFO - Processing /home/airflow/.local/lib/python3.12/site-packages/airflow/example_dags/tutorial.py took 0.081 seconds
[2025-07-01T03:53:22.550+0000] {processor.py:186} INFO - Started process (PID=15958) to work on /home/airflow/.local/lib/python3.12/site-packages/airflow/example_dags/tutorial.py
[2025-07-01T03:53:22.552+0000] {processor.py:914} INFO - Processing file /home/airflow/.local/lib/python3.12/site-packages/airflow/example_dags/tutorial.py for tasks to queue
[2025-07-01T03:53:22.554+0000] {logging_mixin.py:190} INFO - [2025-07-01T03:53:22.554+0000] {dagbag.py:588} INFO - Filling up the DagBag from /home/airflow/.local/lib/python3.12/site-packages/airflow/example_dags/tutorial.py
[2025-07-01T03:53:22.562+0000] {processor.py:925} INFO - DAG(s) 'tutorial' retrieved from /home/airflow/.local/lib/python3.12/site-packages/airflow/example_dags/tutorial.py
[2025-07-01T03:53:22.582+0000] {logging_mixin.py:190} INFO - [2025-07-01T03:53:22.582+0000] {dag.py:3239} INFO - Sync 1 DAGs
[2025-07-01T03:53:22.604+0000] {logging_mixin.py:190} INFO - [2025-07-01T03:53:22.604+0000] {dag.py:4180} INFO - Setting next_dagrun for tutorial to 2025-06-30 00:00:00+00:00, run_after=2025-07-01 00:00:00+00:00
[2025-07-01T03:53:22.621+0000] {processor.py:208} INFO - Processing /home/airflow/.local/lib/python3.12/site-packages/airflow/example_dags/tutorial.py took 0.077 seconds
[2025-07-01T03:53:54.442+0000] {processor.py:186} INFO - Started process (PID=16020) to work on /home/airflow/.local/lib/python3.12/site-packages/airflow/example_dags/tutorial.py
[2025-07-01T03:53:54.443+0000] {processor.py:914} INFO - Processing file /home/airflow/.local/lib/python3.12/site-packages/airflow/example_dags/tutorial.py for tasks to queue
[2025-07-01T03:53:54.446+0000] {logging_mixin.py:190} INFO - [2025-07-01T03:53:54.446+0000] {dagbag.py:588} INFO - Filling up the DagBag from /home/airflow/.local/lib/python3.12/site-packages/airflow/example_dags/tutorial.py
[2025-07-01T03:53:54.456+0000] {processor.py:925} INFO - DAG(s) 'tutorial' retrieved from /home/airflow/.local/lib/python3.12/site-packages/airflow/example_dags/tutorial.py
[2025-07-01T03:53:54.483+0000] {logging_mixin.py:190} INFO - [2025-07-01T03:53:54.483+0000] {dag.py:3239} INFO - Sync 1 DAGs
[2025-07-01T03:53:54.693+0000] {logging_mixin.py:190} INFO - [2025-07-01T03:53:54.693+0000] {dag.py:4180} INFO - Setting next_dagrun for tutorial to 2025-06-30 00:00:00+00:00, run_after=2025-07-01 00:00:00+00:00
[2025-07-01T03:53:54.712+0000] {processor.py:208} INFO - Processing /home/airflow/.local/lib/python3.12/site-packages/airflow/example_dags/tutorial.py took 0.277 seconds
[2025-07-01T03:54:25.665+0000] {processor.py:186} INFO - Started process (PID=16082) to work on /home/airflow/.local/lib/python3.12/site-packages/airflow/example_dags/tutorial.py
[2025-07-01T03:54:25.665+0000] {processor.py:914} INFO - Processing file /home/airflow/.local/lib/python3.12/site-packages/airflow/example_dags/tutorial.py for tasks to queue
[2025-07-01T03:54:25.668+0000] {logging_mixin.py:190} INFO - [2025-07-01T03:54:25.668+0000] {dagbag.py:588} INFO - Filling up the DagBag from /home/airflow/.local/lib/python3.12/site-packages/airflow/example_dags/tutorial.py
[2025-07-01T03:54:25.676+0000] {processor.py:925} INFO - DAG(s) 'tutorial' retrieved from /home/airflow/.local/lib/python3.12/site-packages/airflow/example_dags/tutorial.py
[2025-07-01T03:54:25.697+0000] {logging_mixin.py:190} INFO - [2025-07-01T03:54:25.697+0000] {dag.py:3239} INFO - Sync 1 DAGs
[2025-07-01T03:54:25.718+0000] {logging_mixin.py:190} INFO - [2025-07-01T03:54:25.718+0000] {dag.py:4180} INFO - Setting next_dagrun for tutorial to 2025-06-30 00:00:00+00:00, run_after=2025-07-01 00:00:00+00:00
[2025-07-01T03:54:25.896+0000] {processor.py:208} INFO - Processing /home/airflow/.local/lib/python3.12/site-packages/airflow/example_dags/tutorial.py took 0.238 seconds
[2025-07-01T03:54:56.052+0000] {processor.py:186} INFO - Started process (PID=16144) to work on /home/airflow/.local/lib/python3.12/site-packages/airflow/example_dags/tutorial.py
[2025-07-01T03:54:56.054+0000] {processor.py:914} INFO - Processing file /home/airflow/.local/lib/python3.12/site-packages/airflow/example_dags/tutorial.py for tasks to queue
[2025-07-01T03:54:56.057+0000] {logging_mixin.py:190} INFO - [2025-07-01T03:54:56.056+0000] {dagbag.py:588} INFO - Filling up the DagBag from /home/airflow/.local/lib/python3.12/site-packages/airflow/example_dags/tutorial.py
[2025-07-01T03:54:56.066+0000] {processor.py:925} INFO - DAG(s) 'tutorial' retrieved from /home/airflow/.local/lib/python3.12/site-packages/airflow/example_dags/tutorial.py
[2025-07-01T03:54:56.087+0000] {logging_mixin.py:190} INFO - [2025-07-01T03:54:56.087+0000] {dag.py:3239} INFO - Sync 1 DAGs
[2025-07-01T03:54:56.109+0000] {logging_mixin.py:190} INFO - [2025-07-01T03:54:56.108+0000] {dag.py:4180} INFO - Setting next_dagrun for tutorial to 2025-06-30 00:00:00+00:00, run_after=2025-07-01 00:00:00+00:00
[2025-07-01T03:54:56.127+0000] {processor.py:208} INFO - Processing /home/airflow/.local/lib/python3.12/site-packages/airflow/example_dags/tutorial.py took 0.081 seconds
[2025-07-01T03:55:27.597+0000] {processor.py:186} INFO - Started process (PID=16206) to work on /home/airflow/.local/lib/python3.12/site-packages/airflow/example_dags/tutorial.py
[2025-07-01T03:55:27.598+0000] {processor.py:914} INFO - Processing file /home/airflow/.local/lib/python3.12/site-packages/airflow/example_dags/tutorial.py for tasks to queue
[2025-07-01T03:55:27.600+0000] {logging_mixin.py:190} INFO - [2025-07-01T03:55:27.600+0000] {dagbag.py:588} INFO - Filling up the DagBag from /home/airflow/.local/lib/python3.12/site-packages/airflow/example_dags/tutorial.py
[2025-07-01T03:55:27.753+0000] {processor.py:925} INFO - DAG(s) 'tutorial' retrieved from /home/airflow/.local/lib/python3.12/site-packages/airflow/example_dags/tutorial.py
[2025-07-01T03:55:27.772+0000] {logging_mixin.py:190} INFO - [2025-07-01T03:55:27.772+0000] {dag.py:3239} INFO - Sync 1 DAGs
[2025-07-01T03:55:27.792+0000] {logging_mixin.py:190} INFO - [2025-07-01T03:55:27.792+0000] {dag.py:4180} INFO - Setting next_dagrun for tutorial to 2025-06-30 00:00:00+00:00, run_after=2025-07-01 00:00:00+00:00
[2025-07-01T03:55:27.807+0000] {processor.py:208} INFO - Processing /home/airflow/.local/lib/python3.12/site-packages/airflow/example_dags/tutorial.py took 0.216 seconds
[2025-07-01T03:55:58.027+0000] {processor.py:186} INFO - Started process (PID=16268) to work on /home/airflow/.local/lib/python3.12/site-packages/airflow/example_dags/tutorial.py
[2025-07-01T03:55:58.028+0000] {processor.py:914} INFO - Processing file /home/airflow/.local/lib/python3.12/site-packages/airflow/example_dags/tutorial.py for tasks to queue
[2025-07-01T03:55:58.031+0000] {logging_mixin.py:190} INFO - [2025-07-01T03:55:58.031+0000] {dagbag.py:588} INFO - Filling up the DagBag from /home/airflow/.local/lib/python3.12/site-packages/airflow/example_dags/tutorial.py
[2025-07-01T03:55:58.040+0000] {processor.py:925} INFO - DAG(s) 'tutorial' retrieved from /home/airflow/.local/lib/python3.12/site-packages/airflow/example_dags/tutorial.py
[2025-07-01T03:55:58.064+0000] {logging_mixin.py:190} INFO - [2025-07-01T03:55:58.063+0000] {dag.py:3239} INFO - Sync 1 DAGs
[2025-07-01T03:55:58.089+0000] {logging_mixin.py:190} INFO - [2025-07-01T03:55:58.089+0000] {dag.py:4180} INFO - Setting next_dagrun for tutorial to 2025-06-30 00:00:00+00:00, run_after=2025-07-01 00:00:00+00:00
[2025-07-01T03:55:58.110+0000] {processor.py:208} INFO - Processing /home/airflow/.local/lib/python3.12/site-packages/airflow/example_dags/tutorial.py took 0.090 seconds
[2025-07-01T03:56:28.687+0000] {processor.py:186} INFO - Started process (PID=16330) to work on /home/airflow/.local/lib/python3.12/site-packages/airflow/example_dags/tutorial.py
[2025-07-01T03:56:28.689+0000] {processor.py:914} INFO - Processing file /home/airflow/.local/lib/python3.12/site-packages/airflow/example_dags/tutorial.py for tasks to queue
[2025-07-01T03:56:28.693+0000] {logging_mixin.py:190} INFO - [2025-07-01T03:56:28.692+0000] {dagbag.py:588} INFO - Filling up the DagBag from /home/airflow/.local/lib/python3.12/site-packages/airflow/example_dags/tutorial.py
[2025-07-01T03:56:28.703+0000] {processor.py:925} INFO - DAG(s) 'tutorial' retrieved from /home/airflow/.local/lib/python3.12/site-packages/airflow/example_dags/tutorial.py
[2025-07-01T03:56:28.721+0000] {logging_mixin.py:190} INFO - [2025-07-01T03:56:28.721+0000] {dag.py:3239} INFO - Sync 1 DAGs
[2025-07-01T03:56:28.744+0000] {logging_mixin.py:190} INFO - [2025-07-01T03:56:28.744+0000] {dag.py:4180} INFO - Setting next_dagrun for tutorial to 2025-06-30 00:00:00+00:00, run_after=2025-07-01 00:00:00+00:00
[2025-07-01T03:56:28.763+0000] {processor.py:208} INFO - Processing /home/airflow/.local/lib/python3.12/site-packages/airflow/example_dags/tutorial.py took 0.087 seconds
[2025-07-01T03:56:59.359+0000] {processor.py:186} INFO - Started process (PID=16392) to work on /home/airflow/.local/lib/python3.12/site-packages/airflow/example_dags/tutorial.py
[2025-07-01T03:56:59.360+0000] {processor.py:914} INFO - Processing file /home/airflow/.local/lib/python3.12/site-packages/airflow/example_dags/tutorial.py for tasks to queue
[2025-07-01T03:56:59.363+0000] {logging_mixin.py:190} INFO - [2025-07-01T03:56:59.363+0000] {dagbag.py:588} INFO - Filling up the DagBag from /home/airflow/.local/lib/python3.12/site-packages/airflow/example_dags/tutorial.py
[2025-07-01T03:56:59.371+0000] {processor.py:925} INFO - DAG(s) 'tutorial' retrieved from /home/airflow/.local/lib/python3.12/site-packages/airflow/example_dags/tutorial.py
[2025-07-01T03:56:59.391+0000] {logging_mixin.py:190} INFO - [2025-07-01T03:56:59.391+0000] {dag.py:3239} INFO - Sync 1 DAGs
[2025-07-01T03:56:59.413+0000] {logging_mixin.py:190} INFO - [2025-07-01T03:56:59.413+0000] {dag.py:4180} INFO - Setting next_dagrun for tutorial to 2025-06-30 00:00:00+00:00, run_after=2025-07-01 00:00:00+00:00
[2025-07-01T03:56:59.431+0000] {processor.py:208} INFO - Processing /home/airflow/.local/lib/python3.12/site-packages/airflow/example_dags/tutorial.py took 0.078 seconds
[2025-07-01T03:57:30.293+0000] {processor.py:186} INFO - Started process (PID=16454) to work on /home/airflow/.local/lib/python3.12/site-packages/airflow/example_dags/tutorial.py
[2025-07-01T03:57:30.294+0000] {processor.py:914} INFO - Processing file /home/airflow/.local/lib/python3.12/site-packages/airflow/example_dags/tutorial.py for tasks to queue
[2025-07-01T03:57:30.297+0000] {logging_mixin.py:190} INFO - [2025-07-01T03:57:30.296+0000] {dagbag.py:588} INFO - Filling up the DagBag from /home/airflow/.local/lib/python3.12/site-packages/airflow/example_dags/tutorial.py
[2025-07-01T03:57:30.304+0000] {processor.py:925} INFO - DAG(s) 'tutorial' retrieved from /home/airflow/.local/lib/python3.12/site-packages/airflow/example_dags/tutorial.py
[2025-07-01T03:57:30.324+0000] {logging_mixin.py:190} INFO - [2025-07-01T03:57:30.323+0000] {dag.py:3239} INFO - Sync 1 DAGs
[2025-07-01T03:57:30.344+0000] {logging_mixin.py:190} INFO - [2025-07-01T03:57:30.344+0000] {dag.py:4180} INFO - Setting next_dagrun for tutorial to 2025-06-30 00:00:00+00:00, run_after=2025-07-01 00:00:00+00:00
[2025-07-01T03:57:30.361+0000] {processor.py:208} INFO - Processing /home/airflow/.local/lib/python3.12/site-packages/airflow/example_dags/tutorial.py took 0.074 seconds
[2025-07-01T03:58:01.326+0000] {processor.py:186} INFO - Started process (PID=16516) to work on /home/airflow/.local/lib/python3.12/site-packages/airflow/example_dags/tutorial.py
[2025-07-01T03:58:01.327+0000] {processor.py:914} INFO - Processing file /home/airflow/.local/lib/python3.12/site-packages/airflow/example_dags/tutorial.py for tasks to queue
[2025-07-01T03:58:01.330+0000] {logging_mixin.py:190} INFO - [2025-07-01T03:58:01.330+0000] {dagbag.py:588} INFO - Filling up the DagBag from /home/airflow/.local/lib/python3.12/site-packages/airflow/example_dags/tutorial.py
[2025-07-01T03:58:01.338+0000] {processor.py:925} INFO - DAG(s) 'tutorial' retrieved from /home/airflow/.local/lib/python3.12/site-packages/airflow/example_dags/tutorial.py
[2025-07-01T03:58:01.359+0000] {logging_mixin.py:190} INFO - [2025-07-01T03:58:01.358+0000] {dag.py:3239} INFO - Sync 1 DAGs
[2025-07-01T03:58:01.383+0000] {logging_mixin.py:190} INFO - [2025-07-01T03:58:01.383+0000] {dag.py:4180} INFO - Setting next_dagrun for tutorial to 2025-06-30 00:00:00+00:00, run_after=2025-07-01 00:00:00+00:00
[2025-07-01T03:58:01.402+0000] {processor.py:208} INFO - Processing /home/airflow/.local/lib/python3.12/site-packages/airflow/example_dags/tutorial.py took 0.082 seconds
[2025-07-01T03:58:31.497+0000] {processor.py:186} INFO - Started process (PID=16578) to work on /home/airflow/.local/lib/python3.12/site-packages/airflow/example_dags/tutorial.py
[2025-07-01T03:58:31.498+0000] {processor.py:914} INFO - Processing file /home/airflow/.local/lib/python3.12/site-packages/airflow/example_dags/tutorial.py for tasks to queue
[2025-07-01T03:58:31.500+0000] {logging_mixin.py:190} INFO - [2025-07-01T03:58:31.500+0000] {dagbag.py:588} INFO - Filling up the DagBag from /home/airflow/.local/lib/python3.12/site-packages/airflow/example_dags/tutorial.py
[2025-07-01T03:58:31.508+0000] {processor.py:925} INFO - DAG(s) 'tutorial' retrieved from /home/airflow/.local/lib/python3.12/site-packages/airflow/example_dags/tutorial.py
[2025-07-01T03:58:31.527+0000] {logging_mixin.py:190} INFO - [2025-07-01T03:58:31.527+0000] {dag.py:3239} INFO - Sync 1 DAGs
[2025-07-01T03:58:31.548+0000] {logging_mixin.py:190} INFO - [2025-07-01T03:58:31.548+0000] {dag.py:4180} INFO - Setting next_dagrun for tutorial to 2025-06-30 00:00:00+00:00, run_after=2025-07-01 00:00:00+00:00
[2025-07-01T03:58:31.565+0000] {processor.py:208} INFO - Processing /home/airflow/.local/lib/python3.12/site-packages/airflow/example_dags/tutorial.py took 0.074 seconds
[2025-07-01T03:59:01.840+0000] {processor.py:186} INFO - Started process (PID=16640) to work on /home/airflow/.local/lib/python3.12/site-packages/airflow/example_dags/tutorial.py
[2025-07-01T03:59:01.841+0000] {processor.py:914} INFO - Processing file /home/airflow/.local/lib/python3.12/site-packages/airflow/example_dags/tutorial.py for tasks to queue
[2025-07-01T03:59:01.844+0000] {logging_mixin.py:190} INFO - [2025-07-01T03:59:01.844+0000] {dagbag.py:588} INFO - Filling up the DagBag from /home/airflow/.local/lib/python3.12/site-packages/airflow/example_dags/tutorial.py
[2025-07-01T03:59:01.853+0000] {processor.py:925} INFO - DAG(s) 'tutorial' retrieved from /home/airflow/.local/lib/python3.12/site-packages/airflow/example_dags/tutorial.py
[2025-07-01T03:59:01.873+0000] {logging_mixin.py:190} INFO - [2025-07-01T03:59:01.873+0000] {dag.py:3239} INFO - Sync 1 DAGs
[2025-07-01T03:59:01.896+0000] {logging_mixin.py:190} INFO - [2025-07-01T03:59:01.895+0000] {dag.py:4180} INFO - Setting next_dagrun for tutorial to 2025-06-30 00:00:00+00:00, run_after=2025-07-01 00:00:00+00:00
[2025-07-01T03:59:01.913+0000] {processor.py:208} INFO - Processing /home/airflow/.local/lib/python3.12/site-packages/airflow/example_dags/tutorial.py took 0.080 seconds
[2025-07-01T03:59:32.767+0000] {processor.py:186} INFO - Started process (PID=16702) to work on /home/airflow/.local/lib/python3.12/site-packages/airflow/example_dags/tutorial.py
[2025-07-01T03:59:32.768+0000] {processor.py:914} INFO - Processing file /home/airflow/.local/lib/python3.12/site-packages/airflow/example_dags/tutorial.py for tasks to queue
[2025-07-01T03:59:32.771+0000] {logging_mixin.py:190} INFO - [2025-07-01T03:59:32.771+0000] {dagbag.py:588} INFO - Filling up the DagBag from /home/airflow/.local/lib/python3.12/site-packages/airflow/example_dags/tutorial.py
[2025-07-01T03:59:32.779+0000] {processor.py:925} INFO - DAG(s) 'tutorial' retrieved from /home/airflow/.local/lib/python3.12/site-packages/airflow/example_dags/tutorial.py
[2025-07-01T03:59:32.799+0000] {logging_mixin.py:190} INFO - [2025-07-01T03:59:32.799+0000] {dag.py:3239} INFO - Sync 1 DAGs
[2025-07-01T03:59:32.822+0000] {logging_mixin.py:190} INFO - [2025-07-01T03:59:32.821+0000] {dag.py:4180} INFO - Setting next_dagrun for tutorial to 2025-06-30 00:00:00+00:00, run_after=2025-07-01 00:00:00+00:00
[2025-07-01T03:59:32.838+0000] {processor.py:208} INFO - Processing /home/airflow/.local/lib/python3.12/site-packages/airflow/example_dags/tutorial.py took 0.077 seconds
[2025-07-01T04:00:03.438+0000] {processor.py:186} INFO - Started process (PID=16764) to work on /home/airflow/.local/lib/python3.12/site-packages/airflow/example_dags/tutorial.py
[2025-07-01T04:00:03.439+0000] {processor.py:914} INFO - Processing file /home/airflow/.local/lib/python3.12/site-packages/airflow/example_dags/tutorial.py for tasks to queue
[2025-07-01T04:00:03.442+0000] {logging_mixin.py:190} INFO - [2025-07-01T04:00:03.442+0000] {dagbag.py:588} INFO - Filling up the DagBag from /home/airflow/.local/lib/python3.12/site-packages/airflow/example_dags/tutorial.py
[2025-07-01T04:00:03.450+0000] {processor.py:925} INFO - DAG(s) 'tutorial' retrieved from /home/airflow/.local/lib/python3.12/site-packages/airflow/example_dags/tutorial.py
[2025-07-01T04:00:03.469+0000] {logging_mixin.py:190} INFO - [2025-07-01T04:00:03.469+0000] {dag.py:3239} INFO - Sync 1 DAGs
[2025-07-01T04:00:03.492+0000] {logging_mixin.py:190} INFO - [2025-07-01T04:00:03.492+0000] {dag.py:4180} INFO - Setting next_dagrun for tutorial to 2025-06-30 00:00:00+00:00, run_after=2025-07-01 00:00:00+00:00
[2025-07-01T04:00:03.510+0000] {processor.py:208} INFO - Processing /home/airflow/.local/lib/python3.12/site-packages/airflow/example_dags/tutorial.py took 0.078 seconds
[2025-07-01T04:00:34.451+0000] {processor.py:186} INFO - Started process (PID=16826) to work on /home/airflow/.local/lib/python3.12/site-packages/airflow/example_dags/tutorial.py
[2025-07-01T04:00:34.452+0000] {processor.py:914} INFO - Processing file /home/airflow/.local/lib/python3.12/site-packages/airflow/example_dags/tutorial.py for tasks to queue
[2025-07-01T04:00:34.455+0000] {logging_mixin.py:190} INFO - [2025-07-01T04:00:34.455+0000] {dagbag.py:588} INFO - Filling up the DagBag from /home/airflow/.local/lib/python3.12/site-packages/airflow/example_dags/tutorial.py
[2025-07-01T04:00:34.464+0000] {processor.py:925} INFO - DAG(s) 'tutorial' retrieved from /home/airflow/.local/lib/python3.12/site-packages/airflow/example_dags/tutorial.py
[2025-07-01T04:00:34.484+0000] {logging_mixin.py:190} INFO - [2025-07-01T04:00:34.484+0000] {dag.py:3239} INFO - Sync 1 DAGs
[2025-07-01T04:00:34.507+0000] {logging_mixin.py:190} INFO - [2025-07-01T04:00:34.507+0000] {dag.py:4180} INFO - Setting next_dagrun for tutorial to 2025-06-30 00:00:00+00:00, run_after=2025-07-01 00:00:00+00:00
[2025-07-01T04:00:34.529+0000] {processor.py:208} INFO - Processing /home/airflow/.local/lib/python3.12/site-packages/airflow/example_dags/tutorial.py took 0.085 seconds
[2025-07-01T04:01:05.214+0000] {processor.py:186} INFO - Started process (PID=16888) to work on /home/airflow/.local/lib/python3.12/site-packages/airflow/example_dags/tutorial.py
[2025-07-01T04:01:05.215+0000] {processor.py:914} INFO - Processing file /home/airflow/.local/lib/python3.12/site-packages/airflow/example_dags/tutorial.py for tasks to queue
[2025-07-01T04:01:05.219+0000] {logging_mixin.py:190} INFO - [2025-07-01T04:01:05.217+0000] {dagbag.py:588} INFO - Filling up the DagBag from /home/airflow/.local/lib/python3.12/site-packages/airflow/example_dags/tutorial.py
[2025-07-01T04:01:05.227+0000] {processor.py:925} INFO - DAG(s) 'tutorial' retrieved from /home/airflow/.local/lib/python3.12/site-packages/airflow/example_dags/tutorial.py
[2025-07-01T04:01:05.247+0000] {logging_mixin.py:190} INFO - [2025-07-01T04:01:05.247+0000] {dag.py:3239} INFO - Sync 1 DAGs
[2025-07-01T04:01:05.271+0000] {logging_mixin.py:190} INFO - [2025-07-01T04:01:05.271+0000] {dag.py:4180} INFO - Setting next_dagrun for tutorial to 2025-06-30 00:00:00+00:00, run_after=2025-07-01 00:00:00+00:00
[2025-07-01T04:01:05.293+0000] {processor.py:208} INFO - Processing /home/airflow/.local/lib/python3.12/site-packages/airflow/example_dags/tutorial.py took 0.085 seconds
[2025-07-01T04:01:36.154+0000] {processor.py:186} INFO - Started process (PID=16950) to work on /home/airflow/.local/lib/python3.12/site-packages/airflow/example_dags/tutorial.py
[2025-07-01T04:01:36.155+0000] {processor.py:914} INFO - Processing file /home/airflow/.local/lib/python3.12/site-packages/airflow/example_dags/tutorial.py for tasks to queue
[2025-07-01T04:01:36.158+0000] {logging_mixin.py:190} INFO - [2025-07-01T04:01:36.158+0000] {dagbag.py:588} INFO - Filling up the DagBag from /home/airflow/.local/lib/python3.12/site-packages/airflow/example_dags/tutorial.py
[2025-07-01T04:01:36.166+0000] {processor.py:925} INFO - DAG(s) 'tutorial' retrieved from /home/airflow/.local/lib/python3.12/site-packages/airflow/example_dags/tutorial.py
[2025-07-01T04:01:36.184+0000] {logging_mixin.py:190} INFO - [2025-07-01T04:01:36.184+0000] {dag.py:3239} INFO - Sync 1 DAGs
[2025-07-01T04:01:36.206+0000] {logging_mixin.py:190} INFO - [2025-07-01T04:01:36.206+0000] {dag.py:4180} INFO - Setting next_dagrun for tutorial to 2025-06-30 00:00:00+00:00, run_after=2025-07-01 00:00:00+00:00
[2025-07-01T04:01:36.222+0000] {processor.py:208} INFO - Processing /home/airflow/.local/lib/python3.12/site-packages/airflow/example_dags/tutorial.py took 0.074 seconds
[2025-07-01T04:02:06.931+0000] {processor.py:186} INFO - Started process (PID=17012) to work on /home/airflow/.local/lib/python3.12/site-packages/airflow/example_dags/tutorial.py
[2025-07-01T04:02:06.932+0000] {processor.py:914} INFO - Processing file /home/airflow/.local/lib/python3.12/site-packages/airflow/example_dags/tutorial.py for tasks to queue
[2025-07-01T04:02:06.936+0000] {logging_mixin.py:190} INFO - [2025-07-01T04:02:06.935+0000] {dagbag.py:588} INFO - Filling up the DagBag from /home/airflow/.local/lib/python3.12/site-packages/airflow/example_dags/tutorial.py
[2025-07-01T04:02:06.954+0000] {processor.py:925} INFO - DAG(s) 'tutorial' retrieved from /home/airflow/.local/lib/python3.12/site-packages/airflow/example_dags/tutorial.py
[2025-07-01T04:02:06.984+0000] {logging_mixin.py:190} INFO - [2025-07-01T04:02:06.983+0000] {dag.py:3239} INFO - Sync 1 DAGs
[2025-07-01T04:02:07.016+0000] {logging_mixin.py:190} INFO - [2025-07-01T04:02:07.016+0000] {dag.py:4180} INFO - Setting next_dagrun for tutorial to 2025-06-30 00:00:00+00:00, run_after=2025-07-01 00:00:00+00:00
[2025-07-01T04:02:07.043+0000] {processor.py:208} INFO - Processing /home/airflow/.local/lib/python3.12/site-packages/airflow/example_dags/tutorial.py took 0.117 seconds
[2025-07-01T04:02:38.252+0000] {processor.py:186} INFO - Started process (PID=17074) to work on /home/airflow/.local/lib/python3.12/site-packages/airflow/example_dags/tutorial.py
[2025-07-01T04:02:38.253+0000] {processor.py:914} INFO - Processing file /home/airflow/.local/lib/python3.12/site-packages/airflow/example_dags/tutorial.py for tasks to queue
[2025-07-01T04:02:38.255+0000] {logging_mixin.py:190} INFO - [2025-07-01T04:02:38.255+0000] {dagbag.py:588} INFO - Filling up the DagBag from /home/airflow/.local/lib/python3.12/site-packages/airflow/example_dags/tutorial.py
[2025-07-01T04:02:38.263+0000] {processor.py:925} INFO - DAG(s) 'tutorial' retrieved from /home/airflow/.local/lib/python3.12/site-packages/airflow/example_dags/tutorial.py
[2025-07-01T04:02:38.283+0000] {logging_mixin.py:190} INFO - [2025-07-01T04:02:38.282+0000] {dag.py:3239} INFO - Sync 1 DAGs
[2025-07-01T04:02:38.305+0000] {logging_mixin.py:190} INFO - [2025-07-01T04:02:38.304+0000] {dag.py:4180} INFO - Setting next_dagrun for tutorial to 2025-06-30 00:00:00+00:00, run_after=2025-07-01 00:00:00+00:00
[2025-07-01T04:02:38.323+0000] {processor.py:208} INFO - Processing /home/airflow/.local/lib/python3.12/site-packages/airflow/example_dags/tutorial.py took 0.077 seconds
[2025-07-01T04:03:09.110+0000] {processor.py:186} INFO - Started process (PID=17136) to work on /home/airflow/.local/lib/python3.12/site-packages/airflow/example_dags/tutorial.py
[2025-07-01T04:03:09.111+0000] {processor.py:914} INFO - Processing file /home/airflow/.local/lib/python3.12/site-packages/airflow/example_dags/tutorial.py for tasks to queue
[2025-07-01T04:03:09.114+0000] {logging_mixin.py:190} INFO - [2025-07-01T04:03:09.113+0000] {dagbag.py:588} INFO - Filling up the DagBag from /home/airflow/.local/lib/python3.12/site-packages/airflow/example_dags/tutorial.py
[2025-07-01T04:03:09.121+0000] {processor.py:925} INFO - DAG(s) 'tutorial' retrieved from /home/airflow/.local/lib/python3.12/site-packages/airflow/example_dags/tutorial.py
[2025-07-01T04:03:09.143+0000] {logging_mixin.py:190} INFO - [2025-07-01T04:03:09.142+0000] {dag.py:3239} INFO - Sync 1 DAGs
[2025-07-01T04:03:09.169+0000] {logging_mixin.py:190} INFO - [2025-07-01T04:03:09.169+0000] {dag.py:4180} INFO - Setting next_dagrun for tutorial to 2025-06-30 00:00:00+00:00, run_after=2025-07-01 00:00:00+00:00
[2025-07-01T04:03:09.189+0000] {processor.py:208} INFO - Processing /home/airflow/.local/lib/python3.12/site-packages/airflow/example_dags/tutorial.py took 0.085 seconds
[2025-07-01T04:03:39.536+0000] {processor.py:186} INFO - Started process (PID=17198) to work on /home/airflow/.local/lib/python3.12/site-packages/airflow/example_dags/tutorial.py
[2025-07-01T04:03:39.537+0000] {processor.py:914} INFO - Processing file /home/airflow/.local/lib/python3.12/site-packages/airflow/example_dags/tutorial.py for tasks to queue
[2025-07-01T04:03:39.540+0000] {logging_mixin.py:190} INFO - [2025-07-01T04:03:39.540+0000] {dagbag.py:588} INFO - Filling up the DagBag from /home/airflow/.local/lib/python3.12/site-packages/airflow/example_dags/tutorial.py
[2025-07-01T04:03:39.550+0000] {processor.py:925} INFO - DAG(s) 'tutorial' retrieved from /home/airflow/.local/lib/python3.12/site-packages/airflow/example_dags/tutorial.py
[2025-07-01T04:03:39.570+0000] {logging_mixin.py:190} INFO - [2025-07-01T04:03:39.569+0000] {dag.py:3239} INFO - Sync 1 DAGs
[2025-07-01T04:03:39.590+0000] {logging_mixin.py:190} INFO - [2025-07-01T04:03:39.590+0000] {dag.py:4180} INFO - Setting next_dagrun for tutorial to 2025-06-30 00:00:00+00:00, run_after=2025-07-01 00:00:00+00:00
[2025-07-01T04:03:39.606+0000] {processor.py:208} INFO - Processing /home/airflow/.local/lib/python3.12/site-packages/airflow/example_dags/tutorial.py took 0.077 seconds
[2025-07-01T04:04:10.549+0000] {processor.py:186} INFO - Started process (PID=17260) to work on /home/airflow/.local/lib/python3.12/site-packages/airflow/example_dags/tutorial.py
[2025-07-01T04:04:10.550+0000] {processor.py:914} INFO - Processing file /home/airflow/.local/lib/python3.12/site-packages/airflow/example_dags/tutorial.py for tasks to queue
[2025-07-01T04:04:10.552+0000] {logging_mixin.py:190} INFO - [2025-07-01T04:04:10.552+0000] {dagbag.py:588} INFO - Filling up the DagBag from /home/airflow/.local/lib/python3.12/site-packages/airflow/example_dags/tutorial.py
[2025-07-01T04:04:10.560+0000] {processor.py:925} INFO - DAG(s) 'tutorial' retrieved from /home/airflow/.local/lib/python3.12/site-packages/airflow/example_dags/tutorial.py
[2025-07-01T04:04:10.579+0000] {logging_mixin.py:190} INFO - [2025-07-01T04:04:10.579+0000] {dag.py:3239} INFO - Sync 1 DAGs
[2025-07-01T04:04:10.599+0000] {logging_mixin.py:190} INFO - [2025-07-01T04:04:10.599+0000] {dag.py:4180} INFO - Setting next_dagrun for tutorial to 2025-06-30 00:00:00+00:00, run_after=2025-07-01 00:00:00+00:00
[2025-07-01T04:04:10.615+0000] {processor.py:208} INFO - Processing /home/airflow/.local/lib/python3.12/site-packages/airflow/example_dags/tutorial.py took 0.072 seconds
[2025-07-01T04:04:40.944+0000] {processor.py:186} INFO - Started process (PID=17322) to work on /home/airflow/.local/lib/python3.12/site-packages/airflow/example_dags/tutorial.py
[2025-07-01T04:04:40.945+0000] {processor.py:914} INFO - Processing file /home/airflow/.local/lib/python3.12/site-packages/airflow/example_dags/tutorial.py for tasks to queue
[2025-07-01T04:04:40.948+0000] {logging_mixin.py:190} INFO - [2025-07-01T04:04:40.947+0000] {dagbag.py:588} INFO - Filling up the DagBag from /home/airflow/.local/lib/python3.12/site-packages/airflow/example_dags/tutorial.py
[2025-07-01T04:04:40.955+0000] {processor.py:925} INFO - DAG(s) 'tutorial' retrieved from /home/airflow/.local/lib/python3.12/site-packages/airflow/example_dags/tutorial.py
[2025-07-01T04:04:40.975+0000] {logging_mixin.py:190} INFO - [2025-07-01T04:04:40.974+0000] {dag.py:3239} INFO - Sync 1 DAGs
[2025-07-01T04:04:40.999+0000] {logging_mixin.py:190} INFO - [2025-07-01T04:04:40.998+0000] {dag.py:4180} INFO - Setting next_dagrun for tutorial to 2025-06-30 00:00:00+00:00, run_after=2025-07-01 00:00:00+00:00
[2025-07-01T04:04:41.016+0000] {processor.py:208} INFO - Processing /home/airflow/.local/lib/python3.12/site-packages/airflow/example_dags/tutorial.py took 0.079 seconds
[2025-07-01T04:05:12.039+0000] {processor.py:186} INFO - Started process (PID=17384) to work on /home/airflow/.local/lib/python3.12/site-packages/airflow/example_dags/tutorial.py
[2025-07-01T04:05:12.040+0000] {processor.py:914} INFO - Processing file /home/airflow/.local/lib/python3.12/site-packages/airflow/example_dags/tutorial.py for tasks to queue
[2025-07-01T04:05:12.043+0000] {logging_mixin.py:190} INFO - [2025-07-01T04:05:12.042+0000] {dagbag.py:588} INFO - Filling up the DagBag from /home/airflow/.local/lib/python3.12/site-packages/airflow/example_dags/tutorial.py
[2025-07-01T04:05:12.050+0000] {processor.py:925} INFO - DAG(s) 'tutorial' retrieved from /home/airflow/.local/lib/python3.12/site-packages/airflow/example_dags/tutorial.py
[2025-07-01T04:05:12.069+0000] {logging_mixin.py:190} INFO - [2025-07-01T04:05:12.069+0000] {dag.py:3239} INFO - Sync 1 DAGs
[2025-07-01T04:05:12.092+0000] {logging_mixin.py:190} INFO - [2025-07-01T04:05:12.091+0000] {dag.py:4180} INFO - Setting next_dagrun for tutorial to 2025-06-30 00:00:00+00:00, run_after=2025-07-01 00:00:00+00:00
[2025-07-01T04:05:12.109+0000] {processor.py:208} INFO - Processing /home/airflow/.local/lib/python3.12/site-packages/airflow/example_dags/tutorial.py took 0.075 seconds
[2025-07-01T04:05:42.216+0000] {processor.py:186} INFO - Started process (PID=17446) to work on /home/airflow/.local/lib/python3.12/site-packages/airflow/example_dags/tutorial.py
[2025-07-01T04:05:42.217+0000] {processor.py:914} INFO - Processing file /home/airflow/.local/lib/python3.12/site-packages/airflow/example_dags/tutorial.py for tasks to queue
[2025-07-01T04:05:42.219+0000] {logging_mixin.py:190} INFO - [2025-07-01T04:05:42.219+0000] {dagbag.py:588} INFO - Filling up the DagBag from /home/airflow/.local/lib/python3.12/site-packages/airflow/example_dags/tutorial.py
[2025-07-01T04:05:42.227+0000] {processor.py:925} INFO - DAG(s) 'tutorial' retrieved from /home/airflow/.local/lib/python3.12/site-packages/airflow/example_dags/tutorial.py
[2025-07-01T04:05:42.247+0000] {logging_mixin.py:190} INFO - [2025-07-01T04:05:42.247+0000] {dag.py:3239} INFO - Sync 1 DAGs
[2025-07-01T04:05:42.270+0000] {logging_mixin.py:190} INFO - [2025-07-01T04:05:42.270+0000] {dag.py:4180} INFO - Setting next_dagrun for tutorial to 2025-06-30 00:00:00+00:00, run_after=2025-07-01 00:00:00+00:00
[2025-07-01T04:05:42.291+0000] {processor.py:208} INFO - Processing /home/airflow/.local/lib/python3.12/site-packages/airflow/example_dags/tutorial.py took 0.081 seconds
[2025-07-01T04:06:12.535+0000] {processor.py:186} INFO - Started process (PID=17508) to work on /home/airflow/.local/lib/python3.12/site-packages/airflow/example_dags/tutorial.py
[2025-07-01T04:06:12.536+0000] {processor.py:914} INFO - Processing file /home/airflow/.local/lib/python3.12/site-packages/airflow/example_dags/tutorial.py for tasks to queue
[2025-07-01T04:06:12.539+0000] {logging_mixin.py:190} INFO - [2025-07-01T04:06:12.539+0000] {dagbag.py:588} INFO - Filling up the DagBag from /home/airflow/.local/lib/python3.12/site-packages/airflow/example_dags/tutorial.py
[2025-07-01T04:06:12.547+0000] {processor.py:925} INFO - DAG(s) 'tutorial' retrieved from /home/airflow/.local/lib/python3.12/site-packages/airflow/example_dags/tutorial.py
[2025-07-01T04:06:12.566+0000] {logging_mixin.py:190} INFO - [2025-07-01T04:06:12.566+0000] {dag.py:3239} INFO - Sync 1 DAGs
[2025-07-01T04:06:12.587+0000] {logging_mixin.py:190} INFO - [2025-07-01T04:06:12.587+0000] {dag.py:4180} INFO - Setting next_dagrun for tutorial to 2025-06-30 00:00:00+00:00, run_after=2025-07-01 00:00:00+00:00
[2025-07-01T04:06:12.605+0000] {processor.py:208} INFO - Processing /home/airflow/.local/lib/python3.12/site-packages/airflow/example_dags/tutorial.py took 0.076 seconds
[2025-07-01T04:06:42.773+0000] {processor.py:186} INFO - Started process (PID=17570) to work on /home/airflow/.local/lib/python3.12/site-packages/airflow/example_dags/tutorial.py
[2025-07-01T04:06:42.774+0000] {processor.py:914} INFO - Processing file /home/airflow/.local/lib/python3.12/site-packages/airflow/example_dags/tutorial.py for tasks to queue
[2025-07-01T04:06:42.777+0000] {logging_mixin.py:190} INFO - [2025-07-01T04:06:42.776+0000] {dagbag.py:588} INFO - Filling up the DagBag from /home/airflow/.local/lib/python3.12/site-packages/airflow/example_dags/tutorial.py
[2025-07-01T04:06:42.784+0000] {processor.py:925} INFO - DAG(s) 'tutorial' retrieved from /home/airflow/.local/lib/python3.12/site-packages/airflow/example_dags/tutorial.py
[2025-07-01T04:06:42.803+0000] {logging_mixin.py:190} INFO - [2025-07-01T04:06:42.803+0000] {dag.py:3239} INFO - Sync 1 DAGs
[2025-07-01T04:06:42.824+0000] {logging_mixin.py:190} INFO - [2025-07-01T04:06:42.824+0000] {dag.py:4180} INFO - Setting next_dagrun for tutorial to 2025-06-30 00:00:00+00:00, run_after=2025-07-01 00:00:00+00:00
[2025-07-01T04:06:42.840+0000] {processor.py:208} INFO - Processing /home/airflow/.local/lib/python3.12/site-packages/airflow/example_dags/tutorial.py took 0.073 seconds
[2025-07-01T04:07:13.699+0000] {processor.py:186} INFO - Started process (PID=17632) to work on /home/airflow/.local/lib/python3.12/site-packages/airflow/example_dags/tutorial.py
[2025-07-01T04:07:13.700+0000] {processor.py:914} INFO - Processing file /home/airflow/.local/lib/python3.12/site-packages/airflow/example_dags/tutorial.py for tasks to queue
[2025-07-01T04:07:13.703+0000] {logging_mixin.py:190} INFO - [2025-07-01T04:07:13.703+0000] {dagbag.py:588} INFO - Filling up the DagBag from /home/airflow/.local/lib/python3.12/site-packages/airflow/example_dags/tutorial.py
[2025-07-01T04:07:13.711+0000] {processor.py:925} INFO - DAG(s) 'tutorial' retrieved from /home/airflow/.local/lib/python3.12/site-packages/airflow/example_dags/tutorial.py
[2025-07-01T04:07:13.730+0000] {logging_mixin.py:190} INFO - [2025-07-01T04:07:13.730+0000] {dag.py:3239} INFO - Sync 1 DAGs
[2025-07-01T04:07:13.751+0000] {logging_mixin.py:190} INFO - [2025-07-01T04:07:13.751+0000] {dag.py:4180} INFO - Setting next_dagrun for tutorial to 2025-06-30 00:00:00+00:00, run_after=2025-07-01 00:00:00+00:00
[2025-07-01T04:07:13.767+0000] {processor.py:208} INFO - Processing /home/airflow/.local/lib/python3.12/site-packages/airflow/example_dags/tutorial.py took 0.073 seconds
[2025-07-01T04:07:44.502+0000] {processor.py:186} INFO - Started process (PID=17694) to work on /home/airflow/.local/lib/python3.12/site-packages/airflow/example_dags/tutorial.py
[2025-07-01T04:07:44.503+0000] {processor.py:914} INFO - Processing file /home/airflow/.local/lib/python3.12/site-packages/airflow/example_dags/tutorial.py for tasks to queue
[2025-07-01T04:07:44.508+0000] {logging_mixin.py:190} INFO - [2025-07-01T04:07:44.507+0000] {dagbag.py:588} INFO - Filling up the DagBag from /home/airflow/.local/lib/python3.12/site-packages/airflow/example_dags/tutorial.py
[2025-07-01T04:07:44.518+0000] {processor.py:925} INFO - DAG(s) 'tutorial' retrieved from /home/airflow/.local/lib/python3.12/site-packages/airflow/example_dags/tutorial.py
[2025-07-01T04:07:44.547+0000] {logging_mixin.py:190} INFO - [2025-07-01T04:07:44.547+0000] {dag.py:3239} INFO - Sync 1 DAGs
[2025-07-01T04:07:44.578+0000] {logging_mixin.py:190} INFO - [2025-07-01T04:07:44.578+0000] {dag.py:4180} INFO - Setting next_dagrun for tutorial to 2025-06-30 00:00:00+00:00, run_after=2025-07-01 00:00:00+00:00
[2025-07-01T04:07:44.602+0000] {processor.py:208} INFO - Processing /home/airflow/.local/lib/python3.12/site-packages/airflow/example_dags/tutorial.py took 0.108 seconds
[2025-07-01T04:08:15.409+0000] {processor.py:186} INFO - Started process (PID=17756) to work on /home/airflow/.local/lib/python3.12/site-packages/airflow/example_dags/tutorial.py
[2025-07-01T04:08:15.410+0000] {processor.py:914} INFO - Processing file /home/airflow/.local/lib/python3.12/site-packages/airflow/example_dags/tutorial.py for tasks to queue
[2025-07-01T04:08:15.413+0000] {logging_mixin.py:190} INFO - [2025-07-01T04:08:15.412+0000] {dagbag.py:588} INFO - Filling up the DagBag from /home/airflow/.local/lib/python3.12/site-packages/airflow/example_dags/tutorial.py
[2025-07-01T04:08:15.420+0000] {processor.py:925} INFO - DAG(s) 'tutorial' retrieved from /home/airflow/.local/lib/python3.12/site-packages/airflow/example_dags/tutorial.py
[2025-07-01T04:08:15.439+0000] {logging_mixin.py:190} INFO - [2025-07-01T04:08:15.439+0000] {dag.py:3239} INFO - Sync 1 DAGs
[2025-07-01T04:08:15.460+0000] {logging_mixin.py:190} INFO - [2025-07-01T04:08:15.459+0000] {dag.py:4180} INFO - Setting next_dagrun for tutorial to 2025-06-30 00:00:00+00:00, run_after=2025-07-01 00:00:00+00:00
[2025-07-01T04:08:15.477+0000] {processor.py:208} INFO - Processing /home/airflow/.local/lib/python3.12/site-packages/airflow/example_dags/tutorial.py took 0.073 seconds
[2025-07-01T04:08:46.000+0000] {processor.py:186} INFO - Started process (PID=17818) to work on /home/airflow/.local/lib/python3.12/site-packages/airflow/example_dags/tutorial.py
[2025-07-01T04:08:46.001+0000] {processor.py:914} INFO - Processing file /home/airflow/.local/lib/python3.12/site-packages/airflow/example_dags/tutorial.py for tasks to queue
[2025-07-01T04:08:46.004+0000] {logging_mixin.py:190} INFO - [2025-07-01T04:08:46.004+0000] {dagbag.py:588} INFO - Filling up the DagBag from /home/airflow/.local/lib/python3.12/site-packages/airflow/example_dags/tutorial.py
[2025-07-01T04:08:46.012+0000] {processor.py:925} INFO - DAG(s) 'tutorial' retrieved from /home/airflow/.local/lib/python3.12/site-packages/airflow/example_dags/tutorial.py
[2025-07-01T04:08:46.031+0000] {logging_mixin.py:190} INFO - [2025-07-01T04:08:46.031+0000] {dag.py:3239} INFO - Sync 1 DAGs
[2025-07-01T04:08:46.051+0000] {logging_mixin.py:190} INFO - [2025-07-01T04:08:46.051+0000] {dag.py:4180} INFO - Setting next_dagrun for tutorial to 2025-06-30 00:00:00+00:00, run_after=2025-07-01 00:00:00+00:00
[2025-07-01T04:08:46.075+0000] {processor.py:208} INFO - Processing /home/airflow/.local/lib/python3.12/site-packages/airflow/example_dags/tutorial.py took 0.080 seconds
[2025-07-01T04:09:16.739+0000] {processor.py:186} INFO - Started process (PID=17880) to work on /home/airflow/.local/lib/python3.12/site-packages/airflow/example_dags/tutorial.py
[2025-07-01T04:09:16.740+0000] {processor.py:914} INFO - Processing file /home/airflow/.local/lib/python3.12/site-packages/airflow/example_dags/tutorial.py for tasks to queue
[2025-07-01T04:09:16.744+0000] {logging_mixin.py:190} INFO - [2025-07-01T04:09:16.744+0000] {dagbag.py:588} INFO - Filling up the DagBag from /home/airflow/.local/lib/python3.12/site-packages/airflow/example_dags/tutorial.py
[2025-07-01T04:09:16.753+0000] {processor.py:925} INFO - DAG(s) 'tutorial' retrieved from /home/airflow/.local/lib/python3.12/site-packages/airflow/example_dags/tutorial.py
[2025-07-01T04:09:16.784+0000] {logging_mixin.py:190} INFO - [2025-07-01T04:09:16.784+0000] {dag.py:3239} INFO - Sync 1 DAGs
[2025-07-01T04:09:16.812+0000] {logging_mixin.py:190} INFO - [2025-07-01T04:09:16.811+0000] {dag.py:4180} INFO - Setting next_dagrun for tutorial to 2025-06-30 00:00:00+00:00, run_after=2025-07-01 00:00:00+00:00
[2025-07-01T04:09:16.829+0000] {processor.py:208} INFO - Processing /home/airflow/.local/lib/python3.12/site-packages/airflow/example_dags/tutorial.py took 0.098 seconds
[2025-07-01T04:09:47.413+0000] {processor.py:186} INFO - Started process (PID=17942) to work on /home/airflow/.local/lib/python3.12/site-packages/airflow/example_dags/tutorial.py
[2025-07-01T04:09:47.414+0000] {processor.py:914} INFO - Processing file /home/airflow/.local/lib/python3.12/site-packages/airflow/example_dags/tutorial.py for tasks to queue
[2025-07-01T04:09:47.417+0000] {logging_mixin.py:190} INFO - [2025-07-01T04:09:47.417+0000] {dagbag.py:588} INFO - Filling up the DagBag from /home/airflow/.local/lib/python3.12/site-packages/airflow/example_dags/tutorial.py
[2025-07-01T04:09:47.426+0000] {processor.py:925} INFO - DAG(s) 'tutorial' retrieved from /home/airflow/.local/lib/python3.12/site-packages/airflow/example_dags/tutorial.py
[2025-07-01T04:09:47.445+0000] {logging_mixin.py:190} INFO - [2025-07-01T04:09:47.445+0000] {dag.py:3239} INFO - Sync 1 DAGs
[2025-07-01T04:09:47.465+0000] {logging_mixin.py:190} INFO - [2025-07-01T04:09:47.465+0000] {dag.py:4180} INFO - Setting next_dagrun for tutorial to 2025-06-30 00:00:00+00:00, run_after=2025-07-01 00:00:00+00:00
[2025-07-01T04:09:47.482+0000] {processor.py:208} INFO - Processing /home/airflow/.local/lib/python3.12/site-packages/airflow/example_dags/tutorial.py took 0.075 seconds
[2025-07-01T04:10:18.113+0000] {processor.py:186} INFO - Started process (PID=18004) to work on /home/airflow/.local/lib/python3.12/site-packages/airflow/example_dags/tutorial.py
[2025-07-01T04:10:18.114+0000] {processor.py:914} INFO - Processing file /home/airflow/.local/lib/python3.12/site-packages/airflow/example_dags/tutorial.py for tasks to queue
[2025-07-01T04:10:18.116+0000] {logging_mixin.py:190} INFO - [2025-07-01T04:10:18.116+0000] {dagbag.py:588} INFO - Filling up the DagBag from /home/airflow/.local/lib/python3.12/site-packages/airflow/example_dags/tutorial.py
[2025-07-01T04:10:18.124+0000] {processor.py:925} INFO - DAG(s) 'tutorial' retrieved from /home/airflow/.local/lib/python3.12/site-packages/airflow/example_dags/tutorial.py
[2025-07-01T04:10:18.143+0000] {logging_mixin.py:190} INFO - [2025-07-01T04:10:18.143+0000] {dag.py:3239} INFO - Sync 1 DAGs
[2025-07-01T04:10:18.164+0000] {logging_mixin.py:190} INFO - [2025-07-01T04:10:18.163+0000] {dag.py:4180} INFO - Setting next_dagrun for tutorial to 2025-06-30 00:00:00+00:00, run_after=2025-07-01 00:00:00+00:00
[2025-07-01T04:10:18.180+0000] {processor.py:208} INFO - Processing /home/airflow/.local/lib/python3.12/site-packages/airflow/example_dags/tutorial.py took 0.073 seconds
[2025-07-01T04:10:48.654+0000] {processor.py:186} INFO - Started process (PID=18066) to work on /home/airflow/.local/lib/python3.12/site-packages/airflow/example_dags/tutorial.py
[2025-07-01T04:10:48.655+0000] {processor.py:914} INFO - Processing file /home/airflow/.local/lib/python3.12/site-packages/airflow/example_dags/tutorial.py for tasks to queue
[2025-07-01T04:10:48.658+0000] {logging_mixin.py:190} INFO - [2025-07-01T04:10:48.657+0000] {dagbag.py:588} INFO - Filling up the DagBag from /home/airflow/.local/lib/python3.12/site-packages/airflow/example_dags/tutorial.py
[2025-07-01T04:10:48.665+0000] {processor.py:925} INFO - DAG(s) 'tutorial' retrieved from /home/airflow/.local/lib/python3.12/site-packages/airflow/example_dags/tutorial.py
[2025-07-01T04:10:48.685+0000] {logging_mixin.py:190} INFO - [2025-07-01T04:10:48.684+0000] {dag.py:3239} INFO - Sync 1 DAGs
[2025-07-01T04:10:48.705+0000] {logging_mixin.py:190} INFO - [2025-07-01T04:10:48.705+0000] {dag.py:4180} INFO - Setting next_dagrun for tutorial to 2025-06-30 00:00:00+00:00, run_after=2025-07-01 00:00:00+00:00
[2025-07-01T04:10:48.721+0000] {processor.py:208} INFO - Processing /home/airflow/.local/lib/python3.12/site-packages/airflow/example_dags/tutorial.py took 0.073 seconds
[2025-07-01T04:11:19.445+0000] {processor.py:186} INFO - Started process (PID=18128) to work on /home/airflow/.local/lib/python3.12/site-packages/airflow/example_dags/tutorial.py
[2025-07-01T04:11:19.446+0000] {processor.py:914} INFO - Processing file /home/airflow/.local/lib/python3.12/site-packages/airflow/example_dags/tutorial.py for tasks to queue
[2025-07-01T04:11:19.449+0000] {logging_mixin.py:190} INFO - [2025-07-01T04:11:19.449+0000] {dagbag.py:588} INFO - Filling up the DagBag from /home/airflow/.local/lib/python3.12/site-packages/airflow/example_dags/tutorial.py
[2025-07-01T04:11:19.457+0000] {processor.py:925} INFO - DAG(s) 'tutorial' retrieved from /home/airflow/.local/lib/python3.12/site-packages/airflow/example_dags/tutorial.py
[2025-07-01T04:11:19.476+0000] {logging_mixin.py:190} INFO - [2025-07-01T04:11:19.476+0000] {dag.py:3239} INFO - Sync 1 DAGs
[2025-07-01T04:11:19.496+0000] {logging_mixin.py:190} INFO - [2025-07-01T04:11:19.496+0000] {dag.py:4180} INFO - Setting next_dagrun for tutorial to 2025-06-30 00:00:00+00:00, run_after=2025-07-01 00:00:00+00:00
[2025-07-01T04:11:19.513+0000] {processor.py:208} INFO - Processing /home/airflow/.local/lib/python3.12/site-packages/airflow/example_dags/tutorial.py took 0.073 seconds
[2025-07-01T04:11:50.127+0000] {processor.py:186} INFO - Started process (PID=18190) to work on /home/airflow/.local/lib/python3.12/site-packages/airflow/example_dags/tutorial.py
[2025-07-01T04:11:50.128+0000] {processor.py:914} INFO - Processing file /home/airflow/.local/lib/python3.12/site-packages/airflow/example_dags/tutorial.py for tasks to queue
[2025-07-01T04:11:50.131+0000] {logging_mixin.py:190} INFO - [2025-07-01T04:11:50.131+0000] {dagbag.py:588} INFO - Filling up the DagBag from /home/airflow/.local/lib/python3.12/site-packages/airflow/example_dags/tutorial.py
[2025-07-01T04:11:50.138+0000] {processor.py:925} INFO - DAG(s) 'tutorial' retrieved from /home/airflow/.local/lib/python3.12/site-packages/airflow/example_dags/tutorial.py
[2025-07-01T04:11:50.157+0000] {logging_mixin.py:190} INFO - [2025-07-01T04:11:50.157+0000] {dag.py:3239} INFO - Sync 1 DAGs
[2025-07-01T04:11:50.179+0000] {logging_mixin.py:190} INFO - [2025-07-01T04:11:50.179+0000] {dag.py:4180} INFO - Setting next_dagrun for tutorial to 2025-06-30 00:00:00+00:00, run_after=2025-07-01 00:00:00+00:00
[2025-07-01T04:11:50.195+0000] {processor.py:208} INFO - Processing /home/airflow/.local/lib/python3.12/site-packages/airflow/example_dags/tutorial.py took 0.073 seconds
[2025-07-01T04:12:20.716+0000] {processor.py:186} INFO - Started process (PID=18252) to work on /home/airflow/.local/lib/python3.12/site-packages/airflow/example_dags/tutorial.py
[2025-07-01T04:12:20.718+0000] {processor.py:914} INFO - Processing file /home/airflow/.local/lib/python3.12/site-packages/airflow/example_dags/tutorial.py for tasks to queue
[2025-07-01T04:12:20.721+0000] {logging_mixin.py:190} INFO - [2025-07-01T04:12:20.721+0000] {dagbag.py:588} INFO - Filling up the DagBag from /home/airflow/.local/lib/python3.12/site-packages/airflow/example_dags/tutorial.py
[2025-07-01T04:12:20.731+0000] {processor.py:925} INFO - DAG(s) 'tutorial' retrieved from /home/airflow/.local/lib/python3.12/site-packages/airflow/example_dags/tutorial.py
[2025-07-01T04:12:20.751+0000] {logging_mixin.py:190} INFO - [2025-07-01T04:12:20.751+0000] {dag.py:3239} INFO - Sync 1 DAGs
[2025-07-01T04:12:20.772+0000] {logging_mixin.py:190} INFO - [2025-07-01T04:12:20.772+0000] {dag.py:4180} INFO - Setting next_dagrun for tutorial to 2025-06-30 00:00:00+00:00, run_after=2025-07-01 00:00:00+00:00
[2025-07-01T04:12:20.789+0000] {processor.py:208} INFO - Processing /home/airflow/.local/lib/python3.12/site-packages/airflow/example_dags/tutorial.py took 0.081 seconds
[2025-07-01T04:12:51.320+0000] {processor.py:186} INFO - Started process (PID=18320) to work on /home/airflow/.local/lib/python3.12/site-packages/airflow/example_dags/tutorial.py
[2025-07-01T04:12:51.321+0000] {processor.py:914} INFO - Processing file /home/airflow/.local/lib/python3.12/site-packages/airflow/example_dags/tutorial.py for tasks to queue
[2025-07-01T04:12:51.325+0000] {logging_mixin.py:190} INFO - [2025-07-01T04:12:51.324+0000] {dagbag.py:588} INFO - Filling up the DagBag from /home/airflow/.local/lib/python3.12/site-packages/airflow/example_dags/tutorial.py
[2025-07-01T04:12:51.333+0000] {processor.py:925} INFO - DAG(s) 'tutorial' retrieved from /home/airflow/.local/lib/python3.12/site-packages/airflow/example_dags/tutorial.py
[2025-07-01T04:12:51.355+0000] {logging_mixin.py:190} INFO - [2025-07-01T04:12:51.355+0000] {dag.py:3239} INFO - Sync 1 DAGs
[2025-07-01T04:12:51.377+0000] {logging_mixin.py:190} INFO - [2025-07-01T04:12:51.377+0000] {dag.py:4180} INFO - Setting next_dagrun for tutorial to 2025-06-30 00:00:00+00:00, run_after=2025-07-01 00:00:00+00:00
[2025-07-01T04:12:51.393+0000] {processor.py:208} INFO - Processing /home/airflow/.local/lib/python3.12/site-packages/airflow/example_dags/tutorial.py took 0.079 seconds
[2025-07-01T04:13:21.912+0000] {processor.py:186} INFO - Started process (PID=18382) to work on /home/airflow/.local/lib/python3.12/site-packages/airflow/example_dags/tutorial.py
[2025-07-01T04:13:21.913+0000] {processor.py:914} INFO - Processing file /home/airflow/.local/lib/python3.12/site-packages/airflow/example_dags/tutorial.py for tasks to queue
[2025-07-01T04:13:21.916+0000] {logging_mixin.py:190} INFO - [2025-07-01T04:13:21.915+0000] {dagbag.py:588} INFO - Filling up the DagBag from /home/airflow/.local/lib/python3.12/site-packages/airflow/example_dags/tutorial.py
[2025-07-01T04:13:21.923+0000] {processor.py:925} INFO - DAG(s) 'tutorial' retrieved from /home/airflow/.local/lib/python3.12/site-packages/airflow/example_dags/tutorial.py
[2025-07-01T04:13:21.942+0000] {logging_mixin.py:190} INFO - [2025-07-01T04:13:21.942+0000] {dag.py:3239} INFO - Sync 1 DAGs
[2025-07-01T04:13:21.963+0000] {logging_mixin.py:190} INFO - [2025-07-01T04:13:21.963+0000] {dag.py:4180} INFO - Setting next_dagrun for tutorial to 2025-06-30 00:00:00+00:00, run_after=2025-07-01 00:00:00+00:00
[2025-07-01T04:13:21.978+0000] {processor.py:208} INFO - Processing /home/airflow/.local/lib/python3.12/site-packages/airflow/example_dags/tutorial.py took 0.073 seconds
[2025-07-01T04:13:52.491+0000] {processor.py:186} INFO - Started process (PID=18444) to work on /home/airflow/.local/lib/python3.12/site-packages/airflow/example_dags/tutorial.py
[2025-07-01T04:13:52.492+0000] {processor.py:914} INFO - Processing file /home/airflow/.local/lib/python3.12/site-packages/airflow/example_dags/tutorial.py for tasks to queue
[2025-07-01T04:13:52.494+0000] {logging_mixin.py:190} INFO - [2025-07-01T04:13:52.494+0000] {dagbag.py:588} INFO - Filling up the DagBag from /home/airflow/.local/lib/python3.12/site-packages/airflow/example_dags/tutorial.py
[2025-07-01T04:13:52.502+0000] {processor.py:925} INFO - DAG(s) 'tutorial' retrieved from /home/airflow/.local/lib/python3.12/site-packages/airflow/example_dags/tutorial.py
[2025-07-01T04:13:52.522+0000] {logging_mixin.py:190} INFO - [2025-07-01T04:13:52.522+0000] {dag.py:3239} INFO - Sync 1 DAGs
[2025-07-01T04:13:52.545+0000] {logging_mixin.py:190} INFO - [2025-07-01T04:13:52.544+0000] {dag.py:4180} INFO - Setting next_dagrun for tutorial to 2025-06-30 00:00:00+00:00, run_after=2025-07-01 00:00:00+00:00
[2025-07-01T04:13:52.562+0000] {processor.py:208} INFO - Processing /home/airflow/.local/lib/python3.12/site-packages/airflow/example_dags/tutorial.py took 0.077 seconds
[2025-07-01T04:14:23.113+0000] {processor.py:186} INFO - Started process (PID=18506) to work on /home/airflow/.local/lib/python3.12/site-packages/airflow/example_dags/tutorial.py
[2025-07-01T04:14:23.114+0000] {processor.py:914} INFO - Processing file /home/airflow/.local/lib/python3.12/site-packages/airflow/example_dags/tutorial.py for tasks to queue
[2025-07-01T04:14:23.117+0000] {logging_mixin.py:190} INFO - [2025-07-01T04:14:23.117+0000] {dagbag.py:588} INFO - Filling up the DagBag from /home/airflow/.local/lib/python3.12/site-packages/airflow/example_dags/tutorial.py
[2025-07-01T04:14:23.124+0000] {processor.py:925} INFO - DAG(s) 'tutorial' retrieved from /home/airflow/.local/lib/python3.12/site-packages/airflow/example_dags/tutorial.py
[2025-07-01T04:14:23.144+0000] {logging_mixin.py:190} INFO - [2025-07-01T04:14:23.144+0000] {dag.py:3239} INFO - Sync 1 DAGs
[2025-07-01T04:14:23.165+0000] {logging_mixin.py:190} INFO - [2025-07-01T04:14:23.165+0000] {dag.py:4180} INFO - Setting next_dagrun for tutorial to 2025-06-30 00:00:00+00:00, run_after=2025-07-01 00:00:00+00:00
[2025-07-01T04:14:23.181+0000] {processor.py:208} INFO - Processing /home/airflow/.local/lib/python3.12/site-packages/airflow/example_dags/tutorial.py took 0.074 seconds
[2025-07-01T04:14:53.661+0000] {processor.py:186} INFO - Started process (PID=18568) to work on /home/airflow/.local/lib/python3.12/site-packages/airflow/example_dags/tutorial.py
[2025-07-01T04:14:53.662+0000] {processor.py:914} INFO - Processing file /home/airflow/.local/lib/python3.12/site-packages/airflow/example_dags/tutorial.py for tasks to queue
[2025-07-01T04:14:53.666+0000] {logging_mixin.py:190} INFO - [2025-07-01T04:14:53.665+0000] {dagbag.py:588} INFO - Filling up the DagBag from /home/airflow/.local/lib/python3.12/site-packages/airflow/example_dags/tutorial.py
[2025-07-01T04:14:53.673+0000] {processor.py:925} INFO - DAG(s) 'tutorial' retrieved from /home/airflow/.local/lib/python3.12/site-packages/airflow/example_dags/tutorial.py
[2025-07-01T04:14:53.692+0000] {logging_mixin.py:190} INFO - [2025-07-01T04:14:53.692+0000] {dag.py:3239} INFO - Sync 1 DAGs
[2025-07-01T04:14:53.713+0000] {logging_mixin.py:190} INFO - [2025-07-01T04:14:53.712+0000] {dag.py:4180} INFO - Setting next_dagrun for tutorial to 2025-06-30 00:00:00+00:00, run_after=2025-07-01 00:00:00+00:00
[2025-07-01T04:14:53.729+0000] {processor.py:208} INFO - Processing /home/airflow/.local/lib/python3.12/site-packages/airflow/example_dags/tutorial.py took 0.075 seconds
[2025-07-01T04:15:24.345+0000] {processor.py:186} INFO - Started process (PID=18630) to work on /home/airflow/.local/lib/python3.12/site-packages/airflow/example_dags/tutorial.py
[2025-07-01T04:15:24.347+0000] {processor.py:914} INFO - Processing file /home/airflow/.local/lib/python3.12/site-packages/airflow/example_dags/tutorial.py for tasks to queue
[2025-07-01T04:15:24.352+0000] {logging_mixin.py:190} INFO - [2025-07-01T04:15:24.351+0000] {dagbag.py:588} INFO - Filling up the DagBag from /home/airflow/.local/lib/python3.12/site-packages/airflow/example_dags/tutorial.py
[2025-07-01T04:15:24.363+0000] {processor.py:925} INFO - DAG(s) 'tutorial' retrieved from /home/airflow/.local/lib/python3.12/site-packages/airflow/example_dags/tutorial.py
[2025-07-01T04:15:24.387+0000] {logging_mixin.py:190} INFO - [2025-07-01T04:15:24.387+0000] {dag.py:3239} INFO - Sync 1 DAGs
[2025-07-01T04:15:24.409+0000] {logging_mixin.py:190} INFO - [2025-07-01T04:15:24.408+0000] {dag.py:4180} INFO - Setting next_dagrun for tutorial to 2025-06-30 00:00:00+00:00, run_after=2025-07-01 00:00:00+00:00
[2025-07-01T04:15:24.425+0000] {processor.py:208} INFO - Processing /home/airflow/.local/lib/python3.12/site-packages/airflow/example_dags/tutorial.py took 0.088 seconds
[2025-07-01T04:15:54.760+0000] {processor.py:186} INFO - Started process (PID=18692) to work on /home/airflow/.local/lib/python3.12/site-packages/airflow/example_dags/tutorial.py
[2025-07-01T04:15:54.761+0000] {processor.py:914} INFO - Processing file /home/airflow/.local/lib/python3.12/site-packages/airflow/example_dags/tutorial.py for tasks to queue
[2025-07-01T04:15:54.764+0000] {logging_mixin.py:190} INFO - [2025-07-01T04:15:54.763+0000] {dagbag.py:588} INFO - Filling up the DagBag from /home/airflow/.local/lib/python3.12/site-packages/airflow/example_dags/tutorial.py
[2025-07-01T04:15:54.771+0000] {processor.py:925} INFO - DAG(s) 'tutorial' retrieved from /home/airflow/.local/lib/python3.12/site-packages/airflow/example_dags/tutorial.py
[2025-07-01T04:15:54.791+0000] {logging_mixin.py:190} INFO - [2025-07-01T04:15:54.791+0000] {dag.py:3239} INFO - Sync 1 DAGs
[2025-07-01T04:15:54.813+0000] {logging_mixin.py:190} INFO - [2025-07-01T04:15:54.813+0000] {dag.py:4180} INFO - Setting next_dagrun for tutorial to 2025-06-30 00:00:00+00:00, run_after=2025-07-01 00:00:00+00:00
[2025-07-01T04:15:54.830+0000] {processor.py:208} INFO - Processing /home/airflow/.local/lib/python3.12/site-packages/airflow/example_dags/tutorial.py took 0.076 seconds
[2025-07-01T04:16:25.472+0000] {processor.py:186} INFO - Started process (PID=18754) to work on /home/airflow/.local/lib/python3.12/site-packages/airflow/example_dags/tutorial.py
[2025-07-01T04:16:25.473+0000] {processor.py:914} INFO - Processing file /home/airflow/.local/lib/python3.12/site-packages/airflow/example_dags/tutorial.py for tasks to queue
[2025-07-01T04:16:25.477+0000] {logging_mixin.py:190} INFO - [2025-07-01T04:16:25.477+0000] {dagbag.py:588} INFO - Filling up the DagBag from /home/airflow/.local/lib/python3.12/site-packages/airflow/example_dags/tutorial.py
[2025-07-01T04:16:25.484+0000] {processor.py:925} INFO - DAG(s) 'tutorial' retrieved from /home/airflow/.local/lib/python3.12/site-packages/airflow/example_dags/tutorial.py
[2025-07-01T04:16:25.503+0000] {logging_mixin.py:190} INFO - [2025-07-01T04:16:25.503+0000] {dag.py:3239} INFO - Sync 1 DAGs
[2025-07-01T04:16:25.523+0000] {logging_mixin.py:190} INFO - [2025-07-01T04:16:25.523+0000] {dag.py:4180} INFO - Setting next_dagrun for tutorial to 2025-06-30 00:00:00+00:00, run_after=2025-07-01 00:00:00+00:00
[2025-07-01T04:16:25.542+0000] {processor.py:208} INFO - Processing /home/airflow/.local/lib/python3.12/site-packages/airflow/example_dags/tutorial.py took 0.076 seconds
[2025-07-01T04:16:56.327+0000] {processor.py:186} INFO - Started process (PID=18816) to work on /home/airflow/.local/lib/python3.12/site-packages/airflow/example_dags/tutorial.py
[2025-07-01T04:16:56.328+0000] {processor.py:914} INFO - Processing file /home/airflow/.local/lib/python3.12/site-packages/airflow/example_dags/tutorial.py for tasks to queue
[2025-07-01T04:16:56.331+0000] {logging_mixin.py:190} INFO - [2025-07-01T04:16:56.330+0000] {dagbag.py:588} INFO - Filling up the DagBag from /home/airflow/.local/lib/python3.12/site-packages/airflow/example_dags/tutorial.py
[2025-07-01T04:16:56.338+0000] {processor.py:925} INFO - DAG(s) 'tutorial' retrieved from /home/airflow/.local/lib/python3.12/site-packages/airflow/example_dags/tutorial.py
[2025-07-01T04:16:56.357+0000] {logging_mixin.py:190} INFO - [2025-07-01T04:16:56.357+0000] {dag.py:3239} INFO - Sync 1 DAGs
[2025-07-01T04:16:56.378+0000] {logging_mixin.py:190} INFO - [2025-07-01T04:16:56.378+0000] {dag.py:4180} INFO - Setting next_dagrun for tutorial to 2025-06-30 00:00:00+00:00, run_after=2025-07-01 00:00:00+00:00
[2025-07-01T04:16:56.394+0000] {processor.py:208} INFO - Processing /home/airflow/.local/lib/python3.12/site-packages/airflow/example_dags/tutorial.py took 0.073 seconds
[2025-07-01T04:17:27.310+0000] {processor.py:186} INFO - Started process (PID=18878) to work on /home/airflow/.local/lib/python3.12/site-packages/airflow/example_dags/tutorial.py
[2025-07-01T04:17:27.312+0000] {processor.py:914} INFO - Processing file /home/airflow/.local/lib/python3.12/site-packages/airflow/example_dags/tutorial.py for tasks to queue
[2025-07-01T04:17:27.315+0000] {logging_mixin.py:190} INFO - [2025-07-01T04:17:27.314+0000] {dagbag.py:588} INFO - Filling up the DagBag from /home/airflow/.local/lib/python3.12/site-packages/airflow/example_dags/tutorial.py
[2025-07-01T04:17:27.325+0000] {processor.py:925} INFO - DAG(s) 'tutorial' retrieved from /home/airflow/.local/lib/python3.12/site-packages/airflow/example_dags/tutorial.py
[2025-07-01T04:17:27.347+0000] {logging_mixin.py:190} INFO - [2025-07-01T04:17:27.347+0000] {dag.py:3239} INFO - Sync 1 DAGs
[2025-07-01T04:17:27.377+0000] {logging_mixin.py:190} INFO - [2025-07-01T04:17:27.377+0000] {dag.py:4180} INFO - Setting next_dagrun for tutorial to 2025-06-30 00:00:00+00:00, run_after=2025-07-01 00:00:00+00:00
[2025-07-01T04:17:27.398+0000] {processor.py:208} INFO - Processing /home/airflow/.local/lib/python3.12/site-packages/airflow/example_dags/tutorial.py took 0.095 seconds
[2025-07-01T04:17:57.965+0000] {processor.py:186} INFO - Started process (PID=18940) to work on /home/airflow/.local/lib/python3.12/site-packages/airflow/example_dags/tutorial.py
[2025-07-01T04:17:57.966+0000] {processor.py:914} INFO - Processing file /home/airflow/.local/lib/python3.12/site-packages/airflow/example_dags/tutorial.py for tasks to queue
[2025-07-01T04:17:57.970+0000] {logging_mixin.py:190} INFO - [2025-07-01T04:17:57.970+0000] {dagbag.py:588} INFO - Filling up the DagBag from /home/airflow/.local/lib/python3.12/site-packages/airflow/example_dags/tutorial.py
[2025-07-01T04:17:57.980+0000] {processor.py:925} INFO - DAG(s) 'tutorial' retrieved from /home/airflow/.local/lib/python3.12/site-packages/airflow/example_dags/tutorial.py
[2025-07-01T04:17:58.002+0000] {logging_mixin.py:190} INFO - [2025-07-01T04:17:58.002+0000] {dag.py:3239} INFO - Sync 1 DAGs
[2025-07-01T04:17:58.029+0000] {logging_mixin.py:190} INFO - [2025-07-01T04:17:58.029+0000] {dag.py:4180} INFO - Setting next_dagrun for tutorial to 2025-06-30 00:00:00+00:00, run_after=2025-07-01 00:00:00+00:00
[2025-07-01T04:17:58.049+0000] {processor.py:208} INFO - Processing /home/airflow/.local/lib/python3.12/site-packages/airflow/example_dags/tutorial.py took 0.090 seconds
[2025-07-01T04:18:28.836+0000] {processor.py:186} INFO - Started process (PID=19002) to work on /home/airflow/.local/lib/python3.12/site-packages/airflow/example_dags/tutorial.py
[2025-07-01T04:18:28.836+0000] {processor.py:914} INFO - Processing file /home/airflow/.local/lib/python3.12/site-packages/airflow/example_dags/tutorial.py for tasks to queue
[2025-07-01T04:18:28.839+0000] {logging_mixin.py:190} INFO - [2025-07-01T04:18:28.839+0000] {dagbag.py:588} INFO - Filling up the DagBag from /home/airflow/.local/lib/python3.12/site-packages/airflow/example_dags/tutorial.py
[2025-07-01T04:18:28.846+0000] {processor.py:925} INFO - DAG(s) 'tutorial' retrieved from /home/airflow/.local/lib/python3.12/site-packages/airflow/example_dags/tutorial.py
[2025-07-01T04:18:28.865+0000] {logging_mixin.py:190} INFO - [2025-07-01T04:18:28.865+0000] {dag.py:3239} INFO - Sync 1 DAGs
[2025-07-01T04:18:28.886+0000] {logging_mixin.py:190} INFO - [2025-07-01T04:18:28.886+0000] {dag.py:4180} INFO - Setting next_dagrun for tutorial to 2025-06-30 00:00:00+00:00, run_after=2025-07-01 00:00:00+00:00
[2025-07-01T04:18:28.903+0000] {processor.py:208} INFO - Processing /home/airflow/.local/lib/python3.12/site-packages/airflow/example_dags/tutorial.py took 0.073 seconds
[2025-07-01T04:18:59.488+0000] {processor.py:186} INFO - Started process (PID=19064) to work on /home/airflow/.local/lib/python3.12/site-packages/airflow/example_dags/tutorial.py
[2025-07-01T04:18:59.489+0000] {processor.py:914} INFO - Processing file /home/airflow/.local/lib/python3.12/site-packages/airflow/example_dags/tutorial.py for tasks to queue
[2025-07-01T04:18:59.492+0000] {logging_mixin.py:190} INFO - [2025-07-01T04:18:59.492+0000] {dagbag.py:588} INFO - Filling up the DagBag from /home/airflow/.local/lib/python3.12/site-packages/airflow/example_dags/tutorial.py
[2025-07-01T04:18:59.499+0000] {processor.py:925} INFO - DAG(s) 'tutorial' retrieved from /home/airflow/.local/lib/python3.12/site-packages/airflow/example_dags/tutorial.py
[2025-07-01T04:18:59.518+0000] {logging_mixin.py:190} INFO - [2025-07-01T04:18:59.518+0000] {dag.py:3239} INFO - Sync 1 DAGs
[2025-07-01T04:18:59.539+0000] {logging_mixin.py:190} INFO - [2025-07-01T04:18:59.539+0000] {dag.py:4180} INFO - Setting next_dagrun for tutorial to 2025-06-30 00:00:00+00:00, run_after=2025-07-01 00:00:00+00:00
[2025-07-01T04:18:59.555+0000] {processor.py:208} INFO - Processing /home/airflow/.local/lib/python3.12/site-packages/airflow/example_dags/tutorial.py took 0.072 seconds
[2025-07-01T04:19:30.172+0000] {processor.py:186} INFO - Started process (PID=19126) to work on /home/airflow/.local/lib/python3.12/site-packages/airflow/example_dags/tutorial.py
[2025-07-01T04:19:30.174+0000] {processor.py:914} INFO - Processing file /home/airflow/.local/lib/python3.12/site-packages/airflow/example_dags/tutorial.py for tasks to queue
[2025-07-01T04:19:30.179+0000] {logging_mixin.py:190} INFO - [2025-07-01T04:19:30.178+0000] {dagbag.py:588} INFO - Filling up the DagBag from /home/airflow/.local/lib/python3.12/site-packages/airflow/example_dags/tutorial.py
[2025-07-01T04:19:30.190+0000] {processor.py:925} INFO - DAG(s) 'tutorial' retrieved from /home/airflow/.local/lib/python3.12/site-packages/airflow/example_dags/tutorial.py
[2025-07-01T04:19:30.215+0000] {logging_mixin.py:190} INFO - [2025-07-01T04:19:30.214+0000] {dag.py:3239} INFO - Sync 1 DAGs
[2025-07-01T04:19:30.239+0000] {logging_mixin.py:190} INFO - [2025-07-01T04:19:30.239+0000] {dag.py:4180} INFO - Setting next_dagrun for tutorial to 2025-06-30 00:00:00+00:00, run_after=2025-07-01 00:00:00+00:00
[2025-07-01T04:19:30.256+0000] {processor.py:208} INFO - Processing /home/airflow/.local/lib/python3.12/site-packages/airflow/example_dags/tutorial.py took 0.093 seconds
[2025-07-01T04:20:00.715+0000] {processor.py:186} INFO - Started process (PID=19188) to work on /home/airflow/.local/lib/python3.12/site-packages/airflow/example_dags/tutorial.py
[2025-07-01T04:20:00.716+0000] {processor.py:914} INFO - Processing file /home/airflow/.local/lib/python3.12/site-packages/airflow/example_dags/tutorial.py for tasks to queue
[2025-07-01T04:20:00.720+0000] {logging_mixin.py:190} INFO - [2025-07-01T04:20:00.719+0000] {dagbag.py:588} INFO - Filling up the DagBag from /home/airflow/.local/lib/python3.12/site-packages/airflow/example_dags/tutorial.py
[2025-07-01T04:20:00.729+0000] {processor.py:925} INFO - DAG(s) 'tutorial' retrieved from /home/airflow/.local/lib/python3.12/site-packages/airflow/example_dags/tutorial.py
[2025-07-01T04:20:00.749+0000] {logging_mixin.py:190} INFO - [2025-07-01T04:20:00.748+0000] {dag.py:3239} INFO - Sync 1 DAGs
[2025-07-01T04:20:00.769+0000] {logging_mixin.py:190} INFO - [2025-07-01T04:20:00.769+0000] {dag.py:4180} INFO - Setting next_dagrun for tutorial to 2025-06-30 00:00:00+00:00, run_after=2025-07-01 00:00:00+00:00
[2025-07-01T04:20:00.785+0000] {processor.py:208} INFO - Processing /home/airflow/.local/lib/python3.12/site-packages/airflow/example_dags/tutorial.py took 0.078 seconds
[2025-07-01T04:20:31.442+0000] {processor.py:186} INFO - Started process (PID=19250) to work on /home/airflow/.local/lib/python3.12/site-packages/airflow/example_dags/tutorial.py
[2025-07-01T04:20:31.443+0000] {processor.py:914} INFO - Processing file /home/airflow/.local/lib/python3.12/site-packages/airflow/example_dags/tutorial.py for tasks to queue
[2025-07-01T04:20:31.445+0000] {logging_mixin.py:190} INFO - [2025-07-01T04:20:31.445+0000] {dagbag.py:588} INFO - Filling up the DagBag from /home/airflow/.local/lib/python3.12/site-packages/airflow/example_dags/tutorial.py
[2025-07-01T04:20:31.453+0000] {processor.py:925} INFO - DAG(s) 'tutorial' retrieved from /home/airflow/.local/lib/python3.12/site-packages/airflow/example_dags/tutorial.py
[2025-07-01T04:20:31.473+0000] {logging_mixin.py:190} INFO - [2025-07-01T04:20:31.472+0000] {dag.py:3239} INFO - Sync 1 DAGs
[2025-07-01T04:20:31.494+0000] {logging_mixin.py:190} INFO - [2025-07-01T04:20:31.494+0000] {dag.py:4180} INFO - Setting next_dagrun for tutorial to 2025-06-30 00:00:00+00:00, run_after=2025-07-01 00:00:00+00:00
[2025-07-01T04:20:31.510+0000] {processor.py:208} INFO - Processing /home/airflow/.local/lib/python3.12/site-packages/airflow/example_dags/tutorial.py took 0.074 seconds
[2025-07-01T04:21:02.085+0000] {processor.py:186} INFO - Started process (PID=19312) to work on /home/airflow/.local/lib/python3.12/site-packages/airflow/example_dags/tutorial.py
[2025-07-01T04:21:02.086+0000] {processor.py:914} INFO - Processing file /home/airflow/.local/lib/python3.12/site-packages/airflow/example_dags/tutorial.py for tasks to queue
[2025-07-01T04:21:02.090+0000] {logging_mixin.py:190} INFO - [2025-07-01T04:21:02.089+0000] {dagbag.py:588} INFO - Filling up the DagBag from /home/airflow/.local/lib/python3.12/site-packages/airflow/example_dags/tutorial.py
[2025-07-01T04:21:02.099+0000] {processor.py:925} INFO - DAG(s) 'tutorial' retrieved from /home/airflow/.local/lib/python3.12/site-packages/airflow/example_dags/tutorial.py
[2025-07-01T04:21:02.119+0000] {logging_mixin.py:190} INFO - [2025-07-01T04:21:02.119+0000] {dag.py:3239} INFO - Sync 1 DAGs
[2025-07-01T04:21:02.141+0000] {logging_mixin.py:190} INFO - [2025-07-01T04:21:02.141+0000] {dag.py:4180} INFO - Setting next_dagrun for tutorial to 2025-06-30 00:00:00+00:00, run_after=2025-07-01 00:00:00+00:00
[2025-07-01T04:21:02.161+0000] {processor.py:208} INFO - Processing /home/airflow/.local/lib/python3.12/site-packages/airflow/example_dags/tutorial.py took 0.081 seconds
[2025-07-01T04:21:32.893+0000] {processor.py:186} INFO - Started process (PID=19374) to work on /home/airflow/.local/lib/python3.12/site-packages/airflow/example_dags/tutorial.py
[2025-07-01T04:21:32.894+0000] {processor.py:914} INFO - Processing file /home/airflow/.local/lib/python3.12/site-packages/airflow/example_dags/tutorial.py for tasks to queue
[2025-07-01T04:21:32.896+0000] {logging_mixin.py:190} INFO - [2025-07-01T04:21:32.896+0000] {dagbag.py:588} INFO - Filling up the DagBag from /home/airflow/.local/lib/python3.12/site-packages/airflow/example_dags/tutorial.py
[2025-07-01T04:21:32.904+0000] {processor.py:925} INFO - DAG(s) 'tutorial' retrieved from /home/airflow/.local/lib/python3.12/site-packages/airflow/example_dags/tutorial.py
[2025-07-01T04:21:32.923+0000] {logging_mixin.py:190} INFO - [2025-07-01T04:21:32.923+0000] {dag.py:3239} INFO - Sync 1 DAGs
[2025-07-01T04:21:32.944+0000] {logging_mixin.py:190} INFO - [2025-07-01T04:21:32.944+0000] {dag.py:4180} INFO - Setting next_dagrun for tutorial to 2025-06-30 00:00:00+00:00, run_after=2025-07-01 00:00:00+00:00
[2025-07-01T04:21:32.961+0000] {processor.py:208} INFO - Processing /home/airflow/.local/lib/python3.12/site-packages/airflow/example_dags/tutorial.py took 0.073 seconds
[2025-07-01T04:22:03.614+0000] {processor.py:186} INFO - Started process (PID=19436) to work on /home/airflow/.local/lib/python3.12/site-packages/airflow/example_dags/tutorial.py
[2025-07-01T04:22:03.615+0000] {processor.py:914} INFO - Processing file /home/airflow/.local/lib/python3.12/site-packages/airflow/example_dags/tutorial.py for tasks to queue
[2025-07-01T04:22:03.618+0000] {logging_mixin.py:190} INFO - [2025-07-01T04:22:03.617+0000] {dagbag.py:588} INFO - Filling up the DagBag from /home/airflow/.local/lib/python3.12/site-packages/airflow/example_dags/tutorial.py
[2025-07-01T04:22:03.625+0000] {processor.py:925} INFO - DAG(s) 'tutorial' retrieved from /home/airflow/.local/lib/python3.12/site-packages/airflow/example_dags/tutorial.py
[2025-07-01T04:22:03.645+0000] {logging_mixin.py:190} INFO - [2025-07-01T04:22:03.645+0000] {dag.py:3239} INFO - Sync 1 DAGs
[2025-07-01T04:22:03.665+0000] {logging_mixin.py:190} INFO - [2025-07-01T04:22:03.665+0000] {dag.py:4180} INFO - Setting next_dagrun for tutorial to 2025-06-30 00:00:00+00:00, run_after=2025-07-01 00:00:00+00:00
[2025-07-01T04:22:03.685+0000] {processor.py:208} INFO - Processing /home/airflow/.local/lib/python3.12/site-packages/airflow/example_dags/tutorial.py took 0.077 seconds
[2025-07-01T04:22:34.344+0000] {processor.py:186} INFO - Started process (PID=19498) to work on /home/airflow/.local/lib/python3.12/site-packages/airflow/example_dags/tutorial.py
[2025-07-01T04:22:34.345+0000] {processor.py:914} INFO - Processing file /home/airflow/.local/lib/python3.12/site-packages/airflow/example_dags/tutorial.py for tasks to queue
[2025-07-01T04:22:34.348+0000] {logging_mixin.py:190} INFO - [2025-07-01T04:22:34.348+0000] {dagbag.py:588} INFO - Filling up the DagBag from /home/airflow/.local/lib/python3.12/site-packages/airflow/example_dags/tutorial.py
[2025-07-01T04:22:34.356+0000] {processor.py:925} INFO - DAG(s) 'tutorial' retrieved from /home/airflow/.local/lib/python3.12/site-packages/airflow/example_dags/tutorial.py
[2025-07-01T04:22:34.375+0000] {logging_mixin.py:190} INFO - [2025-07-01T04:22:34.375+0000] {dag.py:3239} INFO - Sync 1 DAGs
[2025-07-01T04:22:34.396+0000] {logging_mixin.py:190} INFO - [2025-07-01T04:22:34.395+0000] {dag.py:4180} INFO - Setting next_dagrun for tutorial to 2025-06-30 00:00:00+00:00, run_after=2025-07-01 00:00:00+00:00
[2025-07-01T04:22:34.412+0000] {processor.py:208} INFO - Processing /home/airflow/.local/lib/python3.12/site-packages/airflow/example_dags/tutorial.py took 0.074 seconds
[2025-07-01T04:23:04.856+0000] {processor.py:186} INFO - Started process (PID=19560) to work on /home/airflow/.local/lib/python3.12/site-packages/airflow/example_dags/tutorial.py
[2025-07-01T04:23:04.857+0000] {processor.py:914} INFO - Processing file /home/airflow/.local/lib/python3.12/site-packages/airflow/example_dags/tutorial.py for tasks to queue
[2025-07-01T04:23:04.860+0000] {logging_mixin.py:190} INFO - [2025-07-01T04:23:04.860+0000] {dagbag.py:588} INFO - Filling up the DagBag from /home/airflow/.local/lib/python3.12/site-packages/airflow/example_dags/tutorial.py
[2025-07-01T04:23:04.867+0000] {processor.py:925} INFO - DAG(s) 'tutorial' retrieved from /home/airflow/.local/lib/python3.12/site-packages/airflow/example_dags/tutorial.py
[2025-07-01T04:23:04.885+0000] {logging_mixin.py:190} INFO - [2025-07-01T04:23:04.885+0000] {dag.py:3239} INFO - Sync 1 DAGs
[2025-07-01T04:23:04.905+0000] {logging_mixin.py:190} INFO - [2025-07-01T04:23:04.905+0000] {dag.py:4180} INFO - Setting next_dagrun for tutorial to 2025-06-30 00:00:00+00:00, run_after=2025-07-01 00:00:00+00:00
[2025-07-01T04:23:04.922+0000] {processor.py:208} INFO - Processing /home/airflow/.local/lib/python3.12/site-packages/airflow/example_dags/tutorial.py took 0.071 seconds
[2025-07-01T04:23:35.694+0000] {processor.py:186} INFO - Started process (PID=19622) to work on /home/airflow/.local/lib/python3.12/site-packages/airflow/example_dags/tutorial.py
[2025-07-01T04:23:35.695+0000] {processor.py:914} INFO - Processing file /home/airflow/.local/lib/python3.12/site-packages/airflow/example_dags/tutorial.py for tasks to queue
[2025-07-01T04:23:35.698+0000] {logging_mixin.py:190} INFO - [2025-07-01T04:23:35.697+0000] {dagbag.py:588} INFO - Filling up the DagBag from /home/airflow/.local/lib/python3.12/site-packages/airflow/example_dags/tutorial.py
[2025-07-01T04:23:35.705+0000] {processor.py:925} INFO - DAG(s) 'tutorial' retrieved from /home/airflow/.local/lib/python3.12/site-packages/airflow/example_dags/tutorial.py
[2025-07-01T04:23:35.727+0000] {logging_mixin.py:190} INFO - [2025-07-01T04:23:35.726+0000] {dag.py:3239} INFO - Sync 1 DAGs
[2025-07-01T04:23:35.749+0000] {logging_mixin.py:190} INFO - [2025-07-01T04:23:35.748+0000] {dag.py:4180} INFO - Setting next_dagrun for tutorial to 2025-06-30 00:00:00+00:00, run_after=2025-07-01 00:00:00+00:00
[2025-07-01T04:23:35.765+0000] {processor.py:208} INFO - Processing /home/airflow/.local/lib/python3.12/site-packages/airflow/example_dags/tutorial.py took 0.077 seconds
[2025-07-01T04:24:06.389+0000] {processor.py:186} INFO - Started process (PID=19684) to work on /home/airflow/.local/lib/python3.12/site-packages/airflow/example_dags/tutorial.py
[2025-07-01T04:24:06.391+0000] {processor.py:914} INFO - Processing file /home/airflow/.local/lib/python3.12/site-packages/airflow/example_dags/tutorial.py for tasks to queue
[2025-07-01T04:24:06.394+0000] {logging_mixin.py:190} INFO - [2025-07-01T04:24:06.394+0000] {dagbag.py:588} INFO - Filling up the DagBag from /home/airflow/.local/lib/python3.12/site-packages/airflow/example_dags/tutorial.py
[2025-07-01T04:24:06.405+0000] {processor.py:925} INFO - DAG(s) 'tutorial' retrieved from /home/airflow/.local/lib/python3.12/site-packages/airflow/example_dags/tutorial.py
[2025-07-01T04:24:06.428+0000] {logging_mixin.py:190} INFO - [2025-07-01T04:24:06.428+0000] {dag.py:3239} INFO - Sync 1 DAGs
[2025-07-01T04:24:06.449+0000] {logging_mixin.py:190} INFO - [2025-07-01T04:24:06.449+0000] {dag.py:4180} INFO - Setting next_dagrun for tutorial to 2025-06-30 00:00:00+00:00, run_after=2025-07-01 00:00:00+00:00
[2025-07-01T04:24:06.466+0000] {processor.py:208} INFO - Processing /home/airflow/.local/lib/python3.12/site-packages/airflow/example_dags/tutorial.py took 0.083 seconds
[2025-07-01T04:24:37.002+0000] {processor.py:186} INFO - Started process (PID=19746) to work on /home/airflow/.local/lib/python3.12/site-packages/airflow/example_dags/tutorial.py
[2025-07-01T04:24:37.003+0000] {processor.py:914} INFO - Processing file /home/airflow/.local/lib/python3.12/site-packages/airflow/example_dags/tutorial.py for tasks to queue
[2025-07-01T04:24:37.006+0000] {logging_mixin.py:190} INFO - [2025-07-01T04:24:37.006+0000] {dagbag.py:588} INFO - Filling up the DagBag from /home/airflow/.local/lib/python3.12/site-packages/airflow/example_dags/tutorial.py
[2025-07-01T04:24:37.014+0000] {processor.py:925} INFO - DAG(s) 'tutorial' retrieved from /home/airflow/.local/lib/python3.12/site-packages/airflow/example_dags/tutorial.py
[2025-07-01T04:24:37.032+0000] {logging_mixin.py:190} INFO - [2025-07-01T04:24:37.032+0000] {dag.py:3239} INFO - Sync 1 DAGs
[2025-07-01T04:24:37.053+0000] {logging_mixin.py:190} INFO - [2025-07-01T04:24:37.053+0000] {dag.py:4180} INFO - Setting next_dagrun for tutorial to 2025-06-30 00:00:00+00:00, run_after=2025-07-01 00:00:00+00:00
[2025-07-01T04:24:37.070+0000] {processor.py:208} INFO - Processing /home/airflow/.local/lib/python3.12/site-packages/airflow/example_dags/tutorial.py took 0.074 seconds
[2025-07-01T04:25:07.675+0000] {processor.py:186} INFO - Started process (PID=19809) to work on /home/airflow/.local/lib/python3.12/site-packages/airflow/example_dags/tutorial.py
[2025-07-01T04:25:07.676+0000] {processor.py:914} INFO - Processing file /home/airflow/.local/lib/python3.12/site-packages/airflow/example_dags/tutorial.py for tasks to queue
[2025-07-01T04:25:07.679+0000] {logging_mixin.py:190} INFO - [2025-07-01T04:25:07.679+0000] {dagbag.py:588} INFO - Filling up the DagBag from /home/airflow/.local/lib/python3.12/site-packages/airflow/example_dags/tutorial.py
[2025-07-01T04:25:07.687+0000] {processor.py:925} INFO - DAG(s) 'tutorial' retrieved from /home/airflow/.local/lib/python3.12/site-packages/airflow/example_dags/tutorial.py
[2025-07-01T04:25:07.708+0000] {logging_mixin.py:190} INFO - [2025-07-01T04:25:07.707+0000] {dag.py:3239} INFO - Sync 1 DAGs
[2025-07-01T04:25:07.731+0000] {logging_mixin.py:190} INFO - [2025-07-01T04:25:07.731+0000] {dag.py:4180} INFO - Setting next_dagrun for tutorial to 2025-06-30 00:00:00+00:00, run_after=2025-07-01 00:00:00+00:00
[2025-07-01T04:25:07.747+0000] {processor.py:208} INFO - Processing /home/airflow/.local/lib/python3.12/site-packages/airflow/example_dags/tutorial.py took 0.078 seconds
[2025-07-01T04:25:38.534+0000] {processor.py:186} INFO - Started process (PID=19871) to work on /home/airflow/.local/lib/python3.12/site-packages/airflow/example_dags/tutorial.py
[2025-07-01T04:25:38.535+0000] {processor.py:914} INFO - Processing file /home/airflow/.local/lib/python3.12/site-packages/airflow/example_dags/tutorial.py for tasks to queue
[2025-07-01T04:25:38.538+0000] {logging_mixin.py:190} INFO - [2025-07-01T04:25:38.537+0000] {dagbag.py:588} INFO - Filling up the DagBag from /home/airflow/.local/lib/python3.12/site-packages/airflow/example_dags/tutorial.py
[2025-07-01T04:25:38.545+0000] {processor.py:925} INFO - DAG(s) 'tutorial' retrieved from /home/airflow/.local/lib/python3.12/site-packages/airflow/example_dags/tutorial.py
[2025-07-01T04:25:38.564+0000] {logging_mixin.py:190} INFO - [2025-07-01T04:25:38.564+0000] {dag.py:3239} INFO - Sync 1 DAGs
[2025-07-01T04:25:38.584+0000] {logging_mixin.py:190} INFO - [2025-07-01T04:25:38.584+0000] {dag.py:4180} INFO - Setting next_dagrun for tutorial to 2025-06-30 00:00:00+00:00, run_after=2025-07-01 00:00:00+00:00
[2025-07-01T04:25:38.601+0000] {processor.py:208} INFO - Processing /home/airflow/.local/lib/python3.12/site-packages/airflow/example_dags/tutorial.py took 0.073 seconds
[2025-07-01T04:26:09.403+0000] {processor.py:186} INFO - Started process (PID=19933) to work on /home/airflow/.local/lib/python3.12/site-packages/airflow/example_dags/tutorial.py
[2025-07-01T04:26:09.405+0000] {processor.py:914} INFO - Processing file /home/airflow/.local/lib/python3.12/site-packages/airflow/example_dags/tutorial.py for tasks to queue
[2025-07-01T04:26:09.409+0000] {logging_mixin.py:190} INFO - [2025-07-01T04:26:09.408+0000] {dagbag.py:588} INFO - Filling up the DagBag from /home/airflow/.local/lib/python3.12/site-packages/airflow/example_dags/tutorial.py
[2025-07-01T04:26:09.418+0000] {processor.py:925} INFO - DAG(s) 'tutorial' retrieved from /home/airflow/.local/lib/python3.12/site-packages/airflow/example_dags/tutorial.py
[2025-07-01T04:26:09.441+0000] {logging_mixin.py:190} INFO - [2025-07-01T04:26:09.441+0000] {dag.py:3239} INFO - Sync 1 DAGs
[2025-07-01T04:26:09.467+0000] {logging_mixin.py:190} INFO - [2025-07-01T04:26:09.466+0000] {dag.py:4180} INFO - Setting next_dagrun for tutorial to 2025-06-30 00:00:00+00:00, run_after=2025-07-01 00:00:00+00:00
[2025-07-01T04:26:09.486+0000] {processor.py:208} INFO - Processing /home/airflow/.local/lib/python3.12/site-packages/airflow/example_dags/tutorial.py took 0.090 seconds
[2025-07-01T04:26:40.165+0000] {processor.py:186} INFO - Started process (PID=19995) to work on /home/airflow/.local/lib/python3.12/site-packages/airflow/example_dags/tutorial.py
[2025-07-01T04:26:40.166+0000] {processor.py:914} INFO - Processing file /home/airflow/.local/lib/python3.12/site-packages/airflow/example_dags/tutorial.py for tasks to queue
[2025-07-01T04:26:40.170+0000] {logging_mixin.py:190} INFO - [2025-07-01T04:26:40.169+0000] {dagbag.py:588} INFO - Filling up the DagBag from /home/airflow/.local/lib/python3.12/site-packages/airflow/example_dags/tutorial.py
[2025-07-01T04:26:40.179+0000] {processor.py:925} INFO - DAG(s) 'tutorial' retrieved from /home/airflow/.local/lib/python3.12/site-packages/airflow/example_dags/tutorial.py
[2025-07-01T04:26:40.199+0000] {logging_mixin.py:190} INFO - [2025-07-01T04:26:40.199+0000] {dag.py:3239} INFO - Sync 1 DAGs
[2025-07-01T04:26:40.223+0000] {logging_mixin.py:190} INFO - [2025-07-01T04:26:40.223+0000] {dag.py:4180} INFO - Setting next_dagrun for tutorial to 2025-06-30 00:00:00+00:00, run_after=2025-07-01 00:00:00+00:00
[2025-07-01T04:26:40.245+0000] {processor.py:208} INFO - Processing /home/airflow/.local/lib/python3.12/site-packages/airflow/example_dags/tutorial.py took 0.087 seconds
[2025-07-01T04:27:10.952+0000] {processor.py:186} INFO - Started process (PID=20057) to work on /home/airflow/.local/lib/python3.12/site-packages/airflow/example_dags/tutorial.py
[2025-07-01T04:27:10.953+0000] {processor.py:914} INFO - Processing file /home/airflow/.local/lib/python3.12/site-packages/airflow/example_dags/tutorial.py for tasks to queue
[2025-07-01T04:27:10.955+0000] {logging_mixin.py:190} INFO - [2025-07-01T04:27:10.955+0000] {dagbag.py:588} INFO - Filling up the DagBag from /home/airflow/.local/lib/python3.12/site-packages/airflow/example_dags/tutorial.py
[2025-07-01T04:27:10.963+0000] {processor.py:925} INFO - DAG(s) 'tutorial' retrieved from /home/airflow/.local/lib/python3.12/site-packages/airflow/example_dags/tutorial.py
[2025-07-01T04:27:10.982+0000] {logging_mixin.py:190} INFO - [2025-07-01T04:27:10.982+0000] {dag.py:3239} INFO - Sync 1 DAGs
[2025-07-01T04:27:11.003+0000] {logging_mixin.py:190} INFO - [2025-07-01T04:27:11.003+0000] {dag.py:4180} INFO - Setting next_dagrun for tutorial to 2025-06-30 00:00:00+00:00, run_after=2025-07-01 00:00:00+00:00
[2025-07-01T04:27:11.020+0000] {processor.py:208} INFO - Processing /home/airflow/.local/lib/python3.12/site-packages/airflow/example_dags/tutorial.py took 0.074 seconds
[2025-07-01T04:27:41.706+0000] {processor.py:186} INFO - Started process (PID=20119) to work on /home/airflow/.local/lib/python3.12/site-packages/airflow/example_dags/tutorial.py
[2025-07-01T04:27:41.707+0000] {processor.py:914} INFO - Processing file /home/airflow/.local/lib/python3.12/site-packages/airflow/example_dags/tutorial.py for tasks to queue
[2025-07-01T04:27:41.710+0000] {logging_mixin.py:190} INFO - [2025-07-01T04:27:41.710+0000] {dagbag.py:588} INFO - Filling up the DagBag from /home/airflow/.local/lib/python3.12/site-packages/airflow/example_dags/tutorial.py
[2025-07-01T04:27:41.718+0000] {processor.py:925} INFO - DAG(s) 'tutorial' retrieved from /home/airflow/.local/lib/python3.12/site-packages/airflow/example_dags/tutorial.py
[2025-07-01T04:27:41.737+0000] {logging_mixin.py:190} INFO - [2025-07-01T04:27:41.736+0000] {dag.py:3239} INFO - Sync 1 DAGs
[2025-07-01T04:27:41.757+0000] {logging_mixin.py:190} INFO - [2025-07-01T04:27:41.757+0000] {dag.py:4180} INFO - Setting next_dagrun for tutorial to 2025-06-30 00:00:00+00:00, run_after=2025-07-01 00:00:00+00:00
[2025-07-01T04:27:41.774+0000] {processor.py:208} INFO - Processing /home/airflow/.local/lib/python3.12/site-packages/airflow/example_dags/tutorial.py took 0.073 seconds
[2025-07-01T04:28:12.246+0000] {processor.py:186} INFO - Started process (PID=20181) to work on /home/airflow/.local/lib/python3.12/site-packages/airflow/example_dags/tutorial.py
[2025-07-01T04:28:12.247+0000] {processor.py:914} INFO - Processing file /home/airflow/.local/lib/python3.12/site-packages/airflow/example_dags/tutorial.py for tasks to queue
[2025-07-01T04:28:12.250+0000] {logging_mixin.py:190} INFO - [2025-07-01T04:28:12.249+0000] {dagbag.py:588} INFO - Filling up the DagBag from /home/airflow/.local/lib/python3.12/site-packages/airflow/example_dags/tutorial.py
[2025-07-01T04:28:12.257+0000] {processor.py:925} INFO - DAG(s) 'tutorial' retrieved from /home/airflow/.local/lib/python3.12/site-packages/airflow/example_dags/tutorial.py
[2025-07-01T04:28:12.275+0000] {logging_mixin.py:190} INFO - [2025-07-01T04:28:12.275+0000] {dag.py:3239} INFO - Sync 1 DAGs
[2025-07-01T04:28:12.296+0000] {logging_mixin.py:190} INFO - [2025-07-01T04:28:12.296+0000] {dag.py:4180} INFO - Setting next_dagrun for tutorial to 2025-06-30 00:00:00+00:00, run_after=2025-07-01 00:00:00+00:00
[2025-07-01T04:28:12.312+0000] {processor.py:208} INFO - Processing /home/airflow/.local/lib/python3.12/site-packages/airflow/example_dags/tutorial.py took 0.072 seconds
[2025-07-01T04:28:42.926+0000] {processor.py:186} INFO - Started process (PID=20243) to work on /home/airflow/.local/lib/python3.12/site-packages/airflow/example_dags/tutorial.py
[2025-07-01T04:28:42.927+0000] {processor.py:914} INFO - Processing file /home/airflow/.local/lib/python3.12/site-packages/airflow/example_dags/tutorial.py for tasks to queue
[2025-07-01T04:28:42.930+0000] {logging_mixin.py:190} INFO - [2025-07-01T04:28:42.930+0000] {dagbag.py:588} INFO - Filling up the DagBag from /home/airflow/.local/lib/python3.12/site-packages/airflow/example_dags/tutorial.py
[2025-07-01T04:28:42.940+0000] {processor.py:925} INFO - DAG(s) 'tutorial' retrieved from /home/airflow/.local/lib/python3.12/site-packages/airflow/example_dags/tutorial.py
[2025-07-01T04:28:42.960+0000] {logging_mixin.py:190} INFO - [2025-07-01T04:28:42.960+0000] {dag.py:3239} INFO - Sync 1 DAGs
[2025-07-01T04:28:42.981+0000] {logging_mixin.py:190} INFO - [2025-07-01T04:28:42.981+0000] {dag.py:4180} INFO - Setting next_dagrun for tutorial to 2025-06-30 00:00:00+00:00, run_after=2025-07-01 00:00:00+00:00
[2025-07-01T04:28:42.999+0000] {processor.py:208} INFO - Processing /home/airflow/.local/lib/python3.12/site-packages/airflow/example_dags/tutorial.py took 0.079 seconds
[2025-07-01T04:29:13.588+0000] {processor.py:186} INFO - Started process (PID=20305) to work on /home/airflow/.local/lib/python3.12/site-packages/airflow/example_dags/tutorial.py
[2025-07-01T04:29:13.589+0000] {processor.py:914} INFO - Processing file /home/airflow/.local/lib/python3.12/site-packages/airflow/example_dags/tutorial.py for tasks to queue
[2025-07-01T04:29:13.592+0000] {logging_mixin.py:190} INFO - [2025-07-01T04:29:13.592+0000] {dagbag.py:588} INFO - Filling up the DagBag from /home/airflow/.local/lib/python3.12/site-packages/airflow/example_dags/tutorial.py
[2025-07-01T04:29:13.600+0000] {processor.py:925} INFO - DAG(s) 'tutorial' retrieved from /home/airflow/.local/lib/python3.12/site-packages/airflow/example_dags/tutorial.py
[2025-07-01T04:29:13.623+0000] {logging_mixin.py:190} INFO - [2025-07-01T04:29:13.623+0000] {dag.py:3239} INFO - Sync 1 DAGs
[2025-07-01T04:29:13.646+0000] {logging_mixin.py:190} INFO - [2025-07-01T04:29:13.646+0000] {dag.py:4180} INFO - Setting next_dagrun for tutorial to 2025-06-30 00:00:00+00:00, run_after=2025-07-01 00:00:00+00:00
[2025-07-01T04:29:13.664+0000] {processor.py:208} INFO - Processing /home/airflow/.local/lib/python3.12/site-packages/airflow/example_dags/tutorial.py took 0.083 seconds
[2025-07-01T04:29:44.465+0000] {processor.py:186} INFO - Started process (PID=20367) to work on /home/airflow/.local/lib/python3.12/site-packages/airflow/example_dags/tutorial.py
[2025-07-01T04:29:44.466+0000] {processor.py:914} INFO - Processing file /home/airflow/.local/lib/python3.12/site-packages/airflow/example_dags/tutorial.py for tasks to queue
[2025-07-01T04:29:44.469+0000] {logging_mixin.py:190} INFO - [2025-07-01T04:29:44.468+0000] {dagbag.py:588} INFO - Filling up the DagBag from /home/airflow/.local/lib/python3.12/site-packages/airflow/example_dags/tutorial.py
[2025-07-01T04:29:44.477+0000] {processor.py:925} INFO - DAG(s) 'tutorial' retrieved from /home/airflow/.local/lib/python3.12/site-packages/airflow/example_dags/tutorial.py
[2025-07-01T04:29:44.496+0000] {logging_mixin.py:190} INFO - [2025-07-01T04:29:44.496+0000] {dag.py:3239} INFO - Sync 1 DAGs
[2025-07-01T04:29:44.517+0000] {logging_mixin.py:190} INFO - [2025-07-01T04:29:44.517+0000] {dag.py:4180} INFO - Setting next_dagrun for tutorial to 2025-06-30 00:00:00+00:00, run_after=2025-07-01 00:00:00+00:00
[2025-07-01T04:29:44.534+0000] {processor.py:208} INFO - Processing /home/airflow/.local/lib/python3.12/site-packages/airflow/example_dags/tutorial.py took 0.074 seconds
[2025-07-01T04:30:15.191+0000] {processor.py:186} INFO - Started process (PID=20429) to work on /home/airflow/.local/lib/python3.12/site-packages/airflow/example_dags/tutorial.py
[2025-07-01T04:30:15.192+0000] {processor.py:914} INFO - Processing file /home/airflow/.local/lib/python3.12/site-packages/airflow/example_dags/tutorial.py for tasks to queue
[2025-07-01T04:30:15.195+0000] {logging_mixin.py:190} INFO - [2025-07-01T04:30:15.195+0000] {dagbag.py:588} INFO - Filling up the DagBag from /home/airflow/.local/lib/python3.12/site-packages/airflow/example_dags/tutorial.py
[2025-07-01T04:30:15.204+0000] {processor.py:925} INFO - DAG(s) 'tutorial' retrieved from /home/airflow/.local/lib/python3.12/site-packages/airflow/example_dags/tutorial.py
[2025-07-01T04:30:15.228+0000] {logging_mixin.py:190} INFO - [2025-07-01T04:30:15.228+0000] {dag.py:3239} INFO - Sync 1 DAGs
[2025-07-01T04:30:15.253+0000] {logging_mixin.py:190} INFO - [2025-07-01T04:30:15.253+0000] {dag.py:4180} INFO - Setting next_dagrun for tutorial to 2025-06-30 00:00:00+00:00, run_after=2025-07-01 00:00:00+00:00
[2025-07-01T04:30:15.271+0000] {processor.py:208} INFO - Processing /home/airflow/.local/lib/python3.12/site-packages/airflow/example_dags/tutorial.py took 0.086 seconds
[2025-07-01T04:30:45.334+0000] {processor.py:186} INFO - Started process (PID=20491) to work on /home/airflow/.local/lib/python3.12/site-packages/airflow/example_dags/tutorial.py
[2025-07-01T04:30:45.335+0000] {processor.py:914} INFO - Processing file /home/airflow/.local/lib/python3.12/site-packages/airflow/example_dags/tutorial.py for tasks to queue
[2025-07-01T04:30:45.338+0000] {logging_mixin.py:190} INFO - [2025-07-01T04:30:45.338+0000] {dagbag.py:588} INFO - Filling up the DagBag from /home/airflow/.local/lib/python3.12/site-packages/airflow/example_dags/tutorial.py
[2025-07-01T04:30:45.346+0000] {processor.py:925} INFO - DAG(s) 'tutorial' retrieved from /home/airflow/.local/lib/python3.12/site-packages/airflow/example_dags/tutorial.py
[2025-07-01T04:30:45.365+0000] {logging_mixin.py:190} INFO - [2025-07-01T04:30:45.365+0000] {dag.py:3239} INFO - Sync 1 DAGs
[2025-07-01T04:30:45.385+0000] {logging_mixin.py:190} INFO - [2025-07-01T04:30:45.385+0000] {dag.py:4180} INFO - Setting next_dagrun for tutorial to 2025-06-30 00:00:00+00:00, run_after=2025-07-01 00:00:00+00:00
[2025-07-01T04:30:45.401+0000] {processor.py:208} INFO - Processing /home/airflow/.local/lib/python3.12/site-packages/airflow/example_dags/tutorial.py took 0.073 seconds
[2025-07-01T04:31:16.152+0000] {processor.py:186} INFO - Started process (PID=20553) to work on /home/airflow/.local/lib/python3.12/site-packages/airflow/example_dags/tutorial.py
[2025-07-01T04:31:16.153+0000] {processor.py:914} INFO - Processing file /home/airflow/.local/lib/python3.12/site-packages/airflow/example_dags/tutorial.py for tasks to queue
[2025-07-01T04:31:16.155+0000] {logging_mixin.py:190} INFO - [2025-07-01T04:31:16.155+0000] {dagbag.py:588} INFO - Filling up the DagBag from /home/airflow/.local/lib/python3.12/site-packages/airflow/example_dags/tutorial.py
[2025-07-01T04:31:16.163+0000] {processor.py:925} INFO - DAG(s) 'tutorial' retrieved from /home/airflow/.local/lib/python3.12/site-packages/airflow/example_dags/tutorial.py
[2025-07-01T04:31:16.181+0000] {logging_mixin.py:190} INFO - [2025-07-01T04:31:16.181+0000] {dag.py:3239} INFO - Sync 1 DAGs
[2025-07-01T04:31:16.203+0000] {logging_mixin.py:190} INFO - [2025-07-01T04:31:16.203+0000] {dag.py:4180} INFO - Setting next_dagrun for tutorial to 2025-06-30 00:00:00+00:00, run_after=2025-07-01 00:00:00+00:00
[2025-07-01T04:31:16.221+0000] {processor.py:208} INFO - Processing /home/airflow/.local/lib/python3.12/site-packages/airflow/example_dags/tutorial.py took 0.075 seconds
[2025-07-01T04:31:46.816+0000] {processor.py:186} INFO - Started process (PID=20615) to work on /home/airflow/.local/lib/python3.12/site-packages/airflow/example_dags/tutorial.py
[2025-07-01T04:31:46.817+0000] {processor.py:914} INFO - Processing file /home/airflow/.local/lib/python3.12/site-packages/airflow/example_dags/tutorial.py for tasks to queue
[2025-07-01T04:31:46.820+0000] {logging_mixin.py:190} INFO - [2025-07-01T04:31:46.819+0000] {dagbag.py:588} INFO - Filling up the DagBag from /home/airflow/.local/lib/python3.12/site-packages/airflow/example_dags/tutorial.py
[2025-07-01T04:31:46.828+0000] {processor.py:925} INFO - DAG(s) 'tutorial' retrieved from /home/airflow/.local/lib/python3.12/site-packages/airflow/example_dags/tutorial.py
[2025-07-01T04:31:46.847+0000] {logging_mixin.py:190} INFO - [2025-07-01T04:31:46.847+0000] {dag.py:3239} INFO - Sync 1 DAGs
[2025-07-01T04:31:46.868+0000] {logging_mixin.py:190} INFO - [2025-07-01T04:31:46.868+0000] {dag.py:4180} INFO - Setting next_dagrun for tutorial to 2025-06-30 00:00:00+00:00, run_after=2025-07-01 00:00:00+00:00
[2025-07-01T04:31:46.884+0000] {processor.py:208} INFO - Processing /home/airflow/.local/lib/python3.12/site-packages/airflow/example_dags/tutorial.py took 0.075 seconds
[2025-07-01T04:32:17.403+0000] {processor.py:186} INFO - Started process (PID=20677) to work on /home/airflow/.local/lib/python3.12/site-packages/airflow/example_dags/tutorial.py
[2025-07-01T04:32:17.404+0000] {processor.py:914} INFO - Processing file /home/airflow/.local/lib/python3.12/site-packages/airflow/example_dags/tutorial.py for tasks to queue
[2025-07-01T04:32:17.407+0000] {logging_mixin.py:190} INFO - [2025-07-01T04:32:17.407+0000] {dagbag.py:588} INFO - Filling up the DagBag from /home/airflow/.local/lib/python3.12/site-packages/airflow/example_dags/tutorial.py
[2025-07-01T04:32:17.415+0000] {processor.py:925} INFO - DAG(s) 'tutorial' retrieved from /home/airflow/.local/lib/python3.12/site-packages/airflow/example_dags/tutorial.py
[2025-07-01T04:32:17.447+0000] {logging_mixin.py:190} INFO - [2025-07-01T04:32:17.446+0000] {dag.py:3239} INFO - Sync 1 DAGs
[2025-07-01T04:32:17.475+0000] {logging_mixin.py:190} INFO - [2025-07-01T04:32:17.475+0000] {dag.py:4180} INFO - Setting next_dagrun for tutorial to 2025-06-30 00:00:00+00:00, run_after=2025-07-01 00:00:00+00:00
[2025-07-01T04:32:17.496+0000] {processor.py:208} INFO - Processing /home/airflow/.local/lib/python3.12/site-packages/airflow/example_dags/tutorial.py took 0.100 seconds
[2025-07-01T04:32:48.275+0000] {processor.py:186} INFO - Started process (PID=20739) to work on /home/airflow/.local/lib/python3.12/site-packages/airflow/example_dags/tutorial.py
[2025-07-01T04:32:48.276+0000] {processor.py:914} INFO - Processing file /home/airflow/.local/lib/python3.12/site-packages/airflow/example_dags/tutorial.py for tasks to queue
[2025-07-01T04:32:48.279+0000] {logging_mixin.py:190} INFO - [2025-07-01T04:32:48.279+0000] {dagbag.py:588} INFO - Filling up the DagBag from /home/airflow/.local/lib/python3.12/site-packages/airflow/example_dags/tutorial.py
[2025-07-01T04:32:48.287+0000] {processor.py:925} INFO - DAG(s) 'tutorial' retrieved from /home/airflow/.local/lib/python3.12/site-packages/airflow/example_dags/tutorial.py
[2025-07-01T04:32:48.306+0000] {logging_mixin.py:190} INFO - [2025-07-01T04:32:48.305+0000] {dag.py:3239} INFO - Sync 1 DAGs
[2025-07-01T04:32:48.326+0000] {logging_mixin.py:190} INFO - [2025-07-01T04:32:48.326+0000] {dag.py:4180} INFO - Setting next_dagrun for tutorial to 2025-06-30 00:00:00+00:00, run_after=2025-07-01 00:00:00+00:00
[2025-07-01T04:32:48.341+0000] {processor.py:208} INFO - Processing /home/airflow/.local/lib/python3.12/site-packages/airflow/example_dags/tutorial.py took 0.072 seconds
[2025-07-01T04:33:18.852+0000] {processor.py:186} INFO - Started process (PID=20801) to work on /home/airflow/.local/lib/python3.12/site-packages/airflow/example_dags/tutorial.py
[2025-07-01T04:33:18.853+0000] {processor.py:914} INFO - Processing file /home/airflow/.local/lib/python3.12/site-packages/airflow/example_dags/tutorial.py for tasks to queue
[2025-07-01T04:33:18.855+0000] {logging_mixin.py:190} INFO - [2025-07-01T04:33:18.855+0000] {dagbag.py:588} INFO - Filling up the DagBag from /home/airflow/.local/lib/python3.12/site-packages/airflow/example_dags/tutorial.py
[2025-07-01T04:33:18.863+0000] {processor.py:925} INFO - DAG(s) 'tutorial' retrieved from /home/airflow/.local/lib/python3.12/site-packages/airflow/example_dags/tutorial.py
[2025-07-01T04:33:18.881+0000] {logging_mixin.py:190} INFO - [2025-07-01T04:33:18.881+0000] {dag.py:3239} INFO - Sync 1 DAGs
[2025-07-01T04:33:18.901+0000] {logging_mixin.py:190} INFO - [2025-07-01T04:33:18.901+0000] {dag.py:4180} INFO - Setting next_dagrun for tutorial to 2025-06-30 00:00:00+00:00, run_after=2025-07-01 00:00:00+00:00
[2025-07-01T04:33:18.917+0000] {processor.py:208} INFO - Processing /home/airflow/.local/lib/python3.12/site-packages/airflow/example_dags/tutorial.py took 0.071 seconds
[2025-07-01T04:33:49.500+0000] {processor.py:186} INFO - Started process (PID=20863) to work on /home/airflow/.local/lib/python3.12/site-packages/airflow/example_dags/tutorial.py
[2025-07-01T04:33:49.501+0000] {processor.py:914} INFO - Processing file /home/airflow/.local/lib/python3.12/site-packages/airflow/example_dags/tutorial.py for tasks to queue
[2025-07-01T04:33:49.504+0000] {logging_mixin.py:190} INFO - [2025-07-01T04:33:49.503+0000] {dagbag.py:588} INFO - Filling up the DagBag from /home/airflow/.local/lib/python3.12/site-packages/airflow/example_dags/tutorial.py
[2025-07-01T04:33:49.512+0000] {processor.py:925} INFO - DAG(s) 'tutorial' retrieved from /home/airflow/.local/lib/python3.12/site-packages/airflow/example_dags/tutorial.py
[2025-07-01T04:33:49.531+0000] {logging_mixin.py:190} INFO - [2025-07-01T04:33:49.531+0000] {dag.py:3239} INFO - Sync 1 DAGs
[2025-07-01T04:33:49.553+0000] {logging_mixin.py:190} INFO - [2025-07-01T04:33:49.553+0000] {dag.py:4180} INFO - Setting next_dagrun for tutorial to 2025-06-30 00:00:00+00:00, run_after=2025-07-01 00:00:00+00:00
[2025-07-01T04:33:49.570+0000] {processor.py:208} INFO - Processing /home/airflow/.local/lib/python3.12/site-packages/airflow/example_dags/tutorial.py took 0.075 seconds
[2025-07-01T04:34:20.243+0000] {processor.py:186} INFO - Started process (PID=20925) to work on /home/airflow/.local/lib/python3.12/site-packages/airflow/example_dags/tutorial.py
[2025-07-01T04:34:20.244+0000] {processor.py:914} INFO - Processing file /home/airflow/.local/lib/python3.12/site-packages/airflow/example_dags/tutorial.py for tasks to queue
[2025-07-01T04:34:20.247+0000] {logging_mixin.py:190} INFO - [2025-07-01T04:34:20.247+0000] {dagbag.py:588} INFO - Filling up the DagBag from /home/airflow/.local/lib/python3.12/site-packages/airflow/example_dags/tutorial.py
[2025-07-01T04:34:20.255+0000] {processor.py:925} INFO - DAG(s) 'tutorial' retrieved from /home/airflow/.local/lib/python3.12/site-packages/airflow/example_dags/tutorial.py
[2025-07-01T04:34:20.274+0000] {logging_mixin.py:190} INFO - [2025-07-01T04:34:20.274+0000] {dag.py:3239} INFO - Sync 1 DAGs
[2025-07-01T04:34:20.294+0000] {logging_mixin.py:190} INFO - [2025-07-01T04:34:20.294+0000] {dag.py:4180} INFO - Setting next_dagrun for tutorial to 2025-06-30 00:00:00+00:00, run_after=2025-07-01 00:00:00+00:00
[2025-07-01T04:34:20.311+0000] {processor.py:208} INFO - Processing /home/airflow/.local/lib/python3.12/site-packages/airflow/example_dags/tutorial.py took 0.075 seconds
[2025-07-01T04:34:51.058+0000] {processor.py:186} INFO - Started process (PID=20987) to work on /home/airflow/.local/lib/python3.12/site-packages/airflow/example_dags/tutorial.py
[2025-07-01T04:34:51.059+0000] {processor.py:914} INFO - Processing file /home/airflow/.local/lib/python3.12/site-packages/airflow/example_dags/tutorial.py for tasks to queue
[2025-07-01T04:34:51.063+0000] {logging_mixin.py:190} INFO - [2025-07-01T04:34:51.063+0000] {dagbag.py:588} INFO - Filling up the DagBag from /home/airflow/.local/lib/python3.12/site-packages/airflow/example_dags/tutorial.py
[2025-07-01T04:34:51.073+0000] {processor.py:925} INFO - DAG(s) 'tutorial' retrieved from /home/airflow/.local/lib/python3.12/site-packages/airflow/example_dags/tutorial.py
[2025-07-01T04:34:51.095+0000] {logging_mixin.py:190} INFO - [2025-07-01T04:34:51.094+0000] {dag.py:3239} INFO - Sync 1 DAGs
[2025-07-01T04:34:51.123+0000] {logging_mixin.py:190} INFO - [2025-07-01T04:34:51.122+0000] {dag.py:4180} INFO - Setting next_dagrun for tutorial to 2025-06-30 00:00:00+00:00, run_after=2025-07-01 00:00:00+00:00
[2025-07-01T04:34:51.142+0000] {processor.py:208} INFO - Processing /home/airflow/.local/lib/python3.12/site-packages/airflow/example_dags/tutorial.py took 0.090 seconds
[2025-07-01T04:35:21.525+0000] {processor.py:186} INFO - Started process (PID=21049) to work on /home/airflow/.local/lib/python3.12/site-packages/airflow/example_dags/tutorial.py
[2025-07-01T04:35:21.526+0000] {processor.py:914} INFO - Processing file /home/airflow/.local/lib/python3.12/site-packages/airflow/example_dags/tutorial.py for tasks to queue
[2025-07-01T04:35:21.529+0000] {logging_mixin.py:190} INFO - [2025-07-01T04:35:21.528+0000] {dagbag.py:588} INFO - Filling up the DagBag from /home/airflow/.local/lib/python3.12/site-packages/airflow/example_dags/tutorial.py
[2025-07-01T04:35:21.536+0000] {processor.py:925} INFO - DAG(s) 'tutorial' retrieved from /home/airflow/.local/lib/python3.12/site-packages/airflow/example_dags/tutorial.py
[2025-07-01T04:35:21.556+0000] {logging_mixin.py:190} INFO - [2025-07-01T04:35:21.556+0000] {dag.py:3239} INFO - Sync 1 DAGs
[2025-07-01T04:35:21.577+0000] {logging_mixin.py:190} INFO - [2025-07-01T04:35:21.577+0000] {dag.py:4180} INFO - Setting next_dagrun for tutorial to 2025-06-30 00:00:00+00:00, run_after=2025-07-01 00:00:00+00:00
[2025-07-01T04:35:21.595+0000] {processor.py:208} INFO - Processing /home/airflow/.local/lib/python3.12/site-packages/airflow/example_dags/tutorial.py took 0.076 seconds
[2025-07-01T04:35:51.840+0000] {processor.py:186} INFO - Started process (PID=21111) to work on /home/airflow/.local/lib/python3.12/site-packages/airflow/example_dags/tutorial.py
[2025-07-01T04:35:51.841+0000] {processor.py:914} INFO - Processing file /home/airflow/.local/lib/python3.12/site-packages/airflow/example_dags/tutorial.py for tasks to queue
[2025-07-01T04:35:51.844+0000] {logging_mixin.py:190} INFO - [2025-07-01T04:35:51.844+0000] {dagbag.py:588} INFO - Filling up the DagBag from /home/airflow/.local/lib/python3.12/site-packages/airflow/example_dags/tutorial.py
[2025-07-01T04:35:51.851+0000] {processor.py:925} INFO - DAG(s) 'tutorial' retrieved from /home/airflow/.local/lib/python3.12/site-packages/airflow/example_dags/tutorial.py
[2025-07-01T04:35:51.870+0000] {logging_mixin.py:190} INFO - [2025-07-01T04:35:51.870+0000] {dag.py:3239} INFO - Sync 1 DAGs
[2025-07-01T04:35:51.891+0000] {logging_mixin.py:190} INFO - [2025-07-01T04:35:51.891+0000] {dag.py:4180} INFO - Setting next_dagrun for tutorial to 2025-06-30 00:00:00+00:00, run_after=2025-07-01 00:00:00+00:00
[2025-07-01T04:35:51.906+0000] {processor.py:208} INFO - Processing /home/airflow/.local/lib/python3.12/site-packages/airflow/example_dags/tutorial.py took 0.072 seconds
[2025-07-01T04:36:22.666+0000] {processor.py:186} INFO - Started process (PID=21173) to work on /home/airflow/.local/lib/python3.12/site-packages/airflow/example_dags/tutorial.py
[2025-07-01T04:36:22.667+0000] {processor.py:914} INFO - Processing file /home/airflow/.local/lib/python3.12/site-packages/airflow/example_dags/tutorial.py for tasks to queue
[2025-07-01T04:36:22.671+0000] {logging_mixin.py:190} INFO - [2025-07-01T04:36:22.670+0000] {dagbag.py:588} INFO - Filling up the DagBag from /home/airflow/.local/lib/python3.12/site-packages/airflow/example_dags/tutorial.py
[2025-07-01T04:36:22.679+0000] {processor.py:925} INFO - DAG(s) 'tutorial' retrieved from /home/airflow/.local/lib/python3.12/site-packages/airflow/example_dags/tutorial.py
[2025-07-01T04:36:22.699+0000] {logging_mixin.py:190} INFO - [2025-07-01T04:36:22.699+0000] {dag.py:3239} INFO - Sync 1 DAGs
[2025-07-01T04:36:22.721+0000] {logging_mixin.py:190} INFO - [2025-07-01T04:36:22.721+0000] {dag.py:4180} INFO - Setting next_dagrun for tutorial to 2025-06-30 00:00:00+00:00, run_after=2025-07-01 00:00:00+00:00
[2025-07-01T04:36:22.737+0000] {processor.py:208} INFO - Processing /home/airflow/.local/lib/python3.12/site-packages/airflow/example_dags/tutorial.py took 0.077 seconds
[2025-07-01T04:36:53.670+0000] {processor.py:186} INFO - Started process (PID=21235) to work on /home/airflow/.local/lib/python3.12/site-packages/airflow/example_dags/tutorial.py
[2025-07-01T04:36:53.671+0000] {processor.py:914} INFO - Processing file /home/airflow/.local/lib/python3.12/site-packages/airflow/example_dags/tutorial.py for tasks to queue
[2025-07-01T04:36:53.674+0000] {logging_mixin.py:190} INFO - [2025-07-01T04:36:53.673+0000] {dagbag.py:588} INFO - Filling up the DagBag from /home/airflow/.local/lib/python3.12/site-packages/airflow/example_dags/tutorial.py
[2025-07-01T04:36:53.681+0000] {processor.py:925} INFO - DAG(s) 'tutorial' retrieved from /home/airflow/.local/lib/python3.12/site-packages/airflow/example_dags/tutorial.py
[2025-07-01T04:36:53.700+0000] {logging_mixin.py:190} INFO - [2025-07-01T04:36:53.700+0000] {dag.py:3239} INFO - Sync 1 DAGs
[2025-07-01T04:36:53.720+0000] {logging_mixin.py:190} INFO - [2025-07-01T04:36:53.720+0000] {dag.py:4180} INFO - Setting next_dagrun for tutorial to 2025-06-30 00:00:00+00:00, run_after=2025-07-01 00:00:00+00:00
[2025-07-01T04:36:53.736+0000] {processor.py:208} INFO - Processing /home/airflow/.local/lib/python3.12/site-packages/airflow/example_dags/tutorial.py took 0.072 seconds
[2025-07-01T04:37:24.445+0000] {processor.py:186} INFO - Started process (PID=21297) to work on /home/airflow/.local/lib/python3.12/site-packages/airflow/example_dags/tutorial.py
[2025-07-01T04:37:24.446+0000] {processor.py:914} INFO - Processing file /home/airflow/.local/lib/python3.12/site-packages/airflow/example_dags/tutorial.py for tasks to queue
[2025-07-01T04:37:24.449+0000] {logging_mixin.py:190} INFO - [2025-07-01T04:37:24.448+0000] {dagbag.py:588} INFO - Filling up the DagBag from /home/airflow/.local/lib/python3.12/site-packages/airflow/example_dags/tutorial.py
[2025-07-01T04:37:24.456+0000] {processor.py:925} INFO - DAG(s) 'tutorial' retrieved from /home/airflow/.local/lib/python3.12/site-packages/airflow/example_dags/tutorial.py
[2025-07-01T04:37:24.476+0000] {logging_mixin.py:190} INFO - [2025-07-01T04:37:24.476+0000] {dag.py:3239} INFO - Sync 1 DAGs
[2025-07-01T04:37:24.500+0000] {logging_mixin.py:190} INFO - [2025-07-01T04:37:24.499+0000] {dag.py:4180} INFO - Setting next_dagrun for tutorial to 2025-06-30 00:00:00+00:00, run_after=2025-07-01 00:00:00+00:00
[2025-07-01T04:37:24.517+0000] {processor.py:208} INFO - Processing /home/airflow/.local/lib/python3.12/site-packages/airflow/example_dags/tutorial.py took 0.078 seconds
[2025-07-01T04:37:54.598+0000] {processor.py:186} INFO - Started process (PID=21359) to work on /home/airflow/.local/lib/python3.12/site-packages/airflow/example_dags/tutorial.py
[2025-07-01T04:37:54.599+0000] {processor.py:914} INFO - Processing file /home/airflow/.local/lib/python3.12/site-packages/airflow/example_dags/tutorial.py for tasks to queue
[2025-07-01T04:37:54.602+0000] {logging_mixin.py:190} INFO - [2025-07-01T04:37:54.601+0000] {dagbag.py:588} INFO - Filling up the DagBag from /home/airflow/.local/lib/python3.12/site-packages/airflow/example_dags/tutorial.py
[2025-07-01T04:37:54.609+0000] {processor.py:925} INFO - DAG(s) 'tutorial' retrieved from /home/airflow/.local/lib/python3.12/site-packages/airflow/example_dags/tutorial.py
[2025-07-01T04:37:54.629+0000] {logging_mixin.py:190} INFO - [2025-07-01T04:37:54.629+0000] {dag.py:3239} INFO - Sync 1 DAGs
[2025-07-01T04:37:54.651+0000] {logging_mixin.py:190} INFO - [2025-07-01T04:37:54.650+0000] {dag.py:4180} INFO - Setting next_dagrun for tutorial to 2025-06-30 00:00:00+00:00, run_after=2025-07-01 00:00:00+00:00
[2025-07-01T04:37:54.668+0000] {processor.py:208} INFO - Processing /home/airflow/.local/lib/python3.12/site-packages/airflow/example_dags/tutorial.py took 0.076 seconds
[2025-07-01T04:38:25.298+0000] {processor.py:186} INFO - Started process (PID=21427) to work on /home/airflow/.local/lib/python3.12/site-packages/airflow/example_dags/tutorial.py
[2025-07-01T04:38:25.299+0000] {processor.py:914} INFO - Processing file /home/airflow/.local/lib/python3.12/site-packages/airflow/example_dags/tutorial.py for tasks to queue
[2025-07-01T04:38:25.301+0000] {logging_mixin.py:190} INFO - [2025-07-01T04:38:25.301+0000] {dagbag.py:588} INFO - Filling up the DagBag from /home/airflow/.local/lib/python3.12/site-packages/airflow/example_dags/tutorial.py
[2025-07-01T04:38:25.310+0000] {processor.py:925} INFO - DAG(s) 'tutorial' retrieved from /home/airflow/.local/lib/python3.12/site-packages/airflow/example_dags/tutorial.py
[2025-07-01T04:38:25.330+0000] {logging_mixin.py:190} INFO - [2025-07-01T04:38:25.330+0000] {dag.py:3239} INFO - Sync 1 DAGs
[2025-07-01T04:38:25.351+0000] {logging_mixin.py:190} INFO - [2025-07-01T04:38:25.351+0000] {dag.py:4180} INFO - Setting next_dagrun for tutorial to 2025-06-30 00:00:00+00:00, run_after=2025-07-01 00:00:00+00:00
[2025-07-01T04:38:25.367+0000] {processor.py:208} INFO - Processing /home/airflow/.local/lib/python3.12/site-packages/airflow/example_dags/tutorial.py took 0.074 seconds
[2025-07-01T04:38:55.899+0000] {processor.py:186} INFO - Started process (PID=21489) to work on /home/airflow/.local/lib/python3.12/site-packages/airflow/example_dags/tutorial.py
[2025-07-01T04:38:55.900+0000] {processor.py:914} INFO - Processing file /home/airflow/.local/lib/python3.12/site-packages/airflow/example_dags/tutorial.py for tasks to queue
[2025-07-01T04:38:55.903+0000] {logging_mixin.py:190} INFO - [2025-07-01T04:38:55.903+0000] {dagbag.py:588} INFO - Filling up the DagBag from /home/airflow/.local/lib/python3.12/site-packages/airflow/example_dags/tutorial.py
[2025-07-01T04:38:55.910+0000] {processor.py:925} INFO - DAG(s) 'tutorial' retrieved from /home/airflow/.local/lib/python3.12/site-packages/airflow/example_dags/tutorial.py
[2025-07-01T04:38:55.930+0000] {logging_mixin.py:190} INFO - [2025-07-01T04:38:55.930+0000] {dag.py:3239} INFO - Sync 1 DAGs
[2025-07-01T04:38:55.952+0000] {logging_mixin.py:190} INFO - [2025-07-01T04:38:55.951+0000] {dag.py:4180} INFO - Setting next_dagrun for tutorial to 2025-06-30 00:00:00+00:00, run_after=2025-07-01 00:00:00+00:00
[2025-07-01T04:38:55.969+0000] {processor.py:208} INFO - Processing /home/airflow/.local/lib/python3.12/site-packages/airflow/example_dags/tutorial.py took 0.076 seconds
[2025-07-01T04:39:26.910+0000] {processor.py:186} INFO - Started process (PID=21551) to work on /home/airflow/.local/lib/python3.12/site-packages/airflow/example_dags/tutorial.py
[2025-07-01T04:39:26.911+0000] {processor.py:914} INFO - Processing file /home/airflow/.local/lib/python3.12/site-packages/airflow/example_dags/tutorial.py for tasks to queue
[2025-07-01T04:39:26.914+0000] {logging_mixin.py:190} INFO - [2025-07-01T04:39:26.913+0000] {dagbag.py:588} INFO - Filling up the DagBag from /home/airflow/.local/lib/python3.12/site-packages/airflow/example_dags/tutorial.py
[2025-07-01T04:39:26.922+0000] {processor.py:925} INFO - DAG(s) 'tutorial' retrieved from /home/airflow/.local/lib/python3.12/site-packages/airflow/example_dags/tutorial.py
[2025-07-01T04:39:26.941+0000] {logging_mixin.py:190} INFO - [2025-07-01T04:39:26.941+0000] {dag.py:3239} INFO - Sync 1 DAGs
[2025-07-01T04:39:26.966+0000] {logging_mixin.py:190} INFO - [2025-07-01T04:39:26.965+0000] {dag.py:4180} INFO - Setting next_dagrun for tutorial to 2025-06-30 00:00:00+00:00, run_after=2025-07-01 00:00:00+00:00
[2025-07-01T04:39:26.982+0000] {processor.py:208} INFO - Processing /home/airflow/.local/lib/python3.12/site-packages/airflow/example_dags/tutorial.py took 0.079 seconds
[2025-07-01T04:39:57.420+0000] {processor.py:186} INFO - Started process (PID=21613) to work on /home/airflow/.local/lib/python3.12/site-packages/airflow/example_dags/tutorial.py
[2025-07-01T04:39:57.421+0000] {processor.py:914} INFO - Processing file /home/airflow/.local/lib/python3.12/site-packages/airflow/example_dags/tutorial.py for tasks to queue
[2025-07-01T04:39:57.423+0000] {logging_mixin.py:190} INFO - [2025-07-01T04:39:57.423+0000] {dagbag.py:588} INFO - Filling up the DagBag from /home/airflow/.local/lib/python3.12/site-packages/airflow/example_dags/tutorial.py
[2025-07-01T04:39:57.431+0000] {processor.py:925} INFO - DAG(s) 'tutorial' retrieved from /home/airflow/.local/lib/python3.12/site-packages/airflow/example_dags/tutorial.py
[2025-07-01T04:39:57.450+0000] {logging_mixin.py:190} INFO - [2025-07-01T04:39:57.450+0000] {dag.py:3239} INFO - Sync 1 DAGs
[2025-07-01T04:39:57.471+0000] {logging_mixin.py:190} INFO - [2025-07-01T04:39:57.471+0000] {dag.py:4180} INFO - Setting next_dagrun for tutorial to 2025-06-30 00:00:00+00:00, run_after=2025-07-01 00:00:00+00:00
[2025-07-01T04:39:57.488+0000] {processor.py:208} INFO - Processing /home/airflow/.local/lib/python3.12/site-packages/airflow/example_dags/tutorial.py took 0.074 seconds
[2025-07-01T04:40:28.058+0000] {processor.py:186} INFO - Started process (PID=21675) to work on /home/airflow/.local/lib/python3.12/site-packages/airflow/example_dags/tutorial.py
[2025-07-01T04:40:28.059+0000] {processor.py:914} INFO - Processing file /home/airflow/.local/lib/python3.12/site-packages/airflow/example_dags/tutorial.py for tasks to queue
[2025-07-01T04:40:28.062+0000] {logging_mixin.py:190} INFO - [2025-07-01T04:40:28.062+0000] {dagbag.py:588} INFO - Filling up the DagBag from /home/airflow/.local/lib/python3.12/site-packages/airflow/example_dags/tutorial.py
[2025-07-01T04:40:28.070+0000] {processor.py:925} INFO - DAG(s) 'tutorial' retrieved from /home/airflow/.local/lib/python3.12/site-packages/airflow/example_dags/tutorial.py
[2025-07-01T04:40:28.089+0000] {logging_mixin.py:190} INFO - [2025-07-01T04:40:28.089+0000] {dag.py:3239} INFO - Sync 1 DAGs
[2025-07-01T04:40:28.111+0000] {logging_mixin.py:190} INFO - [2025-07-01T04:40:28.111+0000] {dag.py:4180} INFO - Setting next_dagrun for tutorial to 2025-06-30 00:00:00+00:00, run_after=2025-07-01 00:00:00+00:00
[2025-07-01T04:40:28.129+0000] {processor.py:208} INFO - Processing /home/airflow/.local/lib/python3.12/site-packages/airflow/example_dags/tutorial.py took 0.077 seconds
[2025-07-01T04:40:59.076+0000] {processor.py:186} INFO - Started process (PID=21737) to work on /home/airflow/.local/lib/python3.12/site-packages/airflow/example_dags/tutorial.py
[2025-07-01T04:40:59.077+0000] {processor.py:914} INFO - Processing file /home/airflow/.local/lib/python3.12/site-packages/airflow/example_dags/tutorial.py for tasks to queue
[2025-07-01T04:40:59.082+0000] {logging_mixin.py:190} INFO - [2025-07-01T04:40:59.082+0000] {dagbag.py:588} INFO - Filling up the DagBag from /home/airflow/.local/lib/python3.12/site-packages/airflow/example_dags/tutorial.py
[2025-07-01T04:40:59.092+0000] {processor.py:925} INFO - DAG(s) 'tutorial' retrieved from /home/airflow/.local/lib/python3.12/site-packages/airflow/example_dags/tutorial.py
[2025-07-01T04:40:59.118+0000] {logging_mixin.py:190} INFO - [2025-07-01T04:40:59.118+0000] {dag.py:3239} INFO - Sync 1 DAGs
[2025-07-01T04:40:59.145+0000] {logging_mixin.py:190} INFO - [2025-07-01T04:40:59.145+0000] {dag.py:4180} INFO - Setting next_dagrun for tutorial to 2025-06-30 00:00:00+00:00, run_after=2025-07-01 00:00:00+00:00
[2025-07-01T04:40:59.171+0000] {processor.py:208} INFO - Processing /home/airflow/.local/lib/python3.12/site-packages/airflow/example_dags/tutorial.py took 0.103 seconds
[2025-07-01T04:41:29.762+0000] {processor.py:186} INFO - Started process (PID=21799) to work on /home/airflow/.local/lib/python3.12/site-packages/airflow/example_dags/tutorial.py
[2025-07-01T04:41:29.763+0000] {processor.py:914} INFO - Processing file /home/airflow/.local/lib/python3.12/site-packages/airflow/example_dags/tutorial.py for tasks to queue
[2025-07-01T04:41:29.766+0000] {logging_mixin.py:190} INFO - [2025-07-01T04:41:29.765+0000] {dagbag.py:588} INFO - Filling up the DagBag from /home/airflow/.local/lib/python3.12/site-packages/airflow/example_dags/tutorial.py
[2025-07-01T04:41:29.774+0000] {processor.py:925} INFO - DAG(s) 'tutorial' retrieved from /home/airflow/.local/lib/python3.12/site-packages/airflow/example_dags/tutorial.py
[2025-07-01T04:41:29.793+0000] {logging_mixin.py:190} INFO - [2025-07-01T04:41:29.793+0000] {dag.py:3239} INFO - Sync 1 DAGs
[2025-07-01T04:41:29.815+0000] {logging_mixin.py:190} INFO - [2025-07-01T04:41:29.815+0000] {dag.py:4180} INFO - Setting next_dagrun for tutorial to 2025-06-30 00:00:00+00:00, run_after=2025-07-01 00:00:00+00:00
[2025-07-01T04:41:29.833+0000] {processor.py:208} INFO - Processing /home/airflow/.local/lib/python3.12/site-packages/airflow/example_dags/tutorial.py took 0.077 seconds
[2025-07-01T04:42:00.227+0000] {processor.py:186} INFO - Started process (PID=21861) to work on /home/airflow/.local/lib/python3.12/site-packages/airflow/example_dags/tutorial.py
[2025-07-01T04:42:00.228+0000] {processor.py:914} INFO - Processing file /home/airflow/.local/lib/python3.12/site-packages/airflow/example_dags/tutorial.py for tasks to queue
[2025-07-01T04:42:00.231+0000] {logging_mixin.py:190} INFO - [2025-07-01T04:42:00.230+0000] {dagbag.py:588} INFO - Filling up the DagBag from /home/airflow/.local/lib/python3.12/site-packages/airflow/example_dags/tutorial.py
[2025-07-01T04:42:00.239+0000] {processor.py:925} INFO - DAG(s) 'tutorial' retrieved from /home/airflow/.local/lib/python3.12/site-packages/airflow/example_dags/tutorial.py
[2025-07-01T04:42:00.259+0000] {logging_mixin.py:190} INFO - [2025-07-01T04:42:00.259+0000] {dag.py:3239} INFO - Sync 1 DAGs
[2025-07-01T04:42:00.283+0000] {logging_mixin.py:190} INFO - [2025-07-01T04:42:00.282+0000] {dag.py:4180} INFO - Setting next_dagrun for tutorial to 2025-06-30 00:00:00+00:00, run_after=2025-07-01 00:00:00+00:00
[2025-07-01T04:42:00.308+0000] {processor.py:208} INFO - Processing /home/airflow/.local/lib/python3.12/site-packages/airflow/example_dags/tutorial.py took 0.087 seconds
[2025-07-01T04:42:30.355+0000] {processor.py:186} INFO - Started process (PID=21923) to work on /home/airflow/.local/lib/python3.12/site-packages/airflow/example_dags/tutorial.py
[2025-07-01T04:42:30.356+0000] {processor.py:914} INFO - Processing file /home/airflow/.local/lib/python3.12/site-packages/airflow/example_dags/tutorial.py for tasks to queue
[2025-07-01T04:42:30.359+0000] {logging_mixin.py:190} INFO - [2025-07-01T04:42:30.359+0000] {dagbag.py:588} INFO - Filling up the DagBag from /home/airflow/.local/lib/python3.12/site-packages/airflow/example_dags/tutorial.py
[2025-07-01T04:42:30.367+0000] {processor.py:925} INFO - DAG(s) 'tutorial' retrieved from /home/airflow/.local/lib/python3.12/site-packages/airflow/example_dags/tutorial.py
[2025-07-01T04:42:30.387+0000] {logging_mixin.py:190} INFO - [2025-07-01T04:42:30.387+0000] {dag.py:3239} INFO - Sync 1 DAGs
[2025-07-01T04:42:30.414+0000] {logging_mixin.py:190} INFO - [2025-07-01T04:42:30.414+0000] {dag.py:4180} INFO - Setting next_dagrun for tutorial to 2025-06-30 00:00:00+00:00, run_after=2025-07-01 00:00:00+00:00
[2025-07-01T04:42:30.435+0000] {processor.py:208} INFO - Processing /home/airflow/.local/lib/python3.12/site-packages/airflow/example_dags/tutorial.py took 0.086 seconds
[2025-07-01T04:43:01.078+0000] {processor.py:186} INFO - Started process (PID=21985) to work on /home/airflow/.local/lib/python3.12/site-packages/airflow/example_dags/tutorial.py
[2025-07-01T04:43:01.080+0000] {processor.py:914} INFO - Processing file /home/airflow/.local/lib/python3.12/site-packages/airflow/example_dags/tutorial.py for tasks to queue
[2025-07-01T04:43:01.083+0000] {logging_mixin.py:190} INFO - [2025-07-01T04:43:01.082+0000] {dagbag.py:588} INFO - Filling up the DagBag from /home/airflow/.local/lib/python3.12/site-packages/airflow/example_dags/tutorial.py
[2025-07-01T04:43:01.091+0000] {processor.py:925} INFO - DAG(s) 'tutorial' retrieved from /home/airflow/.local/lib/python3.12/site-packages/airflow/example_dags/tutorial.py
[2025-07-01T04:43:01.112+0000] {logging_mixin.py:190} INFO - [2025-07-01T04:43:01.112+0000] {dag.py:3239} INFO - Sync 1 DAGs
[2025-07-01T04:43:01.137+0000] {logging_mixin.py:190} INFO - [2025-07-01T04:43:01.137+0000] {dag.py:4180} INFO - Setting next_dagrun for tutorial to 2025-06-30 00:00:00+00:00, run_after=2025-07-01 00:00:00+00:00
[2025-07-01T04:43:01.158+0000] {processor.py:208} INFO - Processing /home/airflow/.local/lib/python3.12/site-packages/airflow/example_dags/tutorial.py took 0.086 seconds
[2025-07-01T04:43:31.764+0000] {processor.py:186} INFO - Started process (PID=22047) to work on /home/airflow/.local/lib/python3.12/site-packages/airflow/example_dags/tutorial.py
[2025-07-01T04:43:31.765+0000] {processor.py:914} INFO - Processing file /home/airflow/.local/lib/python3.12/site-packages/airflow/example_dags/tutorial.py for tasks to queue
[2025-07-01T04:43:31.768+0000] {logging_mixin.py:190} INFO - [2025-07-01T04:43:31.768+0000] {dagbag.py:588} INFO - Filling up the DagBag from /home/airflow/.local/lib/python3.12/site-packages/airflow/example_dags/tutorial.py
[2025-07-01T04:43:31.777+0000] {processor.py:925} INFO - DAG(s) 'tutorial' retrieved from /home/airflow/.local/lib/python3.12/site-packages/airflow/example_dags/tutorial.py
[2025-07-01T04:43:31.797+0000] {logging_mixin.py:190} INFO - [2025-07-01T04:43:31.797+0000] {dag.py:3239} INFO - Sync 1 DAGs
[2025-07-01T04:43:31.820+0000] {logging_mixin.py:190} INFO - [2025-07-01T04:43:31.820+0000] {dag.py:4180} INFO - Setting next_dagrun for tutorial to 2025-06-30 00:00:00+00:00, run_after=2025-07-01 00:00:00+00:00
[2025-07-01T04:43:31.837+0000] {processor.py:208} INFO - Processing /home/airflow/.local/lib/python3.12/site-packages/airflow/example_dags/tutorial.py took 0.079 seconds
[2025-07-01T04:44:02.642+0000] {processor.py:186} INFO - Started process (PID=22109) to work on /home/airflow/.local/lib/python3.12/site-packages/airflow/example_dags/tutorial.py
[2025-07-01T04:44:02.643+0000] {processor.py:914} INFO - Processing file /home/airflow/.local/lib/python3.12/site-packages/airflow/example_dags/tutorial.py for tasks to queue
[2025-07-01T04:44:02.646+0000] {logging_mixin.py:190} INFO - [2025-07-01T04:44:02.645+0000] {dagbag.py:588} INFO - Filling up the DagBag from /home/airflow/.local/lib/python3.12/site-packages/airflow/example_dags/tutorial.py
[2025-07-01T04:44:02.654+0000] {processor.py:925} INFO - DAG(s) 'tutorial' retrieved from /home/airflow/.local/lib/python3.12/site-packages/airflow/example_dags/tutorial.py
[2025-07-01T04:44:02.673+0000] {logging_mixin.py:190} INFO - [2025-07-01T04:44:02.672+0000] {dag.py:3239} INFO - Sync 1 DAGs
[2025-07-01T04:44:02.695+0000] {logging_mixin.py:190} INFO - [2025-07-01T04:44:02.695+0000] {dag.py:4180} INFO - Setting next_dagrun for tutorial to 2025-06-30 00:00:00+00:00, run_after=2025-07-01 00:00:00+00:00
[2025-07-01T04:44:02.713+0000] {processor.py:208} INFO - Processing /home/airflow/.local/lib/python3.12/site-packages/airflow/example_dags/tutorial.py took 0.077 seconds
[2025-07-01T04:44:33.227+0000] {processor.py:186} INFO - Started process (PID=22171) to work on /home/airflow/.local/lib/python3.12/site-packages/airflow/example_dags/tutorial.py
[2025-07-01T04:44:33.228+0000] {processor.py:914} INFO - Processing file /home/airflow/.local/lib/python3.12/site-packages/airflow/example_dags/tutorial.py for tasks to queue
[2025-07-01T04:44:33.230+0000] {logging_mixin.py:190} INFO - [2025-07-01T04:44:33.230+0000] {dagbag.py:588} INFO - Filling up the DagBag from /home/airflow/.local/lib/python3.12/site-packages/airflow/example_dags/tutorial.py
[2025-07-01T04:44:33.238+0000] {processor.py:925} INFO - DAG(s) 'tutorial' retrieved from /home/airflow/.local/lib/python3.12/site-packages/airflow/example_dags/tutorial.py
[2025-07-01T04:44:33.256+0000] {logging_mixin.py:190} INFO - [2025-07-01T04:44:33.256+0000] {dag.py:3239} INFO - Sync 1 DAGs
[2025-07-01T04:44:33.277+0000] {logging_mixin.py:190} INFO - [2025-07-01T04:44:33.277+0000] {dag.py:4180} INFO - Setting next_dagrun for tutorial to 2025-06-30 00:00:00+00:00, run_after=2025-07-01 00:00:00+00:00
[2025-07-01T04:44:33.294+0000] {processor.py:208} INFO - Processing /home/airflow/.local/lib/python3.12/site-packages/airflow/example_dags/tutorial.py took 0.073 seconds
[2025-07-01T04:45:04.435+0000] {processor.py:186} INFO - Started process (PID=22233) to work on /home/airflow/.local/lib/python3.12/site-packages/airflow/example_dags/tutorial.py
[2025-07-01T04:45:04.436+0000] {processor.py:914} INFO - Processing file /home/airflow/.local/lib/python3.12/site-packages/airflow/example_dags/tutorial.py for tasks to queue
[2025-07-01T04:45:04.439+0000] {logging_mixin.py:190} INFO - [2025-07-01T04:45:04.439+0000] {dagbag.py:588} INFO - Filling up the DagBag from /home/airflow/.local/lib/python3.12/site-packages/airflow/example_dags/tutorial.py
[2025-07-01T04:45:04.449+0000] {processor.py:925} INFO - DAG(s) 'tutorial' retrieved from /home/airflow/.local/lib/python3.12/site-packages/airflow/example_dags/tutorial.py
[2025-07-01T04:45:04.471+0000] {logging_mixin.py:190} INFO - [2025-07-01T04:45:04.471+0000] {dag.py:3239} INFO - Sync 1 DAGs
[2025-07-01T04:45:04.497+0000] {logging_mixin.py:190} INFO - [2025-07-01T04:45:04.497+0000] {dag.py:4180} INFO - Setting next_dagrun for tutorial to 2025-06-30 00:00:00+00:00, run_after=2025-07-01 00:00:00+00:00
[2025-07-01T04:45:04.669+0000] {processor.py:208} INFO - Processing /home/airflow/.local/lib/python3.12/site-packages/airflow/example_dags/tutorial.py took 0.242 seconds
[2025-07-01T04:45:34.723+0000] {processor.py:186} INFO - Started process (PID=22296) to work on /home/airflow/.local/lib/python3.12/site-packages/airflow/example_dags/tutorial.py
[2025-07-01T04:45:34.724+0000] {processor.py:914} INFO - Processing file /home/airflow/.local/lib/python3.12/site-packages/airflow/example_dags/tutorial.py for tasks to queue
[2025-07-01T04:45:34.727+0000] {logging_mixin.py:190} INFO - [2025-07-01T04:45:34.727+0000] {dagbag.py:588} INFO - Filling up the DagBag from /home/airflow/.local/lib/python3.12/site-packages/airflow/example_dags/tutorial.py
[2025-07-01T04:45:34.735+0000] {processor.py:925} INFO - DAG(s) 'tutorial' retrieved from /home/airflow/.local/lib/python3.12/site-packages/airflow/example_dags/tutorial.py
[2025-07-01T04:45:34.754+0000] {logging_mixin.py:190} INFO - [2025-07-01T04:45:34.753+0000] {dag.py:3239} INFO - Sync 1 DAGs
[2025-07-01T04:45:34.774+0000] {logging_mixin.py:190} INFO - [2025-07-01T04:45:34.774+0000] {dag.py:4180} INFO - Setting next_dagrun for tutorial to 2025-06-30 00:00:00+00:00, run_after=2025-07-01 00:00:00+00:00
[2025-07-01T04:45:34.932+0000] {processor.py:208} INFO - Processing /home/airflow/.local/lib/python3.12/site-packages/airflow/example_dags/tutorial.py took 0.215 seconds
[2025-07-01T04:46:05.207+0000] {processor.py:186} INFO - Started process (PID=22358) to work on /home/airflow/.local/lib/python3.12/site-packages/airflow/example_dags/tutorial.py
[2025-07-01T04:46:05.208+0000] {processor.py:914} INFO - Processing file /home/airflow/.local/lib/python3.12/site-packages/airflow/example_dags/tutorial.py for tasks to queue
[2025-07-01T04:46:05.210+0000] {logging_mixin.py:190} INFO - [2025-07-01T04:46:05.210+0000] {dagbag.py:588} INFO - Filling up the DagBag from /home/airflow/.local/lib/python3.12/site-packages/airflow/example_dags/tutorial.py
[2025-07-01T04:46:05.218+0000] {processor.py:925} INFO - DAG(s) 'tutorial' retrieved from /home/airflow/.local/lib/python3.12/site-packages/airflow/example_dags/tutorial.py
[2025-07-01T04:46:05.238+0000] {logging_mixin.py:190} INFO - [2025-07-01T04:46:05.237+0000] {dag.py:3239} INFO - Sync 1 DAGs
[2025-07-01T04:46:05.258+0000] {logging_mixin.py:190} INFO - [2025-07-01T04:46:05.258+0000] {dag.py:4180} INFO - Setting next_dagrun for tutorial to 2025-06-30 00:00:00+00:00, run_after=2025-07-01 00:00:00+00:00
[2025-07-01T04:46:05.275+0000] {processor.py:208} INFO - Processing /home/airflow/.local/lib/python3.12/site-packages/airflow/example_dags/tutorial.py took 0.074 seconds
[2025-07-01T04:46:36.073+0000] {processor.py:186} INFO - Started process (PID=22419) to work on /home/airflow/.local/lib/python3.12/site-packages/airflow/example_dags/tutorial.py
[2025-07-01T04:46:36.074+0000] {processor.py:914} INFO - Processing file /home/airflow/.local/lib/python3.12/site-packages/airflow/example_dags/tutorial.py for tasks to queue
[2025-07-01T04:46:36.077+0000] {logging_mixin.py:190} INFO - [2025-07-01T04:46:36.076+0000] {dagbag.py:588} INFO - Filling up the DagBag from /home/airflow/.local/lib/python3.12/site-packages/airflow/example_dags/tutorial.py
[2025-07-01T04:46:36.085+0000] {processor.py:925} INFO - DAG(s) 'tutorial' retrieved from /home/airflow/.local/lib/python3.12/site-packages/airflow/example_dags/tutorial.py
[2025-07-01T04:46:36.103+0000] {logging_mixin.py:190} INFO - [2025-07-01T04:46:36.103+0000] {dag.py:3239} INFO - Sync 1 DAGs
[2025-07-01T04:46:36.125+0000] {logging_mixin.py:190} INFO - [2025-07-01T04:46:36.125+0000] {dag.py:4180} INFO - Setting next_dagrun for tutorial to 2025-06-30 00:00:00+00:00, run_after=2025-07-01 00:00:00+00:00
[2025-07-01T04:46:36.142+0000] {processor.py:208} INFO - Processing /home/airflow/.local/lib/python3.12/site-packages/airflow/example_dags/tutorial.py took 0.075 seconds
[2025-07-01T04:47:07.999+0000] {processor.py:186} INFO - Started process (PID=22481) to work on /home/airflow/.local/lib/python3.12/site-packages/airflow/example_dags/tutorial.py
[2025-07-01T04:47:08.001+0000] {processor.py:914} INFO - Processing file /home/airflow/.local/lib/python3.12/site-packages/airflow/example_dags/tutorial.py for tasks to queue
[2025-07-01T04:47:08.003+0000] {logging_mixin.py:190} INFO - [2025-07-01T04:47:08.003+0000] {dagbag.py:588} INFO - Filling up the DagBag from /home/airflow/.local/lib/python3.12/site-packages/airflow/example_dags/tutorial.py
[2025-07-01T04:47:08.012+0000] {processor.py:925} INFO - DAG(s) 'tutorial' retrieved from /home/airflow/.local/lib/python3.12/site-packages/airflow/example_dags/tutorial.py
[2025-07-01T04:47:08.031+0000] {logging_mixin.py:190} INFO - [2025-07-01T04:47:08.031+0000] {dag.py:3239} INFO - Sync 1 DAGs
[2025-07-01T04:47:08.055+0000] {logging_mixin.py:190} INFO - [2025-07-01T04:47:08.054+0000] {dag.py:4180} INFO - Setting next_dagrun for tutorial to 2025-06-30 00:00:00+00:00, run_after=2025-07-01 00:00:00+00:00
[2025-07-01T04:47:08.075+0000] {processor.py:208} INFO - Processing /home/airflow/.local/lib/python3.12/site-packages/airflow/example_dags/tutorial.py took 0.082 seconds
[2025-07-01T04:47:38.522+0000] {processor.py:186} INFO - Started process (PID=22543) to work on /home/airflow/.local/lib/python3.12/site-packages/airflow/example_dags/tutorial.py
[2025-07-01T04:47:38.523+0000] {processor.py:914} INFO - Processing file /home/airflow/.local/lib/python3.12/site-packages/airflow/example_dags/tutorial.py for tasks to queue
[2025-07-01T04:47:38.527+0000] {logging_mixin.py:190} INFO - [2025-07-01T04:47:38.526+0000] {dagbag.py:588} INFO - Filling up the DagBag from /home/airflow/.local/lib/python3.12/site-packages/airflow/example_dags/tutorial.py
[2025-07-01T04:47:38.536+0000] {processor.py:925} INFO - DAG(s) 'tutorial' retrieved from /home/airflow/.local/lib/python3.12/site-packages/airflow/example_dags/tutorial.py
[2025-07-01T04:47:38.571+0000] {logging_mixin.py:190} INFO - [2025-07-01T04:47:38.571+0000] {dag.py:3239} INFO - Sync 1 DAGs
[2025-07-01T04:47:38.600+0000] {logging_mixin.py:190} INFO - [2025-07-01T04:47:38.600+0000] {dag.py:4180} INFO - Setting next_dagrun for tutorial to 2025-06-30 00:00:00+00:00, run_after=2025-07-01 00:00:00+00:00
[2025-07-01T04:47:38.621+0000] {processor.py:208} INFO - Processing /home/airflow/.local/lib/python3.12/site-packages/airflow/example_dags/tutorial.py took 0.107 seconds
[2025-07-01T04:48:09.472+0000] {processor.py:186} INFO - Started process (PID=22605) to work on /home/airflow/.local/lib/python3.12/site-packages/airflow/example_dags/tutorial.py
[2025-07-01T04:48:09.473+0000] {processor.py:914} INFO - Processing file /home/airflow/.local/lib/python3.12/site-packages/airflow/example_dags/tutorial.py for tasks to queue
[2025-07-01T04:48:09.476+0000] {logging_mixin.py:190} INFO - [2025-07-01T04:48:09.475+0000] {dagbag.py:588} INFO - Filling up the DagBag from /home/airflow/.local/lib/python3.12/site-packages/airflow/example_dags/tutorial.py
[2025-07-01T04:48:09.483+0000] {processor.py:925} INFO - DAG(s) 'tutorial' retrieved from /home/airflow/.local/lib/python3.12/site-packages/airflow/example_dags/tutorial.py
[2025-07-01T04:48:09.502+0000] {logging_mixin.py:190} INFO - [2025-07-01T04:48:09.502+0000] {dag.py:3239} INFO - Sync 1 DAGs
[2025-07-01T04:48:09.524+0000] {logging_mixin.py:190} INFO - [2025-07-01T04:48:09.524+0000] {dag.py:4180} INFO - Setting next_dagrun for tutorial to 2025-06-30 00:00:00+00:00, run_after=2025-07-01 00:00:00+00:00
[2025-07-01T04:48:09.541+0000] {processor.py:208} INFO - Processing /home/airflow/.local/lib/python3.12/site-packages/airflow/example_dags/tutorial.py took 0.075 seconds
[2025-07-01T04:48:40.118+0000] {processor.py:186} INFO - Started process (PID=22667) to work on /home/airflow/.local/lib/python3.12/site-packages/airflow/example_dags/tutorial.py
[2025-07-01T04:48:40.119+0000] {processor.py:914} INFO - Processing file /home/airflow/.local/lib/python3.12/site-packages/airflow/example_dags/tutorial.py for tasks to queue
[2025-07-01T04:48:40.123+0000] {logging_mixin.py:190} INFO - [2025-07-01T04:48:40.122+0000] {dagbag.py:588} INFO - Filling up the DagBag from /home/airflow/.local/lib/python3.12/site-packages/airflow/example_dags/tutorial.py
[2025-07-01T04:48:40.132+0000] {processor.py:925} INFO - DAG(s) 'tutorial' retrieved from /home/airflow/.local/lib/python3.12/site-packages/airflow/example_dags/tutorial.py
[2025-07-01T04:48:40.154+0000] {logging_mixin.py:190} INFO - [2025-07-01T04:48:40.154+0000] {dag.py:3239} INFO - Sync 1 DAGs
[2025-07-01T04:48:40.179+0000] {logging_mixin.py:190} INFO - [2025-07-01T04:48:40.179+0000] {dag.py:4180} INFO - Setting next_dagrun for tutorial to 2025-06-30 00:00:00+00:00, run_after=2025-07-01 00:00:00+00:00
[2025-07-01T04:48:40.198+0000] {processor.py:208} INFO - Processing /home/airflow/.local/lib/python3.12/site-packages/airflow/example_dags/tutorial.py took 0.089 seconds
[2025-07-01T04:49:10.839+0000] {processor.py:186} INFO - Started process (PID=22729) to work on /home/airflow/.local/lib/python3.12/site-packages/airflow/example_dags/tutorial.py
[2025-07-01T04:49:10.840+0000] {processor.py:914} INFO - Processing file /home/airflow/.local/lib/python3.12/site-packages/airflow/example_dags/tutorial.py for tasks to queue
[2025-07-01T04:49:10.843+0000] {logging_mixin.py:190} INFO - [2025-07-01T04:49:10.843+0000] {dagbag.py:588} INFO - Filling up the DagBag from /home/airflow/.local/lib/python3.12/site-packages/airflow/example_dags/tutorial.py
[2025-07-01T04:49:10.851+0000] {processor.py:925} INFO - DAG(s) 'tutorial' retrieved from /home/airflow/.local/lib/python3.12/site-packages/airflow/example_dags/tutorial.py
[2025-07-01T04:49:10.871+0000] {logging_mixin.py:190} INFO - [2025-07-01T04:49:10.870+0000] {dag.py:3239} INFO - Sync 1 DAGs
[2025-07-01T04:49:10.893+0000] {logging_mixin.py:190} INFO - [2025-07-01T04:49:10.892+0000] {dag.py:4180} INFO - Setting next_dagrun for tutorial to 2025-06-30 00:00:00+00:00, run_after=2025-07-01 00:00:00+00:00
[2025-07-01T04:49:10.911+0000] {processor.py:208} INFO - Processing /home/airflow/.local/lib/python3.12/site-packages/airflow/example_dags/tutorial.py took 0.078 seconds
[2025-07-01T04:49:41.642+0000] {processor.py:186} INFO - Started process (PID=22791) to work on /home/airflow/.local/lib/python3.12/site-packages/airflow/example_dags/tutorial.py
[2025-07-01T04:49:41.643+0000] {processor.py:914} INFO - Processing file /home/airflow/.local/lib/python3.12/site-packages/airflow/example_dags/tutorial.py for tasks to queue
[2025-07-01T04:49:41.646+0000] {logging_mixin.py:190} INFO - [2025-07-01T04:49:41.646+0000] {dagbag.py:588} INFO - Filling up the DagBag from /home/airflow/.local/lib/python3.12/site-packages/airflow/example_dags/tutorial.py
[2025-07-01T04:49:41.654+0000] {processor.py:925} INFO - DAG(s) 'tutorial' retrieved from /home/airflow/.local/lib/python3.12/site-packages/airflow/example_dags/tutorial.py
[2025-07-01T04:49:41.673+0000] {logging_mixin.py:190} INFO - [2025-07-01T04:49:41.673+0000] {dag.py:3239} INFO - Sync 1 DAGs
[2025-07-01T04:49:41.695+0000] {logging_mixin.py:190} INFO - [2025-07-01T04:49:41.695+0000] {dag.py:4180} INFO - Setting next_dagrun for tutorial to 2025-06-30 00:00:00+00:00, run_after=2025-07-01 00:00:00+00:00
[2025-07-01T04:49:41.713+0000] {processor.py:208} INFO - Processing /home/airflow/.local/lib/python3.12/site-packages/airflow/example_dags/tutorial.py took 0.077 seconds
[2025-07-01T04:50:12.342+0000] {processor.py:186} INFO - Started process (PID=22853) to work on /home/airflow/.local/lib/python3.12/site-packages/airflow/example_dags/tutorial.py
[2025-07-01T04:50:12.343+0000] {processor.py:914} INFO - Processing file /home/airflow/.local/lib/python3.12/site-packages/airflow/example_dags/tutorial.py for tasks to queue
[2025-07-01T04:50:12.346+0000] {logging_mixin.py:190} INFO - [2025-07-01T04:50:12.345+0000] {dagbag.py:588} INFO - Filling up the DagBag from /home/airflow/.local/lib/python3.12/site-packages/airflow/example_dags/tutorial.py
[2025-07-01T04:50:12.353+0000] {processor.py:925} INFO - DAG(s) 'tutorial' retrieved from /home/airflow/.local/lib/python3.12/site-packages/airflow/example_dags/tutorial.py
[2025-07-01T04:50:12.373+0000] {logging_mixin.py:190} INFO - [2025-07-01T04:50:12.372+0000] {dag.py:3239} INFO - Sync 1 DAGs
[2025-07-01T04:50:12.394+0000] {logging_mixin.py:190} INFO - [2025-07-01T04:50:12.394+0000] {dag.py:4180} INFO - Setting next_dagrun for tutorial to 2025-06-30 00:00:00+00:00, run_after=2025-07-01 00:00:00+00:00
[2025-07-01T04:50:12.412+0000] {processor.py:208} INFO - Processing /home/airflow/.local/lib/python3.12/site-packages/airflow/example_dags/tutorial.py took 0.077 seconds
[2025-07-01T04:50:43.097+0000] {processor.py:186} INFO - Started process (PID=22915) to work on /home/airflow/.local/lib/python3.12/site-packages/airflow/example_dags/tutorial.py
[2025-07-01T04:50:43.098+0000] {processor.py:914} INFO - Processing file /home/airflow/.local/lib/python3.12/site-packages/airflow/example_dags/tutorial.py for tasks to queue
[2025-07-01T04:50:43.101+0000] {logging_mixin.py:190} INFO - [2025-07-01T04:50:43.101+0000] {dagbag.py:588} INFO - Filling up the DagBag from /home/airflow/.local/lib/python3.12/site-packages/airflow/example_dags/tutorial.py
[2025-07-01T04:50:43.109+0000] {processor.py:925} INFO - DAG(s) 'tutorial' retrieved from /home/airflow/.local/lib/python3.12/site-packages/airflow/example_dags/tutorial.py
[2025-07-01T04:50:43.128+0000] {logging_mixin.py:190} INFO - [2025-07-01T04:50:43.128+0000] {dag.py:3239} INFO - Sync 1 DAGs
[2025-07-01T04:50:43.150+0000] {logging_mixin.py:190} INFO - [2025-07-01T04:50:43.150+0000] {dag.py:4180} INFO - Setting next_dagrun for tutorial to 2025-06-30 00:00:00+00:00, run_after=2025-07-01 00:00:00+00:00
[2025-07-01T04:50:43.168+0000] {processor.py:208} INFO - Processing /home/airflow/.local/lib/python3.12/site-packages/airflow/example_dags/tutorial.py took 0.077 seconds
[2025-07-01T04:51:13.956+0000] {processor.py:186} INFO - Started process (PID=22977) to work on /home/airflow/.local/lib/python3.12/site-packages/airflow/example_dags/tutorial.py
[2025-07-01T04:51:13.957+0000] {processor.py:914} INFO - Processing file /home/airflow/.local/lib/python3.12/site-packages/airflow/example_dags/tutorial.py for tasks to queue
[2025-07-01T04:51:13.959+0000] {logging_mixin.py:190} INFO - [2025-07-01T04:51:13.959+0000] {dagbag.py:588} INFO - Filling up the DagBag from /home/airflow/.local/lib/python3.12/site-packages/airflow/example_dags/tutorial.py
[2025-07-01T04:51:13.967+0000] {processor.py:925} INFO - DAG(s) 'tutorial' retrieved from /home/airflow/.local/lib/python3.12/site-packages/airflow/example_dags/tutorial.py
[2025-07-01T04:51:13.987+0000] {logging_mixin.py:190} INFO - [2025-07-01T04:51:13.987+0000] {dag.py:3239} INFO - Sync 1 DAGs
[2025-07-01T04:51:14.009+0000] {logging_mixin.py:190} INFO - [2025-07-01T04:51:14.009+0000] {dag.py:4180} INFO - Setting next_dagrun for tutorial to 2025-06-30 00:00:00+00:00, run_after=2025-07-01 00:00:00+00:00
[2025-07-01T04:51:14.029+0000] {processor.py:208} INFO - Processing /home/airflow/.local/lib/python3.12/site-packages/airflow/example_dags/tutorial.py took 0.079 seconds
[2025-07-01T04:51:44.698+0000] {processor.py:186} INFO - Started process (PID=23039) to work on /home/airflow/.local/lib/python3.12/site-packages/airflow/example_dags/tutorial.py
[2025-07-01T04:51:44.699+0000] {processor.py:914} INFO - Processing file /home/airflow/.local/lib/python3.12/site-packages/airflow/example_dags/tutorial.py for tasks to queue
[2025-07-01T04:51:44.702+0000] {logging_mixin.py:190} INFO - [2025-07-01T04:51:44.701+0000] {dagbag.py:588} INFO - Filling up the DagBag from /home/airflow/.local/lib/python3.12/site-packages/airflow/example_dags/tutorial.py
[2025-07-01T04:51:44.709+0000] {processor.py:925} INFO - DAG(s) 'tutorial' retrieved from /home/airflow/.local/lib/python3.12/site-packages/airflow/example_dags/tutorial.py
[2025-07-01T04:51:44.729+0000] {logging_mixin.py:190} INFO - [2025-07-01T04:51:44.728+0000] {dag.py:3239} INFO - Sync 1 DAGs
[2025-07-01T04:51:44.751+0000] {logging_mixin.py:190} INFO - [2025-07-01T04:51:44.751+0000] {dag.py:4180} INFO - Setting next_dagrun for tutorial to 2025-06-30 00:00:00+00:00, run_after=2025-07-01 00:00:00+00:00
[2025-07-01T04:51:44.768+0000] {processor.py:208} INFO - Processing /home/airflow/.local/lib/python3.12/site-packages/airflow/example_dags/tutorial.py took 0.076 seconds
[2025-07-01T04:52:15.512+0000] {processor.py:186} INFO - Started process (PID=23101) to work on /home/airflow/.local/lib/python3.12/site-packages/airflow/example_dags/tutorial.py
[2025-07-01T04:52:15.513+0000] {processor.py:914} INFO - Processing file /home/airflow/.local/lib/python3.12/site-packages/airflow/example_dags/tutorial.py for tasks to queue
[2025-07-01T04:52:15.516+0000] {logging_mixin.py:190} INFO - [2025-07-01T04:52:15.516+0000] {dagbag.py:588} INFO - Filling up the DagBag from /home/airflow/.local/lib/python3.12/site-packages/airflow/example_dags/tutorial.py
[2025-07-01T04:52:15.525+0000] {processor.py:925} INFO - DAG(s) 'tutorial' retrieved from /home/airflow/.local/lib/python3.12/site-packages/airflow/example_dags/tutorial.py
[2025-07-01T04:52:15.548+0000] {logging_mixin.py:190} INFO - [2025-07-01T04:52:15.547+0000] {dag.py:3239} INFO - Sync 1 DAGs
[2025-07-01T04:52:15.571+0000] {logging_mixin.py:190} INFO - [2025-07-01T04:52:15.571+0000] {dag.py:4180} INFO - Setting next_dagrun for tutorial to 2025-06-30 00:00:00+00:00, run_after=2025-07-01 00:00:00+00:00
[2025-07-01T04:52:15.589+0000] {processor.py:208} INFO - Processing /home/airflow/.local/lib/python3.12/site-packages/airflow/example_dags/tutorial.py took 0.083 seconds
[2025-07-01T04:52:45.858+0000] {processor.py:186} INFO - Started process (PID=23163) to work on /home/airflow/.local/lib/python3.12/site-packages/airflow/example_dags/tutorial.py
[2025-07-01T04:52:45.859+0000] {processor.py:914} INFO - Processing file /home/airflow/.local/lib/python3.12/site-packages/airflow/example_dags/tutorial.py for tasks to queue
[2025-07-01T04:52:45.862+0000] {logging_mixin.py:190} INFO - [2025-07-01T04:52:45.862+0000] {dagbag.py:588} INFO - Filling up the DagBag from /home/airflow/.local/lib/python3.12/site-packages/airflow/example_dags/tutorial.py
[2025-07-01T04:52:45.869+0000] {processor.py:925} INFO - DAG(s) 'tutorial' retrieved from /home/airflow/.local/lib/python3.12/site-packages/airflow/example_dags/tutorial.py
[2025-07-01T04:52:45.889+0000] {logging_mixin.py:190} INFO - [2025-07-01T04:52:45.889+0000] {dag.py:3239} INFO - Sync 1 DAGs
[2025-07-01T04:52:45.910+0000] {logging_mixin.py:190} INFO - [2025-07-01T04:52:45.910+0000] {dag.py:4180} INFO - Setting next_dagrun for tutorial to 2025-06-30 00:00:00+00:00, run_after=2025-07-01 00:00:00+00:00
[2025-07-01T04:52:45.926+0000] {processor.py:208} INFO - Processing /home/airflow/.local/lib/python3.12/site-packages/airflow/example_dags/tutorial.py took 0.075 seconds
[2025-07-01T04:53:16.243+0000] {processor.py:186} INFO - Started process (PID=23225) to work on /home/airflow/.local/lib/python3.12/site-packages/airflow/example_dags/tutorial.py
[2025-07-01T04:53:16.244+0000] {processor.py:914} INFO - Processing file /home/airflow/.local/lib/python3.12/site-packages/airflow/example_dags/tutorial.py for tasks to queue
[2025-07-01T04:53:16.247+0000] {logging_mixin.py:190} INFO - [2025-07-01T04:53:16.246+0000] {dagbag.py:588} INFO - Filling up the DagBag from /home/airflow/.local/lib/python3.12/site-packages/airflow/example_dags/tutorial.py
[2025-07-01T04:53:16.256+0000] {processor.py:925} INFO - DAG(s) 'tutorial' retrieved from /home/airflow/.local/lib/python3.12/site-packages/airflow/example_dags/tutorial.py
[2025-07-01T04:53:16.275+0000] {logging_mixin.py:190} INFO - [2025-07-01T04:53:16.275+0000] {dag.py:3239} INFO - Sync 1 DAGs
[2025-07-01T04:53:16.297+0000] {logging_mixin.py:190} INFO - [2025-07-01T04:53:16.296+0000] {dag.py:4180} INFO - Setting next_dagrun for tutorial to 2025-06-30 00:00:00+00:00, run_after=2025-07-01 00:00:00+00:00
[2025-07-01T04:53:16.313+0000] {processor.py:208} INFO - Processing /home/airflow/.local/lib/python3.12/site-packages/airflow/example_dags/tutorial.py took 0.077 seconds
[2025-07-01T04:53:46.544+0000] {processor.py:186} INFO - Started process (PID=23287) to work on /home/airflow/.local/lib/python3.12/site-packages/airflow/example_dags/tutorial.py
[2025-07-01T04:53:46.545+0000] {processor.py:914} INFO - Processing file /home/airflow/.local/lib/python3.12/site-packages/airflow/example_dags/tutorial.py for tasks to queue
[2025-07-01T04:53:46.548+0000] {logging_mixin.py:190} INFO - [2025-07-01T04:53:46.548+0000] {dagbag.py:588} INFO - Filling up the DagBag from /home/airflow/.local/lib/python3.12/site-packages/airflow/example_dags/tutorial.py
[2025-07-01T04:53:46.557+0000] {processor.py:925} INFO - DAG(s) 'tutorial' retrieved from /home/airflow/.local/lib/python3.12/site-packages/airflow/example_dags/tutorial.py
[2025-07-01T04:53:46.578+0000] {logging_mixin.py:190} INFO - [2025-07-01T04:53:46.577+0000] {dag.py:3239} INFO - Sync 1 DAGs
[2025-07-01T04:53:46.598+0000] {logging_mixin.py:190} INFO - [2025-07-01T04:53:46.598+0000] {dag.py:4180} INFO - Setting next_dagrun for tutorial to 2025-06-30 00:00:00+00:00, run_after=2025-07-01 00:00:00+00:00
[2025-07-01T04:53:46.614+0000] {processor.py:208} INFO - Processing /home/airflow/.local/lib/python3.12/site-packages/airflow/example_dags/tutorial.py took 0.078 seconds
[2025-07-01T04:54:17.410+0000] {processor.py:186} INFO - Started process (PID=23349) to work on /home/airflow/.local/lib/python3.12/site-packages/airflow/example_dags/tutorial.py
[2025-07-01T04:54:17.411+0000] {processor.py:914} INFO - Processing file /home/airflow/.local/lib/python3.12/site-packages/airflow/example_dags/tutorial.py for tasks to queue
[2025-07-01T04:54:17.414+0000] {logging_mixin.py:190} INFO - [2025-07-01T04:54:17.414+0000] {dagbag.py:588} INFO - Filling up the DagBag from /home/airflow/.local/lib/python3.12/site-packages/airflow/example_dags/tutorial.py
[2025-07-01T04:54:17.422+0000] {processor.py:925} INFO - DAG(s) 'tutorial' retrieved from /home/airflow/.local/lib/python3.12/site-packages/airflow/example_dags/tutorial.py
[2025-07-01T04:54:17.442+0000] {logging_mixin.py:190} INFO - [2025-07-01T04:54:17.442+0000] {dag.py:3239} INFO - Sync 1 DAGs
[2025-07-01T04:54:17.464+0000] {logging_mixin.py:190} INFO - [2025-07-01T04:54:17.464+0000] {dag.py:4180} INFO - Setting next_dagrun for tutorial to 2025-06-30 00:00:00+00:00, run_after=2025-07-01 00:00:00+00:00
[2025-07-01T04:54:17.481+0000] {processor.py:208} INFO - Processing /home/airflow/.local/lib/python3.12/site-packages/airflow/example_dags/tutorial.py took 0.077 seconds
[2025-07-01T04:54:48.276+0000] {processor.py:186} INFO - Started process (PID=23412) to work on /home/airflow/.local/lib/python3.12/site-packages/airflow/example_dags/tutorial.py
[2025-07-01T04:54:48.277+0000] {processor.py:914} INFO - Processing file /home/airflow/.local/lib/python3.12/site-packages/airflow/example_dags/tutorial.py for tasks to queue
[2025-07-01T04:54:48.280+0000] {logging_mixin.py:190} INFO - [2025-07-01T04:54:48.280+0000] {dagbag.py:588} INFO - Filling up the DagBag from /home/airflow/.local/lib/python3.12/site-packages/airflow/example_dags/tutorial.py
[2025-07-01T04:54:48.288+0000] {processor.py:925} INFO - DAG(s) 'tutorial' retrieved from /home/airflow/.local/lib/python3.12/site-packages/airflow/example_dags/tutorial.py
[2025-07-01T04:54:48.310+0000] {logging_mixin.py:190} INFO - [2025-07-01T04:54:48.310+0000] {dag.py:3239} INFO - Sync 1 DAGs
[2025-07-01T04:54:48.337+0000] {logging_mixin.py:190} INFO - [2025-07-01T04:54:48.337+0000] {dag.py:4180} INFO - Setting next_dagrun for tutorial to 2025-06-30 00:00:00+00:00, run_after=2025-07-01 00:00:00+00:00
[2025-07-01T04:54:48.354+0000] {processor.py:208} INFO - Processing /home/airflow/.local/lib/python3.12/site-packages/airflow/example_dags/tutorial.py took 0.084 seconds
[2025-07-01T04:55:19.111+0000] {processor.py:186} INFO - Started process (PID=23474) to work on /home/airflow/.local/lib/python3.12/site-packages/airflow/example_dags/tutorial.py
[2025-07-01T04:55:19.112+0000] {processor.py:914} INFO - Processing file /home/airflow/.local/lib/python3.12/site-packages/airflow/example_dags/tutorial.py for tasks to queue
[2025-07-01T04:55:19.115+0000] {logging_mixin.py:190} INFO - [2025-07-01T04:55:19.115+0000] {dagbag.py:588} INFO - Filling up the DagBag from /home/airflow/.local/lib/python3.12/site-packages/airflow/example_dags/tutorial.py
[2025-07-01T04:55:19.123+0000] {processor.py:925} INFO - DAG(s) 'tutorial' retrieved from /home/airflow/.local/lib/python3.12/site-packages/airflow/example_dags/tutorial.py
[2025-07-01T04:55:19.141+0000] {logging_mixin.py:190} INFO - [2025-07-01T04:55:19.141+0000] {dag.py:3239} INFO - Sync 1 DAGs
[2025-07-01T04:55:19.165+0000] {logging_mixin.py:190} INFO - [2025-07-01T04:55:19.164+0000] {dag.py:4180} INFO - Setting next_dagrun for tutorial to 2025-06-30 00:00:00+00:00, run_after=2025-07-01 00:00:00+00:00
[2025-07-01T04:55:19.181+0000] {processor.py:208} INFO - Processing /home/airflow/.local/lib/python3.12/site-packages/airflow/example_dags/tutorial.py took 0.075 seconds
[2025-07-01T04:55:49.772+0000] {processor.py:186} INFO - Started process (PID=23536) to work on /home/airflow/.local/lib/python3.12/site-packages/airflow/example_dags/tutorial.py
[2025-07-01T04:55:49.773+0000] {processor.py:914} INFO - Processing file /home/airflow/.local/lib/python3.12/site-packages/airflow/example_dags/tutorial.py for tasks to queue
[2025-07-01T04:55:49.776+0000] {logging_mixin.py:190} INFO - [2025-07-01T04:55:49.776+0000] {dagbag.py:588} INFO - Filling up the DagBag from /home/airflow/.local/lib/python3.12/site-packages/airflow/example_dags/tutorial.py
[2025-07-01T04:55:49.786+0000] {processor.py:925} INFO - DAG(s) 'tutorial' retrieved from /home/airflow/.local/lib/python3.12/site-packages/airflow/example_dags/tutorial.py
[2025-07-01T04:55:49.806+0000] {logging_mixin.py:190} INFO - [2025-07-01T04:55:49.806+0000] {dag.py:3239} INFO - Sync 1 DAGs
[2025-07-01T04:55:49.829+0000] {logging_mixin.py:190} INFO - [2025-07-01T04:55:49.829+0000] {dag.py:4180} INFO - Setting next_dagrun for tutorial to 2025-06-30 00:00:00+00:00, run_after=2025-07-01 00:00:00+00:00
[2025-07-01T04:55:49.851+0000] {processor.py:208} INFO - Processing /home/airflow/.local/lib/python3.12/site-packages/airflow/example_dags/tutorial.py took 0.085 seconds
[2025-07-01T04:56:20.282+0000] {processor.py:186} INFO - Started process (PID=23598) to work on /home/airflow/.local/lib/python3.12/site-packages/airflow/example_dags/tutorial.py
[2025-07-01T04:56:20.283+0000] {processor.py:914} INFO - Processing file /home/airflow/.local/lib/python3.12/site-packages/airflow/example_dags/tutorial.py for tasks to queue
[2025-07-01T04:56:20.286+0000] {logging_mixin.py:190} INFO - [2025-07-01T04:56:20.285+0000] {dagbag.py:588} INFO - Filling up the DagBag from /home/airflow/.local/lib/python3.12/site-packages/airflow/example_dags/tutorial.py
[2025-07-01T04:56:20.293+0000] {processor.py:925} INFO - DAG(s) 'tutorial' retrieved from /home/airflow/.local/lib/python3.12/site-packages/airflow/example_dags/tutorial.py
[2025-07-01T04:56:20.313+0000] {logging_mixin.py:190} INFO - [2025-07-01T04:56:20.312+0000] {dag.py:3239} INFO - Sync 1 DAGs
[2025-07-01T04:56:20.334+0000] {logging_mixin.py:190} INFO - [2025-07-01T04:56:20.334+0000] {dag.py:4180} INFO - Setting next_dagrun for tutorial to 2025-06-30 00:00:00+00:00, run_after=2025-07-01 00:00:00+00:00
[2025-07-01T04:56:20.353+0000] {processor.py:208} INFO - Processing /home/airflow/.local/lib/python3.12/site-packages/airflow/example_dags/tutorial.py took 0.077 seconds
[2025-07-01T04:56:50.812+0000] {processor.py:186} INFO - Started process (PID=23660) to work on /home/airflow/.local/lib/python3.12/site-packages/airflow/example_dags/tutorial.py
[2025-07-01T04:56:50.813+0000] {processor.py:914} INFO - Processing file /home/airflow/.local/lib/python3.12/site-packages/airflow/example_dags/tutorial.py for tasks to queue
[2025-07-01T04:56:50.816+0000] {logging_mixin.py:190} INFO - [2025-07-01T04:56:50.816+0000] {dagbag.py:588} INFO - Filling up the DagBag from /home/airflow/.local/lib/python3.12/site-packages/airflow/example_dags/tutorial.py
[2025-07-01T04:56:50.823+0000] {processor.py:925} INFO - DAG(s) 'tutorial' retrieved from /home/airflow/.local/lib/python3.12/site-packages/airflow/example_dags/tutorial.py
[2025-07-01T04:56:50.843+0000] {logging_mixin.py:190} INFO - [2025-07-01T04:56:50.843+0000] {dag.py:3239} INFO - Sync 1 DAGs
[2025-07-01T04:56:50.865+0000] {logging_mixin.py:190} INFO - [2025-07-01T04:56:50.865+0000] {dag.py:4180} INFO - Setting next_dagrun for tutorial to 2025-06-30 00:00:00+00:00, run_after=2025-07-01 00:00:00+00:00
[2025-07-01T04:56:50.883+0000] {processor.py:208} INFO - Processing /home/airflow/.local/lib/python3.12/site-packages/airflow/example_dags/tutorial.py took 0.076 seconds
[2025-07-01T04:57:21.593+0000] {processor.py:186} INFO - Started process (PID=23722) to work on /home/airflow/.local/lib/python3.12/site-packages/airflow/example_dags/tutorial.py
[2025-07-01T04:57:21.594+0000] {processor.py:914} INFO - Processing file /home/airflow/.local/lib/python3.12/site-packages/airflow/example_dags/tutorial.py for tasks to queue
[2025-07-01T04:57:21.597+0000] {logging_mixin.py:190} INFO - [2025-07-01T04:57:21.597+0000] {dagbag.py:588} INFO - Filling up the DagBag from /home/airflow/.local/lib/python3.12/site-packages/airflow/example_dags/tutorial.py
[2025-07-01T04:57:21.605+0000] {processor.py:925} INFO - DAG(s) 'tutorial' retrieved from /home/airflow/.local/lib/python3.12/site-packages/airflow/example_dags/tutorial.py
[2025-07-01T04:57:21.625+0000] {logging_mixin.py:190} INFO - [2025-07-01T04:57:21.624+0000] {dag.py:3239} INFO - Sync 1 DAGs
[2025-07-01T04:57:21.646+0000] {logging_mixin.py:190} INFO - [2025-07-01T04:57:21.645+0000] {dag.py:4180} INFO - Setting next_dagrun for tutorial to 2025-06-30 00:00:00+00:00, run_after=2025-07-01 00:00:00+00:00
[2025-07-01T04:57:21.663+0000] {processor.py:208} INFO - Processing /home/airflow/.local/lib/python3.12/site-packages/airflow/example_dags/tutorial.py took 0.076 seconds
[2025-07-01T04:57:52.282+0000] {processor.py:186} INFO - Started process (PID=23784) to work on /home/airflow/.local/lib/python3.12/site-packages/airflow/example_dags/tutorial.py
[2025-07-01T04:57:52.283+0000] {processor.py:914} INFO - Processing file /home/airflow/.local/lib/python3.12/site-packages/airflow/example_dags/tutorial.py for tasks to queue
[2025-07-01T04:57:52.286+0000] {logging_mixin.py:190} INFO - [2025-07-01T04:57:52.285+0000] {dagbag.py:588} INFO - Filling up the DagBag from /home/airflow/.local/lib/python3.12/site-packages/airflow/example_dags/tutorial.py
[2025-07-01T04:57:52.294+0000] {processor.py:925} INFO - DAG(s) 'tutorial' retrieved from /home/airflow/.local/lib/python3.12/site-packages/airflow/example_dags/tutorial.py
[2025-07-01T04:57:52.316+0000] {logging_mixin.py:190} INFO - [2025-07-01T04:57:52.316+0000] {dag.py:3239} INFO - Sync 1 DAGs
[2025-07-01T04:57:52.340+0000] {logging_mixin.py:190} INFO - [2025-07-01T04:57:52.340+0000] {dag.py:4180} INFO - Setting next_dagrun for tutorial to 2025-06-30 00:00:00+00:00, run_after=2025-07-01 00:00:00+00:00
[2025-07-01T04:57:52.357+0000] {processor.py:208} INFO - Processing /home/airflow/.local/lib/python3.12/site-packages/airflow/example_dags/tutorial.py took 0.082 seconds
[2025-07-01T04:58:22.982+0000] {processor.py:186} INFO - Started process (PID=23846) to work on /home/airflow/.local/lib/python3.12/site-packages/airflow/example_dags/tutorial.py
[2025-07-01T04:58:22.983+0000] {processor.py:914} INFO - Processing file /home/airflow/.local/lib/python3.12/site-packages/airflow/example_dags/tutorial.py for tasks to queue
[2025-07-01T04:58:22.987+0000] {logging_mixin.py:190} INFO - [2025-07-01T04:58:22.986+0000] {dagbag.py:588} INFO - Filling up the DagBag from /home/airflow/.local/lib/python3.12/site-packages/airflow/example_dags/tutorial.py
[2025-07-01T04:58:22.996+0000] {processor.py:925} INFO - DAG(s) 'tutorial' retrieved from /home/airflow/.local/lib/python3.12/site-packages/airflow/example_dags/tutorial.py
[2025-07-01T04:58:23.017+0000] {logging_mixin.py:190} INFO - [2025-07-01T04:58:23.016+0000] {dag.py:3239} INFO - Sync 1 DAGs
[2025-07-01T04:58:23.039+0000] {logging_mixin.py:190} INFO - [2025-07-01T04:58:23.038+0000] {dag.py:4180} INFO - Setting next_dagrun for tutorial to 2025-06-30 00:00:00+00:00, run_after=2025-07-01 00:00:00+00:00
[2025-07-01T04:58:23.055+0000] {processor.py:208} INFO - Processing /home/airflow/.local/lib/python3.12/site-packages/airflow/example_dags/tutorial.py took 0.081 seconds
[2025-07-01T04:58:53.656+0000] {processor.py:186} INFO - Started process (PID=23908) to work on /home/airflow/.local/lib/python3.12/site-packages/airflow/example_dags/tutorial.py
[2025-07-01T04:58:53.657+0000] {processor.py:914} INFO - Processing file /home/airflow/.local/lib/python3.12/site-packages/airflow/example_dags/tutorial.py for tasks to queue
[2025-07-01T04:58:53.660+0000] {logging_mixin.py:190} INFO - [2025-07-01T04:58:53.660+0000] {dagbag.py:588} INFO - Filling up the DagBag from /home/airflow/.local/lib/python3.12/site-packages/airflow/example_dags/tutorial.py
[2025-07-01T04:58:53.668+0000] {processor.py:925} INFO - DAG(s) 'tutorial' retrieved from /home/airflow/.local/lib/python3.12/site-packages/airflow/example_dags/tutorial.py
[2025-07-01T04:58:53.687+0000] {logging_mixin.py:190} INFO - [2025-07-01T04:58:53.687+0000] {dag.py:3239} INFO - Sync 1 DAGs
[2025-07-01T04:58:53.710+0000] {logging_mixin.py:190} INFO - [2025-07-01T04:58:53.710+0000] {dag.py:4180} INFO - Setting next_dagrun for tutorial to 2025-06-30 00:00:00+00:00, run_after=2025-07-01 00:00:00+00:00
[2025-07-01T04:58:53.727+0000] {processor.py:208} INFO - Processing /home/airflow/.local/lib/python3.12/site-packages/airflow/example_dags/tutorial.py took 0.076 seconds
[2025-07-01T04:59:24.348+0000] {processor.py:186} INFO - Started process (PID=23970) to work on /home/airflow/.local/lib/python3.12/site-packages/airflow/example_dags/tutorial.py
[2025-07-01T04:59:24.349+0000] {processor.py:914} INFO - Processing file /home/airflow/.local/lib/python3.12/site-packages/airflow/example_dags/tutorial.py for tasks to queue
[2025-07-01T04:59:24.351+0000] {logging_mixin.py:190} INFO - [2025-07-01T04:59:24.351+0000] {dagbag.py:588} INFO - Filling up the DagBag from /home/airflow/.local/lib/python3.12/site-packages/airflow/example_dags/tutorial.py
[2025-07-01T04:59:24.359+0000] {processor.py:925} INFO - DAG(s) 'tutorial' retrieved from /home/airflow/.local/lib/python3.12/site-packages/airflow/example_dags/tutorial.py
[2025-07-01T04:59:24.379+0000] {logging_mixin.py:190} INFO - [2025-07-01T04:59:24.379+0000] {dag.py:3239} INFO - Sync 1 DAGs
[2025-07-01T04:59:24.400+0000] {logging_mixin.py:190} INFO - [2025-07-01T04:59:24.400+0000] {dag.py:4180} INFO - Setting next_dagrun for tutorial to 2025-06-30 00:00:00+00:00, run_after=2025-07-01 00:00:00+00:00
[2025-07-01T04:59:24.420+0000] {processor.py:208} INFO - Processing /home/airflow/.local/lib/python3.12/site-packages/airflow/example_dags/tutorial.py took 0.078 seconds
[2025-07-01T04:59:55.087+0000] {processor.py:186} INFO - Started process (PID=24032) to work on /home/airflow/.local/lib/python3.12/site-packages/airflow/example_dags/tutorial.py
[2025-07-01T04:59:55.088+0000] {processor.py:914} INFO - Processing file /home/airflow/.local/lib/python3.12/site-packages/airflow/example_dags/tutorial.py for tasks to queue
[2025-07-01T04:59:55.091+0000] {logging_mixin.py:190} INFO - [2025-07-01T04:59:55.091+0000] {dagbag.py:588} INFO - Filling up the DagBag from /home/airflow/.local/lib/python3.12/site-packages/airflow/example_dags/tutorial.py
[2025-07-01T04:59:55.098+0000] {processor.py:925} INFO - DAG(s) 'tutorial' retrieved from /home/airflow/.local/lib/python3.12/site-packages/airflow/example_dags/tutorial.py
[2025-07-01T04:59:55.117+0000] {logging_mixin.py:190} INFO - [2025-07-01T04:59:55.117+0000] {dag.py:3239} INFO - Sync 1 DAGs
[2025-07-01T04:59:55.140+0000] {logging_mixin.py:190} INFO - [2025-07-01T04:59:55.139+0000] {dag.py:4180} INFO - Setting next_dagrun for tutorial to 2025-06-30 00:00:00+00:00, run_after=2025-07-01 00:00:00+00:00
[2025-07-01T04:59:55.159+0000] {processor.py:208} INFO - Processing /home/airflow/.local/lib/python3.12/site-packages/airflow/example_dags/tutorial.py took 0.078 seconds
[2025-07-01T05:00:25.806+0000] {processor.py:186} INFO - Started process (PID=24094) to work on /home/airflow/.local/lib/python3.12/site-packages/airflow/example_dags/tutorial.py
[2025-07-01T05:00:25.807+0000] {processor.py:914} INFO - Processing file /home/airflow/.local/lib/python3.12/site-packages/airflow/example_dags/tutorial.py for tasks to queue
[2025-07-01T05:00:25.810+0000] {logging_mixin.py:190} INFO - [2025-07-01T05:00:25.809+0000] {dagbag.py:588} INFO - Filling up the DagBag from /home/airflow/.local/lib/python3.12/site-packages/airflow/example_dags/tutorial.py
[2025-07-01T05:00:25.818+0000] {processor.py:925} INFO - DAG(s) 'tutorial' retrieved from /home/airflow/.local/lib/python3.12/site-packages/airflow/example_dags/tutorial.py
[2025-07-01T05:00:25.837+0000] {logging_mixin.py:190} INFO - [2025-07-01T05:00:25.837+0000] {dag.py:3239} INFO - Sync 1 DAGs
[2025-07-01T05:00:25.863+0000] {logging_mixin.py:190} INFO - [2025-07-01T05:00:25.863+0000] {dag.py:4180} INFO - Setting next_dagrun for tutorial to 2025-06-30 00:00:00+00:00, run_after=2025-07-01 00:00:00+00:00
[2025-07-01T05:00:25.881+0000] {processor.py:208} INFO - Processing /home/airflow/.local/lib/python3.12/site-packages/airflow/example_dags/tutorial.py took 0.081 seconds
[2025-07-01T05:00:56.100+0000] {processor.py:186} INFO - Started process (PID=24156) to work on /home/airflow/.local/lib/python3.12/site-packages/airflow/example_dags/tutorial.py
[2025-07-01T05:00:56.102+0000] {processor.py:914} INFO - Processing file /home/airflow/.local/lib/python3.12/site-packages/airflow/example_dags/tutorial.py for tasks to queue
[2025-07-01T05:00:56.104+0000] {logging_mixin.py:190} INFO - [2025-07-01T05:00:56.104+0000] {dagbag.py:588} INFO - Filling up the DagBag from /home/airflow/.local/lib/python3.12/site-packages/airflow/example_dags/tutorial.py
[2025-07-01T05:00:56.112+0000] {processor.py:925} INFO - DAG(s) 'tutorial' retrieved from /home/airflow/.local/lib/python3.12/site-packages/airflow/example_dags/tutorial.py
[2025-07-01T05:00:56.131+0000] {logging_mixin.py:190} INFO - [2025-07-01T05:00:56.131+0000] {dag.py:3239} INFO - Sync 1 DAGs
[2025-07-01T05:00:56.153+0000] {logging_mixin.py:190} INFO - [2025-07-01T05:00:56.153+0000] {dag.py:4180} INFO - Setting next_dagrun for tutorial to 2025-06-30 00:00:00+00:00, run_after=2025-07-01 00:00:00+00:00
[2025-07-01T05:00:56.173+0000] {processor.py:208} INFO - Processing /home/airflow/.local/lib/python3.12/site-packages/airflow/example_dags/tutorial.py took 0.079 seconds
[2025-07-01T05:01:26.244+0000] {processor.py:186} INFO - Started process (PID=24218) to work on /home/airflow/.local/lib/python3.12/site-packages/airflow/example_dags/tutorial.py
[2025-07-01T05:01:26.245+0000] {processor.py:914} INFO - Processing file /home/airflow/.local/lib/python3.12/site-packages/airflow/example_dags/tutorial.py for tasks to queue
[2025-07-01T05:01:26.248+0000] {logging_mixin.py:190} INFO - [2025-07-01T05:01:26.247+0000] {dagbag.py:588} INFO - Filling up the DagBag from /home/airflow/.local/lib/python3.12/site-packages/airflow/example_dags/tutorial.py
[2025-07-01T05:01:26.256+0000] {processor.py:925} INFO - DAG(s) 'tutorial' retrieved from /home/airflow/.local/lib/python3.12/site-packages/airflow/example_dags/tutorial.py
[2025-07-01T05:01:26.275+0000] {logging_mixin.py:190} INFO - [2025-07-01T05:01:26.275+0000] {dag.py:3239} INFO - Sync 1 DAGs
[2025-07-01T05:01:26.298+0000] {logging_mixin.py:190} INFO - [2025-07-01T05:01:26.298+0000] {dag.py:4180} INFO - Setting next_dagrun for tutorial to 2025-06-30 00:00:00+00:00, run_after=2025-07-01 00:00:00+00:00
[2025-07-01T05:01:26.315+0000] {processor.py:208} INFO - Processing /home/airflow/.local/lib/python3.12/site-packages/airflow/example_dags/tutorial.py took 0.077 seconds
[2025-07-01T05:01:56.393+0000] {processor.py:186} INFO - Started process (PID=24280) to work on /home/airflow/.local/lib/python3.12/site-packages/airflow/example_dags/tutorial.py
[2025-07-01T05:01:56.395+0000] {processor.py:914} INFO - Processing file /home/airflow/.local/lib/python3.12/site-packages/airflow/example_dags/tutorial.py for tasks to queue
[2025-07-01T05:01:56.397+0000] {logging_mixin.py:190} INFO - [2025-07-01T05:01:56.397+0000] {dagbag.py:588} INFO - Filling up the DagBag from /home/airflow/.local/lib/python3.12/site-packages/airflow/example_dags/tutorial.py
[2025-07-01T05:01:56.406+0000] {processor.py:925} INFO - DAG(s) 'tutorial' retrieved from /home/airflow/.local/lib/python3.12/site-packages/airflow/example_dags/tutorial.py
[2025-07-01T05:01:56.424+0000] {logging_mixin.py:190} INFO - [2025-07-01T05:01:56.424+0000] {dag.py:3239} INFO - Sync 1 DAGs
[2025-07-01T05:01:56.445+0000] {logging_mixin.py:190} INFO - [2025-07-01T05:01:56.445+0000] {dag.py:4180} INFO - Setting next_dagrun for tutorial to 2025-06-30 00:00:00+00:00, run_after=2025-07-01 00:00:00+00:00
[2025-07-01T05:01:56.461+0000] {processor.py:208} INFO - Processing /home/airflow/.local/lib/python3.12/site-packages/airflow/example_dags/tutorial.py took 0.074 seconds
[2025-07-01T05:02:26.786+0000] {processor.py:186} INFO - Started process (PID=24342) to work on /home/airflow/.local/lib/python3.12/site-packages/airflow/example_dags/tutorial.py
[2025-07-01T05:02:26.787+0000] {processor.py:914} INFO - Processing file /home/airflow/.local/lib/python3.12/site-packages/airflow/example_dags/tutorial.py for tasks to queue
[2025-07-01T05:02:26.790+0000] {logging_mixin.py:190} INFO - [2025-07-01T05:02:26.789+0000] {dagbag.py:588} INFO - Filling up the DagBag from /home/airflow/.local/lib/python3.12/site-packages/airflow/example_dags/tutorial.py
[2025-07-01T05:02:26.799+0000] {processor.py:925} INFO - DAG(s) 'tutorial' retrieved from /home/airflow/.local/lib/python3.12/site-packages/airflow/example_dags/tutorial.py
[2025-07-01T05:02:26.820+0000] {logging_mixin.py:190} INFO - [2025-07-01T05:02:26.820+0000] {dag.py:3239} INFO - Sync 1 DAGs
[2025-07-01T05:02:26.842+0000] {logging_mixin.py:190} INFO - [2025-07-01T05:02:26.842+0000] {dag.py:4180} INFO - Setting next_dagrun for tutorial to 2025-06-30 00:00:00+00:00, run_after=2025-07-01 00:00:00+00:00
[2025-07-01T05:02:26.859+0000] {processor.py:208} INFO - Processing /home/airflow/.local/lib/python3.12/site-packages/airflow/example_dags/tutorial.py took 0.079 seconds
[2025-07-01T05:02:57.118+0000] {processor.py:186} INFO - Started process (PID=24404) to work on /home/airflow/.local/lib/python3.12/site-packages/airflow/example_dags/tutorial.py
[2025-07-01T05:02:57.119+0000] {processor.py:914} INFO - Processing file /home/airflow/.local/lib/python3.12/site-packages/airflow/example_dags/tutorial.py for tasks to queue
[2025-07-01T05:02:57.121+0000] {logging_mixin.py:190} INFO - [2025-07-01T05:02:57.121+0000] {dagbag.py:588} INFO - Filling up the DagBag from /home/airflow/.local/lib/python3.12/site-packages/airflow/example_dags/tutorial.py
[2025-07-01T05:02:57.130+0000] {processor.py:925} INFO - DAG(s) 'tutorial' retrieved from /home/airflow/.local/lib/python3.12/site-packages/airflow/example_dags/tutorial.py
[2025-07-01T05:02:57.158+0000] {logging_mixin.py:190} INFO - [2025-07-01T05:02:57.158+0000] {dag.py:3239} INFO - Sync 1 DAGs
[2025-07-01T05:02:57.191+0000] {logging_mixin.py:190} INFO - [2025-07-01T05:02:57.191+0000] {dag.py:4180} INFO - Setting next_dagrun for tutorial to 2025-06-30 00:00:00+00:00, run_after=2025-07-01 00:00:00+00:00
[2025-07-01T05:02:57.218+0000] {processor.py:208} INFO - Processing /home/airflow/.local/lib/python3.12/site-packages/airflow/example_dags/tutorial.py took 0.107 seconds
[2025-07-01T05:03:27.709+0000] {processor.py:186} INFO - Started process (PID=24466) to work on /home/airflow/.local/lib/python3.12/site-packages/airflow/example_dags/tutorial.py
[2025-07-01T05:03:27.710+0000] {processor.py:914} INFO - Processing file /home/airflow/.local/lib/python3.12/site-packages/airflow/example_dags/tutorial.py for tasks to queue
[2025-07-01T05:03:27.713+0000] {logging_mixin.py:190} INFO - [2025-07-01T05:03:27.712+0000] {dagbag.py:588} INFO - Filling up the DagBag from /home/airflow/.local/lib/python3.12/site-packages/airflow/example_dags/tutorial.py
[2025-07-01T05:03:27.721+0000] {processor.py:925} INFO - DAG(s) 'tutorial' retrieved from /home/airflow/.local/lib/python3.12/site-packages/airflow/example_dags/tutorial.py
[2025-07-01T05:03:27.743+0000] {logging_mixin.py:190} INFO - [2025-07-01T05:03:27.742+0000] {dag.py:3239} INFO - Sync 1 DAGs
[2025-07-01T05:03:27.765+0000] {logging_mixin.py:190} INFO - [2025-07-01T05:03:27.765+0000] {dag.py:4180} INFO - Setting next_dagrun for tutorial to 2025-06-30 00:00:00+00:00, run_after=2025-07-01 00:00:00+00:00
[2025-07-01T05:03:27.783+0000] {processor.py:208} INFO - Processing /home/airflow/.local/lib/python3.12/site-packages/airflow/example_dags/tutorial.py took 0.080 seconds
[2025-07-01T05:03:58.463+0000] {processor.py:186} INFO - Started process (PID=24528) to work on /home/airflow/.local/lib/python3.12/site-packages/airflow/example_dags/tutorial.py
[2025-07-01T05:03:58.464+0000] {processor.py:914} INFO - Processing file /home/airflow/.local/lib/python3.12/site-packages/airflow/example_dags/tutorial.py for tasks to queue
[2025-07-01T05:03:58.467+0000] {logging_mixin.py:190} INFO - [2025-07-01T05:03:58.467+0000] {dagbag.py:588} INFO - Filling up the DagBag from /home/airflow/.local/lib/python3.12/site-packages/airflow/example_dags/tutorial.py
[2025-07-01T05:03:58.476+0000] {processor.py:925} INFO - DAG(s) 'tutorial' retrieved from /home/airflow/.local/lib/python3.12/site-packages/airflow/example_dags/tutorial.py
[2025-07-01T05:03:58.496+0000] {logging_mixin.py:190} INFO - [2025-07-01T05:03:58.496+0000] {dag.py:3239} INFO - Sync 1 DAGs
[2025-07-01T05:03:58.518+0000] {logging_mixin.py:190} INFO - [2025-07-01T05:03:58.518+0000] {dag.py:4180} INFO - Setting next_dagrun for tutorial to 2025-06-30 00:00:00+00:00, run_after=2025-07-01 00:00:00+00:00
[2025-07-01T05:03:58.535+0000] {processor.py:208} INFO - Processing /home/airflow/.local/lib/python3.12/site-packages/airflow/example_dags/tutorial.py took 0.078 seconds
[2025-07-01T05:04:28.956+0000] {processor.py:186} INFO - Started process (PID=24596) to work on /home/airflow/.local/lib/python3.12/site-packages/airflow/example_dags/tutorial.py
[2025-07-01T05:04:28.958+0000] {processor.py:914} INFO - Processing file /home/airflow/.local/lib/python3.12/site-packages/airflow/example_dags/tutorial.py for tasks to queue
[2025-07-01T05:04:28.960+0000] {logging_mixin.py:190} INFO - [2025-07-01T05:04:28.960+0000] {dagbag.py:588} INFO - Filling up the DagBag from /home/airflow/.local/lib/python3.12/site-packages/airflow/example_dags/tutorial.py
[2025-07-01T05:04:28.968+0000] {processor.py:925} INFO - DAG(s) 'tutorial' retrieved from /home/airflow/.local/lib/python3.12/site-packages/airflow/example_dags/tutorial.py
[2025-07-01T05:04:28.988+0000] {logging_mixin.py:190} INFO - [2025-07-01T05:04:28.988+0000] {dag.py:3239} INFO - Sync 1 DAGs
[2025-07-01T05:04:29.013+0000] {logging_mixin.py:190} INFO - [2025-07-01T05:04:29.012+0000] {dag.py:4180} INFO - Setting next_dagrun for tutorial to 2025-06-30 00:00:00+00:00, run_after=2025-07-01 00:00:00+00:00
[2025-07-01T05:04:29.031+0000] {processor.py:208} INFO - Processing /home/airflow/.local/lib/python3.12/site-packages/airflow/example_dags/tutorial.py took 0.081 seconds
[2025-07-01T05:04:59.675+0000] {processor.py:186} INFO - Started process (PID=24658) to work on /home/airflow/.local/lib/python3.12/site-packages/airflow/example_dags/tutorial.py
[2025-07-01T05:04:59.676+0000] {processor.py:914} INFO - Processing file /home/airflow/.local/lib/python3.12/site-packages/airflow/example_dags/tutorial.py for tasks to queue
[2025-07-01T05:04:59.678+0000] {logging_mixin.py:190} INFO - [2025-07-01T05:04:59.678+0000] {dagbag.py:588} INFO - Filling up the DagBag from /home/airflow/.local/lib/python3.12/site-packages/airflow/example_dags/tutorial.py
[2025-07-01T05:04:59.686+0000] {processor.py:925} INFO - DAG(s) 'tutorial' retrieved from /home/airflow/.local/lib/python3.12/site-packages/airflow/example_dags/tutorial.py
[2025-07-01T05:04:59.706+0000] {logging_mixin.py:190} INFO - [2025-07-01T05:04:59.705+0000] {dag.py:3239} INFO - Sync 1 DAGs
[2025-07-01T05:04:59.729+0000] {logging_mixin.py:190} INFO - [2025-07-01T05:04:59.729+0000] {dag.py:4180} INFO - Setting next_dagrun for tutorial to 2025-06-30 00:00:00+00:00, run_after=2025-07-01 00:00:00+00:00
[2025-07-01T05:04:59.746+0000] {processor.py:208} INFO - Processing /home/airflow/.local/lib/python3.12/site-packages/airflow/example_dags/tutorial.py took 0.078 seconds
[2025-07-01T05:05:30.463+0000] {processor.py:186} INFO - Started process (PID=24720) to work on /home/airflow/.local/lib/python3.12/site-packages/airflow/example_dags/tutorial.py
[2025-07-01T05:05:30.464+0000] {processor.py:914} INFO - Processing file /home/airflow/.local/lib/python3.12/site-packages/airflow/example_dags/tutorial.py for tasks to queue
[2025-07-01T05:05:30.467+0000] {logging_mixin.py:190} INFO - [2025-07-01T05:05:30.467+0000] {dagbag.py:588} INFO - Filling up the DagBag from /home/airflow/.local/lib/python3.12/site-packages/airflow/example_dags/tutorial.py
[2025-07-01T05:05:30.475+0000] {processor.py:925} INFO - DAG(s) 'tutorial' retrieved from /home/airflow/.local/lib/python3.12/site-packages/airflow/example_dags/tutorial.py
[2025-07-01T05:05:30.494+0000] {logging_mixin.py:190} INFO - [2025-07-01T05:05:30.494+0000] {dag.py:3239} INFO - Sync 1 DAGs
[2025-07-01T05:05:30.517+0000] {logging_mixin.py:190} INFO - [2025-07-01T05:05:30.517+0000] {dag.py:4180} INFO - Setting next_dagrun for tutorial to 2025-06-30 00:00:00+00:00, run_after=2025-07-01 00:00:00+00:00
[2025-07-01T05:05:30.534+0000] {processor.py:208} INFO - Processing /home/airflow/.local/lib/python3.12/site-packages/airflow/example_dags/tutorial.py took 0.077 seconds
[2025-07-01T05:06:01.295+0000] {processor.py:186} INFO - Started process (PID=24782) to work on /home/airflow/.local/lib/python3.12/site-packages/airflow/example_dags/tutorial.py
[2025-07-01T05:06:01.296+0000] {processor.py:914} INFO - Processing file /home/airflow/.local/lib/python3.12/site-packages/airflow/example_dags/tutorial.py for tasks to queue
[2025-07-01T05:06:01.299+0000] {logging_mixin.py:190} INFO - [2025-07-01T05:06:01.299+0000] {dagbag.py:588} INFO - Filling up the DagBag from /home/airflow/.local/lib/python3.12/site-packages/airflow/example_dags/tutorial.py
[2025-07-01T05:06:01.308+0000] {processor.py:925} INFO - DAG(s) 'tutorial' retrieved from /home/airflow/.local/lib/python3.12/site-packages/airflow/example_dags/tutorial.py
[2025-07-01T05:06:01.330+0000] {logging_mixin.py:190} INFO - [2025-07-01T05:06:01.330+0000] {dag.py:3239} INFO - Sync 1 DAGs
[2025-07-01T05:06:01.354+0000] {logging_mixin.py:190} INFO - [2025-07-01T05:06:01.353+0000] {dag.py:4180} INFO - Setting next_dagrun for tutorial to 2025-06-30 00:00:00+00:00, run_after=2025-07-01 00:00:00+00:00
[2025-07-01T05:06:01.371+0000] {processor.py:208} INFO - Processing /home/airflow/.local/lib/python3.12/site-packages/airflow/example_dags/tutorial.py took 0.082 seconds
[2025-07-01T05:06:32.111+0000] {processor.py:186} INFO - Started process (PID=24844) to work on /home/airflow/.local/lib/python3.12/site-packages/airflow/example_dags/tutorial.py
[2025-07-01T05:06:32.112+0000] {processor.py:914} INFO - Processing file /home/airflow/.local/lib/python3.12/site-packages/airflow/example_dags/tutorial.py for tasks to queue
[2025-07-01T05:06:32.115+0000] {logging_mixin.py:190} INFO - [2025-07-01T05:06:32.115+0000] {dagbag.py:588} INFO - Filling up the DagBag from /home/airflow/.local/lib/python3.12/site-packages/airflow/example_dags/tutorial.py
[2025-07-01T05:06:32.127+0000] {processor.py:925} INFO - DAG(s) 'tutorial' retrieved from /home/airflow/.local/lib/python3.12/site-packages/airflow/example_dags/tutorial.py
[2025-07-01T05:06:32.149+0000] {logging_mixin.py:190} INFO - [2025-07-01T05:06:32.149+0000] {dag.py:3239} INFO - Sync 1 DAGs
[2025-07-01T05:06:32.172+0000] {logging_mixin.py:190} INFO - [2025-07-01T05:06:32.172+0000] {dag.py:4180} INFO - Setting next_dagrun for tutorial to 2025-06-30 00:00:00+00:00, run_after=2025-07-01 00:00:00+00:00
[2025-07-01T05:06:32.191+0000] {processor.py:208} INFO - Processing /home/airflow/.local/lib/python3.12/site-packages/airflow/example_dags/tutorial.py took 0.086 seconds
[2025-07-01T05:07:02.790+0000] {processor.py:186} INFO - Started process (PID=24906) to work on /home/airflow/.local/lib/python3.12/site-packages/airflow/example_dags/tutorial.py
[2025-07-01T05:07:02.791+0000] {processor.py:914} INFO - Processing file /home/airflow/.local/lib/python3.12/site-packages/airflow/example_dags/tutorial.py for tasks to queue
[2025-07-01T05:07:02.793+0000] {logging_mixin.py:190} INFO - [2025-07-01T05:07:02.793+0000] {dagbag.py:588} INFO - Filling up the DagBag from /home/airflow/.local/lib/python3.12/site-packages/airflow/example_dags/tutorial.py
[2025-07-01T05:07:02.801+0000] {processor.py:925} INFO - DAG(s) 'tutorial' retrieved from /home/airflow/.local/lib/python3.12/site-packages/airflow/example_dags/tutorial.py
[2025-07-01T05:07:02.821+0000] {logging_mixin.py:190} INFO - [2025-07-01T05:07:02.821+0000] {dag.py:3239} INFO - Sync 1 DAGs
[2025-07-01T05:07:02.843+0000] {logging_mixin.py:190} INFO - [2025-07-01T05:07:02.842+0000] {dag.py:4180} INFO - Setting next_dagrun for tutorial to 2025-06-30 00:00:00+00:00, run_after=2025-07-01 00:00:00+00:00
[2025-07-01T05:07:02.860+0000] {processor.py:208} INFO - Processing /home/airflow/.local/lib/python3.12/site-packages/airflow/example_dags/tutorial.py took 0.077 seconds
[2025-07-01T05:07:33.553+0000] {processor.py:186} INFO - Started process (PID=24968) to work on /home/airflow/.local/lib/python3.12/site-packages/airflow/example_dags/tutorial.py
[2025-07-01T05:07:33.554+0000] {processor.py:914} INFO - Processing file /home/airflow/.local/lib/python3.12/site-packages/airflow/example_dags/tutorial.py for tasks to queue
[2025-07-01T05:07:33.557+0000] {logging_mixin.py:190} INFO - [2025-07-01T05:07:33.556+0000] {dagbag.py:588} INFO - Filling up the DagBag from /home/airflow/.local/lib/python3.12/site-packages/airflow/example_dags/tutorial.py
[2025-07-01T05:07:33.565+0000] {processor.py:925} INFO - DAG(s) 'tutorial' retrieved from /home/airflow/.local/lib/python3.12/site-packages/airflow/example_dags/tutorial.py
[2025-07-01T05:07:33.584+0000] {logging_mixin.py:190} INFO - [2025-07-01T05:07:33.584+0000] {dag.py:3239} INFO - Sync 1 DAGs
[2025-07-01T05:07:33.607+0000] {logging_mixin.py:190} INFO - [2025-07-01T05:07:33.606+0000] {dag.py:4180} INFO - Setting next_dagrun for tutorial to 2025-06-30 00:00:00+00:00, run_after=2025-07-01 00:00:00+00:00
[2025-07-01T05:07:33.625+0000] {processor.py:208} INFO - Processing /home/airflow/.local/lib/python3.12/site-packages/airflow/example_dags/tutorial.py took 0.078 seconds
[2025-07-01T05:08:04.476+0000] {processor.py:186} INFO - Started process (PID=25030) to work on /home/airflow/.local/lib/python3.12/site-packages/airflow/example_dags/tutorial.py
[2025-07-01T05:08:04.477+0000] {processor.py:914} INFO - Processing file /home/airflow/.local/lib/python3.12/site-packages/airflow/example_dags/tutorial.py for tasks to queue
[2025-07-01T05:08:04.480+0000] {logging_mixin.py:190} INFO - [2025-07-01T05:08:04.479+0000] {dagbag.py:588} INFO - Filling up the DagBag from /home/airflow/.local/lib/python3.12/site-packages/airflow/example_dags/tutorial.py
[2025-07-01T05:08:04.488+0000] {processor.py:925} INFO - DAG(s) 'tutorial' retrieved from /home/airflow/.local/lib/python3.12/site-packages/airflow/example_dags/tutorial.py
[2025-07-01T05:08:04.511+0000] {logging_mixin.py:190} INFO - [2025-07-01T05:08:04.511+0000] {dag.py:3239} INFO - Sync 1 DAGs
[2025-07-01T05:08:04.535+0000] {logging_mixin.py:190} INFO - [2025-07-01T05:08:04.535+0000] {dag.py:4180} INFO - Setting next_dagrun for tutorial to 2025-06-30 00:00:00+00:00, run_after=2025-07-01 00:00:00+00:00
[2025-07-01T05:08:04.555+0000] {processor.py:208} INFO - Processing /home/airflow/.local/lib/python3.12/site-packages/airflow/example_dags/tutorial.py took 0.085 seconds
[2025-07-01T05:08:34.614+0000] {processor.py:186} INFO - Started process (PID=25093) to work on /home/airflow/.local/lib/python3.12/site-packages/airflow/example_dags/tutorial.py
[2025-07-01T05:08:34.615+0000] {processor.py:914} INFO - Processing file /home/airflow/.local/lib/python3.12/site-packages/airflow/example_dags/tutorial.py for tasks to queue
[2025-07-01T05:08:34.618+0000] {logging_mixin.py:190} INFO - [2025-07-01T05:08:34.618+0000] {dagbag.py:588} INFO - Filling up the DagBag from /home/airflow/.local/lib/python3.12/site-packages/airflow/example_dags/tutorial.py
[2025-07-01T05:08:34.626+0000] {processor.py:925} INFO - DAG(s) 'tutorial' retrieved from /home/airflow/.local/lib/python3.12/site-packages/airflow/example_dags/tutorial.py
[2025-07-01T05:08:34.646+0000] {logging_mixin.py:190} INFO - [2025-07-01T05:08:34.645+0000] {dag.py:3239} INFO - Sync 1 DAGs
[2025-07-01T05:08:34.668+0000] {logging_mixin.py:190} INFO - [2025-07-01T05:08:34.667+0000] {dag.py:4180} INFO - Setting next_dagrun for tutorial to 2025-06-30 00:00:00+00:00, run_after=2025-07-01 00:00:00+00:00
[2025-07-01T05:08:34.684+0000] {processor.py:208} INFO - Processing /home/airflow/.local/lib/python3.12/site-packages/airflow/example_dags/tutorial.py took 0.077 seconds
[2025-07-01T05:09:04.851+0000] {processor.py:186} INFO - Started process (PID=25154) to work on /home/airflow/.local/lib/python3.12/site-packages/airflow/example_dags/tutorial.py
[2025-07-01T05:09:04.852+0000] {processor.py:914} INFO - Processing file /home/airflow/.local/lib/python3.12/site-packages/airflow/example_dags/tutorial.py for tasks to queue
[2025-07-01T05:09:04.855+0000] {logging_mixin.py:190} INFO - [2025-07-01T05:09:04.854+0000] {dagbag.py:588} INFO - Filling up the DagBag from /home/airflow/.local/lib/python3.12/site-packages/airflow/example_dags/tutorial.py
[2025-07-01T05:09:04.864+0000] {processor.py:925} INFO - DAG(s) 'tutorial' retrieved from /home/airflow/.local/lib/python3.12/site-packages/airflow/example_dags/tutorial.py
[2025-07-01T05:09:04.885+0000] {logging_mixin.py:190} INFO - [2025-07-01T05:09:04.884+0000] {dag.py:3239} INFO - Sync 1 DAGs
[2025-07-01T05:09:04.906+0000] {logging_mixin.py:190} INFO - [2025-07-01T05:09:04.906+0000] {dag.py:4180} INFO - Setting next_dagrun for tutorial to 2025-06-30 00:00:00+00:00, run_after=2025-07-01 00:00:00+00:00
[2025-07-01T05:09:04.924+0000] {processor.py:208} INFO - Processing /home/airflow/.local/lib/python3.12/site-packages/airflow/example_dags/tutorial.py took 0.082 seconds
[2025-07-01T05:09:35.769+0000] {processor.py:186} INFO - Started process (PID=25216) to work on /home/airflow/.local/lib/python3.12/site-packages/airflow/example_dags/tutorial.py
[2025-07-01T05:09:35.770+0000] {processor.py:914} INFO - Processing file /home/airflow/.local/lib/python3.12/site-packages/airflow/example_dags/tutorial.py for tasks to queue
[2025-07-01T05:09:35.773+0000] {logging_mixin.py:190} INFO - [2025-07-01T05:09:35.772+0000] {dagbag.py:588} INFO - Filling up the DagBag from /home/airflow/.local/lib/python3.12/site-packages/airflow/example_dags/tutorial.py
[2025-07-01T05:09:35.781+0000] {processor.py:925} INFO - DAG(s) 'tutorial' retrieved from /home/airflow/.local/lib/python3.12/site-packages/airflow/example_dags/tutorial.py
[2025-07-01T05:09:35.800+0000] {logging_mixin.py:190} INFO - [2025-07-01T05:09:35.800+0000] {dag.py:3239} INFO - Sync 1 DAGs
[2025-07-01T05:09:35.823+0000] {logging_mixin.py:190} INFO - [2025-07-01T05:09:35.823+0000] {dag.py:4180} INFO - Setting next_dagrun for tutorial to 2025-06-30 00:00:00+00:00, run_after=2025-07-01 00:00:00+00:00
[2025-07-01T05:09:35.840+0000] {processor.py:208} INFO - Processing /home/airflow/.local/lib/python3.12/site-packages/airflow/example_dags/tutorial.py took 0.078 seconds
[2025-07-01T05:10:06.496+0000] {processor.py:186} INFO - Started process (PID=25278) to work on /home/airflow/.local/lib/python3.12/site-packages/airflow/example_dags/tutorial.py
[2025-07-01T05:10:06.498+0000] {processor.py:914} INFO - Processing file /home/airflow/.local/lib/python3.12/site-packages/airflow/example_dags/tutorial.py for tasks to queue
[2025-07-01T05:10:06.501+0000] {logging_mixin.py:190} INFO - [2025-07-01T05:10:06.500+0000] {dagbag.py:588} INFO - Filling up the DagBag from /home/airflow/.local/lib/python3.12/site-packages/airflow/example_dags/tutorial.py
[2025-07-01T05:10:06.509+0000] {processor.py:925} INFO - DAG(s) 'tutorial' retrieved from /home/airflow/.local/lib/python3.12/site-packages/airflow/example_dags/tutorial.py
[2025-07-01T05:10:06.529+0000] {logging_mixin.py:190} INFO - [2025-07-01T05:10:06.529+0000] {dag.py:3239} INFO - Sync 1 DAGs
[2025-07-01T05:10:06.552+0000] {logging_mixin.py:190} INFO - [2025-07-01T05:10:06.552+0000] {dag.py:4180} INFO - Setting next_dagrun for tutorial to 2025-06-30 00:00:00+00:00, run_after=2025-07-01 00:00:00+00:00
[2025-07-01T05:10:06.569+0000] {processor.py:208} INFO - Processing /home/airflow/.local/lib/python3.12/site-packages/airflow/example_dags/tutorial.py took 0.079 seconds
[2025-07-01T05:10:37.324+0000] {processor.py:186} INFO - Started process (PID=25340) to work on /home/airflow/.local/lib/python3.12/site-packages/airflow/example_dags/tutorial.py
[2025-07-01T05:10:37.325+0000] {processor.py:914} INFO - Processing file /home/airflow/.local/lib/python3.12/site-packages/airflow/example_dags/tutorial.py for tasks to queue
[2025-07-01T05:10:37.328+0000] {logging_mixin.py:190} INFO - [2025-07-01T05:10:37.327+0000] {dagbag.py:588} INFO - Filling up the DagBag from /home/airflow/.local/lib/python3.12/site-packages/airflow/example_dags/tutorial.py
[2025-07-01T05:10:37.336+0000] {processor.py:925} INFO - DAG(s) 'tutorial' retrieved from /home/airflow/.local/lib/python3.12/site-packages/airflow/example_dags/tutorial.py
[2025-07-01T05:10:37.357+0000] {logging_mixin.py:190} INFO - [2025-07-01T05:10:37.356+0000] {dag.py:3239} INFO - Sync 1 DAGs
[2025-07-01T05:10:37.379+0000] {logging_mixin.py:190} INFO - [2025-07-01T05:10:37.379+0000] {dag.py:4180} INFO - Setting next_dagrun for tutorial to 2025-06-30 00:00:00+00:00, run_after=2025-07-01 00:00:00+00:00
[2025-07-01T05:10:37.396+0000] {processor.py:208} INFO - Processing /home/airflow/.local/lib/python3.12/site-packages/airflow/example_dags/tutorial.py took 0.078 seconds
[2025-07-01T05:11:08.156+0000] {processor.py:186} INFO - Started process (PID=25402) to work on /home/airflow/.local/lib/python3.12/site-packages/airflow/example_dags/tutorial.py
[2025-07-01T05:11:08.157+0000] {processor.py:914} INFO - Processing file /home/airflow/.local/lib/python3.12/site-packages/airflow/example_dags/tutorial.py for tasks to queue
[2025-07-01T05:11:08.160+0000] {logging_mixin.py:190} INFO - [2025-07-01T05:11:08.159+0000] {dagbag.py:588} INFO - Filling up the DagBag from /home/airflow/.local/lib/python3.12/site-packages/airflow/example_dags/tutorial.py
[2025-07-01T05:11:08.168+0000] {processor.py:925} INFO - DAG(s) 'tutorial' retrieved from /home/airflow/.local/lib/python3.12/site-packages/airflow/example_dags/tutorial.py
[2025-07-01T05:11:08.186+0000] {logging_mixin.py:190} INFO - [2025-07-01T05:11:08.186+0000] {dag.py:3239} INFO - Sync 1 DAGs
[2025-07-01T05:11:08.210+0000] {logging_mixin.py:190} INFO - [2025-07-01T05:11:08.210+0000] {dag.py:4180} INFO - Setting next_dagrun for tutorial to 2025-06-30 00:00:00+00:00, run_after=2025-07-01 00:00:00+00:00
[2025-07-01T05:11:08.227+0000] {processor.py:208} INFO - Processing /home/airflow/.local/lib/python3.12/site-packages/airflow/example_dags/tutorial.py took 0.077 seconds
[2025-07-01T05:11:38.769+0000] {processor.py:186} INFO - Started process (PID=25464) to work on /home/airflow/.local/lib/python3.12/site-packages/airflow/example_dags/tutorial.py
[2025-07-01T05:11:38.770+0000] {processor.py:914} INFO - Processing file /home/airflow/.local/lib/python3.12/site-packages/airflow/example_dags/tutorial.py for tasks to queue
[2025-07-01T05:11:38.773+0000] {logging_mixin.py:190} INFO - [2025-07-01T05:11:38.772+0000] {dagbag.py:588} INFO - Filling up the DagBag from /home/airflow/.local/lib/python3.12/site-packages/airflow/example_dags/tutorial.py
[2025-07-01T05:11:38.782+0000] {processor.py:925} INFO - DAG(s) 'tutorial' retrieved from /home/airflow/.local/lib/python3.12/site-packages/airflow/example_dags/tutorial.py
[2025-07-01T05:11:38.801+0000] {logging_mixin.py:190} INFO - [2025-07-01T05:11:38.801+0000] {dag.py:3239} INFO - Sync 1 DAGs
[2025-07-01T05:11:38.823+0000] {logging_mixin.py:190} INFO - [2025-07-01T05:11:38.823+0000] {dag.py:4180} INFO - Setting next_dagrun for tutorial to 2025-06-30 00:00:00+00:00, run_after=2025-07-01 00:00:00+00:00
[2025-07-01T05:11:38.839+0000] {processor.py:208} INFO - Processing /home/airflow/.local/lib/python3.12/site-packages/airflow/example_dags/tutorial.py took 0.077 seconds
[2025-07-01T05:12:09.568+0000] {processor.py:186} INFO - Started process (PID=25526) to work on /home/airflow/.local/lib/python3.12/site-packages/airflow/example_dags/tutorial.py
[2025-07-01T05:12:09.570+0000] {processor.py:914} INFO - Processing file /home/airflow/.local/lib/python3.12/site-packages/airflow/example_dags/tutorial.py for tasks to queue
[2025-07-01T05:12:09.572+0000] {logging_mixin.py:190} INFO - [2025-07-01T05:12:09.572+0000] {dagbag.py:588} INFO - Filling up the DagBag from /home/airflow/.local/lib/python3.12/site-packages/airflow/example_dags/tutorial.py
[2025-07-01T05:12:09.581+0000] {processor.py:925} INFO - DAG(s) 'tutorial' retrieved from /home/airflow/.local/lib/python3.12/site-packages/airflow/example_dags/tutorial.py
[2025-07-01T05:12:09.600+0000] {logging_mixin.py:190} INFO - [2025-07-01T05:12:09.600+0000] {dag.py:3239} INFO - Sync 1 DAGs
[2025-07-01T05:12:09.624+0000] {logging_mixin.py:190} INFO - [2025-07-01T05:12:09.623+0000] {dag.py:4180} INFO - Setting next_dagrun for tutorial to 2025-06-30 00:00:00+00:00, run_after=2025-07-01 00:00:00+00:00
[2025-07-01T05:12:09.640+0000] {processor.py:208} INFO - Processing /home/airflow/.local/lib/python3.12/site-packages/airflow/example_dags/tutorial.py took 0.078 seconds
[2025-07-01T05:12:40.272+0000] {processor.py:186} INFO - Started process (PID=25588) to work on /home/airflow/.local/lib/python3.12/site-packages/airflow/example_dags/tutorial.py
[2025-07-01T05:12:40.273+0000] {processor.py:914} INFO - Processing file /home/airflow/.local/lib/python3.12/site-packages/airflow/example_dags/tutorial.py for tasks to queue
[2025-07-01T05:12:40.276+0000] {logging_mixin.py:190} INFO - [2025-07-01T05:12:40.276+0000] {dagbag.py:588} INFO - Filling up the DagBag from /home/airflow/.local/lib/python3.12/site-packages/airflow/example_dags/tutorial.py
[2025-07-01T05:12:40.284+0000] {processor.py:925} INFO - DAG(s) 'tutorial' retrieved from /home/airflow/.local/lib/python3.12/site-packages/airflow/example_dags/tutorial.py
[2025-07-01T05:12:40.304+0000] {logging_mixin.py:190} INFO - [2025-07-01T05:12:40.303+0000] {dag.py:3239} INFO - Sync 1 DAGs
[2025-07-01T05:12:40.325+0000] {logging_mixin.py:190} INFO - [2025-07-01T05:12:40.325+0000] {dag.py:4180} INFO - Setting next_dagrun for tutorial to 2025-06-30 00:00:00+00:00, run_after=2025-07-01 00:00:00+00:00
[2025-07-01T05:12:40.344+0000] {processor.py:208} INFO - Processing /home/airflow/.local/lib/python3.12/site-packages/airflow/example_dags/tutorial.py took 0.078 seconds
[2025-07-01T05:13:10.814+0000] {processor.py:186} INFO - Started process (PID=25650) to work on /home/airflow/.local/lib/python3.12/site-packages/airflow/example_dags/tutorial.py
[2025-07-01T05:13:10.815+0000] {processor.py:914} INFO - Processing file /home/airflow/.local/lib/python3.12/site-packages/airflow/example_dags/tutorial.py for tasks to queue
[2025-07-01T05:13:10.818+0000] {logging_mixin.py:190} INFO - [2025-07-01T05:13:10.818+0000] {dagbag.py:588} INFO - Filling up the DagBag from /home/airflow/.local/lib/python3.12/site-packages/airflow/example_dags/tutorial.py
[2025-07-01T05:13:10.826+0000] {processor.py:925} INFO - DAG(s) 'tutorial' retrieved from /home/airflow/.local/lib/python3.12/site-packages/airflow/example_dags/tutorial.py
[2025-07-01T05:13:10.846+0000] {logging_mixin.py:190} INFO - [2025-07-01T05:13:10.846+0000] {dag.py:3239} INFO - Sync 1 DAGs
[2025-07-01T05:13:10.868+0000] {logging_mixin.py:190} INFO - [2025-07-01T05:13:10.868+0000] {dag.py:4180} INFO - Setting next_dagrun for tutorial to 2025-06-30 00:00:00+00:00, run_after=2025-07-01 00:00:00+00:00
[2025-07-01T05:13:10.891+0000] {processor.py:208} INFO - Processing /home/airflow/.local/lib/python3.12/site-packages/airflow/example_dags/tutorial.py took 0.083 seconds
[2025-07-01T05:13:41.241+0000] {processor.py:186} INFO - Started process (PID=25712) to work on /home/airflow/.local/lib/python3.12/site-packages/airflow/example_dags/tutorial.py
[2025-07-01T05:13:41.243+0000] {processor.py:914} INFO - Processing file /home/airflow/.local/lib/python3.12/site-packages/airflow/example_dags/tutorial.py for tasks to queue
[2025-07-01T05:13:41.245+0000] {logging_mixin.py:190} INFO - [2025-07-01T05:13:41.245+0000] {dagbag.py:588} INFO - Filling up the DagBag from /home/airflow/.local/lib/python3.12/site-packages/airflow/example_dags/tutorial.py
[2025-07-01T05:13:41.255+0000] {processor.py:925} INFO - DAG(s) 'tutorial' retrieved from /home/airflow/.local/lib/python3.12/site-packages/airflow/example_dags/tutorial.py
[2025-07-01T05:13:41.274+0000] {logging_mixin.py:190} INFO - [2025-07-01T05:13:41.274+0000] {dag.py:3239} INFO - Sync 1 DAGs
[2025-07-01T05:13:41.299+0000] {logging_mixin.py:190} INFO - [2025-07-01T05:13:41.299+0000] {dag.py:4180} INFO - Setting next_dagrun for tutorial to 2025-06-30 00:00:00+00:00, run_after=2025-07-01 00:00:00+00:00
[2025-07-01T05:13:41.319+0000] {processor.py:208} INFO - Processing /home/airflow/.local/lib/python3.12/site-packages/airflow/example_dags/tutorial.py took 0.084 seconds
[2025-07-01T05:14:11.824+0000] {processor.py:186} INFO - Started process (PID=25774) to work on /home/airflow/.local/lib/python3.12/site-packages/airflow/example_dags/tutorial.py
[2025-07-01T05:14:11.826+0000] {processor.py:914} INFO - Processing file /home/airflow/.local/lib/python3.12/site-packages/airflow/example_dags/tutorial.py for tasks to queue
[2025-07-01T05:14:11.828+0000] {logging_mixin.py:190} INFO - [2025-07-01T05:14:11.828+0000] {dagbag.py:588} INFO - Filling up the DagBag from /home/airflow/.local/lib/python3.12/site-packages/airflow/example_dags/tutorial.py
[2025-07-01T05:14:11.836+0000] {processor.py:925} INFO - DAG(s) 'tutorial' retrieved from /home/airflow/.local/lib/python3.12/site-packages/airflow/example_dags/tutorial.py
[2025-07-01T05:14:11.855+0000] {logging_mixin.py:190} INFO - [2025-07-01T05:14:11.855+0000] {dag.py:3239} INFO - Sync 1 DAGs
[2025-07-01T05:14:11.877+0000] {logging_mixin.py:190} INFO - [2025-07-01T05:14:11.877+0000] {dag.py:4180} INFO - Setting next_dagrun for tutorial to 2025-06-30 00:00:00+00:00, run_after=2025-07-01 00:00:00+00:00
[2025-07-01T05:14:11.894+0000] {processor.py:208} INFO - Processing /home/airflow/.local/lib/python3.12/site-packages/airflow/example_dags/tutorial.py took 0.075 seconds
[2025-07-01T05:14:42.335+0000] {processor.py:186} INFO - Started process (PID=25836) to work on /home/airflow/.local/lib/python3.12/site-packages/airflow/example_dags/tutorial.py
[2025-07-01T05:14:42.336+0000] {processor.py:914} INFO - Processing file /home/airflow/.local/lib/python3.12/site-packages/airflow/example_dags/tutorial.py for tasks to queue
[2025-07-01T05:14:42.339+0000] {logging_mixin.py:190} INFO - [2025-07-01T05:14:42.338+0000] {dagbag.py:588} INFO - Filling up the DagBag from /home/airflow/.local/lib/python3.12/site-packages/airflow/example_dags/tutorial.py
[2025-07-01T05:14:42.347+0000] {processor.py:925} INFO - DAG(s) 'tutorial' retrieved from /home/airflow/.local/lib/python3.12/site-packages/airflow/example_dags/tutorial.py
[2025-07-01T05:14:42.366+0000] {logging_mixin.py:190} INFO - [2025-07-01T05:14:42.365+0000] {dag.py:3239} INFO - Sync 1 DAGs
[2025-07-01T05:14:42.387+0000] {logging_mixin.py:190} INFO - [2025-07-01T05:14:42.386+0000] {dag.py:4180} INFO - Setting next_dagrun for tutorial to 2025-06-30 00:00:00+00:00, run_after=2025-07-01 00:00:00+00:00
[2025-07-01T05:14:42.403+0000] {processor.py:208} INFO - Processing /home/airflow/.local/lib/python3.12/site-packages/airflow/example_dags/tutorial.py took 0.075 seconds
[2025-07-01T05:15:12.942+0000] {processor.py:186} INFO - Started process (PID=25898) to work on /home/airflow/.local/lib/python3.12/site-packages/airflow/example_dags/tutorial.py
[2025-07-01T05:15:12.944+0000] {processor.py:914} INFO - Processing file /home/airflow/.local/lib/python3.12/site-packages/airflow/example_dags/tutorial.py for tasks to queue
[2025-07-01T05:15:12.946+0000] {logging_mixin.py:190} INFO - [2025-07-01T05:15:12.946+0000] {dagbag.py:588} INFO - Filling up the DagBag from /home/airflow/.local/lib/python3.12/site-packages/airflow/example_dags/tutorial.py
[2025-07-01T05:15:12.955+0000] {processor.py:925} INFO - DAG(s) 'tutorial' retrieved from /home/airflow/.local/lib/python3.12/site-packages/airflow/example_dags/tutorial.py
[2025-07-01T05:15:12.978+0000] {logging_mixin.py:190} INFO - [2025-07-01T05:15:12.977+0000] {dag.py:3239} INFO - Sync 1 DAGs
[2025-07-01T05:15:13.003+0000] {logging_mixin.py:190} INFO - [2025-07-01T05:15:13.003+0000] {dag.py:4180} INFO - Setting next_dagrun for tutorial to 2025-06-30 00:00:00+00:00, run_after=2025-07-01 00:00:00+00:00
[2025-07-01T05:15:13.020+0000] {processor.py:208} INFO - Processing /home/airflow/.local/lib/python3.12/site-packages/airflow/example_dags/tutorial.py took 0.085 seconds
[2025-07-01T05:15:43.653+0000] {processor.py:186} INFO - Started process (PID=25960) to work on /home/airflow/.local/lib/python3.12/site-packages/airflow/example_dags/tutorial.py
[2025-07-01T05:15:43.654+0000] {processor.py:914} INFO - Processing file /home/airflow/.local/lib/python3.12/site-packages/airflow/example_dags/tutorial.py for tasks to queue
[2025-07-01T05:15:43.656+0000] {logging_mixin.py:190} INFO - [2025-07-01T05:15:43.656+0000] {dagbag.py:588} INFO - Filling up the DagBag from /home/airflow/.local/lib/python3.12/site-packages/airflow/example_dags/tutorial.py
[2025-07-01T05:15:43.665+0000] {processor.py:925} INFO - DAG(s) 'tutorial' retrieved from /home/airflow/.local/lib/python3.12/site-packages/airflow/example_dags/tutorial.py
[2025-07-01T05:15:43.685+0000] {logging_mixin.py:190} INFO - [2025-07-01T05:15:43.685+0000] {dag.py:3239} INFO - Sync 1 DAGs
[2025-07-01T05:15:43.708+0000] {logging_mixin.py:190} INFO - [2025-07-01T05:15:43.708+0000] {dag.py:4180} INFO - Setting next_dagrun for tutorial to 2025-06-30 00:00:00+00:00, run_after=2025-07-01 00:00:00+00:00
[2025-07-01T05:15:43.726+0000] {processor.py:208} INFO - Processing /home/airflow/.local/lib/python3.12/site-packages/airflow/example_dags/tutorial.py took 0.079 seconds
[2025-07-01T05:16:14.388+0000] {processor.py:186} INFO - Started process (PID=26022) to work on /home/airflow/.local/lib/python3.12/site-packages/airflow/example_dags/tutorial.py
[2025-07-01T05:16:14.389+0000] {processor.py:914} INFO - Processing file /home/airflow/.local/lib/python3.12/site-packages/airflow/example_dags/tutorial.py for tasks to queue
[2025-07-01T05:16:14.392+0000] {logging_mixin.py:190} INFO - [2025-07-01T05:16:14.391+0000] {dagbag.py:588} INFO - Filling up the DagBag from /home/airflow/.local/lib/python3.12/site-packages/airflow/example_dags/tutorial.py
[2025-07-01T05:16:14.400+0000] {processor.py:925} INFO - DAG(s) 'tutorial' retrieved from /home/airflow/.local/lib/python3.12/site-packages/airflow/example_dags/tutorial.py
[2025-07-01T05:16:14.420+0000] {logging_mixin.py:190} INFO - [2025-07-01T05:16:14.420+0000] {dag.py:3239} INFO - Sync 1 DAGs
[2025-07-01T05:16:14.443+0000] {logging_mixin.py:190} INFO - [2025-07-01T05:16:14.442+0000] {dag.py:4180} INFO - Setting next_dagrun for tutorial to 2025-06-30 00:00:00+00:00, run_after=2025-07-01 00:00:00+00:00
[2025-07-01T05:16:14.460+0000] {processor.py:208} INFO - Processing /home/airflow/.local/lib/python3.12/site-packages/airflow/example_dags/tutorial.py took 0.078 seconds
[2025-07-01T05:16:45.145+0000] {processor.py:186} INFO - Started process (PID=26084) to work on /home/airflow/.local/lib/python3.12/site-packages/airflow/example_dags/tutorial.py
[2025-07-01T05:16:45.146+0000] {processor.py:914} INFO - Processing file /home/airflow/.local/lib/python3.12/site-packages/airflow/example_dags/tutorial.py for tasks to queue
[2025-07-01T05:16:45.148+0000] {logging_mixin.py:190} INFO - [2025-07-01T05:16:45.148+0000] {dagbag.py:588} INFO - Filling up the DagBag from /home/airflow/.local/lib/python3.12/site-packages/airflow/example_dags/tutorial.py
[2025-07-01T05:16:45.157+0000] {processor.py:925} INFO - DAG(s) 'tutorial' retrieved from /home/airflow/.local/lib/python3.12/site-packages/airflow/example_dags/tutorial.py
[2025-07-01T05:16:45.178+0000] {logging_mixin.py:190} INFO - [2025-07-01T05:16:45.178+0000] {dag.py:3239} INFO - Sync 1 DAGs
[2025-07-01T05:16:45.204+0000] {logging_mixin.py:190} INFO - [2025-07-01T05:16:45.204+0000] {dag.py:4180} INFO - Setting next_dagrun for tutorial to 2025-06-30 00:00:00+00:00, run_after=2025-07-01 00:00:00+00:00
[2025-07-01T05:16:45.223+0000] {processor.py:208} INFO - Processing /home/airflow/.local/lib/python3.12/site-packages/airflow/example_dags/tutorial.py took 0.084 seconds
[2025-07-01T05:17:15.896+0000] {processor.py:186} INFO - Started process (PID=26146) to work on /home/airflow/.local/lib/python3.12/site-packages/airflow/example_dags/tutorial.py
[2025-07-01T05:17:15.898+0000] {processor.py:914} INFO - Processing file /home/airflow/.local/lib/python3.12/site-packages/airflow/example_dags/tutorial.py for tasks to queue
[2025-07-01T05:17:15.900+0000] {logging_mixin.py:190} INFO - [2025-07-01T05:17:15.900+0000] {dagbag.py:588} INFO - Filling up the DagBag from /home/airflow/.local/lib/python3.12/site-packages/airflow/example_dags/tutorial.py
[2025-07-01T05:17:15.910+0000] {processor.py:925} INFO - DAG(s) 'tutorial' retrieved from /home/airflow/.local/lib/python3.12/site-packages/airflow/example_dags/tutorial.py
[2025-07-01T05:17:15.929+0000] {logging_mixin.py:190} INFO - [2025-07-01T05:17:15.929+0000] {dag.py:3239} INFO - Sync 1 DAGs
[2025-07-01T05:17:15.953+0000] {logging_mixin.py:190} INFO - [2025-07-01T05:17:15.953+0000] {dag.py:4180} INFO - Setting next_dagrun for tutorial to 2025-06-30 00:00:00+00:00, run_after=2025-07-01 00:00:00+00:00
[2025-07-01T05:17:15.970+0000] {processor.py:208} INFO - Processing /home/airflow/.local/lib/python3.12/site-packages/airflow/example_dags/tutorial.py took 0.080 seconds
[2025-07-01T05:17:46.534+0000] {processor.py:186} INFO - Started process (PID=26208) to work on /home/airflow/.local/lib/python3.12/site-packages/airflow/example_dags/tutorial.py
[2025-07-01T05:17:46.535+0000] {processor.py:914} INFO - Processing file /home/airflow/.local/lib/python3.12/site-packages/airflow/example_dags/tutorial.py for tasks to queue
[2025-07-01T05:17:46.538+0000] {logging_mixin.py:190} INFO - [2025-07-01T05:17:46.537+0000] {dagbag.py:588} INFO - Filling up the DagBag from /home/airflow/.local/lib/python3.12/site-packages/airflow/example_dags/tutorial.py
[2025-07-01T05:17:46.546+0000] {processor.py:925} INFO - DAG(s) 'tutorial' retrieved from /home/airflow/.local/lib/python3.12/site-packages/airflow/example_dags/tutorial.py
[2025-07-01T05:17:46.565+0000] {logging_mixin.py:190} INFO - [2025-07-01T05:17:46.565+0000] {dag.py:3239} INFO - Sync 1 DAGs
[2025-07-01T05:17:46.588+0000] {logging_mixin.py:190} INFO - [2025-07-01T05:17:46.588+0000] {dag.py:4180} INFO - Setting next_dagrun for tutorial to 2025-06-30 00:00:00+00:00, run_after=2025-07-01 00:00:00+00:00
[2025-07-01T05:17:46.605+0000] {processor.py:208} INFO - Processing /home/airflow/.local/lib/python3.12/site-packages/airflow/example_dags/tutorial.py took 0.077 seconds
[2025-07-01T05:18:17.337+0000] {processor.py:186} INFO - Started process (PID=26270) to work on /home/airflow/.local/lib/python3.12/site-packages/airflow/example_dags/tutorial.py
[2025-07-01T05:18:17.338+0000] {processor.py:914} INFO - Processing file /home/airflow/.local/lib/python3.12/site-packages/airflow/example_dags/tutorial.py for tasks to queue
[2025-07-01T05:18:17.342+0000] {logging_mixin.py:190} INFO - [2025-07-01T05:18:17.341+0000] {dagbag.py:588} INFO - Filling up the DagBag from /home/airflow/.local/lib/python3.12/site-packages/airflow/example_dags/tutorial.py
[2025-07-01T05:18:17.353+0000] {processor.py:925} INFO - DAG(s) 'tutorial' retrieved from /home/airflow/.local/lib/python3.12/site-packages/airflow/example_dags/tutorial.py
[2025-07-01T05:18:17.378+0000] {logging_mixin.py:190} INFO - [2025-07-01T05:18:17.377+0000] {dag.py:3239} INFO - Sync 1 DAGs
[2025-07-01T05:18:17.404+0000] {logging_mixin.py:190} INFO - [2025-07-01T05:18:17.404+0000] {dag.py:4180} INFO - Setting next_dagrun for tutorial to 2025-06-30 00:00:00+00:00, run_after=2025-07-01 00:00:00+00:00
[2025-07-01T05:18:17.420+0000] {processor.py:208} INFO - Processing /home/airflow/.local/lib/python3.12/site-packages/airflow/example_dags/tutorial.py took 0.091 seconds
[2025-07-01T05:18:48.398+0000] {processor.py:186} INFO - Started process (PID=26332) to work on /home/airflow/.local/lib/python3.12/site-packages/airflow/example_dags/tutorial.py
[2025-07-01T05:18:48.399+0000] {processor.py:914} INFO - Processing file /home/airflow/.local/lib/python3.12/site-packages/airflow/example_dags/tutorial.py for tasks to queue
[2025-07-01T05:18:48.402+0000] {logging_mixin.py:190} INFO - [2025-07-01T05:18:48.402+0000] {dagbag.py:588} INFO - Filling up the DagBag from /home/airflow/.local/lib/python3.12/site-packages/airflow/example_dags/tutorial.py
[2025-07-01T05:18:48.411+0000] {processor.py:925} INFO - DAG(s) 'tutorial' retrieved from /home/airflow/.local/lib/python3.12/site-packages/airflow/example_dags/tutorial.py
[2025-07-01T05:18:48.431+0000] {logging_mixin.py:190} INFO - [2025-07-01T05:18:48.431+0000] {dag.py:3239} INFO - Sync 1 DAGs
[2025-07-01T05:18:48.452+0000] {logging_mixin.py:190} INFO - [2025-07-01T05:18:48.452+0000] {dag.py:4180} INFO - Setting next_dagrun for tutorial to 2025-06-30 00:00:00+00:00, run_after=2025-07-01 00:00:00+00:00
[2025-07-01T05:18:48.467+0000] {processor.py:208} INFO - Processing /home/airflow/.local/lib/python3.12/site-packages/airflow/example_dags/tutorial.py took 0.074 seconds
[2025-07-01T05:19:19.076+0000] {processor.py:186} INFO - Started process (PID=26395) to work on /home/airflow/.local/lib/python3.12/site-packages/airflow/example_dags/tutorial.py
[2025-07-01T05:19:19.077+0000] {processor.py:914} INFO - Processing file /home/airflow/.local/lib/python3.12/site-packages/airflow/example_dags/tutorial.py for tasks to queue
[2025-07-01T05:19:19.080+0000] {logging_mixin.py:190} INFO - [2025-07-01T05:19:19.080+0000] {dagbag.py:588} INFO - Filling up the DagBag from /home/airflow/.local/lib/python3.12/site-packages/airflow/example_dags/tutorial.py
[2025-07-01T05:19:19.089+0000] {processor.py:925} INFO - DAG(s) 'tutorial' retrieved from /home/airflow/.local/lib/python3.12/site-packages/airflow/example_dags/tutorial.py
[2025-07-01T05:19:19.110+0000] {logging_mixin.py:190} INFO - [2025-07-01T05:19:19.110+0000] {dag.py:3239} INFO - Sync 1 DAGs
[2025-07-01T05:19:19.132+0000] {logging_mixin.py:190} INFO - [2025-07-01T05:19:19.132+0000] {dag.py:4180} INFO - Setting next_dagrun for tutorial to 2025-06-30 00:00:00+00:00, run_after=2025-07-01 00:00:00+00:00
[2025-07-01T05:19:19.150+0000] {processor.py:208} INFO - Processing /home/airflow/.local/lib/python3.12/site-packages/airflow/example_dags/tutorial.py took 0.080 seconds
[2025-07-01T05:19:49.897+0000] {processor.py:186} INFO - Started process (PID=26457) to work on /home/airflow/.local/lib/python3.12/site-packages/airflow/example_dags/tutorial.py
[2025-07-01T05:19:49.898+0000] {processor.py:914} INFO - Processing file /home/airflow/.local/lib/python3.12/site-packages/airflow/example_dags/tutorial.py for tasks to queue
[2025-07-01T05:19:49.901+0000] {logging_mixin.py:190} INFO - [2025-07-01T05:19:49.900+0000] {dagbag.py:588} INFO - Filling up the DagBag from /home/airflow/.local/lib/python3.12/site-packages/airflow/example_dags/tutorial.py
[2025-07-01T05:19:49.909+0000] {processor.py:925} INFO - DAG(s) 'tutorial' retrieved from /home/airflow/.local/lib/python3.12/site-packages/airflow/example_dags/tutorial.py
[2025-07-01T05:19:49.928+0000] {logging_mixin.py:190} INFO - [2025-07-01T05:19:49.928+0000] {dag.py:3239} INFO - Sync 1 DAGs
[2025-07-01T05:19:49.950+0000] {logging_mixin.py:190} INFO - [2025-07-01T05:19:49.950+0000] {dag.py:4180} INFO - Setting next_dagrun for tutorial to 2025-06-30 00:00:00+00:00, run_after=2025-07-01 00:00:00+00:00
[2025-07-01T05:19:49.972+0000] {processor.py:208} INFO - Processing /home/airflow/.local/lib/python3.12/site-packages/airflow/example_dags/tutorial.py took 0.081 seconds
[2025-07-01T05:20:20.714+0000] {processor.py:186} INFO - Started process (PID=26519) to work on /home/airflow/.local/lib/python3.12/site-packages/airflow/example_dags/tutorial.py
[2025-07-01T05:20:20.715+0000] {processor.py:914} INFO - Processing file /home/airflow/.local/lib/python3.12/site-packages/airflow/example_dags/tutorial.py for tasks to queue
[2025-07-01T05:20:20.718+0000] {logging_mixin.py:190} INFO - [2025-07-01T05:20:20.717+0000] {dagbag.py:588} INFO - Filling up the DagBag from /home/airflow/.local/lib/python3.12/site-packages/airflow/example_dags/tutorial.py
[2025-07-01T05:20:20.725+0000] {processor.py:925} INFO - DAG(s) 'tutorial' retrieved from /home/airflow/.local/lib/python3.12/site-packages/airflow/example_dags/tutorial.py
[2025-07-01T05:20:20.745+0000] {logging_mixin.py:190} INFO - [2025-07-01T05:20:20.745+0000] {dag.py:3239} INFO - Sync 1 DAGs
[2025-07-01T05:20:20.768+0000] {logging_mixin.py:190} INFO - [2025-07-01T05:20:20.768+0000] {dag.py:4180} INFO - Setting next_dagrun for tutorial to 2025-06-30 00:00:00+00:00, run_after=2025-07-01 00:00:00+00:00
[2025-07-01T05:20:20.786+0000] {processor.py:208} INFO - Processing /home/airflow/.local/lib/python3.12/site-packages/airflow/example_dags/tutorial.py took 0.077 seconds
[2025-07-01T05:20:51.496+0000] {processor.py:186} INFO - Started process (PID=26581) to work on /home/airflow/.local/lib/python3.12/site-packages/airflow/example_dags/tutorial.py
[2025-07-01T05:20:51.497+0000] {processor.py:914} INFO - Processing file /home/airflow/.local/lib/python3.12/site-packages/airflow/example_dags/tutorial.py for tasks to queue
[2025-07-01T05:20:51.501+0000] {logging_mixin.py:190} INFO - [2025-07-01T05:20:51.500+0000] {dagbag.py:588} INFO - Filling up the DagBag from /home/airflow/.local/lib/python3.12/site-packages/airflow/example_dags/tutorial.py
[2025-07-01T05:20:51.511+0000] {processor.py:925} INFO - DAG(s) 'tutorial' retrieved from /home/airflow/.local/lib/python3.12/site-packages/airflow/example_dags/tutorial.py
[2025-07-01T05:20:51.531+0000] {logging_mixin.py:190} INFO - [2025-07-01T05:20:51.531+0000] {dag.py:3239} INFO - Sync 1 DAGs
[2025-07-01T05:20:51.554+0000] {logging_mixin.py:190} INFO - [2025-07-01T05:20:51.554+0000] {dag.py:4180} INFO - Setting next_dagrun for tutorial to 2025-06-30 00:00:00+00:00, run_after=2025-07-01 00:00:00+00:00
[2025-07-01T05:20:51.570+0000] {processor.py:208} INFO - Processing /home/airflow/.local/lib/python3.12/site-packages/airflow/example_dags/tutorial.py took 0.082 seconds
[2025-07-01T05:21:21.988+0000] {processor.py:186} INFO - Started process (PID=26643) to work on /home/airflow/.local/lib/python3.12/site-packages/airflow/example_dags/tutorial.py
[2025-07-01T05:21:21.989+0000] {processor.py:914} INFO - Processing file /home/airflow/.local/lib/python3.12/site-packages/airflow/example_dags/tutorial.py for tasks to queue
[2025-07-01T05:21:21.992+0000] {logging_mixin.py:190} INFO - [2025-07-01T05:21:21.991+0000] {dagbag.py:588} INFO - Filling up the DagBag from /home/airflow/.local/lib/python3.12/site-packages/airflow/example_dags/tutorial.py
[2025-07-01T05:21:21.999+0000] {processor.py:925} INFO - DAG(s) 'tutorial' retrieved from /home/airflow/.local/lib/python3.12/site-packages/airflow/example_dags/tutorial.py
[2025-07-01T05:21:22.018+0000] {logging_mixin.py:190} INFO - [2025-07-01T05:21:22.018+0000] {dag.py:3239} INFO - Sync 1 DAGs
[2025-07-01T05:21:22.042+0000] {logging_mixin.py:190} INFO - [2025-07-01T05:21:22.042+0000] {dag.py:4180} INFO - Setting next_dagrun for tutorial to 2025-06-30 00:00:00+00:00, run_after=2025-07-01 00:00:00+00:00
[2025-07-01T05:21:22.059+0000] {processor.py:208} INFO - Processing /home/airflow/.local/lib/python3.12/site-packages/airflow/example_dags/tutorial.py took 0.078 seconds
[2025-07-01T05:21:52.621+0000] {processor.py:186} INFO - Started process (PID=26705) to work on /home/airflow/.local/lib/python3.12/site-packages/airflow/example_dags/tutorial.py
[2025-07-01T05:21:52.622+0000] {processor.py:914} INFO - Processing file /home/airflow/.local/lib/python3.12/site-packages/airflow/example_dags/tutorial.py for tasks to queue
[2025-07-01T05:21:52.625+0000] {logging_mixin.py:190} INFO - [2025-07-01T05:21:52.625+0000] {dagbag.py:588} INFO - Filling up the DagBag from /home/airflow/.local/lib/python3.12/site-packages/airflow/example_dags/tutorial.py
[2025-07-01T05:21:52.635+0000] {processor.py:925} INFO - DAG(s) 'tutorial' retrieved from /home/airflow/.local/lib/python3.12/site-packages/airflow/example_dags/tutorial.py
[2025-07-01T05:21:52.655+0000] {logging_mixin.py:190} INFO - [2025-07-01T05:21:52.654+0000] {dag.py:3239} INFO - Sync 1 DAGs
[2025-07-01T05:21:52.677+0000] {logging_mixin.py:190} INFO - [2025-07-01T05:21:52.676+0000] {dag.py:4180} INFO - Setting next_dagrun for tutorial to 2025-06-30 00:00:00+00:00, run_after=2025-07-01 00:00:00+00:00
[2025-07-01T05:21:52.694+0000] {processor.py:208} INFO - Processing /home/airflow/.local/lib/python3.12/site-packages/airflow/example_dags/tutorial.py took 0.079 seconds
[2025-07-01T05:22:23.745+0000] {processor.py:186} INFO - Started process (PID=26767) to work on /home/airflow/.local/lib/python3.12/site-packages/airflow/example_dags/tutorial.py
[2025-07-01T05:22:23.746+0000] {processor.py:914} INFO - Processing file /home/airflow/.local/lib/python3.12/site-packages/airflow/example_dags/tutorial.py for tasks to queue
[2025-07-01T05:22:23.749+0000] {logging_mixin.py:190} INFO - [2025-07-01T05:22:23.749+0000] {dagbag.py:588} INFO - Filling up the DagBag from /home/airflow/.local/lib/python3.12/site-packages/airflow/example_dags/tutorial.py
[2025-07-01T05:22:23.759+0000] {processor.py:925} INFO - DAG(s) 'tutorial' retrieved from /home/airflow/.local/lib/python3.12/site-packages/airflow/example_dags/tutorial.py
[2025-07-01T05:22:23.785+0000] {logging_mixin.py:190} INFO - [2025-07-01T05:22:23.785+0000] {dag.py:3239} INFO - Sync 1 DAGs
[2025-07-01T05:22:23.810+0000] {logging_mixin.py:190} INFO - [2025-07-01T05:22:23.810+0000] {dag.py:4180} INFO - Setting next_dagrun for tutorial to 2025-06-30 00:00:00+00:00, run_after=2025-07-01 00:00:00+00:00
[2025-07-01T05:22:23.825+0000] {processor.py:208} INFO - Processing /home/airflow/.local/lib/python3.12/site-packages/airflow/example_dags/tutorial.py took 0.089 seconds
[2025-07-01T05:22:54.702+0000] {processor.py:186} INFO - Started process (PID=26829) to work on /home/airflow/.local/lib/python3.12/site-packages/airflow/example_dags/tutorial.py
[2025-07-01T05:22:54.703+0000] {processor.py:914} INFO - Processing file /home/airflow/.local/lib/python3.12/site-packages/airflow/example_dags/tutorial.py for tasks to queue
[2025-07-01T05:22:54.706+0000] {logging_mixin.py:190} INFO - [2025-07-01T05:22:54.706+0000] {dagbag.py:588} INFO - Filling up the DagBag from /home/airflow/.local/lib/python3.12/site-packages/airflow/example_dags/tutorial.py
[2025-07-01T05:22:54.714+0000] {processor.py:925} INFO - DAG(s) 'tutorial' retrieved from /home/airflow/.local/lib/python3.12/site-packages/airflow/example_dags/tutorial.py
[2025-07-01T05:22:54.735+0000] {logging_mixin.py:190} INFO - [2025-07-01T05:22:54.734+0000] {dag.py:3239} INFO - Sync 1 DAGs
[2025-07-01T05:22:54.756+0000] {logging_mixin.py:190} INFO - [2025-07-01T05:22:54.756+0000] {dag.py:4180} INFO - Setting next_dagrun for tutorial to 2025-06-30 00:00:00+00:00, run_after=2025-07-01 00:00:00+00:00
[2025-07-01T05:22:54.774+0000] {processor.py:208} INFO - Processing /home/airflow/.local/lib/python3.12/site-packages/airflow/example_dags/tutorial.py took 0.078 seconds
[2025-07-01T05:23:25.262+0000] {processor.py:186} INFO - Started process (PID=26891) to work on /home/airflow/.local/lib/python3.12/site-packages/airflow/example_dags/tutorial.py
[2025-07-01T05:23:25.263+0000] {processor.py:914} INFO - Processing file /home/airflow/.local/lib/python3.12/site-packages/airflow/example_dags/tutorial.py for tasks to queue
[2025-07-01T05:23:25.266+0000] {logging_mixin.py:190} INFO - [2025-07-01T05:23:25.266+0000] {dagbag.py:588} INFO - Filling up the DagBag from /home/airflow/.local/lib/python3.12/site-packages/airflow/example_dags/tutorial.py
[2025-07-01T05:23:25.276+0000] {processor.py:925} INFO - DAG(s) 'tutorial' retrieved from /home/airflow/.local/lib/python3.12/site-packages/airflow/example_dags/tutorial.py
[2025-07-01T05:23:25.297+0000] {logging_mixin.py:190} INFO - [2025-07-01T05:23:25.297+0000] {dag.py:3239} INFO - Sync 1 DAGs
[2025-07-01T05:23:25.321+0000] {logging_mixin.py:190} INFO - [2025-07-01T05:23:25.320+0000] {dag.py:4180} INFO - Setting next_dagrun for tutorial to 2025-06-30 00:00:00+00:00, run_after=2025-07-01 00:00:00+00:00
[2025-07-01T05:23:25.338+0000] {processor.py:208} INFO - Processing /home/airflow/.local/lib/python3.12/site-packages/airflow/example_dags/tutorial.py took 0.084 seconds
[2025-07-01T05:23:55.861+0000] {processor.py:186} INFO - Started process (PID=26953) to work on /home/airflow/.local/lib/python3.12/site-packages/airflow/example_dags/tutorial.py
[2025-07-01T05:23:55.862+0000] {processor.py:914} INFO - Processing file /home/airflow/.local/lib/python3.12/site-packages/airflow/example_dags/tutorial.py for tasks to queue
[2025-07-01T05:23:55.865+0000] {logging_mixin.py:190} INFO - [2025-07-01T05:23:55.865+0000] {dagbag.py:588} INFO - Filling up the DagBag from /home/airflow/.local/lib/python3.12/site-packages/airflow/example_dags/tutorial.py
[2025-07-01T05:23:55.874+0000] {processor.py:925} INFO - DAG(s) 'tutorial' retrieved from /home/airflow/.local/lib/python3.12/site-packages/airflow/example_dags/tutorial.py
[2025-07-01T05:23:55.894+0000] {logging_mixin.py:190} INFO - [2025-07-01T05:23:55.894+0000] {dag.py:3239} INFO - Sync 1 DAGs
[2025-07-01T05:23:55.916+0000] {logging_mixin.py:190} INFO - [2025-07-01T05:23:55.916+0000] {dag.py:4180} INFO - Setting next_dagrun for tutorial to 2025-06-30 00:00:00+00:00, run_after=2025-07-01 00:00:00+00:00
[2025-07-01T05:23:55.934+0000] {processor.py:208} INFO - Processing /home/airflow/.local/lib/python3.12/site-packages/airflow/example_dags/tutorial.py took 0.079 seconds
[2025-07-01T05:24:26.473+0000] {processor.py:186} INFO - Started process (PID=27015) to work on /home/airflow/.local/lib/python3.12/site-packages/airflow/example_dags/tutorial.py
[2025-07-01T05:24:26.474+0000] {processor.py:914} INFO - Processing file /home/airflow/.local/lib/python3.12/site-packages/airflow/example_dags/tutorial.py for tasks to queue
[2025-07-01T05:24:26.476+0000] {logging_mixin.py:190} INFO - [2025-07-01T05:24:26.476+0000] {dagbag.py:588} INFO - Filling up the DagBag from /home/airflow/.local/lib/python3.12/site-packages/airflow/example_dags/tutorial.py
[2025-07-01T05:24:26.485+0000] {processor.py:925} INFO - DAG(s) 'tutorial' retrieved from /home/airflow/.local/lib/python3.12/site-packages/airflow/example_dags/tutorial.py
[2025-07-01T05:24:26.504+0000] {logging_mixin.py:190} INFO - [2025-07-01T05:24:26.504+0000] {dag.py:3239} INFO - Sync 1 DAGs
[2025-07-01T05:24:26.527+0000] {logging_mixin.py:190} INFO - [2025-07-01T05:24:26.527+0000] {dag.py:4180} INFO - Setting next_dagrun for tutorial to 2025-06-30 00:00:00+00:00, run_after=2025-07-01 00:00:00+00:00
[2025-07-01T05:24:26.544+0000] {processor.py:208} INFO - Processing /home/airflow/.local/lib/python3.12/site-packages/airflow/example_dags/tutorial.py took 0.077 seconds
[2025-07-01T05:24:57.176+0000] {processor.py:186} INFO - Started process (PID=27077) to work on /home/airflow/.local/lib/python3.12/site-packages/airflow/example_dags/tutorial.py
[2025-07-01T05:24:57.177+0000] {processor.py:914} INFO - Processing file /home/airflow/.local/lib/python3.12/site-packages/airflow/example_dags/tutorial.py for tasks to queue
[2025-07-01T05:24:57.180+0000] {logging_mixin.py:190} INFO - [2025-07-01T05:24:57.180+0000] {dagbag.py:588} INFO - Filling up the DagBag from /home/airflow/.local/lib/python3.12/site-packages/airflow/example_dags/tutorial.py
[2025-07-01T05:24:57.189+0000] {processor.py:925} INFO - DAG(s) 'tutorial' retrieved from /home/airflow/.local/lib/python3.12/site-packages/airflow/example_dags/tutorial.py
[2025-07-01T05:24:57.209+0000] {logging_mixin.py:190} INFO - [2025-07-01T05:24:57.209+0000] {dag.py:3239} INFO - Sync 1 DAGs
[2025-07-01T05:24:57.232+0000] {logging_mixin.py:190} INFO - [2025-07-01T05:24:57.232+0000] {dag.py:4180} INFO - Setting next_dagrun for tutorial to 2025-06-30 00:00:00+00:00, run_after=2025-07-01 00:00:00+00:00
[2025-07-01T05:24:57.252+0000] {processor.py:208} INFO - Processing /home/airflow/.local/lib/python3.12/site-packages/airflow/example_dags/tutorial.py took 0.081 seconds
[2025-07-01T05:25:28.143+0000] {processor.py:186} INFO - Started process (PID=27139) to work on /home/airflow/.local/lib/python3.12/site-packages/airflow/example_dags/tutorial.py
[2025-07-01T05:25:28.144+0000] {processor.py:914} INFO - Processing file /home/airflow/.local/lib/python3.12/site-packages/airflow/example_dags/tutorial.py for tasks to queue
[2025-07-01T05:25:28.146+0000] {logging_mixin.py:190} INFO - [2025-07-01T05:25:28.146+0000] {dagbag.py:588} INFO - Filling up the DagBag from /home/airflow/.local/lib/python3.12/site-packages/airflow/example_dags/tutorial.py
[2025-07-01T05:25:28.154+0000] {processor.py:925} INFO - DAG(s) 'tutorial' retrieved from /home/airflow/.local/lib/python3.12/site-packages/airflow/example_dags/tutorial.py
[2025-07-01T05:25:28.175+0000] {logging_mixin.py:190} INFO - [2025-07-01T05:25:28.175+0000] {dag.py:3239} INFO - Sync 1 DAGs
[2025-07-01T05:25:28.207+0000] {logging_mixin.py:190} INFO - [2025-07-01T05:25:28.206+0000] {dag.py:4180} INFO - Setting next_dagrun for tutorial to 2025-06-30 00:00:00+00:00, run_after=2025-07-01 00:00:00+00:00
[2025-07-01T05:25:28.241+0000] {processor.py:208} INFO - Processing /home/airflow/.local/lib/python3.12/site-packages/airflow/example_dags/tutorial.py took 0.104 seconds
[2025-07-01T05:25:58.885+0000] {processor.py:186} INFO - Started process (PID=27201) to work on /home/airflow/.local/lib/python3.12/site-packages/airflow/example_dags/tutorial.py
[2025-07-01T05:25:58.887+0000] {processor.py:914} INFO - Processing file /home/airflow/.local/lib/python3.12/site-packages/airflow/example_dags/tutorial.py for tasks to queue
[2025-07-01T05:25:58.889+0000] {logging_mixin.py:190} INFO - [2025-07-01T05:25:58.889+0000] {dagbag.py:588} INFO - Filling up the DagBag from /home/airflow/.local/lib/python3.12/site-packages/airflow/example_dags/tutorial.py
[2025-07-01T05:25:58.898+0000] {processor.py:925} INFO - DAG(s) 'tutorial' retrieved from /home/airflow/.local/lib/python3.12/site-packages/airflow/example_dags/tutorial.py
[2025-07-01T05:25:58.918+0000] {logging_mixin.py:190} INFO - [2025-07-01T05:25:58.918+0000] {dag.py:3239} INFO - Sync 1 DAGs
[2025-07-01T05:25:58.941+0000] {logging_mixin.py:190} INFO - [2025-07-01T05:25:58.941+0000] {dag.py:4180} INFO - Setting next_dagrun for tutorial to 2025-06-30 00:00:00+00:00, run_after=2025-07-01 00:00:00+00:00
[2025-07-01T05:25:58.959+0000] {processor.py:208} INFO - Processing /home/airflow/.local/lib/python3.12/site-packages/airflow/example_dags/tutorial.py took 0.079 seconds
[2025-07-01T05:26:29.424+0000] {processor.py:186} INFO - Started process (PID=27263) to work on /home/airflow/.local/lib/python3.12/site-packages/airflow/example_dags/tutorial.py
[2025-07-01T05:26:29.425+0000] {processor.py:914} INFO - Processing file /home/airflow/.local/lib/python3.12/site-packages/airflow/example_dags/tutorial.py for tasks to queue
[2025-07-01T05:26:29.427+0000] {logging_mixin.py:190} INFO - [2025-07-01T05:26:29.427+0000] {dagbag.py:588} INFO - Filling up the DagBag from /home/airflow/.local/lib/python3.12/site-packages/airflow/example_dags/tutorial.py
[2025-07-01T05:26:29.435+0000] {processor.py:925} INFO - DAG(s) 'tutorial' retrieved from /home/airflow/.local/lib/python3.12/site-packages/airflow/example_dags/tutorial.py
[2025-07-01T05:26:29.454+0000] {logging_mixin.py:190} INFO - [2025-07-01T05:26:29.454+0000] {dag.py:3239} INFO - Sync 1 DAGs
[2025-07-01T05:26:29.475+0000] {logging_mixin.py:190} INFO - [2025-07-01T05:26:29.475+0000] {dag.py:4180} INFO - Setting next_dagrun for tutorial to 2025-06-30 00:00:00+00:00, run_after=2025-07-01 00:00:00+00:00
[2025-07-01T05:26:29.491+0000] {processor.py:208} INFO - Processing /home/airflow/.local/lib/python3.12/site-packages/airflow/example_dags/tutorial.py took 0.073 seconds
[2025-07-01T05:27:00.139+0000] {processor.py:186} INFO - Started process (PID=27325) to work on /home/airflow/.local/lib/python3.12/site-packages/airflow/example_dags/tutorial.py
[2025-07-01T05:27:00.140+0000] {processor.py:914} INFO - Processing file /home/airflow/.local/lib/python3.12/site-packages/airflow/example_dags/tutorial.py for tasks to queue
[2025-07-01T05:27:00.142+0000] {logging_mixin.py:190} INFO - [2025-07-01T05:27:00.142+0000] {dagbag.py:588} INFO - Filling up the DagBag from /home/airflow/.local/lib/python3.12/site-packages/airflow/example_dags/tutorial.py
[2025-07-01T05:27:00.150+0000] {processor.py:925} INFO - DAG(s) 'tutorial' retrieved from /home/airflow/.local/lib/python3.12/site-packages/airflow/example_dags/tutorial.py
[2025-07-01T05:27:00.170+0000] {logging_mixin.py:190} INFO - [2025-07-01T05:27:00.170+0000] {dag.py:3239} INFO - Sync 1 DAGs
[2025-07-01T05:27:00.196+0000] {logging_mixin.py:190} INFO - [2025-07-01T05:27:00.195+0000] {dag.py:4180} INFO - Setting next_dagrun for tutorial to 2025-06-30 00:00:00+00:00, run_after=2025-07-01 00:00:00+00:00
[2025-07-01T05:27:00.213+0000] {processor.py:208} INFO - Processing /home/airflow/.local/lib/python3.12/site-packages/airflow/example_dags/tutorial.py took 0.080 seconds
[2025-07-01T05:27:30.804+0000] {processor.py:186} INFO - Started process (PID=27387) to work on /home/airflow/.local/lib/python3.12/site-packages/airflow/example_dags/tutorial.py
[2025-07-01T05:27:30.805+0000] {processor.py:914} INFO - Processing file /home/airflow/.local/lib/python3.12/site-packages/airflow/example_dags/tutorial.py for tasks to queue
[2025-07-01T05:27:30.807+0000] {logging_mixin.py:190} INFO - [2025-07-01T05:27:30.807+0000] {dagbag.py:588} INFO - Filling up the DagBag from /home/airflow/.local/lib/python3.12/site-packages/airflow/example_dags/tutorial.py
[2025-07-01T05:27:30.815+0000] {processor.py:925} INFO - DAG(s) 'tutorial' retrieved from /home/airflow/.local/lib/python3.12/site-packages/airflow/example_dags/tutorial.py
[2025-07-01T05:27:30.835+0000] {logging_mixin.py:190} INFO - [2025-07-01T05:27:30.835+0000] {dag.py:3239} INFO - Sync 1 DAGs
[2025-07-01T05:27:30.859+0000] {logging_mixin.py:190} INFO - [2025-07-01T05:27:30.858+0000] {dag.py:4180} INFO - Setting next_dagrun for tutorial to 2025-06-30 00:00:00+00:00, run_after=2025-07-01 00:00:00+00:00
[2025-07-01T05:27:30.875+0000] {processor.py:208} INFO - Processing /home/airflow/.local/lib/python3.12/site-packages/airflow/example_dags/tutorial.py took 0.078 seconds
[2025-07-01T05:28:01.881+0000] {processor.py:186} INFO - Started process (PID=27449) to work on /home/airflow/.local/lib/python3.12/site-packages/airflow/example_dags/tutorial.py
[2025-07-01T05:28:01.882+0000] {processor.py:914} INFO - Processing file /home/airflow/.local/lib/python3.12/site-packages/airflow/example_dags/tutorial.py for tasks to queue
[2025-07-01T05:28:01.884+0000] {logging_mixin.py:190} INFO - [2025-07-01T05:28:01.884+0000] {dagbag.py:588} INFO - Filling up the DagBag from /home/airflow/.local/lib/python3.12/site-packages/airflow/example_dags/tutorial.py
[2025-07-01T05:28:01.893+0000] {processor.py:925} INFO - DAG(s) 'tutorial' retrieved from /home/airflow/.local/lib/python3.12/site-packages/airflow/example_dags/tutorial.py
[2025-07-01T05:28:01.914+0000] {logging_mixin.py:190} INFO - [2025-07-01T05:28:01.913+0000] {dag.py:3239} INFO - Sync 1 DAGs
[2025-07-01T05:28:01.939+0000] {logging_mixin.py:190} INFO - [2025-07-01T05:28:01.938+0000] {dag.py:4180} INFO - Setting next_dagrun for tutorial to 2025-06-30 00:00:00+00:00, run_after=2025-07-01 00:00:00+00:00
[2025-07-01T05:28:01.958+0000] {processor.py:208} INFO - Processing /home/airflow/.local/lib/python3.12/site-packages/airflow/example_dags/tutorial.py took 0.083 seconds
[2025-07-01T05:28:32.300+0000] {processor.py:186} INFO - Started process (PID=27517) to work on /home/airflow/.local/lib/python3.12/site-packages/airflow/example_dags/tutorial.py
[2025-07-01T05:28:32.301+0000] {processor.py:914} INFO - Processing file /home/airflow/.local/lib/python3.12/site-packages/airflow/example_dags/tutorial.py for tasks to queue
[2025-07-01T05:28:32.304+0000] {logging_mixin.py:190} INFO - [2025-07-01T05:28:32.304+0000] {dagbag.py:588} INFO - Filling up the DagBag from /home/airflow/.local/lib/python3.12/site-packages/airflow/example_dags/tutorial.py
[2025-07-01T05:28:32.312+0000] {processor.py:925} INFO - DAG(s) 'tutorial' retrieved from /home/airflow/.local/lib/python3.12/site-packages/airflow/example_dags/tutorial.py
[2025-07-01T05:28:32.332+0000] {logging_mixin.py:190} INFO - [2025-07-01T05:28:32.331+0000] {dag.py:3239} INFO - Sync 1 DAGs
[2025-07-01T05:28:32.354+0000] {logging_mixin.py:190} INFO - [2025-07-01T05:28:32.354+0000] {dag.py:4180} INFO - Setting next_dagrun for tutorial to 2025-06-30 00:00:00+00:00, run_after=2025-07-01 00:00:00+00:00
[2025-07-01T05:28:32.371+0000] {processor.py:208} INFO - Processing /home/airflow/.local/lib/python3.12/site-packages/airflow/example_dags/tutorial.py took 0.077 seconds
[2025-07-01T05:29:03.364+0000] {processor.py:186} INFO - Started process (PID=27579) to work on /home/airflow/.local/lib/python3.12/site-packages/airflow/example_dags/tutorial.py
[2025-07-01T05:29:03.365+0000] {processor.py:914} INFO - Processing file /home/airflow/.local/lib/python3.12/site-packages/airflow/example_dags/tutorial.py for tasks to queue
[2025-07-01T05:29:03.368+0000] {logging_mixin.py:190} INFO - [2025-07-01T05:29:03.367+0000] {dagbag.py:588} INFO - Filling up the DagBag from /home/airflow/.local/lib/python3.12/site-packages/airflow/example_dags/tutorial.py
[2025-07-01T05:29:03.376+0000] {processor.py:925} INFO - DAG(s) 'tutorial' retrieved from /home/airflow/.local/lib/python3.12/site-packages/airflow/example_dags/tutorial.py
[2025-07-01T05:29:03.397+0000] {logging_mixin.py:190} INFO - [2025-07-01T05:29:03.397+0000] {dag.py:3239} INFO - Sync 1 DAGs
[2025-07-01T05:29:03.419+0000] {logging_mixin.py:190} INFO - [2025-07-01T05:29:03.419+0000] {dag.py:4180} INFO - Setting next_dagrun for tutorial to 2025-06-30 00:00:00+00:00, run_after=2025-07-01 00:00:00+00:00
[2025-07-01T05:29:03.438+0000] {processor.py:208} INFO - Processing /home/airflow/.local/lib/python3.12/site-packages/airflow/example_dags/tutorial.py took 0.080 seconds
[2025-07-01T05:29:33.716+0000] {processor.py:186} INFO - Started process (PID=27641) to work on /home/airflow/.local/lib/python3.12/site-packages/airflow/example_dags/tutorial.py
[2025-07-01T05:29:33.717+0000] {processor.py:914} INFO - Processing file /home/airflow/.local/lib/python3.12/site-packages/airflow/example_dags/tutorial.py for tasks to queue
[2025-07-01T05:29:33.720+0000] {logging_mixin.py:190} INFO - [2025-07-01T05:29:33.719+0000] {dagbag.py:588} INFO - Filling up the DagBag from /home/airflow/.local/lib/python3.12/site-packages/airflow/example_dags/tutorial.py
[2025-07-01T05:29:33.729+0000] {processor.py:925} INFO - DAG(s) 'tutorial' retrieved from /home/airflow/.local/lib/python3.12/site-packages/airflow/example_dags/tutorial.py
[2025-07-01T05:29:33.749+0000] {logging_mixin.py:190} INFO - [2025-07-01T05:29:33.748+0000] {dag.py:3239} INFO - Sync 1 DAGs
[2025-07-01T05:29:33.772+0000] {logging_mixin.py:190} INFO - [2025-07-01T05:29:33.772+0000] {dag.py:4180} INFO - Setting next_dagrun for tutorial to 2025-06-30 00:00:00+00:00, run_after=2025-07-01 00:00:00+00:00
[2025-07-01T05:29:33.788+0000] {processor.py:208} INFO - Processing /home/airflow/.local/lib/python3.12/site-packages/airflow/example_dags/tutorial.py took 0.078 seconds
[2025-07-01T05:30:04.367+0000] {processor.py:186} INFO - Started process (PID=27703) to work on /home/airflow/.local/lib/python3.12/site-packages/airflow/example_dags/tutorial.py
[2025-07-01T05:30:04.368+0000] {processor.py:914} INFO - Processing file /home/airflow/.local/lib/python3.12/site-packages/airflow/example_dags/tutorial.py for tasks to queue
[2025-07-01T05:30:04.370+0000] {logging_mixin.py:190} INFO - [2025-07-01T05:30:04.370+0000] {dagbag.py:588} INFO - Filling up the DagBag from /home/airflow/.local/lib/python3.12/site-packages/airflow/example_dags/tutorial.py
[2025-07-01T05:30:04.378+0000] {processor.py:925} INFO - DAG(s) 'tutorial' retrieved from /home/airflow/.local/lib/python3.12/site-packages/airflow/example_dags/tutorial.py
[2025-07-01T05:30:04.397+0000] {logging_mixin.py:190} INFO - [2025-07-01T05:30:04.397+0000] {dag.py:3239} INFO - Sync 1 DAGs
[2025-07-01T05:30:04.417+0000] {logging_mixin.py:190} INFO - [2025-07-01T05:30:04.417+0000] {dag.py:4180} INFO - Setting next_dagrun for tutorial to 2025-06-30 00:00:00+00:00, run_after=2025-07-01 00:00:00+00:00
[2025-07-01T05:30:04.432+0000] {processor.py:208} INFO - Processing /home/airflow/.local/lib/python3.12/site-packages/airflow/example_dags/tutorial.py took 0.071 seconds
[2025-07-01T05:30:34.939+0000] {processor.py:186} INFO - Started process (PID=27765) to work on /home/airflow/.local/lib/python3.12/site-packages/airflow/example_dags/tutorial.py
[2025-07-01T05:30:34.941+0000] {processor.py:914} INFO - Processing file /home/airflow/.local/lib/python3.12/site-packages/airflow/example_dags/tutorial.py for tasks to queue
[2025-07-01T05:30:34.943+0000] {logging_mixin.py:190} INFO - [2025-07-01T05:30:34.943+0000] {dagbag.py:588} INFO - Filling up the DagBag from /home/airflow/.local/lib/python3.12/site-packages/airflow/example_dags/tutorial.py
[2025-07-01T05:30:34.951+0000] {processor.py:925} INFO - DAG(s) 'tutorial' retrieved from /home/airflow/.local/lib/python3.12/site-packages/airflow/example_dags/tutorial.py
[2025-07-01T05:30:34.970+0000] {logging_mixin.py:190} INFO - [2025-07-01T05:30:34.970+0000] {dag.py:3239} INFO - Sync 1 DAGs
[2025-07-01T05:30:34.992+0000] {logging_mixin.py:190} INFO - [2025-07-01T05:30:34.992+0000] {dag.py:4180} INFO - Setting next_dagrun for tutorial to 2025-06-30 00:00:00+00:00, run_after=2025-07-01 00:00:00+00:00
[2025-07-01T05:30:35.010+0000] {processor.py:208} INFO - Processing /home/airflow/.local/lib/python3.12/site-packages/airflow/example_dags/tutorial.py took 0.076 seconds
[2025-07-01T05:31:05.720+0000] {processor.py:186} INFO - Started process (PID=27827) to work on /home/airflow/.local/lib/python3.12/site-packages/airflow/example_dags/tutorial.py
[2025-07-01T05:31:05.721+0000] {processor.py:914} INFO - Processing file /home/airflow/.local/lib/python3.12/site-packages/airflow/example_dags/tutorial.py for tasks to queue
[2025-07-01T05:31:05.724+0000] {logging_mixin.py:190} INFO - [2025-07-01T05:31:05.724+0000] {dagbag.py:588} INFO - Filling up the DagBag from /home/airflow/.local/lib/python3.12/site-packages/airflow/example_dags/tutorial.py
[2025-07-01T05:31:05.733+0000] {processor.py:925} INFO - DAG(s) 'tutorial' retrieved from /home/airflow/.local/lib/python3.12/site-packages/airflow/example_dags/tutorial.py
[2025-07-01T05:31:05.752+0000] {logging_mixin.py:190} INFO - [2025-07-01T05:31:05.752+0000] {dag.py:3239} INFO - Sync 1 DAGs
[2025-07-01T05:31:05.774+0000] {logging_mixin.py:190} INFO - [2025-07-01T05:31:05.774+0000] {dag.py:4180} INFO - Setting next_dagrun for tutorial to 2025-06-30 00:00:00+00:00, run_after=2025-07-01 00:00:00+00:00
[2025-07-01T05:31:05.794+0000] {processor.py:208} INFO - Processing /home/airflow/.local/lib/python3.12/site-packages/airflow/example_dags/tutorial.py took 0.080 seconds
[2025-07-01T05:31:36.741+0000] {processor.py:186} INFO - Started process (PID=27893) to work on /home/airflow/.local/lib/python3.12/site-packages/airflow/example_dags/tutorial.py
[2025-07-01T05:31:36.742+0000] {processor.py:914} INFO - Processing file /home/airflow/.local/lib/python3.12/site-packages/airflow/example_dags/tutorial.py for tasks to queue
[2025-07-01T05:31:36.745+0000] {logging_mixin.py:190} INFO - [2025-07-01T05:31:36.745+0000] {dagbag.py:588} INFO - Filling up the DagBag from /home/airflow/.local/lib/python3.12/site-packages/airflow/example_dags/tutorial.py
[2025-07-01T05:31:36.753+0000] {processor.py:925} INFO - DAG(s) 'tutorial' retrieved from /home/airflow/.local/lib/python3.12/site-packages/airflow/example_dags/tutorial.py
[2025-07-01T05:31:36.774+0000] {logging_mixin.py:190} INFO - [2025-07-01T05:31:36.773+0000] {dag.py:3239} INFO - Sync 1 DAGs
[2025-07-01T05:31:36.795+0000] {logging_mixin.py:190} INFO - [2025-07-01T05:31:36.795+0000] {dag.py:4180} INFO - Setting next_dagrun for tutorial to 2025-06-30 00:00:00+00:00, run_after=2025-07-01 00:00:00+00:00
[2025-07-01T05:31:36.813+0000] {processor.py:208} INFO - Processing /home/airflow/.local/lib/python3.12/site-packages/airflow/example_dags/tutorial.py took 0.078 seconds
[2025-07-01T05:32:07.384+0000] {processor.py:186} INFO - Started process (PID=27955) to work on /home/airflow/.local/lib/python3.12/site-packages/airflow/example_dags/tutorial.py
[2025-07-01T05:32:07.385+0000] {processor.py:914} INFO - Processing file /home/airflow/.local/lib/python3.12/site-packages/airflow/example_dags/tutorial.py for tasks to queue
[2025-07-01T05:32:07.387+0000] {logging_mixin.py:190} INFO - [2025-07-01T05:32:07.387+0000] {dagbag.py:588} INFO - Filling up the DagBag from /home/airflow/.local/lib/python3.12/site-packages/airflow/example_dags/tutorial.py
[2025-07-01T05:32:07.395+0000] {processor.py:925} INFO - DAG(s) 'tutorial' retrieved from /home/airflow/.local/lib/python3.12/site-packages/airflow/example_dags/tutorial.py
[2025-07-01T05:32:07.415+0000] {logging_mixin.py:190} INFO - [2025-07-01T05:32:07.414+0000] {dag.py:3239} INFO - Sync 1 DAGs
[2025-07-01T05:32:07.438+0000] {logging_mixin.py:190} INFO - [2025-07-01T05:32:07.437+0000] {dag.py:4180} INFO - Setting next_dagrun for tutorial to 2025-06-30 00:00:00+00:00, run_after=2025-07-01 00:00:00+00:00
[2025-07-01T05:32:07.453+0000] {processor.py:208} INFO - Processing /home/airflow/.local/lib/python3.12/site-packages/airflow/example_dags/tutorial.py took 0.075 seconds
[2025-07-01T05:32:38.243+0000] {processor.py:186} INFO - Started process (PID=28018) to work on /home/airflow/.local/lib/python3.12/site-packages/airflow/example_dags/tutorial.py
[2025-07-01T05:32:38.244+0000] {processor.py:914} INFO - Processing file /home/airflow/.local/lib/python3.12/site-packages/airflow/example_dags/tutorial.py for tasks to queue
[2025-07-01T05:32:38.247+0000] {logging_mixin.py:190} INFO - [2025-07-01T05:32:38.246+0000] {dagbag.py:588} INFO - Filling up the DagBag from /home/airflow/.local/lib/python3.12/site-packages/airflow/example_dags/tutorial.py
[2025-07-01T05:32:38.255+0000] {processor.py:925} INFO - DAG(s) 'tutorial' retrieved from /home/airflow/.local/lib/python3.12/site-packages/airflow/example_dags/tutorial.py
[2025-07-01T05:32:38.275+0000] {logging_mixin.py:190} INFO - [2025-07-01T05:32:38.275+0000] {dag.py:3239} INFO - Sync 1 DAGs
[2025-07-01T05:32:38.300+0000] {logging_mixin.py:190} INFO - [2025-07-01T05:32:38.300+0000] {dag.py:4180} INFO - Setting next_dagrun for tutorial to 2025-06-30 00:00:00+00:00, run_after=2025-07-01 00:00:00+00:00
[2025-07-01T05:32:38.317+0000] {processor.py:208} INFO - Processing /home/airflow/.local/lib/python3.12/site-packages/airflow/example_dags/tutorial.py took 0.080 seconds
[2025-07-01T05:33:10.373+0000] {processor.py:186} INFO - Started process (PID=28080) to work on /home/airflow/.local/lib/python3.12/site-packages/airflow/example_dags/tutorial.py
[2025-07-01T05:33:10.374+0000] {processor.py:914} INFO - Processing file /home/airflow/.local/lib/python3.12/site-packages/airflow/example_dags/tutorial.py for tasks to queue
[2025-07-01T05:33:10.378+0000] {logging_mixin.py:190} INFO - [2025-07-01T05:33:10.377+0000] {dagbag.py:588} INFO - Filling up the DagBag from /home/airflow/.local/lib/python3.12/site-packages/airflow/example_dags/tutorial.py
[2025-07-01T05:33:10.385+0000] {processor.py:925} INFO - DAG(s) 'tutorial' retrieved from /home/airflow/.local/lib/python3.12/site-packages/airflow/example_dags/tutorial.py
[2025-07-01T05:33:10.407+0000] {logging_mixin.py:190} INFO - [2025-07-01T05:33:10.407+0000] {dag.py:3239} INFO - Sync 1 DAGs
[2025-07-01T05:33:10.650+0000] {logging_mixin.py:190} INFO - [2025-07-01T05:33:10.650+0000] {dag.py:4180} INFO - Setting next_dagrun for tutorial to 2025-06-30 00:00:00+00:00, run_after=2025-07-01 00:00:00+00:00
[2025-07-01T05:33:10.666+0000] {processor.py:208} INFO - Processing /home/airflow/.local/lib/python3.12/site-packages/airflow/example_dags/tutorial.py took 0.299 seconds
[2025-07-01T05:33:41.996+0000] {processor.py:186} INFO - Started process (PID=28142) to work on /home/airflow/.local/lib/python3.12/site-packages/airflow/example_dags/tutorial.py
[2025-07-01T05:33:41.997+0000] {processor.py:914} INFO - Processing file /home/airflow/.local/lib/python3.12/site-packages/airflow/example_dags/tutorial.py for tasks to queue
[2025-07-01T05:33:42.000+0000] {logging_mixin.py:190} INFO - [2025-07-01T05:33:42.000+0000] {dagbag.py:588} INFO - Filling up the DagBag from /home/airflow/.local/lib/python3.12/site-packages/airflow/example_dags/tutorial.py
[2025-07-01T05:33:42.008+0000] {processor.py:925} INFO - DAG(s) 'tutorial' retrieved from /home/airflow/.local/lib/python3.12/site-packages/airflow/example_dags/tutorial.py
[2025-07-01T05:33:42.029+0000] {logging_mixin.py:190} INFO - [2025-07-01T05:33:42.028+0000] {dag.py:3239} INFO - Sync 1 DAGs
[2025-07-01T05:33:42.052+0000] {logging_mixin.py:190} INFO - [2025-07-01T05:33:42.052+0000] {dag.py:4180} INFO - Setting next_dagrun for tutorial to 2025-06-30 00:00:00+00:00, run_after=2025-07-01 00:00:00+00:00
[2025-07-01T05:33:42.069+0000] {processor.py:208} INFO - Processing /home/airflow/.local/lib/python3.12/site-packages/airflow/example_dags/tutorial.py took 0.079 seconds
[2025-07-01T05:34:12.269+0000] {processor.py:186} INFO - Started process (PID=28204) to work on /home/airflow/.local/lib/python3.12/site-packages/airflow/example_dags/tutorial.py
[2025-07-01T05:34:12.270+0000] {processor.py:914} INFO - Processing file /home/airflow/.local/lib/python3.12/site-packages/airflow/example_dags/tutorial.py for tasks to queue
[2025-07-01T05:34:12.273+0000] {logging_mixin.py:190} INFO - [2025-07-01T05:34:12.273+0000] {dagbag.py:588} INFO - Filling up the DagBag from /home/airflow/.local/lib/python3.12/site-packages/airflow/example_dags/tutorial.py
[2025-07-01T05:34:12.282+0000] {processor.py:925} INFO - DAG(s) 'tutorial' retrieved from /home/airflow/.local/lib/python3.12/site-packages/airflow/example_dags/tutorial.py
[2025-07-01T05:34:12.306+0000] {logging_mixin.py:190} INFO - [2025-07-01T05:34:12.305+0000] {dag.py:3239} INFO - Sync 1 DAGs
[2025-07-01T05:34:12.331+0000] {logging_mixin.py:190} INFO - [2025-07-01T05:34:12.330+0000] {dag.py:4180} INFO - Setting next_dagrun for tutorial to 2025-06-30 00:00:00+00:00, run_after=2025-07-01 00:00:00+00:00
[2025-07-01T05:34:12.350+0000] {processor.py:208} INFO - Processing /home/airflow/.local/lib/python3.12/site-packages/airflow/example_dags/tutorial.py took 0.087 seconds
[2025-07-01T05:34:43.095+0000] {processor.py:186} INFO - Started process (PID=28266) to work on /home/airflow/.local/lib/python3.12/site-packages/airflow/example_dags/tutorial.py
[2025-07-01T05:34:43.096+0000] {processor.py:914} INFO - Processing file /home/airflow/.local/lib/python3.12/site-packages/airflow/example_dags/tutorial.py for tasks to queue
[2025-07-01T05:34:43.098+0000] {logging_mixin.py:190} INFO - [2025-07-01T05:34:43.098+0000] {dagbag.py:588} INFO - Filling up the DagBag from /home/airflow/.local/lib/python3.12/site-packages/airflow/example_dags/tutorial.py
[2025-07-01T05:34:43.106+0000] {processor.py:925} INFO - DAG(s) 'tutorial' retrieved from /home/airflow/.local/lib/python3.12/site-packages/airflow/example_dags/tutorial.py
[2025-07-01T05:34:43.124+0000] {logging_mixin.py:190} INFO - [2025-07-01T05:34:43.124+0000] {dag.py:3239} INFO - Sync 1 DAGs
[2025-07-01T05:34:43.145+0000] {logging_mixin.py:190} INFO - [2025-07-01T05:34:43.145+0000] {dag.py:4180} INFO - Setting next_dagrun for tutorial to 2025-06-30 00:00:00+00:00, run_after=2025-07-01 00:00:00+00:00
[2025-07-01T05:34:43.160+0000] {processor.py:208} INFO - Processing /home/airflow/.local/lib/python3.12/site-packages/airflow/example_dags/tutorial.py took 0.071 seconds
[2025-07-01T05:35:14.473+0000] {processor.py:186} INFO - Started process (PID=28328) to work on /home/airflow/.local/lib/python3.12/site-packages/airflow/example_dags/tutorial.py
[2025-07-01T05:35:14.474+0000] {processor.py:914} INFO - Processing file /home/airflow/.local/lib/python3.12/site-packages/airflow/example_dags/tutorial.py for tasks to queue
[2025-07-01T05:35:14.477+0000] {logging_mixin.py:190} INFO - [2025-07-01T05:35:14.476+0000] {dagbag.py:588} INFO - Filling up the DagBag from /home/airflow/.local/lib/python3.12/site-packages/airflow/example_dags/tutorial.py
[2025-07-01T05:35:14.485+0000] {processor.py:925} INFO - DAG(s) 'tutorial' retrieved from /home/airflow/.local/lib/python3.12/site-packages/airflow/example_dags/tutorial.py
[2025-07-01T05:35:14.506+0000] {logging_mixin.py:190} INFO - [2025-07-01T05:35:14.505+0000] {dag.py:3239} INFO - Sync 1 DAGs
[2025-07-01T05:35:14.686+0000] {logging_mixin.py:190} INFO - [2025-07-01T05:35:14.686+0000] {dag.py:4180} INFO - Setting next_dagrun for tutorial to 2025-06-30 00:00:00+00:00, run_after=2025-07-01 00:00:00+00:00
[2025-07-01T05:35:14.703+0000] {processor.py:208} INFO - Processing /home/airflow/.local/lib/python3.12/site-packages/airflow/example_dags/tutorial.py took 0.237 seconds
[2025-07-01T05:35:45.518+0000] {processor.py:186} INFO - Started process (PID=28390) to work on /home/airflow/.local/lib/python3.12/site-packages/airflow/example_dags/tutorial.py
[2025-07-01T05:35:45.519+0000] {processor.py:914} INFO - Processing file /home/airflow/.local/lib/python3.12/site-packages/airflow/example_dags/tutorial.py for tasks to queue
[2025-07-01T05:35:45.522+0000] {logging_mixin.py:190} INFO - [2025-07-01T05:35:45.521+0000] {dagbag.py:588} INFO - Filling up the DagBag from /home/airflow/.local/lib/python3.12/site-packages/airflow/example_dags/tutorial.py
[2025-07-01T05:35:45.530+0000] {processor.py:925} INFO - DAG(s) 'tutorial' retrieved from /home/airflow/.local/lib/python3.12/site-packages/airflow/example_dags/tutorial.py
[2025-07-01T05:35:45.551+0000] {logging_mixin.py:190} INFO - [2025-07-01T05:35:45.551+0000] {dag.py:3239} INFO - Sync 1 DAGs
[2025-07-01T05:35:45.732+0000] {logging_mixin.py:190} INFO - [2025-07-01T05:35:45.732+0000] {dag.py:4180} INFO - Setting next_dagrun for tutorial to 2025-06-30 00:00:00+00:00, run_after=2025-07-01 00:00:00+00:00
[2025-07-01T05:35:45.749+0000] {processor.py:208} INFO - Processing /home/airflow/.local/lib/python3.12/site-packages/airflow/example_dags/tutorial.py took 0.238 seconds
[2025-07-01T05:36:16.091+0000] {processor.py:186} INFO - Started process (PID=28452) to work on /home/airflow/.local/lib/python3.12/site-packages/airflow/example_dags/tutorial.py
[2025-07-01T05:36:16.092+0000] {processor.py:914} INFO - Processing file /home/airflow/.local/lib/python3.12/site-packages/airflow/example_dags/tutorial.py for tasks to queue
[2025-07-01T05:36:16.094+0000] {logging_mixin.py:190} INFO - [2025-07-01T05:36:16.094+0000] {dagbag.py:588} INFO - Filling up the DagBag from /home/airflow/.local/lib/python3.12/site-packages/airflow/example_dags/tutorial.py
[2025-07-01T05:36:16.102+0000] {processor.py:925} INFO - DAG(s) 'tutorial' retrieved from /home/airflow/.local/lib/python3.12/site-packages/airflow/example_dags/tutorial.py
[2025-07-01T05:36:16.122+0000] {logging_mixin.py:190} INFO - [2025-07-01T05:36:16.121+0000] {dag.py:3239} INFO - Sync 1 DAGs
[2025-07-01T05:36:16.142+0000] {logging_mixin.py:190} INFO - [2025-07-01T05:36:16.142+0000] {dag.py:4180} INFO - Setting next_dagrun for tutorial to 2025-06-30 00:00:00+00:00, run_after=2025-07-01 00:00:00+00:00
[2025-07-01T05:36:16.159+0000] {processor.py:208} INFO - Processing /home/airflow/.local/lib/python3.12/site-packages/airflow/example_dags/tutorial.py took 0.074 seconds
[2025-07-01T05:36:47.179+0000] {processor.py:186} INFO - Started process (PID=28514) to work on /home/airflow/.local/lib/python3.12/site-packages/airflow/example_dags/tutorial.py
[2025-07-01T05:36:47.180+0000] {processor.py:914} INFO - Processing file /home/airflow/.local/lib/python3.12/site-packages/airflow/example_dags/tutorial.py for tasks to queue
[2025-07-01T05:36:47.183+0000] {logging_mixin.py:190} INFO - [2025-07-01T05:36:47.182+0000] {dagbag.py:588} INFO - Filling up the DagBag from /home/airflow/.local/lib/python3.12/site-packages/airflow/example_dags/tutorial.py
[2025-07-01T05:36:47.191+0000] {processor.py:925} INFO - DAG(s) 'tutorial' retrieved from /home/airflow/.local/lib/python3.12/site-packages/airflow/example_dags/tutorial.py
[2025-07-01T05:36:47.211+0000] {logging_mixin.py:190} INFO - [2025-07-01T05:36:47.210+0000] {dag.py:3239} INFO - Sync 1 DAGs
[2025-07-01T05:36:47.232+0000] {logging_mixin.py:190} INFO - [2025-07-01T05:36:47.232+0000] {dag.py:4180} INFO - Setting next_dagrun for tutorial to 2025-06-30 00:00:00+00:00, run_after=2025-07-01 00:00:00+00:00
[2025-07-01T05:36:47.252+0000] {processor.py:208} INFO - Processing /home/airflow/.local/lib/python3.12/site-packages/airflow/example_dags/tutorial.py took 0.079 seconds
[2025-07-01T05:37:17.291+0000] {processor.py:186} INFO - Started process (PID=28576) to work on /home/airflow/.local/lib/python3.12/site-packages/airflow/example_dags/tutorial.py
[2025-07-01T05:37:17.292+0000] {processor.py:914} INFO - Processing file /home/airflow/.local/lib/python3.12/site-packages/airflow/example_dags/tutorial.py for tasks to queue
[2025-07-01T05:37:17.296+0000] {logging_mixin.py:190} INFO - [2025-07-01T05:37:17.295+0000] {dagbag.py:588} INFO - Filling up the DagBag from /home/airflow/.local/lib/python3.12/site-packages/airflow/example_dags/tutorial.py
[2025-07-01T05:37:17.304+0000] {processor.py:925} INFO - DAG(s) 'tutorial' retrieved from /home/airflow/.local/lib/python3.12/site-packages/airflow/example_dags/tutorial.py
[2025-07-01T05:37:17.325+0000] {logging_mixin.py:190} INFO - [2025-07-01T05:37:17.325+0000] {dag.py:3239} INFO - Sync 1 DAGs
[2025-07-01T05:37:17.348+0000] {logging_mixin.py:190} INFO - [2025-07-01T05:37:17.347+0000] {dag.py:4180} INFO - Setting next_dagrun for tutorial to 2025-06-30 00:00:00+00:00, run_after=2025-07-01 00:00:00+00:00
[2025-07-01T05:37:17.365+0000] {processor.py:208} INFO - Processing /home/airflow/.local/lib/python3.12/site-packages/airflow/example_dags/tutorial.py took 0.081 seconds
[2025-07-01T05:37:48.890+0000] {processor.py:186} INFO - Started process (PID=28640) to work on /home/airflow/.local/lib/python3.12/site-packages/airflow/example_dags/tutorial.py
[2025-07-01T05:37:48.891+0000] {processor.py:914} INFO - Processing file /home/airflow/.local/lib/python3.12/site-packages/airflow/example_dags/tutorial.py for tasks to queue
[2025-07-01T05:37:48.894+0000] {logging_mixin.py:190} INFO - [2025-07-01T05:37:48.894+0000] {dagbag.py:588} INFO - Filling up the DagBag from /home/airflow/.local/lib/python3.12/site-packages/airflow/example_dags/tutorial.py
[2025-07-01T05:37:48.904+0000] {processor.py:925} INFO - DAG(s) 'tutorial' retrieved from /home/airflow/.local/lib/python3.12/site-packages/airflow/example_dags/tutorial.py
[2025-07-01T05:37:48.923+0000] {logging_mixin.py:190} INFO - [2025-07-01T05:37:48.922+0000] {dag.py:3239} INFO - Sync 1 DAGs
[2025-07-01T05:37:48.946+0000] {logging_mixin.py:190} INFO - [2025-07-01T05:37:48.946+0000] {dag.py:4180} INFO - Setting next_dagrun for tutorial to 2025-06-30 00:00:00+00:00, run_after=2025-07-01 00:00:00+00:00
[2025-07-01T05:37:48.966+0000] {processor.py:208} INFO - Processing /home/airflow/.local/lib/python3.12/site-packages/airflow/example_dags/tutorial.py took 0.082 seconds
[2025-07-01T05:38:19.911+0000] {processor.py:186} INFO - Started process (PID=28702) to work on /home/airflow/.local/lib/python3.12/site-packages/airflow/example_dags/tutorial.py
[2025-07-01T05:38:19.912+0000] {processor.py:914} INFO - Processing file /home/airflow/.local/lib/python3.12/site-packages/airflow/example_dags/tutorial.py for tasks to queue
[2025-07-01T05:38:19.915+0000] {logging_mixin.py:190} INFO - [2025-07-01T05:38:19.915+0000] {dagbag.py:588} INFO - Filling up the DagBag from /home/airflow/.local/lib/python3.12/site-packages/airflow/example_dags/tutorial.py
[2025-07-01T05:38:19.923+0000] {processor.py:925} INFO - DAG(s) 'tutorial' retrieved from /home/airflow/.local/lib/python3.12/site-packages/airflow/example_dags/tutorial.py
[2025-07-01T05:38:19.943+0000] {logging_mixin.py:190} INFO - [2025-07-01T05:38:19.942+0000] {dag.py:3239} INFO - Sync 1 DAGs
[2025-07-01T05:38:19.966+0000] {logging_mixin.py:190} INFO - [2025-07-01T05:38:19.965+0000] {dag.py:4180} INFO - Setting next_dagrun for tutorial to 2025-06-30 00:00:00+00:00, run_after=2025-07-01 00:00:00+00:00
[2025-07-01T05:38:19.983+0000] {processor.py:208} INFO - Processing /home/airflow/.local/lib/python3.12/site-packages/airflow/example_dags/tutorial.py took 0.077 seconds
[2025-07-01T05:38:50.489+0000] {processor.py:186} INFO - Started process (PID=28764) to work on /home/airflow/.local/lib/python3.12/site-packages/airflow/example_dags/tutorial.py
[2025-07-01T05:38:50.490+0000] {processor.py:914} INFO - Processing file /home/airflow/.local/lib/python3.12/site-packages/airflow/example_dags/tutorial.py for tasks to queue
[2025-07-01T05:38:50.493+0000] {logging_mixin.py:190} INFO - [2025-07-01T05:38:50.492+0000] {dagbag.py:588} INFO - Filling up the DagBag from /home/airflow/.local/lib/python3.12/site-packages/airflow/example_dags/tutorial.py
[2025-07-01T05:38:50.500+0000] {processor.py:925} INFO - DAG(s) 'tutorial' retrieved from /home/airflow/.local/lib/python3.12/site-packages/airflow/example_dags/tutorial.py
[2025-07-01T05:38:50.528+0000] {logging_mixin.py:190} INFO - [2025-07-01T05:38:50.527+0000] {dag.py:3239} INFO - Sync 1 DAGs
[2025-07-01T05:38:50.550+0000] {logging_mixin.py:190} INFO - [2025-07-01T05:38:50.550+0000] {dag.py:4180} INFO - Setting next_dagrun for tutorial to 2025-06-30 00:00:00+00:00, run_after=2025-07-01 00:00:00+00:00
[2025-07-01T05:38:50.567+0000] {processor.py:208} INFO - Processing /home/airflow/.local/lib/python3.12/site-packages/airflow/example_dags/tutorial.py took 0.084 seconds
[2025-07-01T05:39:21.248+0000] {processor.py:186} INFO - Started process (PID=28826) to work on /home/airflow/.local/lib/python3.12/site-packages/airflow/example_dags/tutorial.py
[2025-07-01T05:39:21.249+0000] {processor.py:914} INFO - Processing file /home/airflow/.local/lib/python3.12/site-packages/airflow/example_dags/tutorial.py for tasks to queue
[2025-07-01T05:39:21.251+0000] {logging_mixin.py:190} INFO - [2025-07-01T05:39:21.251+0000] {dagbag.py:588} INFO - Filling up the DagBag from /home/airflow/.local/lib/python3.12/site-packages/airflow/example_dags/tutorial.py
[2025-07-01T05:39:21.259+0000] {processor.py:925} INFO - DAG(s) 'tutorial' retrieved from /home/airflow/.local/lib/python3.12/site-packages/airflow/example_dags/tutorial.py
[2025-07-01T05:39:21.276+0000] {logging_mixin.py:190} INFO - [2025-07-01T05:39:21.276+0000] {dag.py:3239} INFO - Sync 1 DAGs
[2025-07-01T05:39:21.298+0000] {logging_mixin.py:190} INFO - [2025-07-01T05:39:21.298+0000] {dag.py:4180} INFO - Setting next_dagrun for tutorial to 2025-06-30 00:00:00+00:00, run_after=2025-07-01 00:00:00+00:00
[2025-07-01T05:39:21.315+0000] {processor.py:208} INFO - Processing /home/airflow/.local/lib/python3.12/site-packages/airflow/example_dags/tutorial.py took 0.073 seconds
[2025-07-01T05:39:51.865+0000] {processor.py:186} INFO - Started process (PID=28888) to work on /home/airflow/.local/lib/python3.12/site-packages/airflow/example_dags/tutorial.py
[2025-07-01T05:39:51.867+0000] {processor.py:914} INFO - Processing file /home/airflow/.local/lib/python3.12/site-packages/airflow/example_dags/tutorial.py for tasks to queue
[2025-07-01T05:39:51.870+0000] {logging_mixin.py:190} INFO - [2025-07-01T05:39:51.870+0000] {dagbag.py:588} INFO - Filling up the DagBag from /home/airflow/.local/lib/python3.12/site-packages/airflow/example_dags/tutorial.py
[2025-07-01T05:39:51.880+0000] {processor.py:925} INFO - DAG(s) 'tutorial' retrieved from /home/airflow/.local/lib/python3.12/site-packages/airflow/example_dags/tutorial.py
[2025-07-01T05:39:51.899+0000] {logging_mixin.py:190} INFO - [2025-07-01T05:39:51.899+0000] {dag.py:3239} INFO - Sync 1 DAGs
[2025-07-01T05:39:51.922+0000] {logging_mixin.py:190} INFO - [2025-07-01T05:39:51.922+0000] {dag.py:4180} INFO - Setting next_dagrun for tutorial to 2025-06-30 00:00:00+00:00, run_after=2025-07-01 00:00:00+00:00
[2025-07-01T05:39:51.940+0000] {processor.py:208} INFO - Processing /home/airflow/.local/lib/python3.12/site-packages/airflow/example_dags/tutorial.py took 0.082 seconds
[2025-07-01T05:40:22.729+0000] {processor.py:186} INFO - Started process (PID=28950) to work on /home/airflow/.local/lib/python3.12/site-packages/airflow/example_dags/tutorial.py
[2025-07-01T05:40:22.730+0000] {processor.py:914} INFO - Processing file /home/airflow/.local/lib/python3.12/site-packages/airflow/example_dags/tutorial.py for tasks to queue
[2025-07-01T05:40:22.732+0000] {logging_mixin.py:190} INFO - [2025-07-01T05:40:22.732+0000] {dagbag.py:588} INFO - Filling up the DagBag from /home/airflow/.local/lib/python3.12/site-packages/airflow/example_dags/tutorial.py
[2025-07-01T05:40:22.740+0000] {processor.py:925} INFO - DAG(s) 'tutorial' retrieved from /home/airflow/.local/lib/python3.12/site-packages/airflow/example_dags/tutorial.py
[2025-07-01T05:40:22.759+0000] {logging_mixin.py:190} INFO - [2025-07-01T05:40:22.758+0000] {dag.py:3239} INFO - Sync 1 DAGs
[2025-07-01T05:40:22.779+0000] {logging_mixin.py:190} INFO - [2025-07-01T05:40:22.779+0000] {dag.py:4180} INFO - Setting next_dagrun for tutorial to 2025-06-30 00:00:00+00:00, run_after=2025-07-01 00:00:00+00:00
[2025-07-01T05:40:22.796+0000] {processor.py:208} INFO - Processing /home/airflow/.local/lib/python3.12/site-packages/airflow/example_dags/tutorial.py took 0.073 seconds
[2025-07-01T05:40:52.968+0000] {processor.py:186} INFO - Started process (PID=29013) to work on /home/airflow/.local/lib/python3.12/site-packages/airflow/example_dags/tutorial.py
[2025-07-01T05:40:52.969+0000] {processor.py:914} INFO - Processing file /home/airflow/.local/lib/python3.12/site-packages/airflow/example_dags/tutorial.py for tasks to queue
[2025-07-01T05:40:52.973+0000] {logging_mixin.py:190} INFO - [2025-07-01T05:40:52.972+0000] {dagbag.py:588} INFO - Filling up the DagBag from /home/airflow/.local/lib/python3.12/site-packages/airflow/example_dags/tutorial.py
[2025-07-01T05:40:52.980+0000] {processor.py:925} INFO - DAG(s) 'tutorial' retrieved from /home/airflow/.local/lib/python3.12/site-packages/airflow/example_dags/tutorial.py
[2025-07-01T05:40:53.000+0000] {logging_mixin.py:190} INFO - [2025-07-01T05:40:53.000+0000] {dag.py:3239} INFO - Sync 1 DAGs
[2025-07-01T05:40:53.022+0000] {logging_mixin.py:190} INFO - [2025-07-01T05:40:53.022+0000] {dag.py:4180} INFO - Setting next_dagrun for tutorial to 2025-06-30 00:00:00+00:00, run_after=2025-07-01 00:00:00+00:00
[2025-07-01T05:40:53.039+0000] {processor.py:208} INFO - Processing /home/airflow/.local/lib/python3.12/site-packages/airflow/example_dags/tutorial.py took 0.077 seconds
[2025-07-01T05:41:23.712+0000] {processor.py:186} INFO - Started process (PID=29075) to work on /home/airflow/.local/lib/python3.12/site-packages/airflow/example_dags/tutorial.py
[2025-07-01T05:41:23.713+0000] {processor.py:914} INFO - Processing file /home/airflow/.local/lib/python3.12/site-packages/airflow/example_dags/tutorial.py for tasks to queue
[2025-07-01T05:41:23.715+0000] {logging_mixin.py:190} INFO - [2025-07-01T05:41:23.715+0000] {dagbag.py:588} INFO - Filling up the DagBag from /home/airflow/.local/lib/python3.12/site-packages/airflow/example_dags/tutorial.py
[2025-07-01T05:41:23.723+0000] {processor.py:925} INFO - DAG(s) 'tutorial' retrieved from /home/airflow/.local/lib/python3.12/site-packages/airflow/example_dags/tutorial.py
[2025-07-01T05:41:23.742+0000] {logging_mixin.py:190} INFO - [2025-07-01T05:41:23.742+0000] {dag.py:3239} INFO - Sync 1 DAGs
[2025-07-01T05:41:23.763+0000] {logging_mixin.py:190} INFO - [2025-07-01T05:41:23.763+0000] {dag.py:4180} INFO - Setting next_dagrun for tutorial to 2025-06-30 00:00:00+00:00, run_after=2025-07-01 00:00:00+00:00
[2025-07-01T05:41:23.780+0000] {processor.py:208} INFO - Processing /home/airflow/.local/lib/python3.12/site-packages/airflow/example_dags/tutorial.py took 0.074 seconds
[2025-07-01T05:41:54.664+0000] {processor.py:186} INFO - Started process (PID=29137) to work on /home/airflow/.local/lib/python3.12/site-packages/airflow/example_dags/tutorial.py
[2025-07-01T05:41:54.665+0000] {processor.py:914} INFO - Processing file /home/airflow/.local/lib/python3.12/site-packages/airflow/example_dags/tutorial.py for tasks to queue
[2025-07-01T05:41:54.668+0000] {logging_mixin.py:190} INFO - [2025-07-01T05:41:54.667+0000] {dagbag.py:588} INFO - Filling up the DagBag from /home/airflow/.local/lib/python3.12/site-packages/airflow/example_dags/tutorial.py
[2025-07-01T05:41:54.676+0000] {processor.py:925} INFO - DAG(s) 'tutorial' retrieved from /home/airflow/.local/lib/python3.12/site-packages/airflow/example_dags/tutorial.py
[2025-07-01T05:41:54.697+0000] {logging_mixin.py:190} INFO - [2025-07-01T05:41:54.697+0000] {dag.py:3239} INFO - Sync 1 DAGs
[2025-07-01T05:41:54.723+0000] {logging_mixin.py:190} INFO - [2025-07-01T05:41:54.723+0000] {dag.py:4180} INFO - Setting next_dagrun for tutorial to 2025-06-30 00:00:00+00:00, run_after=2025-07-01 00:00:00+00:00
[2025-07-01T05:41:54.745+0000] {processor.py:208} INFO - Processing /home/airflow/.local/lib/python3.12/site-packages/airflow/example_dags/tutorial.py took 0.087 seconds
[2025-07-01T05:42:25.347+0000] {processor.py:186} INFO - Started process (PID=29199) to work on /home/airflow/.local/lib/python3.12/site-packages/airflow/example_dags/tutorial.py
[2025-07-01T05:42:25.348+0000] {processor.py:914} INFO - Processing file /home/airflow/.local/lib/python3.12/site-packages/airflow/example_dags/tutorial.py for tasks to queue
[2025-07-01T05:42:25.351+0000] {logging_mixin.py:190} INFO - [2025-07-01T05:42:25.351+0000] {dagbag.py:588} INFO - Filling up the DagBag from /home/airflow/.local/lib/python3.12/site-packages/airflow/example_dags/tutorial.py
[2025-07-01T05:42:25.361+0000] {processor.py:925} INFO - DAG(s) 'tutorial' retrieved from /home/airflow/.local/lib/python3.12/site-packages/airflow/example_dags/tutorial.py
[2025-07-01T05:42:25.383+0000] {logging_mixin.py:190} INFO - [2025-07-01T05:42:25.383+0000] {dag.py:3239} INFO - Sync 1 DAGs
[2025-07-01T05:42:25.409+0000] {logging_mixin.py:190} INFO - [2025-07-01T05:42:25.409+0000] {dag.py:4180} INFO - Setting next_dagrun for tutorial to 2025-06-30 00:00:00+00:00, run_after=2025-07-01 00:00:00+00:00
[2025-07-01T05:42:25.431+0000] {processor.py:208} INFO - Processing /home/airflow/.local/lib/python3.12/site-packages/airflow/example_dags/tutorial.py took 0.091 seconds
[2025-07-01T05:42:56.111+0000] {processor.py:186} INFO - Started process (PID=29261) to work on /home/airflow/.local/lib/python3.12/site-packages/airflow/example_dags/tutorial.py
[2025-07-01T05:42:56.113+0000] {processor.py:914} INFO - Processing file /home/airflow/.local/lib/python3.12/site-packages/airflow/example_dags/tutorial.py for tasks to queue
[2025-07-01T05:42:56.116+0000] {logging_mixin.py:190} INFO - [2025-07-01T05:42:56.116+0000] {dagbag.py:588} INFO - Filling up the DagBag from /home/airflow/.local/lib/python3.12/site-packages/airflow/example_dags/tutorial.py
[2025-07-01T05:42:56.125+0000] {processor.py:925} INFO - DAG(s) 'tutorial' retrieved from /home/airflow/.local/lib/python3.12/site-packages/airflow/example_dags/tutorial.py
[2025-07-01T05:42:56.146+0000] {logging_mixin.py:190} INFO - [2025-07-01T05:42:56.146+0000] {dag.py:3239} INFO - Sync 1 DAGs
[2025-07-01T05:42:56.169+0000] {logging_mixin.py:190} INFO - [2025-07-01T05:42:56.169+0000] {dag.py:4180} INFO - Setting next_dagrun for tutorial to 2025-06-30 00:00:00+00:00, run_after=2025-07-01 00:00:00+00:00
[2025-07-01T05:42:56.186+0000] {processor.py:208} INFO - Processing /home/airflow/.local/lib/python3.12/site-packages/airflow/example_dags/tutorial.py took 0.082 seconds
[2025-07-01T05:43:27.126+0000] {processor.py:186} INFO - Started process (PID=29323) to work on /home/airflow/.local/lib/python3.12/site-packages/airflow/example_dags/tutorial.py
[2025-07-01T05:43:27.127+0000] {processor.py:914} INFO - Processing file /home/airflow/.local/lib/python3.12/site-packages/airflow/example_dags/tutorial.py for tasks to queue
[2025-07-01T05:43:27.130+0000] {logging_mixin.py:190} INFO - [2025-07-01T05:43:27.130+0000] {dagbag.py:588} INFO - Filling up the DagBag from /home/airflow/.local/lib/python3.12/site-packages/airflow/example_dags/tutorial.py
[2025-07-01T05:43:27.138+0000] {processor.py:925} INFO - DAG(s) 'tutorial' retrieved from /home/airflow/.local/lib/python3.12/site-packages/airflow/example_dags/tutorial.py
[2025-07-01T05:43:27.157+0000] {logging_mixin.py:190} INFO - [2025-07-01T05:43:27.157+0000] {dag.py:3239} INFO - Sync 1 DAGs
[2025-07-01T05:43:27.179+0000] {logging_mixin.py:190} INFO - [2025-07-01T05:43:27.179+0000] {dag.py:4180} INFO - Setting next_dagrun for tutorial to 2025-06-30 00:00:00+00:00, run_after=2025-07-01 00:00:00+00:00
[2025-07-01T05:43:27.197+0000] {processor.py:208} INFO - Processing /home/airflow/.local/lib/python3.12/site-packages/airflow/example_dags/tutorial.py took 0.077 seconds
[2025-07-01T05:43:57.981+0000] {processor.py:186} INFO - Started process (PID=29385) to work on /home/airflow/.local/lib/python3.12/site-packages/airflow/example_dags/tutorial.py
[2025-07-01T05:43:57.982+0000] {processor.py:914} INFO - Processing file /home/airflow/.local/lib/python3.12/site-packages/airflow/example_dags/tutorial.py for tasks to queue
[2025-07-01T05:43:57.984+0000] {logging_mixin.py:190} INFO - [2025-07-01T05:43:57.984+0000] {dagbag.py:588} INFO - Filling up the DagBag from /home/airflow/.local/lib/python3.12/site-packages/airflow/example_dags/tutorial.py
[2025-07-01T05:43:57.992+0000] {processor.py:925} INFO - DAG(s) 'tutorial' retrieved from /home/airflow/.local/lib/python3.12/site-packages/airflow/example_dags/tutorial.py
[2025-07-01T05:43:58.012+0000] {logging_mixin.py:190} INFO - [2025-07-01T05:43:58.011+0000] {dag.py:3239} INFO - Sync 1 DAGs
[2025-07-01T05:43:58.033+0000] {logging_mixin.py:190} INFO - [2025-07-01T05:43:58.033+0000] {dag.py:4180} INFO - Setting next_dagrun for tutorial to 2025-06-30 00:00:00+00:00, run_after=2025-07-01 00:00:00+00:00
[2025-07-01T05:43:58.051+0000] {processor.py:208} INFO - Processing /home/airflow/.local/lib/python3.12/site-packages/airflow/example_dags/tutorial.py took 0.077 seconds
[2025-07-01T05:44:28.946+0000] {processor.py:186} INFO - Started process (PID=29447) to work on /home/airflow/.local/lib/python3.12/site-packages/airflow/example_dags/tutorial.py
[2025-07-01T05:44:28.947+0000] {processor.py:914} INFO - Processing file /home/airflow/.local/lib/python3.12/site-packages/airflow/example_dags/tutorial.py for tasks to queue
[2025-07-01T05:44:28.950+0000] {logging_mixin.py:190} INFO - [2025-07-01T05:44:28.950+0000] {dagbag.py:588} INFO - Filling up the DagBag from /home/airflow/.local/lib/python3.12/site-packages/airflow/example_dags/tutorial.py
[2025-07-01T05:44:28.958+0000] {processor.py:925} INFO - DAG(s) 'tutorial' retrieved from /home/airflow/.local/lib/python3.12/site-packages/airflow/example_dags/tutorial.py
[2025-07-01T05:44:28.978+0000] {logging_mixin.py:190} INFO - [2025-07-01T05:44:28.978+0000] {dag.py:3239} INFO - Sync 1 DAGs
[2025-07-01T05:44:29.001+0000] {logging_mixin.py:190} INFO - [2025-07-01T05:44:29.001+0000] {dag.py:4180} INFO - Setting next_dagrun for tutorial to 2025-06-30 00:00:00+00:00, run_after=2025-07-01 00:00:00+00:00
[2025-07-01T05:44:29.019+0000] {processor.py:208} INFO - Processing /home/airflow/.local/lib/python3.12/site-packages/airflow/example_dags/tutorial.py took 0.079 seconds
[2025-07-01T05:45:00.170+0000] {processor.py:186} INFO - Started process (PID=29509) to work on /home/airflow/.local/lib/python3.12/site-packages/airflow/example_dags/tutorial.py
[2025-07-01T05:45:00.171+0000] {processor.py:914} INFO - Processing file /home/airflow/.local/lib/python3.12/site-packages/airflow/example_dags/tutorial.py for tasks to queue
[2025-07-01T05:45:00.175+0000] {logging_mixin.py:190} INFO - [2025-07-01T05:45:00.174+0000] {dagbag.py:588} INFO - Filling up the DagBag from /home/airflow/.local/lib/python3.12/site-packages/airflow/example_dags/tutorial.py
[2025-07-01T05:45:00.185+0000] {processor.py:925} INFO - DAG(s) 'tutorial' retrieved from /home/airflow/.local/lib/python3.12/site-packages/airflow/example_dags/tutorial.py
[2025-07-01T05:45:00.207+0000] {logging_mixin.py:190} INFO - [2025-07-01T05:45:00.206+0000] {dag.py:3239} INFO - Sync 1 DAGs
[2025-07-01T05:45:00.228+0000] {logging_mixin.py:190} INFO - [2025-07-01T05:45:00.228+0000] {dag.py:4180} INFO - Setting next_dagrun for tutorial to 2025-06-30 00:00:00+00:00, run_after=2025-07-01 00:00:00+00:00
[2025-07-01T05:45:00.245+0000] {processor.py:208} INFO - Processing /home/airflow/.local/lib/python3.12/site-packages/airflow/example_dags/tutorial.py took 0.081 seconds
[2025-07-01T05:45:30.901+0000] {processor.py:186} INFO - Started process (PID=29571) to work on /home/airflow/.local/lib/python3.12/site-packages/airflow/example_dags/tutorial.py
[2025-07-01T05:45:30.902+0000] {processor.py:914} INFO - Processing file /home/airflow/.local/lib/python3.12/site-packages/airflow/example_dags/tutorial.py for tasks to queue
[2025-07-01T05:45:30.905+0000] {logging_mixin.py:190} INFO - [2025-07-01T05:45:30.905+0000] {dagbag.py:588} INFO - Filling up the DagBag from /home/airflow/.local/lib/python3.12/site-packages/airflow/example_dags/tutorial.py
[2025-07-01T05:45:30.914+0000] {processor.py:925} INFO - DAG(s) 'tutorial' retrieved from /home/airflow/.local/lib/python3.12/site-packages/airflow/example_dags/tutorial.py
[2025-07-01T05:45:30.935+0000] {logging_mixin.py:190} INFO - [2025-07-01T05:45:30.934+0000] {dag.py:3239} INFO - Sync 1 DAGs
[2025-07-01T05:45:30.957+0000] {logging_mixin.py:190} INFO - [2025-07-01T05:45:30.957+0000] {dag.py:4180} INFO - Setting next_dagrun for tutorial to 2025-06-30 00:00:00+00:00, run_after=2025-07-01 00:00:00+00:00
[2025-07-01T05:45:30.974+0000] {processor.py:208} INFO - Processing /home/airflow/.local/lib/python3.12/site-packages/airflow/example_dags/tutorial.py took 0.079 seconds
[2025-07-01T05:46:01.747+0000] {processor.py:186} INFO - Started process (PID=29633) to work on /home/airflow/.local/lib/python3.12/site-packages/airflow/example_dags/tutorial.py
[2025-07-01T05:46:01.749+0000] {processor.py:914} INFO - Processing file /home/airflow/.local/lib/python3.12/site-packages/airflow/example_dags/tutorial.py for tasks to queue
[2025-07-01T05:46:01.752+0000] {logging_mixin.py:190} INFO - [2025-07-01T05:46:01.751+0000] {dagbag.py:588} INFO - Filling up the DagBag from /home/airflow/.local/lib/python3.12/site-packages/airflow/example_dags/tutorial.py
[2025-07-01T05:46:01.759+0000] {processor.py:925} INFO - DAG(s) 'tutorial' retrieved from /home/airflow/.local/lib/python3.12/site-packages/airflow/example_dags/tutorial.py
[2025-07-01T05:46:01.778+0000] {logging_mixin.py:190} INFO - [2025-07-01T05:46:01.778+0000] {dag.py:3239} INFO - Sync 1 DAGs
[2025-07-01T05:46:01.800+0000] {logging_mixin.py:190} INFO - [2025-07-01T05:46:01.800+0000] {dag.py:4180} INFO - Setting next_dagrun for tutorial to 2025-06-30 00:00:00+00:00, run_after=2025-07-01 00:00:00+00:00
[2025-07-01T05:46:01.817+0000] {processor.py:208} INFO - Processing /home/airflow/.local/lib/python3.12/site-packages/airflow/example_dags/tutorial.py took 0.076 seconds
[2025-07-01T05:46:32.478+0000] {processor.py:186} INFO - Started process (PID=29695) to work on /home/airflow/.local/lib/python3.12/site-packages/airflow/example_dags/tutorial.py
[2025-07-01T05:46:32.479+0000] {processor.py:914} INFO - Processing file /home/airflow/.local/lib/python3.12/site-packages/airflow/example_dags/tutorial.py for tasks to queue
[2025-07-01T05:46:32.482+0000] {logging_mixin.py:190} INFO - [2025-07-01T05:46:32.482+0000] {dagbag.py:588} INFO - Filling up the DagBag from /home/airflow/.local/lib/python3.12/site-packages/airflow/example_dags/tutorial.py
[2025-07-01T05:46:32.490+0000] {processor.py:925} INFO - DAG(s) 'tutorial' retrieved from /home/airflow/.local/lib/python3.12/site-packages/airflow/example_dags/tutorial.py
[2025-07-01T05:46:32.509+0000] {logging_mixin.py:190} INFO - [2025-07-01T05:46:32.509+0000] {dag.py:3239} INFO - Sync 1 DAGs
[2025-07-01T05:46:32.532+0000] {logging_mixin.py:190} INFO - [2025-07-01T05:46:32.531+0000] {dag.py:4180} INFO - Setting next_dagrun for tutorial to 2025-06-30 00:00:00+00:00, run_after=2025-07-01 00:00:00+00:00
[2025-07-01T05:46:32.549+0000] {processor.py:208} INFO - Processing /home/airflow/.local/lib/python3.12/site-packages/airflow/example_dags/tutorial.py took 0.077 seconds
[2025-07-01T05:47:03.197+0000] {processor.py:186} INFO - Started process (PID=29757) to work on /home/airflow/.local/lib/python3.12/site-packages/airflow/example_dags/tutorial.py
[2025-07-01T05:47:03.198+0000] {processor.py:914} INFO - Processing file /home/airflow/.local/lib/python3.12/site-packages/airflow/example_dags/tutorial.py for tasks to queue
[2025-07-01T05:47:03.201+0000] {logging_mixin.py:190} INFO - [2025-07-01T05:47:03.201+0000] {dagbag.py:588} INFO - Filling up the DagBag from /home/airflow/.local/lib/python3.12/site-packages/airflow/example_dags/tutorial.py
[2025-07-01T05:47:03.210+0000] {processor.py:925} INFO - DAG(s) 'tutorial' retrieved from /home/airflow/.local/lib/python3.12/site-packages/airflow/example_dags/tutorial.py
[2025-07-01T05:47:03.232+0000] {logging_mixin.py:190} INFO - [2025-07-01T05:47:03.231+0000] {dag.py:3239} INFO - Sync 1 DAGs
[2025-07-01T05:47:03.258+0000] {logging_mixin.py:190} INFO - [2025-07-01T05:47:03.258+0000] {dag.py:4180} INFO - Setting next_dagrun for tutorial to 2025-06-30 00:00:00+00:00, run_after=2025-07-01 00:00:00+00:00
[2025-07-01T05:47:03.279+0000] {processor.py:208} INFO - Processing /home/airflow/.local/lib/python3.12/site-packages/airflow/example_dags/tutorial.py took 0.088 seconds
[2025-07-01T05:47:34.113+0000] {processor.py:186} INFO - Started process (PID=29819) to work on /home/airflow/.local/lib/python3.12/site-packages/airflow/example_dags/tutorial.py
[2025-07-01T05:47:34.115+0000] {processor.py:914} INFO - Processing file /home/airflow/.local/lib/python3.12/site-packages/airflow/example_dags/tutorial.py for tasks to queue
[2025-07-01T05:47:34.118+0000] {logging_mixin.py:190} INFO - [2025-07-01T05:47:34.117+0000] {dagbag.py:588} INFO - Filling up the DagBag from /home/airflow/.local/lib/python3.12/site-packages/airflow/example_dags/tutorial.py
[2025-07-01T05:47:34.128+0000] {processor.py:925} INFO - DAG(s) 'tutorial' retrieved from /home/airflow/.local/lib/python3.12/site-packages/airflow/example_dags/tutorial.py
[2025-07-01T05:47:34.147+0000] {logging_mixin.py:190} INFO - [2025-07-01T05:47:34.147+0000] {dag.py:3239} INFO - Sync 1 DAGs
[2025-07-01T05:47:34.167+0000] {logging_mixin.py:190} INFO - [2025-07-01T05:47:34.167+0000] {dag.py:4180} INFO - Setting next_dagrun for tutorial to 2025-06-30 00:00:00+00:00, run_after=2025-07-01 00:00:00+00:00
[2025-07-01T05:47:34.183+0000] {processor.py:208} INFO - Processing /home/airflow/.local/lib/python3.12/site-packages/airflow/example_dags/tutorial.py took 0.077 seconds
[2025-07-01T05:48:04.713+0000] {processor.py:186} INFO - Started process (PID=29881) to work on /home/airflow/.local/lib/python3.12/site-packages/airflow/example_dags/tutorial.py
[2025-07-01T05:48:04.714+0000] {processor.py:914} INFO - Processing file /home/airflow/.local/lib/python3.12/site-packages/airflow/example_dags/tutorial.py for tasks to queue
[2025-07-01T05:48:04.717+0000] {logging_mixin.py:190} INFO - [2025-07-01T05:48:04.716+0000] {dagbag.py:588} INFO - Filling up the DagBag from /home/airflow/.local/lib/python3.12/site-packages/airflow/example_dags/tutorial.py
[2025-07-01T05:48:04.724+0000] {processor.py:925} INFO - DAG(s) 'tutorial' retrieved from /home/airflow/.local/lib/python3.12/site-packages/airflow/example_dags/tutorial.py
[2025-07-01T05:48:04.744+0000] {logging_mixin.py:190} INFO - [2025-07-01T05:48:04.744+0000] {dag.py:3239} INFO - Sync 1 DAGs
[2025-07-01T05:48:04.775+0000] {logging_mixin.py:190} INFO - [2025-07-01T05:48:04.775+0000] {dag.py:4180} INFO - Setting next_dagrun for tutorial to 2025-06-30 00:00:00+00:00, run_after=2025-07-01 00:00:00+00:00
[2025-07-01T05:48:04.793+0000] {processor.py:208} INFO - Processing /home/airflow/.local/lib/python3.12/site-packages/airflow/example_dags/tutorial.py took 0.087 seconds
[2025-07-01T05:48:35.370+0000] {processor.py:186} INFO - Started process (PID=29949) to work on /home/airflow/.local/lib/python3.12/site-packages/airflow/example_dags/tutorial.py
[2025-07-01T05:48:35.371+0000] {processor.py:914} INFO - Processing file /home/airflow/.local/lib/python3.12/site-packages/airflow/example_dags/tutorial.py for tasks to queue
[2025-07-01T05:48:35.374+0000] {logging_mixin.py:190} INFO - [2025-07-01T05:48:35.374+0000] {dagbag.py:588} INFO - Filling up the DagBag from /home/airflow/.local/lib/python3.12/site-packages/airflow/example_dags/tutorial.py
[2025-07-01T05:48:35.382+0000] {processor.py:925} INFO - DAG(s) 'tutorial' retrieved from /home/airflow/.local/lib/python3.12/site-packages/airflow/example_dags/tutorial.py
[2025-07-01T05:48:35.402+0000] {logging_mixin.py:190} INFO - [2025-07-01T05:48:35.402+0000] {dag.py:3239} INFO - Sync 1 DAGs
[2025-07-01T05:48:35.424+0000] {logging_mixin.py:190} INFO - [2025-07-01T05:48:35.424+0000] {dag.py:4180} INFO - Setting next_dagrun for tutorial to 2025-06-30 00:00:00+00:00, run_after=2025-07-01 00:00:00+00:00
[2025-07-01T05:48:35.441+0000] {processor.py:208} INFO - Processing /home/airflow/.local/lib/python3.12/site-packages/airflow/example_dags/tutorial.py took 0.078 seconds
[2025-07-01T05:49:06.173+0000] {processor.py:186} INFO - Started process (PID=30011) to work on /home/airflow/.local/lib/python3.12/site-packages/airflow/example_dags/tutorial.py
[2025-07-01T05:49:06.175+0000] {processor.py:914} INFO - Processing file /home/airflow/.local/lib/python3.12/site-packages/airflow/example_dags/tutorial.py for tasks to queue
[2025-07-01T05:49:06.178+0000] {logging_mixin.py:190} INFO - [2025-07-01T05:49:06.177+0000] {dagbag.py:588} INFO - Filling up the DagBag from /home/airflow/.local/lib/python3.12/site-packages/airflow/example_dags/tutorial.py
[2025-07-01T05:49:06.186+0000] {processor.py:925} INFO - DAG(s) 'tutorial' retrieved from /home/airflow/.local/lib/python3.12/site-packages/airflow/example_dags/tutorial.py
[2025-07-01T05:49:06.207+0000] {logging_mixin.py:190} INFO - [2025-07-01T05:49:06.207+0000] {dag.py:3239} INFO - Sync 1 DAGs
[2025-07-01T05:49:06.230+0000] {logging_mixin.py:190} INFO - [2025-07-01T05:49:06.229+0000] {dag.py:4180} INFO - Setting next_dagrun for tutorial to 2025-06-30 00:00:00+00:00, run_after=2025-07-01 00:00:00+00:00
[2025-07-01T05:49:06.247+0000] {processor.py:208} INFO - Processing /home/airflow/.local/lib/python3.12/site-packages/airflow/example_dags/tutorial.py took 0.079 seconds
[2025-07-01T05:49:37.106+0000] {processor.py:186} INFO - Started process (PID=30073) to work on /home/airflow/.local/lib/python3.12/site-packages/airflow/example_dags/tutorial.py
[2025-07-01T05:49:37.107+0000] {processor.py:914} INFO - Processing file /home/airflow/.local/lib/python3.12/site-packages/airflow/example_dags/tutorial.py for tasks to queue
[2025-07-01T05:49:37.110+0000] {logging_mixin.py:190} INFO - [2025-07-01T05:49:37.109+0000] {dagbag.py:588} INFO - Filling up the DagBag from /home/airflow/.local/lib/python3.12/site-packages/airflow/example_dags/tutorial.py
[2025-07-01T05:49:37.117+0000] {processor.py:925} INFO - DAG(s) 'tutorial' retrieved from /home/airflow/.local/lib/python3.12/site-packages/airflow/example_dags/tutorial.py
[2025-07-01T05:49:37.138+0000] {logging_mixin.py:190} INFO - [2025-07-01T05:49:37.138+0000] {dag.py:3239} INFO - Sync 1 DAGs
[2025-07-01T05:49:37.161+0000] {logging_mixin.py:190} INFO - [2025-07-01T05:49:37.161+0000] {dag.py:4180} INFO - Setting next_dagrun for tutorial to 2025-06-30 00:00:00+00:00, run_after=2025-07-01 00:00:00+00:00
[2025-07-01T05:49:37.180+0000] {processor.py:208} INFO - Processing /home/airflow/.local/lib/python3.12/site-packages/airflow/example_dags/tutorial.py took 0.081 seconds
[2025-07-01T05:50:07.875+0000] {processor.py:186} INFO - Started process (PID=30135) to work on /home/airflow/.local/lib/python3.12/site-packages/airflow/example_dags/tutorial.py
[2025-07-01T05:50:07.876+0000] {processor.py:914} INFO - Processing file /home/airflow/.local/lib/python3.12/site-packages/airflow/example_dags/tutorial.py for tasks to queue
[2025-07-01T05:50:07.879+0000] {logging_mixin.py:190} INFO - [2025-07-01T05:50:07.879+0000] {dagbag.py:588} INFO - Filling up the DagBag from /home/airflow/.local/lib/python3.12/site-packages/airflow/example_dags/tutorial.py
[2025-07-01T05:50:07.887+0000] {processor.py:925} INFO - DAG(s) 'tutorial' retrieved from /home/airflow/.local/lib/python3.12/site-packages/airflow/example_dags/tutorial.py
[2025-07-01T05:50:07.907+0000] {logging_mixin.py:190} INFO - [2025-07-01T05:50:07.907+0000] {dag.py:3239} INFO - Sync 1 DAGs
[2025-07-01T05:50:07.929+0000] {logging_mixin.py:190} INFO - [2025-07-01T05:50:07.929+0000] {dag.py:4180} INFO - Setting next_dagrun for tutorial to 2025-06-30 00:00:00+00:00, run_after=2025-07-01 00:00:00+00:00
[2025-07-01T05:50:07.951+0000] {processor.py:208} INFO - Processing /home/airflow/.local/lib/python3.12/site-packages/airflow/example_dags/tutorial.py took 0.083 seconds
[2025-07-01T05:50:38.779+0000] {processor.py:186} INFO - Started process (PID=30197) to work on /home/airflow/.local/lib/python3.12/site-packages/airflow/example_dags/tutorial.py
[2025-07-01T05:50:38.780+0000] {processor.py:914} INFO - Processing file /home/airflow/.local/lib/python3.12/site-packages/airflow/example_dags/tutorial.py for tasks to queue
[2025-07-01T05:50:38.783+0000] {logging_mixin.py:190} INFO - [2025-07-01T05:50:38.783+0000] {dagbag.py:588} INFO - Filling up the DagBag from /home/airflow/.local/lib/python3.12/site-packages/airflow/example_dags/tutorial.py
[2025-07-01T05:50:38.791+0000] {processor.py:925} INFO - DAG(s) 'tutorial' retrieved from /home/airflow/.local/lib/python3.12/site-packages/airflow/example_dags/tutorial.py
[2025-07-01T05:50:38.812+0000] {logging_mixin.py:190} INFO - [2025-07-01T05:50:38.812+0000] {dag.py:3239} INFO - Sync 1 DAGs
[2025-07-01T05:50:38.835+0000] {logging_mixin.py:190} INFO - [2025-07-01T05:50:38.835+0000] {dag.py:4180} INFO - Setting next_dagrun for tutorial to 2025-06-30 00:00:00+00:00, run_after=2025-07-01 00:00:00+00:00
[2025-07-01T05:50:38.855+0000] {processor.py:208} INFO - Processing /home/airflow/.local/lib/python3.12/site-packages/airflow/example_dags/tutorial.py took 0.082 seconds
[2025-07-01T05:51:09.736+0000] {processor.py:186} INFO - Started process (PID=30259) to work on /home/airflow/.local/lib/python3.12/site-packages/airflow/example_dags/tutorial.py
[2025-07-01T05:51:09.737+0000] {processor.py:914} INFO - Processing file /home/airflow/.local/lib/python3.12/site-packages/airflow/example_dags/tutorial.py for tasks to queue
[2025-07-01T05:51:09.741+0000] {logging_mixin.py:190} INFO - [2025-07-01T05:51:09.740+0000] {dagbag.py:588} INFO - Filling up the DagBag from /home/airflow/.local/lib/python3.12/site-packages/airflow/example_dags/tutorial.py
[2025-07-01T05:51:09.748+0000] {processor.py:925} INFO - DAG(s) 'tutorial' retrieved from /home/airflow/.local/lib/python3.12/site-packages/airflow/example_dags/tutorial.py
[2025-07-01T05:51:09.769+0000] {logging_mixin.py:190} INFO - [2025-07-01T05:51:09.769+0000] {dag.py:3239} INFO - Sync 1 DAGs
[2025-07-01T05:51:09.791+0000] {logging_mixin.py:190} INFO - [2025-07-01T05:51:09.790+0000] {dag.py:4180} INFO - Setting next_dagrun for tutorial to 2025-06-30 00:00:00+00:00, run_after=2025-07-01 00:00:00+00:00
[2025-07-01T05:51:09.809+0000] {processor.py:208} INFO - Processing /home/airflow/.local/lib/python3.12/site-packages/airflow/example_dags/tutorial.py took 0.079 seconds
[2025-07-01T05:51:40.996+0000] {processor.py:186} INFO - Started process (PID=30321) to work on /home/airflow/.local/lib/python3.12/site-packages/airflow/example_dags/tutorial.py
[2025-07-01T05:51:40.997+0000] {processor.py:914} INFO - Processing file /home/airflow/.local/lib/python3.12/site-packages/airflow/example_dags/tutorial.py for tasks to queue
[2025-07-01T05:51:41.000+0000] {logging_mixin.py:190} INFO - [2025-07-01T05:51:41.000+0000] {dagbag.py:588} INFO - Filling up the DagBag from /home/airflow/.local/lib/python3.12/site-packages/airflow/example_dags/tutorial.py
[2025-07-01T05:51:41.009+0000] {processor.py:925} INFO - DAG(s) 'tutorial' retrieved from /home/airflow/.local/lib/python3.12/site-packages/airflow/example_dags/tutorial.py
[2025-07-01T05:51:41.030+0000] {logging_mixin.py:190} INFO - [2025-07-01T05:51:41.030+0000] {dag.py:3239} INFO - Sync 1 DAGs
[2025-07-01T05:51:41.053+0000] {logging_mixin.py:190} INFO - [2025-07-01T05:51:41.053+0000] {dag.py:4180} INFO - Setting next_dagrun for tutorial to 2025-06-30 00:00:00+00:00, run_after=2025-07-01 00:00:00+00:00
[2025-07-01T05:51:41.072+0000] {processor.py:208} INFO - Processing /home/airflow/.local/lib/python3.12/site-packages/airflow/example_dags/tutorial.py took 0.082 seconds
[2025-07-01T05:52:12.253+0000] {processor.py:186} INFO - Started process (PID=30384) to work on /home/airflow/.local/lib/python3.12/site-packages/airflow/example_dags/tutorial.py
[2025-07-01T05:52:12.255+0000] {processor.py:914} INFO - Processing file /home/airflow/.local/lib/python3.12/site-packages/airflow/example_dags/tutorial.py for tasks to queue
[2025-07-01T05:52:12.258+0000] {logging_mixin.py:190} INFO - [2025-07-01T05:52:12.257+0000] {dagbag.py:588} INFO - Filling up the DagBag from /home/airflow/.local/lib/python3.12/site-packages/airflow/example_dags/tutorial.py
[2025-07-01T05:52:12.266+0000] {processor.py:925} INFO - DAG(s) 'tutorial' retrieved from /home/airflow/.local/lib/python3.12/site-packages/airflow/example_dags/tutorial.py
[2025-07-01T05:52:12.285+0000] {logging_mixin.py:190} INFO - [2025-07-01T05:52:12.284+0000] {dag.py:3239} INFO - Sync 1 DAGs
[2025-07-01T05:52:12.307+0000] {logging_mixin.py:190} INFO - [2025-07-01T05:52:12.307+0000] {dag.py:4180} INFO - Setting next_dagrun for tutorial to 2025-06-30 00:00:00+00:00, run_after=2025-07-01 00:00:00+00:00
[2025-07-01T05:52:12.324+0000] {processor.py:208} INFO - Processing /home/airflow/.local/lib/python3.12/site-packages/airflow/example_dags/tutorial.py took 0.078 seconds
[2025-07-01T05:52:43.397+0000] {processor.py:186} INFO - Started process (PID=30446) to work on /home/airflow/.local/lib/python3.12/site-packages/airflow/example_dags/tutorial.py
[2025-07-01T05:52:43.398+0000] {processor.py:914} INFO - Processing file /home/airflow/.local/lib/python3.12/site-packages/airflow/example_dags/tutorial.py for tasks to queue
[2025-07-01T05:52:43.400+0000] {logging_mixin.py:190} INFO - [2025-07-01T05:52:43.400+0000] {dagbag.py:588} INFO - Filling up the DagBag from /home/airflow/.local/lib/python3.12/site-packages/airflow/example_dags/tutorial.py
[2025-07-01T05:52:43.409+0000] {processor.py:925} INFO - DAG(s) 'tutorial' retrieved from /home/airflow/.local/lib/python3.12/site-packages/airflow/example_dags/tutorial.py
[2025-07-01T05:52:43.429+0000] {logging_mixin.py:190} INFO - [2025-07-01T05:52:43.428+0000] {dag.py:3239} INFO - Sync 1 DAGs
[2025-07-01T05:52:43.450+0000] {logging_mixin.py:190} INFO - [2025-07-01T05:52:43.450+0000] {dag.py:4180} INFO - Setting next_dagrun for tutorial to 2025-06-30 00:00:00+00:00, run_after=2025-07-01 00:00:00+00:00
[2025-07-01T05:52:43.467+0000] {processor.py:208} INFO - Processing /home/airflow/.local/lib/python3.12/site-packages/airflow/example_dags/tutorial.py took 0.076 seconds
[2025-07-01T05:53:14.298+0000] {processor.py:186} INFO - Started process (PID=30508) to work on /home/airflow/.local/lib/python3.12/site-packages/airflow/example_dags/tutorial.py
[2025-07-01T05:53:14.299+0000] {processor.py:914} INFO - Processing file /home/airflow/.local/lib/python3.12/site-packages/airflow/example_dags/tutorial.py for tasks to queue
[2025-07-01T05:53:14.303+0000] {logging_mixin.py:190} INFO - [2025-07-01T05:53:14.302+0000] {dagbag.py:588} INFO - Filling up the DagBag from /home/airflow/.local/lib/python3.12/site-packages/airflow/example_dags/tutorial.py
[2025-07-01T05:53:14.314+0000] {processor.py:925} INFO - DAG(s) 'tutorial' retrieved from /home/airflow/.local/lib/python3.12/site-packages/airflow/example_dags/tutorial.py
[2025-07-01T05:53:14.334+0000] {logging_mixin.py:190} INFO - [2025-07-01T05:53:14.334+0000] {dag.py:3239} INFO - Sync 1 DAGs
[2025-07-01T05:53:14.360+0000] {logging_mixin.py:190} INFO - [2025-07-01T05:53:14.359+0000] {dag.py:4180} INFO - Setting next_dagrun for tutorial to 2025-06-30 00:00:00+00:00, run_after=2025-07-01 00:00:00+00:00
[2025-07-01T05:53:14.378+0000] {processor.py:208} INFO - Processing /home/airflow/.local/lib/python3.12/site-packages/airflow/example_dags/tutorial.py took 0.087 seconds
[2025-07-01T05:53:45.558+0000] {processor.py:186} INFO - Started process (PID=30574) to work on /home/airflow/.local/lib/python3.12/site-packages/airflow/example_dags/tutorial.py
[2025-07-01T05:53:45.559+0000] {processor.py:914} INFO - Processing file /home/airflow/.local/lib/python3.12/site-packages/airflow/example_dags/tutorial.py for tasks to queue
[2025-07-01T05:53:45.562+0000] {logging_mixin.py:190} INFO - [2025-07-01T05:53:45.562+0000] {dagbag.py:588} INFO - Filling up the DagBag from /home/airflow/.local/lib/python3.12/site-packages/airflow/example_dags/tutorial.py
[2025-07-01T05:53:45.571+0000] {processor.py:925} INFO - DAG(s) 'tutorial' retrieved from /home/airflow/.local/lib/python3.12/site-packages/airflow/example_dags/tutorial.py
[2025-07-01T05:53:45.591+0000] {logging_mixin.py:190} INFO - [2025-07-01T05:53:45.590+0000] {dag.py:3239} INFO - Sync 1 DAGs
[2025-07-01T05:53:45.614+0000] {logging_mixin.py:190} INFO - [2025-07-01T05:53:45.613+0000] {dag.py:4180} INFO - Setting next_dagrun for tutorial to 2025-06-30 00:00:00+00:00, run_after=2025-07-01 00:00:00+00:00
[2025-07-01T05:53:45.631+0000] {processor.py:208} INFO - Processing /home/airflow/.local/lib/python3.12/site-packages/airflow/example_dags/tutorial.py took 0.079 seconds
[2025-07-01T05:54:16.404+0000] {processor.py:186} INFO - Started process (PID=30636) to work on /home/airflow/.local/lib/python3.12/site-packages/airflow/example_dags/tutorial.py
[2025-07-01T05:54:16.406+0000] {processor.py:914} INFO - Processing file /home/airflow/.local/lib/python3.12/site-packages/airflow/example_dags/tutorial.py for tasks to queue
[2025-07-01T05:54:16.408+0000] {logging_mixin.py:190} INFO - [2025-07-01T05:54:16.408+0000] {dagbag.py:588} INFO - Filling up the DagBag from /home/airflow/.local/lib/python3.12/site-packages/airflow/example_dags/tutorial.py
[2025-07-01T05:54:16.418+0000] {processor.py:925} INFO - DAG(s) 'tutorial' retrieved from /home/airflow/.local/lib/python3.12/site-packages/airflow/example_dags/tutorial.py
[2025-07-01T05:54:16.437+0000] {logging_mixin.py:190} INFO - [2025-07-01T05:54:16.437+0000] {dag.py:3239} INFO - Sync 1 DAGs
[2025-07-01T05:54:16.459+0000] {logging_mixin.py:190} INFO - [2025-07-01T05:54:16.459+0000] {dag.py:4180} INFO - Setting next_dagrun for tutorial to 2025-06-30 00:00:00+00:00, run_after=2025-07-01 00:00:00+00:00
[2025-07-01T05:54:16.476+0000] {processor.py:208} INFO - Processing /home/airflow/.local/lib/python3.12/site-packages/airflow/example_dags/tutorial.py took 0.078 seconds
[2025-07-01T05:54:47.313+0000] {processor.py:186} INFO - Started process (PID=30702) to work on /home/airflow/.local/lib/python3.12/site-packages/airflow/example_dags/tutorial.py
[2025-07-01T05:54:47.314+0000] {processor.py:914} INFO - Processing file /home/airflow/.local/lib/python3.12/site-packages/airflow/example_dags/tutorial.py for tasks to queue
[2025-07-01T05:54:47.317+0000] {logging_mixin.py:190} INFO - [2025-07-01T05:54:47.317+0000] {dagbag.py:588} INFO - Filling up the DagBag from /home/airflow/.local/lib/python3.12/site-packages/airflow/example_dags/tutorial.py
[2025-07-01T05:54:47.325+0000] {processor.py:925} INFO - DAG(s) 'tutorial' retrieved from /home/airflow/.local/lib/python3.12/site-packages/airflow/example_dags/tutorial.py
[2025-07-01T05:54:47.344+0000] {logging_mixin.py:190} INFO - [2025-07-01T05:54:47.344+0000] {dag.py:3239} INFO - Sync 1 DAGs
[2025-07-01T05:54:47.366+0000] {logging_mixin.py:190} INFO - [2025-07-01T05:54:47.366+0000] {dag.py:4180} INFO - Setting next_dagrun for tutorial to 2025-06-30 00:00:00+00:00, run_after=2025-07-01 00:00:00+00:00
[2025-07-01T05:54:47.384+0000] {processor.py:208} INFO - Processing /home/airflow/.local/lib/python3.12/site-packages/airflow/example_dags/tutorial.py took 0.077 seconds
[2025-07-01T05:55:17.962+0000] {processor.py:186} INFO - Started process (PID=30764) to work on /home/airflow/.local/lib/python3.12/site-packages/airflow/example_dags/tutorial.py
[2025-07-01T05:55:17.963+0000] {processor.py:914} INFO - Processing file /home/airflow/.local/lib/python3.12/site-packages/airflow/example_dags/tutorial.py for tasks to queue
[2025-07-01T05:55:17.966+0000] {logging_mixin.py:190} INFO - [2025-07-01T05:55:17.966+0000] {dagbag.py:588} INFO - Filling up the DagBag from /home/airflow/.local/lib/python3.12/site-packages/airflow/example_dags/tutorial.py
[2025-07-01T05:55:17.974+0000] {processor.py:925} INFO - DAG(s) 'tutorial' retrieved from /home/airflow/.local/lib/python3.12/site-packages/airflow/example_dags/tutorial.py
[2025-07-01T05:55:17.995+0000] {logging_mixin.py:190} INFO - [2025-07-01T05:55:17.995+0000] {dag.py:3239} INFO - Sync 1 DAGs
[2025-07-01T05:55:18.019+0000] {logging_mixin.py:190} INFO - [2025-07-01T05:55:18.019+0000] {dag.py:4180} INFO - Setting next_dagrun for tutorial to 2025-06-30 00:00:00+00:00, run_after=2025-07-01 00:00:00+00:00
[2025-07-01T05:55:18.037+0000] {processor.py:208} INFO - Processing /home/airflow/.local/lib/python3.12/site-packages/airflow/example_dags/tutorial.py took 0.081 seconds
[2025-07-01T05:55:48.605+0000] {processor.py:186} INFO - Started process (PID=30828) to work on /home/airflow/.local/lib/python3.12/site-packages/airflow/example_dags/tutorial.py
[2025-07-01T05:55:48.606+0000] {processor.py:914} INFO - Processing file /home/airflow/.local/lib/python3.12/site-packages/airflow/example_dags/tutorial.py for tasks to queue
[2025-07-01T05:55:48.608+0000] {logging_mixin.py:190} INFO - [2025-07-01T05:55:48.608+0000] {dagbag.py:588} INFO - Filling up the DagBag from /home/airflow/.local/lib/python3.12/site-packages/airflow/example_dags/tutorial.py
[2025-07-01T05:55:48.616+0000] {processor.py:925} INFO - DAG(s) 'tutorial' retrieved from /home/airflow/.local/lib/python3.12/site-packages/airflow/example_dags/tutorial.py
[2025-07-01T05:55:48.635+0000] {logging_mixin.py:190} INFO - [2025-07-01T05:55:48.635+0000] {dag.py:3239} INFO - Sync 1 DAGs
[2025-07-01T05:55:48.657+0000] {logging_mixin.py:190} INFO - [2025-07-01T05:55:48.657+0000] {dag.py:4180} INFO - Setting next_dagrun for tutorial to 2025-06-30 00:00:00+00:00, run_after=2025-07-01 00:00:00+00:00
[2025-07-01T05:55:48.674+0000] {processor.py:208} INFO - Processing /home/airflow/.local/lib/python3.12/site-packages/airflow/example_dags/tutorial.py took 0.075 seconds
[2025-07-01T05:56:19.178+0000] {processor.py:186} INFO - Started process (PID=30890) to work on /home/airflow/.local/lib/python3.12/site-packages/airflow/example_dags/tutorial.py
[2025-07-01T05:56:19.179+0000] {processor.py:914} INFO - Processing file /home/airflow/.local/lib/python3.12/site-packages/airflow/example_dags/tutorial.py for tasks to queue
[2025-07-01T05:56:19.182+0000] {logging_mixin.py:190} INFO - [2025-07-01T05:56:19.182+0000] {dagbag.py:588} INFO - Filling up the DagBag from /home/airflow/.local/lib/python3.12/site-packages/airflow/example_dags/tutorial.py
[2025-07-01T05:56:19.190+0000] {processor.py:925} INFO - DAG(s) 'tutorial' retrieved from /home/airflow/.local/lib/python3.12/site-packages/airflow/example_dags/tutorial.py
[2025-07-01T05:56:19.210+0000] {logging_mixin.py:190} INFO - [2025-07-01T05:56:19.209+0000] {dag.py:3239} INFO - Sync 1 DAGs
[2025-07-01T05:56:19.235+0000] {logging_mixin.py:190} INFO - [2025-07-01T05:56:19.235+0000] {dag.py:4180} INFO - Setting next_dagrun for tutorial to 2025-06-30 00:00:00+00:00, run_after=2025-07-01 00:00:00+00:00
[2025-07-01T05:56:19.256+0000] {processor.py:208} INFO - Processing /home/airflow/.local/lib/python3.12/site-packages/airflow/example_dags/tutorial.py took 0.084 seconds
[2025-07-01T05:56:50.714+0000] {processor.py:186} INFO - Started process (PID=30956) to work on /home/airflow/.local/lib/python3.12/site-packages/airflow/example_dags/tutorial.py
[2025-07-01T05:56:50.715+0000] {processor.py:914} INFO - Processing file /home/airflow/.local/lib/python3.12/site-packages/airflow/example_dags/tutorial.py for tasks to queue
[2025-07-01T05:56:50.717+0000] {logging_mixin.py:190} INFO - [2025-07-01T05:56:50.717+0000] {dagbag.py:588} INFO - Filling up the DagBag from /home/airflow/.local/lib/python3.12/site-packages/airflow/example_dags/tutorial.py
[2025-07-01T05:56:50.725+0000] {processor.py:925} INFO - DAG(s) 'tutorial' retrieved from /home/airflow/.local/lib/python3.12/site-packages/airflow/example_dags/tutorial.py
[2025-07-01T05:56:50.745+0000] {logging_mixin.py:190} INFO - [2025-07-01T05:56:50.744+0000] {dag.py:3239} INFO - Sync 1 DAGs
[2025-07-01T05:56:50.765+0000] {logging_mixin.py:190} INFO - [2025-07-01T05:56:50.765+0000] {dag.py:4180} INFO - Setting next_dagrun for tutorial to 2025-06-30 00:00:00+00:00, run_after=2025-07-01 00:00:00+00:00
[2025-07-01T05:56:50.781+0000] {processor.py:208} INFO - Processing /home/airflow/.local/lib/python3.12/site-packages/airflow/example_dags/tutorial.py took 0.073 seconds
[2025-07-01T05:57:21.741+0000] {processor.py:186} INFO - Started process (PID=31018) to work on /home/airflow/.local/lib/python3.12/site-packages/airflow/example_dags/tutorial.py
[2025-07-01T05:57:21.742+0000] {processor.py:914} INFO - Processing file /home/airflow/.local/lib/python3.12/site-packages/airflow/example_dags/tutorial.py for tasks to queue
[2025-07-01T05:57:21.745+0000] {logging_mixin.py:190} INFO - [2025-07-01T05:57:21.744+0000] {dagbag.py:588} INFO - Filling up the DagBag from /home/airflow/.local/lib/python3.12/site-packages/airflow/example_dags/tutorial.py
[2025-07-01T05:57:21.753+0000] {processor.py:925} INFO - DAG(s) 'tutorial' retrieved from /home/airflow/.local/lib/python3.12/site-packages/airflow/example_dags/tutorial.py
[2025-07-01T05:57:21.773+0000] {logging_mixin.py:190} INFO - [2025-07-01T05:57:21.773+0000] {dag.py:3239} INFO - Sync 1 DAGs
[2025-07-01T05:57:21.794+0000] {logging_mixin.py:190} INFO - [2025-07-01T05:57:21.794+0000] {dag.py:4180} INFO - Setting next_dagrun for tutorial to 2025-06-30 00:00:00+00:00, run_after=2025-07-01 00:00:00+00:00
[2025-07-01T05:57:21.809+0000] {processor.py:208} INFO - Processing /home/airflow/.local/lib/python3.12/site-packages/airflow/example_dags/tutorial.py took 0.074 seconds
[2025-07-01T05:57:52.108+0000] {processor.py:186} INFO - Started process (PID=31080) to work on /home/airflow/.local/lib/python3.12/site-packages/airflow/example_dags/tutorial.py
[2025-07-01T05:57:52.109+0000] {processor.py:914} INFO - Processing file /home/airflow/.local/lib/python3.12/site-packages/airflow/example_dags/tutorial.py for tasks to queue
[2025-07-01T05:57:52.112+0000] {logging_mixin.py:190} INFO - [2025-07-01T05:57:52.112+0000] {dagbag.py:588} INFO - Filling up the DagBag from /home/airflow/.local/lib/python3.12/site-packages/airflow/example_dags/tutorial.py
[2025-07-01T05:57:52.134+0000] {processor.py:925} INFO - DAG(s) 'tutorial' retrieved from /home/airflow/.local/lib/python3.12/site-packages/airflow/example_dags/tutorial.py
[2025-07-01T05:57:52.157+0000] {logging_mixin.py:190} INFO - [2025-07-01T05:57:52.157+0000] {dag.py:3239} INFO - Sync 1 DAGs
[2025-07-01T05:57:52.179+0000] {logging_mixin.py:190} INFO - [2025-07-01T05:57:52.179+0000] {dag.py:4180} INFO - Setting next_dagrun for tutorial to 2025-06-30 00:00:00+00:00, run_after=2025-07-01 00:00:00+00:00
[2025-07-01T05:57:52.194+0000] {processor.py:208} INFO - Processing /home/airflow/.local/lib/python3.12/site-packages/airflow/example_dags/tutorial.py took 0.093 seconds
[2025-07-01T05:58:22.635+0000] {processor.py:186} INFO - Started process (PID=31142) to work on /home/airflow/.local/lib/python3.12/site-packages/airflow/example_dags/tutorial.py
[2025-07-01T05:58:22.636+0000] {processor.py:914} INFO - Processing file /home/airflow/.local/lib/python3.12/site-packages/airflow/example_dags/tutorial.py for tasks to queue
[2025-07-01T05:58:22.639+0000] {logging_mixin.py:190} INFO - [2025-07-01T05:58:22.638+0000] {dagbag.py:588} INFO - Filling up the DagBag from /home/airflow/.local/lib/python3.12/site-packages/airflow/example_dags/tutorial.py
[2025-07-01T05:58:22.646+0000] {processor.py:925} INFO - DAG(s) 'tutorial' retrieved from /home/airflow/.local/lib/python3.12/site-packages/airflow/example_dags/tutorial.py
[2025-07-01T05:58:22.665+0000] {logging_mixin.py:190} INFO - [2025-07-01T05:58:22.665+0000] {dag.py:3239} INFO - Sync 1 DAGs
[2025-07-01T05:58:22.686+0000] {logging_mixin.py:190} INFO - [2025-07-01T05:58:22.686+0000] {dag.py:4180} INFO - Setting next_dagrun for tutorial to 2025-06-30 00:00:00+00:00, run_after=2025-07-01 00:00:00+00:00
[2025-07-01T05:58:22.703+0000] {processor.py:208} INFO - Processing /home/airflow/.local/lib/python3.12/site-packages/airflow/example_dags/tutorial.py took 0.074 seconds
[2025-07-01T05:58:53.331+0000] {processor.py:186} INFO - Started process (PID=31204) to work on /home/airflow/.local/lib/python3.12/site-packages/airflow/example_dags/tutorial.py
[2025-07-01T05:58:53.332+0000] {processor.py:914} INFO - Processing file /home/airflow/.local/lib/python3.12/site-packages/airflow/example_dags/tutorial.py for tasks to queue
[2025-07-01T05:58:53.334+0000] {logging_mixin.py:190} INFO - [2025-07-01T05:58:53.334+0000] {dagbag.py:588} INFO - Filling up the DagBag from /home/airflow/.local/lib/python3.12/site-packages/airflow/example_dags/tutorial.py
[2025-07-01T05:58:53.342+0000] {processor.py:925} INFO - DAG(s) 'tutorial' retrieved from /home/airflow/.local/lib/python3.12/site-packages/airflow/example_dags/tutorial.py
[2025-07-01T05:58:53.361+0000] {logging_mixin.py:190} INFO - [2025-07-01T05:58:53.361+0000] {dag.py:3239} INFO - Sync 1 DAGs
[2025-07-01T05:58:53.382+0000] {logging_mixin.py:190} INFO - [2025-07-01T05:58:53.382+0000] {dag.py:4180} INFO - Setting next_dagrun for tutorial to 2025-06-30 00:00:00+00:00, run_after=2025-07-01 00:00:00+00:00
[2025-07-01T05:58:53.398+0000] {processor.py:208} INFO - Processing /home/airflow/.local/lib/python3.12/site-packages/airflow/example_dags/tutorial.py took 0.073 seconds
[2025-07-01T05:59:23.648+0000] {processor.py:186} INFO - Started process (PID=31266) to work on /home/airflow/.local/lib/python3.12/site-packages/airflow/example_dags/tutorial.py
[2025-07-01T05:59:23.649+0000] {processor.py:914} INFO - Processing file /home/airflow/.local/lib/python3.12/site-packages/airflow/example_dags/tutorial.py for tasks to queue
[2025-07-01T05:59:23.652+0000] {logging_mixin.py:190} INFO - [2025-07-01T05:59:23.652+0000] {dagbag.py:588} INFO - Filling up the DagBag from /home/airflow/.local/lib/python3.12/site-packages/airflow/example_dags/tutorial.py
[2025-07-01T05:59:23.659+0000] {processor.py:925} INFO - DAG(s) 'tutorial' retrieved from /home/airflow/.local/lib/python3.12/site-packages/airflow/example_dags/tutorial.py
[2025-07-01T05:59:23.679+0000] {logging_mixin.py:190} INFO - [2025-07-01T05:59:23.679+0000] {dag.py:3239} INFO - Sync 1 DAGs
[2025-07-01T05:59:23.699+0000] {logging_mixin.py:190} INFO - [2025-07-01T05:59:23.699+0000] {dag.py:4180} INFO - Setting next_dagrun for tutorial to 2025-06-30 00:00:00+00:00, run_after=2025-07-01 00:00:00+00:00
[2025-07-01T05:59:23.715+0000] {processor.py:208} INFO - Processing /home/airflow/.local/lib/python3.12/site-packages/airflow/example_dags/tutorial.py took 0.073 seconds
[2025-07-01T05:59:54.334+0000] {processor.py:186} INFO - Started process (PID=31328) to work on /home/airflow/.local/lib/python3.12/site-packages/airflow/example_dags/tutorial.py
[2025-07-01T05:59:54.335+0000] {processor.py:914} INFO - Processing file /home/airflow/.local/lib/python3.12/site-packages/airflow/example_dags/tutorial.py for tasks to queue
[2025-07-01T05:59:54.338+0000] {logging_mixin.py:190} INFO - [2025-07-01T05:59:54.337+0000] {dagbag.py:588} INFO - Filling up the DagBag from /home/airflow/.local/lib/python3.12/site-packages/airflow/example_dags/tutorial.py
[2025-07-01T05:59:54.346+0000] {processor.py:925} INFO - DAG(s) 'tutorial' retrieved from /home/airflow/.local/lib/python3.12/site-packages/airflow/example_dags/tutorial.py
[2025-07-01T05:59:54.365+0000] {logging_mixin.py:190} INFO - [2025-07-01T05:59:54.365+0000] {dag.py:3239} INFO - Sync 1 DAGs
[2025-07-01T05:59:54.385+0000] {logging_mixin.py:190} INFO - [2025-07-01T05:59:54.385+0000] {dag.py:4180} INFO - Setting next_dagrun for tutorial to 2025-06-30 00:00:00+00:00, run_after=2025-07-01 00:00:00+00:00
[2025-07-01T05:59:54.401+0000] {processor.py:208} INFO - Processing /home/airflow/.local/lib/python3.12/site-packages/airflow/example_dags/tutorial.py took 0.073 seconds
[2025-07-01T06:00:24.618+0000] {processor.py:186} INFO - Started process (PID=31390) to work on /home/airflow/.local/lib/python3.12/site-packages/airflow/example_dags/tutorial.py
[2025-07-01T06:00:24.619+0000] {processor.py:914} INFO - Processing file /home/airflow/.local/lib/python3.12/site-packages/airflow/example_dags/tutorial.py for tasks to queue
[2025-07-01T06:00:24.621+0000] {logging_mixin.py:190} INFO - [2025-07-01T06:00:24.621+0000] {dagbag.py:588} INFO - Filling up the DagBag from /home/airflow/.local/lib/python3.12/site-packages/airflow/example_dags/tutorial.py
[2025-07-01T06:00:24.629+0000] {processor.py:925} INFO - DAG(s) 'tutorial' retrieved from /home/airflow/.local/lib/python3.12/site-packages/airflow/example_dags/tutorial.py
[2025-07-01T06:00:24.649+0000] {logging_mixin.py:190} INFO - [2025-07-01T06:00:24.648+0000] {dag.py:3239} INFO - Sync 1 DAGs
[2025-07-01T06:00:24.669+0000] {logging_mixin.py:190} INFO - [2025-07-01T06:00:24.669+0000] {dag.py:4180} INFO - Setting next_dagrun for tutorial to 2025-06-30 00:00:00+00:00, run_after=2025-07-01 00:00:00+00:00
[2025-07-01T06:00:24.686+0000] {processor.py:208} INFO - Processing /home/airflow/.local/lib/python3.12/site-packages/airflow/example_dags/tutorial.py took 0.074 seconds
[2025-07-01T06:00:54.917+0000] {processor.py:186} INFO - Started process (PID=31452) to work on /home/airflow/.local/lib/python3.12/site-packages/airflow/example_dags/tutorial.py
[2025-07-01T06:00:54.918+0000] {processor.py:914} INFO - Processing file /home/airflow/.local/lib/python3.12/site-packages/airflow/example_dags/tutorial.py for tasks to queue
[2025-07-01T06:00:54.920+0000] {logging_mixin.py:190} INFO - [2025-07-01T06:00:54.920+0000] {dagbag.py:588} INFO - Filling up the DagBag from /home/airflow/.local/lib/python3.12/site-packages/airflow/example_dags/tutorial.py
[2025-07-01T06:00:54.928+0000] {processor.py:925} INFO - DAG(s) 'tutorial' retrieved from /home/airflow/.local/lib/python3.12/site-packages/airflow/example_dags/tutorial.py
[2025-07-01T06:00:54.949+0000] {logging_mixin.py:190} INFO - [2025-07-01T06:00:54.948+0000] {dag.py:3239} INFO - Sync 1 DAGs
[2025-07-01T06:00:54.972+0000] {logging_mixin.py:190} INFO - [2025-07-01T06:00:54.972+0000] {dag.py:4180} INFO - Setting next_dagrun for tutorial to 2025-06-30 00:00:00+00:00, run_after=2025-07-01 00:00:00+00:00
[2025-07-01T06:00:54.990+0000] {processor.py:208} INFO - Processing /home/airflow/.local/lib/python3.12/site-packages/airflow/example_dags/tutorial.py took 0.079 seconds
[2025-07-01T06:01:25.205+0000] {processor.py:186} INFO - Started process (PID=31514) to work on /home/airflow/.local/lib/python3.12/site-packages/airflow/example_dags/tutorial.py
[2025-07-01T06:01:25.206+0000] {processor.py:914} INFO - Processing file /home/airflow/.local/lib/python3.12/site-packages/airflow/example_dags/tutorial.py for tasks to queue
[2025-07-01T06:01:25.208+0000] {logging_mixin.py:190} INFO - [2025-07-01T06:01:25.208+0000] {dagbag.py:588} INFO - Filling up the DagBag from /home/airflow/.local/lib/python3.12/site-packages/airflow/example_dags/tutorial.py
[2025-07-01T06:01:25.216+0000] {processor.py:925} INFO - DAG(s) 'tutorial' retrieved from /home/airflow/.local/lib/python3.12/site-packages/airflow/example_dags/tutorial.py
[2025-07-01T06:01:25.237+0000] {logging_mixin.py:190} INFO - [2025-07-01T06:01:25.236+0000] {dag.py:3239} INFO - Sync 1 DAGs
[2025-07-01T06:01:25.257+0000] {logging_mixin.py:190} INFO - [2025-07-01T06:01:25.257+0000] {dag.py:4180} INFO - Setting next_dagrun for tutorial to 2025-06-30 00:00:00+00:00, run_after=2025-07-01 00:00:00+00:00
[2025-07-01T06:01:25.272+0000] {processor.py:208} INFO - Processing /home/airflow/.local/lib/python3.12/site-packages/airflow/example_dags/tutorial.py took 0.074 seconds
[2025-07-01T06:01:55.470+0000] {processor.py:186} INFO - Started process (PID=31576) to work on /home/airflow/.local/lib/python3.12/site-packages/airflow/example_dags/tutorial.py
[2025-07-01T06:01:55.472+0000] {processor.py:914} INFO - Processing file /home/airflow/.local/lib/python3.12/site-packages/airflow/example_dags/tutorial.py for tasks to queue
[2025-07-01T06:01:55.475+0000] {logging_mixin.py:190} INFO - [2025-07-01T06:01:55.475+0000] {dagbag.py:588} INFO - Filling up the DagBag from /home/airflow/.local/lib/python3.12/site-packages/airflow/example_dags/tutorial.py
[2025-07-01T06:01:55.485+0000] {processor.py:925} INFO - DAG(s) 'tutorial' retrieved from /home/airflow/.local/lib/python3.12/site-packages/airflow/example_dags/tutorial.py
[2025-07-01T06:01:55.505+0000] {logging_mixin.py:190} INFO - [2025-07-01T06:01:55.505+0000] {dag.py:3239} INFO - Sync 1 DAGs
[2025-07-01T06:01:55.526+0000] {logging_mixin.py:190} INFO - [2025-07-01T06:01:55.526+0000] {dag.py:4180} INFO - Setting next_dagrun for tutorial to 2025-06-30 00:00:00+00:00, run_after=2025-07-01 00:00:00+00:00
[2025-07-01T06:01:55.544+0000] {processor.py:208} INFO - Processing /home/airflow/.local/lib/python3.12/site-packages/airflow/example_dags/tutorial.py took 0.080 seconds
[2025-07-01T06:02:26.233+0000] {processor.py:186} INFO - Started process (PID=31638) to work on /home/airflow/.local/lib/python3.12/site-packages/airflow/example_dags/tutorial.py
[2025-07-01T06:02:26.234+0000] {processor.py:914} INFO - Processing file /home/airflow/.local/lib/python3.12/site-packages/airflow/example_dags/tutorial.py for tasks to queue
[2025-07-01T06:02:26.237+0000] {logging_mixin.py:190} INFO - [2025-07-01T06:02:26.237+0000] {dagbag.py:588} INFO - Filling up the DagBag from /home/airflow/.local/lib/python3.12/site-packages/airflow/example_dags/tutorial.py
[2025-07-01T06:02:26.245+0000] {processor.py:925} INFO - DAG(s) 'tutorial' retrieved from /home/airflow/.local/lib/python3.12/site-packages/airflow/example_dags/tutorial.py
[2025-07-01T06:02:26.263+0000] {logging_mixin.py:190} INFO - [2025-07-01T06:02:26.263+0000] {dag.py:3239} INFO - Sync 1 DAGs
[2025-07-01T06:02:26.288+0000] {logging_mixin.py:190} INFO - [2025-07-01T06:02:26.288+0000] {dag.py:4180} INFO - Setting next_dagrun for tutorial to 2025-06-30 00:00:00+00:00, run_after=2025-07-01 00:00:00+00:00
[2025-07-01T06:02:26.309+0000] {processor.py:208} INFO - Processing /home/airflow/.local/lib/python3.12/site-packages/airflow/example_dags/tutorial.py took 0.082 seconds
[2025-07-01T06:02:56.981+0000] {processor.py:186} INFO - Started process (PID=31700) to work on /home/airflow/.local/lib/python3.12/site-packages/airflow/example_dags/tutorial.py
[2025-07-01T06:02:56.982+0000] {processor.py:914} INFO - Processing file /home/airflow/.local/lib/python3.12/site-packages/airflow/example_dags/tutorial.py for tasks to queue
[2025-07-01T06:02:56.985+0000] {logging_mixin.py:190} INFO - [2025-07-01T06:02:56.984+0000] {dagbag.py:588} INFO - Filling up the DagBag from /home/airflow/.local/lib/python3.12/site-packages/airflow/example_dags/tutorial.py
[2025-07-01T06:02:56.992+0000] {processor.py:925} INFO - DAG(s) 'tutorial' retrieved from /home/airflow/.local/lib/python3.12/site-packages/airflow/example_dags/tutorial.py
[2025-07-01T06:02:57.011+0000] {logging_mixin.py:190} INFO - [2025-07-01T06:02:57.011+0000] {dag.py:3239} INFO - Sync 1 DAGs
[2025-07-01T06:02:57.032+0000] {logging_mixin.py:190} INFO - [2025-07-01T06:02:57.032+0000] {dag.py:4180} INFO - Setting next_dagrun for tutorial to 2025-06-30 00:00:00+00:00, run_after=2025-07-01 00:00:00+00:00
[2025-07-01T06:02:57.048+0000] {processor.py:208} INFO - Processing /home/airflow/.local/lib/python3.12/site-packages/airflow/example_dags/tutorial.py took 0.074 seconds
[2025-07-01T06:03:27.359+0000] {processor.py:186} INFO - Started process (PID=31762) to work on /home/airflow/.local/lib/python3.12/site-packages/airflow/example_dags/tutorial.py
[2025-07-01T06:03:27.360+0000] {processor.py:914} INFO - Processing file /home/airflow/.local/lib/python3.12/site-packages/airflow/example_dags/tutorial.py for tasks to queue
[2025-07-01T06:03:27.363+0000] {logging_mixin.py:190} INFO - [2025-07-01T06:03:27.363+0000] {dagbag.py:588} INFO - Filling up the DagBag from /home/airflow/.local/lib/python3.12/site-packages/airflow/example_dags/tutorial.py
[2025-07-01T06:03:27.372+0000] {processor.py:925} INFO - DAG(s) 'tutorial' retrieved from /home/airflow/.local/lib/python3.12/site-packages/airflow/example_dags/tutorial.py
[2025-07-01T06:03:27.391+0000] {logging_mixin.py:190} INFO - [2025-07-01T06:03:27.391+0000] {dag.py:3239} INFO - Sync 1 DAGs
[2025-07-01T06:03:27.413+0000] {logging_mixin.py:190} INFO - [2025-07-01T06:03:27.413+0000] {dag.py:4180} INFO - Setting next_dagrun for tutorial to 2025-06-30 00:00:00+00:00, run_after=2025-07-01 00:00:00+00:00
[2025-07-01T06:03:27.429+0000] {processor.py:208} INFO - Processing /home/airflow/.local/lib/python3.12/site-packages/airflow/example_dags/tutorial.py took 0.076 seconds
[2025-07-01T06:03:57.917+0000] {processor.py:186} INFO - Started process (PID=31825) to work on /home/airflow/.local/lib/python3.12/site-packages/airflow/example_dags/tutorial.py
[2025-07-01T06:03:57.918+0000] {processor.py:914} INFO - Processing file /home/airflow/.local/lib/python3.12/site-packages/airflow/example_dags/tutorial.py for tasks to queue
[2025-07-01T06:03:57.921+0000] {logging_mixin.py:190} INFO - [2025-07-01T06:03:57.921+0000] {dagbag.py:588} INFO - Filling up the DagBag from /home/airflow/.local/lib/python3.12/site-packages/airflow/example_dags/tutorial.py
[2025-07-01T06:03:57.931+0000] {processor.py:925} INFO - DAG(s) 'tutorial' retrieved from /home/airflow/.local/lib/python3.12/site-packages/airflow/example_dags/tutorial.py
[2025-07-01T06:03:57.953+0000] {logging_mixin.py:190} INFO - [2025-07-01T06:03:57.953+0000] {dag.py:3239} INFO - Sync 1 DAGs
[2025-07-01T06:03:57.976+0000] {logging_mixin.py:190} INFO - [2025-07-01T06:03:57.976+0000] {dag.py:4180} INFO - Setting next_dagrun for tutorial to 2025-06-30 00:00:00+00:00, run_after=2025-07-01 00:00:00+00:00
[2025-07-01T06:03:57.995+0000] {processor.py:208} INFO - Processing /home/airflow/.local/lib/python3.12/site-packages/airflow/example_dags/tutorial.py took 0.085 seconds
[2025-07-01T06:04:28.988+0000] {processor.py:186} INFO - Started process (PID=31887) to work on /home/airflow/.local/lib/python3.12/site-packages/airflow/example_dags/tutorial.py
[2025-07-01T06:04:28.990+0000] {processor.py:914} INFO - Processing file /home/airflow/.local/lib/python3.12/site-packages/airflow/example_dags/tutorial.py for tasks to queue
[2025-07-01T06:04:28.992+0000] {logging_mixin.py:190} INFO - [2025-07-01T06:04:28.992+0000] {dagbag.py:588} INFO - Filling up the DagBag from /home/airflow/.local/lib/python3.12/site-packages/airflow/example_dags/tutorial.py
[2025-07-01T06:04:29.000+0000] {processor.py:925} INFO - DAG(s) 'tutorial' retrieved from /home/airflow/.local/lib/python3.12/site-packages/airflow/example_dags/tutorial.py
[2025-07-01T06:04:29.018+0000] {logging_mixin.py:190} INFO - [2025-07-01T06:04:29.018+0000] {dag.py:3239} INFO - Sync 1 DAGs
[2025-07-01T06:04:29.040+0000] {logging_mixin.py:190} INFO - [2025-07-01T06:04:29.040+0000] {dag.py:4180} INFO - Setting next_dagrun for tutorial to 2025-06-30 00:00:00+00:00, run_after=2025-07-01 00:00:00+00:00
[2025-07-01T06:04:29.059+0000] {processor.py:208} INFO - Processing /home/airflow/.local/lib/python3.12/site-packages/airflow/example_dags/tutorial.py took 0.076 seconds
[2025-07-01T06:04:59.778+0000] {processor.py:186} INFO - Started process (PID=31949) to work on /home/airflow/.local/lib/python3.12/site-packages/airflow/example_dags/tutorial.py
[2025-07-01T06:04:59.779+0000] {processor.py:914} INFO - Processing file /home/airflow/.local/lib/python3.12/site-packages/airflow/example_dags/tutorial.py for tasks to queue
[2025-07-01T06:04:59.783+0000] {logging_mixin.py:190} INFO - [2025-07-01T06:04:59.782+0000] {dagbag.py:588} INFO - Filling up the DagBag from /home/airflow/.local/lib/python3.12/site-packages/airflow/example_dags/tutorial.py
[2025-07-01T06:04:59.792+0000] {processor.py:925} INFO - DAG(s) 'tutorial' retrieved from /home/airflow/.local/lib/python3.12/site-packages/airflow/example_dags/tutorial.py
[2025-07-01T06:04:59.813+0000] {logging_mixin.py:190} INFO - [2025-07-01T06:04:59.813+0000] {dag.py:3239} INFO - Sync 1 DAGs
[2025-07-01T06:04:59.836+0000] {logging_mixin.py:190} INFO - [2025-07-01T06:04:59.836+0000] {dag.py:4180} INFO - Setting next_dagrun for tutorial to 2025-06-30 00:00:00+00:00, run_after=2025-07-01 00:00:00+00:00
[2025-07-01T06:04:59.851+0000] {processor.py:208} INFO - Processing /home/airflow/.local/lib/python3.12/site-packages/airflow/example_dags/tutorial.py took 0.079 seconds
[2025-07-01T06:05:30.773+0000] {processor.py:186} INFO - Started process (PID=32011) to work on /home/airflow/.local/lib/python3.12/site-packages/airflow/example_dags/tutorial.py
[2025-07-01T06:05:30.774+0000] {processor.py:914} INFO - Processing file /home/airflow/.local/lib/python3.12/site-packages/airflow/example_dags/tutorial.py for tasks to queue
[2025-07-01T06:05:30.777+0000] {logging_mixin.py:190} INFO - [2025-07-01T06:05:30.777+0000] {dagbag.py:588} INFO - Filling up the DagBag from /home/airflow/.local/lib/python3.12/site-packages/airflow/example_dags/tutorial.py
[2025-07-01T06:05:30.786+0000] {processor.py:925} INFO - DAG(s) 'tutorial' retrieved from /home/airflow/.local/lib/python3.12/site-packages/airflow/example_dags/tutorial.py
[2025-07-01T06:05:30.805+0000] {logging_mixin.py:190} INFO - [2025-07-01T06:05:30.805+0000] {dag.py:3239} INFO - Sync 1 DAGs
[2025-07-01T06:05:30.826+0000] {logging_mixin.py:190} INFO - [2025-07-01T06:05:30.826+0000] {dag.py:4180} INFO - Setting next_dagrun for tutorial to 2025-06-30 00:00:00+00:00, run_after=2025-07-01 00:00:00+00:00
[2025-07-01T06:05:30.842+0000] {processor.py:208} INFO - Processing /home/airflow/.local/lib/python3.12/site-packages/airflow/example_dags/tutorial.py took 0.075 seconds
[2025-07-01T06:06:01.195+0000] {processor.py:186} INFO - Started process (PID=32073) to work on /home/airflow/.local/lib/python3.12/site-packages/airflow/example_dags/tutorial.py
[2025-07-01T06:06:01.196+0000] {processor.py:914} INFO - Processing file /home/airflow/.local/lib/python3.12/site-packages/airflow/example_dags/tutorial.py for tasks to queue
[2025-07-01T06:06:01.199+0000] {logging_mixin.py:190} INFO - [2025-07-01T06:06:01.198+0000] {dagbag.py:588} INFO - Filling up the DagBag from /home/airflow/.local/lib/python3.12/site-packages/airflow/example_dags/tutorial.py
[2025-07-01T06:06:01.206+0000] {processor.py:925} INFO - DAG(s) 'tutorial' retrieved from /home/airflow/.local/lib/python3.12/site-packages/airflow/example_dags/tutorial.py
[2025-07-01T06:06:01.224+0000] {logging_mixin.py:190} INFO - [2025-07-01T06:06:01.224+0000] {dag.py:3239} INFO - Sync 1 DAGs
[2025-07-01T06:06:01.248+0000] {logging_mixin.py:190} INFO - [2025-07-01T06:06:01.248+0000] {dag.py:4180} INFO - Setting next_dagrun for tutorial to 2025-06-30 00:00:00+00:00, run_after=2025-07-01 00:00:00+00:00
[2025-07-01T06:06:01.267+0000] {processor.py:208} INFO - Processing /home/airflow/.local/lib/python3.12/site-packages/airflow/example_dags/tutorial.py took 0.079 seconds
[2025-07-01T06:06:31.740+0000] {processor.py:186} INFO - Started process (PID=32135) to work on /home/airflow/.local/lib/python3.12/site-packages/airflow/example_dags/tutorial.py
[2025-07-01T06:06:31.741+0000] {processor.py:914} INFO - Processing file /home/airflow/.local/lib/python3.12/site-packages/airflow/example_dags/tutorial.py for tasks to queue
[2025-07-01T06:06:31.744+0000] {logging_mixin.py:190} INFO - [2025-07-01T06:06:31.744+0000] {dagbag.py:588} INFO - Filling up the DagBag from /home/airflow/.local/lib/python3.12/site-packages/airflow/example_dags/tutorial.py
[2025-07-01T06:06:31.753+0000] {processor.py:925} INFO - DAG(s) 'tutorial' retrieved from /home/airflow/.local/lib/python3.12/site-packages/airflow/example_dags/tutorial.py
[2025-07-01T06:06:31.773+0000] {logging_mixin.py:190} INFO - [2025-07-01T06:06:31.772+0000] {dag.py:3239} INFO - Sync 1 DAGs
[2025-07-01T06:06:31.796+0000] {logging_mixin.py:190} INFO - [2025-07-01T06:06:31.795+0000] {dag.py:4180} INFO - Setting next_dagrun for tutorial to 2025-06-30 00:00:00+00:00, run_after=2025-07-01 00:00:00+00:00
[2025-07-01T06:06:31.820+0000] {processor.py:208} INFO - Processing /home/airflow/.local/lib/python3.12/site-packages/airflow/example_dags/tutorial.py took 0.086 seconds
[2025-07-01T06:07:02.832+0000] {processor.py:186} INFO - Started process (PID=32197) to work on /home/airflow/.local/lib/python3.12/site-packages/airflow/example_dags/tutorial.py
[2025-07-01T06:07:02.834+0000] {processor.py:914} INFO - Processing file /home/airflow/.local/lib/python3.12/site-packages/airflow/example_dags/tutorial.py for tasks to queue
[2025-07-01T06:07:02.836+0000] {logging_mixin.py:190} INFO - [2025-07-01T06:07:02.836+0000] {dagbag.py:588} INFO - Filling up the DagBag from /home/airflow/.local/lib/python3.12/site-packages/airflow/example_dags/tutorial.py
[2025-07-01T06:07:02.844+0000] {processor.py:925} INFO - DAG(s) 'tutorial' retrieved from /home/airflow/.local/lib/python3.12/site-packages/airflow/example_dags/tutorial.py
[2025-07-01T06:07:02.864+0000] {logging_mixin.py:190} INFO - [2025-07-01T06:07:02.863+0000] {dag.py:3239} INFO - Sync 1 DAGs
[2025-07-01T06:07:02.886+0000] {logging_mixin.py:190} INFO - [2025-07-01T06:07:02.886+0000] {dag.py:4180} INFO - Setting next_dagrun for tutorial to 2025-06-30 00:00:00+00:00, run_after=2025-07-01 00:00:00+00:00
[2025-07-01T06:07:02.901+0000] {processor.py:208} INFO - Processing /home/airflow/.local/lib/python3.12/site-packages/airflow/example_dags/tutorial.py took 0.075 seconds
[2025-07-01T06:07:33.714+0000] {processor.py:186} INFO - Started process (PID=32259) to work on /home/airflow/.local/lib/python3.12/site-packages/airflow/example_dags/tutorial.py
[2025-07-01T06:07:33.715+0000] {processor.py:914} INFO - Processing file /home/airflow/.local/lib/python3.12/site-packages/airflow/example_dags/tutorial.py for tasks to queue
[2025-07-01T06:07:33.718+0000] {logging_mixin.py:190} INFO - [2025-07-01T06:07:33.717+0000] {dagbag.py:588} INFO - Filling up the DagBag from /home/airflow/.local/lib/python3.12/site-packages/airflow/example_dags/tutorial.py
[2025-07-01T06:07:33.726+0000] {processor.py:925} INFO - DAG(s) 'tutorial' retrieved from /home/airflow/.local/lib/python3.12/site-packages/airflow/example_dags/tutorial.py
[2025-07-01T06:07:33.745+0000] {logging_mixin.py:190} INFO - [2025-07-01T06:07:33.745+0000] {dag.py:3239} INFO - Sync 1 DAGs
[2025-07-01T06:07:33.767+0000] {logging_mixin.py:190} INFO - [2025-07-01T06:07:33.766+0000] {dag.py:4180} INFO - Setting next_dagrun for tutorial to 2025-06-30 00:00:00+00:00, run_after=2025-07-01 00:00:00+00:00
[2025-07-01T06:07:33.783+0000] {processor.py:208} INFO - Processing /home/airflow/.local/lib/python3.12/site-packages/airflow/example_dags/tutorial.py took 0.075 seconds
[2025-07-01T06:08:04.757+0000] {processor.py:186} INFO - Started process (PID=32321) to work on /home/airflow/.local/lib/python3.12/site-packages/airflow/example_dags/tutorial.py
[2025-07-01T06:08:04.758+0000] {processor.py:914} INFO - Processing file /home/airflow/.local/lib/python3.12/site-packages/airflow/example_dags/tutorial.py for tasks to queue
[2025-07-01T06:08:04.760+0000] {logging_mixin.py:190} INFO - [2025-07-01T06:08:04.760+0000] {dagbag.py:588} INFO - Filling up the DagBag from /home/airflow/.local/lib/python3.12/site-packages/airflow/example_dags/tutorial.py
[2025-07-01T06:08:04.768+0000] {processor.py:925} INFO - DAG(s) 'tutorial' retrieved from /home/airflow/.local/lib/python3.12/site-packages/airflow/example_dags/tutorial.py
[2025-07-01T06:08:04.788+0000] {logging_mixin.py:190} INFO - [2025-07-01T06:08:04.787+0000] {dag.py:3239} INFO - Sync 1 DAGs
[2025-07-01T06:08:04.808+0000] {logging_mixin.py:190} INFO - [2025-07-01T06:08:04.808+0000] {dag.py:4180} INFO - Setting next_dagrun for tutorial to 2025-06-30 00:00:00+00:00, run_after=2025-07-01 00:00:00+00:00
[2025-07-01T06:08:04.826+0000] {processor.py:208} INFO - Processing /home/airflow/.local/lib/python3.12/site-packages/airflow/example_dags/tutorial.py took 0.075 seconds
[2025-07-01T06:08:35.419+0000] {processor.py:186} INFO - Started process (PID=32384) to work on /home/airflow/.local/lib/python3.12/site-packages/airflow/example_dags/tutorial.py
[2025-07-01T06:08:35.420+0000] {processor.py:914} INFO - Processing file /home/airflow/.local/lib/python3.12/site-packages/airflow/example_dags/tutorial.py for tasks to queue
[2025-07-01T06:08:35.423+0000] {logging_mixin.py:190} INFO - [2025-07-01T06:08:35.423+0000] {dagbag.py:588} INFO - Filling up the DagBag from /home/airflow/.local/lib/python3.12/site-packages/airflow/example_dags/tutorial.py
[2025-07-01T06:08:35.430+0000] {processor.py:925} INFO - DAG(s) 'tutorial' retrieved from /home/airflow/.local/lib/python3.12/site-packages/airflow/example_dags/tutorial.py
[2025-07-01T06:08:35.450+0000] {logging_mixin.py:190} INFO - [2025-07-01T06:08:35.450+0000] {dag.py:3239} INFO - Sync 1 DAGs
[2025-07-01T06:08:35.471+0000] {logging_mixin.py:190} INFO - [2025-07-01T06:08:35.471+0000] {dag.py:4180} INFO - Setting next_dagrun for tutorial to 2025-06-30 00:00:00+00:00, run_after=2025-07-01 00:00:00+00:00
[2025-07-01T06:08:35.489+0000] {processor.py:208} INFO - Processing /home/airflow/.local/lib/python3.12/site-packages/airflow/example_dags/tutorial.py took 0.075 seconds
[2025-07-01T06:09:06.060+0000] {processor.py:186} INFO - Started process (PID=32446) to work on /home/airflow/.local/lib/python3.12/site-packages/airflow/example_dags/tutorial.py
[2025-07-01T06:09:06.061+0000] {processor.py:914} INFO - Processing file /home/airflow/.local/lib/python3.12/site-packages/airflow/example_dags/tutorial.py for tasks to queue
[2025-07-01T06:09:06.065+0000] {logging_mixin.py:190} INFO - [2025-07-01T06:09:06.065+0000] {dagbag.py:588} INFO - Filling up the DagBag from /home/airflow/.local/lib/python3.12/site-packages/airflow/example_dags/tutorial.py
[2025-07-01T06:09:06.075+0000] {processor.py:925} INFO - DAG(s) 'tutorial' retrieved from /home/airflow/.local/lib/python3.12/site-packages/airflow/example_dags/tutorial.py
[2025-07-01T06:09:06.099+0000] {logging_mixin.py:190} INFO - [2025-07-01T06:09:06.099+0000] {dag.py:3239} INFO - Sync 1 DAGs
[2025-07-01T06:09:06.126+0000] {logging_mixin.py:190} INFO - [2025-07-01T06:09:06.125+0000] {dag.py:4180} INFO - Setting next_dagrun for tutorial to 2025-06-30 00:00:00+00:00, run_after=2025-07-01 00:00:00+00:00
[2025-07-01T06:09:06.146+0000] {processor.py:208} INFO - Processing /home/airflow/.local/lib/python3.12/site-packages/airflow/example_dags/tutorial.py took 0.094 seconds
[2025-07-01T06:09:36.658+0000] {processor.py:186} INFO - Started process (PID=32508) to work on /home/airflow/.local/lib/python3.12/site-packages/airflow/example_dags/tutorial.py
[2025-07-01T06:09:36.659+0000] {processor.py:914} INFO - Processing file /home/airflow/.local/lib/python3.12/site-packages/airflow/example_dags/tutorial.py for tasks to queue
[2025-07-01T06:09:36.662+0000] {logging_mixin.py:190} INFO - [2025-07-01T06:09:36.662+0000] {dagbag.py:588} INFO - Filling up the DagBag from /home/airflow/.local/lib/python3.12/site-packages/airflow/example_dags/tutorial.py
[2025-07-01T06:09:36.671+0000] {processor.py:925} INFO - DAG(s) 'tutorial' retrieved from /home/airflow/.local/lib/python3.12/site-packages/airflow/example_dags/tutorial.py
[2025-07-01T06:09:36.691+0000] {logging_mixin.py:190} INFO - [2025-07-01T06:09:36.691+0000] {dag.py:3239} INFO - Sync 1 DAGs
[2025-07-01T06:09:36.713+0000] {logging_mixin.py:190} INFO - [2025-07-01T06:09:36.713+0000] {dag.py:4180} INFO - Setting next_dagrun for tutorial to 2025-06-30 00:00:00+00:00, run_after=2025-07-01 00:00:00+00:00
[2025-07-01T06:09:36.730+0000] {processor.py:208} INFO - Processing /home/airflow/.local/lib/python3.12/site-packages/airflow/example_dags/tutorial.py took 0.079 seconds
[2025-07-01T06:10:07.906+0000] {processor.py:186} INFO - Started process (PID=32576) to work on /home/airflow/.local/lib/python3.12/site-packages/airflow/example_dags/tutorial.py
[2025-07-01T06:10:07.908+0000] {processor.py:914} INFO - Processing file /home/airflow/.local/lib/python3.12/site-packages/airflow/example_dags/tutorial.py for tasks to queue
[2025-07-01T06:10:07.911+0000] {logging_mixin.py:190} INFO - [2025-07-01T06:10:07.911+0000] {dagbag.py:588} INFO - Filling up the DagBag from /home/airflow/.local/lib/python3.12/site-packages/airflow/example_dags/tutorial.py
[2025-07-01T06:10:07.924+0000] {processor.py:925} INFO - DAG(s) 'tutorial' retrieved from /home/airflow/.local/lib/python3.12/site-packages/airflow/example_dags/tutorial.py
[2025-07-01T06:10:07.961+0000] {logging_mixin.py:190} INFO - [2025-07-01T06:10:07.961+0000] {dag.py:3239} INFO - Sync 1 DAGs
[2025-07-01T06:10:08.006+0000] {logging_mixin.py:190} INFO - [2025-07-01T06:10:08.006+0000] {dag.py:4180} INFO - Setting next_dagrun for tutorial to 2025-06-30 00:00:00+00:00, run_after=2025-07-01 00:00:00+00:00
[2025-07-01T06:10:08.044+0000] {processor.py:208} INFO - Processing /home/airflow/.local/lib/python3.12/site-packages/airflow/example_dags/tutorial.py took 0.150 seconds
[2025-07-01T12:18:43.364+0000] {processor.py:186} INFO - Started process (PID=106) to work on /home/airflow/.local/lib/python3.12/site-packages/airflow/example_dags/tutorial.py
[2025-07-01T12:18:43.366+0000] {processor.py:914} INFO - Processing file /home/airflow/.local/lib/python3.12/site-packages/airflow/example_dags/tutorial.py for tasks to queue
[2025-07-01T12:18:43.369+0000] {logging_mixin.py:190} INFO - [2025-07-01T12:18:43.369+0000] {dagbag.py:588} INFO - Filling up the DagBag from /home/airflow/.local/lib/python3.12/site-packages/airflow/example_dags/tutorial.py
[2025-07-01T12:18:43.380+0000] {processor.py:925} INFO - DAG(s) 'tutorial' retrieved from /home/airflow/.local/lib/python3.12/site-packages/airflow/example_dags/tutorial.py
[2025-07-01T12:18:43.423+0000] {logging_mixin.py:190} INFO - [2025-07-01T12:18:43.422+0000] {dag.py:3239} INFO - Sync 1 DAGs
[2025-07-01T12:18:43.452+0000] {logging_mixin.py:190} INFO - [2025-07-01T12:18:43.452+0000] {dag.py:4180} INFO - Setting next_dagrun for tutorial to 2025-06-30 00:00:00+00:00, run_after=2025-07-01 00:00:00+00:00
[2025-07-01T12:18:43.479+0000] {processor.py:208} INFO - Processing /home/airflow/.local/lib/python3.12/site-packages/airflow/example_dags/tutorial.py took 0.121 seconds
